sinif,split,orijinal_yol,yeni_yol,dosya_adi
Real,train,/content/drive/MyDrive/AISC DeepFake Çalışmaları/FaceForensics_Projesi/real_frames/train/477/frame_000005.jpg,/content/drive/MyDrive/AISC DeepFake Çalışmaları/Deney 1 Frame/Real/train/real_train_00000.jpg,real_train_00000.jpg
Real,train,/content/drive/MyDrive/AISC DeepFake Çalışmaları/FaceForensics_Projesi/real_frames/train/471/frame_000000.jpg,/content/drive/MyDrive/AISC DeepFake Çalışmaları/Deney 1 Frame/Real/train/real_train_00001.jpg,real_train_00001.jpg
Real,train,/content/drive/MyDrive/AISC DeepFake Çalışmaları/FaceForensics_Projesi/real_frames/train/751/frame_000014.jpg,/content/drive/MyDrive/AISC DeepFake Çalışmaları/Deney 1 Frame/Real/train/real_train_00002.jpg,real_train_00002.jpg
Real,train,/content/drive/MyDrive/AISC DeepFake Çalışmaları/FaceForensics_Projesi/real_frames/train/648/frame_000021.jpg,/content/drive/MyDrive/AISC DeepFake Çalışmaları/Deney 1 Frame/Real/train/real_train_00003.jpg,real_train_00003.jpg
Real,train,/content/drive/MyDrive/AISC DeepFake Çalışmaları/FaceForensics_Projesi/real_frames/train/413/frame_000004.jpg,/content/drive/MyDrive/AISC DeepFake Çalışmaları/Deney 1 Frame/Real/train/real_train_00004.jpg,real_train_00004.jpg
Real,train,/content/drive/MyDrive/AISC DeepFake Çalışmaları/FaceForensics_Projesi/real_frames/train/620/frame_000013.jpg,/content/drive/MyDrive/AISC DeepFake Çalışmaları/Deney 1 Frame/Real/train/real_train_00005.jpg,real_train_00005.jpg
Real,train,/content/drive/MyDrive/AISC DeepFake Çalışmaları/FaceForensics_Projesi/real_frames/train/691/frame_000023.jpg,/content/drive/MyDrive/AISC DeepFake Çalışmaları/Deney 1 Frame/Real/train/real_train_00006.jpg,real_train_00006.jpg
Real,train,/content/drive/MyDrive/AISC DeepFake Çalışmaları/FaceForensics_Projesi/real_frames/train/744/frame_000013.jpg,/content/drive/MyDrive/AISC DeepFake Çalışmaları/Deney 1 Frame/Real/train/real_train_00007.jpg,real_train_00007.jpg
Real,train,/content/drive/MyDrive/AISC DeepFake Çalışmaları/FaceForensics_Projesi/real_frames/train/607/frame_000014.jpg,/content/drive/MyDrive/AISC DeepFake Çalışmaları/Deney 1 Frame/Real/train/real_train_00008.jpg,real_train_00008.jpg
Real,train,/content/drive/MyDrive/AISC DeepFake Çalışmaları/FaceForensics_Projesi/real_frames/train/277/frame_000044.jpg,/content/drive/MyDrive/AISC DeepFake Çalışmaları/Deney 1 Frame/Real/train/real_train_00009.jpg,real_train_00009.jpg
Real,train,/content/drive/MyDrive/AISC DeepFake Çalışmaları/FaceForensics_Projesi/real_frames/train/886/frame_000019.jpg,/content/drive/MyDrive/AISC DeepFake Çalışmaları/Deney 1 Frame/Real/train/real_train_00010.jpg,real_train_00010.jpg
Real,train,/content/drive/MyDrive/AISC DeepFake Çalışmaları/FaceForensics_Projesi/real_frames/train/289/frame_000028.jpg,/content/drive/MyDrive/AISC DeepFake Çalışmaları/Deney 1 Frame/Real/train/real_train_00011.jpg,real_train_00011.jpg
Real,train,/content/drive/MyDrive/AISC DeepFake Çalışmaları/FaceForensics_Projesi/real_frames/train/178/frame_000019.jpg,/content/drive/MyDrive/AISC DeepFake Çalışmaları/Deney 1 Frame/Real/train/real_train_00012.jpg,real_train_00012.jpg
Real,train,/content/drive/MyDrive/AISC DeepFake Çalışmaları/FaceForensics_Projesi/real_frames/train/893/frame_000018.jpg,/content/drive/MyDrive/AISC DeepFake Çalışmaları/Deney 1 Frame/Real/train/real_train_00013.jpg,real_train_00013.jpg
Real,train,/content/drive/MyDrive/AISC DeepFake Çalışmaları/FaceForensics_Projesi/real_frames/train/569/frame_000006.jpg,/content/drive/MyDrive/AISC DeepFake Çalışmaları/Deney 1 Frame/Real/train/real_train_00014.jpg,real_train_00014.jpg
Real,train,/content/drive/MyDrive/AISC DeepFake Çalışmaları/FaceForensics_Projesi/real_frames/train/442/frame_000010.jpg,/content/drive/MyDrive/AISC DeepFake Çalışmaları/Deney 1 Frame/Real/train/real_train_00015.jpg,real_train_00015.jpg
Real,train,/content/drive/MyDrive/AISC DeepFake Çalışmaları/FaceForensics_Projesi/real_frames/train/075/frame_000028.jpg,/content/drive/MyDrive/AISC DeepFake Çalışmaları/Deney 1 Frame/Real/train/real_train_00016.jpg,real_train_00016.jpg
Real,train,/content/drive/MyDrive/AISC DeepFake Çalışmaları/FaceForensics_Projesi/real_frames/train/533/frame_000019.jpg,/content/drive/MyDrive/AISC DeepFake Çalışmaları/Deney 1 Frame/Real/train/real_train_00017.jpg,real_train_00017.jpg
Real,train,/content/drive/MyDrive/AISC DeepFake Çalışmaları/FaceForensics_Projesi/real_frames/train/365/frame_000003.jpg,/content/drive/MyDrive/AISC DeepFake Çalışmaları/Deney 1 Frame/Real/train/real_train_00018.jpg,real_train_00018.jpg
Real,train,/content/drive/MyDrive/AISC DeepFake Çalışmaları/FaceForensics_Projesi/real_frames/train/871/frame_000004.jpg,/content/drive/MyDrive/AISC DeepFake Çalışmaları/Deney 1 Frame/Real/train/real_train_00019.jpg,real_train_00019.jpg
Real,train,/content/drive/MyDrive/AISC DeepFake Çalışmaları/FaceForensics_Projesi/real_frames/train/910/frame_000004.jpg,/content/drive/MyDrive/AISC DeepFake Çalışmaları/Deney 1 Frame/Real/train/real_train_00020.jpg,real_train_00020.jpg
Real,train,/content/drive/MyDrive/AISC DeepFake Çalışmaları/FaceForensics_Projesi/real_frames/train/760/frame_000005.jpg,/content/drive/MyDrive/AISC DeepFake Çalışmaları/Deney 1 Frame/Real/train/real_train_00021.jpg,real_train_00021.jpg
Real,train,/content/drive/MyDrive/AISC DeepFake Çalışmaları/FaceForensics_Projesi/real_frames/train/121/frame_000025.jpg,/content/drive/MyDrive/AISC DeepFake Çalışmaları/Deney 1 Frame/Real/train/real_train_00022.jpg,real_train_00022.jpg
Real,train,/content/drive/MyDrive/AISC DeepFake Çalışmaları/FaceForensics_Projesi/real_frames/train/201/frame_000044.jpg,/content/drive/MyDrive/AISC DeepFake Çalışmaları/Deney 1 Frame/Real/train/real_train_00023.jpg,real_train_00023.jpg
Real,train,/content/drive/MyDrive/AISC DeepFake Çalışmaları/FaceForensics_Projesi/real_frames/train/614/frame_000019.jpg,/content/drive/MyDrive/AISC DeepFake Çalışmaları/Deney 1 Frame/Real/train/real_train_00024.jpg,real_train_00024.jpg
Real,train,/content/drive/MyDrive/AISC DeepFake Çalışmaları/FaceForensics_Projesi/real_frames/train/392/frame_000051.jpg,/content/drive/MyDrive/AISC DeepFake Çalışmaları/Deney 1 Frame/Real/train/real_train_00025.jpg,real_train_00025.jpg
Real,train,/content/drive/MyDrive/AISC DeepFake Çalışmaları/FaceForensics_Projesi/real_frames/train/268/frame_000032.jpg,/content/drive/MyDrive/AISC DeepFake Çalışmaları/Deney 1 Frame/Real/train/real_train_00026.jpg,real_train_00026.jpg
Real,train,/content/drive/MyDrive/AISC DeepFake Çalışmaları/FaceForensics_Projesi/real_frames/train/325/frame_000038.jpg,/content/drive/MyDrive/AISC DeepFake Çalışmaları/Deney 1 Frame/Real/train/real_train_00027.jpg,real_train_00027.jpg
Real,train,/content/drive/MyDrive/AISC DeepFake Çalışmaları/FaceForensics_Projesi/real_frames/train/463/frame_000017.jpg,/content/drive/MyDrive/AISC DeepFake Çalışmaları/Deney 1 Frame/Real/train/real_train_00028.jpg,real_train_00028.jpg
Real,train,/content/drive/MyDrive/AISC DeepFake Çalışmaları/FaceForensics_Projesi/real_frames/train/318/frame_000027.jpg,/content/drive/MyDrive/AISC DeepFake Çalışmaları/Deney 1 Frame/Real/train/real_train_00029.jpg,real_train_00029.jpg
Real,train,/content/drive/MyDrive/AISC DeepFake Çalışmaları/FaceForensics_Projesi/real_frames/train/183/frame_000006.jpg,/content/drive/MyDrive/AISC DeepFake Çalışmaları/Deney 1 Frame/Real/train/real_train_00030.jpg,real_train_00030.jpg
Real,train,/content/drive/MyDrive/AISC DeepFake Çalışmaları/FaceForensics_Projesi/real_frames/train/012/frame_000013.jpg,/content/drive/MyDrive/AISC DeepFake Çalışmaları/Deney 1 Frame/Real/train/real_train_00031.jpg,real_train_00031.jpg
Real,train,/content/drive/MyDrive/AISC DeepFake Çalışmaları/FaceForensics_Projesi/real_frames/train/927/frame_000026.jpg,/content/drive/MyDrive/AISC DeepFake Çalışmaları/Deney 1 Frame/Real/train/real_train_00032.jpg,real_train_00032.jpg
Real,train,/content/drive/MyDrive/AISC DeepFake Çalışmaları/FaceForensics_Projesi/real_frames/train/132/frame_000009.jpg,/content/drive/MyDrive/AISC DeepFake Çalışmaları/Deney 1 Frame/Real/train/real_train_00033.jpg,real_train_00033.jpg
Real,train,/content/drive/MyDrive/AISC DeepFake Çalışmaları/FaceForensics_Projesi/real_frames/train/128/frame_000014.jpg,/content/drive/MyDrive/AISC DeepFake Çalışmaları/Deney 1 Frame/Real/train/real_train_00034.jpg,real_train_00034.jpg
Real,train,/content/drive/MyDrive/AISC DeepFake Çalışmaları/FaceForensics_Projesi/real_frames/train/609/frame_000011.jpg,/content/drive/MyDrive/AISC DeepFake Çalışmaları/Deney 1 Frame/Real/train/real_train_00035.jpg,real_train_00035.jpg
Real,train,/content/drive/MyDrive/AISC DeepFake Çalışmaları/FaceForensics_Projesi/real_frames/train/430/frame_000010.jpg,/content/drive/MyDrive/AISC DeepFake Çalışmaları/Deney 1 Frame/Real/train/real_train_00036.jpg,real_train_00036.jpg
Real,train,/content/drive/MyDrive/AISC DeepFake Çalışmaları/FaceForensics_Projesi/real_frames/train/795/frame_000026.jpg,/content/drive/MyDrive/AISC DeepFake Çalışmaları/Deney 1 Frame/Real/train/real_train_00037.jpg,real_train_00037.jpg
Real,train,/content/drive/MyDrive/AISC DeepFake Çalışmaları/FaceForensics_Projesi/real_frames/train/648/frame_000003.jpg,/content/drive/MyDrive/AISC DeepFake Çalışmaları/Deney 1 Frame/Real/train/real_train_00038.jpg,real_train_00038.jpg
Real,train,/content/drive/MyDrive/AISC DeepFake Çalışmaları/FaceForensics_Projesi/real_frames/train/286/frame_000003.jpg,/content/drive/MyDrive/AISC DeepFake Çalışmaları/Deney 1 Frame/Real/train/real_train_00039.jpg,real_train_00039.jpg
Real,train,/content/drive/MyDrive/AISC DeepFake Çalışmaları/FaceForensics_Projesi/real_frames/train/579/frame_000009.jpg,/content/drive/MyDrive/AISC DeepFake Çalışmaları/Deney 1 Frame/Real/train/real_train_00040.jpg,real_train_00040.jpg
Real,train,/content/drive/MyDrive/AISC DeepFake Çalışmaları/FaceForensics_Projesi/real_frames/train/309/frame_000023.jpg,/content/drive/MyDrive/AISC DeepFake Çalışmaları/Deney 1 Frame/Real/train/real_train_00041.jpg,real_train_00041.jpg
Real,train,/content/drive/MyDrive/AISC DeepFake Çalışmaları/FaceForensics_Projesi/real_frames/train/125/frame_000020.jpg,/content/drive/MyDrive/AISC DeepFake Çalışmaları/Deney 1 Frame/Real/train/real_train_00042.jpg,real_train_00042.jpg
Real,train,/content/drive/MyDrive/AISC DeepFake Çalışmaları/FaceForensics_Projesi/real_frames/train/391/frame_000002.jpg,/content/drive/MyDrive/AISC DeepFake Çalışmaları/Deney 1 Frame/Real/train/real_train_00043.jpg,real_train_00043.jpg
Real,train,/content/drive/MyDrive/AISC DeepFake Çalışmaları/FaceForensics_Projesi/real_frames/train/236/frame_000004.jpg,/content/drive/MyDrive/AISC DeepFake Çalışmaları/Deney 1 Frame/Real/train/real_train_00044.jpg,real_train_00044.jpg
Real,train,/content/drive/MyDrive/AISC DeepFake Çalışmaları/FaceForensics_Projesi/real_frames/train/091/frame_000006.jpg,/content/drive/MyDrive/AISC DeepFake Çalışmaları/Deney 1 Frame/Real/train/real_train_00045.jpg,real_train_00045.jpg
Real,train,/content/drive/MyDrive/AISC DeepFake Çalışmaları/FaceForensics_Projesi/real_frames/train/493/frame_000004.jpg,/content/drive/MyDrive/AISC DeepFake Çalışmaları/Deney 1 Frame/Real/train/real_train_00046.jpg,real_train_00046.jpg
Real,train,/content/drive/MyDrive/AISC DeepFake Çalışmaları/FaceForensics_Projesi/real_frames/train/593/frame_000025.jpg,/content/drive/MyDrive/AISC DeepFake Çalışmaları/Deney 1 Frame/Real/train/real_train_00047.jpg,real_train_00047.jpg
Real,train,/content/drive/MyDrive/AISC DeepFake Çalışmaları/FaceForensics_Projesi/real_frames/train/752/frame_000043.jpg,/content/drive/MyDrive/AISC DeepFake Çalışmaları/Deney 1 Frame/Real/train/real_train_00048.jpg,real_train_00048.jpg
Real,train,/content/drive/MyDrive/AISC DeepFake Çalışmaları/FaceForensics_Projesi/real_frames/train/126/frame_000001.jpg,/content/drive/MyDrive/AISC DeepFake Çalışmaları/Deney 1 Frame/Real/train/real_train_00049.jpg,real_train_00049.jpg
Real,train,/content/drive/MyDrive/AISC DeepFake Çalışmaları/FaceForensics_Projesi/real_frames/train/486/frame_000029.jpg,/content/drive/MyDrive/AISC DeepFake Çalışmaları/Deney 1 Frame/Real/train/real_train_00050.jpg,real_train_00050.jpg
Real,train,/content/drive/MyDrive/AISC DeepFake Çalışmaları/FaceForensics_Projesi/real_frames/train/403/frame_000010.jpg,/content/drive/MyDrive/AISC DeepFake Çalışmaları/Deney 1 Frame/Real/train/real_train_00051.jpg,real_train_00051.jpg
Real,train,/content/drive/MyDrive/AISC DeepFake Çalışmaları/FaceForensics_Projesi/real_frames/train/943/frame_000025.jpg,/content/drive/MyDrive/AISC DeepFake Çalışmaları/Deney 1 Frame/Real/train/real_train_00052.jpg,real_train_00052.jpg
Real,train,/content/drive/MyDrive/AISC DeepFake Çalışmaları/FaceForensics_Projesi/real_frames/train/078/frame_000029.jpg,/content/drive/MyDrive/AISC DeepFake Çalışmaları/Deney 1 Frame/Real/train/real_train_00053.jpg,real_train_00053.jpg
Real,train,/content/drive/MyDrive/AISC DeepFake Çalışmaları/FaceForensics_Projesi/real_frames/train/043/frame_000001.jpg,/content/drive/MyDrive/AISC DeepFake Çalışmaları/Deney 1 Frame/Real/train/real_train_00054.jpg,real_train_00054.jpg
Real,train,/content/drive/MyDrive/AISC DeepFake Çalışmaları/FaceForensics_Projesi/real_frames/train/676/frame_000003.jpg,/content/drive/MyDrive/AISC DeepFake Çalışmaları/Deney 1 Frame/Real/train/real_train_00055.jpg,real_train_00055.jpg
Real,train,/content/drive/MyDrive/AISC DeepFake Çalışmaları/FaceForensics_Projesi/real_frames/train/596/frame_000015.jpg,/content/drive/MyDrive/AISC DeepFake Çalışmaları/Deney 1 Frame/Real/train/real_train_00056.jpg,real_train_00056.jpg
Real,train,/content/drive/MyDrive/AISC DeepFake Çalışmaları/FaceForensics_Projesi/real_frames/train/562/frame_000018.jpg,/content/drive/MyDrive/AISC DeepFake Çalışmaları/Deney 1 Frame/Real/train/real_train_00057.jpg,real_train_00057.jpg
Real,train,/content/drive/MyDrive/AISC DeepFake Çalışmaları/FaceForensics_Projesi/real_frames/train/783/frame_000001.jpg,/content/drive/MyDrive/AISC DeepFake Çalışmaları/Deney 1 Frame/Real/train/real_train_00058.jpg,real_train_00058.jpg
Real,train,/content/drive/MyDrive/AISC DeepFake Çalışmaları/FaceForensics_Projesi/real_frames/train/054/frame_000009.jpg,/content/drive/MyDrive/AISC DeepFake Çalışmaları/Deney 1 Frame/Real/train/real_train_00059.jpg,real_train_00059.jpg
Real,train,/content/drive/MyDrive/AISC DeepFake Çalışmaları/FaceForensics_Projesi/real_frames/train/989/frame_000000.jpg,/content/drive/MyDrive/AISC DeepFake Çalışmaları/Deney 1 Frame/Real/train/real_train_00060.jpg,real_train_00060.jpg
Real,train,/content/drive/MyDrive/AISC DeepFake Çalışmaları/FaceForensics_Projesi/real_frames/train/609/frame_000009.jpg,/content/drive/MyDrive/AISC DeepFake Çalışmaları/Deney 1 Frame/Real/train/real_train_00061.jpg,real_train_00061.jpg
Real,train,/content/drive/MyDrive/AISC DeepFake Çalışmaları/FaceForensics_Projesi/real_frames/train/283/frame_000023.jpg,/content/drive/MyDrive/AISC DeepFake Çalışmaları/Deney 1 Frame/Real/train/real_train_00062.jpg,real_train_00062.jpg
Real,train,/content/drive/MyDrive/AISC DeepFake Çalışmaları/FaceForensics_Projesi/real_frames/train/519/frame_000008.jpg,/content/drive/MyDrive/AISC DeepFake Çalışmaları/Deney 1 Frame/Real/train/real_train_00063.jpg,real_train_00063.jpg
Real,train,/content/drive/MyDrive/AISC DeepFake Çalışmaları/FaceForensics_Projesi/real_frames/train/261/frame_000006.jpg,/content/drive/MyDrive/AISC DeepFake Çalışmaları/Deney 1 Frame/Real/train/real_train_00064.jpg,real_train_00064.jpg
Real,train,/content/drive/MyDrive/AISC DeepFake Çalışmaları/FaceForensics_Projesi/real_frames/train/987/frame_000017.jpg,/content/drive/MyDrive/AISC DeepFake Çalışmaları/Deney 1 Frame/Real/train/real_train_00065.jpg,real_train_00065.jpg
Real,train,/content/drive/MyDrive/AISC DeepFake Çalışmaları/FaceForensics_Projesi/real_frames/train/780/frame_000020.jpg,/content/drive/MyDrive/AISC DeepFake Çalışmaları/Deney 1 Frame/Real/train/real_train_00066.jpg,real_train_00066.jpg
Real,train,/content/drive/MyDrive/AISC DeepFake Çalışmaları/FaceForensics_Projesi/real_frames/train/744/frame_000008.jpg,/content/drive/MyDrive/AISC DeepFake Çalışmaları/Deney 1 Frame/Real/train/real_train_00067.jpg,real_train_00067.jpg
Real,train,/content/drive/MyDrive/AISC DeepFake Çalışmaları/FaceForensics_Projesi/real_frames/train/995/frame_000020.jpg,/content/drive/MyDrive/AISC DeepFake Çalışmaları/Deney 1 Frame/Real/train/real_train_00068.jpg,real_train_00068.jpg
Real,train,/content/drive/MyDrive/AISC DeepFake Çalışmaları/FaceForensics_Projesi/real_frames/train/859/frame_000008.jpg,/content/drive/MyDrive/AISC DeepFake Çalışmaları/Deney 1 Frame/Real/train/real_train_00069.jpg,real_train_00069.jpg
Real,train,/content/drive/MyDrive/AISC DeepFake Çalışmaları/FaceForensics_Projesi/real_frames/train/609/frame_000022.jpg,/content/drive/MyDrive/AISC DeepFake Çalışmaları/Deney 1 Frame/Real/train/real_train_00070.jpg,real_train_00070.jpg
Real,train,/content/drive/MyDrive/AISC DeepFake Çalışmaları/FaceForensics_Projesi/real_frames/train/107/frame_000001.jpg,/content/drive/MyDrive/AISC DeepFake Çalışmaları/Deney 1 Frame/Real/train/real_train_00071.jpg,real_train_00071.jpg
Real,train,/content/drive/MyDrive/AISC DeepFake Çalışmaları/FaceForensics_Projesi/real_frames/train/012/frame_000002.jpg,/content/drive/MyDrive/AISC DeepFake Çalışmaları/Deney 1 Frame/Real/train/real_train_00072.jpg,real_train_00072.jpg
Real,train,/content/drive/MyDrive/AISC DeepFake Çalışmaları/FaceForensics_Projesi/real_frames/train/945/frame_000033.jpg,/content/drive/MyDrive/AISC DeepFake Çalışmaları/Deney 1 Frame/Real/train/real_train_00073.jpg,real_train_00073.jpg
Real,train,/content/drive/MyDrive/AISC DeepFake Çalışmaları/FaceForensics_Projesi/real_frames/train/883/frame_000024.jpg,/content/drive/MyDrive/AISC DeepFake Çalışmaları/Deney 1 Frame/Real/train/real_train_00074.jpg,real_train_00074.jpg
Real,train,/content/drive/MyDrive/AISC DeepFake Çalışmaları/FaceForensics_Projesi/real_frames/train/345/frame_000002.jpg,/content/drive/MyDrive/AISC DeepFake Çalışmaları/Deney 1 Frame/Real/train/real_train_00075.jpg,real_train_00075.jpg
Real,train,/content/drive/MyDrive/AISC DeepFake Çalışmaları/FaceForensics_Projesi/real_frames/train/590/frame_000009.jpg,/content/drive/MyDrive/AISC DeepFake Çalışmaları/Deney 1 Frame/Real/train/real_train_00076.jpg,real_train_00076.jpg
Real,train,/content/drive/MyDrive/AISC DeepFake Çalışmaları/FaceForensics_Projesi/real_frames/train/231/frame_000023.jpg,/content/drive/MyDrive/AISC DeepFake Çalışmaları/Deney 1 Frame/Real/train/real_train_00077.jpg,real_train_00077.jpg
Real,train,/content/drive/MyDrive/AISC DeepFake Çalışmaları/FaceForensics_Projesi/real_frames/train/578/frame_000017.jpg,/content/drive/MyDrive/AISC DeepFake Çalışmaları/Deney 1 Frame/Real/train/real_train_00078.jpg,real_train_00078.jpg
Real,train,/content/drive/MyDrive/AISC DeepFake Çalışmaları/FaceForensics_Projesi/real_frames/train/180/frame_000006.jpg,/content/drive/MyDrive/AISC DeepFake Çalışmaları/Deney 1 Frame/Real/train/real_train_00079.jpg,real_train_00079.jpg
Real,train,/content/drive/MyDrive/AISC DeepFake Çalışmaları/FaceForensics_Projesi/real_frames/train/708/frame_000019.jpg,/content/drive/MyDrive/AISC DeepFake Çalışmaları/Deney 1 Frame/Real/train/real_train_00080.jpg,real_train_00080.jpg
Real,train,/content/drive/MyDrive/AISC DeepFake Çalışmaları/FaceForensics_Projesi/real_frames/train/164/frame_000018.jpg,/content/drive/MyDrive/AISC DeepFake Çalışmaları/Deney 1 Frame/Real/train/real_train_00081.jpg,real_train_00081.jpg
Real,train,/content/drive/MyDrive/AISC DeepFake Çalışmaları/FaceForensics_Projesi/real_frames/train/573/frame_000013.jpg,/content/drive/MyDrive/AISC DeepFake Çalışmaları/Deney 1 Frame/Real/train/real_train_00082.jpg,real_train_00082.jpg
Real,train,/content/drive/MyDrive/AISC DeepFake Çalışmaları/FaceForensics_Projesi/real_frames/train/769/frame_000016.jpg,/content/drive/MyDrive/AISC DeepFake Çalışmaları/Deney 1 Frame/Real/train/real_train_00083.jpg,real_train_00083.jpg
Real,train,/content/drive/MyDrive/AISC DeepFake Çalışmaları/FaceForensics_Projesi/real_frames/train/326/frame_000029.jpg,/content/drive/MyDrive/AISC DeepFake Çalışmaları/Deney 1 Frame/Real/train/real_train_00084.jpg,real_train_00084.jpg
Real,train,/content/drive/MyDrive/AISC DeepFake Çalışmaları/FaceForensics_Projesi/real_frames/train/959/frame_000005.jpg,/content/drive/MyDrive/AISC DeepFake Çalışmaları/Deney 1 Frame/Real/train/real_train_00085.jpg,real_train_00085.jpg
Real,train,/content/drive/MyDrive/AISC DeepFake Çalışmaları/FaceForensics_Projesi/real_frames/train/477/frame_000012.jpg,/content/drive/MyDrive/AISC DeepFake Çalışmaları/Deney 1 Frame/Real/train/real_train_00086.jpg,real_train_00086.jpg
Real,train,/content/drive/MyDrive/AISC DeepFake Çalışmaları/FaceForensics_Projesi/real_frames/train/139/frame_000002.jpg,/content/drive/MyDrive/AISC DeepFake Çalışmaları/Deney 1 Frame/Real/train/real_train_00087.jpg,real_train_00087.jpg
Real,train,/content/drive/MyDrive/AISC DeepFake Çalışmaları/FaceForensics_Projesi/real_frames/train/625/frame_000012.jpg,/content/drive/MyDrive/AISC DeepFake Çalışmaları/Deney 1 Frame/Real/train/real_train_00088.jpg,real_train_00088.jpg
Real,train,/content/drive/MyDrive/AISC DeepFake Çalışmaları/FaceForensics_Projesi/real_frames/train/393/frame_000000.jpg,/content/drive/MyDrive/AISC DeepFake Çalışmaları/Deney 1 Frame/Real/train/real_train_00089.jpg,real_train_00089.jpg
Real,train,/content/drive/MyDrive/AISC DeepFake Çalışmaları/FaceForensics_Projesi/real_frames/train/749/frame_000009.jpg,/content/drive/MyDrive/AISC DeepFake Çalışmaları/Deney 1 Frame/Real/train/real_train_00090.jpg,real_train_00090.jpg
Real,train,/content/drive/MyDrive/AISC DeepFake Çalışmaları/FaceForensics_Projesi/real_frames/train/489/frame_000026.jpg,/content/drive/MyDrive/AISC DeepFake Çalışmaları/Deney 1 Frame/Real/train/real_train_00091.jpg,real_train_00091.jpg
Real,train,/content/drive/MyDrive/AISC DeepFake Çalışmaları/FaceForensics_Projesi/real_frames/train/626/frame_000025.jpg,/content/drive/MyDrive/AISC DeepFake Çalışmaları/Deney 1 Frame/Real/train/real_train_00092.jpg,real_train_00092.jpg
Real,train,/content/drive/MyDrive/AISC DeepFake Çalışmaları/FaceForensics_Projesi/real_frames/train/279/frame_000004.jpg,/content/drive/MyDrive/AISC DeepFake Çalışmaları/Deney 1 Frame/Real/train/real_train_00093.jpg,real_train_00093.jpg
Real,train,/content/drive/MyDrive/AISC DeepFake Çalışmaları/FaceForensics_Projesi/real_frames/train/807/frame_000011.jpg,/content/drive/MyDrive/AISC DeepFake Çalışmaları/Deney 1 Frame/Real/train/real_train_00094.jpg,real_train_00094.jpg
Real,train,/content/drive/MyDrive/AISC DeepFake Çalışmaları/FaceForensics_Projesi/real_frames/train/010/frame_000017.jpg,/content/drive/MyDrive/AISC DeepFake Çalışmaları/Deney 1 Frame/Real/train/real_train_00095.jpg,real_train_00095.jpg
Real,train,/content/drive/MyDrive/AISC DeepFake Çalışmaları/FaceForensics_Projesi/real_frames/train/244/frame_000015.jpg,/content/drive/MyDrive/AISC DeepFake Çalışmaları/Deney 1 Frame/Real/train/real_train_00096.jpg,real_train_00096.jpg
Real,train,/content/drive/MyDrive/AISC DeepFake Çalışmaları/FaceForensics_Projesi/real_frames/train/951/frame_000011.jpg,/content/drive/MyDrive/AISC DeepFake Çalışmaları/Deney 1 Frame/Real/train/real_train_00097.jpg,real_train_00097.jpg
Real,train,/content/drive/MyDrive/AISC DeepFake Çalışmaları/FaceForensics_Projesi/real_frames/train/865/frame_000002.jpg,/content/drive/MyDrive/AISC DeepFake Çalışmaları/Deney 1 Frame/Real/train/real_train_00098.jpg,real_train_00098.jpg
Real,train,/content/drive/MyDrive/AISC DeepFake Çalışmaları/FaceForensics_Projesi/real_frames/train/783/frame_000006.jpg,/content/drive/MyDrive/AISC DeepFake Çalışmaları/Deney 1 Frame/Real/train/real_train_00099.jpg,real_train_00099.jpg
Real,train,/content/drive/MyDrive/AISC DeepFake Çalışmaları/FaceForensics_Projesi/real_frames/train/512/frame_000014.jpg,/content/drive/MyDrive/AISC DeepFake Çalışmaları/Deney 1 Frame/Real/train/real_train_00100.jpg,real_train_00100.jpg
Real,train,/content/drive/MyDrive/AISC DeepFake Çalışmaları/FaceForensics_Projesi/real_frames/train/158/frame_000002.jpg,/content/drive/MyDrive/AISC DeepFake Çalışmaları/Deney 1 Frame/Real/train/real_train_00101.jpg,real_train_00101.jpg
Real,train,/content/drive/MyDrive/AISC DeepFake Çalışmaları/FaceForensics_Projesi/real_frames/train/136/frame_000029.jpg,/content/drive/MyDrive/AISC DeepFake Çalışmaları/Deney 1 Frame/Real/train/real_train_00102.jpg,real_train_00102.jpg
Real,train,/content/drive/MyDrive/AISC DeepFake Çalışmaları/FaceForensics_Projesi/real_frames/train/556/frame_000004.jpg,/content/drive/MyDrive/AISC DeepFake Çalışmaları/Deney 1 Frame/Real/train/real_train_00103.jpg,real_train_00103.jpg
Real,train,/content/drive/MyDrive/AISC DeepFake Çalışmaları/FaceForensics_Projesi/real_frames/train/554/frame_000006.jpg,/content/drive/MyDrive/AISC DeepFake Çalışmaları/Deney 1 Frame/Real/train/real_train_00104.jpg,real_train_00104.jpg
Real,train,/content/drive/MyDrive/AISC DeepFake Çalışmaları/FaceForensics_Projesi/real_frames/train/316/frame_000009.jpg,/content/drive/MyDrive/AISC DeepFake Çalışmaları/Deney 1 Frame/Real/train/real_train_00105.jpg,real_train_00105.jpg
Real,train,/content/drive/MyDrive/AISC DeepFake Çalışmaları/FaceForensics_Projesi/real_frames/train/905/frame_000007.jpg,/content/drive/MyDrive/AISC DeepFake Çalışmaları/Deney 1 Frame/Real/train/real_train_00106.jpg,real_train_00106.jpg
Real,train,/content/drive/MyDrive/AISC DeepFake Çalışmaları/FaceForensics_Projesi/real_frames/train/107/frame_000017.jpg,/content/drive/MyDrive/AISC DeepFake Çalışmaları/Deney 1 Frame/Real/train/real_train_00107.jpg,real_train_00107.jpg
Real,train,/content/drive/MyDrive/AISC DeepFake Çalışmaları/FaceForensics_Projesi/real_frames/train/091/frame_000025.jpg,/content/drive/MyDrive/AISC DeepFake Çalışmaları/Deney 1 Frame/Real/train/real_train_00108.jpg,real_train_00108.jpg
Real,train,/content/drive/MyDrive/AISC DeepFake Çalışmaları/FaceForensics_Projesi/real_frames/train/519/frame_000003.jpg,/content/drive/MyDrive/AISC DeepFake Çalışmaları/Deney 1 Frame/Real/train/real_train_00109.jpg,real_train_00109.jpg
Real,train,/content/drive/MyDrive/AISC DeepFake Çalışmaları/FaceForensics_Projesi/real_frames/train/299/frame_000005.jpg,/content/drive/MyDrive/AISC DeepFake Çalışmaları/Deney 1 Frame/Real/train/real_train_00110.jpg,real_train_00110.jpg
Real,train,/content/drive/MyDrive/AISC DeepFake Çalışmaları/FaceForensics_Projesi/real_frames/train/393/frame_000004.jpg,/content/drive/MyDrive/AISC DeepFake Çalışmaları/Deney 1 Frame/Real/train/real_train_00111.jpg,real_train_00111.jpg
Real,train,/content/drive/MyDrive/AISC DeepFake Çalışmaları/FaceForensics_Projesi/real_frames/train/627/frame_000014.jpg,/content/drive/MyDrive/AISC DeepFake Çalışmaları/Deney 1 Frame/Real/train/real_train_00112.jpg,real_train_00112.jpg
Real,train,/content/drive/MyDrive/AISC DeepFake Çalışmaları/FaceForensics_Projesi/real_frames/train/659/frame_000011.jpg,/content/drive/MyDrive/AISC DeepFake Çalışmaları/Deney 1 Frame/Real/train/real_train_00113.jpg,real_train_00113.jpg
Real,train,/content/drive/MyDrive/AISC DeepFake Çalışmaları/FaceForensics_Projesi/real_frames/train/950/frame_000022.jpg,/content/drive/MyDrive/AISC DeepFake Çalışmaları/Deney 1 Frame/Real/train/real_train_00114.jpg,real_train_00114.jpg
Real,train,/content/drive/MyDrive/AISC DeepFake Çalışmaları/FaceForensics_Projesi/real_frames/train/345/frame_000008.jpg,/content/drive/MyDrive/AISC DeepFake Çalışmaları/Deney 1 Frame/Real/train/real_train_00115.jpg,real_train_00115.jpg
Real,train,/content/drive/MyDrive/AISC DeepFake Çalışmaları/FaceForensics_Projesi/real_frames/train/715/frame_000036.jpg,/content/drive/MyDrive/AISC DeepFake Çalışmaları/Deney 1 Frame/Real/train/real_train_00116.jpg,real_train_00116.jpg
Real,train,/content/drive/MyDrive/AISC DeepFake Çalışmaları/FaceForensics_Projesi/real_frames/train/375/frame_000012.jpg,/content/drive/MyDrive/AISC DeepFake Çalışmaları/Deney 1 Frame/Real/train/real_train_00117.jpg,real_train_00117.jpg
Real,train,/content/drive/MyDrive/AISC DeepFake Çalışmaları/FaceForensics_Projesi/real_frames/train/868/frame_000016.jpg,/content/drive/MyDrive/AISC DeepFake Çalışmaları/Deney 1 Frame/Real/train/real_train_00118.jpg,real_train_00118.jpg
Real,train,/content/drive/MyDrive/AISC DeepFake Çalışmaları/FaceForensics_Projesi/real_frames/train/707/frame_000021.jpg,/content/drive/MyDrive/AISC DeepFake Çalışmaları/Deney 1 Frame/Real/train/real_train_00119.jpg,real_train_00119.jpg
Real,train,/content/drive/MyDrive/AISC DeepFake Çalışmaları/FaceForensics_Projesi/real_frames/train/317/frame_000006.jpg,/content/drive/MyDrive/AISC DeepFake Çalışmaları/Deney 1 Frame/Real/train/real_train_00120.jpg,real_train_00120.jpg
Real,train,/content/drive/MyDrive/AISC DeepFake Çalışmaları/FaceForensics_Projesi/real_frames/train/876/frame_000000.jpg,/content/drive/MyDrive/AISC DeepFake Çalışmaları/Deney 1 Frame/Real/train/real_train_00121.jpg,real_train_00121.jpg
Real,train,/content/drive/MyDrive/AISC DeepFake Çalışmaları/FaceForensics_Projesi/real_frames/train/803/frame_000007.jpg,/content/drive/MyDrive/AISC DeepFake Çalışmaları/Deney 1 Frame/Real/train/real_train_00122.jpg,real_train_00122.jpg
Real,train,/content/drive/MyDrive/AISC DeepFake Çalışmaları/FaceForensics_Projesi/real_frames/train/847/frame_000014.jpg,/content/drive/MyDrive/AISC DeepFake Çalışmaları/Deney 1 Frame/Real/train/real_train_00123.jpg,real_train_00123.jpg
Real,train,/content/drive/MyDrive/AISC DeepFake Çalışmaları/FaceForensics_Projesi/real_frames/train/329/frame_000000.jpg,/content/drive/MyDrive/AISC DeepFake Çalışmaları/Deney 1 Frame/Real/train/real_train_00124.jpg,real_train_00124.jpg
Real,train,/content/drive/MyDrive/AISC DeepFake Çalışmaları/FaceForensics_Projesi/real_frames/train/621/frame_000008.jpg,/content/drive/MyDrive/AISC DeepFake Çalışmaları/Deney 1 Frame/Real/train/real_train_00125.jpg,real_train_00125.jpg
Real,train,/content/drive/MyDrive/AISC DeepFake Çalışmaları/FaceForensics_Projesi/real_frames/train/575/frame_000031.jpg,/content/drive/MyDrive/AISC DeepFake Çalışmaları/Deney 1 Frame/Real/train/real_train_00126.jpg,real_train_00126.jpg
Real,train,/content/drive/MyDrive/AISC DeepFake Çalışmaları/FaceForensics_Projesi/real_frames/train/201/frame_000041.jpg,/content/drive/MyDrive/AISC DeepFake Çalışmaları/Deney 1 Frame/Real/train/real_train_00127.jpg,real_train_00127.jpg
Real,train,/content/drive/MyDrive/AISC DeepFake Çalışmaları/FaceForensics_Projesi/real_frames/train/606/frame_000020.jpg,/content/drive/MyDrive/AISC DeepFake Çalışmaları/Deney 1 Frame/Real/train/real_train_00128.jpg,real_train_00128.jpg
Real,train,/content/drive/MyDrive/AISC DeepFake Çalışmaları/FaceForensics_Projesi/real_frames/train/278/frame_000005.jpg,/content/drive/MyDrive/AISC DeepFake Çalışmaları/Deney 1 Frame/Real/train/real_train_00129.jpg,real_train_00129.jpg
Real,train,/content/drive/MyDrive/AISC DeepFake Çalışmaları/FaceForensics_Projesi/real_frames/train/305/frame_000014.jpg,/content/drive/MyDrive/AISC DeepFake Çalışmaları/Deney 1 Frame/Real/train/real_train_00130.jpg,real_train_00130.jpg
Real,train,/content/drive/MyDrive/AISC DeepFake Çalışmaları/FaceForensics_Projesi/real_frames/train/302/frame_000047.jpg,/content/drive/MyDrive/AISC DeepFake Çalışmaları/Deney 1 Frame/Real/train/real_train_00131.jpg,real_train_00131.jpg
Real,train,/content/drive/MyDrive/AISC DeepFake Çalışmaları/FaceForensics_Projesi/real_frames/train/937/frame_000023.jpg,/content/drive/MyDrive/AISC DeepFake Çalışmaları/Deney 1 Frame/Real/train/real_train_00132.jpg,real_train_00132.jpg
Real,train,/content/drive/MyDrive/AISC DeepFake Çalışmaları/FaceForensics_Projesi/real_frames/train/771/frame_000036.jpg,/content/drive/MyDrive/AISC DeepFake Çalışmaları/Deney 1 Frame/Real/train/real_train_00133.jpg,real_train_00133.jpg
Real,train,/content/drive/MyDrive/AISC DeepFake Çalışmaları/FaceForensics_Projesi/real_frames/train/578/frame_000016.jpg,/content/drive/MyDrive/AISC DeepFake Çalışmaları/Deney 1 Frame/Real/train/real_train_00134.jpg,real_train_00134.jpg
Real,train,/content/drive/MyDrive/AISC DeepFake Çalışmaları/FaceForensics_Projesi/real_frames/train/289/frame_000018.jpg,/content/drive/MyDrive/AISC DeepFake Çalışmaları/Deney 1 Frame/Real/train/real_train_00135.jpg,real_train_00135.jpg
Real,train,/content/drive/MyDrive/AISC DeepFake Çalışmaları/FaceForensics_Projesi/real_frames/train/417/frame_000003.jpg,/content/drive/MyDrive/AISC DeepFake Çalışmaları/Deney 1 Frame/Real/train/real_train_00136.jpg,real_train_00136.jpg
Real,train,/content/drive/MyDrive/AISC DeepFake Çalışmaları/FaceForensics_Projesi/real_frames/train/600/frame_000002.jpg,/content/drive/MyDrive/AISC DeepFake Çalışmaları/Deney 1 Frame/Real/train/real_train_00137.jpg,real_train_00137.jpg
Real,train,/content/drive/MyDrive/AISC DeepFake Çalışmaları/FaceForensics_Projesi/real_frames/train/447/frame_000014.jpg,/content/drive/MyDrive/AISC DeepFake Çalışmaları/Deney 1 Frame/Real/train/real_train_00138.jpg,real_train_00138.jpg
Real,train,/content/drive/MyDrive/AISC DeepFake Çalışmaları/FaceForensics_Projesi/real_frames/train/856/frame_000047.jpg,/content/drive/MyDrive/AISC DeepFake Çalışmaları/Deney 1 Frame/Real/train/real_train_00139.jpg,real_train_00139.jpg
Real,train,/content/drive/MyDrive/AISC DeepFake Çalışmaları/FaceForensics_Projesi/real_frames/train/454/frame_000016.jpg,/content/drive/MyDrive/AISC DeepFake Çalışmaları/Deney 1 Frame/Real/train/real_train_00140.jpg,real_train_00140.jpg
Real,train,/content/drive/MyDrive/AISC DeepFake Çalışmaları/FaceForensics_Projesi/real_frames/train/398/frame_000028.jpg,/content/drive/MyDrive/AISC DeepFake Çalışmaları/Deney 1 Frame/Real/train/real_train_00141.jpg,real_train_00141.jpg
Real,train,/content/drive/MyDrive/AISC DeepFake Çalışmaları/FaceForensics_Projesi/real_frames/train/226/frame_000013.jpg,/content/drive/MyDrive/AISC DeepFake Çalışmaları/Deney 1 Frame/Real/train/real_train_00142.jpg,real_train_00142.jpg
Real,train,/content/drive/MyDrive/AISC DeepFake Çalışmaları/FaceForensics_Projesi/real_frames/train/069/frame_000036.jpg,/content/drive/MyDrive/AISC DeepFake Çalışmaları/Deney 1 Frame/Real/train/real_train_00143.jpg,real_train_00143.jpg
Real,train,/content/drive/MyDrive/AISC DeepFake Çalışmaları/FaceForensics_Projesi/real_frames/train/282/frame_000025.jpg,/content/drive/MyDrive/AISC DeepFake Çalışmaları/Deney 1 Frame/Real/train/real_train_00144.jpg,real_train_00144.jpg
Real,train,/content/drive/MyDrive/AISC DeepFake Çalışmaları/FaceForensics_Projesi/real_frames/train/236/frame_000003.jpg,/content/drive/MyDrive/AISC DeepFake Çalışmaları/Deney 1 Frame/Real/train/real_train_00145.jpg,real_train_00145.jpg
Real,train,/content/drive/MyDrive/AISC DeepFake Çalışmaları/FaceForensics_Projesi/real_frames/train/941/frame_000026.jpg,/content/drive/MyDrive/AISC DeepFake Çalışmaları/Deney 1 Frame/Real/train/real_train_00146.jpg,real_train_00146.jpg
Real,train,/content/drive/MyDrive/AISC DeepFake Çalışmaları/FaceForensics_Projesi/real_frames/train/538/frame_000027.jpg,/content/drive/MyDrive/AISC DeepFake Çalışmaları/Deney 1 Frame/Real/train/real_train_00147.jpg,real_train_00147.jpg
Real,train,/content/drive/MyDrive/AISC DeepFake Çalışmaları/FaceForensics_Projesi/real_frames/train/821/frame_000010.jpg,/content/drive/MyDrive/AISC DeepFake Çalışmaları/Deney 1 Frame/Real/train/real_train_00148.jpg,real_train_00148.jpg
Real,train,/content/drive/MyDrive/AISC DeepFake Çalışmaları/FaceForensics_Projesi/real_frames/train/187/frame_000041.jpg,/content/drive/MyDrive/AISC DeepFake Çalışmaları/Deney 1 Frame/Real/train/real_train_00149.jpg,real_train_00149.jpg
Real,train,/content/drive/MyDrive/AISC DeepFake Çalışmaları/FaceForensics_Projesi/real_frames/train/037/frame_000019.jpg,/content/drive/MyDrive/AISC DeepFake Çalışmaları/Deney 1 Frame/Real/train/real_train_00150.jpg,real_train_00150.jpg
Real,train,/content/drive/MyDrive/AISC DeepFake Çalışmaları/FaceForensics_Projesi/real_frames/train/742/frame_000018.jpg,/content/drive/MyDrive/AISC DeepFake Çalışmaları/Deney 1 Frame/Real/train/real_train_00151.jpg,real_train_00151.jpg
Real,train,/content/drive/MyDrive/AISC DeepFake Çalışmaları/FaceForensics_Projesi/real_frames/train/778/frame_000012.jpg,/content/drive/MyDrive/AISC DeepFake Çalışmaları/Deney 1 Frame/Real/train/real_train_00152.jpg,real_train_00152.jpg
Real,train,/content/drive/MyDrive/AISC DeepFake Çalışmaları/FaceForensics_Projesi/real_frames/train/016/frame_000028.jpg,/content/drive/MyDrive/AISC DeepFake Çalışmaları/Deney 1 Frame/Real/train/real_train_00153.jpg,real_train_00153.jpg
Real,train,/content/drive/MyDrive/AISC DeepFake Çalışmaları/FaceForensics_Projesi/real_frames/train/678/frame_000018.jpg,/content/drive/MyDrive/AISC DeepFake Çalışmaları/Deney 1 Frame/Real/train/real_train_00154.jpg,real_train_00154.jpg
Real,train,/content/drive/MyDrive/AISC DeepFake Çalışmaları/FaceForensics_Projesi/real_frames/train/607/frame_000011.jpg,/content/drive/MyDrive/AISC DeepFake Çalışmaları/Deney 1 Frame/Real/train/real_train_00155.jpg,real_train_00155.jpg
Real,train,/content/drive/MyDrive/AISC DeepFake Çalışmaları/FaceForensics_Projesi/real_frames/train/771/frame_000033.jpg,/content/drive/MyDrive/AISC DeepFake Çalışmaları/Deney 1 Frame/Real/train/real_train_00156.jpg,real_train_00156.jpg
Real,train,/content/drive/MyDrive/AISC DeepFake Çalışmaları/FaceForensics_Projesi/real_frames/train/121/frame_000019.jpg,/content/drive/MyDrive/AISC DeepFake Çalışmaları/Deney 1 Frame/Real/train/real_train_00157.jpg,real_train_00157.jpg
Real,train,/content/drive/MyDrive/AISC DeepFake Çalışmaları/FaceForensics_Projesi/real_frames/train/557/frame_000014.jpg,/content/drive/MyDrive/AISC DeepFake Çalışmaları/Deney 1 Frame/Real/train/real_train_00158.jpg,real_train_00158.jpg
Real,train,/content/drive/MyDrive/AISC DeepFake Çalışmaları/FaceForensics_Projesi/real_frames/train/244/frame_000000.jpg,/content/drive/MyDrive/AISC DeepFake Çalışmaları/Deney 1 Frame/Real/train/real_train_00159.jpg,real_train_00159.jpg
Real,train,/content/drive/MyDrive/AISC DeepFake Çalışmaları/FaceForensics_Projesi/real_frames/train/864/frame_000015.jpg,/content/drive/MyDrive/AISC DeepFake Çalışmaları/Deney 1 Frame/Real/train/real_train_00160.jpg,real_train_00160.jpg
Real,train,/content/drive/MyDrive/AISC DeepFake Çalışmaları/FaceForensics_Projesi/real_frames/train/101/frame_000051.jpg,/content/drive/MyDrive/AISC DeepFake Çalışmaları/Deney 1 Frame/Real/train/real_train_00161.jpg,real_train_00161.jpg
Real,train,/content/drive/MyDrive/AISC DeepFake Çalışmaları/FaceForensics_Projesi/real_frames/train/407/frame_000019.jpg,/content/drive/MyDrive/AISC DeepFake Çalışmaları/Deney 1 Frame/Real/train/real_train_00162.jpg,real_train_00162.jpg
Real,train,/content/drive/MyDrive/AISC DeepFake Çalışmaları/FaceForensics_Projesi/real_frames/train/810/frame_000003.jpg,/content/drive/MyDrive/AISC DeepFake Çalışmaları/Deney 1 Frame/Real/train/real_train_00163.jpg,real_train_00163.jpg
Real,train,/content/drive/MyDrive/AISC DeepFake Çalışmaları/FaceForensics_Projesi/real_frames/train/292/frame_000012.jpg,/content/drive/MyDrive/AISC DeepFake Çalışmaları/Deney 1 Frame/Real/train/real_train_00164.jpg,real_train_00164.jpg
Real,train,/content/drive/MyDrive/AISC DeepFake Çalışmaları/FaceForensics_Projesi/real_frames/train/197/frame_000023.jpg,/content/drive/MyDrive/AISC DeepFake Çalışmaları/Deney 1 Frame/Real/train/real_train_00165.jpg,real_train_00165.jpg
Real,train,/content/drive/MyDrive/AISC DeepFake Çalışmaları/FaceForensics_Projesi/real_frames/train/512/frame_000026.jpg,/content/drive/MyDrive/AISC DeepFake Çalışmaları/Deney 1 Frame/Real/train/real_train_00166.jpg,real_train_00166.jpg
Real,train,/content/drive/MyDrive/AISC DeepFake Çalışmaları/FaceForensics_Projesi/real_frames/train/848/frame_000016.jpg,/content/drive/MyDrive/AISC DeepFake Çalışmaları/Deney 1 Frame/Real/train/real_train_00167.jpg,real_train_00167.jpg
Real,train,/content/drive/MyDrive/AISC DeepFake Çalışmaları/FaceForensics_Projesi/real_frames/train/892/frame_000010.jpg,/content/drive/MyDrive/AISC DeepFake Çalışmaları/Deney 1 Frame/Real/train/real_train_00168.jpg,real_train_00168.jpg
Real,train,/content/drive/MyDrive/AISC DeepFake Çalışmaları/FaceForensics_Projesi/real_frames/train/555/frame_000002.jpg,/content/drive/MyDrive/AISC DeepFake Çalışmaları/Deney 1 Frame/Real/train/real_train_00169.jpg,real_train_00169.jpg
Real,train,/content/drive/MyDrive/AISC DeepFake Çalışmaları/FaceForensics_Projesi/real_frames/train/775/frame_000005.jpg,/content/drive/MyDrive/AISC DeepFake Çalışmaları/Deney 1 Frame/Real/train/real_train_00170.jpg,real_train_00170.jpg
Real,train,/content/drive/MyDrive/AISC DeepFake Çalışmaları/FaceForensics_Projesi/real_frames/train/372/frame_000024.jpg,/content/drive/MyDrive/AISC DeepFake Çalışmaları/Deney 1 Frame/Real/train/real_train_00171.jpg,real_train_00171.jpg
Real,train,/content/drive/MyDrive/AISC DeepFake Çalışmaları/FaceForensics_Projesi/real_frames/train/684/frame_000016.jpg,/content/drive/MyDrive/AISC DeepFake Çalışmaları/Deney 1 Frame/Real/train/real_train_00172.jpg,real_train_00172.jpg
Real,train,/content/drive/MyDrive/AISC DeepFake Çalışmaları/FaceForensics_Projesi/real_frames/train/727/frame_000019.jpg,/content/drive/MyDrive/AISC DeepFake Çalışmaları/Deney 1 Frame/Real/train/real_train_00173.jpg,real_train_00173.jpg
Real,train,/content/drive/MyDrive/AISC DeepFake Çalışmaları/FaceForensics_Projesi/real_frames/train/066/frame_000000.jpg,/content/drive/MyDrive/AISC DeepFake Çalışmaları/Deney 1 Frame/Real/train/real_train_00174.jpg,real_train_00174.jpg
Real,train,/content/drive/MyDrive/AISC DeepFake Çalışmaları/FaceForensics_Projesi/real_frames/train/873/frame_000014.jpg,/content/drive/MyDrive/AISC DeepFake Çalışmaları/Deney 1 Frame/Real/train/real_train_00175.jpg,real_train_00175.jpg
Real,train,/content/drive/MyDrive/AISC DeepFake Çalışmaları/FaceForensics_Projesi/real_frames/train/058/frame_000015.jpg,/content/drive/MyDrive/AISC DeepFake Çalışmaları/Deney 1 Frame/Real/train/real_train_00176.jpg,real_train_00176.jpg
Real,train,/content/drive/MyDrive/AISC DeepFake Çalışmaları/FaceForensics_Projesi/real_frames/train/263/frame_000011.jpg,/content/drive/MyDrive/AISC DeepFake Çalışmaları/Deney 1 Frame/Real/train/real_train_00177.jpg,real_train_00177.jpg
Real,train,/content/drive/MyDrive/AISC DeepFake Çalışmaları/FaceForensics_Projesi/real_frames/train/715/frame_000006.jpg,/content/drive/MyDrive/AISC DeepFake Çalışmaları/Deney 1 Frame/Real/train/real_train_00178.jpg,real_train_00178.jpg
Real,train,/content/drive/MyDrive/AISC DeepFake Çalışmaları/FaceForensics_Projesi/real_frames/train/321/frame_000009.jpg,/content/drive/MyDrive/AISC DeepFake Çalışmaları/Deney 1 Frame/Real/train/real_train_00179.jpg,real_train_00179.jpg
Real,train,/content/drive/MyDrive/AISC DeepFake Çalışmaları/FaceForensics_Projesi/real_frames/train/279/frame_000017.jpg,/content/drive/MyDrive/AISC DeepFake Çalışmaları/Deney 1 Frame/Real/train/real_train_00180.jpg,real_train_00180.jpg
Real,train,/content/drive/MyDrive/AISC DeepFake Çalışmaları/FaceForensics_Projesi/real_frames/train/590/frame_000019.jpg,/content/drive/MyDrive/AISC DeepFake Çalışmaları/Deney 1 Frame/Real/train/real_train_00181.jpg,real_train_00181.jpg
Real,train,/content/drive/MyDrive/AISC DeepFake Çalışmaları/FaceForensics_Projesi/real_frames/train/265/frame_000020.jpg,/content/drive/MyDrive/AISC DeepFake Çalışmaları/Deney 1 Frame/Real/train/real_train_00182.jpg,real_train_00182.jpg
Real,train,/content/drive/MyDrive/AISC DeepFake Çalışmaları/FaceForensics_Projesi/real_frames/train/383/frame_000003.jpg,/content/drive/MyDrive/AISC DeepFake Çalışmaları/Deney 1 Frame/Real/train/real_train_00183.jpg,real_train_00183.jpg
Real,train,/content/drive/MyDrive/AISC DeepFake Çalışmaları/FaceForensics_Projesi/real_frames/train/461/frame_000026.jpg,/content/drive/MyDrive/AISC DeepFake Çalışmaları/Deney 1 Frame/Real/train/real_train_00184.jpg,real_train_00184.jpg
Real,train,/content/drive/MyDrive/AISC DeepFake Çalışmaları/FaceForensics_Projesi/real_frames/train/453/frame_000017.jpg,/content/drive/MyDrive/AISC DeepFake Çalışmaları/Deney 1 Frame/Real/train/real_train_00185.jpg,real_train_00185.jpg
Real,train,/content/drive/MyDrive/AISC DeepFake Çalışmaları/FaceForensics_Projesi/real_frames/train/441/frame_000009.jpg,/content/drive/MyDrive/AISC DeepFake Çalışmaları/Deney 1 Frame/Real/train/real_train_00186.jpg,real_train_00186.jpg
Real,train,/content/drive/MyDrive/AISC DeepFake Çalışmaları/FaceForensics_Projesi/real_frames/train/805/frame_000024.jpg,/content/drive/MyDrive/AISC DeepFake Çalışmaları/Deney 1 Frame/Real/train/real_train_00187.jpg,real_train_00187.jpg
Real,train,/content/drive/MyDrive/AISC DeepFake Çalışmaları/FaceForensics_Projesi/real_frames/train/251/frame_000010.jpg,/content/drive/MyDrive/AISC DeepFake Çalışmaları/Deney 1 Frame/Real/train/real_train_00188.jpg,real_train_00188.jpg
Real,train,/content/drive/MyDrive/AISC DeepFake Çalışmaları/FaceForensics_Projesi/real_frames/train/807/frame_000028.jpg,/content/drive/MyDrive/AISC DeepFake Çalışmaları/Deney 1 Frame/Real/train/real_train_00189.jpg,real_train_00189.jpg
Real,train,/content/drive/MyDrive/AISC DeepFake Çalışmaları/FaceForensics_Projesi/real_frames/train/452/frame_000021.jpg,/content/drive/MyDrive/AISC DeepFake Çalışmaları/Deney 1 Frame/Real/train/real_train_00190.jpg,real_train_00190.jpg
Real,train,/content/drive/MyDrive/AISC DeepFake Çalışmaları/FaceForensics_Projesi/real_frames/train/512/frame_000028.jpg,/content/drive/MyDrive/AISC DeepFake Çalışmaları/Deney 1 Frame/Real/train/real_train_00191.jpg,real_train_00191.jpg
Real,train,/content/drive/MyDrive/AISC DeepFake Çalışmaları/FaceForensics_Projesi/real_frames/train/957/frame_000012.jpg,/content/drive/MyDrive/AISC DeepFake Çalışmaları/Deney 1 Frame/Real/train/real_train_00192.jpg,real_train_00192.jpg
Real,train,/content/drive/MyDrive/AISC DeepFake Çalışmaları/FaceForensics_Projesi/real_frames/train/726/frame_000018.jpg,/content/drive/MyDrive/AISC DeepFake Çalışmaları/Deney 1 Frame/Real/train/real_train_00193.jpg,real_train_00193.jpg
Real,train,/content/drive/MyDrive/AISC DeepFake Çalışmaları/FaceForensics_Projesi/real_frames/train/001/frame_000021.jpg,/content/drive/MyDrive/AISC DeepFake Çalışmaları/Deney 1 Frame/Real/train/real_train_00194.jpg,real_train_00194.jpg
Real,train,/content/drive/MyDrive/AISC DeepFake Çalışmaları/FaceForensics_Projesi/real_frames/train/951/frame_000037.jpg,/content/drive/MyDrive/AISC DeepFake Çalışmaları/Deney 1 Frame/Real/train/real_train_00195.jpg,real_train_00195.jpg
Real,train,/content/drive/MyDrive/AISC DeepFake Çalışmaları/FaceForensics_Projesi/real_frames/train/326/frame_000036.jpg,/content/drive/MyDrive/AISC DeepFake Çalışmaları/Deney 1 Frame/Real/train/real_train_00196.jpg,real_train_00196.jpg
Real,train,/content/drive/MyDrive/AISC DeepFake Çalışmaları/FaceForensics_Projesi/real_frames/train/334/frame_000050.jpg,/content/drive/MyDrive/AISC DeepFake Çalışmaları/Deney 1 Frame/Real/train/real_train_00197.jpg,real_train_00197.jpg
Real,train,/content/drive/MyDrive/AISC DeepFake Çalışmaları/FaceForensics_Projesi/real_frames/train/209/frame_000003.jpg,/content/drive/MyDrive/AISC DeepFake Çalışmaları/Deney 1 Frame/Real/train/real_train_00198.jpg,real_train_00198.jpg
Real,train,/content/drive/MyDrive/AISC DeepFake Çalışmaları/FaceForensics_Projesi/real_frames/train/510/frame_000006.jpg,/content/drive/MyDrive/AISC DeepFake Çalışmaları/Deney 1 Frame/Real/train/real_train_00199.jpg,real_train_00199.jpg
Real,train,/content/drive/MyDrive/AISC DeepFake Çalışmaları/FaceForensics_Projesi/real_frames/train/927/frame_000036.jpg,/content/drive/MyDrive/AISC DeepFake Çalışmaları/Deney 1 Frame/Real/train/real_train_00200.jpg,real_train_00200.jpg
Real,train,/content/drive/MyDrive/AISC DeepFake Çalışmaları/FaceForensics_Projesi/real_frames/train/007/frame_000028.jpg,/content/drive/MyDrive/AISC DeepFake Çalışmaları/Deney 1 Frame/Real/train/real_train_00201.jpg,real_train_00201.jpg
Real,train,/content/drive/MyDrive/AISC DeepFake Çalışmaları/FaceForensics_Projesi/real_frames/train/823/frame_000010.jpg,/content/drive/MyDrive/AISC DeepFake Çalışmaları/Deney 1 Frame/Real/train/real_train_00202.jpg,real_train_00202.jpg
Real,train,/content/drive/MyDrive/AISC DeepFake Çalışmaları/FaceForensics_Projesi/real_frames/train/201/frame_000034.jpg,/content/drive/MyDrive/AISC DeepFake Çalışmaları/Deney 1 Frame/Real/train/real_train_00203.jpg,real_train_00203.jpg
Real,train,/content/drive/MyDrive/AISC DeepFake Çalışmaları/FaceForensics_Projesi/real_frames/train/842/frame_000019.jpg,/content/drive/MyDrive/AISC DeepFake Çalışmaları/Deney 1 Frame/Real/train/real_train_00204.jpg,real_train_00204.jpg
Real,train,/content/drive/MyDrive/AISC DeepFake Çalışmaları/FaceForensics_Projesi/real_frames/train/945/frame_000011.jpg,/content/drive/MyDrive/AISC DeepFake Çalışmaları/Deney 1 Frame/Real/train/real_train_00205.jpg,real_train_00205.jpg
Real,train,/content/drive/MyDrive/AISC DeepFake Çalışmaları/FaceForensics_Projesi/real_frames/train/288/frame_000031.jpg,/content/drive/MyDrive/AISC DeepFake Çalışmaları/Deney 1 Frame/Real/train/real_train_00206.jpg,real_train_00206.jpg
Real,train,/content/drive/MyDrive/AISC DeepFake Çalışmaları/FaceForensics_Projesi/real_frames/train/177/frame_000003.jpg,/content/drive/MyDrive/AISC DeepFake Çalışmaları/Deney 1 Frame/Real/train/real_train_00207.jpg,real_train_00207.jpg
Real,train,/content/drive/MyDrive/AISC DeepFake Çalışmaları/FaceForensics_Projesi/real_frames/train/424/frame_000003.jpg,/content/drive/MyDrive/AISC DeepFake Çalışmaları/Deney 1 Frame/Real/train/real_train_00208.jpg,real_train_00208.jpg
Real,train,/content/drive/MyDrive/AISC DeepFake Çalışmaları/FaceForensics_Projesi/real_frames/train/144/frame_000015.jpg,/content/drive/MyDrive/AISC DeepFake Çalışmaları/Deney 1 Frame/Real/train/real_train_00209.jpg,real_train_00209.jpg
Real,train,/content/drive/MyDrive/AISC DeepFake Çalışmaları/FaceForensics_Projesi/real_frames/train/818/frame_000012.jpg,/content/drive/MyDrive/AISC DeepFake Çalışmaları/Deney 1 Frame/Real/train/real_train_00210.jpg,real_train_00210.jpg
Real,train,/content/drive/MyDrive/AISC DeepFake Çalışmaları/FaceForensics_Projesi/real_frames/train/917/frame_000009.jpg,/content/drive/MyDrive/AISC DeepFake Çalışmaları/Deney 1 Frame/Real/train/real_train_00211.jpg,real_train_00211.jpg
Real,train,/content/drive/MyDrive/AISC DeepFake Çalışmaları/FaceForensics_Projesi/real_frames/train/266/frame_000004.jpg,/content/drive/MyDrive/AISC DeepFake Çalışmaları/Deney 1 Frame/Real/train/real_train_00212.jpg,real_train_00212.jpg
Real,train,/content/drive/MyDrive/AISC DeepFake Çalışmaları/FaceForensics_Projesi/real_frames/train/918/frame_000004.jpg,/content/drive/MyDrive/AISC DeepFake Çalışmaları/Deney 1 Frame/Real/train/real_train_00213.jpg,real_train_00213.jpg
Real,train,/content/drive/MyDrive/AISC DeepFake Çalışmaları/FaceForensics_Projesi/real_frames/train/903/frame_000018.jpg,/content/drive/MyDrive/AISC DeepFake Çalışmaları/Deney 1 Frame/Real/train/real_train_00214.jpg,real_train_00214.jpg
Real,train,/content/drive/MyDrive/AISC DeepFake Çalışmaları/FaceForensics_Projesi/real_frames/train/548/frame_000004.jpg,/content/drive/MyDrive/AISC DeepFake Çalışmaları/Deney 1 Frame/Real/train/real_train_00215.jpg,real_train_00215.jpg
Real,train,/content/drive/MyDrive/AISC DeepFake Çalışmaları/FaceForensics_Projesi/real_frames/train/588/frame_000017.jpg,/content/drive/MyDrive/AISC DeepFake Çalışmaları/Deney 1 Frame/Real/train/real_train_00216.jpg,real_train_00216.jpg
Real,train,/content/drive/MyDrive/AISC DeepFake Çalışmaları/FaceForensics_Projesi/real_frames/train/197/frame_000022.jpg,/content/drive/MyDrive/AISC DeepFake Çalışmaları/Deney 1 Frame/Real/train/real_train_00217.jpg,real_train_00217.jpg
Real,train,/content/drive/MyDrive/AISC DeepFake Çalışmaları/FaceForensics_Projesi/real_frames/train/242/frame_000002.jpg,/content/drive/MyDrive/AISC DeepFake Çalışmaları/Deney 1 Frame/Real/train/real_train_00218.jpg,real_train_00218.jpg
Real,train,/content/drive/MyDrive/AISC DeepFake Çalışmaları/FaceForensics_Projesi/real_frames/train/538/frame_000023.jpg,/content/drive/MyDrive/AISC DeepFake Çalışmaları/Deney 1 Frame/Real/train/real_train_00219.jpg,real_train_00219.jpg
Real,train,/content/drive/MyDrive/AISC DeepFake Çalışmaları/FaceForensics_Projesi/real_frames/train/123/frame_000022.jpg,/content/drive/MyDrive/AISC DeepFake Çalışmaları/Deney 1 Frame/Real/train/real_train_00220.jpg,real_train_00220.jpg
Real,train,/content/drive/MyDrive/AISC DeepFake Çalışmaları/FaceForensics_Projesi/real_frames/train/851/frame_000015.jpg,/content/drive/MyDrive/AISC DeepFake Çalışmaları/Deney 1 Frame/Real/train/real_train_00221.jpg,real_train_00221.jpg
Real,train,/content/drive/MyDrive/AISC DeepFake Çalışmaları/FaceForensics_Projesi/real_frames/train/158/frame_000001.jpg,/content/drive/MyDrive/AISC DeepFake Çalışmaları/Deney 1 Frame/Real/train/real_train_00222.jpg,real_train_00222.jpg
Real,train,/content/drive/MyDrive/AISC DeepFake Çalışmaları/FaceForensics_Projesi/real_frames/train/829/frame_000038.jpg,/content/drive/MyDrive/AISC DeepFake Çalışmaları/Deney 1 Frame/Real/train/real_train_00223.jpg,real_train_00223.jpg
Real,train,/content/drive/MyDrive/AISC DeepFake Çalışmaları/FaceForensics_Projesi/real_frames/train/378/frame_000001.jpg,/content/drive/MyDrive/AISC DeepFake Çalışmaları/Deney 1 Frame/Real/train/real_train_00224.jpg,real_train_00224.jpg
Real,train,/content/drive/MyDrive/AISC DeepFake Çalışmaları/FaceForensics_Projesi/real_frames/train/666/frame_000010.jpg,/content/drive/MyDrive/AISC DeepFake Çalışmaları/Deney 1 Frame/Real/train/real_train_00225.jpg,real_train_00225.jpg
Real,train,/content/drive/MyDrive/AISC DeepFake Çalışmaları/FaceForensics_Projesi/real_frames/train/435/frame_000024.jpg,/content/drive/MyDrive/AISC DeepFake Çalışmaları/Deney 1 Frame/Real/train/real_train_00226.jpg,real_train_00226.jpg
Real,train,/content/drive/MyDrive/AISC DeepFake Çalışmaları/FaceForensics_Projesi/real_frames/train/614/frame_000018.jpg,/content/drive/MyDrive/AISC DeepFake Çalışmaları/Deney 1 Frame/Real/train/real_train_00227.jpg,real_train_00227.jpg
Real,train,/content/drive/MyDrive/AISC DeepFake Çalışmaları/FaceForensics_Projesi/real_frames/train/730/frame_000037.jpg,/content/drive/MyDrive/AISC DeepFake Çalışmaları/Deney 1 Frame/Real/train/real_train_00228.jpg,real_train_00228.jpg
Real,train,/content/drive/MyDrive/AISC DeepFake Çalışmaları/FaceForensics_Projesi/real_frames/train/831/frame_000007.jpg,/content/drive/MyDrive/AISC DeepFake Çalışmaları/Deney 1 Frame/Real/train/real_train_00229.jpg,real_train_00229.jpg
Real,train,/content/drive/MyDrive/AISC DeepFake Çalışmaları/FaceForensics_Projesi/real_frames/train/626/frame_000007.jpg,/content/drive/MyDrive/AISC DeepFake Çalışmaları/Deney 1 Frame/Real/train/real_train_00230.jpg,real_train_00230.jpg
Real,train,/content/drive/MyDrive/AISC DeepFake Çalışmaları/FaceForensics_Projesi/real_frames/train/514/frame_000016.jpg,/content/drive/MyDrive/AISC DeepFake Çalışmaları/Deney 1 Frame/Real/train/real_train_00231.jpg,real_train_00231.jpg
Real,train,/content/drive/MyDrive/AISC DeepFake Çalışmaları/FaceForensics_Projesi/real_frames/train/645/frame_000019.jpg,/content/drive/MyDrive/AISC DeepFake Çalışmaları/Deney 1 Frame/Real/train/real_train_00232.jpg,real_train_00232.jpg
Real,train,/content/drive/MyDrive/AISC DeepFake Çalışmaları/FaceForensics_Projesi/real_frames/train/829/frame_000002.jpg,/content/drive/MyDrive/AISC DeepFake Çalışmaları/Deney 1 Frame/Real/train/real_train_00233.jpg,real_train_00233.jpg
Real,train,/content/drive/MyDrive/AISC DeepFake Çalışmaları/FaceForensics_Projesi/real_frames/train/316/frame_000007.jpg,/content/drive/MyDrive/AISC DeepFake Çalışmaları/Deney 1 Frame/Real/train/real_train_00234.jpg,real_train_00234.jpg
Real,train,/content/drive/MyDrive/AISC DeepFake Çalışmaları/FaceForensics_Projesi/real_frames/train/242/frame_000007.jpg,/content/drive/MyDrive/AISC DeepFake Çalışmaları/Deney 1 Frame/Real/train/real_train_00235.jpg,real_train_00235.jpg
Real,train,/content/drive/MyDrive/AISC DeepFake Çalışmaları/FaceForensics_Projesi/real_frames/train/592/frame_000003.jpg,/content/drive/MyDrive/AISC DeepFake Çalışmaları/Deney 1 Frame/Real/train/real_train_00236.jpg,real_train_00236.jpg
Real,train,/content/drive/MyDrive/AISC DeepFake Çalışmaları/FaceForensics_Projesi/real_frames/train/923/frame_000005.jpg,/content/drive/MyDrive/AISC DeepFake Çalışmaları/Deney 1 Frame/Real/train/real_train_00237.jpg,real_train_00237.jpg
Real,train,/content/drive/MyDrive/AISC DeepFake Çalışmaları/FaceForensics_Projesi/real_frames/train/247/frame_000009.jpg,/content/drive/MyDrive/AISC DeepFake Çalışmaları/Deney 1 Frame/Real/train/real_train_00238.jpg,real_train_00238.jpg
Real,train,/content/drive/MyDrive/AISC DeepFake Çalışmaları/FaceForensics_Projesi/real_frames/train/151/frame_000001.jpg,/content/drive/MyDrive/AISC DeepFake Çalışmaları/Deney 1 Frame/Real/train/real_train_00239.jpg,real_train_00239.jpg
Real,train,/content/drive/MyDrive/AISC DeepFake Çalışmaları/FaceForensics_Projesi/real_frames/train/609/frame_000005.jpg,/content/drive/MyDrive/AISC DeepFake Çalışmaları/Deney 1 Frame/Real/train/real_train_00240.jpg,real_train_00240.jpg
Real,train,/content/drive/MyDrive/AISC DeepFake Çalışmaları/FaceForensics_Projesi/real_frames/train/035/frame_000021.jpg,/content/drive/MyDrive/AISC DeepFake Çalışmaları/Deney 1 Frame/Real/train/real_train_00241.jpg,real_train_00241.jpg
Real,train,/content/drive/MyDrive/AISC DeepFake Çalışmaları/FaceForensics_Projesi/real_frames/train/724/frame_000015.jpg,/content/drive/MyDrive/AISC DeepFake Çalışmaları/Deney 1 Frame/Real/train/real_train_00242.jpg,real_train_00242.jpg
Real,train,/content/drive/MyDrive/AISC DeepFake Çalışmaları/FaceForensics_Projesi/real_frames/train/157/frame_000025.jpg,/content/drive/MyDrive/AISC DeepFake Çalışmaları/Deney 1 Frame/Real/train/real_train_00243.jpg,real_train_00243.jpg
Real,train,/content/drive/MyDrive/AISC DeepFake Çalışmaları/FaceForensics_Projesi/real_frames/train/036/frame_000013.jpg,/content/drive/MyDrive/AISC DeepFake Çalışmaları/Deney 1 Frame/Real/train/real_train_00244.jpg,real_train_00244.jpg
Real,train,/content/drive/MyDrive/AISC DeepFake Çalışmaları/FaceForensics_Projesi/real_frames/train/400/frame_000011.jpg,/content/drive/MyDrive/AISC DeepFake Çalışmaları/Deney 1 Frame/Real/train/real_train_00245.jpg,real_train_00245.jpg
Real,train,/content/drive/MyDrive/AISC DeepFake Çalışmaları/FaceForensics_Projesi/real_frames/train/635/frame_000022.jpg,/content/drive/MyDrive/AISC DeepFake Çalışmaları/Deney 1 Frame/Real/train/real_train_00246.jpg,real_train_00246.jpg
Real,train,/content/drive/MyDrive/AISC DeepFake Çalışmaları/FaceForensics_Projesi/real_frames/train/164/frame_000046.jpg,/content/drive/MyDrive/AISC DeepFake Çalışmaları/Deney 1 Frame/Real/train/real_train_00247.jpg,real_train_00247.jpg
Real,train,/content/drive/MyDrive/AISC DeepFake Çalışmaları/FaceForensics_Projesi/real_frames/train/019/frame_000053.jpg,/content/drive/MyDrive/AISC DeepFake Çalışmaları/Deney 1 Frame/Real/train/real_train_00248.jpg,real_train_00248.jpg
Real,train,/content/drive/MyDrive/AISC DeepFake Çalışmaları/FaceForensics_Projesi/real_frames/train/889/frame_000006.jpg,/content/drive/MyDrive/AISC DeepFake Çalışmaları/Deney 1 Frame/Real/train/real_train_00249.jpg,real_train_00249.jpg
Real,train,/content/drive/MyDrive/AISC DeepFake Çalışmaları/FaceForensics_Projesi/real_frames/train/253/frame_000007.jpg,/content/drive/MyDrive/AISC DeepFake Çalışmaları/Deney 1 Frame/Real/train/real_train_00250.jpg,real_train_00250.jpg
Real,train,/content/drive/MyDrive/AISC DeepFake Çalışmaları/FaceForensics_Projesi/real_frames/train/868/frame_000008.jpg,/content/drive/MyDrive/AISC DeepFake Çalışmaları/Deney 1 Frame/Real/train/real_train_00251.jpg,real_train_00251.jpg
Real,train,/content/drive/MyDrive/AISC DeepFake Çalışmaları/FaceForensics_Projesi/real_frames/train/144/frame_000000.jpg,/content/drive/MyDrive/AISC DeepFake Çalışmaları/Deney 1 Frame/Real/train/real_train_00252.jpg,real_train_00252.jpg
Real,train,/content/drive/MyDrive/AISC DeepFake Çalışmaları/FaceForensics_Projesi/real_frames/train/289/frame_000014.jpg,/content/drive/MyDrive/AISC DeepFake Çalışmaları/Deney 1 Frame/Real/train/real_train_00253.jpg,real_train_00253.jpg
Real,train,/content/drive/MyDrive/AISC DeepFake Çalışmaları/FaceForensics_Projesi/real_frames/train/364/frame_000016.jpg,/content/drive/MyDrive/AISC DeepFake Çalışmaları/Deney 1 Frame/Real/train/real_train_00254.jpg,real_train_00254.jpg
Real,train,/content/drive/MyDrive/AISC DeepFake Çalışmaları/FaceForensics_Projesi/real_frames/train/132/frame_000006.jpg,/content/drive/MyDrive/AISC DeepFake Çalışmaları/Deney 1 Frame/Real/train/real_train_00255.jpg,real_train_00255.jpg
Real,train,/content/drive/MyDrive/AISC DeepFake Çalışmaları/FaceForensics_Projesi/real_frames/train/262/frame_000016.jpg,/content/drive/MyDrive/AISC DeepFake Çalışmaları/Deney 1 Frame/Real/train/real_train_00256.jpg,real_train_00256.jpg
Real,train,/content/drive/MyDrive/AISC DeepFake Çalışmaları/FaceForensics_Projesi/real_frames/train/596/frame_000002.jpg,/content/drive/MyDrive/AISC DeepFake Çalışmaları/Deney 1 Frame/Real/train/real_train_00257.jpg,real_train_00257.jpg
Real,train,/content/drive/MyDrive/AISC DeepFake Çalışmaları/FaceForensics_Projesi/real_frames/train/413/frame_000014.jpg,/content/drive/MyDrive/AISC DeepFake Çalışmaları/Deney 1 Frame/Real/train/real_train_00258.jpg,real_train_00258.jpg
Real,train,/content/drive/MyDrive/AISC DeepFake Çalışmaları/FaceForensics_Projesi/real_frames/train/675/frame_000023.jpg,/content/drive/MyDrive/AISC DeepFake Çalışmaları/Deney 1 Frame/Real/train/real_train_00259.jpg,real_train_00259.jpg
Real,train,/content/drive/MyDrive/AISC DeepFake Çalışmaları/FaceForensics_Projesi/real_frames/train/594/frame_000010.jpg,/content/drive/MyDrive/AISC DeepFake Çalışmaları/Deney 1 Frame/Real/train/real_train_00260.jpg,real_train_00260.jpg
Real,train,/content/drive/MyDrive/AISC DeepFake Çalışmaları/FaceForensics_Projesi/real_frames/train/137/frame_000024.jpg,/content/drive/MyDrive/AISC DeepFake Çalışmaları/Deney 1 Frame/Real/train/real_train_00261.jpg,real_train_00261.jpg
Real,train,/content/drive/MyDrive/AISC DeepFake Çalışmaları/FaceForensics_Projesi/real_frames/train/593/frame_000011.jpg,/content/drive/MyDrive/AISC DeepFake Çalışmaları/Deney 1 Frame/Real/train/real_train_00262.jpg,real_train_00262.jpg
Real,train,/content/drive/MyDrive/AISC DeepFake Çalışmaları/FaceForensics_Projesi/real_frames/train/392/frame_000058.jpg,/content/drive/MyDrive/AISC DeepFake Çalışmaları/Deney 1 Frame/Real/train/real_train_00263.jpg,real_train_00263.jpg
Real,train,/content/drive/MyDrive/AISC DeepFake Çalışmaları/FaceForensics_Projesi/real_frames/train/729/frame_000033.jpg,/content/drive/MyDrive/AISC DeepFake Çalışmaları/Deney 1 Frame/Real/train/real_train_00264.jpg,real_train_00264.jpg
Real,train,/content/drive/MyDrive/AISC DeepFake Çalışmaları/FaceForensics_Projesi/real_frames/train/689/frame_000006.jpg,/content/drive/MyDrive/AISC DeepFake Çalışmaları/Deney 1 Frame/Real/train/real_train_00265.jpg,real_train_00265.jpg
Real,train,/content/drive/MyDrive/AISC DeepFake Çalışmaları/FaceForensics_Projesi/real_frames/train/457/frame_000030.jpg,/content/drive/MyDrive/AISC DeepFake Çalışmaları/Deney 1 Frame/Real/train/real_train_00266.jpg,real_train_00266.jpg
Real,train,/content/drive/MyDrive/AISC DeepFake Çalışmaları/FaceForensics_Projesi/real_frames/train/751/frame_000002.jpg,/content/drive/MyDrive/AISC DeepFake Çalışmaları/Deney 1 Frame/Real/train/real_train_00267.jpg,real_train_00267.jpg
Real,train,/content/drive/MyDrive/AISC DeepFake Çalışmaları/FaceForensics_Projesi/real_frames/train/468/frame_000019.jpg,/content/drive/MyDrive/AISC DeepFake Çalışmaları/Deney 1 Frame/Real/train/real_train_00268.jpg,real_train_00268.jpg
Real,train,/content/drive/MyDrive/AISC DeepFake Çalışmaları/FaceForensics_Projesi/real_frames/train/083/frame_000012.jpg,/content/drive/MyDrive/AISC DeepFake Çalışmaları/Deney 1 Frame/Real/train/real_train_00269.jpg,real_train_00269.jpg
Real,train,/content/drive/MyDrive/AISC DeepFake Çalışmaları/FaceForensics_Projesi/real_frames/train/520/frame_000002.jpg,/content/drive/MyDrive/AISC DeepFake Çalışmaları/Deney 1 Frame/Real/train/real_train_00270.jpg,real_train_00270.jpg
Real,train,/content/drive/MyDrive/AISC DeepFake Çalışmaları/FaceForensics_Projesi/real_frames/train/191/frame_000011.jpg,/content/drive/MyDrive/AISC DeepFake Çalışmaları/Deney 1 Frame/Real/train/real_train_00271.jpg,real_train_00271.jpg
Real,train,/content/drive/MyDrive/AISC DeepFake Çalışmaları/FaceForensics_Projesi/real_frames/train/308/frame_000022.jpg,/content/drive/MyDrive/AISC DeepFake Çalışmaları/Deney 1 Frame/Real/train/real_train_00272.jpg,real_train_00272.jpg
Real,train,/content/drive/MyDrive/AISC DeepFake Çalışmaları/FaceForensics_Projesi/real_frames/train/288/frame_000021.jpg,/content/drive/MyDrive/AISC DeepFake Çalışmaları/Deney 1 Frame/Real/train/real_train_00273.jpg,real_train_00273.jpg
Real,train,/content/drive/MyDrive/AISC DeepFake Çalışmaları/FaceForensics_Projesi/real_frames/train/823/frame_000021.jpg,/content/drive/MyDrive/AISC DeepFake Çalışmaları/Deney 1 Frame/Real/train/real_train_00274.jpg,real_train_00274.jpg
Real,train,/content/drive/MyDrive/AISC DeepFake Çalışmaları/FaceForensics_Projesi/real_frames/train/165/frame_000012.jpg,/content/drive/MyDrive/AISC DeepFake Çalışmaları/Deney 1 Frame/Real/train/real_train_00275.jpg,real_train_00275.jpg
Real,train,/content/drive/MyDrive/AISC DeepFake Çalışmaları/FaceForensics_Projesi/real_frames/train/555/frame_000018.jpg,/content/drive/MyDrive/AISC DeepFake Çalışmaları/Deney 1 Frame/Real/train/real_train_00276.jpg,real_train_00276.jpg
Real,train,/content/drive/MyDrive/AISC DeepFake Çalışmaları/FaceForensics_Projesi/real_frames/train/646/frame_000018.jpg,/content/drive/MyDrive/AISC DeepFake Çalışmaları/Deney 1 Frame/Real/train/real_train_00277.jpg,real_train_00277.jpg
Real,train,/content/drive/MyDrive/AISC DeepFake Çalışmaları/FaceForensics_Projesi/real_frames/train/212/frame_000012.jpg,/content/drive/MyDrive/AISC DeepFake Çalışmaları/Deney 1 Frame/Real/train/real_train_00278.jpg,real_train_00278.jpg
Real,train,/content/drive/MyDrive/AISC DeepFake Çalışmaları/FaceForensics_Projesi/real_frames/train/889/frame_000013.jpg,/content/drive/MyDrive/AISC DeepFake Çalışmaları/Deney 1 Frame/Real/train/real_train_00279.jpg,real_train_00279.jpg
Real,train,/content/drive/MyDrive/AISC DeepFake Çalışmaları/FaceForensics_Projesi/real_frames/train/426/frame_000007.jpg,/content/drive/MyDrive/AISC DeepFake Çalışmaları/Deney 1 Frame/Real/train/real_train_00280.jpg,real_train_00280.jpg
Real,train,/content/drive/MyDrive/AISC DeepFake Çalışmaları/FaceForensics_Projesi/real_frames/train/148/frame_000009.jpg,/content/drive/MyDrive/AISC DeepFake Çalışmaları/Deney 1 Frame/Real/train/real_train_00281.jpg,real_train_00281.jpg
Real,train,/content/drive/MyDrive/AISC DeepFake Çalışmaları/FaceForensics_Projesi/real_frames/train/306/frame_000015.jpg,/content/drive/MyDrive/AISC DeepFake Çalışmaları/Deney 1 Frame/Real/train/real_train_00282.jpg,real_train_00282.jpg
Real,train,/content/drive/MyDrive/AISC DeepFake Çalışmaları/FaceForensics_Projesi/real_frames/train/807/frame_000010.jpg,/content/drive/MyDrive/AISC DeepFake Çalışmaları/Deney 1 Frame/Real/train/real_train_00283.jpg,real_train_00283.jpg
Real,train,/content/drive/MyDrive/AISC DeepFake Çalışmaları/FaceForensics_Projesi/real_frames/train/002/frame_000022.jpg,/content/drive/MyDrive/AISC DeepFake Çalışmaları/Deney 1 Frame/Real/train/real_train_00284.jpg,real_train_00284.jpg
Real,train,/content/drive/MyDrive/AISC DeepFake Çalışmaları/FaceForensics_Projesi/real_frames/train/197/frame_000029.jpg,/content/drive/MyDrive/AISC DeepFake Çalışmaları/Deney 1 Frame/Real/train/real_train_00285.jpg,real_train_00285.jpg
Real,train,/content/drive/MyDrive/AISC DeepFake Çalışmaları/FaceForensics_Projesi/real_frames/train/301/frame_000019.jpg,/content/drive/MyDrive/AISC DeepFake Çalışmaları/Deney 1 Frame/Real/train/real_train_00286.jpg,real_train_00286.jpg
Real,train,/content/drive/MyDrive/AISC DeepFake Çalışmaları/FaceForensics_Projesi/real_frames/train/083/frame_000019.jpg,/content/drive/MyDrive/AISC DeepFake Çalışmaları/Deney 1 Frame/Real/train/real_train_00287.jpg,real_train_00287.jpg
Real,train,/content/drive/MyDrive/AISC DeepFake Çalışmaları/FaceForensics_Projesi/real_frames/train/524/frame_000024.jpg,/content/drive/MyDrive/AISC DeepFake Çalışmaları/Deney 1 Frame/Real/train/real_train_00288.jpg,real_train_00288.jpg
Real,train,/content/drive/MyDrive/AISC DeepFake Çalışmaları/FaceForensics_Projesi/real_frames/train/809/frame_000016.jpg,/content/drive/MyDrive/AISC DeepFake Çalışmaları/Deney 1 Frame/Real/train/real_train_00289.jpg,real_train_00289.jpg
Real,train,/content/drive/MyDrive/AISC DeepFake Çalışmaları/FaceForensics_Projesi/real_frames/train/844/frame_000016.jpg,/content/drive/MyDrive/AISC DeepFake Çalışmaları/Deney 1 Frame/Real/train/real_train_00290.jpg,real_train_00290.jpg
Real,train,/content/drive/MyDrive/AISC DeepFake Çalışmaları/FaceForensics_Projesi/real_frames/train/892/frame_000013.jpg,/content/drive/MyDrive/AISC DeepFake Çalışmaları/Deney 1 Frame/Real/train/real_train_00291.jpg,real_train_00291.jpg
Real,train,/content/drive/MyDrive/AISC DeepFake Çalışmaları/FaceForensics_Projesi/real_frames/train/924/frame_000048.jpg,/content/drive/MyDrive/AISC DeepFake Çalışmaları/Deney 1 Frame/Real/train/real_train_00292.jpg,real_train_00292.jpg
Real,train,/content/drive/MyDrive/AISC DeepFake Çalışmaları/FaceForensics_Projesi/real_frames/train/942/frame_000017.jpg,/content/drive/MyDrive/AISC DeepFake Çalışmaları/Deney 1 Frame/Real/train/real_train_00293.jpg,real_train_00293.jpg
Real,train,/content/drive/MyDrive/AISC DeepFake Çalışmaları/FaceForensics_Projesi/real_frames/train/989/frame_000041.jpg,/content/drive/MyDrive/AISC DeepFake Çalışmaları/Deney 1 Frame/Real/train/real_train_00294.jpg,real_train_00294.jpg
Real,train,/content/drive/MyDrive/AISC DeepFake Çalışmaları/FaceForensics_Projesi/real_frames/train/179/frame_000000.jpg,/content/drive/MyDrive/AISC DeepFake Çalışmaları/Deney 1 Frame/Real/train/real_train_00295.jpg,real_train_00295.jpg
Real,train,/content/drive/MyDrive/AISC DeepFake Çalışmaları/FaceForensics_Projesi/real_frames/train/629/frame_000027.jpg,/content/drive/MyDrive/AISC DeepFake Çalışmaları/Deney 1 Frame/Real/train/real_train_00296.jpg,real_train_00296.jpg
Real,train,/content/drive/MyDrive/AISC DeepFake Çalışmaları/FaceForensics_Projesi/real_frames/train/325/frame_000017.jpg,/content/drive/MyDrive/AISC DeepFake Çalışmaları/Deney 1 Frame/Real/train/real_train_00297.jpg,real_train_00297.jpg
Real,train,/content/drive/MyDrive/AISC DeepFake Çalışmaları/FaceForensics_Projesi/real_frames/train/324/frame_000043.jpg,/content/drive/MyDrive/AISC DeepFake Çalışmaları/Deney 1 Frame/Real/train/real_train_00298.jpg,real_train_00298.jpg
Real,train,/content/drive/MyDrive/AISC DeepFake Çalışmaları/FaceForensics_Projesi/real_frames/train/253/frame_000015.jpg,/content/drive/MyDrive/AISC DeepFake Çalışmaları/Deney 1 Frame/Real/train/real_train_00299.jpg,real_train_00299.jpg
Real,train,/content/drive/MyDrive/AISC DeepFake Çalışmaları/FaceForensics_Projesi/real_frames/train/975/frame_000000.jpg,/content/drive/MyDrive/AISC DeepFake Çalışmaları/Deney 1 Frame/Real/train/real_train_00300.jpg,real_train_00300.jpg
Real,train,/content/drive/MyDrive/AISC DeepFake Çalışmaları/FaceForensics_Projesi/real_frames/train/522/frame_000022.jpg,/content/drive/MyDrive/AISC DeepFake Çalışmaları/Deney 1 Frame/Real/train/real_train_00301.jpg,real_train_00301.jpg
Real,train,/content/drive/MyDrive/AISC DeepFake Çalışmaları/FaceForensics_Projesi/real_frames/train/799/frame_000011.jpg,/content/drive/MyDrive/AISC DeepFake Çalışmaları/Deney 1 Frame/Real/train/real_train_00302.jpg,real_train_00302.jpg
Real,train,/content/drive/MyDrive/AISC DeepFake Çalışmaları/FaceForensics_Projesi/real_frames/train/333/frame_000018.jpg,/content/drive/MyDrive/AISC DeepFake Çalışmaları/Deney 1 Frame/Real/train/real_train_00303.jpg,real_train_00303.jpg
Real,train,/content/drive/MyDrive/AISC DeepFake Çalışmaları/FaceForensics_Projesi/real_frames/train/669/frame_000008.jpg,/content/drive/MyDrive/AISC DeepFake Çalışmaları/Deney 1 Frame/Real/train/real_train_00304.jpg,real_train_00304.jpg
Real,train,/content/drive/MyDrive/AISC DeepFake Çalışmaları/FaceForensics_Projesi/real_frames/train/599/frame_000009.jpg,/content/drive/MyDrive/AISC DeepFake Çalışmaları/Deney 1 Frame/Real/train/real_train_00305.jpg,real_train_00305.jpg
Real,train,/content/drive/MyDrive/AISC DeepFake Çalışmaları/FaceForensics_Projesi/real_frames/train/365/frame_000011.jpg,/content/drive/MyDrive/AISC DeepFake Çalışmaları/Deney 1 Frame/Real/train/real_train_00306.jpg,real_train_00306.jpg
Real,train,/content/drive/MyDrive/AISC DeepFake Çalışmaları/FaceForensics_Projesi/real_frames/train/563/frame_000008.jpg,/content/drive/MyDrive/AISC DeepFake Çalışmaları/Deney 1 Frame/Real/train/real_train_00307.jpg,real_train_00307.jpg
Real,train,/content/drive/MyDrive/AISC DeepFake Çalışmaları/FaceForensics_Projesi/real_frames/train/878/frame_000017.jpg,/content/drive/MyDrive/AISC DeepFake Çalışmaları/Deney 1 Frame/Real/train/real_train_00308.jpg,real_train_00308.jpg
Real,train,/content/drive/MyDrive/AISC DeepFake Çalışmaları/FaceForensics_Projesi/real_frames/train/297/frame_000011.jpg,/content/drive/MyDrive/AISC DeepFake Çalışmaları/Deney 1 Frame/Real/train/real_train_00309.jpg,real_train_00309.jpg
Real,train,/content/drive/MyDrive/AISC DeepFake Çalışmaları/FaceForensics_Projesi/real_frames/train/282/frame_000006.jpg,/content/drive/MyDrive/AISC DeepFake Çalışmaları/Deney 1 Frame/Real/train/real_train_00310.jpg,real_train_00310.jpg
Real,train,/content/drive/MyDrive/AISC DeepFake Çalışmaları/FaceForensics_Projesi/real_frames/train/596/frame_000012.jpg,/content/drive/MyDrive/AISC DeepFake Çalışmaları/Deney 1 Frame/Real/train/real_train_00311.jpg,real_train_00311.jpg
Real,train,/content/drive/MyDrive/AISC DeepFake Çalışmaları/FaceForensics_Projesi/real_frames/train/753/frame_000030.jpg,/content/drive/MyDrive/AISC DeepFake Çalışmaları/Deney 1 Frame/Real/train/real_train_00312.jpg,real_train_00312.jpg
Real,train,/content/drive/MyDrive/AISC DeepFake Çalışmaları/FaceForensics_Projesi/real_frames/train/317/frame_000030.jpg,/content/drive/MyDrive/AISC DeepFake Çalışmaları/Deney 1 Frame/Real/train/real_train_00313.jpg,real_train_00313.jpg
Real,train,/content/drive/MyDrive/AISC DeepFake Çalışmaları/FaceForensics_Projesi/real_frames/train/086/frame_000020.jpg,/content/drive/MyDrive/AISC DeepFake Çalışmaları/Deney 1 Frame/Real/train/real_train_00314.jpg,real_train_00314.jpg
Real,train,/content/drive/MyDrive/AISC DeepFake Çalışmaları/FaceForensics_Projesi/real_frames/train/493/frame_000021.jpg,/content/drive/MyDrive/AISC DeepFake Çalışmaları/Deney 1 Frame/Real/train/real_train_00315.jpg,real_train_00315.jpg
Real,train,/content/drive/MyDrive/AISC DeepFake Çalışmaları/FaceForensics_Projesi/real_frames/train/596/frame_000020.jpg,/content/drive/MyDrive/AISC DeepFake Çalışmaları/Deney 1 Frame/Real/train/real_train_00316.jpg,real_train_00316.jpg
Real,train,/content/drive/MyDrive/AISC DeepFake Çalışmaları/FaceForensics_Projesi/real_frames/train/602/frame_000008.jpg,/content/drive/MyDrive/AISC DeepFake Çalışmaları/Deney 1 Frame/Real/train/real_train_00317.jpg,real_train_00317.jpg
Real,train,/content/drive/MyDrive/AISC DeepFake Çalışmaları/FaceForensics_Projesi/real_frames/train/208/frame_000011.jpg,/content/drive/MyDrive/AISC DeepFake Çalışmaları/Deney 1 Frame/Real/train/real_train_00318.jpg,real_train_00318.jpg
Real,train,/content/drive/MyDrive/AISC DeepFake Çalışmaları/FaceForensics_Projesi/real_frames/train/466/frame_000011.jpg,/content/drive/MyDrive/AISC DeepFake Çalışmaları/Deney 1 Frame/Real/train/real_train_00319.jpg,real_train_00319.jpg
Real,train,/content/drive/MyDrive/AISC DeepFake Çalışmaları/FaceForensics_Projesi/real_frames/train/676/frame_000010.jpg,/content/drive/MyDrive/AISC DeepFake Çalışmaları/Deney 1 Frame/Real/train/real_train_00320.jpg,real_train_00320.jpg
Real,train,/content/drive/MyDrive/AISC DeepFake Çalışmaları/FaceForensics_Projesi/real_frames/train/131/frame_000016.jpg,/content/drive/MyDrive/AISC DeepFake Çalışmaları/Deney 1 Frame/Real/train/real_train_00321.jpg,real_train_00321.jpg
Real,train,/content/drive/MyDrive/AISC DeepFake Çalışmaları/FaceForensics_Projesi/real_frames/train/007/frame_000021.jpg,/content/drive/MyDrive/AISC DeepFake Çalışmaları/Deney 1 Frame/Real/train/real_train_00322.jpg,real_train_00322.jpg
Real,train,/content/drive/MyDrive/AISC DeepFake Çalışmaları/FaceForensics_Projesi/real_frames/train/472/frame_000026.jpg,/content/drive/MyDrive/AISC DeepFake Çalışmaları/Deney 1 Frame/Real/train/real_train_00323.jpg,real_train_00323.jpg
Real,train,/content/drive/MyDrive/AISC DeepFake Çalışmaları/FaceForensics_Projesi/real_frames/train/201/frame_000016.jpg,/content/drive/MyDrive/AISC DeepFake Çalışmaları/Deney 1 Frame/Real/train/real_train_00324.jpg,real_train_00324.jpg
Real,train,/content/drive/MyDrive/AISC DeepFake Çalışmaları/FaceForensics_Projesi/real_frames/train/575/frame_000012.jpg,/content/drive/MyDrive/AISC DeepFake Çalışmaları/Deney 1 Frame/Real/train/real_train_00325.jpg,real_train_00325.jpg
Real,train,/content/drive/MyDrive/AISC DeepFake Çalışmaları/FaceForensics_Projesi/real_frames/train/371/frame_000004.jpg,/content/drive/MyDrive/AISC DeepFake Çalışmaları/Deney 1 Frame/Real/train/real_train_00326.jpg,real_train_00326.jpg
Real,train,/content/drive/MyDrive/AISC DeepFake Çalışmaları/FaceForensics_Projesi/real_frames/train/494/frame_000012.jpg,/content/drive/MyDrive/AISC DeepFake Çalışmaları/Deney 1 Frame/Real/train/real_train_00327.jpg,real_train_00327.jpg
Real,train,/content/drive/MyDrive/AISC DeepFake Çalışmaları/FaceForensics_Projesi/real_frames/train/312/frame_000015.jpg,/content/drive/MyDrive/AISC DeepFake Çalışmaları/Deney 1 Frame/Real/train/real_train_00328.jpg,real_train_00328.jpg
Real,train,/content/drive/MyDrive/AISC DeepFake Çalışmaları/FaceForensics_Projesi/real_frames/train/320/frame_000003.jpg,/content/drive/MyDrive/AISC DeepFake Çalışmaları/Deney 1 Frame/Real/train/real_train_00329.jpg,real_train_00329.jpg
Real,train,/content/drive/MyDrive/AISC DeepFake Çalışmaları/FaceForensics_Projesi/real_frames/train/396/frame_000023.jpg,/content/drive/MyDrive/AISC DeepFake Çalışmaları/Deney 1 Frame/Real/train/real_train_00330.jpg,real_train_00330.jpg
Real,train,/content/drive/MyDrive/AISC DeepFake Çalışmaları/FaceForensics_Projesi/real_frames/train/138/frame_000008.jpg,/content/drive/MyDrive/AISC DeepFake Çalışmaları/Deney 1 Frame/Real/train/real_train_00331.jpg,real_train_00331.jpg
Real,train,/content/drive/MyDrive/AISC DeepFake Çalışmaları/FaceForensics_Projesi/real_frames/train/486/frame_000032.jpg,/content/drive/MyDrive/AISC DeepFake Çalışmaları/Deney 1 Frame/Real/train/real_train_00332.jpg,real_train_00332.jpg
Real,train,/content/drive/MyDrive/AISC DeepFake Çalışmaları/FaceForensics_Projesi/real_frames/train/190/frame_000005.jpg,/content/drive/MyDrive/AISC DeepFake Çalışmaları/Deney 1 Frame/Real/train/real_train_00333.jpg,real_train_00333.jpg
Real,train,/content/drive/MyDrive/AISC DeepFake Çalışmaları/FaceForensics_Projesi/real_frames/train/648/frame_000000.jpg,/content/drive/MyDrive/AISC DeepFake Çalışmaları/Deney 1 Frame/Real/train/real_train_00334.jpg,real_train_00334.jpg
Real,train,/content/drive/MyDrive/AISC DeepFake Çalışmaları/FaceForensics_Projesi/real_frames/train/331/frame_000021.jpg,/content/drive/MyDrive/AISC DeepFake Çalışmaları/Deney 1 Frame/Real/train/real_train_00335.jpg,real_train_00335.jpg
Real,train,/content/drive/MyDrive/AISC DeepFake Çalışmaları/FaceForensics_Projesi/real_frames/train/267/frame_000013.jpg,/content/drive/MyDrive/AISC DeepFake Çalışmaları/Deney 1 Frame/Real/train/real_train_00336.jpg,real_train_00336.jpg
Real,train,/content/drive/MyDrive/AISC DeepFake Çalışmaları/FaceForensics_Projesi/real_frames/train/392/frame_000008.jpg,/content/drive/MyDrive/AISC DeepFake Çalışmaları/Deney 1 Frame/Real/train/real_train_00337.jpg,real_train_00337.jpg
Real,train,/content/drive/MyDrive/AISC DeepFake Çalışmaları/FaceForensics_Projesi/real_frames/train/681/frame_000043.jpg,/content/drive/MyDrive/AISC DeepFake Çalışmaları/Deney 1 Frame/Real/train/real_train_00338.jpg,real_train_00338.jpg
Real,train,/content/drive/MyDrive/AISC DeepFake Çalışmaları/FaceForensics_Projesi/real_frames/train/989/frame_000022.jpg,/content/drive/MyDrive/AISC DeepFake Çalışmaları/Deney 1 Frame/Real/train/real_train_00339.jpg,real_train_00339.jpg
Real,train,/content/drive/MyDrive/AISC DeepFake Çalışmaları/FaceForensics_Projesi/real_frames/train/253/frame_000017.jpg,/content/drive/MyDrive/AISC DeepFake Çalışmaları/Deney 1 Frame/Real/train/real_train_00340.jpg,real_train_00340.jpg
Real,train,/content/drive/MyDrive/AISC DeepFake Çalışmaları/FaceForensics_Projesi/real_frames/train/766/frame_000031.jpg,/content/drive/MyDrive/AISC DeepFake Çalışmaları/Deney 1 Frame/Real/train/real_train_00341.jpg,real_train_00341.jpg
Real,train,/content/drive/MyDrive/AISC DeepFake Çalışmaları/FaceForensics_Projesi/real_frames/train/844/frame_000009.jpg,/content/drive/MyDrive/AISC DeepFake Çalışmaları/Deney 1 Frame/Real/train/real_train_00342.jpg,real_train_00342.jpg
Real,train,/content/drive/MyDrive/AISC DeepFake Çalışmaları/FaceForensics_Projesi/real_frames/train/484/frame_000007.jpg,/content/drive/MyDrive/AISC DeepFake Çalışmaları/Deney 1 Frame/Real/train/real_train_00343.jpg,real_train_00343.jpg
Real,train,/content/drive/MyDrive/AISC DeepFake Çalışmaları/FaceForensics_Projesi/real_frames/train/975/frame_000005.jpg,/content/drive/MyDrive/AISC DeepFake Çalışmaları/Deney 1 Frame/Real/train/real_train_00344.jpg,real_train_00344.jpg
Real,train,/content/drive/MyDrive/AISC DeepFake Çalışmaları/FaceForensics_Projesi/real_frames/train/628/frame_000021.jpg,/content/drive/MyDrive/AISC DeepFake Çalışmaları/Deney 1 Frame/Real/train/real_train_00345.jpg,real_train_00345.jpg
Real,train,/content/drive/MyDrive/AISC DeepFake Çalışmaları/FaceForensics_Projesi/real_frames/train/572/frame_000000.jpg,/content/drive/MyDrive/AISC DeepFake Çalışmaları/Deney 1 Frame/Real/train/real_train_00346.jpg,real_train_00346.jpg
Real,train,/content/drive/MyDrive/AISC DeepFake Çalışmaları/FaceForensics_Projesi/real_frames/train/745/frame_000006.jpg,/content/drive/MyDrive/AISC DeepFake Çalışmaları/Deney 1 Frame/Real/train/real_train_00347.jpg,real_train_00347.jpg
Real,train,/content/drive/MyDrive/AISC DeepFake Çalışmaları/FaceForensics_Projesi/real_frames/train/391/frame_000010.jpg,/content/drive/MyDrive/AISC DeepFake Çalışmaları/Deney 1 Frame/Real/train/real_train_00348.jpg,real_train_00348.jpg
Real,train,/content/drive/MyDrive/AISC DeepFake Çalışmaları/FaceForensics_Projesi/real_frames/train/634/frame_000006.jpg,/content/drive/MyDrive/AISC DeepFake Çalışmaları/Deney 1 Frame/Real/train/real_train_00349.jpg,real_train_00349.jpg
Real,train,/content/drive/MyDrive/AISC DeepFake Çalışmaları/FaceForensics_Projesi/real_frames/train/924/frame_000034.jpg,/content/drive/MyDrive/AISC DeepFake Çalışmaları/Deney 1 Frame/Real/train/real_train_00350.jpg,real_train_00350.jpg
Real,train,/content/drive/MyDrive/AISC DeepFake Çalışmaları/FaceForensics_Projesi/real_frames/train/993/frame_000009.jpg,/content/drive/MyDrive/AISC DeepFake Çalışmaları/Deney 1 Frame/Real/train/real_train_00351.jpg,real_train_00351.jpg
Real,train,/content/drive/MyDrive/AISC DeepFake Çalışmaları/FaceForensics_Projesi/real_frames/train/876/frame_000012.jpg,/content/drive/MyDrive/AISC DeepFake Çalışmaları/Deney 1 Frame/Real/train/real_train_00352.jpg,real_train_00352.jpg
Real,train,/content/drive/MyDrive/AISC DeepFake Çalışmaları/FaceForensics_Projesi/real_frames/train/201/frame_000037.jpg,/content/drive/MyDrive/AISC DeepFake Çalışmaları/Deney 1 Frame/Real/train/real_train_00353.jpg,real_train_00353.jpg
Real,train,/content/drive/MyDrive/AISC DeepFake Çalışmaları/FaceForensics_Projesi/real_frames/train/268/frame_000045.jpg,/content/drive/MyDrive/AISC DeepFake Çalışmaları/Deney 1 Frame/Real/train/real_train_00354.jpg,real_train_00354.jpg
Real,train,/content/drive/MyDrive/AISC DeepFake Çalışmaları/FaceForensics_Projesi/real_frames/train/641/frame_000012.jpg,/content/drive/MyDrive/AISC DeepFake Çalışmaları/Deney 1 Frame/Real/train/real_train_00355.jpg,real_train_00355.jpg
Real,train,/content/drive/MyDrive/AISC DeepFake Çalışmaları/FaceForensics_Projesi/real_frames/train/170/frame_000001.jpg,/content/drive/MyDrive/AISC DeepFake Çalışmaları/Deney 1 Frame/Real/train/real_train_00356.jpg,real_train_00356.jpg
Real,train,/content/drive/MyDrive/AISC DeepFake Çalışmaları/FaceForensics_Projesi/real_frames/train/009/frame_000017.jpg,/content/drive/MyDrive/AISC DeepFake Çalışmaları/Deney 1 Frame/Real/train/real_train_00357.jpg,real_train_00357.jpg
Real,train,/content/drive/MyDrive/AISC DeepFake Çalışmaları/FaceForensics_Projesi/real_frames/train/715/frame_000040.jpg,/content/drive/MyDrive/AISC DeepFake Çalışmaları/Deney 1 Frame/Real/train/real_train_00358.jpg,real_train_00358.jpg
Real,train,/content/drive/MyDrive/AISC DeepFake Çalışmaları/FaceForensics_Projesi/real_frames/train/492/frame_000007.jpg,/content/drive/MyDrive/AISC DeepFake Çalışmaları/Deney 1 Frame/Real/train/real_train_00359.jpg,real_train_00359.jpg
Real,train,/content/drive/MyDrive/AISC DeepFake Çalışmaları/FaceForensics_Projesi/real_frames/train/626/frame_000033.jpg,/content/drive/MyDrive/AISC DeepFake Çalışmaları/Deney 1 Frame/Real/train/real_train_00360.jpg,real_train_00360.jpg
Real,train,/content/drive/MyDrive/AISC DeepFake Çalışmaları/FaceForensics_Projesi/real_frames/train/193/frame_000008.jpg,/content/drive/MyDrive/AISC DeepFake Çalışmaları/Deney 1 Frame/Real/train/real_train_00361.jpg,real_train_00361.jpg
Real,train,/content/drive/MyDrive/AISC DeepFake Çalışmaları/FaceForensics_Projesi/real_frames/train/951/frame_000004.jpg,/content/drive/MyDrive/AISC DeepFake Çalışmaları/Deney 1 Frame/Real/train/real_train_00362.jpg,real_train_00362.jpg
Real,train,/content/drive/MyDrive/AISC DeepFake Çalışmaları/FaceForensics_Projesi/real_frames/train/815/frame_000018.jpg,/content/drive/MyDrive/AISC DeepFake Çalışmaları/Deney 1 Frame/Real/train/real_train_00363.jpg,real_train_00363.jpg
Real,train,/content/drive/MyDrive/AISC DeepFake Çalışmaları/FaceForensics_Projesi/real_frames/train/657/frame_000018.jpg,/content/drive/MyDrive/AISC DeepFake Çalışmaları/Deney 1 Frame/Real/train/real_train_00364.jpg,real_train_00364.jpg
Real,train,/content/drive/MyDrive/AISC DeepFake Çalışmaları/FaceForensics_Projesi/real_frames/train/822/frame_000005.jpg,/content/drive/MyDrive/AISC DeepFake Çalışmaları/Deney 1 Frame/Real/train/real_train_00365.jpg,real_train_00365.jpg
Real,train,/content/drive/MyDrive/AISC DeepFake Çalışmaları/FaceForensics_Projesi/real_frames/train/681/frame_000033.jpg,/content/drive/MyDrive/AISC DeepFake Çalışmaları/Deney 1 Frame/Real/train/real_train_00366.jpg,real_train_00366.jpg
Real,train,/content/drive/MyDrive/AISC DeepFake Çalışmaları/FaceForensics_Projesi/real_frames/train/356/frame_000017.jpg,/content/drive/MyDrive/AISC DeepFake Çalışmaları/Deney 1 Frame/Real/train/real_train_00367.jpg,real_train_00367.jpg
Real,train,/content/drive/MyDrive/AISC DeepFake Çalışmaları/FaceForensics_Projesi/real_frames/train/194/frame_000000.jpg,/content/drive/MyDrive/AISC DeepFake Çalışmaları/Deney 1 Frame/Real/train/real_train_00368.jpg,real_train_00368.jpg
Real,train,/content/drive/MyDrive/AISC DeepFake Çalışmaları/FaceForensics_Projesi/real_frames/train/866/frame_000013.jpg,/content/drive/MyDrive/AISC DeepFake Çalışmaları/Deney 1 Frame/Real/train/real_train_00369.jpg,real_train_00369.jpg
Real,train,/content/drive/MyDrive/AISC DeepFake Çalışmaları/FaceForensics_Projesi/real_frames/train/892/frame_000005.jpg,/content/drive/MyDrive/AISC DeepFake Çalışmaları/Deney 1 Frame/Real/train/real_train_00370.jpg,real_train_00370.jpg
Real,train,/content/drive/MyDrive/AISC DeepFake Çalışmaları/FaceForensics_Projesi/real_frames/train/540/frame_000003.jpg,/content/drive/MyDrive/AISC DeepFake Çalışmaları/Deney 1 Frame/Real/train/real_train_00371.jpg,real_train_00371.jpg
Real,train,/content/drive/MyDrive/AISC DeepFake Çalışmaları/FaceForensics_Projesi/real_frames/train/803/frame_000009.jpg,/content/drive/MyDrive/AISC DeepFake Çalışmaları/Deney 1 Frame/Real/train/real_train_00372.jpg,real_train_00372.jpg
Real,train,/content/drive/MyDrive/AISC DeepFake Çalışmaları/FaceForensics_Projesi/real_frames/train/440/frame_000012.jpg,/content/drive/MyDrive/AISC DeepFake Çalışmaları/Deney 1 Frame/Real/train/real_train_00373.jpg,real_train_00373.jpg
Real,train,/content/drive/MyDrive/AISC DeepFake Çalışmaları/FaceForensics_Projesi/real_frames/train/632/frame_000022.jpg,/content/drive/MyDrive/AISC DeepFake Çalışmaları/Deney 1 Frame/Real/train/real_train_00374.jpg,real_train_00374.jpg
Real,train,/content/drive/MyDrive/AISC DeepFake Çalışmaları/FaceForensics_Projesi/real_frames/train/554/frame_000007.jpg,/content/drive/MyDrive/AISC DeepFake Çalışmaları/Deney 1 Frame/Real/train/real_train_00375.jpg,real_train_00375.jpg
Real,train,/content/drive/MyDrive/AISC DeepFake Çalışmaları/FaceForensics_Projesi/real_frames/train/557/frame_000005.jpg,/content/drive/MyDrive/AISC DeepFake Çalışmaları/Deney 1 Frame/Real/train/real_train_00376.jpg,real_train_00376.jpg
Real,train,/content/drive/MyDrive/AISC DeepFake Çalışmaları/FaceForensics_Projesi/real_frames/train/211/frame_000030.jpg,/content/drive/MyDrive/AISC DeepFake Çalışmaları/Deney 1 Frame/Real/train/real_train_00377.jpg,real_train_00377.jpg
Real,train,/content/drive/MyDrive/AISC DeepFake Çalışmaları/FaceForensics_Projesi/real_frames/train/343/frame_000017.jpg,/content/drive/MyDrive/AISC DeepFake Çalışmaları/Deney 1 Frame/Real/train/real_train_00378.jpg,real_train_00378.jpg
Real,train,/content/drive/MyDrive/AISC DeepFake Çalışmaları/FaceForensics_Projesi/real_frames/train/347/frame_000019.jpg,/content/drive/MyDrive/AISC DeepFake Çalışmaları/Deney 1 Frame/Real/train/real_train_00379.jpg,real_train_00379.jpg
Real,train,/content/drive/MyDrive/AISC DeepFake Çalışmaları/FaceForensics_Projesi/real_frames/train/194/frame_000024.jpg,/content/drive/MyDrive/AISC DeepFake Çalışmaları/Deney 1 Frame/Real/train/real_train_00380.jpg,real_train_00380.jpg
Real,train,/content/drive/MyDrive/AISC DeepFake Çalışmaları/FaceForensics_Projesi/real_frames/train/526/frame_000021.jpg,/content/drive/MyDrive/AISC DeepFake Çalışmaları/Deney 1 Frame/Real/train/real_train_00381.jpg,real_train_00381.jpg
Real,train,/content/drive/MyDrive/AISC DeepFake Çalışmaları/FaceForensics_Projesi/real_frames/train/675/frame_000001.jpg,/content/drive/MyDrive/AISC DeepFake Çalışmaları/Deney 1 Frame/Real/train/real_train_00382.jpg,real_train_00382.jpg
Real,train,/content/drive/MyDrive/AISC DeepFake Çalışmaları/FaceForensics_Projesi/real_frames/train/620/frame_000024.jpg,/content/drive/MyDrive/AISC DeepFake Çalışmaları/Deney 1 Frame/Real/train/real_train_00383.jpg,real_train_00383.jpg
Real,train,/content/drive/MyDrive/AISC DeepFake Çalışmaları/FaceForensics_Projesi/real_frames/train/310/frame_000021.jpg,/content/drive/MyDrive/AISC DeepFake Çalışmaları/Deney 1 Frame/Real/train/real_train_00384.jpg,real_train_00384.jpg
Real,train,/content/drive/MyDrive/AISC DeepFake Çalışmaları/FaceForensics_Projesi/real_frames/train/421/frame_000056.jpg,/content/drive/MyDrive/AISC DeepFake Çalışmaları/Deney 1 Frame/Real/train/real_train_00385.jpg,real_train_00385.jpg
Real,train,/content/drive/MyDrive/AISC DeepFake Çalışmaları/FaceForensics_Projesi/real_frames/train/356/frame_000021.jpg,/content/drive/MyDrive/AISC DeepFake Çalışmaları/Deney 1 Frame/Real/train/real_train_00386.jpg,real_train_00386.jpg
Real,train,/content/drive/MyDrive/AISC DeepFake Çalışmaları/FaceForensics_Projesi/real_frames/train/020/frame_000010.jpg,/content/drive/MyDrive/AISC DeepFake Çalışmaları/Deney 1 Frame/Real/train/real_train_00387.jpg,real_train_00387.jpg
Real,train,/content/drive/MyDrive/AISC DeepFake Çalışmaları/FaceForensics_Projesi/real_frames/train/450/frame_000011.jpg,/content/drive/MyDrive/AISC DeepFake Çalışmaları/Deney 1 Frame/Real/train/real_train_00388.jpg,real_train_00388.jpg
Real,train,/content/drive/MyDrive/AISC DeepFake Çalışmaları/FaceForensics_Projesi/real_frames/train/339/frame_000021.jpg,/content/drive/MyDrive/AISC DeepFake Çalışmaları/Deney 1 Frame/Real/train/real_train_00389.jpg,real_train_00389.jpg
Real,train,/content/drive/MyDrive/AISC DeepFake Çalışmaları/FaceForensics_Projesi/real_frames/train/066/frame_000013.jpg,/content/drive/MyDrive/AISC DeepFake Çalışmaları/Deney 1 Frame/Real/train/real_train_00390.jpg,real_train_00390.jpg
Real,train,/content/drive/MyDrive/AISC DeepFake Çalışmaları/FaceForensics_Projesi/real_frames/train/657/frame_000026.jpg,/content/drive/MyDrive/AISC DeepFake Çalışmaları/Deney 1 Frame/Real/train/real_train_00391.jpg,real_train_00391.jpg
Real,train,/content/drive/MyDrive/AISC DeepFake Çalışmaları/FaceForensics_Projesi/real_frames/train/309/frame_000029.jpg,/content/drive/MyDrive/AISC DeepFake Çalışmaları/Deney 1 Frame/Real/train/real_train_00392.jpg,real_train_00392.jpg
Real,train,/content/drive/MyDrive/AISC DeepFake Çalışmaları/FaceForensics_Projesi/real_frames/train/661/frame_000026.jpg,/content/drive/MyDrive/AISC DeepFake Çalışmaları/Deney 1 Frame/Real/train/real_train_00393.jpg,real_train_00393.jpg
Real,train,/content/drive/MyDrive/AISC DeepFake Çalışmaları/FaceForensics_Projesi/real_frames/train/575/frame_000005.jpg,/content/drive/MyDrive/AISC DeepFake Çalışmaları/Deney 1 Frame/Real/train/real_train_00394.jpg,real_train_00394.jpg
Real,train,/content/drive/MyDrive/AISC DeepFake Çalışmaları/FaceForensics_Projesi/real_frames/train/318/frame_000015.jpg,/content/drive/MyDrive/AISC DeepFake Çalışmaları/Deney 1 Frame/Real/train/real_train_00395.jpg,real_train_00395.jpg
Real,train,/content/drive/MyDrive/AISC DeepFake Çalışmaları/FaceForensics_Projesi/real_frames/train/381/frame_000031.jpg,/content/drive/MyDrive/AISC DeepFake Çalışmaları/Deney 1 Frame/Real/train/real_train_00396.jpg,real_train_00396.jpg
Real,train,/content/drive/MyDrive/AISC DeepFake Çalışmaları/FaceForensics_Projesi/real_frames/train/742/frame_000022.jpg,/content/drive/MyDrive/AISC DeepFake Çalışmaları/Deney 1 Frame/Real/train/real_train_00397.jpg,real_train_00397.jpg
Real,train,/content/drive/MyDrive/AISC DeepFake Çalışmaları/FaceForensics_Projesi/real_frames/train/971/frame_000007.jpg,/content/drive/MyDrive/AISC DeepFake Çalışmaları/Deney 1 Frame/Real/train/real_train_00398.jpg,real_train_00398.jpg
Real,train,/content/drive/MyDrive/AISC DeepFake Çalışmaları/FaceForensics_Projesi/real_frames/train/197/frame_000019.jpg,/content/drive/MyDrive/AISC DeepFake Çalışmaları/Deney 1 Frame/Real/train/real_train_00399.jpg,real_train_00399.jpg
Real,train,/content/drive/MyDrive/AISC DeepFake Çalışmaları/FaceForensics_Projesi/real_frames/train/523/frame_000017.jpg,/content/drive/MyDrive/AISC DeepFake Çalışmaları/Deney 1 Frame/Real/train/real_train_00400.jpg,real_train_00400.jpg
Real,train,/content/drive/MyDrive/AISC DeepFake Çalışmaları/FaceForensics_Projesi/real_frames/train/614/frame_000015.jpg,/content/drive/MyDrive/AISC DeepFake Çalışmaları/Deney 1 Frame/Real/train/real_train_00401.jpg,real_train_00401.jpg
Real,train,/content/drive/MyDrive/AISC DeepFake Çalışmaları/FaceForensics_Projesi/real_frames/train/113/frame_000009.jpg,/content/drive/MyDrive/AISC DeepFake Çalışmaları/Deney 1 Frame/Real/train/real_train_00402.jpg,real_train_00402.jpg
Real,train,/content/drive/MyDrive/AISC DeepFake Çalışmaları/FaceForensics_Projesi/real_frames/train/411/frame_000019.jpg,/content/drive/MyDrive/AISC DeepFake Çalışmaları/Deney 1 Frame/Real/train/real_train_00403.jpg,real_train_00403.jpg
Real,train,/content/drive/MyDrive/AISC DeepFake Çalışmaları/FaceForensics_Projesi/real_frames/train/457/frame_000028.jpg,/content/drive/MyDrive/AISC DeepFake Çalışmaları/Deney 1 Frame/Real/train/real_train_00404.jpg,real_train_00404.jpg
Real,train,/content/drive/MyDrive/AISC DeepFake Çalışmaları/FaceForensics_Projesi/real_frames/train/793/frame_000007.jpg,/content/drive/MyDrive/AISC DeepFake Çalışmaları/Deney 1 Frame/Real/train/real_train_00405.jpg,real_train_00405.jpg
Real,train,/content/drive/MyDrive/AISC DeepFake Çalışmaları/FaceForensics_Projesi/real_frames/train/113/frame_000014.jpg,/content/drive/MyDrive/AISC DeepFake Çalışmaları/Deney 1 Frame/Real/train/real_train_00406.jpg,real_train_00406.jpg
Real,train,/content/drive/MyDrive/AISC DeepFake Çalışmaları/FaceForensics_Projesi/real_frames/train/691/frame_000011.jpg,/content/drive/MyDrive/AISC DeepFake Çalışmaları/Deney 1 Frame/Real/train/real_train_00407.jpg,real_train_00407.jpg
Real,train,/content/drive/MyDrive/AISC DeepFake Çalışmaları/FaceForensics_Projesi/real_frames/train/840/frame_000005.jpg,/content/drive/MyDrive/AISC DeepFake Çalışmaları/Deney 1 Frame/Real/train/real_train_00408.jpg,real_train_00408.jpg
Real,train,/content/drive/MyDrive/AISC DeepFake Çalışmaları/FaceForensics_Projesi/real_frames/train/638/frame_000020.jpg,/content/drive/MyDrive/AISC DeepFake Çalışmaları/Deney 1 Frame/Real/train/real_train_00409.jpg,real_train_00409.jpg
Real,train,/content/drive/MyDrive/AISC DeepFake Çalışmaları/FaceForensics_Projesi/real_frames/train/778/frame_000013.jpg,/content/drive/MyDrive/AISC DeepFake Çalışmaları/Deney 1 Frame/Real/train/real_train_00410.jpg,real_train_00410.jpg
Real,train,/content/drive/MyDrive/AISC DeepFake Çalışmaları/FaceForensics_Projesi/real_frames/train/268/frame_000049.jpg,/content/drive/MyDrive/AISC DeepFake Çalışmaları/Deney 1 Frame/Real/train/real_train_00411.jpg,real_train_00411.jpg
Real,train,/content/drive/MyDrive/AISC DeepFake Çalışmaları/FaceForensics_Projesi/real_frames/train/540/frame_000048.jpg,/content/drive/MyDrive/AISC DeepFake Çalışmaları/Deney 1 Frame/Real/train/real_train_00412.jpg,real_train_00412.jpg
Real,train,/content/drive/MyDrive/AISC DeepFake Çalışmaları/FaceForensics_Projesi/real_frames/train/691/frame_000026.jpg,/content/drive/MyDrive/AISC DeepFake Çalışmaları/Deney 1 Frame/Real/train/real_train_00413.jpg,real_train_00413.jpg
Real,train,/content/drive/MyDrive/AISC DeepFake Çalışmaları/FaceForensics_Projesi/real_frames/train/617/frame_000004.jpg,/content/drive/MyDrive/AISC DeepFake Çalışmaları/Deney 1 Frame/Real/train/real_train_00414.jpg,real_train_00414.jpg
Real,train,/content/drive/MyDrive/AISC DeepFake Çalışmaları/FaceForensics_Projesi/real_frames/train/702/frame_000008.jpg,/content/drive/MyDrive/AISC DeepFake Çalışmaları/Deney 1 Frame/Real/train/real_train_00415.jpg,real_train_00415.jpg
Real,train,/content/drive/MyDrive/AISC DeepFake Çalışmaları/FaceForensics_Projesi/real_frames/train/199/frame_000011.jpg,/content/drive/MyDrive/AISC DeepFake Çalışmaları/Deney 1 Frame/Real/train/real_train_00416.jpg,real_train_00416.jpg
Real,train,/content/drive/MyDrive/AISC DeepFake Çalışmaları/FaceForensics_Projesi/real_frames/train/951/frame_000024.jpg,/content/drive/MyDrive/AISC DeepFake Çalışmaları/Deney 1 Frame/Real/train/real_train_00417.jpg,real_train_00417.jpg
Real,train,/content/drive/MyDrive/AISC DeepFake Çalışmaları/FaceForensics_Projesi/real_frames/train/608/frame_000019.jpg,/content/drive/MyDrive/AISC DeepFake Çalışmaları/Deney 1 Frame/Real/train/real_train_00418.jpg,real_train_00418.jpg
Real,train,/content/drive/MyDrive/AISC DeepFake Çalışmaları/FaceForensics_Projesi/real_frames/train/311/frame_000012.jpg,/content/drive/MyDrive/AISC DeepFake Çalışmaları/Deney 1 Frame/Real/train/real_train_00419.jpg,real_train_00419.jpg
Real,train,/content/drive/MyDrive/AISC DeepFake Çalışmaları/FaceForensics_Projesi/real_frames/train/358/frame_000008.jpg,/content/drive/MyDrive/AISC DeepFake Çalışmaları/Deney 1 Frame/Real/train/real_train_00420.jpg,real_train_00420.jpg
Real,train,/content/drive/MyDrive/AISC DeepFake Çalışmaları/FaceForensics_Projesi/real_frames/train/832/frame_000013.jpg,/content/drive/MyDrive/AISC DeepFake Çalışmaları/Deney 1 Frame/Real/train/real_train_00421.jpg,real_train_00421.jpg
Real,train,/content/drive/MyDrive/AISC DeepFake Çalışmaları/FaceForensics_Projesi/real_frames/train/123/frame_000006.jpg,/content/drive/MyDrive/AISC DeepFake Çalışmaları/Deney 1 Frame/Real/train/real_train_00422.jpg,real_train_00422.jpg
Real,train,/content/drive/MyDrive/AISC DeepFake Çalışmaları/FaceForensics_Projesi/real_frames/train/260/frame_000017.jpg,/content/drive/MyDrive/AISC DeepFake Çalışmaları/Deney 1 Frame/Real/train/real_train_00423.jpg,real_train_00423.jpg
Real,train,/content/drive/MyDrive/AISC DeepFake Çalışmaları/FaceForensics_Projesi/real_frames/train/286/frame_000020.jpg,/content/drive/MyDrive/AISC DeepFake Çalışmaları/Deney 1 Frame/Real/train/real_train_00424.jpg,real_train_00424.jpg
Real,train,/content/drive/MyDrive/AISC DeepFake Çalışmaları/FaceForensics_Projesi/real_frames/train/536/frame_000022.jpg,/content/drive/MyDrive/AISC DeepFake Çalışmaları/Deney 1 Frame/Real/train/real_train_00425.jpg,real_train_00425.jpg
Real,train,/content/drive/MyDrive/AISC DeepFake Çalışmaları/FaceForensics_Projesi/real_frames/train/562/frame_000006.jpg,/content/drive/MyDrive/AISC DeepFake Çalışmaları/Deney 1 Frame/Real/train/real_train_00426.jpg,real_train_00426.jpg
Real,train,/content/drive/MyDrive/AISC DeepFake Çalışmaları/FaceForensics_Projesi/real_frames/train/615/frame_000013.jpg,/content/drive/MyDrive/AISC DeepFake Çalışmaları/Deney 1 Frame/Real/train/real_train_00427.jpg,real_train_00427.jpg
Real,train,/content/drive/MyDrive/AISC DeepFake Çalışmaları/FaceForensics_Projesi/real_frames/train/120/frame_000013.jpg,/content/drive/MyDrive/AISC DeepFake Çalışmaları/Deney 1 Frame/Real/train/real_train_00428.jpg,real_train_00428.jpg
Real,train,/content/drive/MyDrive/AISC DeepFake Çalışmaları/FaceForensics_Projesi/real_frames/train/761/frame_000008.jpg,/content/drive/MyDrive/AISC DeepFake Çalışmaları/Deney 1 Frame/Real/train/real_train_00429.jpg,real_train_00429.jpg
Real,train,/content/drive/MyDrive/AISC DeepFake Çalışmaları/FaceForensics_Projesi/real_frames/train/423/frame_000055.jpg,/content/drive/MyDrive/AISC DeepFake Çalışmaları/Deney 1 Frame/Real/train/real_train_00430.jpg,real_train_00430.jpg
Real,train,/content/drive/MyDrive/AISC DeepFake Çalışmaları/FaceForensics_Projesi/real_frames/train/164/frame_000041.jpg,/content/drive/MyDrive/AISC DeepFake Çalışmaları/Deney 1 Frame/Real/train/real_train_00431.jpg,real_train_00431.jpg
Real,train,/content/drive/MyDrive/AISC DeepFake Çalışmaları/FaceForensics_Projesi/real_frames/train/201/frame_000023.jpg,/content/drive/MyDrive/AISC DeepFake Çalışmaları/Deney 1 Frame/Real/train/real_train_00432.jpg,real_train_00432.jpg
Real,train,/content/drive/MyDrive/AISC DeepFake Çalışmaları/FaceForensics_Projesi/real_frames/train/767/frame_000011.jpg,/content/drive/MyDrive/AISC DeepFake Çalışmaları/Deney 1 Frame/Real/train/real_train_00433.jpg,real_train_00433.jpg
Real,train,/content/drive/MyDrive/AISC DeepFake Çalışmaları/FaceForensics_Projesi/real_frames/train/799/frame_000035.jpg,/content/drive/MyDrive/AISC DeepFake Çalışmaları/Deney 1 Frame/Real/train/real_train_00434.jpg,real_train_00434.jpg
Real,train,/content/drive/MyDrive/AISC DeepFake Çalışmaları/FaceForensics_Projesi/real_frames/train/393/frame_000019.jpg,/content/drive/MyDrive/AISC DeepFake Çalışmaları/Deney 1 Frame/Real/train/real_train_00435.jpg,real_train_00435.jpg
Real,train,/content/drive/MyDrive/AISC DeepFake Çalışmaları/FaceForensics_Projesi/real_frames/train/848/frame_000008.jpg,/content/drive/MyDrive/AISC DeepFake Çalışmaları/Deney 1 Frame/Real/train/real_train_00436.jpg,real_train_00436.jpg
Real,train,/content/drive/MyDrive/AISC DeepFake Çalışmaları/FaceForensics_Projesi/real_frames/train/149/frame_000018.jpg,/content/drive/MyDrive/AISC DeepFake Çalışmaları/Deney 1 Frame/Real/train/real_train_00437.jpg,real_train_00437.jpg
Real,train,/content/drive/MyDrive/AISC DeepFake Çalışmaları/FaceForensics_Projesi/real_frames/train/342/frame_000003.jpg,/content/drive/MyDrive/AISC DeepFake Çalışmaları/Deney 1 Frame/Real/train/real_train_00438.jpg,real_train_00438.jpg
Real,train,/content/drive/MyDrive/AISC DeepFake Çalışmaları/FaceForensics_Projesi/real_frames/train/935/frame_000020.jpg,/content/drive/MyDrive/AISC DeepFake Çalışmaları/Deney 1 Frame/Real/train/real_train_00439.jpg,real_train_00439.jpg
Real,train,/content/drive/MyDrive/AISC DeepFake Çalışmaları/FaceForensics_Projesi/real_frames/train/793/frame_000031.jpg,/content/drive/MyDrive/AISC DeepFake Çalışmaları/Deney 1 Frame/Real/train/real_train_00440.jpg,real_train_00440.jpg
Real,train,/content/drive/MyDrive/AISC DeepFake Çalışmaları/FaceForensics_Projesi/real_frames/train/326/frame_000027.jpg,/content/drive/MyDrive/AISC DeepFake Çalışmaları/Deney 1 Frame/Real/train/real_train_00441.jpg,real_train_00441.jpg
Real,train,/content/drive/MyDrive/AISC DeepFake Çalışmaları/FaceForensics_Projesi/real_frames/train/653/frame_000018.jpg,/content/drive/MyDrive/AISC DeepFake Çalışmaları/Deney 1 Frame/Real/train/real_train_00442.jpg,real_train_00442.jpg
Real,train,/content/drive/MyDrive/AISC DeepFake Çalışmaları/FaceForensics_Projesi/real_frames/train/204/frame_000015.jpg,/content/drive/MyDrive/AISC DeepFake Çalışmaları/Deney 1 Frame/Real/train/real_train_00443.jpg,real_train_00443.jpg
Real,train,/content/drive/MyDrive/AISC DeepFake Çalışmaları/FaceForensics_Projesi/real_frames/train/061/frame_000009.jpg,/content/drive/MyDrive/AISC DeepFake Çalışmaları/Deney 1 Frame/Real/train/real_train_00444.jpg,real_train_00444.jpg
Real,train,/content/drive/MyDrive/AISC DeepFake Çalışmaları/FaceForensics_Projesi/real_frames/train/222/frame_000007.jpg,/content/drive/MyDrive/AISC DeepFake Çalışmaları/Deney 1 Frame/Real/train/real_train_00445.jpg,real_train_00445.jpg
Real,train,/content/drive/MyDrive/AISC DeepFake Çalışmaları/FaceForensics_Projesi/real_frames/train/823/frame_000026.jpg,/content/drive/MyDrive/AISC DeepFake Çalışmaları/Deney 1 Frame/Real/train/real_train_00446.jpg,real_train_00446.jpg
Real,train,/content/drive/MyDrive/AISC DeepFake Çalışmaları/FaceForensics_Projesi/real_frames/train/256/frame_000028.jpg,/content/drive/MyDrive/AISC DeepFake Çalışmaları/Deney 1 Frame/Real/train/real_train_00447.jpg,real_train_00447.jpg
Real,train,/content/drive/MyDrive/AISC DeepFake Çalışmaları/FaceForensics_Projesi/real_frames/train/878/frame_000032.jpg,/content/drive/MyDrive/AISC DeepFake Çalışmaları/Deney 1 Frame/Real/train/real_train_00448.jpg,real_train_00448.jpg
Real,train,/content/drive/MyDrive/AISC DeepFake Çalışmaları/FaceForensics_Projesi/real_frames/train/770/frame_000011.jpg,/content/drive/MyDrive/AISC DeepFake Çalışmaları/Deney 1 Frame/Real/train/real_train_00449.jpg,real_train_00449.jpg
Real,train,/content/drive/MyDrive/AISC DeepFake Çalışmaları/FaceForensics_Projesi/real_frames/train/341/frame_000019.jpg,/content/drive/MyDrive/AISC DeepFake Çalışmaları/Deney 1 Frame/Real/train/real_train_00450.jpg,real_train_00450.jpg
Real,train,/content/drive/MyDrive/AISC DeepFake Çalışmaları/FaceForensics_Projesi/real_frames/train/740/frame_000009.jpg,/content/drive/MyDrive/AISC DeepFake Çalışmaları/Deney 1 Frame/Real/train/real_train_00451.jpg,real_train_00451.jpg
Real,train,/content/drive/MyDrive/AISC DeepFake Çalışmaları/FaceForensics_Projesi/real_frames/train/074/frame_000019.jpg,/content/drive/MyDrive/AISC DeepFake Çalışmaları/Deney 1 Frame/Real/train/real_train_00452.jpg,real_train_00452.jpg
Real,train,/content/drive/MyDrive/AISC DeepFake Çalışmaları/FaceForensics_Projesi/real_frames/train/943/frame_000021.jpg,/content/drive/MyDrive/AISC DeepFake Çalışmaları/Deney 1 Frame/Real/train/real_train_00453.jpg,real_train_00453.jpg
Real,train,/content/drive/MyDrive/AISC DeepFake Çalışmaları/FaceForensics_Projesi/real_frames/train/991/frame_000020.jpg,/content/drive/MyDrive/AISC DeepFake Çalışmaları/Deney 1 Frame/Real/train/real_train_00454.jpg,real_train_00454.jpg
Real,train,/content/drive/MyDrive/AISC DeepFake Çalışmaları/FaceForensics_Projesi/real_frames/train/912/frame_000016.jpg,/content/drive/MyDrive/AISC DeepFake Çalışmaları/Deney 1 Frame/Real/train/real_train_00455.jpg,real_train_00455.jpg
Real,train,/content/drive/MyDrive/AISC DeepFake Çalışmaları/FaceForensics_Projesi/real_frames/train/752/frame_000018.jpg,/content/drive/MyDrive/AISC DeepFake Çalışmaları/Deney 1 Frame/Real/train/real_train_00456.jpg,real_train_00456.jpg
Real,train,/content/drive/MyDrive/AISC DeepFake Çalışmaları/FaceForensics_Projesi/real_frames/train/948/frame_000007.jpg,/content/drive/MyDrive/AISC DeepFake Çalışmaları/Deney 1 Frame/Real/train/real_train_00457.jpg,real_train_00457.jpg
Real,train,/content/drive/MyDrive/AISC DeepFake Çalışmaları/FaceForensics_Projesi/real_frames/train/716/frame_000007.jpg,/content/drive/MyDrive/AISC DeepFake Çalışmaları/Deney 1 Frame/Real/train/real_train_00458.jpg,real_train_00458.jpg
Real,train,/content/drive/MyDrive/AISC DeepFake Çalışmaları/FaceForensics_Projesi/real_frames/train/716/frame_000024.jpg,/content/drive/MyDrive/AISC DeepFake Çalışmaları/Deney 1 Frame/Real/train/real_train_00459.jpg,real_train_00459.jpg
Real,train,/content/drive/MyDrive/AISC DeepFake Çalışmaları/FaceForensics_Projesi/real_frames/train/582/frame_000004.jpg,/content/drive/MyDrive/AISC DeepFake Çalışmaları/Deney 1 Frame/Real/train/real_train_00460.jpg,real_train_00460.jpg
Real,train,/content/drive/MyDrive/AISC DeepFake Çalışmaları/FaceForensics_Projesi/real_frames/train/562/frame_000003.jpg,/content/drive/MyDrive/AISC DeepFake Çalışmaları/Deney 1 Frame/Real/train/real_train_00461.jpg,real_train_00461.jpg
Real,train,/content/drive/MyDrive/AISC DeepFake Çalışmaları/FaceForensics_Projesi/real_frames/train/040/frame_000022.jpg,/content/drive/MyDrive/AISC DeepFake Çalışmaları/Deney 1 Frame/Real/train/real_train_00462.jpg,real_train_00462.jpg
Real,train,/content/drive/MyDrive/AISC DeepFake Çalışmaları/FaceForensics_Projesi/real_frames/train/391/frame_000027.jpg,/content/drive/MyDrive/AISC DeepFake Çalışmaları/Deney 1 Frame/Real/train/real_train_00463.jpg,real_train_00463.jpg
Real,train,/content/drive/MyDrive/AISC DeepFake Çalışmaları/FaceForensics_Projesi/real_frames/train/779/frame_000004.jpg,/content/drive/MyDrive/AISC DeepFake Çalışmaları/Deney 1 Frame/Real/train/real_train_00464.jpg,real_train_00464.jpg
Real,train,/content/drive/MyDrive/AISC DeepFake Çalışmaları/FaceForensics_Projesi/real_frames/train/556/frame_000009.jpg,/content/drive/MyDrive/AISC DeepFake Çalışmaları/Deney 1 Frame/Real/train/real_train_00465.jpg,real_train_00465.jpg
Real,train,/content/drive/MyDrive/AISC DeepFake Çalışmaları/FaceForensics_Projesi/real_frames/train/088/frame_000026.jpg,/content/drive/MyDrive/AISC DeepFake Çalışmaları/Deney 1 Frame/Real/train/real_train_00466.jpg,real_train_00466.jpg
Real,train,/content/drive/MyDrive/AISC DeepFake Çalışmaları/FaceForensics_Projesi/real_frames/train/878/frame_000021.jpg,/content/drive/MyDrive/AISC DeepFake Çalışmaları/Deney 1 Frame/Real/train/real_train_00467.jpg,real_train_00467.jpg
Real,train,/content/drive/MyDrive/AISC DeepFake Çalışmaları/FaceForensics_Projesi/real_frames/train/630/frame_000018.jpg,/content/drive/MyDrive/AISC DeepFake Çalışmaları/Deney 1 Frame/Real/train/real_train_00468.jpg,real_train_00468.jpg
Real,train,/content/drive/MyDrive/AISC DeepFake Çalışmaları/FaceForensics_Projesi/real_frames/train/485/frame_000016.jpg,/content/drive/MyDrive/AISC DeepFake Çalışmaları/Deney 1 Frame/Real/train/real_train_00469.jpg,real_train_00469.jpg
Real,train,/content/drive/MyDrive/AISC DeepFake Çalışmaları/FaceForensics_Projesi/real_frames/train/951/frame_000048.jpg,/content/drive/MyDrive/AISC DeepFake Çalışmaları/Deney 1 Frame/Real/train/real_train_00470.jpg,real_train_00470.jpg
Real,train,/content/drive/MyDrive/AISC DeepFake Çalışmaları/FaceForensics_Projesi/real_frames/train/420/frame_000042.jpg,/content/drive/MyDrive/AISC DeepFake Çalışmaları/Deney 1 Frame/Real/train/real_train_00471.jpg,real_train_00471.jpg
Real,train,/content/drive/MyDrive/AISC DeepFake Çalışmaları/FaceForensics_Projesi/real_frames/train/512/frame_000033.jpg,/content/drive/MyDrive/AISC DeepFake Çalışmaları/Deney 1 Frame/Real/train/real_train_00472.jpg,real_train_00472.jpg
Real,train,/content/drive/MyDrive/AISC DeepFake Çalışmaları/FaceForensics_Projesi/real_frames/train/919/frame_000013.jpg,/content/drive/MyDrive/AISC DeepFake Çalışmaları/Deney 1 Frame/Real/train/real_train_00473.jpg,real_train_00473.jpg
Real,train,/content/drive/MyDrive/AISC DeepFake Çalışmaları/FaceForensics_Projesi/real_frames/train/478/frame_000019.jpg,/content/drive/MyDrive/AISC DeepFake Çalışmaları/Deney 1 Frame/Real/train/real_train_00474.jpg,real_train_00474.jpg
Real,train,/content/drive/MyDrive/AISC DeepFake Çalışmaları/FaceForensics_Projesi/real_frames/train/368/frame_000017.jpg,/content/drive/MyDrive/AISC DeepFake Çalışmaları/Deney 1 Frame/Real/train/real_train_00475.jpg,real_train_00475.jpg
Real,train,/content/drive/MyDrive/AISC DeepFake Çalışmaları/FaceForensics_Projesi/real_frames/train/872/frame_000003.jpg,/content/drive/MyDrive/AISC DeepFake Çalışmaları/Deney 1 Frame/Real/train/real_train_00476.jpg,real_train_00476.jpg
Real,train,/content/drive/MyDrive/AISC DeepFake Çalışmaları/FaceForensics_Projesi/real_frames/train/124/frame_000004.jpg,/content/drive/MyDrive/AISC DeepFake Çalışmaları/Deney 1 Frame/Real/train/real_train_00477.jpg,real_train_00477.jpg
Real,train,/content/drive/MyDrive/AISC DeepFake Çalışmaları/FaceForensics_Projesi/real_frames/train/641/frame_000006.jpg,/content/drive/MyDrive/AISC DeepFake Çalışmaları/Deney 1 Frame/Real/train/real_train_00478.jpg,real_train_00478.jpg
Real,train,/content/drive/MyDrive/AISC DeepFake Çalışmaları/FaceForensics_Projesi/real_frames/train/266/frame_000005.jpg,/content/drive/MyDrive/AISC DeepFake Çalışmaları/Deney 1 Frame/Real/train/real_train_00479.jpg,real_train_00479.jpg
Real,train,/content/drive/MyDrive/AISC DeepFake Çalışmaları/FaceForensics_Projesi/real_frames/train/557/frame_000023.jpg,/content/drive/MyDrive/AISC DeepFake Çalışmaları/Deney 1 Frame/Real/train/real_train_00480.jpg,real_train_00480.jpg
Real,train,/content/drive/MyDrive/AISC DeepFake Çalışmaları/FaceForensics_Projesi/real_frames/train/771/frame_000009.jpg,/content/drive/MyDrive/AISC DeepFake Çalışmaları/Deney 1 Frame/Real/train/real_train_00481.jpg,real_train_00481.jpg
Real,train,/content/drive/MyDrive/AISC DeepFake Çalışmaları/FaceForensics_Projesi/real_frames/train/443/frame_000008.jpg,/content/drive/MyDrive/AISC DeepFake Çalışmaları/Deney 1 Frame/Real/train/real_train_00482.jpg,real_train_00482.jpg
Real,train,/content/drive/MyDrive/AISC DeepFake Çalışmaları/FaceForensics_Projesi/real_frames/train/879/frame_000006.jpg,/content/drive/MyDrive/AISC DeepFake Çalışmaları/Deney 1 Frame/Real/train/real_train_00483.jpg,real_train_00483.jpg
Real,train,/content/drive/MyDrive/AISC DeepFake Çalışmaları/FaceForensics_Projesi/real_frames/train/506/frame_000029.jpg,/content/drive/MyDrive/AISC DeepFake Çalışmaları/Deney 1 Frame/Real/train/real_train_00484.jpg,real_train_00484.jpg
Real,train,/content/drive/MyDrive/AISC DeepFake Çalışmaları/FaceForensics_Projesi/real_frames/train/673/frame_000009.jpg,/content/drive/MyDrive/AISC DeepFake Çalışmaları/Deney 1 Frame/Real/train/real_train_00485.jpg,real_train_00485.jpg
Real,train,/content/drive/MyDrive/AISC DeepFake Çalışmaları/FaceForensics_Projesi/real_frames/train/987/frame_000010.jpg,/content/drive/MyDrive/AISC DeepFake Çalışmaları/Deney 1 Frame/Real/train/real_train_00486.jpg,real_train_00486.jpg
Real,train,/content/drive/MyDrive/AISC DeepFake Çalışmaları/FaceForensics_Projesi/real_frames/train/447/frame_000011.jpg,/content/drive/MyDrive/AISC DeepFake Çalışmaları/Deney 1 Frame/Real/train/real_train_00487.jpg,real_train_00487.jpg
Real,train,/content/drive/MyDrive/AISC DeepFake Çalışmaları/FaceForensics_Projesi/real_frames/train/608/frame_000017.jpg,/content/drive/MyDrive/AISC DeepFake Çalışmaları/Deney 1 Frame/Real/train/real_train_00488.jpg,real_train_00488.jpg
Real,train,/content/drive/MyDrive/AISC DeepFake Çalışmaları/FaceForensics_Projesi/real_frames/train/232/frame_000026.jpg,/content/drive/MyDrive/AISC DeepFake Çalışmaları/Deney 1 Frame/Real/train/real_train_00489.jpg,real_train_00489.jpg
Real,train,/content/drive/MyDrive/AISC DeepFake Çalışmaları/FaceForensics_Projesi/real_frames/train/028/frame_000001.jpg,/content/drive/MyDrive/AISC DeepFake Çalışmaları/Deney 1 Frame/Real/train/real_train_00490.jpg,real_train_00490.jpg
Real,train,/content/drive/MyDrive/AISC DeepFake Çalışmaları/FaceForensics_Projesi/real_frames/train/398/frame_000001.jpg,/content/drive/MyDrive/AISC DeepFake Çalışmaları/Deney 1 Frame/Real/train/real_train_00491.jpg,real_train_00491.jpg
Real,train,/content/drive/MyDrive/AISC DeepFake Çalışmaları/FaceForensics_Projesi/real_frames/train/987/frame_000029.jpg,/content/drive/MyDrive/AISC DeepFake Çalışmaları/Deney 1 Frame/Real/train/real_train_00492.jpg,real_train_00492.jpg
Real,train,/content/drive/MyDrive/AISC DeepFake Çalışmaları/FaceForensics_Projesi/real_frames/train/380/frame_000010.jpg,/content/drive/MyDrive/AISC DeepFake Çalışmaları/Deney 1 Frame/Real/train/real_train_00493.jpg,real_train_00493.jpg
Real,train,/content/drive/MyDrive/AISC DeepFake Çalışmaları/FaceForensics_Projesi/real_frames/train/088/frame_000035.jpg,/content/drive/MyDrive/AISC DeepFake Çalışmaları/Deney 1 Frame/Real/train/real_train_00494.jpg,real_train_00494.jpg
Real,train,/content/drive/MyDrive/AISC DeepFake Çalışmaları/FaceForensics_Projesi/real_frames/train/403/frame_000020.jpg,/content/drive/MyDrive/AISC DeepFake Çalışmaları/Deney 1 Frame/Real/train/real_train_00495.jpg,real_train_00495.jpg
Real,train,/content/drive/MyDrive/AISC DeepFake Çalışmaları/FaceForensics_Projesi/real_frames/train/889/frame_000018.jpg,/content/drive/MyDrive/AISC DeepFake Çalışmaları/Deney 1 Frame/Real/train/real_train_00496.jpg,real_train_00496.jpg
Real,train,/content/drive/MyDrive/AISC DeepFake Çalışmaları/FaceForensics_Projesi/real_frames/train/644/frame_000015.jpg,/content/drive/MyDrive/AISC DeepFake Çalışmaları/Deney 1 Frame/Real/train/real_train_00497.jpg,real_train_00497.jpg
Real,train,/content/drive/MyDrive/AISC DeepFake Çalışmaları/FaceForensics_Projesi/real_frames/train/336/frame_000021.jpg,/content/drive/MyDrive/AISC DeepFake Çalışmaları/Deney 1 Frame/Real/train/real_train_00498.jpg,real_train_00498.jpg
Real,train,/content/drive/MyDrive/AISC DeepFake Çalışmaları/FaceForensics_Projesi/real_frames/train/682/frame_000043.jpg,/content/drive/MyDrive/AISC DeepFake Çalışmaları/Deney 1 Frame/Real/train/real_train_00499.jpg,real_train_00499.jpg
Real,train,/content/drive/MyDrive/AISC DeepFake Çalışmaları/FaceForensics_Projesi/real_frames/train/556/frame_000010.jpg,/content/drive/MyDrive/AISC DeepFake Çalışmaları/Deney 1 Frame/Real/train/real_train_00500.jpg,real_train_00500.jpg
Real,train,/content/drive/MyDrive/AISC DeepFake Çalışmaları/FaceForensics_Projesi/real_frames/train/898/frame_000008.jpg,/content/drive/MyDrive/AISC DeepFake Çalışmaları/Deney 1 Frame/Real/train/real_train_00501.jpg,real_train_00501.jpg
Real,train,/content/drive/MyDrive/AISC DeepFake Çalışmaları/FaceForensics_Projesi/real_frames/train/793/frame_000030.jpg,/content/drive/MyDrive/AISC DeepFake Çalışmaları/Deney 1 Frame/Real/train/real_train_00502.jpg,real_train_00502.jpg
Real,train,/content/drive/MyDrive/AISC DeepFake Çalışmaları/FaceForensics_Projesi/real_frames/train/729/frame_000022.jpg,/content/drive/MyDrive/AISC DeepFake Çalışmaları/Deney 1 Frame/Real/train/real_train_00503.jpg,real_train_00503.jpg
Real,train,/content/drive/MyDrive/AISC DeepFake Çalışmaları/FaceForensics_Projesi/real_frames/train/950/frame_000027.jpg,/content/drive/MyDrive/AISC DeepFake Çalışmaları/Deney 1 Frame/Real/train/real_train_00504.jpg,real_train_00504.jpg
Real,train,/content/drive/MyDrive/AISC DeepFake Çalışmaları/FaceForensics_Projesi/real_frames/train/506/frame_000008.jpg,/content/drive/MyDrive/AISC DeepFake Çalışmaları/Deney 1 Frame/Real/train/real_train_00505.jpg,real_train_00505.jpg
Real,train,/content/drive/MyDrive/AISC DeepFake Çalışmaları/FaceForensics_Projesi/real_frames/train/050/frame_000007.jpg,/content/drive/MyDrive/AISC DeepFake Çalışmaları/Deney 1 Frame/Real/train/real_train_00506.jpg,real_train_00506.jpg
Real,train,/content/drive/MyDrive/AISC DeepFake Çalışmaları/FaceForensics_Projesi/real_frames/train/384/frame_000024.jpg,/content/drive/MyDrive/AISC DeepFake Çalışmaları/Deney 1 Frame/Real/train/real_train_00507.jpg,real_train_00507.jpg
Real,train,/content/drive/MyDrive/AISC DeepFake Çalışmaları/FaceForensics_Projesi/real_frames/train/406/frame_000018.jpg,/content/drive/MyDrive/AISC DeepFake Çalışmaları/Deney 1 Frame/Real/train/real_train_00508.jpg,real_train_00508.jpg
Real,train,/content/drive/MyDrive/AISC DeepFake Çalışmaları/FaceForensics_Projesi/real_frames/train/262/frame_000019.jpg,/content/drive/MyDrive/AISC DeepFake Çalışmaları/Deney 1 Frame/Real/train/real_train_00509.jpg,real_train_00509.jpg
Real,train,/content/drive/MyDrive/AISC DeepFake Çalışmaları/FaceForensics_Projesi/real_frames/train/380/frame_000018.jpg,/content/drive/MyDrive/AISC DeepFake Çalışmaları/Deney 1 Frame/Real/train/real_train_00510.jpg,real_train_00510.jpg
Real,train,/content/drive/MyDrive/AISC DeepFake Çalışmaları/FaceForensics_Projesi/real_frames/train/119/frame_000008.jpg,/content/drive/MyDrive/AISC DeepFake Çalışmaları/Deney 1 Frame/Real/train/real_train_00511.jpg,real_train_00511.jpg
Real,train,/content/drive/MyDrive/AISC DeepFake Çalışmaları/FaceForensics_Projesi/real_frames/train/706/frame_000006.jpg,/content/drive/MyDrive/AISC DeepFake Çalışmaları/Deney 1 Frame/Real/train/real_train_00512.jpg,real_train_00512.jpg
Real,train,/content/drive/MyDrive/AISC DeepFake Çalışmaları/FaceForensics_Projesi/real_frames/train/155/frame_000013.jpg,/content/drive/MyDrive/AISC DeepFake Çalışmaları/Deney 1 Frame/Real/train/real_train_00513.jpg,real_train_00513.jpg
Real,train,/content/drive/MyDrive/AISC DeepFake Çalışmaları/FaceForensics_Projesi/real_frames/train/523/frame_000020.jpg,/content/drive/MyDrive/AISC DeepFake Çalışmaları/Deney 1 Frame/Real/train/real_train_00514.jpg,real_train_00514.jpg
Real,train,/content/drive/MyDrive/AISC DeepFake Çalışmaları/FaceForensics_Projesi/real_frames/train/400/frame_000019.jpg,/content/drive/MyDrive/AISC DeepFake Çalışmaları/Deney 1 Frame/Real/train/real_train_00515.jpg,real_train_00515.jpg
Real,train,/content/drive/MyDrive/AISC DeepFake Çalışmaları/FaceForensics_Projesi/real_frames/train/483/frame_000014.jpg,/content/drive/MyDrive/AISC DeepFake Çalışmaları/Deney 1 Frame/Real/train/real_train_00516.jpg,real_train_00516.jpg
Real,train,/content/drive/MyDrive/AISC DeepFake Çalışmaları/FaceForensics_Projesi/real_frames/train/784/frame_000017.jpg,/content/drive/MyDrive/AISC DeepFake Çalışmaları/Deney 1 Frame/Real/train/real_train_00517.jpg,real_train_00517.jpg
Real,train,/content/drive/MyDrive/AISC DeepFake Çalışmaları/FaceForensics_Projesi/real_frames/train/771/frame_000004.jpg,/content/drive/MyDrive/AISC DeepFake Çalışmaları/Deney 1 Frame/Real/train/real_train_00518.jpg,real_train_00518.jpg
Real,train,/content/drive/MyDrive/AISC DeepFake Çalışmaları/FaceForensics_Projesi/real_frames/train/207/frame_000008.jpg,/content/drive/MyDrive/AISC DeepFake Çalışmaları/Deney 1 Frame/Real/train/real_train_00519.jpg,real_train_00519.jpg
Real,train,/content/drive/MyDrive/AISC DeepFake Çalışmaları/FaceForensics_Projesi/real_frames/train/304/frame_000005.jpg,/content/drive/MyDrive/AISC DeepFake Çalışmaları/Deney 1 Frame/Real/train/real_train_00520.jpg,real_train_00520.jpg
Real,train,/content/drive/MyDrive/AISC DeepFake Çalışmaları/FaceForensics_Projesi/real_frames/train/796/frame_000036.jpg,/content/drive/MyDrive/AISC DeepFake Çalışmaları/Deney 1 Frame/Real/train/real_train_00521.jpg,real_train_00521.jpg
Real,train,/content/drive/MyDrive/AISC DeepFake Çalışmaları/FaceForensics_Projesi/real_frames/train/435/frame_000023.jpg,/content/drive/MyDrive/AISC DeepFake Çalışmaları/Deney 1 Frame/Real/train/real_train_00522.jpg,real_train_00522.jpg
Real,train,/content/drive/MyDrive/AISC DeepFake Çalışmaları/FaceForensics_Projesi/real_frames/train/700/frame_000007.jpg,/content/drive/MyDrive/AISC DeepFake Çalışmaları/Deney 1 Frame/Real/train/real_train_00523.jpg,real_train_00523.jpg
Real,train,/content/drive/MyDrive/AISC DeepFake Çalışmaları/FaceForensics_Projesi/real_frames/train/780/frame_000013.jpg,/content/drive/MyDrive/AISC DeepFake Çalışmaları/Deney 1 Frame/Real/train/real_train_00524.jpg,real_train_00524.jpg
Real,train,/content/drive/MyDrive/AISC DeepFake Çalışmaları/FaceForensics_Projesi/real_frames/train/000/frame_000020.jpg,/content/drive/MyDrive/AISC DeepFake Çalışmaları/Deney 1 Frame/Real/train/real_train_00525.jpg,real_train_00525.jpg
Real,train,/content/drive/MyDrive/AISC DeepFake Çalışmaları/FaceForensics_Projesi/real_frames/train/911/frame_000009.jpg,/content/drive/MyDrive/AISC DeepFake Çalışmaları/Deney 1 Frame/Real/train/real_train_00526.jpg,real_train_00526.jpg
Real,train,/content/drive/MyDrive/AISC DeepFake Çalışmaları/FaceForensics_Projesi/real_frames/train/795/frame_000011.jpg,/content/drive/MyDrive/AISC DeepFake Çalışmaları/Deney 1 Frame/Real/train/real_train_00527.jpg,real_train_00527.jpg
Real,train,/content/drive/MyDrive/AISC DeepFake Çalışmaları/FaceForensics_Projesi/real_frames/train/160/frame_000024.jpg,/content/drive/MyDrive/AISC DeepFake Çalışmaları/Deney 1 Frame/Real/train/real_train_00528.jpg,real_train_00528.jpg
Real,train,/content/drive/MyDrive/AISC DeepFake Çalışmaları/FaceForensics_Projesi/real_frames/train/728/frame_000007.jpg,/content/drive/MyDrive/AISC DeepFake Çalışmaları/Deney 1 Frame/Real/train/real_train_00529.jpg,real_train_00529.jpg
Real,train,/content/drive/MyDrive/AISC DeepFake Çalışmaları/FaceForensics_Projesi/real_frames/train/122/frame_000003.jpg,/content/drive/MyDrive/AISC DeepFake Çalışmaları/Deney 1 Frame/Real/train/real_train_00530.jpg,real_train_00530.jpg
Real,train,/content/drive/MyDrive/AISC DeepFake Çalışmaları/FaceForensics_Projesi/real_frames/train/049/frame_000000.jpg,/content/drive/MyDrive/AISC DeepFake Çalışmaları/Deney 1 Frame/Real/train/real_train_00531.jpg,real_train_00531.jpg
Real,train,/content/drive/MyDrive/AISC DeepFake Çalışmaları/FaceForensics_Projesi/real_frames/train/153/frame_000029.jpg,/content/drive/MyDrive/AISC DeepFake Çalışmaları/Deney 1 Frame/Real/train/real_train_00532.jpg,real_train_00532.jpg
Real,train,/content/drive/MyDrive/AISC DeepFake Çalışmaları/FaceForensics_Projesi/real_frames/train/124/frame_000015.jpg,/content/drive/MyDrive/AISC DeepFake Çalışmaları/Deney 1 Frame/Real/train/real_train_00533.jpg,real_train_00533.jpg
Real,train,/content/drive/MyDrive/AISC DeepFake Çalışmaları/FaceForensics_Projesi/real_frames/train/507/frame_000006.jpg,/content/drive/MyDrive/AISC DeepFake Çalışmaları/Deney 1 Frame/Real/train/real_train_00534.jpg,real_train_00534.jpg
Real,train,/content/drive/MyDrive/AISC DeepFake Çalışmaları/FaceForensics_Projesi/real_frames/train/948/frame_000019.jpg,/content/drive/MyDrive/AISC DeepFake Çalışmaları/Deney 1 Frame/Real/train/real_train_00535.jpg,real_train_00535.jpg
Real,train,/content/drive/MyDrive/AISC DeepFake Çalışmaları/FaceForensics_Projesi/real_frames/train/997/frame_000023.jpg,/content/drive/MyDrive/AISC DeepFake Çalışmaları/Deney 1 Frame/Real/train/real_train_00536.jpg,real_train_00536.jpg
Real,train,/content/drive/MyDrive/AISC DeepFake Çalışmaları/FaceForensics_Projesi/real_frames/train/780/frame_000018.jpg,/content/drive/MyDrive/AISC DeepFake Çalışmaları/Deney 1 Frame/Real/train/real_train_00537.jpg,real_train_00537.jpg
Real,train,/content/drive/MyDrive/AISC DeepFake Çalışmaları/FaceForensics_Projesi/real_frames/train/239/frame_000007.jpg,/content/drive/MyDrive/AISC DeepFake Çalışmaları/Deney 1 Frame/Real/train/real_train_00538.jpg,real_train_00538.jpg
Real,train,/content/drive/MyDrive/AISC DeepFake Çalışmaları/FaceForensics_Projesi/real_frames/train/702/frame_000021.jpg,/content/drive/MyDrive/AISC DeepFake Çalışmaları/Deney 1 Frame/Real/train/real_train_00539.jpg,real_train_00539.jpg
Real,train,/content/drive/MyDrive/AISC DeepFake Çalışmaları/FaceForensics_Projesi/real_frames/train/942/frame_000000.jpg,/content/drive/MyDrive/AISC DeepFake Çalışmaları/Deney 1 Frame/Real/train/real_train_00540.jpg,real_train_00540.jpg
Real,train,/content/drive/MyDrive/AISC DeepFake Çalışmaları/FaceForensics_Projesi/real_frames/train/514/frame_000009.jpg,/content/drive/MyDrive/AISC DeepFake Çalışmaları/Deney 1 Frame/Real/train/real_train_00541.jpg,real_train_00541.jpg
Real,train,/content/drive/MyDrive/AISC DeepFake Çalışmaları/FaceForensics_Projesi/real_frames/train/496/frame_000052.jpg,/content/drive/MyDrive/AISC DeepFake Çalışmaları/Deney 1 Frame/Real/train/real_train_00542.jpg,real_train_00542.jpg
Real,train,/content/drive/MyDrive/AISC DeepFake Çalışmaları/FaceForensics_Projesi/real_frames/train/543/frame_000027.jpg,/content/drive/MyDrive/AISC DeepFake Çalışmaları/Deney 1 Frame/Real/train/real_train_00543.jpg,real_train_00543.jpg
Real,train,/content/drive/MyDrive/AISC DeepFake Çalışmaları/FaceForensics_Projesi/real_frames/train/943/frame_000023.jpg,/content/drive/MyDrive/AISC DeepFake Çalışmaları/Deney 1 Frame/Real/train/real_train_00544.jpg,real_train_00544.jpg
Real,train,/content/drive/MyDrive/AISC DeepFake Çalışmaları/FaceForensics_Projesi/real_frames/train/105/frame_000009.jpg,/content/drive/MyDrive/AISC DeepFake Çalışmaları/Deney 1 Frame/Real/train/real_train_00545.jpg,real_train_00545.jpg
Real,train,/content/drive/MyDrive/AISC DeepFake Çalışmaları/FaceForensics_Projesi/real_frames/train/063/frame_000045.jpg,/content/drive/MyDrive/AISC DeepFake Çalışmaları/Deney 1 Frame/Real/train/real_train_00546.jpg,real_train_00546.jpg
Real,train,/content/drive/MyDrive/AISC DeepFake Çalışmaları/FaceForensics_Projesi/real_frames/train/838/frame_000012.jpg,/content/drive/MyDrive/AISC DeepFake Çalışmaları/Deney 1 Frame/Real/train/real_train_00547.jpg,real_train_00547.jpg
Real,train,/content/drive/MyDrive/AISC DeepFake Çalışmaları/FaceForensics_Projesi/real_frames/train/126/frame_000010.jpg,/content/drive/MyDrive/AISC DeepFake Çalışmaları/Deney 1 Frame/Real/train/real_train_00548.jpg,real_train_00548.jpg
Real,train,/content/drive/MyDrive/AISC DeepFake Çalışmaları/FaceForensics_Projesi/real_frames/train/717/frame_000004.jpg,/content/drive/MyDrive/AISC DeepFake Çalışmaları/Deney 1 Frame/Real/train/real_train_00549.jpg,real_train_00549.jpg
Real,train,/content/drive/MyDrive/AISC DeepFake Çalışmaları/FaceForensics_Projesi/real_frames/train/800/frame_000002.jpg,/content/drive/MyDrive/AISC DeepFake Çalışmaları/Deney 1 Frame/Real/train/real_train_00550.jpg,real_train_00550.jpg
Real,train,/content/drive/MyDrive/AISC DeepFake Çalışmaları/FaceForensics_Projesi/real_frames/train/715/frame_000037.jpg,/content/drive/MyDrive/AISC DeepFake Çalışmaları/Deney 1 Frame/Real/train/real_train_00551.jpg,real_train_00551.jpg
Real,train,/content/drive/MyDrive/AISC DeepFake Çalışmaları/FaceForensics_Projesi/real_frames/train/495/frame_000017.jpg,/content/drive/MyDrive/AISC DeepFake Çalışmaları/Deney 1 Frame/Real/train/real_train_00552.jpg,real_train_00552.jpg
Real,train,/content/drive/MyDrive/AISC DeepFake Çalışmaları/FaceForensics_Projesi/real_frames/train/019/frame_000009.jpg,/content/drive/MyDrive/AISC DeepFake Çalışmaları/Deney 1 Frame/Real/train/real_train_00553.jpg,real_train_00553.jpg
Real,train,/content/drive/MyDrive/AISC DeepFake Çalışmaları/FaceForensics_Projesi/real_frames/train/910/frame_000008.jpg,/content/drive/MyDrive/AISC DeepFake Çalışmaları/Deney 1 Frame/Real/train/real_train_00554.jpg,real_train_00554.jpg
Real,train,/content/drive/MyDrive/AISC DeepFake Çalışmaları/FaceForensics_Projesi/real_frames/train/418/frame_000000.jpg,/content/drive/MyDrive/AISC DeepFake Çalışmaları/Deney 1 Frame/Real/train/real_train_00555.jpg,real_train_00555.jpg
Real,train,/content/drive/MyDrive/AISC DeepFake Çalışmaları/FaceForensics_Projesi/real_frames/train/529/frame_000002.jpg,/content/drive/MyDrive/AISC DeepFake Çalışmaları/Deney 1 Frame/Real/train/real_train_00556.jpg,real_train_00556.jpg
Real,train,/content/drive/MyDrive/AISC DeepFake Çalışmaları/FaceForensics_Projesi/real_frames/train/522/frame_000025.jpg,/content/drive/MyDrive/AISC DeepFake Çalışmaları/Deney 1 Frame/Real/train/real_train_00557.jpg,real_train_00557.jpg
Real,train,/content/drive/MyDrive/AISC DeepFake Çalışmaları/FaceForensics_Projesi/real_frames/train/434/frame_000002.jpg,/content/drive/MyDrive/AISC DeepFake Çalışmaları/Deney 1 Frame/Real/train/real_train_00558.jpg,real_train_00558.jpg
Real,train,/content/drive/MyDrive/AISC DeepFake Çalışmaları/FaceForensics_Projesi/real_frames/train/001/frame_000006.jpg,/content/drive/MyDrive/AISC DeepFake Çalışmaları/Deney 1 Frame/Real/train/real_train_00559.jpg,real_train_00559.jpg
Real,train,/content/drive/MyDrive/AISC DeepFake Çalışmaları/FaceForensics_Projesi/real_frames/train/878/frame_000005.jpg,/content/drive/MyDrive/AISC DeepFake Çalışmaları/Deney 1 Frame/Real/train/real_train_00560.jpg,real_train_00560.jpg
Real,train,/content/drive/MyDrive/AISC DeepFake Çalışmaları/FaceForensics_Projesi/real_frames/train/939/frame_000020.jpg,/content/drive/MyDrive/AISC DeepFake Çalışmaları/Deney 1 Frame/Real/train/real_train_00561.jpg,real_train_00561.jpg
Real,train,/content/drive/MyDrive/AISC DeepFake Çalışmaları/FaceForensics_Projesi/real_frames/train/490/frame_000011.jpg,/content/drive/MyDrive/AISC DeepFake Çalışmaları/Deney 1 Frame/Real/train/real_train_00562.jpg,real_train_00562.jpg
Real,train,/content/drive/MyDrive/AISC DeepFake Çalışmaları/FaceForensics_Projesi/real_frames/train/090/frame_000028.jpg,/content/drive/MyDrive/AISC DeepFake Çalışmaları/Deney 1 Frame/Real/train/real_train_00563.jpg,real_train_00563.jpg
Real,train,/content/drive/MyDrive/AISC DeepFake Çalışmaları/FaceForensics_Projesi/real_frames/train/923/frame_000024.jpg,/content/drive/MyDrive/AISC DeepFake Çalışmaları/Deney 1 Frame/Real/train/real_train_00564.jpg,real_train_00564.jpg
Real,train,/content/drive/MyDrive/AISC DeepFake Çalışmaları/FaceForensics_Projesi/real_frames/train/804/frame_000003.jpg,/content/drive/MyDrive/AISC DeepFake Çalışmaları/Deney 1 Frame/Real/train/real_train_00565.jpg,real_train_00565.jpg
Real,train,/content/drive/MyDrive/AISC DeepFake Çalışmaları/FaceForensics_Projesi/real_frames/train/638/frame_000009.jpg,/content/drive/MyDrive/AISC DeepFake Çalışmaları/Deney 1 Frame/Real/train/real_train_00566.jpg,real_train_00566.jpg
Real,train,/content/drive/MyDrive/AISC DeepFake Çalışmaları/FaceForensics_Projesi/real_frames/train/107/frame_000025.jpg,/content/drive/MyDrive/AISC DeepFake Çalışmaları/Deney 1 Frame/Real/train/real_train_00567.jpg,real_train_00567.jpg
Real,train,/content/drive/MyDrive/AISC DeepFake Çalışmaları/FaceForensics_Projesi/real_frames/train/539/frame_000007.jpg,/content/drive/MyDrive/AISC DeepFake Çalışmaları/Deney 1 Frame/Real/train/real_train_00568.jpg,real_train_00568.jpg
Real,train,/content/drive/MyDrive/AISC DeepFake Çalışmaları/FaceForensics_Projesi/real_frames/train/007/frame_000000.jpg,/content/drive/MyDrive/AISC DeepFake Çalışmaları/Deney 1 Frame/Real/train/real_train_00569.jpg,real_train_00569.jpg
Real,train,/content/drive/MyDrive/AISC DeepFake Çalışmaları/FaceForensics_Projesi/real_frames/train/326/frame_000050.jpg,/content/drive/MyDrive/AISC DeepFake Çalışmaları/Deney 1 Frame/Real/train/real_train_00570.jpg,real_train_00570.jpg
Real,train,/content/drive/MyDrive/AISC DeepFake Çalışmaları/FaceForensics_Projesi/real_frames/train/563/frame_000010.jpg,/content/drive/MyDrive/AISC DeepFake Çalışmaları/Deney 1 Frame/Real/train/real_train_00571.jpg,real_train_00571.jpg
Real,train,/content/drive/MyDrive/AISC DeepFake Çalışmaları/FaceForensics_Projesi/real_frames/train/632/frame_000003.jpg,/content/drive/MyDrive/AISC DeepFake Çalışmaları/Deney 1 Frame/Real/train/real_train_00572.jpg,real_train_00572.jpg
Real,train,/content/drive/MyDrive/AISC DeepFake Çalışmaları/FaceForensics_Projesi/real_frames/train/617/frame_000007.jpg,/content/drive/MyDrive/AISC DeepFake Çalışmaları/Deney 1 Frame/Real/train/real_train_00573.jpg,real_train_00573.jpg
Real,train,/content/drive/MyDrive/AISC DeepFake Çalışmaları/FaceForensics_Projesi/real_frames/train/294/frame_000020.jpg,/content/drive/MyDrive/AISC DeepFake Çalışmaları/Deney 1 Frame/Real/train/real_train_00574.jpg,real_train_00574.jpg
Real,train,/content/drive/MyDrive/AISC DeepFake Çalışmaları/FaceForensics_Projesi/real_frames/train/940/frame_000012.jpg,/content/drive/MyDrive/AISC DeepFake Çalışmaları/Deney 1 Frame/Real/train/real_train_00575.jpg,real_train_00575.jpg
Real,train,/content/drive/MyDrive/AISC DeepFake Çalışmaları/FaceForensics_Projesi/real_frames/train/302/frame_000018.jpg,/content/drive/MyDrive/AISC DeepFake Çalışmaları/Deney 1 Frame/Real/train/real_train_00576.jpg,real_train_00576.jpg
Real,train,/content/drive/MyDrive/AISC DeepFake Çalışmaları/FaceForensics_Projesi/real_frames/train/628/frame_000051.jpg,/content/drive/MyDrive/AISC DeepFake Çalışmaları/Deney 1 Frame/Real/train/real_train_00577.jpg,real_train_00577.jpg
Real,train,/content/drive/MyDrive/AISC DeepFake Çalışmaları/FaceForensics_Projesi/real_frames/train/255/frame_000004.jpg,/content/drive/MyDrive/AISC DeepFake Çalışmaları/Deney 1 Frame/Real/train/real_train_00578.jpg,real_train_00578.jpg
Real,train,/content/drive/MyDrive/AISC DeepFake Çalışmaları/FaceForensics_Projesi/real_frames/train/038/frame_000010.jpg,/content/drive/MyDrive/AISC DeepFake Çalışmaları/Deney 1 Frame/Real/train/real_train_00579.jpg,real_train_00579.jpg
Real,train,/content/drive/MyDrive/AISC DeepFake Çalışmaları/FaceForensics_Projesi/real_frames/train/519/frame_000031.jpg,/content/drive/MyDrive/AISC DeepFake Çalışmaları/Deney 1 Frame/Real/train/real_train_00580.jpg,real_train_00580.jpg
Real,train,/content/drive/MyDrive/AISC DeepFake Çalışmaları/FaceForensics_Projesi/real_frames/train/766/frame_000039.jpg,/content/drive/MyDrive/AISC DeepFake Çalışmaları/Deney 1 Frame/Real/train/real_train_00581.jpg,real_train_00581.jpg
Real,train,/content/drive/MyDrive/AISC DeepFake Çalışmaları/FaceForensics_Projesi/real_frames/train/243/frame_000015.jpg,/content/drive/MyDrive/AISC DeepFake Çalışmaları/Deney 1 Frame/Real/train/real_train_00582.jpg,real_train_00582.jpg
Real,train,/content/drive/MyDrive/AISC DeepFake Çalışmaları/FaceForensics_Projesi/real_frames/train/799/frame_000040.jpg,/content/drive/MyDrive/AISC DeepFake Çalışmaları/Deney 1 Frame/Real/train/real_train_00583.jpg,real_train_00583.jpg
Real,train,/content/drive/MyDrive/AISC DeepFake Çalışmaları/FaceForensics_Projesi/real_frames/train/761/frame_000003.jpg,/content/drive/MyDrive/AISC DeepFake Çalışmaları/Deney 1 Frame/Real/train/real_train_00584.jpg,real_train_00584.jpg
Real,train,/content/drive/MyDrive/AISC DeepFake Çalışmaları/FaceForensics_Projesi/real_frames/train/732/frame_000006.jpg,/content/drive/MyDrive/AISC DeepFake Çalışmaları/Deney 1 Frame/Real/train/real_train_00585.jpg,real_train_00585.jpg
Real,train,/content/drive/MyDrive/AISC DeepFake Çalışmaları/FaceForensics_Projesi/real_frames/train/914/frame_000014.jpg,/content/drive/MyDrive/AISC DeepFake Çalışmaları/Deney 1 Frame/Real/train/real_train_00586.jpg,real_train_00586.jpg
Real,train,/content/drive/MyDrive/AISC DeepFake Çalışmaları/FaceForensics_Projesi/real_frames/train/660/frame_000011.jpg,/content/drive/MyDrive/AISC DeepFake Çalışmaları/Deney 1 Frame/Real/train/real_train_00587.jpg,real_train_00587.jpg
Real,train,/content/drive/MyDrive/AISC DeepFake Çalışmaları/FaceForensics_Projesi/real_frames/train/133/frame_000017.jpg,/content/drive/MyDrive/AISC DeepFake Çalışmaları/Deney 1 Frame/Real/train/real_train_00588.jpg,real_train_00588.jpg
Real,train,/content/drive/MyDrive/AISC DeepFake Çalışmaları/FaceForensics_Projesi/real_frames/train/301/frame_000031.jpg,/content/drive/MyDrive/AISC DeepFake Çalışmaları/Deney 1 Frame/Real/train/real_train_00589.jpg,real_train_00589.jpg
Real,train,/content/drive/MyDrive/AISC DeepFake Çalışmaları/FaceForensics_Projesi/real_frames/train/578/frame_000000.jpg,/content/drive/MyDrive/AISC DeepFake Çalışmaları/Deney 1 Frame/Real/train/real_train_00590.jpg,real_train_00590.jpg
Real,train,/content/drive/MyDrive/AISC DeepFake Çalışmaları/FaceForensics_Projesi/real_frames/train/024/frame_000005.jpg,/content/drive/MyDrive/AISC DeepFake Çalışmaları/Deney 1 Frame/Real/train/real_train_00591.jpg,real_train_00591.jpg
Real,train,/content/drive/MyDrive/AISC DeepFake Çalışmaları/FaceForensics_Projesi/real_frames/train/562/frame_000002.jpg,/content/drive/MyDrive/AISC DeepFake Çalışmaları/Deney 1 Frame/Real/train/real_train_00592.jpg,real_train_00592.jpg
Real,train,/content/drive/MyDrive/AISC DeepFake Çalışmaları/FaceForensics_Projesi/real_frames/train/202/frame_000005.jpg,/content/drive/MyDrive/AISC DeepFake Çalışmaları/Deney 1 Frame/Real/train/real_train_00593.jpg,real_train_00593.jpg
Real,train,/content/drive/MyDrive/AISC DeepFake Çalışmaları/FaceForensics_Projesi/real_frames/train/414/frame_000020.jpg,/content/drive/MyDrive/AISC DeepFake Çalışmaları/Deney 1 Frame/Real/train/real_train_00594.jpg,real_train_00594.jpg
Real,train,/content/drive/MyDrive/AISC DeepFake Çalışmaları/FaceForensics_Projesi/real_frames/train/732/frame_000024.jpg,/content/drive/MyDrive/AISC DeepFake Çalışmaları/Deney 1 Frame/Real/train/real_train_00595.jpg,real_train_00595.jpg
Real,train,/content/drive/MyDrive/AISC DeepFake Çalışmaları/FaceForensics_Projesi/real_frames/train/635/frame_000004.jpg,/content/drive/MyDrive/AISC DeepFake Çalışmaları/Deney 1 Frame/Real/train/real_train_00596.jpg,real_train_00596.jpg
Real,train,/content/drive/MyDrive/AISC DeepFake Çalışmaları/FaceForensics_Projesi/real_frames/train/356/frame_000026.jpg,/content/drive/MyDrive/AISC DeepFake Çalışmaları/Deney 1 Frame/Real/train/real_train_00597.jpg,real_train_00597.jpg
Real,train,/content/drive/MyDrive/AISC DeepFake Çalışmaları/FaceForensics_Projesi/real_frames/train/262/frame_000000.jpg,/content/drive/MyDrive/AISC DeepFake Çalışmaları/Deney 1 Frame/Real/train/real_train_00598.jpg,real_train_00598.jpg
Real,train,/content/drive/MyDrive/AISC DeepFake Çalışmaları/FaceForensics_Projesi/real_frames/train/922/frame_000013.jpg,/content/drive/MyDrive/AISC DeepFake Çalışmaları/Deney 1 Frame/Real/train/real_train_00599.jpg,real_train_00599.jpg
Real,train,/content/drive/MyDrive/AISC DeepFake Çalışmaları/FaceForensics_Projesi/real_frames/train/554/frame_000001.jpg,/content/drive/MyDrive/AISC DeepFake Çalışmaları/Deney 1 Frame/Real/train/real_train_00600.jpg,real_train_00600.jpg
Real,train,/content/drive/MyDrive/AISC DeepFake Çalışmaları/FaceForensics_Projesi/real_frames/train/164/frame_000007.jpg,/content/drive/MyDrive/AISC DeepFake Çalışmaları/Deney 1 Frame/Real/train/real_train_00601.jpg,real_train_00601.jpg
Real,train,/content/drive/MyDrive/AISC DeepFake Çalışmaları/FaceForensics_Projesi/real_frames/train/497/frame_000009.jpg,/content/drive/MyDrive/AISC DeepFake Çalışmaları/Deney 1 Frame/Real/train/real_train_00602.jpg,real_train_00602.jpg
Real,train,/content/drive/MyDrive/AISC DeepFake Çalışmaları/FaceForensics_Projesi/real_frames/train/097/frame_000026.jpg,/content/drive/MyDrive/AISC DeepFake Çalışmaları/Deney 1 Frame/Real/train/real_train_00603.jpg,real_train_00603.jpg
Real,train,/content/drive/MyDrive/AISC DeepFake Çalışmaları/FaceForensics_Projesi/real_frames/train/744/frame_000007.jpg,/content/drive/MyDrive/AISC DeepFake Çalışmaları/Deney 1 Frame/Real/train/real_train_00604.jpg,real_train_00604.jpg
Real,train,/content/drive/MyDrive/AISC DeepFake Çalışmaları/FaceForensics_Projesi/real_frames/train/249/frame_000029.jpg,/content/drive/MyDrive/AISC DeepFake Çalışmaları/Deney 1 Frame/Real/train/real_train_00605.jpg,real_train_00605.jpg
Real,train,/content/drive/MyDrive/AISC DeepFake Çalışmaları/FaceForensics_Projesi/real_frames/train/855/frame_000025.jpg,/content/drive/MyDrive/AISC DeepFake Çalışmaları/Deney 1 Frame/Real/train/real_train_00606.jpg,real_train_00606.jpg
Real,train,/content/drive/MyDrive/AISC DeepFake Çalışmaları/FaceForensics_Projesi/real_frames/train/001/frame_000001.jpg,/content/drive/MyDrive/AISC DeepFake Çalışmaları/Deney 1 Frame/Real/train/real_train_00607.jpg,real_train_00607.jpg
Real,train,/content/drive/MyDrive/AISC DeepFake Çalışmaları/FaceForensics_Projesi/real_frames/train/125/frame_000013.jpg,/content/drive/MyDrive/AISC DeepFake Çalışmaları/Deney 1 Frame/Real/train/real_train_00608.jpg,real_train_00608.jpg
Real,train,/content/drive/MyDrive/AISC DeepFake Çalışmaları/FaceForensics_Projesi/real_frames/train/053/frame_000022.jpg,/content/drive/MyDrive/AISC DeepFake Çalışmaları/Deney 1 Frame/Real/train/real_train_00609.jpg,real_train_00609.jpg
Real,train,/content/drive/MyDrive/AISC DeepFake Çalışmaları/FaceForensics_Projesi/real_frames/train/023/frame_000028.jpg,/content/drive/MyDrive/AISC DeepFake Çalışmaları/Deney 1 Frame/Real/train/real_train_00610.jpg,real_train_00610.jpg
Real,train,/content/drive/MyDrive/AISC DeepFake Çalışmaları/FaceForensics_Projesi/real_frames/train/625/frame_000014.jpg,/content/drive/MyDrive/AISC DeepFake Çalışmaları/Deney 1 Frame/Real/train/real_train_00611.jpg,real_train_00611.jpg
Real,train,/content/drive/MyDrive/AISC DeepFake Çalışmaları/FaceForensics_Projesi/real_frames/train/164/frame_000034.jpg,/content/drive/MyDrive/AISC DeepFake Çalışmaları/Deney 1 Frame/Real/train/real_train_00612.jpg,real_train_00612.jpg
Real,train,/content/drive/MyDrive/AISC DeepFake Çalışmaları/FaceForensics_Projesi/real_frames/train/283/frame_000005.jpg,/content/drive/MyDrive/AISC DeepFake Çalışmaları/Deney 1 Frame/Real/train/real_train_00613.jpg,real_train_00613.jpg
Real,train,/content/drive/MyDrive/AISC DeepFake Çalışmaları/FaceForensics_Projesi/real_frames/train/708/frame_000023.jpg,/content/drive/MyDrive/AISC DeepFake Çalışmaları/Deney 1 Frame/Real/train/real_train_00614.jpg,real_train_00614.jpg
Real,train,/content/drive/MyDrive/AISC DeepFake Çalışmaları/FaceForensics_Projesi/real_frames/train/428/frame_000007.jpg,/content/drive/MyDrive/AISC DeepFake Çalışmaları/Deney 1 Frame/Real/train/real_train_00615.jpg,real_train_00615.jpg
Real,train,/content/drive/MyDrive/AISC DeepFake Çalışmaları/FaceForensics_Projesi/real_frames/train/407/frame_000005.jpg,/content/drive/MyDrive/AISC DeepFake Çalışmaları/Deney 1 Frame/Real/train/real_train_00616.jpg,real_train_00616.jpg
Real,train,/content/drive/MyDrive/AISC DeepFake Çalışmaları/FaceForensics_Projesi/real_frames/train/101/frame_000039.jpg,/content/drive/MyDrive/AISC DeepFake Çalışmaları/Deney 1 Frame/Real/train/real_train_00617.jpg,real_train_00617.jpg
Real,train,/content/drive/MyDrive/AISC DeepFake Çalışmaları/FaceForensics_Projesi/real_frames/train/927/frame_000023.jpg,/content/drive/MyDrive/AISC DeepFake Çalışmaları/Deney 1 Frame/Real/train/real_train_00618.jpg,real_train_00618.jpg
Real,train,/content/drive/MyDrive/AISC DeepFake Çalışmaları/FaceForensics_Projesi/real_frames/train/137/frame_000015.jpg,/content/drive/MyDrive/AISC DeepFake Çalışmaları/Deney 1 Frame/Real/train/real_train_00619.jpg,real_train_00619.jpg
Real,train,/content/drive/MyDrive/AISC DeepFake Çalışmaları/FaceForensics_Projesi/real_frames/train/553/frame_000005.jpg,/content/drive/MyDrive/AISC DeepFake Çalışmaları/Deney 1 Frame/Real/train/real_train_00620.jpg,real_train_00620.jpg
Real,train,/content/drive/MyDrive/AISC DeepFake Çalışmaları/FaceForensics_Projesi/real_frames/train/858/frame_000027.jpg,/content/drive/MyDrive/AISC DeepFake Çalışmaları/Deney 1 Frame/Real/train/real_train_00621.jpg,real_train_00621.jpg
Real,train,/content/drive/MyDrive/AISC DeepFake Çalışmaları/FaceForensics_Projesi/real_frames/train/499/frame_000009.jpg,/content/drive/MyDrive/AISC DeepFake Çalışmaları/Deney 1 Frame/Real/train/real_train_00622.jpg,real_train_00622.jpg
Real,train,/content/drive/MyDrive/AISC DeepFake Çalışmaları/FaceForensics_Projesi/real_frames/train/949/frame_000015.jpg,/content/drive/MyDrive/AISC DeepFake Çalışmaları/Deney 1 Frame/Real/train/real_train_00623.jpg,real_train_00623.jpg
Real,train,/content/drive/MyDrive/AISC DeepFake Çalışmaları/FaceForensics_Projesi/real_frames/train/446/frame_000001.jpg,/content/drive/MyDrive/AISC DeepFake Çalışmaları/Deney 1 Frame/Real/train/real_train_00624.jpg,real_train_00624.jpg
Real,train,/content/drive/MyDrive/AISC DeepFake Çalışmaları/FaceForensics_Projesi/real_frames/train/007/frame_000023.jpg,/content/drive/MyDrive/AISC DeepFake Çalışmaları/Deney 1 Frame/Real/train/real_train_00625.jpg,real_train_00625.jpg
Real,train,/content/drive/MyDrive/AISC DeepFake Çalışmaları/FaceForensics_Projesi/real_frames/train/561/frame_000010.jpg,/content/drive/MyDrive/AISC DeepFake Çalışmaları/Deney 1 Frame/Real/train/real_train_00626.jpg,real_train_00626.jpg
Real,train,/content/drive/MyDrive/AISC DeepFake Çalışmaları/FaceForensics_Projesi/real_frames/train/724/frame_000001.jpg,/content/drive/MyDrive/AISC DeepFake Çalışmaları/Deney 1 Frame/Real/train/real_train_00627.jpg,real_train_00627.jpg
Real,train,/content/drive/MyDrive/AISC DeepFake Çalışmaları/FaceForensics_Projesi/real_frames/train/962/frame_000018.jpg,/content/drive/MyDrive/AISC DeepFake Çalışmaları/Deney 1 Frame/Real/train/real_train_00628.jpg,real_train_00628.jpg
Real,train,/content/drive/MyDrive/AISC DeepFake Çalışmaları/FaceForensics_Projesi/real_frames/train/719/frame_000010.jpg,/content/drive/MyDrive/AISC DeepFake Çalışmaları/Deney 1 Frame/Real/train/real_train_00629.jpg,real_train_00629.jpg
Real,train,/content/drive/MyDrive/AISC DeepFake Çalışmaları/FaceForensics_Projesi/real_frames/train/571/frame_000012.jpg,/content/drive/MyDrive/AISC DeepFake Çalışmaları/Deney 1 Frame/Real/train/real_train_00630.jpg,real_train_00630.jpg
Real,train,/content/drive/MyDrive/AISC DeepFake Çalışmaları/FaceForensics_Projesi/real_frames/train/788/frame_000018.jpg,/content/drive/MyDrive/AISC DeepFake Çalışmaları/Deney 1 Frame/Real/train/real_train_00631.jpg,real_train_00631.jpg
Real,train,/content/drive/MyDrive/AISC DeepFake Çalışmaları/FaceForensics_Projesi/real_frames/train/752/frame_000030.jpg,/content/drive/MyDrive/AISC DeepFake Çalışmaları/Deney 1 Frame/Real/train/real_train_00632.jpg,real_train_00632.jpg
Real,train,/content/drive/MyDrive/AISC DeepFake Çalışmaları/FaceForensics_Projesi/real_frames/train/896/frame_000029.jpg,/content/drive/MyDrive/AISC DeepFake Çalışmaları/Deney 1 Frame/Real/train/real_train_00633.jpg,real_train_00633.jpg
Real,train,/content/drive/MyDrive/AISC DeepFake Çalışmaları/FaceForensics_Projesi/real_frames/train/757/frame_000019.jpg,/content/drive/MyDrive/AISC DeepFake Çalışmaları/Deney 1 Frame/Real/train/real_train_00634.jpg,real_train_00634.jpg
Real,train,/content/drive/MyDrive/AISC DeepFake Çalışmaları/FaceForensics_Projesi/real_frames/train/949/frame_000023.jpg,/content/drive/MyDrive/AISC DeepFake Çalışmaları/Deney 1 Frame/Real/train/real_train_00635.jpg,real_train_00635.jpg
Real,train,/content/drive/MyDrive/AISC DeepFake Çalışmaları/FaceForensics_Projesi/real_frames/train/515/frame_000000.jpg,/content/drive/MyDrive/AISC DeepFake Çalışmaları/Deney 1 Frame/Real/train/real_train_00636.jpg,real_train_00636.jpg
Real,train,/content/drive/MyDrive/AISC DeepFake Çalışmaları/FaceForensics_Projesi/real_frames/train/361/frame_000006.jpg,/content/drive/MyDrive/AISC DeepFake Çalışmaları/Deney 1 Frame/Real/train/real_train_00637.jpg,real_train_00637.jpg
Real,train,/content/drive/MyDrive/AISC DeepFake Çalışmaları/FaceForensics_Projesi/real_frames/train/382/frame_000004.jpg,/content/drive/MyDrive/AISC DeepFake Çalışmaları/Deney 1 Frame/Real/train/real_train_00638.jpg,real_train_00638.jpg
Real,train,/content/drive/MyDrive/AISC DeepFake Çalışmaları/FaceForensics_Projesi/real_frames/train/873/frame_000038.jpg,/content/drive/MyDrive/AISC DeepFake Çalışmaları/Deney 1 Frame/Real/train/real_train_00639.jpg,real_train_00639.jpg
Real,train,/content/drive/MyDrive/AISC DeepFake Çalışmaları/FaceForensics_Projesi/real_frames/train/460/frame_000003.jpg,/content/drive/MyDrive/AISC DeepFake Çalışmaları/Deney 1 Frame/Real/train/real_train_00640.jpg,real_train_00640.jpg
Real,train,/content/drive/MyDrive/AISC DeepFake Çalışmaları/FaceForensics_Projesi/real_frames/train/734/frame_000037.jpg,/content/drive/MyDrive/AISC DeepFake Çalışmaları/Deney 1 Frame/Real/train/real_train_00641.jpg,real_train_00641.jpg
Real,train,/content/drive/MyDrive/AISC DeepFake Çalışmaları/FaceForensics_Projesi/real_frames/train/164/frame_000042.jpg,/content/drive/MyDrive/AISC DeepFake Çalışmaları/Deney 1 Frame/Real/train/real_train_00642.jpg,real_train_00642.jpg
Real,train,/content/drive/MyDrive/AISC DeepFake Çalışmaları/FaceForensics_Projesi/real_frames/train/377/frame_000008.jpg,/content/drive/MyDrive/AISC DeepFake Çalışmaları/Deney 1 Frame/Real/train/real_train_00643.jpg,real_train_00643.jpg
Real,train,/content/drive/MyDrive/AISC DeepFake Çalışmaları/FaceForensics_Projesi/real_frames/train/540/frame_000052.jpg,/content/drive/MyDrive/AISC DeepFake Çalışmaları/Deney 1 Frame/Real/train/real_train_00644.jpg,real_train_00644.jpg
Real,train,/content/drive/MyDrive/AISC DeepFake Çalışmaları/FaceForensics_Projesi/real_frames/train/019/frame_000011.jpg,/content/drive/MyDrive/AISC DeepFake Çalışmaları/Deney 1 Frame/Real/train/real_train_00645.jpg,real_train_00645.jpg
Real,train,/content/drive/MyDrive/AISC DeepFake Çalışmaları/FaceForensics_Projesi/real_frames/train/054/frame_000001.jpg,/content/drive/MyDrive/AISC DeepFake Çalışmaları/Deney 1 Frame/Real/train/real_train_00646.jpg,real_train_00646.jpg
Real,train,/content/drive/MyDrive/AISC DeepFake Çalışmaları/FaceForensics_Projesi/real_frames/train/169/frame_000009.jpg,/content/drive/MyDrive/AISC DeepFake Çalışmaları/Deney 1 Frame/Real/train/real_train_00647.jpg,real_train_00647.jpg
Real,train,/content/drive/MyDrive/AISC DeepFake Çalışmaları/FaceForensics_Projesi/real_frames/train/649/frame_000035.jpg,/content/drive/MyDrive/AISC DeepFake Çalışmaları/Deney 1 Frame/Real/train/real_train_00648.jpg,real_train_00648.jpg
Real,train,/content/drive/MyDrive/AISC DeepFake Çalışmaları/FaceForensics_Projesi/real_frames/train/053/frame_000015.jpg,/content/drive/MyDrive/AISC DeepFake Çalışmaları/Deney 1 Frame/Real/train/real_train_00649.jpg,real_train_00649.jpg
Real,train,/content/drive/MyDrive/AISC DeepFake Çalışmaları/FaceForensics_Projesi/real_frames/train/761/frame_000014.jpg,/content/drive/MyDrive/AISC DeepFake Çalışmaları/Deney 1 Frame/Real/train/real_train_00650.jpg,real_train_00650.jpg
Real,train,/content/drive/MyDrive/AISC DeepFake Çalışmaları/FaceForensics_Projesi/real_frames/train/729/frame_000016.jpg,/content/drive/MyDrive/AISC DeepFake Çalışmaları/Deney 1 Frame/Real/train/real_train_00651.jpg,real_train_00651.jpg
Real,train,/content/drive/MyDrive/AISC DeepFake Çalışmaları/FaceForensics_Projesi/real_frames/train/943/frame_000014.jpg,/content/drive/MyDrive/AISC DeepFake Çalışmaları/Deney 1 Frame/Real/train/real_train_00652.jpg,real_train_00652.jpg
Real,train,/content/drive/MyDrive/AISC DeepFake Çalışmaları/FaceForensics_Projesi/real_frames/train/021/frame_000010.jpg,/content/drive/MyDrive/AISC DeepFake Çalışmaları/Deney 1 Frame/Real/train/real_train_00653.jpg,real_train_00653.jpg
Real,train,/content/drive/MyDrive/AISC DeepFake Çalışmaları/FaceForensics_Projesi/real_frames/train/007/frame_000024.jpg,/content/drive/MyDrive/AISC DeepFake Çalışmaları/Deney 1 Frame/Real/train/real_train_00654.jpg,real_train_00654.jpg
Real,train,/content/drive/MyDrive/AISC DeepFake Çalışmaları/FaceForensics_Projesi/real_frames/train/813/frame_000010.jpg,/content/drive/MyDrive/AISC DeepFake Çalışmaları/Deney 1 Frame/Real/train/real_train_00655.jpg,real_train_00655.jpg
Real,train,/content/drive/MyDrive/AISC DeepFake Çalışmaları/FaceForensics_Projesi/real_frames/train/977/frame_000024.jpg,/content/drive/MyDrive/AISC DeepFake Çalışmaları/Deney 1 Frame/Real/train/real_train_00656.jpg,real_train_00656.jpg
Real,train,/content/drive/MyDrive/AISC DeepFake Çalışmaları/FaceForensics_Projesi/real_frames/train/850/frame_000025.jpg,/content/drive/MyDrive/AISC DeepFake Çalışmaları/Deney 1 Frame/Real/train/real_train_00657.jpg,real_train_00657.jpg
Real,train,/content/drive/MyDrive/AISC DeepFake Çalışmaları/FaceForensics_Projesi/real_frames/train/924/frame_000029.jpg,/content/drive/MyDrive/AISC DeepFake Çalışmaları/Deney 1 Frame/Real/train/real_train_00658.jpg,real_train_00658.jpg
Real,train,/content/drive/MyDrive/AISC DeepFake Çalışmaları/FaceForensics_Projesi/real_frames/train/064/frame_000009.jpg,/content/drive/MyDrive/AISC DeepFake Çalışmaları/Deney 1 Frame/Real/train/real_train_00659.jpg,real_train_00659.jpg
Real,train,/content/drive/MyDrive/AISC DeepFake Çalışmaları/FaceForensics_Projesi/real_frames/train/244/frame_000025.jpg,/content/drive/MyDrive/AISC DeepFake Çalışmaları/Deney 1 Frame/Real/train/real_train_00660.jpg,real_train_00660.jpg
Real,train,/content/drive/MyDrive/AISC DeepFake Çalışmaları/FaceForensics_Projesi/real_frames/train/524/frame_000006.jpg,/content/drive/MyDrive/AISC DeepFake Çalışmaları/Deney 1 Frame/Real/train/real_train_00661.jpg,real_train_00661.jpg
Real,train,/content/drive/MyDrive/AISC DeepFake Çalışmaları/FaceForensics_Projesi/real_frames/train/426/frame_000015.jpg,/content/drive/MyDrive/AISC DeepFake Çalışmaları/Deney 1 Frame/Real/train/real_train_00662.jpg,real_train_00662.jpg
Real,train,/content/drive/MyDrive/AISC DeepFake Çalışmaları/FaceForensics_Projesi/real_frames/train/462/frame_000023.jpg,/content/drive/MyDrive/AISC DeepFake Çalışmaları/Deney 1 Frame/Real/train/real_train_00663.jpg,real_train_00663.jpg
Real,train,/content/drive/MyDrive/AISC DeepFake Çalışmaları/FaceForensics_Projesi/real_frames/train/534/frame_000005.jpg,/content/drive/MyDrive/AISC DeepFake Çalışmaları/Deney 1 Frame/Real/train/real_train_00664.jpg,real_train_00664.jpg
Real,train,/content/drive/MyDrive/AISC DeepFake Çalışmaları/FaceForensics_Projesi/real_frames/train/894/frame_000013.jpg,/content/drive/MyDrive/AISC DeepFake Çalışmaları/Deney 1 Frame/Real/train/real_train_00665.jpg,real_train_00665.jpg
Real,train,/content/drive/MyDrive/AISC DeepFake Çalışmaları/FaceForensics_Projesi/real_frames/train/424/frame_000012.jpg,/content/drive/MyDrive/AISC DeepFake Çalışmaları/Deney 1 Frame/Real/train/real_train_00666.jpg,real_train_00666.jpg
Real,train,/content/drive/MyDrive/AISC DeepFake Çalışmaları/FaceForensics_Projesi/real_frames/train/568/frame_000009.jpg,/content/drive/MyDrive/AISC DeepFake Çalışmaları/Deney 1 Frame/Real/train/real_train_00667.jpg,real_train_00667.jpg
Real,train,/content/drive/MyDrive/AISC DeepFake Çalışmaları/FaceForensics_Projesi/real_frames/train/227/frame_000010.jpg,/content/drive/MyDrive/AISC DeepFake Çalışmaları/Deney 1 Frame/Real/train/real_train_00668.jpg,real_train_00668.jpg
Real,train,/content/drive/MyDrive/AISC DeepFake Çalışmaları/FaceForensics_Projesi/real_frames/train/571/frame_000016.jpg,/content/drive/MyDrive/AISC DeepFake Çalışmaları/Deney 1 Frame/Real/train/real_train_00669.jpg,real_train_00669.jpg
Real,train,/content/drive/MyDrive/AISC DeepFake Çalışmaları/FaceForensics_Projesi/real_frames/train/874/frame_000013.jpg,/content/drive/MyDrive/AISC DeepFake Çalışmaları/Deney 1 Frame/Real/train/real_train_00670.jpg,real_train_00670.jpg
Real,train,/content/drive/MyDrive/AISC DeepFake Çalışmaları/FaceForensics_Projesi/real_frames/train/423/frame_000047.jpg,/content/drive/MyDrive/AISC DeepFake Çalışmaları/Deney 1 Frame/Real/train/real_train_00671.jpg,real_train_00671.jpg
Real,train,/content/drive/MyDrive/AISC DeepFake Çalışmaları/FaceForensics_Projesi/real_frames/train/932/frame_000020.jpg,/content/drive/MyDrive/AISC DeepFake Çalışmaları/Deney 1 Frame/Real/train/real_train_00672.jpg,real_train_00672.jpg
Real,train,/content/drive/MyDrive/AISC DeepFake Çalışmaları/FaceForensics_Projesi/real_frames/train/993/frame_000008.jpg,/content/drive/MyDrive/AISC DeepFake Çalışmaları/Deney 1 Frame/Real/train/real_train_00673.jpg,real_train_00673.jpg
Real,train,/content/drive/MyDrive/AISC DeepFake Çalışmaları/FaceForensics_Projesi/real_frames/train/752/frame_000031.jpg,/content/drive/MyDrive/AISC DeepFake Çalışmaları/Deney 1 Frame/Real/train/real_train_00674.jpg,real_train_00674.jpg
Real,train,/content/drive/MyDrive/AISC DeepFake Çalışmaları/FaceForensics_Projesi/real_frames/train/920/frame_000010.jpg,/content/drive/MyDrive/AISC DeepFake Çalışmaları/Deney 1 Frame/Real/train/real_train_00675.jpg,real_train_00675.jpg
Real,train,/content/drive/MyDrive/AISC DeepFake Çalışmaları/FaceForensics_Projesi/real_frames/train/949/frame_000020.jpg,/content/drive/MyDrive/AISC DeepFake Çalışmaları/Deney 1 Frame/Real/train/real_train_00676.jpg,real_train_00676.jpg
Real,train,/content/drive/MyDrive/AISC DeepFake Çalışmaları/FaceForensics_Projesi/real_frames/train/420/frame_000016.jpg,/content/drive/MyDrive/AISC DeepFake Çalışmaları/Deney 1 Frame/Real/train/real_train_00677.jpg,real_train_00677.jpg
Real,train,/content/drive/MyDrive/AISC DeepFake Çalışmaları/FaceForensics_Projesi/real_frames/train/703/frame_000006.jpg,/content/drive/MyDrive/AISC DeepFake Çalışmaları/Deney 1 Frame/Real/train/real_train_00678.jpg,real_train_00678.jpg
Real,train,/content/drive/MyDrive/AISC DeepFake Çalışmaları/FaceForensics_Projesi/real_frames/train/179/frame_000034.jpg,/content/drive/MyDrive/AISC DeepFake Çalışmaları/Deney 1 Frame/Real/train/real_train_00679.jpg,real_train_00679.jpg
Real,train,/content/drive/MyDrive/AISC DeepFake Çalışmaları/FaceForensics_Projesi/real_frames/train/292/frame_000019.jpg,/content/drive/MyDrive/AISC DeepFake Çalışmaları/Deney 1 Frame/Real/train/real_train_00680.jpg,real_train_00680.jpg
Real,train,/content/drive/MyDrive/AISC DeepFake Çalışmaları/FaceForensics_Projesi/real_frames/train/120/frame_000009.jpg,/content/drive/MyDrive/AISC DeepFake Çalışmaları/Deney 1 Frame/Real/train/real_train_00681.jpg,real_train_00681.jpg
Real,train,/content/drive/MyDrive/AISC DeepFake Çalışmaları/FaceForensics_Projesi/real_frames/train/513/frame_000003.jpg,/content/drive/MyDrive/AISC DeepFake Çalışmaları/Deney 1 Frame/Real/train/real_train_00682.jpg,real_train_00682.jpg
Real,train,/content/drive/MyDrive/AISC DeepFake Çalışmaları/FaceForensics_Projesi/real_frames/train/803/frame_000014.jpg,/content/drive/MyDrive/AISC DeepFake Çalışmaları/Deney 1 Frame/Real/train/real_train_00683.jpg,real_train_00683.jpg
Real,train,/content/drive/MyDrive/AISC DeepFake Çalışmaları/FaceForensics_Projesi/real_frames/train/421/frame_000014.jpg,/content/drive/MyDrive/AISC DeepFake Çalışmaları/Deney 1 Frame/Real/train/real_train_00684.jpg,real_train_00684.jpg
Real,train,/content/drive/MyDrive/AISC DeepFake Çalışmaları/FaceForensics_Projesi/real_frames/train/304/frame_000008.jpg,/content/drive/MyDrive/AISC DeepFake Çalışmaları/Deney 1 Frame/Real/train/real_train_00685.jpg,real_train_00685.jpg
Real,train,/content/drive/MyDrive/AISC DeepFake Çalışmaları/FaceForensics_Projesi/real_frames/train/075/frame_000010.jpg,/content/drive/MyDrive/AISC DeepFake Çalışmaları/Deney 1 Frame/Real/train/real_train_00686.jpg,real_train_00686.jpg
Real,train,/content/drive/MyDrive/AISC DeepFake Çalışmaları/FaceForensics_Projesi/real_frames/train/490/frame_000029.jpg,/content/drive/MyDrive/AISC DeepFake Çalışmaları/Deney 1 Frame/Real/train/real_train_00687.jpg,real_train_00687.jpg
Real,train,/content/drive/MyDrive/AISC DeepFake Çalışmaları/FaceForensics_Projesi/real_frames/train/265/frame_000001.jpg,/content/drive/MyDrive/AISC DeepFake Çalışmaları/Deney 1 Frame/Real/train/real_train_00688.jpg,real_train_00688.jpg
Real,train,/content/drive/MyDrive/AISC DeepFake Çalışmaları/FaceForensics_Projesi/real_frames/train/283/frame_000036.jpg,/content/drive/MyDrive/AISC DeepFake Çalışmaları/Deney 1 Frame/Real/train/real_train_00689.jpg,real_train_00689.jpg
Real,train,/content/drive/MyDrive/AISC DeepFake Çalışmaları/FaceForensics_Projesi/real_frames/train/976/frame_000010.jpg,/content/drive/MyDrive/AISC DeepFake Çalışmaları/Deney 1 Frame/Real/train/real_train_00690.jpg,real_train_00690.jpg
Real,train,/content/drive/MyDrive/AISC DeepFake Çalışmaları/FaceForensics_Projesi/real_frames/train/206/frame_000018.jpg,/content/drive/MyDrive/AISC DeepFake Çalışmaları/Deney 1 Frame/Real/train/real_train_00691.jpg,real_train_00691.jpg
Real,train,/content/drive/MyDrive/AISC DeepFake Çalışmaları/FaceForensics_Projesi/real_frames/train/343/frame_000006.jpg,/content/drive/MyDrive/AISC DeepFake Çalışmaları/Deney 1 Frame/Real/train/real_train_00692.jpg,real_train_00692.jpg
Real,train,/content/drive/MyDrive/AISC DeepFake Çalışmaları/FaceForensics_Projesi/real_frames/train/557/frame_000003.jpg,/content/drive/MyDrive/AISC DeepFake Çalışmaları/Deney 1 Frame/Real/train/real_train_00693.jpg,real_train_00693.jpg
Real,train,/content/drive/MyDrive/AISC DeepFake Çalışmaları/FaceForensics_Projesi/real_frames/train/333/frame_000014.jpg,/content/drive/MyDrive/AISC DeepFake Çalışmaları/Deney 1 Frame/Real/train/real_train_00694.jpg,real_train_00694.jpg
Real,train,/content/drive/MyDrive/AISC DeepFake Çalışmaları/FaceForensics_Projesi/real_frames/train/064/frame_000010.jpg,/content/drive/MyDrive/AISC DeepFake Çalışmaları/Deney 1 Frame/Real/train/real_train_00695.jpg,real_train_00695.jpg
Real,train,/content/drive/MyDrive/AISC DeepFake Çalışmaları/FaceForensics_Projesi/real_frames/train/552/frame_000005.jpg,/content/drive/MyDrive/AISC DeepFake Çalışmaları/Deney 1 Frame/Real/train/real_train_00696.jpg,real_train_00696.jpg
Real,train,/content/drive/MyDrive/AISC DeepFake Çalışmaları/FaceForensics_Projesi/real_frames/train/816/frame_000003.jpg,/content/drive/MyDrive/AISC DeepFake Çalışmaları/Deney 1 Frame/Real/train/real_train_00697.jpg,real_train_00697.jpg
Real,train,/content/drive/MyDrive/AISC DeepFake Çalışmaları/FaceForensics_Projesi/real_frames/train/586/frame_000005.jpg,/content/drive/MyDrive/AISC DeepFake Çalışmaları/Deney 1 Frame/Real/train/real_train_00698.jpg,real_train_00698.jpg
Real,train,/content/drive/MyDrive/AISC DeepFake Çalışmaları/FaceForensics_Projesi/real_frames/train/695/frame_000002.jpg,/content/drive/MyDrive/AISC DeepFake Çalışmaları/Deney 1 Frame/Real/train/real_train_00699.jpg,real_train_00699.jpg
Real,train,/content/drive/MyDrive/AISC DeepFake Çalışmaları/FaceForensics_Projesi/real_frames/train/691/frame_000008.jpg,/content/drive/MyDrive/AISC DeepFake Çalışmaları/Deney 1 Frame/Real/train/real_train_00700.jpg,real_train_00700.jpg
Real,train,/content/drive/MyDrive/AISC DeepFake Çalışmaları/FaceForensics_Projesi/real_frames/train/293/frame_000030.jpg,/content/drive/MyDrive/AISC DeepFake Çalışmaları/Deney 1 Frame/Real/train/real_train_00701.jpg,real_train_00701.jpg
Real,train,/content/drive/MyDrive/AISC DeepFake Çalışmaları/FaceForensics_Projesi/real_frames/train/627/frame_000020.jpg,/content/drive/MyDrive/AISC DeepFake Çalışmaları/Deney 1 Frame/Real/train/real_train_00702.jpg,real_train_00702.jpg
Real,train,/content/drive/MyDrive/AISC DeepFake Çalışmaları/FaceForensics_Projesi/real_frames/train/621/frame_000006.jpg,/content/drive/MyDrive/AISC DeepFake Çalışmaları/Deney 1 Frame/Real/train/real_train_00703.jpg,real_train_00703.jpg
Real,train,/content/drive/MyDrive/AISC DeepFake Çalışmaları/FaceForensics_Projesi/real_frames/train/499/frame_000020.jpg,/content/drive/MyDrive/AISC DeepFake Çalışmaları/Deney 1 Frame/Real/train/real_train_00704.jpg,real_train_00704.jpg
Real,train,/content/drive/MyDrive/AISC DeepFake Çalışmaları/FaceForensics_Projesi/real_frames/train/136/frame_000001.jpg,/content/drive/MyDrive/AISC DeepFake Çalışmaları/Deney 1 Frame/Real/train/real_train_00705.jpg,real_train_00705.jpg
Real,train,/content/drive/MyDrive/AISC DeepFake Çalışmaları/FaceForensics_Projesi/real_frames/train/691/frame_000028.jpg,/content/drive/MyDrive/AISC DeepFake Çalışmaları/Deney 1 Frame/Real/train/real_train_00706.jpg,real_train_00706.jpg
Real,train,/content/drive/MyDrive/AISC DeepFake Çalışmaları/FaceForensics_Projesi/real_frames/train/545/frame_000020.jpg,/content/drive/MyDrive/AISC DeepFake Çalışmaları/Deney 1 Frame/Real/train/real_train_00707.jpg,real_train_00707.jpg
Real,train,/content/drive/MyDrive/AISC DeepFake Çalışmaları/FaceForensics_Projesi/real_frames/train/640/frame_000002.jpg,/content/drive/MyDrive/AISC DeepFake Çalışmaları/Deney 1 Frame/Real/train/real_train_00708.jpg,real_train_00708.jpg
Real,train,/content/drive/MyDrive/AISC DeepFake Çalışmaları/FaceForensics_Projesi/real_frames/train/694/frame_000010.jpg,/content/drive/MyDrive/AISC DeepFake Çalışmaları/Deney 1 Frame/Real/train/real_train_00709.jpg,real_train_00709.jpg
Real,train,/content/drive/MyDrive/AISC DeepFake Çalışmaları/FaceForensics_Projesi/real_frames/train/164/frame_000013.jpg,/content/drive/MyDrive/AISC DeepFake Çalışmaları/Deney 1 Frame/Real/train/real_train_00710.jpg,real_train_00710.jpg
Real,train,/content/drive/MyDrive/AISC DeepFake Çalışmaları/FaceForensics_Projesi/real_frames/train/689/frame_000003.jpg,/content/drive/MyDrive/AISC DeepFake Çalışmaları/Deney 1 Frame/Real/train/real_train_00711.jpg,real_train_00711.jpg
Real,train,/content/drive/MyDrive/AISC DeepFake Çalışmaları/FaceForensics_Projesi/real_frames/train/409/frame_000011.jpg,/content/drive/MyDrive/AISC DeepFake Çalışmaları/Deney 1 Frame/Real/train/real_train_00712.jpg,real_train_00712.jpg
Real,train,/content/drive/MyDrive/AISC DeepFake Çalışmaları/FaceForensics_Projesi/real_frames/train/318/frame_000018.jpg,/content/drive/MyDrive/AISC DeepFake Çalışmaları/Deney 1 Frame/Real/train/real_train_00713.jpg,real_train_00713.jpg
Real,train,/content/drive/MyDrive/AISC DeepFake Çalışmaları/FaceForensics_Projesi/real_frames/train/337/frame_000016.jpg,/content/drive/MyDrive/AISC DeepFake Çalışmaları/Deney 1 Frame/Real/train/real_train_00714.jpg,real_train_00714.jpg
Real,train,/content/drive/MyDrive/AISC DeepFake Çalışmaları/FaceForensics_Projesi/real_frames/train/707/frame_000009.jpg,/content/drive/MyDrive/AISC DeepFake Çalışmaları/Deney 1 Frame/Real/train/real_train_00715.jpg,real_train_00715.jpg
Real,train,/content/drive/MyDrive/AISC DeepFake Çalışmaları/FaceForensics_Projesi/real_frames/train/550/frame_000003.jpg,/content/drive/MyDrive/AISC DeepFake Çalışmaları/Deney 1 Frame/Real/train/real_train_00716.jpg,real_train_00716.jpg
Real,train,/content/drive/MyDrive/AISC DeepFake Çalışmaları/FaceForensics_Projesi/real_frames/train/101/frame_000048.jpg,/content/drive/MyDrive/AISC DeepFake Çalışmaları/Deney 1 Frame/Real/train/real_train_00717.jpg,real_train_00717.jpg
Real,train,/content/drive/MyDrive/AISC DeepFake Çalışmaları/FaceForensics_Projesi/real_frames/train/583/frame_000011.jpg,/content/drive/MyDrive/AISC DeepFake Çalışmaları/Deney 1 Frame/Real/train/real_train_00718.jpg,real_train_00718.jpg
Real,train,/content/drive/MyDrive/AISC DeepFake Çalışmaları/FaceForensics_Projesi/real_frames/train/815/frame_000010.jpg,/content/drive/MyDrive/AISC DeepFake Çalışmaları/Deney 1 Frame/Real/train/real_train_00719.jpg,real_train_00719.jpg
Real,train,/content/drive/MyDrive/AISC DeepFake Çalışmaları/FaceForensics_Projesi/real_frames/train/653/frame_000019.jpg,/content/drive/MyDrive/AISC DeepFake Çalışmaları/Deney 1 Frame/Real/train/real_train_00720.jpg,real_train_00720.jpg
Real,train,/content/drive/MyDrive/AISC DeepFake Çalışmaları/FaceForensics_Projesi/real_frames/train/420/frame_000059.jpg,/content/drive/MyDrive/AISC DeepFake Çalışmaları/Deney 1 Frame/Real/train/real_train_00721.jpg,real_train_00721.jpg
Real,train,/content/drive/MyDrive/AISC DeepFake Çalışmaları/FaceForensics_Projesi/real_frames/train/240/frame_000036.jpg,/content/drive/MyDrive/AISC DeepFake Çalışmaları/Deney 1 Frame/Real/train/real_train_00722.jpg,real_train_00722.jpg
Real,train,/content/drive/MyDrive/AISC DeepFake Çalışmaları/FaceForensics_Projesi/real_frames/train/247/frame_000019.jpg,/content/drive/MyDrive/AISC DeepFake Çalışmaları/Deney 1 Frame/Real/train/real_train_00723.jpg,real_train_00723.jpg
Real,train,/content/drive/MyDrive/AISC DeepFake Çalışmaları/FaceForensics_Projesi/real_frames/train/478/frame_000003.jpg,/content/drive/MyDrive/AISC DeepFake Çalışmaları/Deney 1 Frame/Real/train/real_train_00724.jpg,real_train_00724.jpg
Real,train,/content/drive/MyDrive/AISC DeepFake Çalışmaları/FaceForensics_Projesi/real_frames/train/880/frame_000018.jpg,/content/drive/MyDrive/AISC DeepFake Çalışmaları/Deney 1 Frame/Real/train/real_train_00725.jpg,real_train_00725.jpg
Real,train,/content/drive/MyDrive/AISC DeepFake Çalışmaları/FaceForensics_Projesi/real_frames/train/785/frame_000020.jpg,/content/drive/MyDrive/AISC DeepFake Çalışmaları/Deney 1 Frame/Real/train/real_train_00726.jpg,real_train_00726.jpg
Real,train,/content/drive/MyDrive/AISC DeepFake Çalışmaları/FaceForensics_Projesi/real_frames/train/422/frame_000004.jpg,/content/drive/MyDrive/AISC DeepFake Çalışmaları/Deney 1 Frame/Real/train/real_train_00727.jpg,real_train_00727.jpg
Real,train,/content/drive/MyDrive/AISC DeepFake Çalışmaları/FaceForensics_Projesi/real_frames/train/682/frame_000011.jpg,/content/drive/MyDrive/AISC DeepFake Çalışmaları/Deney 1 Frame/Real/train/real_train_00728.jpg,real_train_00728.jpg
Real,train,/content/drive/MyDrive/AISC DeepFake Çalışmaları/FaceForensics_Projesi/real_frames/train/812/frame_000019.jpg,/content/drive/MyDrive/AISC DeepFake Çalışmaları/Deney 1 Frame/Real/train/real_train_00729.jpg,real_train_00729.jpg
Real,train,/content/drive/MyDrive/AISC DeepFake Çalışmaları/FaceForensics_Projesi/real_frames/train/489/frame_000024.jpg,/content/drive/MyDrive/AISC DeepFake Çalışmaları/Deney 1 Frame/Real/train/real_train_00730.jpg,real_train_00730.jpg
Real,train,/content/drive/MyDrive/AISC DeepFake Çalışmaları/FaceForensics_Projesi/real_frames/train/371/frame_000036.jpg,/content/drive/MyDrive/AISC DeepFake Çalışmaları/Deney 1 Frame/Real/train/real_train_00731.jpg,real_train_00731.jpg
Real,train,/content/drive/MyDrive/AISC DeepFake Çalışmaları/FaceForensics_Projesi/real_frames/train/507/frame_000012.jpg,/content/drive/MyDrive/AISC DeepFake Çalışmaları/Deney 1 Frame/Real/train/real_train_00732.jpg,real_train_00732.jpg
Real,train,/content/drive/MyDrive/AISC DeepFake Çalışmaları/FaceForensics_Projesi/real_frames/train/860/frame_000017.jpg,/content/drive/MyDrive/AISC DeepFake Çalışmaları/Deney 1 Frame/Real/train/real_train_00733.jpg,real_train_00733.jpg
Real,train,/content/drive/MyDrive/AISC DeepFake Çalışmaları/FaceForensics_Projesi/real_frames/train/319/frame_000003.jpg,/content/drive/MyDrive/AISC DeepFake Çalışmaları/Deney 1 Frame/Real/train/real_train_00734.jpg,real_train_00734.jpg
Real,train,/content/drive/MyDrive/AISC DeepFake Çalışmaları/FaceForensics_Projesi/real_frames/train/365/frame_000000.jpg,/content/drive/MyDrive/AISC DeepFake Çalışmaları/Deney 1 Frame/Real/train/real_train_00735.jpg,real_train_00735.jpg
Real,train,/content/drive/MyDrive/AISC DeepFake Çalışmaları/FaceForensics_Projesi/real_frames/train/279/frame_000022.jpg,/content/drive/MyDrive/AISC DeepFake Çalışmaları/Deney 1 Frame/Real/train/real_train_00736.jpg,real_train_00736.jpg
Real,train,/content/drive/MyDrive/AISC DeepFake Çalışmaları/FaceForensics_Projesi/real_frames/train/495/frame_000026.jpg,/content/drive/MyDrive/AISC DeepFake Çalışmaları/Deney 1 Frame/Real/train/real_train_00737.jpg,real_train_00737.jpg
Real,train,/content/drive/MyDrive/AISC DeepFake Çalışmaları/FaceForensics_Projesi/real_frames/train/423/frame_000062.jpg,/content/drive/MyDrive/AISC DeepFake Çalışmaları/Deney 1 Frame/Real/train/real_train_00738.jpg,real_train_00738.jpg
Real,train,/content/drive/MyDrive/AISC DeepFake Çalışmaları/FaceForensics_Projesi/real_frames/train/430/frame_000014.jpg,/content/drive/MyDrive/AISC DeepFake Çalışmaları/Deney 1 Frame/Real/train/real_train_00739.jpg,real_train_00739.jpg
Real,train,/content/drive/MyDrive/AISC DeepFake Çalışmaları/FaceForensics_Projesi/real_frames/train/602/frame_000013.jpg,/content/drive/MyDrive/AISC DeepFake Çalışmaları/Deney 1 Frame/Real/train/real_train_00740.jpg,real_train_00740.jpg
Real,train,/content/drive/MyDrive/AISC DeepFake Çalışmaları/FaceForensics_Projesi/real_frames/train/168/frame_000055.jpg,/content/drive/MyDrive/AISC DeepFake Çalışmaları/Deney 1 Frame/Real/train/real_train_00741.jpg,real_train_00741.jpg
Real,train,/content/drive/MyDrive/AISC DeepFake Çalışmaları/FaceForensics_Projesi/real_frames/train/015/frame_000020.jpg,/content/drive/MyDrive/AISC DeepFake Çalışmaları/Deney 1 Frame/Real/train/real_train_00742.jpg,real_train_00742.jpg
Real,train,/content/drive/MyDrive/AISC DeepFake Çalışmaları/FaceForensics_Projesi/real_frames/train/816/frame_000004.jpg,/content/drive/MyDrive/AISC DeepFake Çalışmaları/Deney 1 Frame/Real/train/real_train_00743.jpg,real_train_00743.jpg
Real,train,/content/drive/MyDrive/AISC DeepFake Çalışmaları/FaceForensics_Projesi/real_frames/train/669/frame_000023.jpg,/content/drive/MyDrive/AISC DeepFake Çalışmaları/Deney 1 Frame/Real/train/real_train_00744.jpg,real_train_00744.jpg
Real,train,/content/drive/MyDrive/AISC DeepFake Çalışmaları/FaceForensics_Projesi/real_frames/train/190/frame_000015.jpg,/content/drive/MyDrive/AISC DeepFake Çalışmaları/Deney 1 Frame/Real/train/real_train_00745.jpg,real_train_00745.jpg
Real,train,/content/drive/MyDrive/AISC DeepFake Çalışmaları/FaceForensics_Projesi/real_frames/train/509/frame_000014.jpg,/content/drive/MyDrive/AISC DeepFake Çalışmaları/Deney 1 Frame/Real/train/real_train_00746.jpg,real_train_00746.jpg
Real,train,/content/drive/MyDrive/AISC DeepFake Çalışmaları/FaceForensics_Projesi/real_frames/train/372/frame_000026.jpg,/content/drive/MyDrive/AISC DeepFake Çalışmaları/Deney 1 Frame/Real/train/real_train_00747.jpg,real_train_00747.jpg
Real,train,/content/drive/MyDrive/AISC DeepFake Çalışmaları/FaceForensics_Projesi/real_frames/train/943/frame_000012.jpg,/content/drive/MyDrive/AISC DeepFake Çalışmaları/Deney 1 Frame/Real/train/real_train_00748.jpg,real_train_00748.jpg
Real,train,/content/drive/MyDrive/AISC DeepFake Çalışmaları/FaceForensics_Projesi/real_frames/train/981/frame_000003.jpg,/content/drive/MyDrive/AISC DeepFake Çalışmaları/Deney 1 Frame/Real/train/real_train_00749.jpg,real_train_00749.jpg
Real,train,/content/drive/MyDrive/AISC DeepFake Çalışmaları/FaceForensics_Projesi/real_frames/train/134/frame_000007.jpg,/content/drive/MyDrive/AISC DeepFake Çalışmaları/Deney 1 Frame/Real/train/real_train_00750.jpg,real_train_00750.jpg
Real,train,/content/drive/MyDrive/AISC DeepFake Çalışmaları/FaceForensics_Projesi/real_frames/train/049/frame_000008.jpg,/content/drive/MyDrive/AISC DeepFake Çalışmaları/Deney 1 Frame/Real/train/real_train_00751.jpg,real_train_00751.jpg
Real,train,/content/drive/MyDrive/AISC DeepFake Çalışmaları/FaceForensics_Projesi/real_frames/train/783/frame_000005.jpg,/content/drive/MyDrive/AISC DeepFake Çalışmaları/Deney 1 Frame/Real/train/real_train_00752.jpg,real_train_00752.jpg
Real,train,/content/drive/MyDrive/AISC DeepFake Çalışmaları/FaceForensics_Projesi/real_frames/train/844/frame_000024.jpg,/content/drive/MyDrive/AISC DeepFake Çalışmaları/Deney 1 Frame/Real/train/real_train_00753.jpg,real_train_00753.jpg
Real,train,/content/drive/MyDrive/AISC DeepFake Çalışmaları/FaceForensics_Projesi/real_frames/train/682/frame_000023.jpg,/content/drive/MyDrive/AISC DeepFake Çalışmaları/Deney 1 Frame/Real/train/real_train_00754.jpg,real_train_00754.jpg
Real,train,/content/drive/MyDrive/AISC DeepFake Çalışmaları/FaceForensics_Projesi/real_frames/train/555/frame_000014.jpg,/content/drive/MyDrive/AISC DeepFake Çalışmaları/Deney 1 Frame/Real/train/real_train_00755.jpg,real_train_00755.jpg
Real,train,/content/drive/MyDrive/AISC DeepFake Çalışmaları/FaceForensics_Projesi/real_frames/train/548/frame_000014.jpg,/content/drive/MyDrive/AISC DeepFake Çalışmaları/Deney 1 Frame/Real/train/real_train_00756.jpg,real_train_00756.jpg
Real,train,/content/drive/MyDrive/AISC DeepFake Çalışmaları/FaceForensics_Projesi/real_frames/train/575/frame_000003.jpg,/content/drive/MyDrive/AISC DeepFake Çalışmaları/Deney 1 Frame/Real/train/real_train_00757.jpg,real_train_00757.jpg
Real,train,/content/drive/MyDrive/AISC DeepFake Çalışmaları/FaceForensics_Projesi/real_frames/train/660/frame_000009.jpg,/content/drive/MyDrive/AISC DeepFake Çalışmaları/Deney 1 Frame/Real/train/real_train_00758.jpg,real_train_00758.jpg
Real,train,/content/drive/MyDrive/AISC DeepFake Çalışmaları/FaceForensics_Projesi/real_frames/train/331/frame_000025.jpg,/content/drive/MyDrive/AISC DeepFake Çalışmaları/Deney 1 Frame/Real/train/real_train_00759.jpg,real_train_00759.jpg
Real,train,/content/drive/MyDrive/AISC DeepFake Çalışmaları/FaceForensics_Projesi/real_frames/train/240/frame_000055.jpg,/content/drive/MyDrive/AISC DeepFake Çalışmaları/Deney 1 Frame/Real/train/real_train_00760.jpg,real_train_00760.jpg
Real,train,/content/drive/MyDrive/AISC DeepFake Çalışmaları/FaceForensics_Projesi/real_frames/train/801/frame_000014.jpg,/content/drive/MyDrive/AISC DeepFake Çalışmaları/Deney 1 Frame/Real/train/real_train_00761.jpg,real_train_00761.jpg
Real,train,/content/drive/MyDrive/AISC DeepFake Çalışmaları/FaceForensics_Projesi/real_frames/train/933/frame_000018.jpg,/content/drive/MyDrive/AISC DeepFake Çalışmaları/Deney 1 Frame/Real/train/real_train_00762.jpg,real_train_00762.jpg
Real,train,/content/drive/MyDrive/AISC DeepFake Çalışmaları/FaceForensics_Projesi/real_frames/train/189/frame_000012.jpg,/content/drive/MyDrive/AISC DeepFake Çalışmaları/Deney 1 Frame/Real/train/real_train_00763.jpg,real_train_00763.jpg
Real,train,/content/drive/MyDrive/AISC DeepFake Çalışmaları/FaceForensics_Projesi/real_frames/train/310/frame_000009.jpg,/content/drive/MyDrive/AISC DeepFake Çalışmaları/Deney 1 Frame/Real/train/real_train_00764.jpg,real_train_00764.jpg
Real,train,/content/drive/MyDrive/AISC DeepFake Çalışmaları/FaceForensics_Projesi/real_frames/train/148/frame_000019.jpg,/content/drive/MyDrive/AISC DeepFake Çalışmaları/Deney 1 Frame/Real/train/real_train_00765.jpg,real_train_00765.jpg
Real,train,/content/drive/MyDrive/AISC DeepFake Çalışmaları/FaceForensics_Projesi/real_frames/train/815/frame_000023.jpg,/content/drive/MyDrive/AISC DeepFake Çalışmaları/Deney 1 Frame/Real/train/real_train_00766.jpg,real_train_00766.jpg
Real,train,/content/drive/MyDrive/AISC DeepFake Çalışmaları/FaceForensics_Projesi/real_frames/train/813/frame_000017.jpg,/content/drive/MyDrive/AISC DeepFake Çalışmaları/Deney 1 Frame/Real/train/real_train_00767.jpg,real_train_00767.jpg
Real,train,/content/drive/MyDrive/AISC DeepFake Çalışmaları/FaceForensics_Projesi/real_frames/train/682/frame_000005.jpg,/content/drive/MyDrive/AISC DeepFake Çalışmaları/Deney 1 Frame/Real/train/real_train_00768.jpg,real_train_00768.jpg
Real,train,/content/drive/MyDrive/AISC DeepFake Çalışmaları/FaceForensics_Projesi/real_frames/train/068/frame_000018.jpg,/content/drive/MyDrive/AISC DeepFake Çalışmaları/Deney 1 Frame/Real/train/real_train_00769.jpg,real_train_00769.jpg
Real,train,/content/drive/MyDrive/AISC DeepFake Çalışmaları/FaceForensics_Projesi/real_frames/train/444/frame_000013.jpg,/content/drive/MyDrive/AISC DeepFake Çalışmaları/Deney 1 Frame/Real/train/real_train_00770.jpg,real_train_00770.jpg
Real,train,/content/drive/MyDrive/AISC DeepFake Çalışmaları/FaceForensics_Projesi/real_frames/train/588/frame_000015.jpg,/content/drive/MyDrive/AISC DeepFake Çalışmaları/Deney 1 Frame/Real/train/real_train_00771.jpg,real_train_00771.jpg
Real,train,/content/drive/MyDrive/AISC DeepFake Çalışmaları/FaceForensics_Projesi/real_frames/train/578/frame_000004.jpg,/content/drive/MyDrive/AISC DeepFake Çalışmaları/Deney 1 Frame/Real/train/real_train_00772.jpg,real_train_00772.jpg
Real,train,/content/drive/MyDrive/AISC DeepFake Çalışmaları/FaceForensics_Projesi/real_frames/train/490/frame_000006.jpg,/content/drive/MyDrive/AISC DeepFake Çalışmaları/Deney 1 Frame/Real/train/real_train_00773.jpg,real_train_00773.jpg
Real,train,/content/drive/MyDrive/AISC DeepFake Çalışmaları/FaceForensics_Projesi/real_frames/train/895/frame_000002.jpg,/content/drive/MyDrive/AISC DeepFake Çalışmaları/Deney 1 Frame/Real/train/real_train_00774.jpg,real_train_00774.jpg
Real,train,/content/drive/MyDrive/AISC DeepFake Çalışmaları/FaceForensics_Projesi/real_frames/train/810/frame_000002.jpg,/content/drive/MyDrive/AISC DeepFake Çalışmaları/Deney 1 Frame/Real/train/real_train_00775.jpg,real_train_00775.jpg
Real,train,/content/drive/MyDrive/AISC DeepFake Çalışmaları/FaceForensics_Projesi/real_frames/train/356/frame_000020.jpg,/content/drive/MyDrive/AISC DeepFake Çalışmaları/Deney 1 Frame/Real/train/real_train_00776.jpg,real_train_00776.jpg
Real,train,/content/drive/MyDrive/AISC DeepFake Çalışmaları/FaceForensics_Projesi/real_frames/train/684/frame_000017.jpg,/content/drive/MyDrive/AISC DeepFake Çalışmaları/Deney 1 Frame/Real/train/real_train_00777.jpg,real_train_00777.jpg
Real,train,/content/drive/MyDrive/AISC DeepFake Çalışmaları/FaceForensics_Projesi/real_frames/train/873/frame_000002.jpg,/content/drive/MyDrive/AISC DeepFake Çalışmaları/Deney 1 Frame/Real/train/real_train_00778.jpg,real_train_00778.jpg
Real,train,/content/drive/MyDrive/AISC DeepFake Çalışmaları/FaceForensics_Projesi/real_frames/train/231/frame_000007.jpg,/content/drive/MyDrive/AISC DeepFake Çalışmaları/Deney 1 Frame/Real/train/real_train_00779.jpg,real_train_00779.jpg
Real,train,/content/drive/MyDrive/AISC DeepFake Çalışmaları/FaceForensics_Projesi/real_frames/train/341/frame_000024.jpg,/content/drive/MyDrive/AISC DeepFake Çalışmaları/Deney 1 Frame/Real/train/real_train_00780.jpg,real_train_00780.jpg
Real,train,/content/drive/MyDrive/AISC DeepFake Çalışmaları/FaceForensics_Projesi/real_frames/train/909/frame_000022.jpg,/content/drive/MyDrive/AISC DeepFake Çalışmaları/Deney 1 Frame/Real/train/real_train_00781.jpg,real_train_00781.jpg
Real,train,/content/drive/MyDrive/AISC DeepFake Çalışmaları/FaceForensics_Projesi/real_frames/train/508/frame_000004.jpg,/content/drive/MyDrive/AISC DeepFake Çalışmaları/Deney 1 Frame/Real/train/real_train_00782.jpg,real_train_00782.jpg
Real,train,/content/drive/MyDrive/AISC DeepFake Çalışmaları/FaceForensics_Projesi/real_frames/train/051/frame_000015.jpg,/content/drive/MyDrive/AISC DeepFake Çalışmaları/Deney 1 Frame/Real/train/real_train_00783.jpg,real_train_00783.jpg
Real,train,/content/drive/MyDrive/AISC DeepFake Çalışmaları/FaceForensics_Projesi/real_frames/train/634/frame_000005.jpg,/content/drive/MyDrive/AISC DeepFake Çalışmaları/Deney 1 Frame/Real/train/real_train_00784.jpg,real_train_00784.jpg
Real,train,/content/drive/MyDrive/AISC DeepFake Çalışmaları/FaceForensics_Projesi/real_frames/train/723/frame_000017.jpg,/content/drive/MyDrive/AISC DeepFake Çalışmaları/Deney 1 Frame/Real/train/real_train_00785.jpg,real_train_00785.jpg
Real,train,/content/drive/MyDrive/AISC DeepFake Çalışmaları/FaceForensics_Projesi/real_frames/train/267/frame_000003.jpg,/content/drive/MyDrive/AISC DeepFake Çalışmaları/Deney 1 Frame/Real/train/real_train_00786.jpg,real_train_00786.jpg
Real,train,/content/drive/MyDrive/AISC DeepFake Çalışmaları/FaceForensics_Projesi/real_frames/train/827/frame_000006.jpg,/content/drive/MyDrive/AISC DeepFake Çalışmaları/Deney 1 Frame/Real/train/real_train_00787.jpg,real_train_00787.jpg
Real,train,/content/drive/MyDrive/AISC DeepFake Çalışmaları/FaceForensics_Projesi/real_frames/train/287/frame_000004.jpg,/content/drive/MyDrive/AISC DeepFake Çalışmaları/Deney 1 Frame/Real/train/real_train_00788.jpg,real_train_00788.jpg
Real,train,/content/drive/MyDrive/AISC DeepFake Çalışmaları/FaceForensics_Projesi/real_frames/train/045/frame_000009.jpg,/content/drive/MyDrive/AISC DeepFake Çalışmaları/Deney 1 Frame/Real/train/real_train_00789.jpg,real_train_00789.jpg
Real,train,/content/drive/MyDrive/AISC DeepFake Çalışmaları/FaceForensics_Projesi/real_frames/train/460/frame_000001.jpg,/content/drive/MyDrive/AISC DeepFake Çalışmaları/Deney 1 Frame/Real/train/real_train_00790.jpg,real_train_00790.jpg
Real,train,/content/drive/MyDrive/AISC DeepFake Çalışmaları/FaceForensics_Projesi/real_frames/train/197/frame_000011.jpg,/content/drive/MyDrive/AISC DeepFake Çalışmaları/Deney 1 Frame/Real/train/real_train_00791.jpg,real_train_00791.jpg
Real,train,/content/drive/MyDrive/AISC DeepFake Çalışmaları/FaceForensics_Projesi/real_frames/train/010/frame_000002.jpg,/content/drive/MyDrive/AISC DeepFake Çalışmaları/Deney 1 Frame/Real/train/real_train_00792.jpg,real_train_00792.jpg
Real,train,/content/drive/MyDrive/AISC DeepFake Çalışmaları/FaceForensics_Projesi/real_frames/train/516/frame_000009.jpg,/content/drive/MyDrive/AISC DeepFake Çalışmaları/Deney 1 Frame/Real/train/real_train_00793.jpg,real_train_00793.jpg
Real,train,/content/drive/MyDrive/AISC DeepFake Çalışmaları/FaceForensics_Projesi/real_frames/train/485/frame_000002.jpg,/content/drive/MyDrive/AISC DeepFake Çalışmaları/Deney 1 Frame/Real/train/real_train_00794.jpg,real_train_00794.jpg
Real,train,/content/drive/MyDrive/AISC DeepFake Çalışmaları/FaceForensics_Projesi/real_frames/train/334/frame_000019.jpg,/content/drive/MyDrive/AISC DeepFake Çalışmaları/Deney 1 Frame/Real/train/real_train_00795.jpg,real_train_00795.jpg
Real,train,/content/drive/MyDrive/AISC DeepFake Çalışmaları/FaceForensics_Projesi/real_frames/train/945/frame_000007.jpg,/content/drive/MyDrive/AISC DeepFake Çalışmaları/Deney 1 Frame/Real/train/real_train_00796.jpg,real_train_00796.jpg
Real,train,/content/drive/MyDrive/AISC DeepFake Çalışmaları/FaceForensics_Projesi/real_frames/train/942/frame_000028.jpg,/content/drive/MyDrive/AISC DeepFake Çalışmaları/Deney 1 Frame/Real/train/real_train_00797.jpg,real_train_00797.jpg
Real,train,/content/drive/MyDrive/AISC DeepFake Çalışmaları/FaceForensics_Projesi/real_frames/train/620/frame_000035.jpg,/content/drive/MyDrive/AISC DeepFake Çalışmaları/Deney 1 Frame/Real/train/real_train_00798.jpg,real_train_00798.jpg
Real,train,/content/drive/MyDrive/AISC DeepFake Çalışmaları/FaceForensics_Projesi/real_frames/train/101/frame_000005.jpg,/content/drive/MyDrive/AISC DeepFake Çalışmaları/Deney 1 Frame/Real/train/real_train_00799.jpg,real_train_00799.jpg
Real,train,/content/drive/MyDrive/AISC DeepFake Çalışmaları/FaceForensics_Projesi/real_frames/train/487/frame_000011.jpg,/content/drive/MyDrive/AISC DeepFake Çalışmaları/Deney 1 Frame/Real/train/real_train_00800.jpg,real_train_00800.jpg
Real,train,/content/drive/MyDrive/AISC DeepFake Çalışmaları/FaceForensics_Projesi/real_frames/train/312/frame_000007.jpg,/content/drive/MyDrive/AISC DeepFake Çalışmaları/Deney 1 Frame/Real/train/real_train_00801.jpg,real_train_00801.jpg
Real,train,/content/drive/MyDrive/AISC DeepFake Çalışmaları/FaceForensics_Projesi/real_frames/train/518/frame_000005.jpg,/content/drive/MyDrive/AISC DeepFake Çalışmaları/Deney 1 Frame/Real/train/real_train_00802.jpg,real_train_00802.jpg
Real,train,/content/drive/MyDrive/AISC DeepFake Çalışmaları/FaceForensics_Projesi/real_frames/train/561/frame_000000.jpg,/content/drive/MyDrive/AISC DeepFake Çalışmaları/Deney 1 Frame/Real/train/real_train_00803.jpg,real_train_00803.jpg
Real,train,/content/drive/MyDrive/AISC DeepFake Çalışmaları/FaceForensics_Projesi/real_frames/train/315/frame_000014.jpg,/content/drive/MyDrive/AISC DeepFake Çalışmaları/Deney 1 Frame/Real/train/real_train_00804.jpg,real_train_00804.jpg
Real,train,/content/drive/MyDrive/AISC DeepFake Çalışmaları/FaceForensics_Projesi/real_frames/train/015/frame_000015.jpg,/content/drive/MyDrive/AISC DeepFake Çalışmaları/Deney 1 Frame/Real/train/real_train_00805.jpg,real_train_00805.jpg
Real,train,/content/drive/MyDrive/AISC DeepFake Çalışmaları/FaceForensics_Projesi/real_frames/train/428/frame_000020.jpg,/content/drive/MyDrive/AISC DeepFake Çalışmaları/Deney 1 Frame/Real/train/real_train_00806.jpg,real_train_00806.jpg
Real,train,/content/drive/MyDrive/AISC DeepFake Çalışmaları/FaceForensics_Projesi/real_frames/train/878/frame_000003.jpg,/content/drive/MyDrive/AISC DeepFake Çalışmaları/Deney 1 Frame/Real/train/real_train_00807.jpg,real_train_00807.jpg
Real,train,/content/drive/MyDrive/AISC DeepFake Çalışmaları/FaceForensics_Projesi/real_frames/train/734/frame_000028.jpg,/content/drive/MyDrive/AISC DeepFake Çalışmaları/Deney 1 Frame/Real/train/real_train_00808.jpg,real_train_00808.jpg
Real,train,/content/drive/MyDrive/AISC DeepFake Çalışmaları/FaceForensics_Projesi/real_frames/train/670/frame_000027.jpg,/content/drive/MyDrive/AISC DeepFake Çalışmaları/Deney 1 Frame/Real/train/real_train_00809.jpg,real_train_00809.jpg
Real,train,/content/drive/MyDrive/AISC DeepFake Çalışmaları/FaceForensics_Projesi/real_frames/train/428/frame_000025.jpg,/content/drive/MyDrive/AISC DeepFake Çalışmaları/Deney 1 Frame/Real/train/real_train_00810.jpg,real_train_00810.jpg
Real,train,/content/drive/MyDrive/AISC DeepFake Çalışmaları/FaceForensics_Projesi/real_frames/train/856/frame_000037.jpg,/content/drive/MyDrive/AISC DeepFake Çalışmaları/Deney 1 Frame/Real/train/real_train_00811.jpg,real_train_00811.jpg
Real,train,/content/drive/MyDrive/AISC DeepFake Çalışmaları/FaceForensics_Projesi/real_frames/train/772/frame_000011.jpg,/content/drive/MyDrive/AISC DeepFake Çalışmaları/Deney 1 Frame/Real/train/real_train_00812.jpg,real_train_00812.jpg
Real,train,/content/drive/MyDrive/AISC DeepFake Çalışmaları/FaceForensics_Projesi/real_frames/train/510/frame_000008.jpg,/content/drive/MyDrive/AISC DeepFake Çalışmaları/Deney 1 Frame/Real/train/real_train_00813.jpg,real_train_00813.jpg
Real,train,/content/drive/MyDrive/AISC DeepFake Çalışmaları/FaceForensics_Projesi/real_frames/train/293/frame_000016.jpg,/content/drive/MyDrive/AISC DeepFake Çalışmaları/Deney 1 Frame/Real/train/real_train_00814.jpg,real_train_00814.jpg
Real,train,/content/drive/MyDrive/AISC DeepFake Çalışmaları/FaceForensics_Projesi/real_frames/train/198/frame_000013.jpg,/content/drive/MyDrive/AISC DeepFake Çalışmaları/Deney 1 Frame/Real/train/real_train_00815.jpg,real_train_00815.jpg
Real,train,/content/drive/MyDrive/AISC DeepFake Çalışmaları/FaceForensics_Projesi/real_frames/train/439/frame_000015.jpg,/content/drive/MyDrive/AISC DeepFake Çalışmaları/Deney 1 Frame/Real/train/real_train_00816.jpg,real_train_00816.jpg
Real,train,/content/drive/MyDrive/AISC DeepFake Çalışmaları/FaceForensics_Projesi/real_frames/train/557/frame_000000.jpg,/content/drive/MyDrive/AISC DeepFake Çalışmaları/Deney 1 Frame/Real/train/real_train_00817.jpg,real_train_00817.jpg
Real,train,/content/drive/MyDrive/AISC DeepFake Çalışmaları/FaceForensics_Projesi/real_frames/train/495/frame_000021.jpg,/content/drive/MyDrive/AISC DeepFake Çalışmaları/Deney 1 Frame/Real/train/real_train_00818.jpg,real_train_00818.jpg
Real,train,/content/drive/MyDrive/AISC DeepFake Çalışmaları/FaceForensics_Projesi/real_frames/train/977/frame_000005.jpg,/content/drive/MyDrive/AISC DeepFake Çalışmaları/Deney 1 Frame/Real/train/real_train_00819.jpg,real_train_00819.jpg
Real,train,/content/drive/MyDrive/AISC DeepFake Çalışmaları/FaceForensics_Projesi/real_frames/train/734/frame_000038.jpg,/content/drive/MyDrive/AISC DeepFake Çalışmaları/Deney 1 Frame/Real/train/real_train_00820.jpg,real_train_00820.jpg
Real,train,/content/drive/MyDrive/AISC DeepFake Çalışmaları/FaceForensics_Projesi/real_frames/train/532/frame_000004.jpg,/content/drive/MyDrive/AISC DeepFake Çalışmaları/Deney 1 Frame/Real/train/real_train_00821.jpg,real_train_00821.jpg
Real,train,/content/drive/MyDrive/AISC DeepFake Çalışmaları/FaceForensics_Projesi/real_frames/train/727/frame_000024.jpg,/content/drive/MyDrive/AISC DeepFake Çalışmaları/Deney 1 Frame/Real/train/real_train_00822.jpg,real_train_00822.jpg
Real,train,/content/drive/MyDrive/AISC DeepFake Çalışmaları/FaceForensics_Projesi/real_frames/train/259/frame_000010.jpg,/content/drive/MyDrive/AISC DeepFake Çalışmaları/Deney 1 Frame/Real/train/real_train_00823.jpg,real_train_00823.jpg
Real,train,/content/drive/MyDrive/AISC DeepFake Çalışmaları/FaceForensics_Projesi/real_frames/train/218/frame_000008.jpg,/content/drive/MyDrive/AISC DeepFake Çalışmaları/Deney 1 Frame/Real/train/real_train_00824.jpg,real_train_00824.jpg
Real,train,/content/drive/MyDrive/AISC DeepFake Çalışmaları/FaceForensics_Projesi/real_frames/train/384/frame_000013.jpg,/content/drive/MyDrive/AISC DeepFake Çalışmaları/Deney 1 Frame/Real/train/real_train_00825.jpg,real_train_00825.jpg
Real,train,/content/drive/MyDrive/AISC DeepFake Çalışmaları/FaceForensics_Projesi/real_frames/train/122/frame_000007.jpg,/content/drive/MyDrive/AISC DeepFake Çalışmaları/Deney 1 Frame/Real/train/real_train_00826.jpg,real_train_00826.jpg
Real,train,/content/drive/MyDrive/AISC DeepFake Çalışmaları/FaceForensics_Projesi/real_frames/train/262/frame_000006.jpg,/content/drive/MyDrive/AISC DeepFake Çalışmaları/Deney 1 Frame/Real/train/real_train_00827.jpg,real_train_00827.jpg
Real,train,/content/drive/MyDrive/AISC DeepFake Çalışmaları/FaceForensics_Projesi/real_frames/train/188/frame_000007.jpg,/content/drive/MyDrive/AISC DeepFake Çalışmaları/Deney 1 Frame/Real/train/real_train_00828.jpg,real_train_00828.jpg
Real,train,/content/drive/MyDrive/AISC DeepFake Çalışmaları/FaceForensics_Projesi/real_frames/train/022/frame_000002.jpg,/content/drive/MyDrive/AISC DeepFake Çalışmaları/Deney 1 Frame/Real/train/real_train_00829.jpg,real_train_00829.jpg
Real,train,/content/drive/MyDrive/AISC DeepFake Çalışmaları/FaceForensics_Projesi/real_frames/train/619/frame_000003.jpg,/content/drive/MyDrive/AISC DeepFake Çalışmaları/Deney 1 Frame/Real/train/real_train_00830.jpg,real_train_00830.jpg
Real,train,/content/drive/MyDrive/AISC DeepFake Çalışmaları/FaceForensics_Projesi/real_frames/train/785/frame_000013.jpg,/content/drive/MyDrive/AISC DeepFake Çalışmaları/Deney 1 Frame/Real/train/real_train_00831.jpg,real_train_00831.jpg
Real,train,/content/drive/MyDrive/AISC DeepFake Çalışmaları/FaceForensics_Projesi/real_frames/train/638/frame_000006.jpg,/content/drive/MyDrive/AISC DeepFake Çalışmaları/Deney 1 Frame/Real/train/real_train_00832.jpg,real_train_00832.jpg
Real,train,/content/drive/MyDrive/AISC DeepFake Çalışmaları/FaceForensics_Projesi/real_frames/train/326/frame_000024.jpg,/content/drive/MyDrive/AISC DeepFake Çalışmaları/Deney 1 Frame/Real/train/real_train_00833.jpg,real_train_00833.jpg
Real,train,/content/drive/MyDrive/AISC DeepFake Çalışmaları/FaceForensics_Projesi/real_frames/train/465/frame_000004.jpg,/content/drive/MyDrive/AISC DeepFake Çalışmaları/Deney 1 Frame/Real/train/real_train_00834.jpg,real_train_00834.jpg
Real,train,/content/drive/MyDrive/AISC DeepFake Çalışmaları/FaceForensics_Projesi/real_frames/train/236/frame_000029.jpg,/content/drive/MyDrive/AISC DeepFake Çalışmaları/Deney 1 Frame/Real/train/real_train_00835.jpg,real_train_00835.jpg
Real,train,/content/drive/MyDrive/AISC DeepFake Çalışmaları/FaceForensics_Projesi/real_frames/train/000/frame_000007.jpg,/content/drive/MyDrive/AISC DeepFake Çalışmaları/Deney 1 Frame/Real/train/real_train_00836.jpg,real_train_00836.jpg
Real,train,/content/drive/MyDrive/AISC DeepFake Çalışmaları/FaceForensics_Projesi/real_frames/train/460/frame_000025.jpg,/content/drive/MyDrive/AISC DeepFake Çalışmaları/Deney 1 Frame/Real/train/real_train_00837.jpg,real_train_00837.jpg
Real,train,/content/drive/MyDrive/AISC DeepFake Çalışmaları/FaceForensics_Projesi/real_frames/train/200/frame_000029.jpg,/content/drive/MyDrive/AISC DeepFake Çalışmaları/Deney 1 Frame/Real/train/real_train_00838.jpg,real_train_00838.jpg
Real,train,/content/drive/MyDrive/AISC DeepFake Çalışmaları/FaceForensics_Projesi/real_frames/train/554/frame_000022.jpg,/content/drive/MyDrive/AISC DeepFake Çalışmaları/Deney 1 Frame/Real/train/real_train_00839.jpg,real_train_00839.jpg
Real,train,/content/drive/MyDrive/AISC DeepFake Çalışmaları/FaceForensics_Projesi/real_frames/train/423/frame_000051.jpg,/content/drive/MyDrive/AISC DeepFake Çalışmaları/Deney 1 Frame/Real/train/real_train_00840.jpg,real_train_00840.jpg
Real,train,/content/drive/MyDrive/AISC DeepFake Çalışmaları/FaceForensics_Projesi/real_frames/train/540/frame_000009.jpg,/content/drive/MyDrive/AISC DeepFake Çalışmaları/Deney 1 Frame/Real/train/real_train_00841.jpg,real_train_00841.jpg
Real,train,/content/drive/MyDrive/AISC DeepFake Çalışmaları/FaceForensics_Projesi/real_frames/train/283/frame_000022.jpg,/content/drive/MyDrive/AISC DeepFake Çalışmaları/Deney 1 Frame/Real/train/real_train_00842.jpg,real_train_00842.jpg
Real,train,/content/drive/MyDrive/AISC DeepFake Çalışmaları/FaceForensics_Projesi/real_frames/train/902/frame_000011.jpg,/content/drive/MyDrive/AISC DeepFake Çalışmaları/Deney 1 Frame/Real/train/real_train_00843.jpg,real_train_00843.jpg
Real,train,/content/drive/MyDrive/AISC DeepFake Çalışmaları/FaceForensics_Projesi/real_frames/train/154/frame_000005.jpg,/content/drive/MyDrive/AISC DeepFake Çalışmaları/Deney 1 Frame/Real/train/real_train_00844.jpg,real_train_00844.jpg
Real,train,/content/drive/MyDrive/AISC DeepFake Çalışmaları/FaceForensics_Projesi/real_frames/train/873/frame_000035.jpg,/content/drive/MyDrive/AISC DeepFake Çalışmaları/Deney 1 Frame/Real/train/real_train_00845.jpg,real_train_00845.jpg
Real,train,/content/drive/MyDrive/AISC DeepFake Çalışmaları/FaceForensics_Projesi/real_frames/train/028/frame_000017.jpg,/content/drive/MyDrive/AISC DeepFake Çalışmaları/Deney 1 Frame/Real/train/real_train_00846.jpg,real_train_00846.jpg
Real,train,/content/drive/MyDrive/AISC DeepFake Çalışmaları/FaceForensics_Projesi/real_frames/train/372/frame_000013.jpg,/content/drive/MyDrive/AISC DeepFake Çalışmaları/Deney 1 Frame/Real/train/real_train_00847.jpg,real_train_00847.jpg
Real,train,/content/drive/MyDrive/AISC DeepFake Çalışmaları/FaceForensics_Projesi/real_frames/train/674/frame_000000.jpg,/content/drive/MyDrive/AISC DeepFake Çalışmaları/Deney 1 Frame/Real/train/real_train_00848.jpg,real_train_00848.jpg
Real,train,/content/drive/MyDrive/AISC DeepFake Çalışmaları/FaceForensics_Projesi/real_frames/train/100/frame_000015.jpg,/content/drive/MyDrive/AISC DeepFake Çalışmaları/Deney 1 Frame/Real/train/real_train_00849.jpg,real_train_00849.jpg
Real,train,/content/drive/MyDrive/AISC DeepFake Çalışmaları/FaceForensics_Projesi/real_frames/train/401/frame_000003.jpg,/content/drive/MyDrive/AISC DeepFake Çalışmaları/Deney 1 Frame/Real/train/real_train_00850.jpg,real_train_00850.jpg
Real,train,/content/drive/MyDrive/AISC DeepFake Çalışmaları/FaceForensics_Projesi/real_frames/train/420/frame_000007.jpg,/content/drive/MyDrive/AISC DeepFake Çalışmaları/Deney 1 Frame/Real/train/real_train_00851.jpg,real_train_00851.jpg
Real,train,/content/drive/MyDrive/AISC DeepFake Çalışmaları/FaceForensics_Projesi/real_frames/train/879/frame_000036.jpg,/content/drive/MyDrive/AISC DeepFake Çalışmaları/Deney 1 Frame/Real/train/real_train_00852.jpg,real_train_00852.jpg
Real,train,/content/drive/MyDrive/AISC DeepFake Çalışmaları/FaceForensics_Projesi/real_frames/train/305/frame_000035.jpg,/content/drive/MyDrive/AISC DeepFake Çalışmaları/Deney 1 Frame/Real/train/real_train_00853.jpg,real_train_00853.jpg
Real,train,/content/drive/MyDrive/AISC DeepFake Çalışmaları/FaceForensics_Projesi/real_frames/train/808/frame_000007.jpg,/content/drive/MyDrive/AISC DeepFake Çalışmaları/Deney 1 Frame/Real/train/real_train_00854.jpg,real_train_00854.jpg
Real,train,/content/drive/MyDrive/AISC DeepFake Çalışmaları/FaceForensics_Projesi/real_frames/train/113/frame_000002.jpg,/content/drive/MyDrive/AISC DeepFake Çalışmaları/Deney 1 Frame/Real/train/real_train_00855.jpg,real_train_00855.jpg
Real,train,/content/drive/MyDrive/AISC DeepFake Çalışmaları/FaceForensics_Projesi/real_frames/train/454/frame_000000.jpg,/content/drive/MyDrive/AISC DeepFake Çalışmaları/Deney 1 Frame/Real/train/real_train_00856.jpg,real_train_00856.jpg
Real,train,/content/drive/MyDrive/AISC DeepFake Çalışmaları/FaceForensics_Projesi/real_frames/train/306/frame_000007.jpg,/content/drive/MyDrive/AISC DeepFake Çalışmaları/Deney 1 Frame/Real/train/real_train_00857.jpg,real_train_00857.jpg
Real,train,/content/drive/MyDrive/AISC DeepFake Çalışmaları/FaceForensics_Projesi/real_frames/train/497/frame_000024.jpg,/content/drive/MyDrive/AISC DeepFake Çalışmaları/Deney 1 Frame/Real/train/real_train_00858.jpg,real_train_00858.jpg
Real,train,/content/drive/MyDrive/AISC DeepFake Çalışmaları/FaceForensics_Projesi/real_frames/train/950/frame_000009.jpg,/content/drive/MyDrive/AISC DeepFake Çalışmaları/Deney 1 Frame/Real/train/real_train_00859.jpg,real_train_00859.jpg
Real,train,/content/drive/MyDrive/AISC DeepFake Çalışmaları/FaceForensics_Projesi/real_frames/train/183/frame_000013.jpg,/content/drive/MyDrive/AISC DeepFake Çalışmaları/Deney 1 Frame/Real/train/real_train_00860.jpg,real_train_00860.jpg
Real,train,/content/drive/MyDrive/AISC DeepFake Çalışmaları/FaceForensics_Projesi/real_frames/train/190/frame_000012.jpg,/content/drive/MyDrive/AISC DeepFake Çalışmaları/Deney 1 Frame/Real/train/real_train_00861.jpg,real_train_00861.jpg
Real,train,/content/drive/MyDrive/AISC DeepFake Çalışmaları/FaceForensics_Projesi/real_frames/train/428/frame_000016.jpg,/content/drive/MyDrive/AISC DeepFake Çalışmaları/Deney 1 Frame/Real/train/real_train_00862.jpg,real_train_00862.jpg
Real,train,/content/drive/MyDrive/AISC DeepFake Çalışmaları/FaceForensics_Projesi/real_frames/train/201/frame_000043.jpg,/content/drive/MyDrive/AISC DeepFake Çalışmaları/Deney 1 Frame/Real/train/real_train_00863.jpg,real_train_00863.jpg
Real,train,/content/drive/MyDrive/AISC DeepFake Çalışmaları/FaceForensics_Projesi/real_frames/train/690/frame_000001.jpg,/content/drive/MyDrive/AISC DeepFake Çalışmaları/Deney 1 Frame/Real/train/real_train_00864.jpg,real_train_00864.jpg
Real,train,/content/drive/MyDrive/AISC DeepFake Çalışmaları/FaceForensics_Projesi/real_frames/train/010/frame_000011.jpg,/content/drive/MyDrive/AISC DeepFake Çalışmaları/Deney 1 Frame/Real/train/real_train_00865.jpg,real_train_00865.jpg
Real,train,/content/drive/MyDrive/AISC DeepFake Çalışmaları/FaceForensics_Projesi/real_frames/train/649/frame_000004.jpg,/content/drive/MyDrive/AISC DeepFake Çalışmaları/Deney 1 Frame/Real/train/real_train_00866.jpg,real_train_00866.jpg
Real,train,/content/drive/MyDrive/AISC DeepFake Çalışmaları/FaceForensics_Projesi/real_frames/train/628/frame_000034.jpg,/content/drive/MyDrive/AISC DeepFake Çalışmaları/Deney 1 Frame/Real/train/real_train_00867.jpg,real_train_00867.jpg
Real,train,/content/drive/MyDrive/AISC DeepFake Çalışmaları/FaceForensics_Projesi/real_frames/train/045/frame_000006.jpg,/content/drive/MyDrive/AISC DeepFake Çalışmaları/Deney 1 Frame/Real/train/real_train_00868.jpg,real_train_00868.jpg
Real,train,/content/drive/MyDrive/AISC DeepFake Çalışmaları/FaceForensics_Projesi/real_frames/train/676/frame_000005.jpg,/content/drive/MyDrive/AISC DeepFake Çalışmaları/Deney 1 Frame/Real/train/real_train_00869.jpg,real_train_00869.jpg
Real,train,/content/drive/MyDrive/AISC DeepFake Çalışmaları/FaceForensics_Projesi/real_frames/train/607/frame_000009.jpg,/content/drive/MyDrive/AISC DeepFake Çalışmaları/Deney 1 Frame/Real/train/real_train_00870.jpg,real_train_00870.jpg
Real,train,/content/drive/MyDrive/AISC DeepFake Çalışmaları/FaceForensics_Projesi/real_frames/train/088/frame_000032.jpg,/content/drive/MyDrive/AISC DeepFake Çalışmaları/Deney 1 Frame/Real/train/real_train_00871.jpg,real_train_00871.jpg
Real,train,/content/drive/MyDrive/AISC DeepFake Çalışmaları/FaceForensics_Projesi/real_frames/train/749/frame_000003.jpg,/content/drive/MyDrive/AISC DeepFake Çalışmaları/Deney 1 Frame/Real/train/real_train_00872.jpg,real_train_00872.jpg
Real,train,/content/drive/MyDrive/AISC DeepFake Çalışmaları/FaceForensics_Projesi/real_frames/train/496/frame_000035.jpg,/content/drive/MyDrive/AISC DeepFake Çalışmaları/Deney 1 Frame/Real/train/real_train_00873.jpg,real_train_00873.jpg
Real,train,/content/drive/MyDrive/AISC DeepFake Çalışmaları/FaceForensics_Projesi/real_frames/train/357/frame_000013.jpg,/content/drive/MyDrive/AISC DeepFake Çalışmaları/Deney 1 Frame/Real/train/real_train_00874.jpg,real_train_00874.jpg
Real,train,/content/drive/MyDrive/AISC DeepFake Çalışmaları/FaceForensics_Projesi/real_frames/train/371/frame_000024.jpg,/content/drive/MyDrive/AISC DeepFake Çalışmaları/Deney 1 Frame/Real/train/real_train_00875.jpg,real_train_00875.jpg
Real,train,/content/drive/MyDrive/AISC DeepFake Çalışmaları/FaceForensics_Projesi/real_frames/train/751/frame_000010.jpg,/content/drive/MyDrive/AISC DeepFake Çalışmaları/Deney 1 Frame/Real/train/real_train_00876.jpg,real_train_00876.jpg
Real,train,/content/drive/MyDrive/AISC DeepFake Çalışmaları/FaceForensics_Projesi/real_frames/train/614/frame_000028.jpg,/content/drive/MyDrive/AISC DeepFake Çalışmaları/Deney 1 Frame/Real/train/real_train_00877.jpg,real_train_00877.jpg
Real,train,/content/drive/MyDrive/AISC DeepFake Çalışmaları/FaceForensics_Projesi/real_frames/train/279/frame_000037.jpg,/content/drive/MyDrive/AISC DeepFake Çalışmaları/Deney 1 Frame/Real/train/real_train_00878.jpg,real_train_00878.jpg
Real,train,/content/drive/MyDrive/AISC DeepFake Çalışmaları/FaceForensics_Projesi/real_frames/train/173/frame_000002.jpg,/content/drive/MyDrive/AISC DeepFake Çalışmaları/Deney 1 Frame/Real/train/real_train_00879.jpg,real_train_00879.jpg
Real,train,/content/drive/MyDrive/AISC DeepFake Çalışmaları/FaceForensics_Projesi/real_frames/train/980/frame_000016.jpg,/content/drive/MyDrive/AISC DeepFake Çalışmaları/Deney 1 Frame/Real/train/real_train_00880.jpg,real_train_00880.jpg
Real,train,/content/drive/MyDrive/AISC DeepFake Çalışmaları/FaceForensics_Projesi/real_frames/train/952/frame_000000.jpg,/content/drive/MyDrive/AISC DeepFake Çalışmaları/Deney 1 Frame/Real/train/real_train_00881.jpg,real_train_00881.jpg
Real,train,/content/drive/MyDrive/AISC DeepFake Çalışmaları/FaceForensics_Projesi/real_frames/train/064/frame_000005.jpg,/content/drive/MyDrive/AISC DeepFake Çalışmaları/Deney 1 Frame/Real/train/real_train_00882.jpg,real_train_00882.jpg
Real,train,/content/drive/MyDrive/AISC DeepFake Çalışmaları/FaceForensics_Projesi/real_frames/train/884/frame_000011.jpg,/content/drive/MyDrive/AISC DeepFake Çalışmaları/Deney 1 Frame/Real/train/real_train_00883.jpg,real_train_00883.jpg
Real,train,/content/drive/MyDrive/AISC DeepFake Çalışmaları/FaceForensics_Projesi/real_frames/train/940/frame_000016.jpg,/content/drive/MyDrive/AISC DeepFake Çalışmaları/Deney 1 Frame/Real/train/real_train_00884.jpg,real_train_00884.jpg
Real,train,/content/drive/MyDrive/AISC DeepFake Çalışmaları/FaceForensics_Projesi/real_frames/train/242/frame_000014.jpg,/content/drive/MyDrive/AISC DeepFake Çalışmaları/Deney 1 Frame/Real/train/real_train_00885.jpg,real_train_00885.jpg
Real,train,/content/drive/MyDrive/AISC DeepFake Çalışmaları/FaceForensics_Projesi/real_frames/train/716/frame_000028.jpg,/content/drive/MyDrive/AISC DeepFake Çalışmaları/Deney 1 Frame/Real/train/real_train_00886.jpg,real_train_00886.jpg
Real,train,/content/drive/MyDrive/AISC DeepFake Çalışmaları/FaceForensics_Projesi/real_frames/train/372/frame_000003.jpg,/content/drive/MyDrive/AISC DeepFake Çalışmaları/Deney 1 Frame/Real/train/real_train_00887.jpg,real_train_00887.jpg
Real,train,/content/drive/MyDrive/AISC DeepFake Çalışmaları/FaceForensics_Projesi/real_frames/train/715/frame_000038.jpg,/content/drive/MyDrive/AISC DeepFake Çalışmaları/Deney 1 Frame/Real/train/real_train_00888.jpg,real_train_00888.jpg
Real,train,/content/drive/MyDrive/AISC DeepFake Çalışmaları/FaceForensics_Projesi/real_frames/train/635/frame_000002.jpg,/content/drive/MyDrive/AISC DeepFake Çalışmaları/Deney 1 Frame/Real/train/real_train_00889.jpg,real_train_00889.jpg
Real,train,/content/drive/MyDrive/AISC DeepFake Çalışmaları/FaceForensics_Projesi/real_frames/train/182/frame_000003.jpg,/content/drive/MyDrive/AISC DeepFake Çalışmaları/Deney 1 Frame/Real/train/real_train_00890.jpg,real_train_00890.jpg
Real,train,/content/drive/MyDrive/AISC DeepFake Çalışmaları/FaceForensics_Projesi/real_frames/train/950/frame_000006.jpg,/content/drive/MyDrive/AISC DeepFake Çalışmaları/Deney 1 Frame/Real/train/real_train_00891.jpg,real_train_00891.jpg
Real,train,/content/drive/MyDrive/AISC DeepFake Çalışmaları/FaceForensics_Projesi/real_frames/train/843/frame_000009.jpg,/content/drive/MyDrive/AISC DeepFake Çalışmaları/Deney 1 Frame/Real/train/real_train_00892.jpg,real_train_00892.jpg
Real,train,/content/drive/MyDrive/AISC DeepFake Çalışmaları/FaceForensics_Projesi/real_frames/train/426/frame_000013.jpg,/content/drive/MyDrive/AISC DeepFake Çalışmaları/Deney 1 Frame/Real/train/real_train_00893.jpg,real_train_00893.jpg
Real,train,/content/drive/MyDrive/AISC DeepFake Çalışmaları/FaceForensics_Projesi/real_frames/train/477/frame_000003.jpg,/content/drive/MyDrive/AISC DeepFake Çalışmaları/Deney 1 Frame/Real/train/real_train_00894.jpg,real_train_00894.jpg
Real,train,/content/drive/MyDrive/AISC DeepFake Çalışmaları/FaceForensics_Projesi/real_frames/train/058/frame_000025.jpg,/content/drive/MyDrive/AISC DeepFake Çalışmaları/Deney 1 Frame/Real/train/real_train_00895.jpg,real_train_00895.jpg
Real,train,/content/drive/MyDrive/AISC DeepFake Çalışmaları/FaceForensics_Projesi/real_frames/train/752/frame_000026.jpg,/content/drive/MyDrive/AISC DeepFake Çalışmaları/Deney 1 Frame/Real/train/real_train_00896.jpg,real_train_00896.jpg
Real,train,/content/drive/MyDrive/AISC DeepFake Çalışmaları/FaceForensics_Projesi/real_frames/train/543/frame_000006.jpg,/content/drive/MyDrive/AISC DeepFake Çalışmaları/Deney 1 Frame/Real/train/real_train_00897.jpg,real_train_00897.jpg
Real,train,/content/drive/MyDrive/AISC DeepFake Çalışmaları/FaceForensics_Projesi/real_frames/train/024/frame_000016.jpg,/content/drive/MyDrive/AISC DeepFake Çalışmaları/Deney 1 Frame/Real/train/real_train_00898.jpg,real_train_00898.jpg
Real,train,/content/drive/MyDrive/AISC DeepFake Çalışmaları/FaceForensics_Projesi/real_frames/train/023/frame_000021.jpg,/content/drive/MyDrive/AISC DeepFake Çalışmaları/Deney 1 Frame/Real/train/real_train_00899.jpg,real_train_00899.jpg
Real,train,/content/drive/MyDrive/AISC DeepFake Çalışmaları/FaceForensics_Projesi/real_frames/train/302/frame_000029.jpg,/content/drive/MyDrive/AISC DeepFake Çalışmaları/Deney 1 Frame/Real/train/real_train_00900.jpg,real_train_00900.jpg
Real,train,/content/drive/MyDrive/AISC DeepFake Çalışmaları/FaceForensics_Projesi/real_frames/train/140/frame_000020.jpg,/content/drive/MyDrive/AISC DeepFake Çalışmaları/Deney 1 Frame/Real/train/real_train_00901.jpg,real_train_00901.jpg
Real,train,/content/drive/MyDrive/AISC DeepFake Çalışmaları/FaceForensics_Projesi/real_frames/train/988/frame_000024.jpg,/content/drive/MyDrive/AISC DeepFake Çalışmaları/Deney 1 Frame/Real/train/real_train_00902.jpg,real_train_00902.jpg
Real,train,/content/drive/MyDrive/AISC DeepFake Çalışmaları/FaceForensics_Projesi/real_frames/train/490/frame_000005.jpg,/content/drive/MyDrive/AISC DeepFake Çalışmaları/Deney 1 Frame/Real/train/real_train_00903.jpg,real_train_00903.jpg
Real,train,/content/drive/MyDrive/AISC DeepFake Çalışmaları/FaceForensics_Projesi/real_frames/train/688/frame_000022.jpg,/content/drive/MyDrive/AISC DeepFake Çalışmaları/Deney 1 Frame/Real/train/real_train_00904.jpg,real_train_00904.jpg
Real,train,/content/drive/MyDrive/AISC DeepFake Çalışmaları/FaceForensics_Projesi/real_frames/train/600/frame_000014.jpg,/content/drive/MyDrive/AISC DeepFake Çalışmaları/Deney 1 Frame/Real/train/real_train_00905.jpg,real_train_00905.jpg
Real,train,/content/drive/MyDrive/AISC DeepFake Çalışmaları/FaceForensics_Projesi/real_frames/train/165/frame_000010.jpg,/content/drive/MyDrive/AISC DeepFake Çalışmaları/Deney 1 Frame/Real/train/real_train_00906.jpg,real_train_00906.jpg
Real,train,/content/drive/MyDrive/AISC DeepFake Çalışmaları/FaceForensics_Projesi/real_frames/train/991/frame_000003.jpg,/content/drive/MyDrive/AISC DeepFake Çalışmaları/Deney 1 Frame/Real/train/real_train_00907.jpg,real_train_00907.jpg
Real,train,/content/drive/MyDrive/AISC DeepFake Çalışmaları/FaceForensics_Projesi/real_frames/train/337/frame_000015.jpg,/content/drive/MyDrive/AISC DeepFake Çalışmaları/Deney 1 Frame/Real/train/real_train_00908.jpg,real_train_00908.jpg
Real,train,/content/drive/MyDrive/AISC DeepFake Çalışmaları/FaceForensics_Projesi/real_frames/train/210/frame_000016.jpg,/content/drive/MyDrive/AISC DeepFake Çalışmaları/Deney 1 Frame/Real/train/real_train_00909.jpg,real_train_00909.jpg
Real,train,/content/drive/MyDrive/AISC DeepFake Çalışmaları/FaceForensics_Projesi/real_frames/train/672/frame_000024.jpg,/content/drive/MyDrive/AISC DeepFake Çalışmaları/Deney 1 Frame/Real/train/real_train_00910.jpg,real_train_00910.jpg
Real,train,/content/drive/MyDrive/AISC DeepFake Çalışmaları/FaceForensics_Projesi/real_frames/train/177/frame_000010.jpg,/content/drive/MyDrive/AISC DeepFake Çalışmaları/Deney 1 Frame/Real/train/real_train_00911.jpg,real_train_00911.jpg
Real,train,/content/drive/MyDrive/AISC DeepFake Çalışmaları/FaceForensics_Projesi/real_frames/train/279/frame_000021.jpg,/content/drive/MyDrive/AISC DeepFake Çalışmaları/Deney 1 Frame/Real/train/real_train_00912.jpg,real_train_00912.jpg
Real,train,/content/drive/MyDrive/AISC DeepFake Çalışmaları/FaceForensics_Projesi/real_frames/train/215/frame_000032.jpg,/content/drive/MyDrive/AISC DeepFake Çalışmaları/Deney 1 Frame/Real/train/real_train_00913.jpg,real_train_00913.jpg
Real,train,/content/drive/MyDrive/AISC DeepFake Çalışmaları/FaceForensics_Projesi/real_frames/train/940/frame_000014.jpg,/content/drive/MyDrive/AISC DeepFake Çalışmaları/Deney 1 Frame/Real/train/real_train_00914.jpg,real_train_00914.jpg
Real,train,/content/drive/MyDrive/AISC DeepFake Çalışmaları/FaceForensics_Projesi/real_frames/train/187/frame_000008.jpg,/content/drive/MyDrive/AISC DeepFake Çalışmaları/Deney 1 Frame/Real/train/real_train_00915.jpg,real_train_00915.jpg
Real,train,/content/drive/MyDrive/AISC DeepFake Çalışmaları/FaceForensics_Projesi/real_frames/train/965/frame_000014.jpg,/content/drive/MyDrive/AISC DeepFake Çalışmaları/Deney 1 Frame/Real/train/real_train_00916.jpg,real_train_00916.jpg
Real,train,/content/drive/MyDrive/AISC DeepFake Çalışmaları/FaceForensics_Projesi/real_frames/train/091/frame_000015.jpg,/content/drive/MyDrive/AISC DeepFake Çalışmaları/Deney 1 Frame/Real/train/real_train_00917.jpg,real_train_00917.jpg
Real,train,/content/drive/MyDrive/AISC DeepFake Çalışmaları/FaceForensics_Projesi/real_frames/train/194/frame_000010.jpg,/content/drive/MyDrive/AISC DeepFake Çalışmaları/Deney 1 Frame/Real/train/real_train_00918.jpg,real_train_00918.jpg
Real,train,/content/drive/MyDrive/AISC DeepFake Çalışmaları/FaceForensics_Projesi/real_frames/train/703/frame_000011.jpg,/content/drive/MyDrive/AISC DeepFake Çalışmaları/Deney 1 Frame/Real/train/real_train_00919.jpg,real_train_00919.jpg
Real,train,/content/drive/MyDrive/AISC DeepFake Çalışmaları/FaceForensics_Projesi/real_frames/train/494/frame_000020.jpg,/content/drive/MyDrive/AISC DeepFake Çalışmaları/Deney 1 Frame/Real/train/real_train_00920.jpg,real_train_00920.jpg
Real,train,/content/drive/MyDrive/AISC DeepFake Çalışmaları/FaceForensics_Projesi/real_frames/train/543/frame_000018.jpg,/content/drive/MyDrive/AISC DeepFake Çalışmaları/Deney 1 Frame/Real/train/real_train_00921.jpg,real_train_00921.jpg
Real,train,/content/drive/MyDrive/AISC DeepFake Çalışmaları/FaceForensics_Projesi/real_frames/train/896/frame_000018.jpg,/content/drive/MyDrive/AISC DeepFake Çalışmaları/Deney 1 Frame/Real/train/real_train_00922.jpg,real_train_00922.jpg
Real,train,/content/drive/MyDrive/AISC DeepFake Çalışmaları/FaceForensics_Projesi/real_frames/train/316/frame_000000.jpg,/content/drive/MyDrive/AISC DeepFake Çalışmaları/Deney 1 Frame/Real/train/real_train_00923.jpg,real_train_00923.jpg
Real,train,/content/drive/MyDrive/AISC DeepFake Çalışmaları/FaceForensics_Projesi/real_frames/train/154/frame_000004.jpg,/content/drive/MyDrive/AISC DeepFake Çalışmaları/Deney 1 Frame/Real/train/real_train_00924.jpg,real_train_00924.jpg
Real,train,/content/drive/MyDrive/AISC DeepFake Çalışmaları/FaceForensics_Projesi/real_frames/train/168/frame_000045.jpg,/content/drive/MyDrive/AISC DeepFake Çalışmaları/Deney 1 Frame/Real/train/real_train_00925.jpg,real_train_00925.jpg
Real,train,/content/drive/MyDrive/AISC DeepFake Çalışmaları/FaceForensics_Projesi/real_frames/train/533/frame_000015.jpg,/content/drive/MyDrive/AISC DeepFake Çalışmaları/Deney 1 Frame/Real/train/real_train_00926.jpg,real_train_00926.jpg
Real,train,/content/drive/MyDrive/AISC DeepFake Çalışmaları/FaceForensics_Projesi/real_frames/train/833/frame_000024.jpg,/content/drive/MyDrive/AISC DeepFake Çalışmaları/Deney 1 Frame/Real/train/real_train_00927.jpg,real_train_00927.jpg
Real,train,/content/drive/MyDrive/AISC DeepFake Çalışmaları/FaceForensics_Projesi/real_frames/train/392/frame_000038.jpg,/content/drive/MyDrive/AISC DeepFake Çalışmaları/Deney 1 Frame/Real/train/real_train_00928.jpg,real_train_00928.jpg
Real,train,/content/drive/MyDrive/AISC DeepFake Çalışmaları/FaceForensics_Projesi/real_frames/train/605/frame_000025.jpg,/content/drive/MyDrive/AISC DeepFake Çalışmaları/Deney 1 Frame/Real/train/real_train_00929.jpg,real_train_00929.jpg
Real,train,/content/drive/MyDrive/AISC DeepFake Çalışmaları/FaceForensics_Projesi/real_frames/train/550/frame_000001.jpg,/content/drive/MyDrive/AISC DeepFake Çalışmaları/Deney 1 Frame/Real/train/real_train_00930.jpg,real_train_00930.jpg
Real,train,/content/drive/MyDrive/AISC DeepFake Çalışmaları/FaceForensics_Projesi/real_frames/train/077/frame_000009.jpg,/content/drive/MyDrive/AISC DeepFake Çalışmaları/Deney 1 Frame/Real/train/real_train_00931.jpg,real_train_00931.jpg
Real,train,/content/drive/MyDrive/AISC DeepFake Çalışmaları/FaceForensics_Projesi/real_frames/train/288/frame_000011.jpg,/content/drive/MyDrive/AISC DeepFake Çalışmaları/Deney 1 Frame/Real/train/real_train_00932.jpg,real_train_00932.jpg
Real,train,/content/drive/MyDrive/AISC DeepFake Çalışmaları/FaceForensics_Projesi/real_frames/train/742/frame_000023.jpg,/content/drive/MyDrive/AISC DeepFake Çalışmaları/Deney 1 Frame/Real/train/real_train_00933.jpg,real_train_00933.jpg
Real,train,/content/drive/MyDrive/AISC DeepFake Çalışmaları/FaceForensics_Projesi/real_frames/train/626/frame_000043.jpg,/content/drive/MyDrive/AISC DeepFake Çalışmaları/Deney 1 Frame/Real/train/real_train_00934.jpg,real_train_00934.jpg
Real,train,/content/drive/MyDrive/AISC DeepFake Çalışmaları/FaceForensics_Projesi/real_frames/train/143/frame_000017.jpg,/content/drive/MyDrive/AISC DeepFake Çalışmaları/Deney 1 Frame/Real/train/real_train_00935.jpg,real_train_00935.jpg
Real,train,/content/drive/MyDrive/AISC DeepFake Çalışmaları/FaceForensics_Projesi/real_frames/train/326/frame_000032.jpg,/content/drive/MyDrive/AISC DeepFake Çalışmaları/Deney 1 Frame/Real/train/real_train_00936.jpg,real_train_00936.jpg
Real,train,/content/drive/MyDrive/AISC DeepFake Çalışmaları/FaceForensics_Projesi/real_frames/train/319/frame_000013.jpg,/content/drive/MyDrive/AISC DeepFake Çalışmaları/Deney 1 Frame/Real/train/real_train_00937.jpg,real_train_00937.jpg
Real,train,/content/drive/MyDrive/AISC DeepFake Çalışmaları/FaceForensics_Projesi/real_frames/train/023/frame_000016.jpg,/content/drive/MyDrive/AISC DeepFake Çalışmaları/Deney 1 Frame/Real/train/real_train_00938.jpg,real_train_00938.jpg
Real,train,/content/drive/MyDrive/AISC DeepFake Çalışmaları/FaceForensics_Projesi/real_frames/train/042/frame_000012.jpg,/content/drive/MyDrive/AISC DeepFake Çalışmaları/Deney 1 Frame/Real/train/real_train_00939.jpg,real_train_00939.jpg
Real,train,/content/drive/MyDrive/AISC DeepFake Çalışmaları/FaceForensics_Projesi/real_frames/train/288/frame_000014.jpg,/content/drive/MyDrive/AISC DeepFake Çalışmaları/Deney 1 Frame/Real/train/real_train_00940.jpg,real_train_00940.jpg
Real,train,/content/drive/MyDrive/AISC DeepFake Çalışmaları/FaceForensics_Projesi/real_frames/train/403/frame_000005.jpg,/content/drive/MyDrive/AISC DeepFake Çalışmaları/Deney 1 Frame/Real/train/real_train_00941.jpg,real_train_00941.jpg
Real,train,/content/drive/MyDrive/AISC DeepFake Çalışmaları/FaceForensics_Projesi/real_frames/train/229/frame_000022.jpg,/content/drive/MyDrive/AISC DeepFake Çalışmaları/Deney 1 Frame/Real/train/real_train_00942.jpg,real_train_00942.jpg
Real,train,/content/drive/MyDrive/AISC DeepFake Çalışmaları/FaceForensics_Projesi/real_frames/train/710/frame_000016.jpg,/content/drive/MyDrive/AISC DeepFake Çalışmaları/Deney 1 Frame/Real/train/real_train_00943.jpg,real_train_00943.jpg
Real,train,/content/drive/MyDrive/AISC DeepFake Çalışmaları/FaceForensics_Projesi/real_frames/train/186/frame_000005.jpg,/content/drive/MyDrive/AISC DeepFake Çalışmaları/Deney 1 Frame/Real/train/real_train_00944.jpg,real_train_00944.jpg
Real,train,/content/drive/MyDrive/AISC DeepFake Çalışmaları/FaceForensics_Projesi/real_frames/train/928/frame_000002.jpg,/content/drive/MyDrive/AISC DeepFake Çalışmaları/Deney 1 Frame/Real/train/real_train_00945.jpg,real_train_00945.jpg
Real,train,/content/drive/MyDrive/AISC DeepFake Çalışmaları/FaceForensics_Projesi/real_frames/train/341/frame_000004.jpg,/content/drive/MyDrive/AISC DeepFake Çalışmaları/Deney 1 Frame/Real/train/real_train_00946.jpg,real_train_00946.jpg
Real,train,/content/drive/MyDrive/AISC DeepFake Çalışmaları/FaceForensics_Projesi/real_frames/train/592/frame_000016.jpg,/content/drive/MyDrive/AISC DeepFake Çalışmaları/Deney 1 Frame/Real/train/real_train_00947.jpg,real_train_00947.jpg
Real,train,/content/drive/MyDrive/AISC DeepFake Çalışmaları/FaceForensics_Projesi/real_frames/train/652/frame_000012.jpg,/content/drive/MyDrive/AISC DeepFake Çalışmaları/Deney 1 Frame/Real/train/real_train_00948.jpg,real_train_00948.jpg
Real,train,/content/drive/MyDrive/AISC DeepFake Çalışmaları/FaceForensics_Projesi/real_frames/train/064/frame_000008.jpg,/content/drive/MyDrive/AISC DeepFake Çalışmaları/Deney 1 Frame/Real/train/real_train_00949.jpg,real_train_00949.jpg
Real,train,/content/drive/MyDrive/AISC DeepFake Çalışmaları/FaceForensics_Projesi/real_frames/train/903/frame_000032.jpg,/content/drive/MyDrive/AISC DeepFake Çalışmaları/Deney 1 Frame/Real/train/real_train_00950.jpg,real_train_00950.jpg
Real,train,/content/drive/MyDrive/AISC DeepFake Çalışmaları/FaceForensics_Projesi/real_frames/train/017/frame_000018.jpg,/content/drive/MyDrive/AISC DeepFake Çalışmaları/Deney 1 Frame/Real/train/real_train_00951.jpg,real_train_00951.jpg
Real,train,/content/drive/MyDrive/AISC DeepFake Çalışmaları/FaceForensics_Projesi/real_frames/train/226/frame_000004.jpg,/content/drive/MyDrive/AISC DeepFake Çalışmaları/Deney 1 Frame/Real/train/real_train_00952.jpg,real_train_00952.jpg
Real,train,/content/drive/MyDrive/AISC DeepFake Çalışmaları/FaceForensics_Projesi/real_frames/train/106/frame_000012.jpg,/content/drive/MyDrive/AISC DeepFake Çalışmaları/Deney 1 Frame/Real/train/real_train_00953.jpg,real_train_00953.jpg
Real,train,/content/drive/MyDrive/AISC DeepFake Çalışmaları/FaceForensics_Projesi/real_frames/train/052/frame_000003.jpg,/content/drive/MyDrive/AISC DeepFake Çalışmaları/Deney 1 Frame/Real/train/real_train_00954.jpg,real_train_00954.jpg
Real,train,/content/drive/MyDrive/AISC DeepFake Çalışmaları/FaceForensics_Projesi/real_frames/train/880/frame_000020.jpg,/content/drive/MyDrive/AISC DeepFake Çalışmaları/Deney 1 Frame/Real/train/real_train_00955.jpg,real_train_00955.jpg
Real,train,/content/drive/MyDrive/AISC DeepFake Çalışmaları/FaceForensics_Projesi/real_frames/train/450/frame_000005.jpg,/content/drive/MyDrive/AISC DeepFake Çalışmaları/Deney 1 Frame/Real/train/real_train_00956.jpg,real_train_00956.jpg
Real,train,/content/drive/MyDrive/AISC DeepFake Çalışmaları/FaceForensics_Projesi/real_frames/train/860/frame_000004.jpg,/content/drive/MyDrive/AISC DeepFake Çalışmaları/Deney 1 Frame/Real/train/real_train_00957.jpg,real_train_00957.jpg
Real,train,/content/drive/MyDrive/AISC DeepFake Çalışmaları/FaceForensics_Projesi/real_frames/train/231/frame_000000.jpg,/content/drive/MyDrive/AISC DeepFake Çalışmaları/Deney 1 Frame/Real/train/real_train_00958.jpg,real_train_00958.jpg
Real,train,/content/drive/MyDrive/AISC DeepFake Çalışmaları/FaceForensics_Projesi/real_frames/train/606/frame_000017.jpg,/content/drive/MyDrive/AISC DeepFake Çalışmaları/Deney 1 Frame/Real/train/real_train_00959.jpg,real_train_00959.jpg
Real,train,/content/drive/MyDrive/AISC DeepFake Çalışmaları/FaceForensics_Projesi/real_frames/train/485/frame_000037.jpg,/content/drive/MyDrive/AISC DeepFake Çalışmaları/Deney 1 Frame/Real/train/real_train_00960.jpg,real_train_00960.jpg
Real,train,/content/drive/MyDrive/AISC DeepFake Çalışmaları/FaceForensics_Projesi/real_frames/train/752/frame_000017.jpg,/content/drive/MyDrive/AISC DeepFake Çalışmaları/Deney 1 Frame/Real/train/real_train_00961.jpg,real_train_00961.jpg
Real,train,/content/drive/MyDrive/AISC DeepFake Çalışmaları/FaceForensics_Projesi/real_frames/train/780/frame_000007.jpg,/content/drive/MyDrive/AISC DeepFake Çalışmaları/Deney 1 Frame/Real/train/real_train_00962.jpg,real_train_00962.jpg
Real,train,/content/drive/MyDrive/AISC DeepFake Çalışmaları/FaceForensics_Projesi/real_frames/train/172/frame_000018.jpg,/content/drive/MyDrive/AISC DeepFake Çalışmaları/Deney 1 Frame/Real/train/real_train_00963.jpg,real_train_00963.jpg
Real,train,/content/drive/MyDrive/AISC DeepFake Çalışmaları/FaceForensics_Projesi/real_frames/train/037/frame_000024.jpg,/content/drive/MyDrive/AISC DeepFake Çalışmaları/Deney 1 Frame/Real/train/real_train_00964.jpg,real_train_00964.jpg
Real,train,/content/drive/MyDrive/AISC DeepFake Çalışmaları/FaceForensics_Projesi/real_frames/train/741/frame_000019.jpg,/content/drive/MyDrive/AISC DeepFake Çalışmaları/Deney 1 Frame/Real/train/real_train_00965.jpg,real_train_00965.jpg
Real,train,/content/drive/MyDrive/AISC DeepFake Çalışmaları/FaceForensics_Projesi/real_frames/train/386/frame_000018.jpg,/content/drive/MyDrive/AISC DeepFake Çalışmaları/Deney 1 Frame/Real/train/real_train_00966.jpg,real_train_00966.jpg
Real,train,/content/drive/MyDrive/AISC DeepFake Çalışmaları/FaceForensics_Projesi/real_frames/train/416/frame_000001.jpg,/content/drive/MyDrive/AISC DeepFake Çalışmaları/Deney 1 Frame/Real/train/real_train_00967.jpg,real_train_00967.jpg
Real,train,/content/drive/MyDrive/AISC DeepFake Çalışmaları/FaceForensics_Projesi/real_frames/train/149/frame_000009.jpg,/content/drive/MyDrive/AISC DeepFake Çalışmaları/Deney 1 Frame/Real/train/real_train_00968.jpg,real_train_00968.jpg
Real,train,/content/drive/MyDrive/AISC DeepFake Çalışmaları/FaceForensics_Projesi/real_frames/train/628/frame_000038.jpg,/content/drive/MyDrive/AISC DeepFake Çalışmaları/Deney 1 Frame/Real/train/real_train_00969.jpg,real_train_00969.jpg
Real,train,/content/drive/MyDrive/AISC DeepFake Çalışmaları/FaceForensics_Projesi/real_frames/train/716/frame_000010.jpg,/content/drive/MyDrive/AISC DeepFake Çalışmaları/Deney 1 Frame/Real/train/real_train_00970.jpg,real_train_00970.jpg
Real,train,/content/drive/MyDrive/AISC DeepFake Çalışmaları/FaceForensics_Projesi/real_frames/train/468/frame_000027.jpg,/content/drive/MyDrive/AISC DeepFake Çalışmaları/Deney 1 Frame/Real/train/real_train_00971.jpg,real_train_00971.jpg
Real,train,/content/drive/MyDrive/AISC DeepFake Çalışmaları/FaceForensics_Projesi/real_frames/train/282/frame_000010.jpg,/content/drive/MyDrive/AISC DeepFake Çalışmaları/Deney 1 Frame/Real/train/real_train_00972.jpg,real_train_00972.jpg
Real,train,/content/drive/MyDrive/AISC DeepFake Çalışmaları/FaceForensics_Projesi/real_frames/train/630/frame_000010.jpg,/content/drive/MyDrive/AISC DeepFake Çalışmaları/Deney 1 Frame/Real/train/real_train_00973.jpg,real_train_00973.jpg
Real,train,/content/drive/MyDrive/AISC DeepFake Çalışmaları/FaceForensics_Projesi/real_frames/train/853/frame_000025.jpg,/content/drive/MyDrive/AISC DeepFake Çalışmaları/Deney 1 Frame/Real/train/real_train_00974.jpg,real_train_00974.jpg
Real,train,/content/drive/MyDrive/AISC DeepFake Çalışmaları/FaceForensics_Projesi/real_frames/train/911/frame_000013.jpg,/content/drive/MyDrive/AISC DeepFake Çalışmaları/Deney 1 Frame/Real/train/real_train_00975.jpg,real_train_00975.jpg
Real,train,/content/drive/MyDrive/AISC DeepFake Çalışmaları/FaceForensics_Projesi/real_frames/train/693/frame_000030.jpg,/content/drive/MyDrive/AISC DeepFake Çalışmaları/Deney 1 Frame/Real/train/real_train_00976.jpg,real_train_00976.jpg
Real,train,/content/drive/MyDrive/AISC DeepFake Çalışmaları/FaceForensics_Projesi/real_frames/train/780/frame_000002.jpg,/content/drive/MyDrive/AISC DeepFake Çalışmaları/Deney 1 Frame/Real/train/real_train_00977.jpg,real_train_00977.jpg
Real,train,/content/drive/MyDrive/AISC DeepFake Çalışmaları/FaceForensics_Projesi/real_frames/train/282/frame_000011.jpg,/content/drive/MyDrive/AISC DeepFake Çalışmaları/Deney 1 Frame/Real/train/real_train_00978.jpg,real_train_00978.jpg
Real,train,/content/drive/MyDrive/AISC DeepFake Çalışmaları/FaceForensics_Projesi/real_frames/train/204/frame_000018.jpg,/content/drive/MyDrive/AISC DeepFake Çalışmaları/Deney 1 Frame/Real/train/real_train_00979.jpg,real_train_00979.jpg
Real,train,/content/drive/MyDrive/AISC DeepFake Çalışmaları/FaceForensics_Projesi/real_frames/train/026/frame_000002.jpg,/content/drive/MyDrive/AISC DeepFake Çalışmaları/Deney 1 Frame/Real/train/real_train_00980.jpg,real_train_00980.jpg
Real,train,/content/drive/MyDrive/AISC DeepFake Çalışmaları/FaceForensics_Projesi/real_frames/train/381/frame_000002.jpg,/content/drive/MyDrive/AISC DeepFake Çalışmaları/Deney 1 Frame/Real/train/real_train_00981.jpg,real_train_00981.jpg
Real,train,/content/drive/MyDrive/AISC DeepFake Çalışmaları/FaceForensics_Projesi/real_frames/train/860/frame_000016.jpg,/content/drive/MyDrive/AISC DeepFake Çalışmaları/Deney 1 Frame/Real/train/real_train_00982.jpg,real_train_00982.jpg
Real,train,/content/drive/MyDrive/AISC DeepFake Çalışmaları/FaceForensics_Projesi/real_frames/train/178/frame_000022.jpg,/content/drive/MyDrive/AISC DeepFake Çalışmaları/Deney 1 Frame/Real/train/real_train_00983.jpg,real_train_00983.jpg
Real,train,/content/drive/MyDrive/AISC DeepFake Çalışmaları/FaceForensics_Projesi/real_frames/train/924/frame_000003.jpg,/content/drive/MyDrive/AISC DeepFake Çalışmaları/Deney 1 Frame/Real/train/real_train_00984.jpg,real_train_00984.jpg
Real,train,/content/drive/MyDrive/AISC DeepFake Çalışmaları/FaceForensics_Projesi/real_frames/train/980/frame_000013.jpg,/content/drive/MyDrive/AISC DeepFake Çalışmaları/Deney 1 Frame/Real/train/real_train_00985.jpg,real_train_00985.jpg
Real,train,/content/drive/MyDrive/AISC DeepFake Çalışmaları/FaceForensics_Projesi/real_frames/train/244/frame_000021.jpg,/content/drive/MyDrive/AISC DeepFake Çalışmaları/Deney 1 Frame/Real/train/real_train_00986.jpg,real_train_00986.jpg
Real,train,/content/drive/MyDrive/AISC DeepFake Çalışmaları/FaceForensics_Projesi/real_frames/train/896/frame_000007.jpg,/content/drive/MyDrive/AISC DeepFake Çalışmaları/Deney 1 Frame/Real/train/real_train_00987.jpg,real_train_00987.jpg
Real,train,/content/drive/MyDrive/AISC DeepFake Çalışmaları/FaceForensics_Projesi/real_frames/train/425/frame_000014.jpg,/content/drive/MyDrive/AISC DeepFake Çalışmaları/Deney 1 Frame/Real/train/real_train_00988.jpg,real_train_00988.jpg
Real,train,/content/drive/MyDrive/AISC DeepFake Çalışmaları/FaceForensics_Projesi/real_frames/train/454/frame_000003.jpg,/content/drive/MyDrive/AISC DeepFake Çalışmaları/Deney 1 Frame/Real/train/real_train_00989.jpg,real_train_00989.jpg
Real,train,/content/drive/MyDrive/AISC DeepFake Çalışmaları/FaceForensics_Projesi/real_frames/train/368/frame_000004.jpg,/content/drive/MyDrive/AISC DeepFake Çalışmaları/Deney 1 Frame/Real/train/real_train_00990.jpg,real_train_00990.jpg
Real,train,/content/drive/MyDrive/AISC DeepFake Çalışmaları/FaceForensics_Projesi/real_frames/train/056/frame_000016.jpg,/content/drive/MyDrive/AISC DeepFake Çalışmaları/Deney 1 Frame/Real/train/real_train_00991.jpg,real_train_00991.jpg
Real,train,/content/drive/MyDrive/AISC DeepFake Çalışmaları/FaceForensics_Projesi/real_frames/train/050/frame_000026.jpg,/content/drive/MyDrive/AISC DeepFake Çalışmaları/Deney 1 Frame/Real/train/real_train_00992.jpg,real_train_00992.jpg
Real,train,/content/drive/MyDrive/AISC DeepFake Çalışmaları/FaceForensics_Projesi/real_frames/train/861/frame_000004.jpg,/content/drive/MyDrive/AISC DeepFake Çalışmaları/Deney 1 Frame/Real/train/real_train_00993.jpg,real_train_00993.jpg
Real,train,/content/drive/MyDrive/AISC DeepFake Çalışmaları/FaceForensics_Projesi/real_frames/train/679/frame_000004.jpg,/content/drive/MyDrive/AISC DeepFake Çalışmaları/Deney 1 Frame/Real/train/real_train_00994.jpg,real_train_00994.jpg
Real,train,/content/drive/MyDrive/AISC DeepFake Çalışmaları/FaceForensics_Projesi/real_frames/train/943/frame_000002.jpg,/content/drive/MyDrive/AISC DeepFake Çalışmaları/Deney 1 Frame/Real/train/real_train_00995.jpg,real_train_00995.jpg
Real,train,/content/drive/MyDrive/AISC DeepFake Çalışmaları/FaceForensics_Projesi/real_frames/train/494/frame_000037.jpg,/content/drive/MyDrive/AISC DeepFake Çalışmaları/Deney 1 Frame/Real/train/real_train_00996.jpg,real_train_00996.jpg
Real,train,/content/drive/MyDrive/AISC DeepFake Çalışmaları/FaceForensics_Projesi/real_frames/train/468/frame_000030.jpg,/content/drive/MyDrive/AISC DeepFake Çalışmaları/Deney 1 Frame/Real/train/real_train_00997.jpg,real_train_00997.jpg
Real,train,/content/drive/MyDrive/AISC DeepFake Çalışmaları/FaceForensics_Projesi/real_frames/train/179/frame_000037.jpg,/content/drive/MyDrive/AISC DeepFake Çalışmaları/Deney 1 Frame/Real/train/real_train_00998.jpg,real_train_00998.jpg
Real,train,/content/drive/MyDrive/AISC DeepFake Çalışmaları/FaceForensics_Projesi/real_frames/train/475/frame_000014.jpg,/content/drive/MyDrive/AISC DeepFake Çalışmaları/Deney 1 Frame/Real/train/real_train_00999.jpg,real_train_00999.jpg
Real,train,/content/drive/MyDrive/AISC DeepFake Çalışmaları/FaceForensics_Projesi/real_frames/train/211/frame_000015.jpg,/content/drive/MyDrive/AISC DeepFake Çalışmaları/Deney 1 Frame/Real/train/real_train_01000.jpg,real_train_01000.jpg
Real,train,/content/drive/MyDrive/AISC DeepFake Çalışmaları/FaceForensics_Projesi/real_frames/train/448/frame_000025.jpg,/content/drive/MyDrive/AISC DeepFake Çalışmaları/Deney 1 Frame/Real/train/real_train_01001.jpg,real_train_01001.jpg
Real,train,/content/drive/MyDrive/AISC DeepFake Çalışmaları/FaceForensics_Projesi/real_frames/train/636/frame_000012.jpg,/content/drive/MyDrive/AISC DeepFake Çalışmaları/Deney 1 Frame/Real/train/real_train_01002.jpg,real_train_01002.jpg
Real,train,/content/drive/MyDrive/AISC DeepFake Çalışmaları/FaceForensics_Projesi/real_frames/train/448/frame_000011.jpg,/content/drive/MyDrive/AISC DeepFake Çalışmaları/Deney 1 Frame/Real/train/real_train_01003.jpg,real_train_01003.jpg
Real,train,/content/drive/MyDrive/AISC DeepFake Çalışmaları/FaceForensics_Projesi/real_frames/train/596/frame_000008.jpg,/content/drive/MyDrive/AISC DeepFake Çalışmaları/Deney 1 Frame/Real/train/real_train_01004.jpg,real_train_01004.jpg
Real,train,/content/drive/MyDrive/AISC DeepFake Çalışmaları/FaceForensics_Projesi/real_frames/train/172/frame_000012.jpg,/content/drive/MyDrive/AISC DeepFake Çalışmaları/Deney 1 Frame/Real/train/real_train_01005.jpg,real_train_01005.jpg
Real,train,/content/drive/MyDrive/AISC DeepFake Çalışmaları/FaceForensics_Projesi/real_frames/train/360/frame_000015.jpg,/content/drive/MyDrive/AISC DeepFake Çalışmaları/Deney 1 Frame/Real/train/real_train_01006.jpg,real_train_01006.jpg
Real,train,/content/drive/MyDrive/AISC DeepFake Çalışmaları/FaceForensics_Projesi/real_frames/train/366/frame_000005.jpg,/content/drive/MyDrive/AISC DeepFake Çalışmaları/Deney 1 Frame/Real/train/real_train_01007.jpg,real_train_01007.jpg
Real,train,/content/drive/MyDrive/AISC DeepFake Çalışmaları/FaceForensics_Projesi/real_frames/train/324/frame_000022.jpg,/content/drive/MyDrive/AISC DeepFake Çalışmaları/Deney 1 Frame/Real/train/real_train_01008.jpg,real_train_01008.jpg
Real,train,/content/drive/MyDrive/AISC DeepFake Çalışmaları/FaceForensics_Projesi/real_frames/train/198/frame_000017.jpg,/content/drive/MyDrive/AISC DeepFake Çalışmaları/Deney 1 Frame/Real/train/real_train_01009.jpg,real_train_01009.jpg
Real,train,/content/drive/MyDrive/AISC DeepFake Çalışmaları/FaceForensics_Projesi/real_frames/train/258/frame_000021.jpg,/content/drive/MyDrive/AISC DeepFake Çalışmaları/Deney 1 Frame/Real/train/real_train_01010.jpg,real_train_01010.jpg
Real,train,/content/drive/MyDrive/AISC DeepFake Çalışmaları/FaceForensics_Projesi/real_frames/train/967/frame_000023.jpg,/content/drive/MyDrive/AISC DeepFake Çalışmaları/Deney 1 Frame/Real/train/real_train_01011.jpg,real_train_01011.jpg
Real,train,/content/drive/MyDrive/AISC DeepFake Çalışmaları/FaceForensics_Projesi/real_frames/train/111/frame_000012.jpg,/content/drive/MyDrive/AISC DeepFake Çalışmaları/Deney 1 Frame/Real/train/real_train_01012.jpg,real_train_01012.jpg
Real,train,/content/drive/MyDrive/AISC DeepFake Çalışmaları/FaceForensics_Projesi/real_frames/train/354/frame_000020.jpg,/content/drive/MyDrive/AISC DeepFake Çalışmaları/Deney 1 Frame/Real/train/real_train_01013.jpg,real_train_01013.jpg
Real,train,/content/drive/MyDrive/AISC DeepFake Çalışmaları/FaceForensics_Projesi/real_frames/train/534/frame_000020.jpg,/content/drive/MyDrive/AISC DeepFake Çalışmaları/Deney 1 Frame/Real/train/real_train_01014.jpg,real_train_01014.jpg
Real,train,/content/drive/MyDrive/AISC DeepFake Çalışmaları/FaceForensics_Projesi/real_frames/train/497/frame_000008.jpg,/content/drive/MyDrive/AISC DeepFake Çalışmaları/Deney 1 Frame/Real/train/real_train_01015.jpg,real_train_01015.jpg
Real,train,/content/drive/MyDrive/AISC DeepFake Çalışmaları/FaceForensics_Projesi/real_frames/train/745/frame_000012.jpg,/content/drive/MyDrive/AISC DeepFake Çalışmaları/Deney 1 Frame/Real/train/real_train_01016.jpg,real_train_01016.jpg
Real,train,/content/drive/MyDrive/AISC DeepFake Çalışmaları/FaceForensics_Projesi/real_frames/train/240/frame_000038.jpg,/content/drive/MyDrive/AISC DeepFake Çalışmaları/Deney 1 Frame/Real/train/real_train_01017.jpg,real_train_01017.jpg
Real,train,/content/drive/MyDrive/AISC DeepFake Çalışmaları/FaceForensics_Projesi/real_frames/train/922/frame_000023.jpg,/content/drive/MyDrive/AISC DeepFake Çalışmaları/Deney 1 Frame/Real/train/real_train_01018.jpg,real_train_01018.jpg
Real,train,/content/drive/MyDrive/AISC DeepFake Çalışmaları/FaceForensics_Projesi/real_frames/train/859/frame_000012.jpg,/content/drive/MyDrive/AISC DeepFake Çalışmaları/Deney 1 Frame/Real/train/real_train_01019.jpg,real_train_01019.jpg
Real,train,/content/drive/MyDrive/AISC DeepFake Çalışmaları/FaceForensics_Projesi/real_frames/train/634/frame_000014.jpg,/content/drive/MyDrive/AISC DeepFake Çalışmaları/Deney 1 Frame/Real/train/real_train_01020.jpg,real_train_01020.jpg
Real,train,/content/drive/MyDrive/AISC DeepFake Çalışmaları/FaceForensics_Projesi/real_frames/train/400/frame_000017.jpg,/content/drive/MyDrive/AISC DeepFake Çalışmaları/Deney 1 Frame/Real/train/real_train_01021.jpg,real_train_01021.jpg
Real,train,/content/drive/MyDrive/AISC DeepFake Çalışmaları/FaceForensics_Projesi/real_frames/train/338/frame_000013.jpg,/content/drive/MyDrive/AISC DeepFake Çalışmaları/Deney 1 Frame/Real/train/real_train_01022.jpg,real_train_01022.jpg
Real,train,/content/drive/MyDrive/AISC DeepFake Çalışmaları/FaceForensics_Projesi/real_frames/train/200/frame_000019.jpg,/content/drive/MyDrive/AISC DeepFake Çalışmaları/Deney 1 Frame/Real/train/real_train_01023.jpg,real_train_01023.jpg
Real,train,/content/drive/MyDrive/AISC DeepFake Çalışmaları/FaceForensics_Projesi/real_frames/train/310/frame_000001.jpg,/content/drive/MyDrive/AISC DeepFake Çalışmaları/Deney 1 Frame/Real/train/real_train_01024.jpg,real_train_01024.jpg
Real,train,/content/drive/MyDrive/AISC DeepFake Çalışmaları/FaceForensics_Projesi/real_frames/train/651/frame_000010.jpg,/content/drive/MyDrive/AISC DeepFake Çalışmaları/Deney 1 Frame/Real/train/real_train_01025.jpg,real_train_01025.jpg
Real,train,/content/drive/MyDrive/AISC DeepFake Çalışmaları/FaceForensics_Projesi/real_frames/train/268/frame_000031.jpg,/content/drive/MyDrive/AISC DeepFake Çalışmaları/Deney 1 Frame/Real/train/real_train_01026.jpg,real_train_01026.jpg
Real,train,/content/drive/MyDrive/AISC DeepFake Çalışmaları/FaceForensics_Projesi/real_frames/train/740/frame_000010.jpg,/content/drive/MyDrive/AISC DeepFake Çalışmaları/Deney 1 Frame/Real/train/real_train_01027.jpg,real_train_01027.jpg
Real,train,/content/drive/MyDrive/AISC DeepFake Çalışmaları/FaceForensics_Projesi/real_frames/train/840/frame_000010.jpg,/content/drive/MyDrive/AISC DeepFake Çalışmaları/Deney 1 Frame/Real/train/real_train_01028.jpg,real_train_01028.jpg
Real,train,/content/drive/MyDrive/AISC DeepFake Çalışmaları/FaceForensics_Projesi/real_frames/train/877/frame_000012.jpg,/content/drive/MyDrive/AISC DeepFake Çalışmaları/Deney 1 Frame/Real/train/real_train_01029.jpg,real_train_01029.jpg
Real,train,/content/drive/MyDrive/AISC DeepFake Çalışmaları/FaceForensics_Projesi/real_frames/train/409/frame_000015.jpg,/content/drive/MyDrive/AISC DeepFake Çalışmaları/Deney 1 Frame/Real/train/real_train_01030.jpg,real_train_01030.jpg
Real,train,/content/drive/MyDrive/AISC DeepFake Çalışmaları/FaceForensics_Projesi/real_frames/train/179/frame_000040.jpg,/content/drive/MyDrive/AISC DeepFake Çalışmaları/Deney 1 Frame/Real/train/real_train_01031.jpg,real_train_01031.jpg
Real,train,/content/drive/MyDrive/AISC DeepFake Çalışmaları/FaceForensics_Projesi/real_frames/train/540/frame_000031.jpg,/content/drive/MyDrive/AISC DeepFake Çalışmaları/Deney 1 Frame/Real/train/real_train_01032.jpg,real_train_01032.jpg
Real,train,/content/drive/MyDrive/AISC DeepFake Çalışmaları/FaceForensics_Projesi/real_frames/train/019/frame_000058.jpg,/content/drive/MyDrive/AISC DeepFake Çalışmaları/Deney 1 Frame/Real/train/real_train_01033.jpg,real_train_01033.jpg
Real,train,/content/drive/MyDrive/AISC DeepFake Çalışmaları/FaceForensics_Projesi/real_frames/train/277/frame_000039.jpg,/content/drive/MyDrive/AISC DeepFake Çalışmaları/Deney 1 Frame/Real/train/real_train_01034.jpg,real_train_01034.jpg
Real,train,/content/drive/MyDrive/AISC DeepFake Çalışmaları/FaceForensics_Projesi/real_frames/train/002/frame_000027.jpg,/content/drive/MyDrive/AISC DeepFake Çalışmaları/Deney 1 Frame/Real/train/real_train_01035.jpg,real_train_01035.jpg
Real,train,/content/drive/MyDrive/AISC DeepFake Çalışmaları/FaceForensics_Projesi/real_frames/train/147/frame_000007.jpg,/content/drive/MyDrive/AISC DeepFake Çalışmaları/Deney 1 Frame/Real/train/real_train_01036.jpg,real_train_01036.jpg
Real,train,/content/drive/MyDrive/AISC DeepFake Çalışmaları/FaceForensics_Projesi/real_frames/train/997/frame_000003.jpg,/content/drive/MyDrive/AISC DeepFake Çalışmaları/Deney 1 Frame/Real/train/real_train_01037.jpg,real_train_01037.jpg
Real,train,/content/drive/MyDrive/AISC DeepFake Çalışmaları/FaceForensics_Projesi/real_frames/train/527/frame_000000.jpg,/content/drive/MyDrive/AISC DeepFake Çalışmaları/Deney 1 Frame/Real/train/real_train_01038.jpg,real_train_01038.jpg
Real,train,/content/drive/MyDrive/AISC DeepFake Çalışmaları/FaceForensics_Projesi/real_frames/train/083/frame_000021.jpg,/content/drive/MyDrive/AISC DeepFake Çalışmaları/Deney 1 Frame/Real/train/real_train_01039.jpg,real_train_01039.jpg
Real,train,/content/drive/MyDrive/AISC DeepFake Çalışmaları/FaceForensics_Projesi/real_frames/train/316/frame_000026.jpg,/content/drive/MyDrive/AISC DeepFake Çalışmaları/Deney 1 Frame/Real/train/real_train_01040.jpg,real_train_01040.jpg
Real,train,/content/drive/MyDrive/AISC DeepFake Çalışmaları/FaceForensics_Projesi/real_frames/train/818/frame_000014.jpg,/content/drive/MyDrive/AISC DeepFake Çalışmaları/Deney 1 Frame/Real/train/real_train_01041.jpg,real_train_01041.jpg
Real,train,/content/drive/MyDrive/AISC DeepFake Çalışmaları/FaceForensics_Projesi/real_frames/train/928/frame_000008.jpg,/content/drive/MyDrive/AISC DeepFake Çalışmaları/Deney 1 Frame/Real/train/real_train_01042.jpg,real_train_01042.jpg
Real,train,/content/drive/MyDrive/AISC DeepFake Çalışmaları/FaceForensics_Projesi/real_frames/train/374/frame_000015.jpg,/content/drive/MyDrive/AISC DeepFake Çalışmaları/Deney 1 Frame/Real/train/real_train_01043.jpg,real_train_01043.jpg
Real,train,/content/drive/MyDrive/AISC DeepFake Çalışmaları/FaceForensics_Projesi/real_frames/train/309/frame_000027.jpg,/content/drive/MyDrive/AISC DeepFake Çalışmaları/Deney 1 Frame/Real/train/real_train_01044.jpg,real_train_01044.jpg
Real,train,/content/drive/MyDrive/AISC DeepFake Çalışmaları/FaceForensics_Projesi/real_frames/train/901/frame_000018.jpg,/content/drive/MyDrive/AISC DeepFake Çalışmaları/Deney 1 Frame/Real/train/real_train_01045.jpg,real_train_01045.jpg
Real,train,/content/drive/MyDrive/AISC DeepFake Çalışmaları/FaceForensics_Projesi/real_frames/train/919/frame_000001.jpg,/content/drive/MyDrive/AISC DeepFake Çalışmaları/Deney 1 Frame/Real/train/real_train_01046.jpg,real_train_01046.jpg
Real,train,/content/drive/MyDrive/AISC DeepFake Çalışmaları/FaceForensics_Projesi/real_frames/train/674/frame_000012.jpg,/content/drive/MyDrive/AISC DeepFake Çalışmaları/Deney 1 Frame/Real/train/real_train_01047.jpg,real_train_01047.jpg
Real,train,/content/drive/MyDrive/AISC DeepFake Çalışmaları/FaceForensics_Projesi/real_frames/train/752/frame_000009.jpg,/content/drive/MyDrive/AISC DeepFake Çalışmaları/Deney 1 Frame/Real/train/real_train_01048.jpg,real_train_01048.jpg
Real,train,/content/drive/MyDrive/AISC DeepFake Çalışmaları/FaceForensics_Projesi/real_frames/train/210/frame_000029.jpg,/content/drive/MyDrive/AISC DeepFake Çalışmaları/Deney 1 Frame/Real/train/real_train_01049.jpg,real_train_01049.jpg
Real,train,/content/drive/MyDrive/AISC DeepFake Çalışmaları/FaceForensics_Projesi/real_frames/train/510/frame_000003.jpg,/content/drive/MyDrive/AISC DeepFake Çalışmaları/Deney 1 Frame/Real/train/real_train_01050.jpg,real_train_01050.jpg
Real,train,/content/drive/MyDrive/AISC DeepFake Çalışmaları/FaceForensics_Projesi/real_frames/train/765/frame_000000.jpg,/content/drive/MyDrive/AISC DeepFake Çalışmaları/Deney 1 Frame/Real/train/real_train_01051.jpg,real_train_01051.jpg
Real,train,/content/drive/MyDrive/AISC DeepFake Çalışmaları/FaceForensics_Projesi/real_frames/train/178/frame_000008.jpg,/content/drive/MyDrive/AISC DeepFake Çalışmaları/Deney 1 Frame/Real/train/real_train_01052.jpg,real_train_01052.jpg
Real,train,/content/drive/MyDrive/AISC DeepFake Çalışmaları/FaceForensics_Projesi/real_frames/train/243/frame_000017.jpg,/content/drive/MyDrive/AISC DeepFake Çalışmaları/Deney 1 Frame/Real/train/real_train_01053.jpg,real_train_01053.jpg
Real,train,/content/drive/MyDrive/AISC DeepFake Çalışmaları/FaceForensics_Projesi/real_frames/train/559/frame_000000.jpg,/content/drive/MyDrive/AISC DeepFake Çalışmaları/Deney 1 Frame/Real/train/real_train_01054.jpg,real_train_01054.jpg
Real,train,/content/drive/MyDrive/AISC DeepFake Çalışmaları/FaceForensics_Projesi/real_frames/train/707/frame_000018.jpg,/content/drive/MyDrive/AISC DeepFake Çalışmaları/Deney 1 Frame/Real/train/real_train_01055.jpg,real_train_01055.jpg
Real,train,/content/drive/MyDrive/AISC DeepFake Çalışmaları/FaceForensics_Projesi/real_frames/train/729/frame_000023.jpg,/content/drive/MyDrive/AISC DeepFake Çalışmaları/Deney 1 Frame/Real/train/real_train_01056.jpg,real_train_01056.jpg
Real,train,/content/drive/MyDrive/AISC DeepFake Çalışmaları/FaceForensics_Projesi/real_frames/train/460/frame_000009.jpg,/content/drive/MyDrive/AISC DeepFake Çalışmaları/Deney 1 Frame/Real/train/real_train_01057.jpg,real_train_01057.jpg
Real,train,/content/drive/MyDrive/AISC DeepFake Çalışmaları/FaceForensics_Projesi/real_frames/train/195/frame_000000.jpg,/content/drive/MyDrive/AISC DeepFake Çalışmaları/Deney 1 Frame/Real/train/real_train_01058.jpg,real_train_01058.jpg
Real,train,/content/drive/MyDrive/AISC DeepFake Çalışmaları/FaceForensics_Projesi/real_frames/train/564/frame_000013.jpg,/content/drive/MyDrive/AISC DeepFake Çalışmaları/Deney 1 Frame/Real/train/real_train_01059.jpg,real_train_01059.jpg
Real,train,/content/drive/MyDrive/AISC DeepFake Çalışmaları/FaceForensics_Projesi/real_frames/train/675/frame_000014.jpg,/content/drive/MyDrive/AISC DeepFake Çalışmaları/Deney 1 Frame/Real/train/real_train_01060.jpg,real_train_01060.jpg
Real,train,/content/drive/MyDrive/AISC DeepFake Çalışmaları/FaceForensics_Projesi/real_frames/train/669/frame_000005.jpg,/content/drive/MyDrive/AISC DeepFake Çalışmaları/Deney 1 Frame/Real/train/real_train_01061.jpg,real_train_01061.jpg
Real,train,/content/drive/MyDrive/AISC DeepFake Çalışmaları/FaceForensics_Projesi/real_frames/train/128/frame_000012.jpg,/content/drive/MyDrive/AISC DeepFake Çalışmaları/Deney 1 Frame/Real/train/real_train_01062.jpg,real_train_01062.jpg
Real,train,/content/drive/MyDrive/AISC DeepFake Çalışmaları/FaceForensics_Projesi/real_frames/train/682/frame_000051.jpg,/content/drive/MyDrive/AISC DeepFake Çalışmaları/Deney 1 Frame/Real/train/real_train_01063.jpg,real_train_01063.jpg
Real,train,/content/drive/MyDrive/AISC DeepFake Çalışmaları/FaceForensics_Projesi/real_frames/train/381/frame_000022.jpg,/content/drive/MyDrive/AISC DeepFake Çalışmaları/Deney 1 Frame/Real/train/real_train_01064.jpg,real_train_01064.jpg
Real,train,/content/drive/MyDrive/AISC DeepFake Çalışmaları/FaceForensics_Projesi/real_frames/train/120/frame_000011.jpg,/content/drive/MyDrive/AISC DeepFake Çalışmaları/Deney 1 Frame/Real/train/real_train_01065.jpg,real_train_01065.jpg
Real,train,/content/drive/MyDrive/AISC DeepFake Çalışmaları/FaceForensics_Projesi/real_frames/train/657/frame_000023.jpg,/content/drive/MyDrive/AISC DeepFake Çalışmaları/Deney 1 Frame/Real/train/real_train_01066.jpg,real_train_01066.jpg
Real,train,/content/drive/MyDrive/AISC DeepFake Çalışmaları/FaceForensics_Projesi/real_frames/train/525/frame_000020.jpg,/content/drive/MyDrive/AISC DeepFake Çalışmaları/Deney 1 Frame/Real/train/real_train_01067.jpg,real_train_01067.jpg
Real,train,/content/drive/MyDrive/AISC DeepFake Çalışmaları/FaceForensics_Projesi/real_frames/train/402/frame_000001.jpg,/content/drive/MyDrive/AISC DeepFake Çalışmaları/Deney 1 Frame/Real/train/real_train_01068.jpg,real_train_01068.jpg
Real,train,/content/drive/MyDrive/AISC DeepFake Çalışmaları/FaceForensics_Projesi/real_frames/train/386/frame_000003.jpg,/content/drive/MyDrive/AISC DeepFake Çalışmaları/Deney 1 Frame/Real/train/real_train_01069.jpg,real_train_01069.jpg
Real,train,/content/drive/MyDrive/AISC DeepFake Çalışmaları/FaceForensics_Projesi/real_frames/train/443/frame_000022.jpg,/content/drive/MyDrive/AISC DeepFake Çalışmaları/Deney 1 Frame/Real/train/real_train_01070.jpg,real_train_01070.jpg
Real,train,/content/drive/MyDrive/AISC DeepFake Çalışmaları/FaceForensics_Projesi/real_frames/train/510/frame_000005.jpg,/content/drive/MyDrive/AISC DeepFake Çalışmaları/Deney 1 Frame/Real/train/real_train_01071.jpg,real_train_01071.jpg
Real,train,/content/drive/MyDrive/AISC DeepFake Çalışmaları/FaceForensics_Projesi/real_frames/train/920/frame_000018.jpg,/content/drive/MyDrive/AISC DeepFake Çalışmaları/Deney 1 Frame/Real/train/real_train_01072.jpg,real_train_01072.jpg
Real,train,/content/drive/MyDrive/AISC DeepFake Çalışmaları/FaceForensics_Projesi/real_frames/train/819/frame_000010.jpg,/content/drive/MyDrive/AISC DeepFake Çalışmaları/Deney 1 Frame/Real/train/real_train_01073.jpg,real_train_01073.jpg
Real,train,/content/drive/MyDrive/AISC DeepFake Çalışmaları/FaceForensics_Projesi/real_frames/train/635/frame_000003.jpg,/content/drive/MyDrive/AISC DeepFake Çalışmaları/Deney 1 Frame/Real/train/real_train_01074.jpg,real_train_01074.jpg
Real,train,/content/drive/MyDrive/AISC DeepFake Çalışmaları/FaceForensics_Projesi/real_frames/train/306/frame_000029.jpg,/content/drive/MyDrive/AISC DeepFake Çalışmaları/Deney 1 Frame/Real/train/real_train_01075.jpg,real_train_01075.jpg
Real,train,/content/drive/MyDrive/AISC DeepFake Çalışmaları/FaceForensics_Projesi/real_frames/train/391/frame_000003.jpg,/content/drive/MyDrive/AISC DeepFake Çalışmaları/Deney 1 Frame/Real/train/real_train_01076.jpg,real_train_01076.jpg
Real,train,/content/drive/MyDrive/AISC DeepFake Çalışmaları/FaceForensics_Projesi/real_frames/train/582/frame_000005.jpg,/content/drive/MyDrive/AISC DeepFake Çalışmaları/Deney 1 Frame/Real/train/real_train_01077.jpg,real_train_01077.jpg
Real,train,/content/drive/MyDrive/AISC DeepFake Çalışmaları/FaceForensics_Projesi/real_frames/train/138/frame_000018.jpg,/content/drive/MyDrive/AISC DeepFake Çalışmaları/Deney 1 Frame/Real/train/real_train_01078.jpg,real_train_01078.jpg
Real,train,/content/drive/MyDrive/AISC DeepFake Çalışmaları/FaceForensics_Projesi/real_frames/train/140/frame_000004.jpg,/content/drive/MyDrive/AISC DeepFake Çalışmaları/Deney 1 Frame/Real/train/real_train_01079.jpg,real_train_01079.jpg
Real,train,/content/drive/MyDrive/AISC DeepFake Çalışmaları/FaceForensics_Projesi/real_frames/train/477/frame_000011.jpg,/content/drive/MyDrive/AISC DeepFake Çalışmaları/Deney 1 Frame/Real/train/real_train_01080.jpg,real_train_01080.jpg
Real,train,/content/drive/MyDrive/AISC DeepFake Çalışmaları/FaceForensics_Projesi/real_frames/train/789/frame_000004.jpg,/content/drive/MyDrive/AISC DeepFake Çalışmaları/Deney 1 Frame/Real/train/real_train_01081.jpg,real_train_01081.jpg
Real,train,/content/drive/MyDrive/AISC DeepFake Çalışmaları/FaceForensics_Projesi/real_frames/train/038/frame_000011.jpg,/content/drive/MyDrive/AISC DeepFake Çalışmaları/Deney 1 Frame/Real/train/real_train_01082.jpg,real_train_01082.jpg
Real,train,/content/drive/MyDrive/AISC DeepFake Çalışmaları/FaceForensics_Projesi/real_frames/train/576/frame_000018.jpg,/content/drive/MyDrive/AISC DeepFake Çalışmaları/Deney 1 Frame/Real/train/real_train_01083.jpg,real_train_01083.jpg
Real,train,/content/drive/MyDrive/AISC DeepFake Çalışmaları/FaceForensics_Projesi/real_frames/train/518/frame_000001.jpg,/content/drive/MyDrive/AISC DeepFake Çalışmaları/Deney 1 Frame/Real/train/real_train_01084.jpg,real_train_01084.jpg
Real,train,/content/drive/MyDrive/AISC DeepFake Çalışmaları/FaceForensics_Projesi/real_frames/train/783/frame_000012.jpg,/content/drive/MyDrive/AISC DeepFake Çalışmaları/Deney 1 Frame/Real/train/real_train_01085.jpg,real_train_01085.jpg
Real,train,/content/drive/MyDrive/AISC DeepFake Çalışmaları/FaceForensics_Projesi/real_frames/train/059/frame_000012.jpg,/content/drive/MyDrive/AISC DeepFake Çalışmaları/Deney 1 Frame/Real/train/real_train_01086.jpg,real_train_01086.jpg
Real,train,/content/drive/MyDrive/AISC DeepFake Çalışmaları/FaceForensics_Projesi/real_frames/train/423/frame_000079.jpg,/content/drive/MyDrive/AISC DeepFake Çalışmaları/Deney 1 Frame/Real/train/real_train_01087.jpg,real_train_01087.jpg
Real,train,/content/drive/MyDrive/AISC DeepFake Çalışmaları/FaceForensics_Projesi/real_frames/train/542/frame_000000.jpg,/content/drive/MyDrive/AISC DeepFake Çalışmaları/Deney 1 Frame/Real/train/real_train_01088.jpg,real_train_01088.jpg
Real,train,/content/drive/MyDrive/AISC DeepFake Çalışmaları/FaceForensics_Projesi/real_frames/train/402/frame_000012.jpg,/content/drive/MyDrive/AISC DeepFake Çalışmaları/Deney 1 Frame/Real/train/real_train_01089.jpg,real_train_01089.jpg
Real,train,/content/drive/MyDrive/AISC DeepFake Çalışmaları/FaceForensics_Projesi/real_frames/train/268/frame_000060.jpg,/content/drive/MyDrive/AISC DeepFake Çalışmaları/Deney 1 Frame/Real/train/real_train_01090.jpg,real_train_01090.jpg
Real,train,/content/drive/MyDrive/AISC DeepFake Çalışmaları/FaceForensics_Projesi/real_frames/train/801/frame_000022.jpg,/content/drive/MyDrive/AISC DeepFake Çalışmaları/Deney 1 Frame/Real/train/real_train_01091.jpg,real_train_01091.jpg
Real,train,/content/drive/MyDrive/AISC DeepFake Çalışmaları/FaceForensics_Projesi/real_frames/train/798/frame_000016.jpg,/content/drive/MyDrive/AISC DeepFake Çalışmaları/Deney 1 Frame/Real/train/real_train_01092.jpg,real_train_01092.jpg
Real,train,/content/drive/MyDrive/AISC DeepFake Çalışmaları/FaceForensics_Projesi/real_frames/train/145/frame_000028.jpg,/content/drive/MyDrive/AISC DeepFake Çalışmaları/Deney 1 Frame/Real/train/real_train_01093.jpg,real_train_01093.jpg
Real,train,/content/drive/MyDrive/AISC DeepFake Çalışmaları/FaceForensics_Projesi/real_frames/train/443/frame_000035.jpg,/content/drive/MyDrive/AISC DeepFake Çalışmaları/Deney 1 Frame/Real/train/real_train_01094.jpg,real_train_01094.jpg
Real,train,/content/drive/MyDrive/AISC DeepFake Çalışmaları/FaceForensics_Projesi/real_frames/train/770/frame_000003.jpg,/content/drive/MyDrive/AISC DeepFake Çalışmaları/Deney 1 Frame/Real/train/real_train_01095.jpg,real_train_01095.jpg
Real,train,/content/drive/MyDrive/AISC DeepFake Çalışmaları/FaceForensics_Projesi/real_frames/train/433/frame_000021.jpg,/content/drive/MyDrive/AISC DeepFake Çalışmaları/Deney 1 Frame/Real/train/real_train_01096.jpg,real_train_01096.jpg
Real,train,/content/drive/MyDrive/AISC DeepFake Çalışmaları/FaceForensics_Projesi/real_frames/train/898/frame_000002.jpg,/content/drive/MyDrive/AISC DeepFake Çalışmaları/Deney 1 Frame/Real/train/real_train_01097.jpg,real_train_01097.jpg
Real,train,/content/drive/MyDrive/AISC DeepFake Çalışmaları/FaceForensics_Projesi/real_frames/train/321/frame_000016.jpg,/content/drive/MyDrive/AISC DeepFake Çalışmaları/Deney 1 Frame/Real/train/real_train_01098.jpg,real_train_01098.jpg
Real,train,/content/drive/MyDrive/AISC DeepFake Çalışmaları/FaceForensics_Projesi/real_frames/train/568/frame_000014.jpg,/content/drive/MyDrive/AISC DeepFake Çalışmaları/Deney 1 Frame/Real/train/real_train_01099.jpg,real_train_01099.jpg
Real,train,/content/drive/MyDrive/AISC DeepFake Çalışmaları/FaceForensics_Projesi/real_frames/train/423/frame_000029.jpg,/content/drive/MyDrive/AISC DeepFake Çalışmaları/Deney 1 Frame/Real/train/real_train_01100.jpg,real_train_01100.jpg
Real,train,/content/drive/MyDrive/AISC DeepFake Çalışmaları/FaceForensics_Projesi/real_frames/train/149/frame_000002.jpg,/content/drive/MyDrive/AISC DeepFake Çalışmaları/Deney 1 Frame/Real/train/real_train_01101.jpg,real_train_01101.jpg
Real,train,/content/drive/MyDrive/AISC DeepFake Çalışmaları/FaceForensics_Projesi/real_frames/train/329/frame_000013.jpg,/content/drive/MyDrive/AISC DeepFake Çalışmaları/Deney 1 Frame/Real/train/real_train_01102.jpg,real_train_01102.jpg
Real,train,/content/drive/MyDrive/AISC DeepFake Çalışmaları/FaceForensics_Projesi/real_frames/train/564/frame_000010.jpg,/content/drive/MyDrive/AISC DeepFake Çalışmaları/Deney 1 Frame/Real/train/real_train_01103.jpg,real_train_01103.jpg
Real,train,/content/drive/MyDrive/AISC DeepFake Çalışmaları/FaceForensics_Projesi/real_frames/train/984/frame_000015.jpg,/content/drive/MyDrive/AISC DeepFake Çalışmaları/Deney 1 Frame/Real/train/real_train_01104.jpg,real_train_01104.jpg
Real,train,/content/drive/MyDrive/AISC DeepFake Çalışmaları/FaceForensics_Projesi/real_frames/train/058/frame_000000.jpg,/content/drive/MyDrive/AISC DeepFake Çalışmaları/Deney 1 Frame/Real/train/real_train_01105.jpg,real_train_01105.jpg
Real,train,/content/drive/MyDrive/AISC DeepFake Çalışmaları/FaceForensics_Projesi/real_frames/train/378/frame_000028.jpg,/content/drive/MyDrive/AISC DeepFake Çalışmaları/Deney 1 Frame/Real/train/real_train_01106.jpg,real_train_01106.jpg
Real,train,/content/drive/MyDrive/AISC DeepFake Çalışmaları/FaceForensics_Projesi/real_frames/train/638/frame_000017.jpg,/content/drive/MyDrive/AISC DeepFake Çalışmaları/Deney 1 Frame/Real/train/real_train_01107.jpg,real_train_01107.jpg
Real,train,/content/drive/MyDrive/AISC DeepFake Çalışmaları/FaceForensics_Projesi/real_frames/train/693/frame_000024.jpg,/content/drive/MyDrive/AISC DeepFake Çalışmaları/Deney 1 Frame/Real/train/real_train_01108.jpg,real_train_01108.jpg
Real,train,/content/drive/MyDrive/AISC DeepFake Çalışmaları/FaceForensics_Projesi/real_frames/train/185/frame_000037.jpg,/content/drive/MyDrive/AISC DeepFake Çalışmaları/Deney 1 Frame/Real/train/real_train_01109.jpg,real_train_01109.jpg
Real,train,/content/drive/MyDrive/AISC DeepFake Çalışmaları/FaceForensics_Projesi/real_frames/train/107/frame_000012.jpg,/content/drive/MyDrive/AISC DeepFake Çalışmaları/Deney 1 Frame/Real/train/real_train_01110.jpg,real_train_01110.jpg
Real,train,/content/drive/MyDrive/AISC DeepFake Çalışmaları/FaceForensics_Projesi/real_frames/train/564/frame_000016.jpg,/content/drive/MyDrive/AISC DeepFake Çalışmaları/Deney 1 Frame/Real/train/real_train_01111.jpg,real_train_01111.jpg
Real,train,/content/drive/MyDrive/AISC DeepFake Çalışmaları/FaceForensics_Projesi/real_frames/train/949/frame_000025.jpg,/content/drive/MyDrive/AISC DeepFake Çalışmaları/Deney 1 Frame/Real/train/real_train_01112.jpg,real_train_01112.jpg
Real,train,/content/drive/MyDrive/AISC DeepFake Çalışmaları/FaceForensics_Projesi/real_frames/train/356/frame_000013.jpg,/content/drive/MyDrive/AISC DeepFake Çalışmaları/Deney 1 Frame/Real/train/real_train_01113.jpg,real_train_01113.jpg
Real,train,/content/drive/MyDrive/AISC DeepFake Çalışmaları/FaceForensics_Projesi/real_frames/train/583/frame_000007.jpg,/content/drive/MyDrive/AISC DeepFake Çalışmaları/Deney 1 Frame/Real/train/real_train_01114.jpg,real_train_01114.jpg
Real,train,/content/drive/MyDrive/AISC DeepFake Çalışmaları/FaceForensics_Projesi/real_frames/train/530/frame_000012.jpg,/content/drive/MyDrive/AISC DeepFake Çalışmaları/Deney 1 Frame/Real/train/real_train_01115.jpg,real_train_01115.jpg
Real,train,/content/drive/MyDrive/AISC DeepFake Çalışmaları/FaceForensics_Projesi/real_frames/train/015/frame_000012.jpg,/content/drive/MyDrive/AISC DeepFake Çalışmaları/Deney 1 Frame/Real/train/real_train_01116.jpg,real_train_01116.jpg
Real,train,/content/drive/MyDrive/AISC DeepFake Çalışmaları/FaceForensics_Projesi/real_frames/train/309/frame_000008.jpg,/content/drive/MyDrive/AISC DeepFake Çalışmaları/Deney 1 Frame/Real/train/real_train_01117.jpg,real_train_01117.jpg
Real,train,/content/drive/MyDrive/AISC DeepFake Çalışmaları/FaceForensics_Projesi/real_frames/train/683/frame_000012.jpg,/content/drive/MyDrive/AISC DeepFake Çalışmaları/Deney 1 Frame/Real/train/real_train_01118.jpg,real_train_01118.jpg
Real,train,/content/drive/MyDrive/AISC DeepFake Çalışmaları/FaceForensics_Projesi/real_frames/train/374/frame_000014.jpg,/content/drive/MyDrive/AISC DeepFake Çalışmaları/Deney 1 Frame/Real/train/real_train_01119.jpg,real_train_01119.jpg
Real,train,/content/drive/MyDrive/AISC DeepFake Çalışmaları/FaceForensics_Projesi/real_frames/train/108/frame_000013.jpg,/content/drive/MyDrive/AISC DeepFake Çalışmaları/Deney 1 Frame/Real/train/real_train_01120.jpg,real_train_01120.jpg
Real,train,/content/drive/MyDrive/AISC DeepFake Çalışmaları/FaceForensics_Projesi/real_frames/train/927/frame_000018.jpg,/content/drive/MyDrive/AISC DeepFake Çalışmaları/Deney 1 Frame/Real/train/real_train_01121.jpg,real_train_01121.jpg
Real,train,/content/drive/MyDrive/AISC DeepFake Çalışmaları/FaceForensics_Projesi/real_frames/train/115/frame_000005.jpg,/content/drive/MyDrive/AISC DeepFake Çalışmaları/Deney 1 Frame/Real/train/real_train_01122.jpg,real_train_01122.jpg
Real,train,/content/drive/MyDrive/AISC DeepFake Çalışmaları/FaceForensics_Projesi/real_frames/train/795/frame_000020.jpg,/content/drive/MyDrive/AISC DeepFake Çalışmaları/Deney 1 Frame/Real/train/real_train_01123.jpg,real_train_01123.jpg
Real,train,/content/drive/MyDrive/AISC DeepFake Çalışmaları/FaceForensics_Projesi/real_frames/train/630/frame_000007.jpg,/content/drive/MyDrive/AISC DeepFake Çalışmaları/Deney 1 Frame/Real/train/real_train_01124.jpg,real_train_01124.jpg
Real,train,/content/drive/MyDrive/AISC DeepFake Çalışmaları/FaceForensics_Projesi/real_frames/train/443/frame_000019.jpg,/content/drive/MyDrive/AISC DeepFake Çalışmaları/Deney 1 Frame/Real/train/real_train_01125.jpg,real_train_01125.jpg
Real,train,/content/drive/MyDrive/AISC DeepFake Çalışmaları/FaceForensics_Projesi/real_frames/train/632/frame_000024.jpg,/content/drive/MyDrive/AISC DeepFake Çalışmaları/Deney 1 Frame/Real/train/real_train_01126.jpg,real_train_01126.jpg
Real,train,/content/drive/MyDrive/AISC DeepFake Çalışmaları/FaceForensics_Projesi/real_frames/train/942/frame_000024.jpg,/content/drive/MyDrive/AISC DeepFake Çalışmaları/Deney 1 Frame/Real/train/real_train_01127.jpg,real_train_01127.jpg
Real,train,/content/drive/MyDrive/AISC DeepFake Çalışmaları/FaceForensics_Projesi/real_frames/train/924/frame_000061.jpg,/content/drive/MyDrive/AISC DeepFake Çalışmaları/Deney 1 Frame/Real/train/real_train_01128.jpg,real_train_01128.jpg
Real,train,/content/drive/MyDrive/AISC DeepFake Çalışmaları/FaceForensics_Projesi/real_frames/train/415/frame_000007.jpg,/content/drive/MyDrive/AISC DeepFake Çalışmaları/Deney 1 Frame/Real/train/real_train_01129.jpg,real_train_01129.jpg
Real,train,/content/drive/MyDrive/AISC DeepFake Çalışmaları/FaceForensics_Projesi/real_frames/train/374/frame_000025.jpg,/content/drive/MyDrive/AISC DeepFake Çalışmaları/Deney 1 Frame/Real/train/real_train_01130.jpg,real_train_01130.jpg
Real,train,/content/drive/MyDrive/AISC DeepFake Çalışmaları/FaceForensics_Projesi/real_frames/train/058/frame_000016.jpg,/content/drive/MyDrive/AISC DeepFake Çalışmaları/Deney 1 Frame/Real/train/real_train_01131.jpg,real_train_01131.jpg
Real,train,/content/drive/MyDrive/AISC DeepFake Çalışmaları/FaceForensics_Projesi/real_frames/train/042/frame_000016.jpg,/content/drive/MyDrive/AISC DeepFake Çalışmaları/Deney 1 Frame/Real/train/real_train_01132.jpg,real_train_01132.jpg
Real,train,/content/drive/MyDrive/AISC DeepFake Çalışmaları/FaceForensics_Projesi/real_frames/train/563/frame_000005.jpg,/content/drive/MyDrive/AISC DeepFake Çalışmaları/Deney 1 Frame/Real/train/real_train_01133.jpg,real_train_01133.jpg
Real,train,/content/drive/MyDrive/AISC DeepFake Çalışmaları/FaceForensics_Projesi/real_frames/train/471/frame_000027.jpg,/content/drive/MyDrive/AISC DeepFake Çalışmaları/Deney 1 Frame/Real/train/real_train_01134.jpg,real_train_01134.jpg
Real,train,/content/drive/MyDrive/AISC DeepFake Çalışmaları/FaceForensics_Projesi/real_frames/train/506/frame_000001.jpg,/content/drive/MyDrive/AISC DeepFake Çalışmaları/Deney 1 Frame/Real/train/real_train_01135.jpg,real_train_01135.jpg
Real,train,/content/drive/MyDrive/AISC DeepFake Çalışmaları/FaceForensics_Projesi/real_frames/train/088/frame_000025.jpg,/content/drive/MyDrive/AISC DeepFake Çalışmaları/Deney 1 Frame/Real/train/real_train_01136.jpg,real_train_01136.jpg
Real,train,/content/drive/MyDrive/AISC DeepFake Çalışmaları/FaceForensics_Projesi/real_frames/train/101/frame_000034.jpg,/content/drive/MyDrive/AISC DeepFake Çalışmaları/Deney 1 Frame/Real/train/real_train_01137.jpg,real_train_01137.jpg
Real,train,/content/drive/MyDrive/AISC DeepFake Çalışmaları/FaceForensics_Projesi/real_frames/train/368/frame_000007.jpg,/content/drive/MyDrive/AISC DeepFake Çalışmaları/Deney 1 Frame/Real/train/real_train_01138.jpg,real_train_01138.jpg
Real,train,/content/drive/MyDrive/AISC DeepFake Çalışmaları/FaceForensics_Projesi/real_frames/train/256/frame_000027.jpg,/content/drive/MyDrive/AISC DeepFake Çalışmaları/Deney 1 Frame/Real/train/real_train_01139.jpg,real_train_01139.jpg
Real,train,/content/drive/MyDrive/AISC DeepFake Çalışmaları/FaceForensics_Projesi/real_frames/train/707/frame_000019.jpg,/content/drive/MyDrive/AISC DeepFake Çalışmaları/Deney 1 Frame/Real/train/real_train_01140.jpg,real_train_01140.jpg
Real,train,/content/drive/MyDrive/AISC DeepFake Çalışmaları/FaceForensics_Projesi/real_frames/train/037/frame_000023.jpg,/content/drive/MyDrive/AISC DeepFake Çalışmaları/Deney 1 Frame/Real/train/real_train_01141.jpg,real_train_01141.jpg
Real,train,/content/drive/MyDrive/AISC DeepFake Çalışmaları/FaceForensics_Projesi/real_frames/train/596/frame_000016.jpg,/content/drive/MyDrive/AISC DeepFake Çalışmaları/Deney 1 Frame/Real/train/real_train_01142.jpg,real_train_01142.jpg
Real,train,/content/drive/MyDrive/AISC DeepFake Çalışmaları/FaceForensics_Projesi/real_frames/train/948/frame_000002.jpg,/content/drive/MyDrive/AISC DeepFake Çalışmaları/Deney 1 Frame/Real/train/real_train_01143.jpg,real_train_01143.jpg
Real,train,/content/drive/MyDrive/AISC DeepFake Çalışmaları/FaceForensics_Projesi/real_frames/train/139/frame_000015.jpg,/content/drive/MyDrive/AISC DeepFake Çalışmaları/Deney 1 Frame/Real/train/real_train_01144.jpg,real_train_01144.jpg
Real,train,/content/drive/MyDrive/AISC DeepFake Çalışmaları/FaceForensics_Projesi/real_frames/train/421/frame_000025.jpg,/content/drive/MyDrive/AISC DeepFake Çalışmaları/Deney 1 Frame/Real/train/real_train_01145.jpg,real_train_01145.jpg
Real,train,/content/drive/MyDrive/AISC DeepFake Çalışmaları/FaceForensics_Projesi/real_frames/train/815/frame_000004.jpg,/content/drive/MyDrive/AISC DeepFake Çalışmaları/Deney 1 Frame/Real/train/real_train_01146.jpg,real_train_01146.jpg
Real,train,/content/drive/MyDrive/AISC DeepFake Çalışmaları/FaceForensics_Projesi/real_frames/train/799/frame_000033.jpg,/content/drive/MyDrive/AISC DeepFake Çalışmaları/Deney 1 Frame/Real/train/real_train_01147.jpg,real_train_01147.jpg
Real,train,/content/drive/MyDrive/AISC DeepFake Çalışmaları/FaceForensics_Projesi/real_frames/train/844/frame_000008.jpg,/content/drive/MyDrive/AISC DeepFake Çalışmaları/Deney 1 Frame/Real/train/real_train_01148.jpg,real_train_01148.jpg
Real,train,/content/drive/MyDrive/AISC DeepFake Çalışmaları/FaceForensics_Projesi/real_frames/train/987/frame_000002.jpg,/content/drive/MyDrive/AISC DeepFake Çalışmaları/Deney 1 Frame/Real/train/real_train_01149.jpg,real_train_01149.jpg
Real,train,/content/drive/MyDrive/AISC DeepFake Çalışmaları/FaceForensics_Projesi/real_frames/train/423/frame_000064.jpg,/content/drive/MyDrive/AISC DeepFake Çalışmaları/Deney 1 Frame/Real/train/real_train_01150.jpg,real_train_01150.jpg
Real,train,/content/drive/MyDrive/AISC DeepFake Çalışmaları/FaceForensics_Projesi/real_frames/train/766/frame_000005.jpg,/content/drive/MyDrive/AISC DeepFake Çalışmaları/Deney 1 Frame/Real/train/real_train_01151.jpg,real_train_01151.jpg
Real,train,/content/drive/MyDrive/AISC DeepFake Çalışmaları/FaceForensics_Projesi/real_frames/train/496/frame_000003.jpg,/content/drive/MyDrive/AISC DeepFake Çalışmaları/Deney 1 Frame/Real/train/real_train_01152.jpg,real_train_01152.jpg
Real,train,/content/drive/MyDrive/AISC DeepFake Çalışmaları/FaceForensics_Projesi/real_frames/train/742/frame_000028.jpg,/content/drive/MyDrive/AISC DeepFake Çalışmaları/Deney 1 Frame/Real/train/real_train_01153.jpg,real_train_01153.jpg
Real,train,/content/drive/MyDrive/AISC DeepFake Çalışmaları/FaceForensics_Projesi/real_frames/train/833/frame_000005.jpg,/content/drive/MyDrive/AISC DeepFake Çalışmaları/Deney 1 Frame/Real/train/real_train_01154.jpg,real_train_01154.jpg
Real,train,/content/drive/MyDrive/AISC DeepFake Çalışmaları/FaceForensics_Projesi/real_frames/train/806/frame_000006.jpg,/content/drive/MyDrive/AISC DeepFake Çalışmaları/Deney 1 Frame/Real/train/real_train_01155.jpg,real_train_01155.jpg
Real,train,/content/drive/MyDrive/AISC DeepFake Çalışmaları/FaceForensics_Projesi/real_frames/train/503/frame_000008.jpg,/content/drive/MyDrive/AISC DeepFake Çalışmaları/Deney 1 Frame/Real/train/real_train_01156.jpg,real_train_01156.jpg
Real,train,/content/drive/MyDrive/AISC DeepFake Çalışmaları/FaceForensics_Projesi/real_frames/train/847/frame_000009.jpg,/content/drive/MyDrive/AISC DeepFake Çalışmaları/Deney 1 Frame/Real/train/real_train_01157.jpg,real_train_01157.jpg
Real,train,/content/drive/MyDrive/AISC DeepFake Çalışmaları/FaceForensics_Projesi/real_frames/train/905/frame_000017.jpg,/content/drive/MyDrive/AISC DeepFake Çalışmaları/Deney 1 Frame/Real/train/real_train_01158.jpg,real_train_01158.jpg
Real,train,/content/drive/MyDrive/AISC DeepFake Çalışmaları/FaceForensics_Projesi/real_frames/train/053/frame_000010.jpg,/content/drive/MyDrive/AISC DeepFake Çalışmaları/Deney 1 Frame/Real/train/real_train_01159.jpg,real_train_01159.jpg
Real,train,/content/drive/MyDrive/AISC DeepFake Çalışmaları/FaceForensics_Projesi/real_frames/train/708/frame_000016.jpg,/content/drive/MyDrive/AISC DeepFake Çalışmaları/Deney 1 Frame/Real/train/real_train_01160.jpg,real_train_01160.jpg
Real,train,/content/drive/MyDrive/AISC DeepFake Çalışmaları/FaceForensics_Projesi/real_frames/train/200/frame_000008.jpg,/content/drive/MyDrive/AISC DeepFake Çalışmaları/Deney 1 Frame/Real/train/real_train_01161.jpg,real_train_01161.jpg
Real,train,/content/drive/MyDrive/AISC DeepFake Çalışmaları/FaceForensics_Projesi/real_frames/train/969/frame_000009.jpg,/content/drive/MyDrive/AISC DeepFake Çalışmaları/Deney 1 Frame/Real/train/real_train_01162.jpg,real_train_01162.jpg
Real,train,/content/drive/MyDrive/AISC DeepFake Çalışmaları/FaceForensics_Projesi/real_frames/train/687/frame_000003.jpg,/content/drive/MyDrive/AISC DeepFake Çalışmaları/Deney 1 Frame/Real/train/real_train_01163.jpg,real_train_01163.jpg
Real,train,/content/drive/MyDrive/AISC DeepFake Çalışmaları/FaceForensics_Projesi/real_frames/train/993/frame_000018.jpg,/content/drive/MyDrive/AISC DeepFake Çalışmaları/Deney 1 Frame/Real/train/real_train_01164.jpg,real_train_01164.jpg
Real,train,/content/drive/MyDrive/AISC DeepFake Çalışmaları/FaceForensics_Projesi/real_frames/train/404/frame_000014.jpg,/content/drive/MyDrive/AISC DeepFake Çalışmaları/Deney 1 Frame/Real/train/real_train_01165.jpg,real_train_01165.jpg
Real,train,/content/drive/MyDrive/AISC DeepFake Çalışmaları/FaceForensics_Projesi/real_frames/train/967/frame_000000.jpg,/content/drive/MyDrive/AISC DeepFake Çalışmaları/Deney 1 Frame/Real/train/real_train_01166.jpg,real_train_01166.jpg
Real,train,/content/drive/MyDrive/AISC DeepFake Çalışmaları/FaceForensics_Projesi/real_frames/train/374/frame_000019.jpg,/content/drive/MyDrive/AISC DeepFake Çalışmaları/Deney 1 Frame/Real/train/real_train_01167.jpg,real_train_01167.jpg
Real,train,/content/drive/MyDrive/AISC DeepFake Çalışmaları/FaceForensics_Projesi/real_frames/train/010/frame_000013.jpg,/content/drive/MyDrive/AISC DeepFake Çalışmaları/Deney 1 Frame/Real/train/real_train_01168.jpg,real_train_01168.jpg
Real,train,/content/drive/MyDrive/AISC DeepFake Çalışmaları/FaceForensics_Projesi/real_frames/train/563/frame_000011.jpg,/content/drive/MyDrive/AISC DeepFake Çalışmaları/Deney 1 Frame/Real/train/real_train_01169.jpg,real_train_01169.jpg
Real,train,/content/drive/MyDrive/AISC DeepFake Çalışmaları/FaceForensics_Projesi/real_frames/train/351/frame_000031.jpg,/content/drive/MyDrive/AISC DeepFake Çalışmaları/Deney 1 Frame/Real/train/real_train_01170.jpg,real_train_01170.jpg
Real,train,/content/drive/MyDrive/AISC DeepFake Çalışmaları/FaceForensics_Projesi/real_frames/train/186/frame_000012.jpg,/content/drive/MyDrive/AISC DeepFake Çalışmaları/Deney 1 Frame/Real/train/real_train_01171.jpg,real_train_01171.jpg
Real,train,/content/drive/MyDrive/AISC DeepFake Çalışmaları/FaceForensics_Projesi/real_frames/train/008/frame_000008.jpg,/content/drive/MyDrive/AISC DeepFake Çalışmaları/Deney 1 Frame/Real/train/real_train_01172.jpg,real_train_01172.jpg
Real,train,/content/drive/MyDrive/AISC DeepFake Çalışmaları/FaceForensics_Projesi/real_frames/train/497/frame_000014.jpg,/content/drive/MyDrive/AISC DeepFake Çalışmaları/Deney 1 Frame/Real/train/real_train_01173.jpg,real_train_01173.jpg
Real,train,/content/drive/MyDrive/AISC DeepFake Çalışmaları/FaceForensics_Projesi/real_frames/train/133/frame_000033.jpg,/content/drive/MyDrive/AISC DeepFake Çalışmaları/Deney 1 Frame/Real/train/real_train_01174.jpg,real_train_01174.jpg
Real,train,/content/drive/MyDrive/AISC DeepFake Çalışmaları/FaceForensics_Projesi/real_frames/train/653/frame_000006.jpg,/content/drive/MyDrive/AISC DeepFake Çalışmaları/Deney 1 Frame/Real/train/real_train_01175.jpg,real_train_01175.jpg
Real,train,/content/drive/MyDrive/AISC DeepFake Çalışmaları/FaceForensics_Projesi/real_frames/train/475/frame_000002.jpg,/content/drive/MyDrive/AISC DeepFake Çalışmaları/Deney 1 Frame/Real/train/real_train_01176.jpg,real_train_01176.jpg
Real,train,/content/drive/MyDrive/AISC DeepFake Çalışmaları/FaceForensics_Projesi/real_frames/train/043/frame_000008.jpg,/content/drive/MyDrive/AISC DeepFake Çalışmaları/Deney 1 Frame/Real/train/real_train_01177.jpg,real_train_01177.jpg
Real,train,/content/drive/MyDrive/AISC DeepFake Çalışmaları/FaceForensics_Projesi/real_frames/train/188/frame_000003.jpg,/content/drive/MyDrive/AISC DeepFake Çalışmaları/Deney 1 Frame/Real/train/real_train_01178.jpg,real_train_01178.jpg
Real,train,/content/drive/MyDrive/AISC DeepFake Çalışmaları/FaceForensics_Projesi/real_frames/train/851/frame_000001.jpg,/content/drive/MyDrive/AISC DeepFake Çalışmaları/Deney 1 Frame/Real/train/real_train_01179.jpg,real_train_01179.jpg
Real,train,/content/drive/MyDrive/AISC DeepFake Çalışmaları/FaceForensics_Projesi/real_frames/train/366/frame_000001.jpg,/content/drive/MyDrive/AISC DeepFake Çalışmaları/Deney 1 Frame/Real/train/real_train_01180.jpg,real_train_01180.jpg
Real,train,/content/drive/MyDrive/AISC DeepFake Çalışmaları/FaceForensics_Projesi/real_frames/train/038/frame_000008.jpg,/content/drive/MyDrive/AISC DeepFake Çalışmaları/Deney 1 Frame/Real/train/real_train_01181.jpg,real_train_01181.jpg
Real,train,/content/drive/MyDrive/AISC DeepFake Çalışmaları/FaceForensics_Projesi/real_frames/train/950/frame_000016.jpg,/content/drive/MyDrive/AISC DeepFake Çalışmaları/Deney 1 Frame/Real/train/real_train_01182.jpg,real_train_01182.jpg
Real,train,/content/drive/MyDrive/AISC DeepFake Çalışmaları/FaceForensics_Projesi/real_frames/train/307/frame_000020.jpg,/content/drive/MyDrive/AISC DeepFake Çalışmaları/Deney 1 Frame/Real/train/real_train_01183.jpg,real_train_01183.jpg
Real,train,/content/drive/MyDrive/AISC DeepFake Çalışmaları/FaceForensics_Projesi/real_frames/train/442/frame_000009.jpg,/content/drive/MyDrive/AISC DeepFake Çalışmaları/Deney 1 Frame/Real/train/real_train_01184.jpg,real_train_01184.jpg
Real,train,/content/drive/MyDrive/AISC DeepFake Çalışmaları/FaceForensics_Projesi/real_frames/train/258/frame_000014.jpg,/content/drive/MyDrive/AISC DeepFake Çalışmaları/Deney 1 Frame/Real/train/real_train_01185.jpg,real_train_01185.jpg
Real,train,/content/drive/MyDrive/AISC DeepFake Çalışmaları/FaceForensics_Projesi/real_frames/train/799/frame_000055.jpg,/content/drive/MyDrive/AISC DeepFake Çalışmaları/Deney 1 Frame/Real/train/real_train_01186.jpg,real_train_01186.jpg
Real,train,/content/drive/MyDrive/AISC DeepFake Çalışmaları/FaceForensics_Projesi/real_frames/train/743/frame_000004.jpg,/content/drive/MyDrive/AISC DeepFake Çalışmaları/Deney 1 Frame/Real/train/real_train_01187.jpg,real_train_01187.jpg
Real,train,/content/drive/MyDrive/AISC DeepFake Çalışmaları/FaceForensics_Projesi/real_frames/train/465/frame_000006.jpg,/content/drive/MyDrive/AISC DeepFake Çalışmaları/Deney 1 Frame/Real/train/real_train_01188.jpg,real_train_01188.jpg
Real,train,/content/drive/MyDrive/AISC DeepFake Çalışmaları/FaceForensics_Projesi/real_frames/train/630/frame_000009.jpg,/content/drive/MyDrive/AISC DeepFake Çalışmaları/Deney 1 Frame/Real/train/real_train_01189.jpg,real_train_01189.jpg
Real,train,/content/drive/MyDrive/AISC DeepFake Çalışmaları/FaceForensics_Projesi/real_frames/train/338/frame_000021.jpg,/content/drive/MyDrive/AISC DeepFake Çalışmaları/Deney 1 Frame/Real/train/real_train_01190.jpg,real_train_01190.jpg
Real,train,/content/drive/MyDrive/AISC DeepFake Çalışmaları/FaceForensics_Projesi/real_frames/train/154/frame_000000.jpg,/content/drive/MyDrive/AISC DeepFake Çalışmaları/Deney 1 Frame/Real/train/real_train_01191.jpg,real_train_01191.jpg
Real,train,/content/drive/MyDrive/AISC DeepFake Çalışmaları/FaceForensics_Projesi/real_frames/train/280/frame_000006.jpg,/content/drive/MyDrive/AISC DeepFake Çalışmaları/Deney 1 Frame/Real/train/real_train_01192.jpg,real_train_01192.jpg
Real,train,/content/drive/MyDrive/AISC DeepFake Çalışmaları/FaceForensics_Projesi/real_frames/train/810/frame_000044.jpg,/content/drive/MyDrive/AISC DeepFake Çalışmaları/Deney 1 Frame/Real/train/real_train_01193.jpg,real_train_01193.jpg
Real,train,/content/drive/MyDrive/AISC DeepFake Çalışmaları/FaceForensics_Projesi/real_frames/train/179/frame_000004.jpg,/content/drive/MyDrive/AISC DeepFake Çalışmaları/Deney 1 Frame/Real/train/real_train_01194.jpg,real_train_01194.jpg
Real,train,/content/drive/MyDrive/AISC DeepFake Çalışmaları/FaceForensics_Projesi/real_frames/train/605/frame_000000.jpg,/content/drive/MyDrive/AISC DeepFake Çalışmaları/Deney 1 Frame/Real/train/real_train_01195.jpg,real_train_01195.jpg
Real,train,/content/drive/MyDrive/AISC DeepFake Çalışmaları/FaceForensics_Projesi/real_frames/train/844/frame_000019.jpg,/content/drive/MyDrive/AISC DeepFake Çalışmaları/Deney 1 Frame/Real/train/real_train_01196.jpg,real_train_01196.jpg
Real,train,/content/drive/MyDrive/AISC DeepFake Çalışmaları/FaceForensics_Projesi/real_frames/train/624/frame_000004.jpg,/content/drive/MyDrive/AISC DeepFake Çalışmaları/Deney 1 Frame/Real/train/real_train_01197.jpg,real_train_01197.jpg
Real,train,/content/drive/MyDrive/AISC DeepFake Çalışmaları/FaceForensics_Projesi/real_frames/train/508/frame_000016.jpg,/content/drive/MyDrive/AISC DeepFake Çalışmaları/Deney 1 Frame/Real/train/real_train_01198.jpg,real_train_01198.jpg
Real,train,/content/drive/MyDrive/AISC DeepFake Çalışmaları/FaceForensics_Projesi/real_frames/train/415/frame_000000.jpg,/content/drive/MyDrive/AISC DeepFake Çalışmaları/Deney 1 Frame/Real/train/real_train_01199.jpg,real_train_01199.jpg
Real,val,/content/drive/MyDrive/AISC DeepFake Çalışmaları/FaceForensics_Projesi/real_frames/val/570/frame_000023.jpg,/content/drive/MyDrive/AISC DeepFake Çalışmaları/Deney 1 Frame/Real/val/real_val_00000.jpg,real_val_00000.jpg
Real,val,/content/drive/MyDrive/AISC DeepFake Çalışmaları/FaceForensics_Projesi/real_frames/val/655/frame_000019.jpg,/content/drive/MyDrive/AISC DeepFake Çalışmaları/Deney 1 Frame/Real/val/real_val_00001.jpg,real_val_00001.jpg
Real,val,/content/drive/MyDrive/AISC DeepFake Çalışmaları/FaceForensics_Projesi/real_frames/val/141/frame_000007.jpg,/content/drive/MyDrive/AISC DeepFake Çalışmaları/Deney 1 Frame/Real/val/real_val_00002.jpg,real_val_00002.jpg
Real,val,/content/drive/MyDrive/AISC DeepFake Çalışmaları/FaceForensics_Projesi/real_frames/val/546/frame_000015.jpg,/content/drive/MyDrive/AISC DeepFake Çalışmaları/Deney 1 Frame/Real/val/real_val_00003.jpg,real_val_00003.jpg
Real,val,/content/drive/MyDrive/AISC DeepFake Çalışmaları/FaceForensics_Projesi/real_frames/val/388/frame_000023.jpg,/content/drive/MyDrive/AISC DeepFake Çalışmaları/Deney 1 Frame/Real/val/real_val_00004.jpg,real_val_00004.jpg
Real,val,/content/drive/MyDrive/AISC DeepFake Çalışmaları/FaceForensics_Projesi/real_frames/val/445/frame_000032.jpg,/content/drive/MyDrive/AISC DeepFake Çalışmaları/Deney 1 Frame/Real/val/real_val_00005.jpg,real_val_00005.jpg
Real,val,/content/drive/MyDrive/AISC DeepFake Çalışmaları/FaceForensics_Projesi/real_frames/val/216/frame_000024.jpg,/content/drive/MyDrive/AISC DeepFake Çalışmaları/Deney 1 Frame/Real/val/real_val_00006.jpg,real_val_00006.jpg
Real,val,/content/drive/MyDrive/AISC DeepFake Çalışmaları/FaceForensics_Projesi/real_frames/val/764/frame_000016.jpg,/content/drive/MyDrive/AISC DeepFake Çalışmaları/Deney 1 Frame/Real/val/real_val_00007.jpg,real_val_00007.jpg
Real,val,/content/drive/MyDrive/AISC DeepFake Çalışmaları/FaceForensics_Projesi/real_frames/val/117/frame_000003.jpg,/content/drive/MyDrive/AISC DeepFake Çalışmaları/Deney 1 Frame/Real/val/real_val_00008.jpg,real_val_00008.jpg
Real,val,/content/drive/MyDrive/AISC DeepFake Çalışmaları/FaceForensics_Projesi/real_frames/val/469/frame_000016.jpg,/content/drive/MyDrive/AISC DeepFake Çalışmaları/Deney 1 Frame/Real/val/real_val_00009.jpg,real_val_00009.jpg
Real,val,/content/drive/MyDrive/AISC DeepFake Çalışmaları/FaceForensics_Projesi/real_frames/val/992/frame_000016.jpg,/content/drive/MyDrive/AISC DeepFake Çalışmaları/Deney 1 Frame/Real/val/real_val_00010.jpg,real_val_00010.jpg
Real,val,/content/drive/MyDrive/AISC DeepFake Çalışmaları/FaceForensics_Projesi/real_frames/val/794/frame_000025.jpg,/content/drive/MyDrive/AISC DeepFake Çalışmaları/Deney 1 Frame/Real/val/real_val_00011.jpg,real_val_00011.jpg
Real,val,/content/drive/MyDrive/AISC DeepFake Çalışmaları/FaceForensics_Projesi/real_frames/val/117/frame_000011.jpg,/content/drive/MyDrive/AISC DeepFake Çalışmaları/Deney 1 Frame/Real/val/real_val_00012.jpg,real_val_00012.jpg
Real,val,/content/drive/MyDrive/AISC DeepFake Çalışmaları/FaceForensics_Projesi/real_frames/val/658/frame_000017.jpg,/content/drive/MyDrive/AISC DeepFake Çalışmaları/Deney 1 Frame/Real/val/real_val_00013.jpg,real_val_00013.jpg
Real,val,/content/drive/MyDrive/AISC DeepFake Çalışmaları/FaceForensics_Projesi/real_frames/val/982/frame_000027.jpg,/content/drive/MyDrive/AISC DeepFake Çalışmaları/Deney 1 Frame/Real/val/real_val_00014.jpg,real_val_00014.jpg
Real,val,/content/drive/MyDrive/AISC DeepFake Çalışmaları/FaceForensics_Projesi/real_frames/val/112/frame_000011.jpg,/content/drive/MyDrive/AISC DeepFake Çalışmaları/Deney 1 Frame/Real/val/real_val_00015.jpg,real_val_00015.jpg
Real,val,/content/drive/MyDrive/AISC DeepFake Çalışmaları/FaceForensics_Projesi/real_frames/val/735/frame_000038.jpg,/content/drive/MyDrive/AISC DeepFake Çalışmaları/Deney 1 Frame/Real/val/real_val_00016.jpg,real_val_00016.jpg
Real,val,/content/drive/MyDrive/AISC DeepFake Çalışmaları/FaceForensics_Projesi/real_frames/val/738/frame_000002.jpg,/content/drive/MyDrive/AISC DeepFake Çalışmaları/Deney 1 Frame/Real/val/real_val_00017.jpg,real_val_00017.jpg
Real,val,/content/drive/MyDrive/AISC DeepFake Çalışmaları/FaceForensics_Projesi/real_frames/val/786/frame_000014.jpg,/content/drive/MyDrive/AISC DeepFake Çalışmaları/Deney 1 Frame/Real/val/real_val_00018.jpg,real_val_00018.jpg
Real,val,/content/drive/MyDrive/AISC DeepFake Çalışmaları/FaceForensics_Projesi/real_frames/val/141/frame_000020.jpg,/content/drive/MyDrive/AISC DeepFake Çalışmaları/Deney 1 Frame/Real/val/real_val_00019.jpg,real_val_00019.jpg
Real,val,/content/drive/MyDrive/AISC DeepFake Çalışmaları/FaceForensics_Projesi/real_frames/val/663/frame_000009.jpg,/content/drive/MyDrive/AISC DeepFake Çalışmaları/Deney 1 Frame/Real/val/real_val_00020.jpg,real_val_00020.jpg
Real,val,/content/drive/MyDrive/AISC DeepFake Çalışmaları/FaceForensics_Projesi/real_frames/val/065/frame_000013.jpg,/content/drive/MyDrive/AISC DeepFake Çalışmaları/Deney 1 Frame/Real/val/real_val_00021.jpg,real_val_00021.jpg
Real,val,/content/drive/MyDrive/AISC DeepFake Çalışmaları/FaceForensics_Projesi/real_frames/val/438/frame_000009.jpg,/content/drive/MyDrive/AISC DeepFake Çalışmaları/Deney 1 Frame/Real/val/real_val_00022.jpg,real_val_00022.jpg
Real,val,/content/drive/MyDrive/AISC DeepFake Çalışmaları/FaceForensics_Projesi/real_frames/val/656/frame_000025.jpg,/content/drive/MyDrive/AISC DeepFake Çalışmaları/Deney 1 Frame/Real/val/real_val_00023.jpg,real_val_00023.jpg
Real,val,/content/drive/MyDrive/AISC DeepFake Çalışmaları/FaceForensics_Projesi/real_frames/val/388/frame_000008.jpg,/content/drive/MyDrive/AISC DeepFake Çalışmaları/Deney 1 Frame/Real/val/real_val_00024.jpg,real_val_00024.jpg
Real,val,/content/drive/MyDrive/AISC DeepFake Çalışmaları/FaceForensics_Projesi/real_frames/val/787/frame_000000.jpg,/content/drive/MyDrive/AISC DeepFake Çalışmaları/Deney 1 Frame/Real/val/real_val_00025.jpg,real_val_00025.jpg
Real,val,/content/drive/MyDrive/AISC DeepFake Çalışmaları/FaceForensics_Projesi/real_frames/val/146/frame_000020.jpg,/content/drive/MyDrive/AISC DeepFake Çalışmaları/Deney 1 Frame/Real/val/real_val_00026.jpg,real_val_00026.jpg
Real,val,/content/drive/MyDrive/AISC DeepFake Çalışmaları/FaceForensics_Projesi/real_frames/val/663/frame_000002.jpg,/content/drive/MyDrive/AISC DeepFake Çalışmaları/Deney 1 Frame/Real/val/real_val_00027.jpg,real_val_00027.jpg
Real,val,/content/drive/MyDrive/AISC DeepFake Çalışmaları/FaceForensics_Projesi/real_frames/val/655/frame_000028.jpg,/content/drive/MyDrive/AISC DeepFake Çalışmaları/Deney 1 Frame/Real/val/real_val_00028.jpg,real_val_00028.jpg
Real,val,/content/drive/MyDrive/AISC DeepFake Çalışmaları/FaceForensics_Projesi/real_frames/val/332/frame_000003.jpg,/content/drive/MyDrive/AISC DeepFake Çalışmaları/Deney 1 Frame/Real/val/real_val_00029.jpg,real_val_00029.jpg
Real,val,/content/drive/MyDrive/AISC DeepFake Çalışmaları/FaceForensics_Projesi/real_frames/val/541/frame_000022.jpg,/content/drive/MyDrive/AISC DeepFake Çalışmaları/Deney 1 Frame/Real/val/real_val_00030.jpg,real_val_00030.jpg
Real,val,/content/drive/MyDrive/AISC DeepFake Çalışmaları/FaceForensics_Projesi/real_frames/val/408/frame_000000.jpg,/content/drive/MyDrive/AISC DeepFake Çalışmaları/Deney 1 Frame/Real/val/real_val_00031.jpg,real_val_00031.jpg
Real,val,/content/drive/MyDrive/AISC DeepFake Çalışmaları/FaceForensics_Projesi/real_frames/val/841/frame_000009.jpg,/content/drive/MyDrive/AISC DeepFake Çalışmaları/Deney 1 Frame/Real/val/real_val_00032.jpg,real_val_00032.jpg
Real,val,/content/drive/MyDrive/AISC DeepFake Çalışmaları/FaceForensics_Projesi/real_frames/val/003/frame_000008.jpg,/content/drive/MyDrive/AISC DeepFake Çalışmaları/Deney 1 Frame/Real/val/real_val_00033.jpg,real_val_00033.jpg
Real,val,/content/drive/MyDrive/AISC DeepFake Çalışmaları/FaceForensics_Projesi/real_frames/val/011/frame_000033.jpg,/content/drive/MyDrive/AISC DeepFake Çalışmaları/Deney 1 Frame/Real/val/real_val_00034.jpg,real_val_00034.jpg
Real,val,/content/drive/MyDrive/AISC DeepFake Çalışmaları/FaceForensics_Projesi/real_frames/val/445/frame_000041.jpg,/content/drive/MyDrive/AISC DeepFake Çalışmaları/Deney 1 Frame/Real/val/real_val_00035.jpg,real_val_00035.jpg
Real,val,/content/drive/MyDrive/AISC DeepFake Çalışmaları/FaceForensics_Projesi/real_frames/val/546/frame_000026.jpg,/content/drive/MyDrive/AISC DeepFake Çalışmaları/Deney 1 Frame/Real/val/real_val_00036.jpg,real_val_00036.jpg
Real,val,/content/drive/MyDrive/AISC DeepFake Çalışmaları/FaceForensics_Projesi/real_frames/val/958/frame_000021.jpg,/content/drive/MyDrive/AISC DeepFake Çalışmaları/Deney 1 Frame/Real/val/real_val_00037.jpg,real_val_00037.jpg
Real,val,/content/drive/MyDrive/AISC DeepFake Çalışmaları/FaceForensics_Projesi/real_frames/val/405/frame_000029.jpg,/content/drive/MyDrive/AISC DeepFake Çalışmaları/Deney 1 Frame/Real/val/real_val_00038.jpg,real_val_00038.jpg
Real,val,/content/drive/MyDrive/AISC DeepFake Çalışmaları/FaceForensics_Projesi/real_frames/val/394/frame_000010.jpg,/content/drive/MyDrive/AISC DeepFake Çalışmaları/Deney 1 Frame/Real/val/real_val_00039.jpg,real_val_00039.jpg
Real,val,/content/drive/MyDrive/AISC DeepFake Çalışmaları/FaceForensics_Projesi/real_frames/val/252/frame_000021.jpg,/content/drive/MyDrive/AISC DeepFake Çalışmaları/Deney 1 Frame/Real/val/real_val_00040.jpg,real_val_00040.jpg
Real,val,/content/drive/MyDrive/AISC DeepFake Çalışmaları/FaceForensics_Projesi/real_frames/val/438/frame_000012.jpg,/content/drive/MyDrive/AISC DeepFake Çalışmaları/Deney 1 Frame/Real/val/real_val_00041.jpg,real_val_00041.jpg
Real,val,/content/drive/MyDrive/AISC DeepFake Çalışmaları/FaceForensics_Projesi/real_frames/val/511/frame_000008.jpg,/content/drive/MyDrive/AISC DeepFake Çalışmaları/Deney 1 Frame/Real/val/real_val_00042.jpg,real_val_00042.jpg
Real,val,/content/drive/MyDrive/AISC DeepFake Çalışmaları/FaceForensics_Projesi/real_frames/val/610/frame_000019.jpg,/content/drive/MyDrive/AISC DeepFake Çalışmaları/Deney 1 Frame/Real/val/real_val_00043.jpg,real_val_00043.jpg
Real,val,/content/drive/MyDrive/AISC DeepFake Çalışmaları/FaceForensics_Projesi/real_frames/val/610/frame_000011.jpg,/content/drive/MyDrive/AISC DeepFake Çalışmaları/Deney 1 Frame/Real/val/real_val_00044.jpg,real_val_00044.jpg
Real,val,/content/drive/MyDrive/AISC DeepFake Çalışmaları/FaceForensics_Projesi/real_frames/val/117/frame_000018.jpg,/content/drive/MyDrive/AISC DeepFake Çalışmaları/Deney 1 Frame/Real/val/real_val_00045.jpg,real_val_00045.jpg
Real,val,/content/drive/MyDrive/AISC DeepFake Çalışmaları/FaceForensics_Projesi/real_frames/val/234/frame_000023.jpg,/content/drive/MyDrive/AISC DeepFake Çalışmaları/Deney 1 Frame/Real/val/real_val_00046.jpg,real_val_00046.jpg
Real,val,/content/drive/MyDrive/AISC DeepFake Çalışmaları/FaceForensics_Projesi/real_frames/val/597/frame_000005.jpg,/content/drive/MyDrive/AISC DeepFake Çalışmaları/Deney 1 Frame/Real/val/real_val_00047.jpg,real_val_00047.jpg
Real,val,/content/drive/MyDrive/AISC DeepFake Çalışmaları/FaceForensics_Projesi/real_frames/val/908/frame_000026.jpg,/content/drive/MyDrive/AISC DeepFake Çalışmaları/Deney 1 Frame/Real/val/real_val_00048.jpg,real_val_00048.jpg
Real,val,/content/drive/MyDrive/AISC DeepFake Çalışmaları/FaceForensics_Projesi/real_frames/val/881/frame_000022.jpg,/content/drive/MyDrive/AISC DeepFake Çalışmaları/Deney 1 Frame/Real/val/real_val_00049.jpg,real_val_00049.jpg
Real,val,/content/drive/MyDrive/AISC DeepFake Çalışmaları/FaceForensics_Projesi/real_frames/val/787/frame_000026.jpg,/content/drive/MyDrive/AISC DeepFake Çalışmaları/Deney 1 Frame/Real/val/real_val_00050.jpg,real_val_00050.jpg
Real,val,/content/drive/MyDrive/AISC DeepFake Çalışmaları/FaceForensics_Projesi/real_frames/val/473/frame_000010.jpg,/content/drive/MyDrive/AISC DeepFake Çalışmaları/Deney 1 Frame/Real/val/real_val_00051.jpg,real_val_00051.jpg
Real,val,/content/drive/MyDrive/AISC DeepFake Çalışmaları/FaceForensics_Projesi/real_frames/val/656/frame_000022.jpg,/content/drive/MyDrive/AISC DeepFake Çalışmaları/Deney 1 Frame/Real/val/real_val_00052.jpg,real_val_00052.jpg
Real,val,/content/drive/MyDrive/AISC DeepFake Çalışmaları/FaceForensics_Projesi/real_frames/val/786/frame_000009.jpg,/content/drive/MyDrive/AISC DeepFake Çalışmaları/Deney 1 Frame/Real/val/real_val_00053.jpg,real_val_00053.jpg
Real,val,/content/drive/MyDrive/AISC DeepFake Çalışmaları/FaceForensics_Projesi/real_frames/val/117/frame_000029.jpg,/content/drive/MyDrive/AISC DeepFake Çalışmaları/Deney 1 Frame/Real/val/real_val_00054.jpg,real_val_00054.jpg
Real,val,/content/drive/MyDrive/AISC DeepFake Çalışmaları/FaceForensics_Projesi/real_frames/val/252/frame_000003.jpg,/content/drive/MyDrive/AISC DeepFake Çalışmaları/Deney 1 Frame/Real/val/real_val_00055.jpg,real_val_00055.jpg
Real,val,/content/drive/MyDrive/AISC DeepFake Çalışmaları/FaceForensics_Projesi/real_frames/val/112/frame_000004.jpg,/content/drive/MyDrive/AISC DeepFake Çalışmaları/Deney 1 Frame/Real/val/real_val_00056.jpg,real_val_00056.jpg
Real,val,/content/drive/MyDrive/AISC DeepFake Çalışmaları/FaceForensics_Projesi/real_frames/val/658/frame_000014.jpg,/content/drive/MyDrive/AISC DeepFake Çalışmaları/Deney 1 Frame/Real/val/real_val_00057.jpg,real_val_00057.jpg
Real,val,/content/drive/MyDrive/AISC DeepFake Çalışmaları/FaceForensics_Projesi/real_frames/val/541/frame_000008.jpg,/content/drive/MyDrive/AISC DeepFake Çalışmaları/Deney 1 Frame/Real/val/real_val_00058.jpg,real_val_00058.jpg
Real,val,/content/drive/MyDrive/AISC DeepFake Çalışmaları/FaceForensics_Projesi/real_frames/val/963/frame_000025.jpg,/content/drive/MyDrive/AISC DeepFake Çalışmaları/Deney 1 Frame/Real/val/real_val_00059.jpg,real_val_00059.jpg
Real,val,/content/drive/MyDrive/AISC DeepFake Çalışmaları/FaceForensics_Projesi/real_frames/val/787/frame_000017.jpg,/content/drive/MyDrive/AISC DeepFake Çalışmaları/Deney 1 Frame/Real/val/real_val_00060.jpg,real_val_00060.jpg
Real,val,/content/drive/MyDrive/AISC DeepFake Çalışmaları/FaceForensics_Projesi/real_frames/val/739/frame_000005.jpg,/content/drive/MyDrive/AISC DeepFake Çalışmaları/Deney 1 Frame/Real/val/real_val_00061.jpg,real_val_00061.jpg
Real,val,/content/drive/MyDrive/AISC DeepFake Çalışmaları/FaceForensics_Projesi/real_frames/val/566/frame_000025.jpg,/content/drive/MyDrive/AISC DeepFake Çalışmaları/Deney 1 Frame/Real/val/real_val_00062.jpg,real_val_00062.jpg
Real,val,/content/drive/MyDrive/AISC DeepFake Çalışmaları/FaceForensics_Projesi/real_frames/val/658/frame_000023.jpg,/content/drive/MyDrive/AISC DeepFake Çalışmaları/Deney 1 Frame/Real/val/real_val_00063.jpg,real_val_00063.jpg
Real,val,/content/drive/MyDrive/AISC DeepFake Çalışmaları/FaceForensics_Projesi/real_frames/val/863/frame_000020.jpg,/content/drive/MyDrive/AISC DeepFake Çalışmaları/Deney 1 Frame/Real/val/real_val_00064.jpg,real_val_00064.jpg
Real,val,/content/drive/MyDrive/AISC DeepFake Çalışmaları/FaceForensics_Projesi/real_frames/val/958/frame_000020.jpg,/content/drive/MyDrive/AISC DeepFake Çalışmaları/Deney 1 Frame/Real/val/real_val_00065.jpg,real_val_00065.jpg
Real,val,/content/drive/MyDrive/AISC DeepFake Çalışmaları/FaceForensics_Projesi/real_frames/val/511/frame_000032.jpg,/content/drive/MyDrive/AISC DeepFake Çalışmaları/Deney 1 Frame/Real/val/real_val_00066.jpg,real_val_00066.jpg
Real,val,/content/drive/MyDrive/AISC DeepFake Çalışmaları/FaceForensics_Projesi/real_frames/val/390/frame_000003.jpg,/content/drive/MyDrive/AISC DeepFake Çalışmaları/Deney 1 Frame/Real/val/real_val_00067.jpg,real_val_00067.jpg
Real,val,/content/drive/MyDrive/AISC DeepFake Çalışmaları/FaceForensics_Projesi/real_frames/val/642/frame_000002.jpg,/content/drive/MyDrive/AISC DeepFake Çalışmaları/Deney 1 Frame/Real/val/real_val_00068.jpg,real_val_00068.jpg
Real,val,/content/drive/MyDrive/AISC DeepFake Çalışmaları/FaceForensics_Projesi/real_frames/val/065/frame_000025.jpg,/content/drive/MyDrive/AISC DeepFake Çalışmaları/Deney 1 Frame/Real/val/real_val_00069.jpg,real_val_00069.jpg
Real,val,/content/drive/MyDrive/AISC DeepFake Çalışmaları/FaceForensics_Projesi/real_frames/val/658/frame_000011.jpg,/content/drive/MyDrive/AISC DeepFake Çalışmaları/Deney 1 Frame/Real/val/real_val_00070.jpg,real_val_00070.jpg
Real,val,/content/drive/MyDrive/AISC DeepFake Çalışmaları/FaceForensics_Projesi/real_frames/val/811/frame_000000.jpg,/content/drive/MyDrive/AISC DeepFake Çalışmaları/Deney 1 Frame/Real/val/real_val_00071.jpg,real_val_00071.jpg
Real,val,/content/drive/MyDrive/AISC DeepFake Çalışmaları/FaceForensics_Projesi/real_frames/val/642/frame_000010.jpg,/content/drive/MyDrive/AISC DeepFake Çalışmaları/Deney 1 Frame/Real/val/real_val_00072.jpg,real_val_00072.jpg
Real,val,/content/drive/MyDrive/AISC DeepFake Çalışmaları/FaceForensics_Projesi/real_frames/val/048/frame_000017.jpg,/content/drive/MyDrive/AISC DeepFake Çalışmaları/Deney 1 Frame/Real/val/real_val_00073.jpg,real_val_00073.jpg
Real,val,/content/drive/MyDrive/AISC DeepFake Çalışmaları/FaceForensics_Projesi/real_frames/val/175/frame_000025.jpg,/content/drive/MyDrive/AISC DeepFake Çalışmaları/Deney 1 Frame/Real/val/real_val_00074.jpg,real_val_00074.jpg
Real,val,/content/drive/MyDrive/AISC DeepFake Çalışmaları/FaceForensics_Projesi/real_frames/val/067/frame_000013.jpg,/content/drive/MyDrive/AISC DeepFake Çalışmaları/Deney 1 Frame/Real/val/real_val_00075.jpg,real_val_00075.jpg
Real,val,/content/drive/MyDrive/AISC DeepFake Çalışmaları/FaceForensics_Projesi/real_frames/val/764/frame_000004.jpg,/content/drive/MyDrive/AISC DeepFake Çalışmaları/Deney 1 Frame/Real/val/real_val_00076.jpg,real_val_00076.jpg
Real,val,/content/drive/MyDrive/AISC DeepFake Çalışmaları/FaceForensics_Projesi/real_frames/val/698/frame_000012.jpg,/content/drive/MyDrive/AISC DeepFake Çalışmaları/Deney 1 Frame/Real/val/real_val_00077.jpg,real_val_00077.jpg
Real,val,/content/drive/MyDrive/AISC DeepFake Çalışmaları/FaceForensics_Projesi/real_frames/val/704/frame_000018.jpg,/content/drive/MyDrive/AISC DeepFake Çalışmaları/Deney 1 Frame/Real/val/real_val_00078.jpg,real_val_00078.jpg
Real,val,/content/drive/MyDrive/AISC DeepFake Çalışmaları/FaceForensics_Projesi/real_frames/val/541/frame_000007.jpg,/content/drive/MyDrive/AISC DeepFake Çalışmaları/Deney 1 Frame/Real/val/real_val_00079.jpg,real_val_00079.jpg
Real,val,/content/drive/MyDrive/AISC DeepFake Çalışmaları/FaceForensics_Projesi/real_frames/val/473/frame_000005.jpg,/content/drive/MyDrive/AISC DeepFake Çalışmaları/Deney 1 Frame/Real/val/real_val_00080.jpg,real_val_00080.jpg
Real,val,/content/drive/MyDrive/AISC DeepFake Çalışmaları/FaceForensics_Projesi/real_frames/val/671/frame_000016.jpg,/content/drive/MyDrive/AISC DeepFake Çalışmaları/Deney 1 Frame/Real/val/real_val_00081.jpg,real_val_00081.jpg
Real,val,/content/drive/MyDrive/AISC DeepFake Çalışmaları/FaceForensics_Projesi/real_frames/val/970/frame_000027.jpg,/content/drive/MyDrive/AISC DeepFake Çalışmaları/Deney 1 Frame/Real/val/real_val_00082.jpg,real_val_00082.jpg
Real,val,/content/drive/MyDrive/AISC DeepFake Çalışmaları/FaceForensics_Projesi/real_frames/val/057/frame_000019.jpg,/content/drive/MyDrive/AISC DeepFake Çalışmaları/Deney 1 Frame/Real/val/real_val_00083.jpg,real_val_00083.jpg
Real,val,/content/drive/MyDrive/AISC DeepFake Çalışmaları/FaceForensics_Projesi/real_frames/val/408/frame_000012.jpg,/content/drive/MyDrive/AISC DeepFake Çalışmaları/Deney 1 Frame/Real/val/real_val_00084.jpg,real_val_00084.jpg
Real,val,/content/drive/MyDrive/AISC DeepFake Çalışmaları/FaceForensics_Projesi/real_frames/val/224/frame_000022.jpg,/content/drive/MyDrive/AISC DeepFake Çalışmaları/Deney 1 Frame/Real/val/real_val_00085.jpg,real_val_00085.jpg
Real,val,/content/drive/MyDrive/AISC DeepFake Çalışmaları/FaceForensics_Projesi/real_frames/val/598/frame_000013.jpg,/content/drive/MyDrive/AISC DeepFake Çalışmaları/Deney 1 Frame/Real/val/real_val_00086.jpg,real_val_00086.jpg
Real,val,/content/drive/MyDrive/AISC DeepFake Çalışmaları/FaceForensics_Projesi/real_frames/val/479/frame_000021.jpg,/content/drive/MyDrive/AISC DeepFake Çalışmaları/Deney 1 Frame/Real/val/real_val_00087.jpg,real_val_00087.jpg
Real,val,/content/drive/MyDrive/AISC DeepFake Çalışmaları/FaceForensics_Projesi/real_frames/val/735/frame_000027.jpg,/content/drive/MyDrive/AISC DeepFake Çalışmaları/Deney 1 Frame/Real/val/real_val_00088.jpg,real_val_00088.jpg
Real,val,/content/drive/MyDrive/AISC DeepFake Çalışmaları/FaceForensics_Projesi/real_frames/val/217/frame_000022.jpg,/content/drive/MyDrive/AISC DeepFake Çalışmaları/Deney 1 Frame/Real/val/real_val_00089.jpg,real_val_00089.jpg
Real,val,/content/drive/MyDrive/AISC DeepFake Çalışmaları/FaceForensics_Projesi/real_frames/val/956/frame_000012.jpg,/content/drive/MyDrive/AISC DeepFake Çalışmaları/Deney 1 Frame/Real/val/real_val_00090.jpg,real_val_00090.jpg
Real,val,/content/drive/MyDrive/AISC DeepFake Çalışmaları/FaceForensics_Projesi/real_frames/val/958/frame_000022.jpg,/content/drive/MyDrive/AISC DeepFake Çalışmaları/Deney 1 Frame/Real/val/real_val_00091.jpg,real_val_00091.jpg
Real,val,/content/drive/MyDrive/AISC DeepFake Çalışmaları/FaceForensics_Projesi/real_frames/val/931/frame_000015.jpg,/content/drive/MyDrive/AISC DeepFake Çalışmaları/Deney 1 Frame/Real/val/real_val_00092.jpg,real_val_00092.jpg
Real,val,/content/drive/MyDrive/AISC DeepFake Çalışmaları/FaceForensics_Projesi/real_frames/val/773/frame_000023.jpg,/content/drive/MyDrive/AISC DeepFake Çalışmaları/Deney 1 Frame/Real/val/real_val_00093.jpg,real_val_00093.jpg
Real,val,/content/drive/MyDrive/AISC DeepFake Çalışmaları/FaceForensics_Projesi/real_frames/val/794/frame_000035.jpg,/content/drive/MyDrive/AISC DeepFake Çalışmaları/Deney 1 Frame/Real/val/real_val_00094.jpg,real_val_00094.jpg
Real,val,/content/drive/MyDrive/AISC DeepFake Çalışmaları/FaceForensics_Projesi/real_frames/val/257/frame_000031.jpg,/content/drive/MyDrive/AISC DeepFake Çalışmaları/Deney 1 Frame/Real/val/real_val_00095.jpg,real_val_00095.jpg
Real,val,/content/drive/MyDrive/AISC DeepFake Çalışmaları/FaceForensics_Projesi/real_frames/val/881/frame_000003.jpg,/content/drive/MyDrive/AISC DeepFake Çalışmaları/Deney 1 Frame/Real/val/real_val_00096.jpg,real_val_00096.jpg
Real,val,/content/drive/MyDrive/AISC DeepFake Çalışmaları/FaceForensics_Projesi/real_frames/val/217/frame_000012.jpg,/content/drive/MyDrive/AISC DeepFake Çalışmaları/Deney 1 Frame/Real/val/real_val_00097.jpg,real_val_00097.jpg
Real,val,/content/drive/MyDrive/AISC DeepFake Çalışmaları/FaceForensics_Projesi/real_frames/val/739/frame_000006.jpg,/content/drive/MyDrive/AISC DeepFake Çalışmaları/Deney 1 Frame/Real/val/real_val_00098.jpg,real_val_00098.jpg
Real,val,/content/drive/MyDrive/AISC DeepFake Çalışmaları/FaceForensics_Projesi/real_frames/val/224/frame_000001.jpg,/content/drive/MyDrive/AISC DeepFake Çalışmaları/Deney 1 Frame/Real/val/real_val_00099.jpg,real_val_00099.jpg
Real,val,/content/drive/MyDrive/AISC DeepFake Çalışmaları/FaceForensics_Projesi/real_frames/val/982/frame_000035.jpg,/content/drive/MyDrive/AISC DeepFake Çalışmaları/Deney 1 Frame/Real/val/real_val_00100.jpg,real_val_00100.jpg
Real,val,/content/drive/MyDrive/AISC DeepFake Çalışmaları/FaceForensics_Projesi/real_frames/val/274/frame_000002.jpg,/content/drive/MyDrive/AISC DeepFake Çalışmaları/Deney 1 Frame/Real/val/real_val_00101.jpg,real_val_00101.jpg
Real,val,/content/drive/MyDrive/AISC DeepFake Çalışmaları/FaceForensics_Projesi/real_frames/val/146/frame_000012.jpg,/content/drive/MyDrive/AISC DeepFake Çalışmaları/Deney 1 Frame/Real/val/real_val_00102.jpg,real_val_00102.jpg
Real,val,/content/drive/MyDrive/AISC DeepFake Çalışmaları/FaceForensics_Projesi/real_frames/val/146/frame_000021.jpg,/content/drive/MyDrive/AISC DeepFake Çalışmaları/Deney 1 Frame/Real/val/real_val_00103.jpg,real_val_00103.jpg
Real,val,/content/drive/MyDrive/AISC DeepFake Çalışmaları/FaceForensics_Projesi/real_frames/val/992/frame_000022.jpg,/content/drive/MyDrive/AISC DeepFake Çalışmaları/Deney 1 Frame/Real/val/real_val_00104.jpg,real_val_00104.jpg
Real,val,/content/drive/MyDrive/AISC DeepFake Çalışmaları/FaceForensics_Projesi/real_frames/val/473/frame_000032.jpg,/content/drive/MyDrive/AISC DeepFake Çalışmaları/Deney 1 Frame/Real/val/real_val_00105.jpg,real_val_00105.jpg
Real,val,/content/drive/MyDrive/AISC DeepFake Çalışmaları/FaceForensics_Projesi/real_frames/val/642/frame_000016.jpg,/content/drive/MyDrive/AISC DeepFake Çalışmaları/Deney 1 Frame/Real/val/real_val_00106.jpg,real_val_00106.jpg
Real,val,/content/drive/MyDrive/AISC DeepFake Çalışmaları/FaceForensics_Projesi/real_frames/val/736/frame_000003.jpg,/content/drive/MyDrive/AISC DeepFake Çalışmaları/Deney 1 Frame/Real/val/real_val_00107.jpg,real_val_00107.jpg
Real,val,/content/drive/MyDrive/AISC DeepFake Çalışmaları/FaceForensics_Projesi/real_frames/val/276/frame_000013.jpg,/content/drive/MyDrive/AISC DeepFake Çalışmaları/Deney 1 Frame/Real/val/real_val_00108.jpg,real_val_00108.jpg
Real,val,/content/drive/MyDrive/AISC DeepFake Çalışmaları/FaceForensics_Projesi/real_frames/val/811/frame_000021.jpg,/content/drive/MyDrive/AISC DeepFake Çalışmaları/Deney 1 Frame/Real/val/real_val_00109.jpg,real_val_00109.jpg
Real,val,/content/drive/MyDrive/AISC DeepFake Çalışmaları/FaceForensics_Projesi/real_frames/val/566/frame_000024.jpg,/content/drive/MyDrive/AISC DeepFake Çalışmaları/Deney 1 Frame/Real/val/real_val_00110.jpg,real_val_00110.jpg
Real,val,/content/drive/MyDrive/AISC DeepFake Çalışmaları/FaceForensics_Projesi/real_frames/val/511/frame_000004.jpg,/content/drive/MyDrive/AISC DeepFake Çalışmaları/Deney 1 Frame/Real/val/real_val_00111.jpg,real_val_00111.jpg
Real,val,/content/drive/MyDrive/AISC DeepFake Çalışmaları/FaceForensics_Projesi/real_frames/val/048/frame_000018.jpg,/content/drive/MyDrive/AISC DeepFake Çalışmaları/Deney 1 Frame/Real/val/real_val_00112.jpg,real_val_00112.jpg
Real,val,/content/drive/MyDrive/AISC DeepFake Çalışmaları/FaceForensics_Projesi/real_frames/val/736/frame_000009.jpg,/content/drive/MyDrive/AISC DeepFake Çalışmaları/Deney 1 Frame/Real/val/real_val_00113.jpg,real_val_00113.jpg
Real,val,/content/drive/MyDrive/AISC DeepFake Çalışmaları/FaceForensics_Projesi/real_frames/val/161/frame_000002.jpg,/content/drive/MyDrive/AISC DeepFake Çalışmaları/Deney 1 Frame/Real/val/real_val_00114.jpg,real_val_00114.jpg
Real,val,/content/drive/MyDrive/AISC DeepFake Çalışmaları/FaceForensics_Projesi/real_frames/val/597/frame_000004.jpg,/content/drive/MyDrive/AISC DeepFake Çalışmaları/Deney 1 Frame/Real/val/real_val_00115.jpg,real_val_00115.jpg
Real,val,/content/drive/MyDrive/AISC DeepFake Çalışmaları/FaceForensics_Projesi/real_frames/val/146/frame_000057.jpg,/content/drive/MyDrive/AISC DeepFake Çalışmaları/Deney 1 Frame/Real/val/real_val_00116.jpg,real_val_00116.jpg
Real,val,/content/drive/MyDrive/AISC DeepFake Çalışmaları/FaceForensics_Projesi/real_frames/val/003/frame_000006.jpg,/content/drive/MyDrive/AISC DeepFake Çalışmaları/Deney 1 Frame/Real/val/real_val_00117.jpg,real_val_00117.jpg
Real,val,/content/drive/MyDrive/AISC DeepFake Çalışmaları/FaceForensics_Projesi/real_frames/val/570/frame_000012.jpg,/content/drive/MyDrive/AISC DeepFake Çalışmaları/Deney 1 Frame/Real/val/real_val_00118.jpg,real_val_00118.jpg
Real,val,/content/drive/MyDrive/AISC DeepFake Çalışmaları/FaceForensics_Projesi/real_frames/val/982/frame_000045.jpg,/content/drive/MyDrive/AISC DeepFake Çalışmaları/Deney 1 Frame/Real/val/real_val_00119.jpg,real_val_00119.jpg
Real,val,/content/drive/MyDrive/AISC DeepFake Çalışmaları/FaceForensics_Projesi/real_frames/val/479/frame_000002.jpg,/content/drive/MyDrive/AISC DeepFake Çalışmaları/Deney 1 Frame/Real/val/real_val_00120.jpg,real_val_00120.jpg
Real,val,/content/drive/MyDrive/AISC DeepFake Çalışmaları/FaceForensics_Projesi/real_frames/val/658/frame_000021.jpg,/content/drive/MyDrive/AISC DeepFake Çalışmaları/Deney 1 Frame/Real/val/real_val_00121.jpg,real_val_00121.jpg
Real,val,/content/drive/MyDrive/AISC DeepFake Çalışmaları/FaceForensics_Projesi/real_frames/val/998/frame_000013.jpg,/content/drive/MyDrive/AISC DeepFake Çalışmaları/Deney 1 Frame/Real/val/real_val_00122.jpg,real_val_00122.jpg
Real,val,/content/drive/MyDrive/AISC DeepFake Çalışmaları/FaceForensics_Projesi/real_frames/val/175/frame_000000.jpg,/content/drive/MyDrive/AISC DeepFake Çalışmaları/Deney 1 Frame/Real/val/real_val_00123.jpg,real_val_00123.jpg
Real,val,/content/drive/MyDrive/AISC DeepFake Çalışmaları/FaceForensics_Projesi/real_frames/val/390/frame_000016.jpg,/content/drive/MyDrive/AISC DeepFake Çalışmaları/Deney 1 Frame/Real/val/real_val_00124.jpg,real_val_00124.jpg
Real,val,/content/drive/MyDrive/AISC DeepFake Çalışmaları/FaceForensics_Projesi/real_frames/val/146/frame_000033.jpg,/content/drive/MyDrive/AISC DeepFake Çalışmaları/Deney 1 Frame/Real/val/real_val_00125.jpg,real_val_00125.jpg
Real,val,/content/drive/MyDrive/AISC DeepFake Çalışmaları/FaceForensics_Projesi/real_frames/val/048/frame_000010.jpg,/content/drive/MyDrive/AISC DeepFake Çalışmaları/Deney 1 Frame/Real/val/real_val_00126.jpg,real_val_00126.jpg
Real,val,/content/drive/MyDrive/AISC DeepFake Çalışmaları/FaceForensics_Projesi/real_frames/val/768/frame_000015.jpg,/content/drive/MyDrive/AISC DeepFake Çalışmaları/Deney 1 Frame/Real/val/real_val_00127.jpg,real_val_00127.jpg
Real,val,/content/drive/MyDrive/AISC DeepFake Çalışmaları/FaceForensics_Projesi/real_frames/val/794/frame_000006.jpg,/content/drive/MyDrive/AISC DeepFake Çalışmaları/Deney 1 Frame/Real/val/real_val_00128.jpg,real_val_00128.jpg
Real,val,/content/drive/MyDrive/AISC DeepFake Çalışmaları/FaceForensics_Projesi/real_frames/val/841/frame_000020.jpg,/content/drive/MyDrive/AISC DeepFake Çalışmaları/Deney 1 Frame/Real/val/real_val_00129.jpg,real_val_00129.jpg
Real,val,/content/drive/MyDrive/AISC DeepFake Çalışmaları/FaceForensics_Projesi/real_frames/val/332/frame_000039.jpg,/content/drive/MyDrive/AISC DeepFake Çalışmaları/Deney 1 Frame/Real/val/real_val_00130.jpg,real_val_00130.jpg
Real,val,/content/drive/MyDrive/AISC DeepFake Çalışmaları/FaceForensics_Projesi/real_frames/val/323/frame_000010.jpg,/content/drive/MyDrive/AISC DeepFake Çalışmaları/Deney 1 Frame/Real/val/real_val_00131.jpg,real_val_00131.jpg
Real,val,/content/drive/MyDrive/AISC DeepFake Çalışmaları/FaceForensics_Projesi/real_frames/val/216/frame_000015.jpg,/content/drive/MyDrive/AISC DeepFake Çalışmaları/Deney 1 Frame/Real/val/real_val_00132.jpg,real_val_00132.jpg
Real,val,/content/drive/MyDrive/AISC DeepFake Çalışmaları/FaceForensics_Projesi/real_frames/val/332/frame_000002.jpg,/content/drive/MyDrive/AISC DeepFake Çalışmaları/Deney 1 Frame/Real/val/real_val_00133.jpg,real_val_00133.jpg
Real,val,/content/drive/MyDrive/AISC DeepFake Çalışmaları/FaceForensics_Projesi/real_frames/val/982/frame_000000.jpg,/content/drive/MyDrive/AISC DeepFake Çalışmaları/Deney 1 Frame/Real/val/real_val_00134.jpg,real_val_00134.jpg
Real,val,/content/drive/MyDrive/AISC DeepFake Çalışmaları/FaceForensics_Projesi/real_frames/val/511/frame_000033.jpg,/content/drive/MyDrive/AISC DeepFake Çalışmaları/Deney 1 Frame/Real/val/real_val_00135.jpg,real_val_00135.jpg
Real,val,/content/drive/MyDrive/AISC DeepFake Çalışmaları/FaceForensics_Projesi/real_frames/val/511/frame_000024.jpg,/content/drive/MyDrive/AISC DeepFake Çalışmaları/Deney 1 Frame/Real/val/real_val_00136.jpg,real_val_00136.jpg
Real,val,/content/drive/MyDrive/AISC DeepFake Çalışmaları/FaceForensics_Projesi/real_frames/val/405/frame_000009.jpg,/content/drive/MyDrive/AISC DeepFake Çalışmaları/Deney 1 Frame/Real/val/real_val_00137.jpg,real_val_00137.jpg
Real,val,/content/drive/MyDrive/AISC DeepFake Çalışmaları/FaceForensics_Projesi/real_frames/val/252/frame_000018.jpg,/content/drive/MyDrive/AISC DeepFake Çalışmaları/Deney 1 Frame/Real/val/real_val_00138.jpg,real_val_00138.jpg
Real,val,/content/drive/MyDrive/AISC DeepFake Çalışmaları/FaceForensics_Projesi/real_frames/val/112/frame_000012.jpg,/content/drive/MyDrive/AISC DeepFake Çalışmaları/Deney 1 Frame/Real/val/real_val_00139.jpg,real_val_00139.jpg
Real,val,/content/drive/MyDrive/AISC DeepFake Çalışmaları/FaceForensics_Projesi/real_frames/val/273/frame_000014.jpg,/content/drive/MyDrive/AISC DeepFake Çalışmaları/Deney 1 Frame/Real/val/real_val_00140.jpg,real_val_00140.jpg
Real,val,/content/drive/MyDrive/AISC DeepFake Çalışmaları/FaceForensics_Projesi/real_frames/val/048/frame_000026.jpg,/content/drive/MyDrive/AISC DeepFake Çalışmaları/Deney 1 Frame/Real/val/real_val_00141.jpg,real_val_00141.jpg
Real,val,/content/drive/MyDrive/AISC DeepFake Çalışmaları/FaceForensics_Projesi/real_frames/val/216/frame_000004.jpg,/content/drive/MyDrive/AISC DeepFake Çalışmaları/Deney 1 Frame/Real/val/real_val_00142.jpg,real_val_00142.jpg
Real,val,/content/drive/MyDrive/AISC DeepFake Çalışmaları/FaceForensics_Projesi/real_frames/val/794/frame_000000.jpg,/content/drive/MyDrive/AISC DeepFake Çalışmaları/Deney 1 Frame/Real/val/real_val_00143.jpg,real_val_00143.jpg
Real,val,/content/drive/MyDrive/AISC DeepFake Çalışmaları/FaceForensics_Projesi/real_frames/val/830/frame_000000.jpg,/content/drive/MyDrive/AISC DeepFake Çalışmaları/Deney 1 Frame/Real/val/real_val_00144.jpg,real_val_00144.jpg
Real,val,/content/drive/MyDrive/AISC DeepFake Çalışmaları/FaceForensics_Projesi/real_frames/val/998/frame_000000.jpg,/content/drive/MyDrive/AISC DeepFake Çalışmaları/Deney 1 Frame/Real/val/real_val_00145.jpg,real_val_00145.jpg
Real,val,/content/drive/MyDrive/AISC DeepFake Çalışmaları/FaceForensics_Projesi/real_frames/val/093/frame_000018.jpg,/content/drive/MyDrive/AISC DeepFake Çalışmaları/Deney 1 Frame/Real/val/real_val_00146.jpg,real_val_00146.jpg
Real,val,/content/drive/MyDrive/AISC DeepFake Çalışmaları/FaceForensics_Projesi/real_frames/val/445/frame_000047.jpg,/content/drive/MyDrive/AISC DeepFake Çalışmaları/Deney 1 Frame/Real/val/real_val_00147.jpg,real_val_00147.jpg
Real,val,/content/drive/MyDrive/AISC DeepFake Çalışmaları/FaceForensics_Projesi/real_frames/val/276/frame_000004.jpg,/content/drive/MyDrive/AISC DeepFake Çalışmaları/Deney 1 Frame/Real/val/real_val_00148.jpg,real_val_00148.jpg
Real,val,/content/drive/MyDrive/AISC DeepFake Çalışmaları/FaceForensics_Projesi/real_frames/val/408/frame_000006.jpg,/content/drive/MyDrive/AISC DeepFake Çalışmaları/Deney 1 Frame/Real/val/real_val_00149.jpg,real_val_00149.jpg
Real,test,/content/drive/MyDrive/AISC DeepFake Çalışmaları/FaceForensics_Projesi/real_frames/test/906/frame_000007.jpg,/content/drive/MyDrive/AISC DeepFake Çalışmaları/Deney 1 Frame/Real/test/real_test_00000.jpg,real_test_00000.jpg
Real,test,/content/drive/MyDrive/AISC DeepFake Çalışmaları/FaceForensics_Projesi/real_frames/test/978/frame_000014.jpg,/content/drive/MyDrive/AISC DeepFake Çalışmaları/Deney 1 Frame/Real/test/real_test_00001.jpg,real_test_00001.jpg
Real,test,/content/drive/MyDrive/AISC DeepFake Çalışmaları/FaceForensics_Projesi/real_frames/test/025/frame_000019.jpg,/content/drive/MyDrive/AISC DeepFake Çalışmaları/Deney 1 Frame/Real/test/real_test_00002.jpg,real_test_00002.jpg
Real,test,/content/drive/MyDrive/AISC DeepFake Çalışmaları/FaceForensics_Projesi/real_frames/test/089/frame_000001.jpg,/content/drive/MyDrive/AISC DeepFake Çalışmaları/Deney 1 Frame/Real/test/real_test_00003.jpg,real_test_00003.jpg
Real,test,/content/drive/MyDrive/AISC DeepFake Çalışmaları/FaceForensics_Projesi/real_frames/test/665/frame_000010.jpg,/content/drive/MyDrive/AISC DeepFake Çalışmaları/Deney 1 Frame/Real/test/real_test_00004.jpg,real_test_00004.jpg
Real,test,/content/drive/MyDrive/AISC DeepFake Çalışmaları/FaceForensics_Projesi/real_frames/test/954/frame_000012.jpg,/content/drive/MyDrive/AISC DeepFake Çalışmaları/Deney 1 Frame/Real/test/real_test_00005.jpg,real_test_00005.jpg
Real,test,/content/drive/MyDrive/AISC DeepFake Çalışmaları/FaceForensics_Projesi/real_frames/test/781/frame_000000.jpg,/content/drive/MyDrive/AISC DeepFake Çalışmaları/Deney 1 Frame/Real/test/real_test_00006.jpg,real_test_00006.jpg
Real,test,/content/drive/MyDrive/AISC DeepFake Çalışmaları/FaceForensics_Projesi/real_frames/test/220/frame_000007.jpg,/content/drive/MyDrive/AISC DeepFake Çalışmaları/Deney 1 Frame/Real/test/real_test_00007.jpg,real_test_00007.jpg
Real,test,/content/drive/MyDrive/AISC DeepFake Çalışmaları/FaceForensics_Projesi/real_frames/test/890/frame_000004.jpg,/content/drive/MyDrive/AISC DeepFake Çalışmaları/Deney 1 Frame/Real/test/real_test_00008.jpg,real_test_00008.jpg
Real,test,/content/drive/MyDrive/AISC DeepFake Çalışmaları/FaceForensics_Projesi/real_frames/test/604/frame_000018.jpg,/content/drive/MyDrive/AISC DeepFake Çalışmaları/Deney 1 Frame/Real/test/real_test_00009.jpg,real_test_00009.jpg
Real,test,/content/drive/MyDrive/AISC DeepFake Çalışmaları/FaceForensics_Projesi/real_frames/test/574/frame_000002.jpg,/content/drive/MyDrive/AISC DeepFake Çalışmaları/Deney 1 Frame/Real/test/real_test_00010.jpg,real_test_00010.jpg
Real,test,/content/drive/MyDrive/AISC DeepFake Çalışmaları/FaceForensics_Projesi/real_frames/test/714/frame_000013.jpg,/content/drive/MyDrive/AISC DeepFake Çalışmaları/Deney 1 Frame/Real/test/real_test_00011.jpg,real_test_00011.jpg
Real,test,/content/drive/MyDrive/AISC DeepFake Çalışmaları/FaceForensics_Projesi/real_frames/test/986/frame_000012.jpg,/content/drive/MyDrive/AISC DeepFake Çalışmaları/Deney 1 Frame/Real/test/real_test_00012.jpg,real_test_00012.jpg
Real,test,/content/drive/MyDrive/AISC DeepFake Çalışmaları/FaceForensics_Projesi/real_frames/test/517/frame_000012.jpg,/content/drive/MyDrive/AISC DeepFake Çalışmaları/Deney 1 Frame/Real/test/real_test_00013.jpg,real_test_00013.jpg
Real,test,/content/drive/MyDrive/AISC DeepFake Çalışmaları/FaceForensics_Projesi/real_frames/test/618/frame_000006.jpg,/content/drive/MyDrive/AISC DeepFake Çalışmaları/Deney 1 Frame/Real/test/real_test_00014.jpg,real_test_00014.jpg
Real,test,/content/drive/MyDrive/AISC DeepFake Çalışmaları/FaceForensics_Projesi/real_frames/test/142/frame_000046.jpg,/content/drive/MyDrive/AISC DeepFake Çalışmaları/Deney 1 Frame/Real/test/real_test_00015.jpg,real_test_00015.jpg
Real,test,/content/drive/MyDrive/AISC DeepFake Çalışmaları/FaceForensics_Projesi/real_frames/test/714/frame_000017.jpg,/content/drive/MyDrive/AISC DeepFake Çalışmaları/Deney 1 Frame/Real/test/real_test_00016.jpg,real_test_00016.jpg
Real,test,/content/drive/MyDrive/AISC DeepFake Çalışmaları/FaceForensics_Projesi/real_frames/test/986/frame_000039.jpg,/content/drive/MyDrive/AISC DeepFake Çalışmaları/Deney 1 Frame/Real/test/real_test_00017.jpg,real_test_00017.jpg
Real,test,/content/drive/MyDrive/AISC DeepFake Çalışmaları/FaceForensics_Projesi/real_frames/test/225/frame_000010.jpg,/content/drive/MyDrive/AISC DeepFake Çalışmaları/Deney 1 Frame/Real/test/real_test_00018.jpg,real_test_00018.jpg
Real,test,/content/drive/MyDrive/AISC DeepFake Çalışmaları/FaceForensics_Projesi/real_frames/test/978/frame_000020.jpg,/content/drive/MyDrive/AISC DeepFake Çalışmaları/Deney 1 Frame/Real/test/real_test_00019.jpg,real_test_00019.jpg
Real,test,/content/drive/MyDrive/AISC DeepFake Çalışmaları/FaceForensics_Projesi/real_frames/test/954/frame_000002.jpg,/content/drive/MyDrive/AISC DeepFake Çalışmaları/Deney 1 Frame/Real/test/real_test_00020.jpg,real_test_00020.jpg
Real,test,/content/drive/MyDrive/AISC DeepFake Çalışmaları/FaceForensics_Projesi/real_frames/test/791/frame_000013.jpg,/content/drive/MyDrive/AISC DeepFake Çalışmaları/Deney 1 Frame/Real/test/real_test_00021.jpg,real_test_00021.jpg
Real,test,/content/drive/MyDrive/AISC DeepFake Çalışmaları/FaceForensics_Projesi/real_frames/test/470/frame_000042.jpg,/content/drive/MyDrive/AISC DeepFake Çalışmaları/Deney 1 Frame/Real/test/real_test_00022.jpg,real_test_00022.jpg
Real,test,/content/drive/MyDrive/AISC DeepFake Çalışmaları/FaceForensics_Projesi/real_frames/test/854/frame_000009.jpg,/content/drive/MyDrive/AISC DeepFake Çalışmaları/Deney 1 Frame/Real/test/real_test_00023.jpg,real_test_00023.jpg
Real,test,/content/drive/MyDrive/AISC DeepFake Çalışmaları/FaceForensics_Projesi/real_frames/test/081/frame_000050.jpg,/content/drive/MyDrive/AISC DeepFake Çalışmaları/Deney 1 Frame/Real/test/real_test_00024.jpg,real_test_00024.jpg
Real,test,/content/drive/MyDrive/AISC DeepFake Çalışmaları/FaceForensics_Projesi/real_frames/test/025/frame_000013.jpg,/content/drive/MyDrive/AISC DeepFake Çalışmaları/Deney 1 Frame/Real/test/real_test_00025.jpg,real_test_00025.jpg
Real,test,/content/drive/MyDrive/AISC DeepFake Çalışmaları/FaceForensics_Projesi/real_frames/test/044/frame_000005.jpg,/content/drive/MyDrive/AISC DeepFake Çalışmaları/Deney 1 Frame/Real/test/real_test_00026.jpg,real_test_00026.jpg
Real,test,/content/drive/MyDrive/AISC DeepFake Çalışmaları/FaceForensics_Projesi/real_frames/test/875/frame_000003.jpg,/content/drive/MyDrive/AISC DeepFake Çalışmaları/Deney 1 Frame/Real/test/real_test_00027.jpg,real_test_00027.jpg
Real,test,/content/drive/MyDrive/AISC DeepFake Çalışmaları/FaceForensics_Projesi/real_frames/test/044/frame_000009.jpg,/content/drive/MyDrive/AISC DeepFake Çalışmaları/Deney 1 Frame/Real/test/real_test_00028.jpg,real_test_00028.jpg
Real,test,/content/drive/MyDrive/AISC DeepFake Çalışmaları/FaceForensics_Projesi/real_frames/test/470/frame_000034.jpg,/content/drive/MyDrive/AISC DeepFake Çalışmaları/Deney 1 Frame/Real/test/real_test_00029.jpg,real_test_00029.jpg
Real,test,/content/drive/MyDrive/AISC DeepFake Çalışmaları/FaceForensics_Projesi/real_frames/test/777/frame_000001.jpg,/content/drive/MyDrive/AISC DeepFake Çalışmaları/Deney 1 Frame/Real/test/real_test_00030.jpg,real_test_00030.jpg
Real,test,/content/drive/MyDrive/AISC DeepFake Çalışmaları/FaceForensics_Projesi/real_frames/test/379/frame_000015.jpg,/content/drive/MyDrive/AISC DeepFake Çalışmaları/Deney 1 Frame/Real/test/real_test_00031.jpg,real_test_00031.jpg
Real,test,/content/drive/MyDrive/AISC DeepFake Çalışmaları/FaceForensics_Projesi/real_frames/test/616/frame_000036.jpg,/content/drive/MyDrive/AISC DeepFake Çalışmaları/Deney 1 Frame/Real/test/real_test_00032.jpg,real_test_00032.jpg
Real,test,/content/drive/MyDrive/AISC DeepFake Çalışmaları/FaceForensics_Projesi/real_frames/test/867/frame_000026.jpg,/content/drive/MyDrive/AISC DeepFake Çalışmaları/Deney 1 Frame/Real/test/real_test_00033.jpg,real_test_00033.jpg
Real,test,/content/drive/MyDrive/AISC DeepFake Çalışmaları/FaceForensics_Projesi/real_frames/test/367/frame_000004.jpg,/content/drive/MyDrive/AISC DeepFake Çalışmaları/Deney 1 Frame/Real/test/real_test_00034.jpg,real_test_00034.jpg
Real,test,/content/drive/MyDrive/AISC DeepFake Çalışmaları/FaceForensics_Projesi/real_frames/test/549/frame_000031.jpg,/content/drive/MyDrive/AISC DeepFake Çalışmaları/Deney 1 Frame/Real/test/real_test_00035.jpg,real_test_00035.jpg
Real,test,/content/drive/MyDrive/AISC DeepFake Çalışmaları/FaceForensics_Projesi/real_frames/test/228/frame_000025.jpg,/content/drive/MyDrive/AISC DeepFake Çalışmaları/Deney 1 Frame/Real/test/real_test_00036.jpg,real_test_00036.jpg
Real,test,/content/drive/MyDrive/AISC DeepFake Çalışmaları/FaceForensics_Projesi/real_frames/test/978/frame_000001.jpg,/content/drive/MyDrive/AISC DeepFake Çalışmaları/Deney 1 Frame/Real/test/real_test_00037.jpg,real_test_00037.jpg
Real,test,/content/drive/MyDrive/AISC DeepFake Çalışmaları/FaceForensics_Projesi/real_frames/test/027/frame_000009.jpg,/content/drive/MyDrive/AISC DeepFake Çalışmaları/Deney 1 Frame/Real/test/real_test_00038.jpg,real_test_00038.jpg
Real,test,/content/drive/MyDrive/AISC DeepFake Çalışmaları/FaceForensics_Projesi/real_frames/test/721/frame_000007.jpg,/content/drive/MyDrive/AISC DeepFake Çalışmaları/Deney 1 Frame/Real/test/real_test_00039.jpg,real_test_00039.jpg
Real,test,/content/drive/MyDrive/AISC DeepFake Çalışmaları/FaceForensics_Projesi/real_frames/test/032/frame_000005.jpg,/content/drive/MyDrive/AISC DeepFake Çalışmaları/Deney 1 Frame/Real/test/real_test_00040.jpg,real_test_00040.jpg
Real,test,/content/drive/MyDrive/AISC DeepFake Çalışmaları/FaceForensics_Projesi/real_frames/test/114/frame_000012.jpg,/content/drive/MyDrive/AISC DeepFake Çalışmaları/Deney 1 Frame/Real/test/real_test_00041.jpg,real_test_00041.jpg
Real,test,/content/drive/MyDrive/AISC DeepFake Çalışmaları/FaceForensics_Projesi/real_frames/test/986/frame_000034.jpg,/content/drive/MyDrive/AISC DeepFake Çalışmaları/Deney 1 Frame/Real/test/real_test_00042.jpg,real_test_00042.jpg
Real,test,/content/drive/MyDrive/AISC DeepFake Çalışmaları/FaceForensics_Projesi/real_frames/test/281/frame_000010.jpg,/content/drive/MyDrive/AISC DeepFake Çalışmaları/Deney 1 Frame/Real/test/real_test_00043.jpg,real_test_00043.jpg
Real,test,/content/drive/MyDrive/AISC DeepFake Çalışmaları/FaceForensics_Projesi/real_frames/test/348/frame_000017.jpg,/content/drive/MyDrive/AISC DeepFake Çalışmaları/Deney 1 Frame/Real/test/real_test_00044.jpg,real_test_00044.jpg
Real,test,/content/drive/MyDrive/AISC DeepFake Çalışmaları/FaceForensics_Projesi/real_frames/test/721/frame_000020.jpg,/content/drive/MyDrive/AISC DeepFake Çalışmaları/Deney 1 Frame/Real/test/real_test_00045.jpg,real_test_00045.jpg
Real,test,/content/drive/MyDrive/AISC DeepFake Çalışmaları/FaceForensics_Projesi/real_frames/test/913/frame_000023.jpg,/content/drive/MyDrive/AISC DeepFake Çalışmaları/Deney 1 Frame/Real/test/real_test_00046.jpg,real_test_00046.jpg
Real,test,/content/drive/MyDrive/AISC DeepFake Çalışmaları/FaceForensics_Projesi/real_frames/test/429/frame_000022.jpg,/content/drive/MyDrive/AISC DeepFake Çalışmaları/Deney 1 Frame/Real/test/real_test_00047.jpg,real_test_00047.jpg
Real,test,/content/drive/MyDrive/AISC DeepFake Çalışmaları/FaceForensics_Projesi/real_frames/test/747/frame_000006.jpg,/content/drive/MyDrive/AISC DeepFake Çalışmaları/Deney 1 Frame/Real/test/real_test_00048.jpg,real_test_00048.jpg
Real,test,/content/drive/MyDrive/AISC DeepFake Çalışmaları/FaceForensics_Projesi/real_frames/test/781/frame_000010.jpg,/content/drive/MyDrive/AISC DeepFake Çalışmaları/Deney 1 Frame/Real/test/real_test_00049.jpg,real_test_00049.jpg
Real,test,/content/drive/MyDrive/AISC DeepFake Çalışmaları/FaceForensics_Projesi/real_frames/test/114/frame_000057.jpg,/content/drive/MyDrive/AISC DeepFake Çalışmaları/Deney 1 Frame/Real/test/real_test_00050.jpg,real_test_00050.jpg
Real,test,/content/drive/MyDrive/AISC DeepFake Çalışmaları/FaceForensics_Projesi/real_frames/test/826/frame_000011.jpg,/content/drive/MyDrive/AISC DeepFake Çalışmaları/Deney 1 Frame/Real/test/real_test_00051.jpg,real_test_00051.jpg
Real,test,/content/drive/MyDrive/AISC DeepFake Çalışmaları/FaceForensics_Projesi/real_frames/test/099/frame_000011.jpg,/content/drive/MyDrive/AISC DeepFake Çalışmaları/Deney 1 Frame/Real/test/real_test_00052.jpg,real_test_00052.jpg
Real,test,/content/drive/MyDrive/AISC DeepFake Çalışmaları/FaceForensics_Projesi/real_frames/test/558/frame_000000.jpg,/content/drive/MyDrive/AISC DeepFake Çalışmaları/Deney 1 Frame/Real/test/real_test_00053.jpg,real_test_00053.jpg
Real,test,/content/drive/MyDrive/AISC DeepFake Çalışmaları/FaceForensics_Projesi/real_frames/test/203/frame_000013.jpg,/content/drive/MyDrive/AISC DeepFake Çalışmaları/Deney 1 Frame/Real/test/real_test_00054.jpg,real_test_00054.jpg
Real,test,/content/drive/MyDrive/AISC DeepFake Çalışmaları/FaceForensics_Projesi/real_frames/test/633/frame_000022.jpg,/content/drive/MyDrive/AISC DeepFake Çalışmaları/Deney 1 Frame/Real/test/real_test_00055.jpg,real_test_00055.jpg
Real,test,/content/drive/MyDrive/AISC DeepFake Çalışmaları/FaceForensics_Projesi/real_frames/test/604/frame_000024.jpg,/content/drive/MyDrive/AISC DeepFake Çalışmaları/Deney 1 Frame/Real/test/real_test_00056.jpg,real_test_00056.jpg
Real,test,/content/drive/MyDrive/AISC DeepFake Çalışmaları/FaceForensics_Projesi/real_frames/test/089/frame_000008.jpg,/content/drive/MyDrive/AISC DeepFake Çalışmaları/Deney 1 Frame/Real/test/real_test_00057.jpg,real_test_00057.jpg
Real,test,/content/drive/MyDrive/AISC DeepFake Çalışmaları/FaceForensics_Projesi/real_frames/test/721/frame_000022.jpg,/content/drive/MyDrive/AISC DeepFake Çalışmaları/Deney 1 Frame/Real/test/real_test_00058.jpg,real_test_00058.jpg
Real,test,/content/drive/MyDrive/AISC DeepFake Çalışmaları/FaceForensics_Projesi/real_frames/test/089/frame_000015.jpg,/content/drive/MyDrive/AISC DeepFake Çalışmaları/Deney 1 Frame/Real/test/real_test_00059.jpg,real_test_00059.jpg
Real,test,/content/drive/MyDrive/AISC DeepFake Çalışmaları/FaceForensics_Projesi/real_frames/test/665/frame_000016.jpg,/content/drive/MyDrive/AISC DeepFake Çalışmaları/Deney 1 Frame/Real/test/real_test_00060.jpg,real_test_00060.jpg
Real,test,/content/drive/MyDrive/AISC DeepFake Çalışmaları/FaceForensics_Projesi/real_frames/test/127/frame_000031.jpg,/content/drive/MyDrive/AISC DeepFake Çalışmaları/Deney 1 Frame/Real/test/real_test_00061.jpg,real_test_00061.jpg
Real,test,/content/drive/MyDrive/AISC DeepFake Çalışmaları/FaceForensics_Projesi/real_frames/test/250/frame_000003.jpg,/content/drive/MyDrive/AISC DeepFake Çalışmaları/Deney 1 Frame/Real/test/real_test_00062.jpg,real_test_00062.jpg
Real,test,/content/drive/MyDrive/AISC DeepFake Çalışmaları/FaceForensics_Projesi/real_frames/test/758/frame_000018.jpg,/content/drive/MyDrive/AISC DeepFake Çalışmaları/Deney 1 Frame/Real/test/real_test_00063.jpg,real_test_00063.jpg
Real,test,/content/drive/MyDrive/AISC DeepFake Çalışmaları/FaceForensics_Projesi/real_frames/test/692/frame_000006.jpg,/content/drive/MyDrive/AISC DeepFake Çalışmaları/Deney 1 Frame/Real/test/real_test_00064.jpg,real_test_00064.jpg
Real,test,/content/drive/MyDrive/AISC DeepFake Çalışmaları/FaceForensics_Projesi/real_frames/test/344/frame_000018.jpg,/content/drive/MyDrive/AISC DeepFake Çalışmaları/Deney 1 Frame/Real/test/real_test_00065.jpg,real_test_00065.jpg
Real,test,/content/drive/MyDrive/AISC DeepFake Çalışmaları/FaceForensics_Projesi/real_frames/test/344/frame_000031.jpg,/content/drive/MyDrive/AISC DeepFake Çalışmaları/Deney 1 Frame/Real/test/real_test_00066.jpg,real_test_00066.jpg
Real,test,/content/drive/MyDrive/AISC DeepFake Çalışmaları/FaceForensics_Projesi/real_frames/test/825/frame_000014.jpg,/content/drive/MyDrive/AISC DeepFake Çalışmaları/Deney 1 Frame/Real/test/real_test_00067.jpg,real_test_00067.jpg
Real,test,/content/drive/MyDrive/AISC DeepFake Çalışmaları/FaceForensics_Projesi/real_frames/test/344/frame_000015.jpg,/content/drive/MyDrive/AISC DeepFake Çalışmaları/Deney 1 Frame/Real/test/real_test_00068.jpg,real_test_00068.jpg
Real,test,/content/drive/MyDrive/AISC DeepFake Çalışmaları/FaceForensics_Projesi/real_frames/test/854/frame_000013.jpg,/content/drive/MyDrive/AISC DeepFake Çalışmaları/Deney 1 Frame/Real/test/real_test_00069.jpg,real_test_00069.jpg
Real,test,/content/drive/MyDrive/AISC DeepFake Çalışmaları/FaceForensics_Projesi/real_frames/test/387/frame_000014.jpg,/content/drive/MyDrive/AISC DeepFake Çalışmaları/Deney 1 Frame/Real/test/real_test_00070.jpg,real_test_00070.jpg
Real,test,/content/drive/MyDrive/AISC DeepFake Çalışmaları/FaceForensics_Projesi/real_frames/test/954/frame_000021.jpg,/content/drive/MyDrive/AISC DeepFake Çalışmaları/Deney 1 Frame/Real/test/real_test_00071.jpg,real_test_00071.jpg
Real,test,/content/drive/MyDrive/AISC DeepFake Çalışmaları/FaceForensics_Projesi/real_frames/test/030/frame_000010.jpg,/content/drive/MyDrive/AISC DeepFake Çalışmaları/Deney 1 Frame/Real/test/real_test_00072.jpg,real_test_00072.jpg
Real,test,/content/drive/MyDrive/AISC DeepFake Çalışmaları/FaceForensics_Projesi/real_frames/test/214/frame_000017.jpg,/content/drive/MyDrive/AISC DeepFake Çalışmaları/Deney 1 Frame/Real/test/real_test_00073.jpg,real_test_00073.jpg
Real,test,/content/drive/MyDrive/AISC DeepFake Çalışmaları/FaceForensics_Projesi/real_frames/test/214/frame_000004.jpg,/content/drive/MyDrive/AISC DeepFake Çalışmaları/Deney 1 Frame/Real/test/real_test_00074.jpg,real_test_00074.jpg
Real,test,/content/drive/MyDrive/AISC DeepFake Çalışmaları/FaceForensics_Projesi/real_frames/test/238/frame_000002.jpg,/content/drive/MyDrive/AISC DeepFake Çalışmaları/Deney 1 Frame/Real/test/real_test_00075.jpg,real_test_00075.jpg
Real,test,/content/drive/MyDrive/AISC DeepFake Çalışmaları/FaceForensics_Projesi/real_frames/test/081/frame_000006.jpg,/content/drive/MyDrive/AISC DeepFake Çalışmaları/Deney 1 Frame/Real/test/real_test_00076.jpg,real_test_00076.jpg
Real,test,/content/drive/MyDrive/AISC DeepFake Çalışmaları/FaceForensics_Projesi/real_frames/test/867/frame_000060.jpg,/content/drive/MyDrive/AISC DeepFake Çalışmaları/Deney 1 Frame/Real/test/real_test_00077.jpg,real_test_00077.jpg
Real,test,/content/drive/MyDrive/AISC DeepFake Çalışmaları/FaceForensics_Projesi/real_frames/test/758/frame_000014.jpg,/content/drive/MyDrive/AISC DeepFake Çalışmaları/Deney 1 Frame/Real/test/real_test_00078.jpg,real_test_00078.jpg
Real,test,/content/drive/MyDrive/AISC DeepFake Çalışmaları/FaceForensics_Projesi/real_frames/test/344/frame_000023.jpg,/content/drive/MyDrive/AISC DeepFake Çalışmaları/Deney 1 Frame/Real/test/real_test_00079.jpg,real_test_00079.jpg
Real,test,/content/drive/MyDrive/AISC DeepFake Çalışmaları/FaceForensics_Projesi/real_frames/test/214/frame_000016.jpg,/content/drive/MyDrive/AISC DeepFake Çalışmaları/Deney 1 Frame/Real/test/real_test_00080.jpg,real_test_00080.jpg
Real,test,/content/drive/MyDrive/AISC DeepFake Çalışmaları/FaceForensics_Projesi/real_frames/test/470/frame_000025.jpg,/content/drive/MyDrive/AISC DeepFake Çalışmaları/Deney 1 Frame/Real/test/real_test_00081.jpg,real_test_00081.jpg
Real,test,/content/drive/MyDrive/AISC DeepFake Çalışmaları/FaceForensics_Projesi/real_frames/test/665/frame_000005.jpg,/content/drive/MyDrive/AISC DeepFake Çalışmaları/Deney 1 Frame/Real/test/real_test_00082.jpg,real_test_00082.jpg
Real,test,/content/drive/MyDrive/AISC DeepFake Çalışmaları/FaceForensics_Projesi/real_frames/test/103/frame_000025.jpg,/content/drive/MyDrive/AISC DeepFake Çalışmaları/Deney 1 Frame/Real/test/real_test_00083.jpg,real_test_00083.jpg
Real,test,/content/drive/MyDrive/AISC DeepFake Çalışmaları/FaceForensics_Projesi/real_frames/test/470/frame_000035.jpg,/content/drive/MyDrive/AISC DeepFake Çalışmaları/Deney 1 Frame/Real/test/real_test_00084.jpg,real_test_00084.jpg
Real,test,/content/drive/MyDrive/AISC DeepFake Çalışmaları/FaceForensics_Projesi/real_frames/test/099/frame_000008.jpg,/content/drive/MyDrive/AISC DeepFake Çalışmaları/Deney 1 Frame/Real/test/real_test_00085.jpg,real_test_00085.jpg
Real,test,/content/drive/MyDrive/AISC DeepFake Çalışmaları/FaceForensics_Projesi/real_frames/test/094/frame_000010.jpg,/content/drive/MyDrive/AISC DeepFake Çalışmaları/Deney 1 Frame/Real/test/real_test_00086.jpg,real_test_00086.jpg
Real,test,/content/drive/MyDrive/AISC DeepFake Çalışmaları/FaceForensics_Projesi/real_frames/test/104/frame_000012.jpg,/content/drive/MyDrive/AISC DeepFake Çalışmaları/Deney 1 Frame/Real/test/real_test_00087.jpg,real_test_00087.jpg
Real,test,/content/drive/MyDrive/AISC DeepFake Çalışmaları/FaceForensics_Projesi/real_frames/test/095/frame_000056.jpg,/content/drive/MyDrive/AISC DeepFake Çalışmaları/Deney 1 Frame/Real/test/real_test_00088.jpg,real_test_00088.jpg
Real,test,/content/drive/MyDrive/AISC DeepFake Çalışmaları/FaceForensics_Projesi/real_frames/test/025/frame_000017.jpg,/content/drive/MyDrive/AISC DeepFake Çalışmaları/Deney 1 Frame/Real/test/real_test_00089.jpg,real_test_00089.jpg
Real,test,/content/drive/MyDrive/AISC DeepFake Çalışmaları/FaceForensics_Projesi/real_frames/test/733/frame_000020.jpg,/content/drive/MyDrive/AISC DeepFake Çalışmaları/Deney 1 Frame/Real/test/real_test_00090.jpg,real_test_00090.jpg
Real,test,/content/drive/MyDrive/AISC DeepFake Çalışmaları/FaceForensics_Projesi/real_frames/test/044/frame_000010.jpg,/content/drive/MyDrive/AISC DeepFake Çalışmaları/Deney 1 Frame/Real/test/real_test_00091.jpg,real_test_00091.jpg
Real,test,/content/drive/MyDrive/AISC DeepFake Çalışmaları/FaceForensics_Projesi/real_frames/test/747/frame_000015.jpg,/content/drive/MyDrive/AISC DeepFake Çalışmaları/Deney 1 Frame/Real/test/real_test_00092.jpg,real_test_00092.jpg
Real,test,/content/drive/MyDrive/AISC DeepFake Çalışmaları/FaceForensics_Projesi/real_frames/test/754/frame_000007.jpg,/content/drive/MyDrive/AISC DeepFake Çalışmaları/Deney 1 Frame/Real/test/real_test_00093.jpg,real_test_00093.jpg
Real,test,/content/drive/MyDrive/AISC DeepFake Çalışmaları/FaceForensics_Projesi/real_frames/test/825/frame_000024.jpg,/content/drive/MyDrive/AISC DeepFake Çalışmaları/Deney 1 Frame/Real/test/real_test_00094.jpg,real_test_00094.jpg
Real,test,/content/drive/MyDrive/AISC DeepFake Çalışmaları/FaceForensics_Projesi/real_frames/test/300/frame_000004.jpg,/content/drive/MyDrive/AISC DeepFake Çalışmaları/Deney 1 Frame/Real/test/real_test_00095.jpg,real_test_00095.jpg
Real,test,/content/drive/MyDrive/AISC DeepFake Çalışmaları/FaceForensics_Projesi/real_frames/test/650/frame_000025.jpg,/content/drive/MyDrive/AISC DeepFake Çalışmaları/Deney 1 Frame/Real/test/real_test_00096.jpg,real_test_00096.jpg
Real,test,/content/drive/MyDrive/AISC DeepFake Çalışmaları/FaceForensics_Projesi/real_frames/test/714/frame_000023.jpg,/content/drive/MyDrive/AISC DeepFake Çalışmaları/Deney 1 Frame/Real/test/real_test_00097.jpg,real_test_00097.jpg
Real,test,/content/drive/MyDrive/AISC DeepFake Çalışmaları/FaceForensics_Projesi/real_frames/test/027/frame_000002.jpg,/content/drive/MyDrive/AISC DeepFake Çalışmaları/Deney 1 Frame/Real/test/real_test_00098.jpg,real_test_00098.jpg
Real,test,/content/drive/MyDrive/AISC DeepFake Çalışmaları/FaceForensics_Projesi/real_frames/test/875/frame_000013.jpg,/content/drive/MyDrive/AISC DeepFake Çalışmaları/Deney 1 Frame/Real/test/real_test_00099.jpg,real_test_00099.jpg
Real,test,/content/drive/MyDrive/AISC DeepFake Çalışmaları/FaceForensics_Projesi/real_frames/test/367/frame_000036.jpg,/content/drive/MyDrive/AISC DeepFake Çalışmaları/Deney 1 Frame/Real/test/real_test_00100.jpg,real_test_00100.jpg
Real,test,/content/drive/MyDrive/AISC DeepFake Çalışmaları/FaceForensics_Projesi/real_frames/test/616/frame_000027.jpg,/content/drive/MyDrive/AISC DeepFake Çalışmaları/Deney 1 Frame/Real/test/real_test_00101.jpg,real_test_00101.jpg
Real,test,/content/drive/MyDrive/AISC DeepFake Çalışmaları/FaceForensics_Projesi/real_frames/test/046/frame_000001.jpg,/content/drive/MyDrive/AISC DeepFake Çalışmaları/Deney 1 Frame/Real/test/real_test_00102.jpg,real_test_00102.jpg
Real,test,/content/drive/MyDrive/AISC DeepFake Çalışmaları/FaceForensics_Projesi/real_frames/test/828/frame_000010.jpg,/content/drive/MyDrive/AISC DeepFake Çalışmaları/Deney 1 Frame/Real/test/real_test_00103.jpg,real_test_00103.jpg
Real,test,/content/drive/MyDrive/AISC DeepFake Çalışmaları/FaceForensics_Projesi/real_frames/test/733/frame_000011.jpg,/content/drive/MyDrive/AISC DeepFake Çalışmaları/Deney 1 Frame/Real/test/real_test_00104.jpg,real_test_00104.jpg
Real,test,/content/drive/MyDrive/AISC DeepFake Çalışmaları/FaceForensics_Projesi/real_frames/test/591/frame_000001.jpg,/content/drive/MyDrive/AISC DeepFake Çalışmaları/Deney 1 Frame/Real/test/real_test_00105.jpg,real_test_00105.jpg
Real,test,/content/drive/MyDrive/AISC DeepFake Çalışmaları/FaceForensics_Projesi/real_frames/test/166/frame_000029.jpg,/content/drive/MyDrive/AISC DeepFake Çalışmaları/Deney 1 Frame/Real/test/real_test_00106.jpg,real_test_00106.jpg
Real,test,/content/drive/MyDrive/AISC DeepFake Çalışmaları/FaceForensics_Projesi/real_frames/test/574/frame_000010.jpg,/content/drive/MyDrive/AISC DeepFake Çalışmaları/Deney 1 Frame/Real/test/real_test_00107.jpg,real_test_00107.jpg
Real,test,/content/drive/MyDrive/AISC DeepFake Çalışmaları/FaceForensics_Projesi/real_frames/test/142/frame_000021.jpg,/content/drive/MyDrive/AISC DeepFake Çalışmaları/Deney 1 Frame/Real/test/real_test_00108.jpg,real_test_00108.jpg
Real,test,/content/drive/MyDrive/AISC DeepFake Çalışmaları/FaceForensics_Projesi/real_frames/test/094/frame_000007.jpg,/content/drive/MyDrive/AISC DeepFake Çalışmaları/Deney 1 Frame/Real/test/real_test_00109.jpg,real_test_00109.jpg
Real,test,/content/drive/MyDrive/AISC DeepFake Çalışmaları/FaceForensics_Projesi/real_frames/test/367/frame_000006.jpg,/content/drive/MyDrive/AISC DeepFake Çalışmaları/Deney 1 Frame/Real/test/real_test_00110.jpg,real_test_00110.jpg
Real,test,/content/drive/MyDrive/AISC DeepFake Çalışmaları/FaceForensics_Projesi/real_frames/test/142/frame_000039.jpg,/content/drive/MyDrive/AISC DeepFake Çalışmaları/Deney 1 Frame/Real/test/real_test_00111.jpg,real_test_00111.jpg
Real,test,/content/drive/MyDrive/AISC DeepFake Çalışmaları/FaceForensics_Projesi/real_frames/test/986/frame_000011.jpg,/content/drive/MyDrive/AISC DeepFake Çalışmaları/Deney 1 Frame/Real/test/real_test_00112.jpg,real_test_00112.jpg
Real,test,/content/drive/MyDrive/AISC DeepFake Çalışmaları/FaceForensics_Projesi/real_frames/test/825/frame_000002.jpg,/content/drive/MyDrive/AISC DeepFake Çalışmaları/Deney 1 Frame/Real/test/real_test_00113.jpg,real_test_00113.jpg
Real,test,/content/drive/MyDrive/AISC DeepFake Çalışmaları/FaceForensics_Projesi/real_frames/test/633/frame_000021.jpg,/content/drive/MyDrive/AISC DeepFake Çalışmaları/Deney 1 Frame/Real/test/real_test_00114.jpg,real_test_00114.jpg
Real,test,/content/drive/MyDrive/AISC DeepFake Çalışmaları/FaceForensics_Projesi/real_frames/test/517/frame_000008.jpg,/content/drive/MyDrive/AISC DeepFake Çalışmaları/Deney 1 Frame/Real/test/real_test_00115.jpg,real_test_00115.jpg
Real,test,/content/drive/MyDrive/AISC DeepFake Çalışmaları/FaceForensics_Projesi/real_frames/test/867/frame_000015.jpg,/content/drive/MyDrive/AISC DeepFake Çalışmaları/Deney 1 Frame/Real/test/real_test_00116.jpg,real_test_00116.jpg
Real,test,/content/drive/MyDrive/AISC DeepFake Çalışmaları/FaceForensics_Projesi/real_frames/test/459/frame_000023.jpg,/content/drive/MyDrive/AISC DeepFake Çalışmaları/Deney 1 Frame/Real/test/real_test_00117.jpg,real_test_00117.jpg
Real,test,/content/drive/MyDrive/AISC DeepFake Çalışmaları/FaceForensics_Projesi/real_frames/test/990/frame_000004.jpg,/content/drive/MyDrive/AISC DeepFake Çalışmaları/Deney 1 Frame/Real/test/real_test_00118.jpg,real_test_00118.jpg
Real,test,/content/drive/MyDrive/AISC DeepFake Çalışmaları/FaceForensics_Projesi/real_frames/test/296/frame_000002.jpg,/content/drive/MyDrive/AISC DeepFake Çalışmaları/Deney 1 Frame/Real/test/real_test_00119.jpg,real_test_00119.jpg
Real,test,/content/drive/MyDrive/AISC DeepFake Çalışmaları/FaceForensics_Projesi/real_frames/test/650/frame_000007.jpg,/content/drive/MyDrive/AISC DeepFake Çalışmaları/Deney 1 Frame/Real/test/real_test_00120.jpg,real_test_00120.jpg
Real,test,/content/drive/MyDrive/AISC DeepFake Çalışmaları/FaceForensics_Projesi/real_frames/test/459/frame_000017.jpg,/content/drive/MyDrive/AISC DeepFake Çalışmaları/Deney 1 Frame/Real/test/real_test_00121.jpg,real_test_00121.jpg
Real,test,/content/drive/MyDrive/AISC DeepFake Çalışmaları/FaceForensics_Projesi/real_frames/test/558/frame_000002.jpg,/content/drive/MyDrive/AISC DeepFake Çalışmaları/Deney 1 Frame/Real/test/real_test_00122.jpg,real_test_00122.jpg
Real,test,/content/drive/MyDrive/AISC DeepFake Çalışmaları/FaceForensics_Projesi/real_frames/test/046/frame_000012.jpg,/content/drive/MyDrive/AISC DeepFake Çalışmaları/Deney 1 Frame/Real/test/real_test_00123.jpg,real_test_00123.jpg
Real,test,/content/drive/MyDrive/AISC DeepFake Çalışmaları/FaceForensics_Projesi/real_frames/test/373/frame_000006.jpg,/content/drive/MyDrive/AISC DeepFake Çalışmaları/Deney 1 Frame/Real/test/real_test_00124.jpg,real_test_00124.jpg
Real,test,/content/drive/MyDrive/AISC DeepFake Çalışmaları/FaceForensics_Projesi/real_frames/test/867/frame_000034.jpg,/content/drive/MyDrive/AISC DeepFake Çalışmaları/Deney 1 Frame/Real/test/real_test_00125.jpg,real_test_00125.jpg
Real,test,/content/drive/MyDrive/AISC DeepFake Çalışmaları/FaceForensics_Projesi/real_frames/test/080/frame_000026.jpg,/content/drive/MyDrive/AISC DeepFake Çalışmaları/Deney 1 Frame/Real/test/real_test_00126.jpg,real_test_00126.jpg
Real,test,/content/drive/MyDrive/AISC DeepFake Çalışmaları/FaceForensics_Projesi/real_frames/test/089/frame_000021.jpg,/content/drive/MyDrive/AISC DeepFake Çalışmaları/Deney 1 Frame/Real/test/real_test_00127.jpg,real_test_00127.jpg
Real,test,/content/drive/MyDrive/AISC DeepFake Çalışmaları/FaceForensics_Projesi/real_frames/test/714/frame_000025.jpg,/content/drive/MyDrive/AISC DeepFake Çalışmaları/Deney 1 Frame/Real/test/real_test_00128.jpg,real_test_00128.jpg
Real,test,/content/drive/MyDrive/AISC DeepFake Çalışmaları/FaceForensics_Projesi/real_frames/test/081/frame_000059.jpg,/content/drive/MyDrive/AISC DeepFake Çalışmaları/Deney 1 Frame/Real/test/real_test_00129.jpg,real_test_00129.jpg
Real,test,/content/drive/MyDrive/AISC DeepFake Çalışmaları/FaceForensics_Projesi/real_frames/test/095/frame_000048.jpg,/content/drive/MyDrive/AISC DeepFake Çalışmaları/Deney 1 Frame/Real/test/real_test_00130.jpg,real_test_00130.jpg
Real,test,/content/drive/MyDrive/AISC DeepFake Çalışmaları/FaceForensics_Projesi/real_frames/test/978/frame_000026.jpg,/content/drive/MyDrive/AISC DeepFake Çalışmaları/Deney 1 Frame/Real/test/real_test_00131.jpg,real_test_00131.jpg
Real,test,/content/drive/MyDrive/AISC DeepFake Çalışmaları/FaceForensics_Projesi/real_frames/test/142/frame_000041.jpg,/content/drive/MyDrive/AISC DeepFake Çalışmaları/Deney 1 Frame/Real/test/real_test_00132.jpg,real_test_00132.jpg
Real,test,/content/drive/MyDrive/AISC DeepFake Çalışmaları/FaceForensics_Projesi/real_frames/test/284/frame_000013.jpg,/content/drive/MyDrive/AISC DeepFake Çalışmaları/Deney 1 Frame/Real/test/real_test_00133.jpg,real_test_00133.jpg
Real,test,/content/drive/MyDrive/AISC DeepFake Çalışmaları/FaceForensics_Projesi/real_frames/test/044/frame_000003.jpg,/content/drive/MyDrive/AISC DeepFake Çalışmaları/Deney 1 Frame/Real/test/real_test_00134.jpg,real_test_00134.jpg
Real,test,/content/drive/MyDrive/AISC DeepFake Çalışmaları/FaceForensics_Projesi/real_frames/test/344/frame_000022.jpg,/content/drive/MyDrive/AISC DeepFake Çalışmaları/Deney 1 Frame/Real/test/real_test_00135.jpg,real_test_00135.jpg
Real,test,/content/drive/MyDrive/AISC DeepFake Çalışmaları/FaceForensics_Projesi/real_frames/test/127/frame_000005.jpg,/content/drive/MyDrive/AISC DeepFake Çalışmaları/Deney 1 Frame/Real/test/real_test_00136.jpg,real_test_00136.jpg
Real,test,/content/drive/MyDrive/AISC DeepFake Çalışmaları/FaceForensics_Projesi/real_frames/test/983/frame_000020.jpg,/content/drive/MyDrive/AISC DeepFake Çalışmaları/Deney 1 Frame/Real/test/real_test_00137.jpg,real_test_00137.jpg
Real,test,/content/drive/MyDrive/AISC DeepFake Çalışmaları/FaceForensics_Projesi/real_frames/test/296/frame_000000.jpg,/content/drive/MyDrive/AISC DeepFake Çalışmaları/Deney 1 Frame/Real/test/real_test_00138.jpg,real_test_00138.jpg
Real,test,/content/drive/MyDrive/AISC DeepFake Çalışmaları/FaceForensics_Projesi/real_frames/test/826/frame_000001.jpg,/content/drive/MyDrive/AISC DeepFake Çalışmaları/Deney 1 Frame/Real/test/real_test_00139.jpg,real_test_00139.jpg
Real,test,/content/drive/MyDrive/AISC DeepFake Çalışmaları/FaceForensics_Projesi/real_frames/test/095/frame_000007.jpg,/content/drive/MyDrive/AISC DeepFake Çalışmaları/Deney 1 Frame/Real/test/real_test_00140.jpg,real_test_00140.jpg
Real,test,/content/drive/MyDrive/AISC DeepFake Çalışmaları/FaceForensics_Projesi/real_frames/test/867/frame_000027.jpg,/content/drive/MyDrive/AISC DeepFake Çalışmaları/Deney 1 Frame/Real/test/real_test_00141.jpg,real_test_00141.jpg
Real,test,/content/drive/MyDrive/AISC DeepFake Çalışmaları/FaceForensics_Projesi/real_frames/test/913/frame_000018.jpg,/content/drive/MyDrive/AISC DeepFake Çalışmaları/Deney 1 Frame/Real/test/real_test_00142.jpg,real_test_00142.jpg
Real,test,/content/drive/MyDrive/AISC DeepFake Çalışmaları/FaceForensics_Projesi/real_frames/test/983/frame_000013.jpg,/content/drive/MyDrive/AISC DeepFake Çalışmaları/Deney 1 Frame/Real/test/real_test_00143.jpg,real_test_00143.jpg
Real,test,/content/drive/MyDrive/AISC DeepFake Çalışmaları/FaceForensics_Projesi/real_frames/test/373/frame_000005.jpg,/content/drive/MyDrive/AISC DeepFake Çalışmaları/Deney 1 Frame/Real/test/real_test_00144.jpg,real_test_00144.jpg
Real,test,/content/drive/MyDrive/AISC DeepFake Çalışmaları/FaceForensics_Projesi/real_frames/test/890/frame_000015.jpg,/content/drive/MyDrive/AISC DeepFake Çalışmaları/Deney 1 Frame/Real/test/real_test_00145.jpg,real_test_00145.jpg
Real,test,/content/drive/MyDrive/AISC DeepFake Çalışmaları/FaceForensics_Projesi/real_frames/test/214/frame_000018.jpg,/content/drive/MyDrive/AISC DeepFake Çalışmaları/Deney 1 Frame/Real/test/real_test_00146.jpg,real_test_00146.jpg
Real,test,/content/drive/MyDrive/AISC DeepFake Çalışmaları/FaceForensics_Projesi/real_frames/test/747/frame_000020.jpg,/content/drive/MyDrive/AISC DeepFake Çalışmaları/Deney 1 Frame/Real/test/real_test_00147.jpg,real_test_00147.jpg
Real,test,/content/drive/MyDrive/AISC DeepFake Çalışmaları/FaceForensics_Projesi/real_frames/test/220/frame_000018.jpg,/content/drive/MyDrive/AISC DeepFake Çalışmaları/Deney 1 Frame/Real/test/real_test_00148.jpg,real_test_00148.jpg
Real,test,/content/drive/MyDrive/AISC DeepFake Çalışmaları/FaceForensics_Projesi/real_frames/test/459/frame_000019.jpg,/content/drive/MyDrive/AISC DeepFake Çalışmaları/Deney 1 Frame/Real/test/real_test_00149.jpg,real_test_00149.jpg
Fake,train,/content/drive/MyDrive/AISC DeepFake Çalışmaları/FaceForensics_Projesi/fake_frames/train/Deepfakes_373_394/frame_000007.jpg,/content/drive/MyDrive/AISC DeepFake Çalışmaları/Deney 1 Frame/Fake/train/fake_train_00000.jpg,fake_train_00000.jpg
Fake,train,/content/drive/MyDrive/AISC DeepFake Çalışmaları/FaceForensics_Projesi/fake_frames/train/Deepfakes_653_601/frame_000030.jpg,/content/drive/MyDrive/AISC DeepFake Çalışmaları/Deney 1 Frame/Fake/train/fake_train_00001.jpg,fake_train_00001.jpg
Fake,train,/content/drive/MyDrive/AISC DeepFake Çalışmaları/FaceForensics_Projesi/fake_frames/train/Deepfakes_155_576/frame_000009.jpg,/content/drive/MyDrive/AISC DeepFake Çalışmaları/Deney 1 Frame/Fake/train/fake_train_00002.jpg,fake_train_00002.jpg
Fake,train,/content/drive/MyDrive/AISC DeepFake Çalışmaları/FaceForensics_Projesi/fake_frames/train/FaceSwap_963_879/frame_000027.jpg,/content/drive/MyDrive/AISC DeepFake Çalışmaları/Deney 1 Frame/Fake/train/fake_train_00003.jpg,fake_train_00003.jpg
Fake,train,/content/drive/MyDrive/AISC DeepFake Çalışmaları/FaceForensics_Projesi/fake_frames/train/Face2Face_532_544/frame_000007.jpg,/content/drive/MyDrive/AISC DeepFake Çalışmaları/Deney 1 Frame/Fake/train/fake_train_00004.jpg,fake_train_00004.jpg
Fake,train,/content/drive/MyDrive/AISC DeepFake Çalışmaları/FaceForensics_Projesi/fake_frames/train/NeuralTextures_601_653/frame_000008.jpg,/content/drive/MyDrive/AISC DeepFake Çalışmaları/Deney 1 Frame/Fake/train/fake_train_00005.jpg,fake_train_00005.jpg
Fake,train,/content/drive/MyDrive/AISC DeepFake Çalışmaları/FaceForensics_Projesi/fake_frames/train/FaceShifter_801_855/frame_000014.jpg,/content/drive/MyDrive/AISC DeepFake Çalışmaları/Deney 1 Frame/Fake/train/fake_train_00006.jpg,fake_train_00006.jpg
Fake,train,/content/drive/MyDrive/AISC DeepFake Çalışmaları/FaceForensics_Projesi/fake_frames/train/NeuralTextures_067_025/frame_000015.jpg,/content/drive/MyDrive/AISC DeepFake Çalışmaları/Deney 1 Frame/Fake/train/fake_train_00007.jpg,fake_train_00007.jpg
Fake,train,/content/drive/MyDrive/AISC DeepFake Çalışmaları/FaceForensics_Projesi/fake_frames/train/DeepFakeDetection_20_25__talking_against_wall__AMY6M1KL/frame_000019.jpg,/content/drive/MyDrive/AISC DeepFake Çalışmaları/Deney 1 Frame/Fake/train/fake_train_00008.jpg,fake_train_00008.jpg
Fake,train,/content/drive/MyDrive/AISC DeepFake Çalışmaları/FaceForensics_Projesi/fake_frames/train/FaceSwap_765_867/frame_000003.jpg,/content/drive/MyDrive/AISC DeepFake Çalışmaları/Deney 1 Frame/Fake/train/fake_train_00009.jpg,fake_train_00009.jpg
Fake,train,/content/drive/MyDrive/AISC DeepFake Çalışmaları/FaceForensics_Projesi/fake_frames/train/FaceShifter_059_050/frame_000006.jpg,/content/drive/MyDrive/AISC DeepFake Çalışmaları/Deney 1 Frame/Fake/train/fake_train_00010.jpg,fake_train_00010.jpg
Fake,train,/content/drive/MyDrive/AISC DeepFake Çalışmaları/FaceForensics_Projesi/fake_frames/train/NeuralTextures_495_512/frame_000023.jpg,/content/drive/MyDrive/AISC DeepFake Çalışmaları/Deney 1 Frame/Fake/train/fake_train_00011.jpg,fake_train_00011.jpg
Fake,train,/content/drive/MyDrive/AISC DeepFake Çalışmaları/FaceForensics_Projesi/fake_frames/train/FaceShifter_562_626/frame_000008.jpg,/content/drive/MyDrive/AISC DeepFake Çalışmaları/Deney 1 Frame/Fake/train/fake_train_00012.jpg,fake_train_00012.jpg
Fake,train,/content/drive/MyDrive/AISC DeepFake Çalışmaları/FaceForensics_Projesi/fake_frames/train/FaceSwap_397_602/frame_000006.jpg,/content/drive/MyDrive/AISC DeepFake Çalışmaları/Deney 1 Frame/Fake/train/fake_train_00013.jpg,fake_train_00013.jpg
Fake,train,/content/drive/MyDrive/AISC DeepFake Çalışmaları/FaceForensics_Projesi/fake_frames/train/DeepFakeDetection_13_14__hugging_happy__KMQ3AW6A/frame_000020.jpg,/content/drive/MyDrive/AISC DeepFake Çalışmaları/Deney 1 Frame/Fake/train/fake_train_00014.jpg,fake_train_00014.jpg
Fake,train,/content/drive/MyDrive/AISC DeepFake Çalışmaları/FaceForensics_Projesi/fake_frames/train/DeepFakeDetection_23_19__walking_and_outside_surprised__F7U8UY7V/frame_000044.jpg,/content/drive/MyDrive/AISC DeepFake Çalışmaları/Deney 1 Frame/Fake/train/fake_train_00015.jpg,fake_train_00015.jpg
Fake,train,/content/drive/MyDrive/AISC DeepFake Çalışmaları/FaceForensics_Projesi/fake_frames/train/FaceSwap_686_696/frame_000019.jpg,/content/drive/MyDrive/AISC DeepFake Çalışmaları/Deney 1 Frame/Fake/train/fake_train_00016.jpg,fake_train_00016.jpg
Fake,train,/content/drive/MyDrive/AISC DeepFake Çalışmaları/FaceForensics_Projesi/fake_frames/train/Face2Face_367_371/frame_000035.jpg,/content/drive/MyDrive/AISC DeepFake Çalışmaları/Deney 1 Frame/Fake/train/fake_train_00017.jpg,fake_train_00017.jpg
Fake,train,/content/drive/MyDrive/AISC DeepFake Çalışmaları/FaceForensics_Projesi/fake_frames/train/FaceShifter_926_900/frame_000016.jpg,/content/drive/MyDrive/AISC DeepFake Çalışmaları/Deney 1 Frame/Fake/train/fake_train_00018.jpg,fake_train_00018.jpg
Fake,train,/content/drive/MyDrive/AISC DeepFake Çalışmaları/FaceForensics_Projesi/fake_frames/train/NeuralTextures_651_835/frame_000010.jpg,/content/drive/MyDrive/AISC DeepFake Çalışmaları/Deney 1 Frame/Fake/train/fake_train_00019.jpg,fake_train_00019.jpg
Fake,train,/content/drive/MyDrive/AISC DeepFake Çalışmaları/FaceForensics_Projesi/fake_frames/train/FaceSwap_470_468/frame_000002.jpg,/content/drive/MyDrive/AISC DeepFake Çalışmaları/Deney 1 Frame/Fake/train/fake_train_00020.jpg,fake_train_00020.jpg
Fake,train,/content/drive/MyDrive/AISC DeepFake Çalışmaları/FaceForensics_Projesi/fake_frames/train/Deepfakes_611_760/frame_000018.jpg,/content/drive/MyDrive/AISC DeepFake Çalışmaları/Deney 1 Frame/Fake/train/fake_train_00021.jpg,fake_train_00021.jpg
Fake,train,/content/drive/MyDrive/AISC DeepFake Çalışmaları/FaceForensics_Projesi/fake_frames/train/Face2Face_494_445/frame_000035.jpg,/content/drive/MyDrive/AISC DeepFake Çalışmaları/Deney 1 Frame/Fake/train/fake_train_00022.jpg,fake_train_00022.jpg
Fake,train,/content/drive/MyDrive/AISC DeepFake Çalışmaları/FaceForensics_Projesi/fake_frames/train/DeepFakeDetection_06_26__talking_against_wall__L5BVR5L9/frame_000010.jpg,/content/drive/MyDrive/AISC DeepFake Çalışmaları/Deney 1 Frame/Fake/train/fake_train_00023.jpg,fake_train_00023.jpg
Fake,train,/content/drive/MyDrive/AISC DeepFake Çalışmaları/FaceForensics_Projesi/fake_frames/train/DeepFakeDetection_20_03__hugging_happy__Z6V05FXO/frame_000013.jpg,/content/drive/MyDrive/AISC DeepFake Çalışmaları/Deney 1 Frame/Fake/train/fake_train_00024.jpg,fake_train_00024.jpg
Fake,train,/content/drive/MyDrive/AISC DeepFake Çalışmaları/FaceForensics_Projesi/fake_frames/train/FaceShifter_705_707/frame_000015.jpg,/content/drive/MyDrive/AISC DeepFake Çalışmaları/Deney 1 Frame/Fake/train/fake_train_00025.jpg,fake_train_00025.jpg
Fake,train,/content/drive/MyDrive/AISC DeepFake Çalışmaları/FaceForensics_Projesi/fake_frames/train/Deepfakes_829_808/frame_000011.jpg,/content/drive/MyDrive/AISC DeepFake Çalışmaları/Deney 1 Frame/Fake/train/fake_train_00026.jpg,fake_train_00026.jpg
Fake,train,/content/drive/MyDrive/AISC DeepFake Çalışmaları/FaceForensics_Projesi/fake_frames/train/FaceShifter_990_008/frame_000004.jpg,/content/drive/MyDrive/AISC DeepFake Çalışmaları/Deney 1 Frame/Fake/train/fake_train_00027.jpg,fake_train_00027.jpg
Fake,train,/content/drive/MyDrive/AISC DeepFake Çalışmaları/FaceForensics_Projesi/fake_frames/train/DeepFakeDetection_02_27__walking_down_indoor_hall_disgust__YQX5Z8GN/frame_000027.jpg,/content/drive/MyDrive/AISC DeepFake Çalışmaları/Deney 1 Frame/Fake/train/fake_train_00028.jpg,fake_train_00028.jpg
Fake,train,/content/drive/MyDrive/AISC DeepFake Çalışmaları/FaceForensics_Projesi/fake_frames/train/Deepfakes_753_789/frame_000007.jpg,/content/drive/MyDrive/AISC DeepFake Çalışmaları/Deney 1 Frame/Fake/train/fake_train_00029.jpg,fake_train_00029.jpg
Fake,train,/content/drive/MyDrive/AISC DeepFake Çalışmaları/FaceForensics_Projesi/fake_frames/train/FaceSwap_475_265/frame_000003.jpg,/content/drive/MyDrive/AISC DeepFake Çalışmaları/Deney 1 Frame/Fake/train/fake_train_00030.jpg,fake_train_00030.jpg
Fake,train,/content/drive/MyDrive/AISC DeepFake Çalışmaları/FaceForensics_Projesi/fake_frames/train/NeuralTextures_805_011/frame_000006.jpg,/content/drive/MyDrive/AISC DeepFake Çalışmaları/Deney 1 Frame/Fake/train/fake_train_00031.jpg,fake_train_00031.jpg
Fake,train,/content/drive/MyDrive/AISC DeepFake Çalışmaları/FaceForensics_Projesi/fake_frames/train/FaceShifter_654_648/frame_000014.jpg,/content/drive/MyDrive/AISC DeepFake Çalışmaları/Deney 1 Frame/Fake/train/fake_train_00032.jpg,fake_train_00032.jpg
Fake,train,/content/drive/MyDrive/AISC DeepFake Çalışmaları/FaceForensics_Projesi/fake_frames/train/DeepFakeDetection_15_07__walking_down_indoor_hall_disgust__NYPO7U50/frame_000024.jpg,/content/drive/MyDrive/AISC DeepFake Çalışmaları/Deney 1 Frame/Fake/train/fake_train_00033.jpg,fake_train_00033.jpg
Fake,train,/content/drive/MyDrive/AISC DeepFake Çalışmaları/FaceForensics_Projesi/fake_frames/train/FaceShifter_814_871/frame_000010.jpg,/content/drive/MyDrive/AISC DeepFake Çalışmaları/Deney 1 Frame/Fake/train/fake_train_00034.jpg,fake_train_00034.jpg
Fake,train,/content/drive/MyDrive/AISC DeepFake Çalışmaları/FaceForensics_Projesi/fake_frames/train/FaceShifter_460_678/frame_000028.jpg,/content/drive/MyDrive/AISC DeepFake Çalışmaları/Deney 1 Frame/Fake/train/fake_train_00035.jpg,fake_train_00035.jpg
Fake,train,/content/drive/MyDrive/AISC DeepFake Çalışmaları/FaceForensics_Projesi/fake_frames/train/DeepFakeDetection_18_11__secret_conversation__JJ1YREUN/frame_000013.jpg,/content/drive/MyDrive/AISC DeepFake Çalışmaları/Deney 1 Frame/Fake/train/fake_train_00036.jpg,fake_train_00036.jpg
Fake,train,/content/drive/MyDrive/AISC DeepFake Çalışmaları/FaceForensics_Projesi/fake_frames/train/DeepFakeDetection_27_18__kitchen_still__NYHE8D0J/frame_000001.jpg,/content/drive/MyDrive/AISC DeepFake Çalışmaları/Deney 1 Frame/Fake/train/fake_train_00037.jpg,fake_train_00037.jpg
Fake,train,/content/drive/MyDrive/AISC DeepFake Çalışmaları/FaceForensics_Projesi/fake_frames/train/DeepFakeDetection_06_26__talking_against_wall__L5BVR5L9/frame_000048.jpg,/content/drive/MyDrive/AISC DeepFake Çalışmaları/Deney 1 Frame/Fake/train/fake_train_00038.jpg,fake_train_00038.jpg
Fake,train,/content/drive/MyDrive/AISC DeepFake Çalışmaları/FaceForensics_Projesi/fake_frames/train/FaceShifter_626_562/frame_000008.jpg,/content/drive/MyDrive/AISC DeepFake Çalışmaları/Deney 1 Frame/Fake/train/fake_train_00039.jpg,fake_train_00039.jpg
Fake,train,/content/drive/MyDrive/AISC DeepFake Çalışmaları/FaceForensics_Projesi/fake_frames/train/Face2Face_853_863/frame_000023.jpg,/content/drive/MyDrive/AISC DeepFake Çalışmaları/Deney 1 Frame/Fake/train/fake_train_00040.jpg,fake_train_00040.jpg
Fake,train,/content/drive/MyDrive/AISC DeepFake Çalışmaları/FaceForensics_Projesi/fake_frames/train/FaceShifter_939_115/frame_000001.jpg,/content/drive/MyDrive/AISC DeepFake Çalışmaları/Deney 1 Frame/Fake/train/fake_train_00041.jpg,fake_train_00041.jpg
Fake,train,/content/drive/MyDrive/AISC DeepFake Çalışmaları/FaceForensics_Projesi/fake_frames/train/DeepFakeDetection_15_03__talking_angry_couch__T5SHH2UL/frame_000048.jpg,/content/drive/MyDrive/AISC DeepFake Çalışmaları/Deney 1 Frame/Fake/train/fake_train_00042.jpg,fake_train_00042.jpg
Fake,train,/content/drive/MyDrive/AISC DeepFake Çalışmaları/FaceForensics_Projesi/fake_frames/train/Face2Face_810_838/frame_000012.jpg,/content/drive/MyDrive/AISC DeepFake Çalışmaları/Deney 1 Frame/Fake/train/fake_train_00043.jpg,fake_train_00043.jpg
Fake,train,/content/drive/MyDrive/AISC DeepFake Çalışmaları/FaceForensics_Projesi/fake_frames/train/DeepFakeDetection_27_02__talking_angry_couch__FV8M8O2C/frame_000056.jpg,/content/drive/MyDrive/AISC DeepFake Çalışmaları/Deney 1 Frame/Fake/train/fake_train_00044.jpg,fake_train_00044.jpg
Fake,train,/content/drive/MyDrive/AISC DeepFake Çalışmaları/FaceForensics_Projesi/fake_frames/train/Deepfakes_540_536/frame_000047.jpg,/content/drive/MyDrive/AISC DeepFake Çalışmaları/Deney 1 Frame/Fake/train/fake_train_00045.jpg,fake_train_00045.jpg
Fake,train,/content/drive/MyDrive/AISC DeepFake Çalışmaları/FaceForensics_Projesi/fake_frames/train/NeuralTextures_412_274/frame_000002.jpg,/content/drive/MyDrive/AISC DeepFake Çalışmaları/Deney 1 Frame/Fake/train/fake_train_00046.jpg,fake_train_00046.jpg
Fake,train,/content/drive/MyDrive/AISC DeepFake Çalışmaları/FaceForensics_Projesi/fake_frames/train/Deepfakes_531_549/frame_000018.jpg,/content/drive/MyDrive/AISC DeepFake Çalışmaları/Deney 1 Frame/Fake/train/fake_train_00047.jpg,fake_train_00047.jpg
Fake,train,/content/drive/MyDrive/AISC DeepFake Çalışmaları/FaceForensics_Projesi/fake_frames/train/Face2Face_907_795/frame_000024.jpg,/content/drive/MyDrive/AISC DeepFake Çalışmaları/Deney 1 Frame/Fake/train/fake_train_00048.jpg,fake_train_00048.jpg
Fake,train,/content/drive/MyDrive/AISC DeepFake Çalışmaları/FaceForensics_Projesi/fake_frames/train/Deepfakes_559_543/frame_000000.jpg,/content/drive/MyDrive/AISC DeepFake Çalışmaları/Deney 1 Frame/Fake/train/fake_train_00049.jpg,fake_train_00049.jpg
Fake,train,/content/drive/MyDrive/AISC DeepFake Çalışmaları/FaceForensics_Projesi/fake_frames/train/Deepfakes_537_563/frame_000015.jpg,/content/drive/MyDrive/AISC DeepFake Çalışmaları/Deney 1 Frame/Fake/train/fake_train_00050.jpg,fake_train_00050.jpg
Fake,train,/content/drive/MyDrive/AISC DeepFake Çalışmaları/FaceForensics_Projesi/fake_frames/train/FaceSwap_838_810/frame_000004.jpg,/content/drive/MyDrive/AISC DeepFake Çalışmaları/Deney 1 Frame/Fake/train/fake_train_00051.jpg,fake_train_00051.jpg
Fake,train,/content/drive/MyDrive/AISC DeepFake Çalışmaları/FaceForensics_Projesi/fake_frames/train/DeepFakeDetection_12_15__hugging_happy__N0SRODQD/frame_000005.jpg,/content/drive/MyDrive/AISC DeepFake Çalışmaları/Deney 1 Frame/Fake/train/fake_train_00052.jpg,fake_train_00052.jpg
Fake,train,/content/drive/MyDrive/AISC DeepFake Çalışmaları/FaceForensics_Projesi/fake_frames/train/Face2Face_826_833/frame_000028.jpg,/content/drive/MyDrive/AISC DeepFake Çalışmaları/Deney 1 Frame/Fake/train/fake_train_00053.jpg,fake_train_00053.jpg
Fake,train,/content/drive/MyDrive/AISC DeepFake Çalışmaları/FaceForensics_Projesi/fake_frames/train/FaceShifter_177_211/frame_000021.jpg,/content/drive/MyDrive/AISC DeepFake Çalışmaları/Deney 1 Frame/Fake/train/fake_train_00054.jpg,fake_train_00054.jpg
Fake,train,/content/drive/MyDrive/AISC DeepFake Çalışmaları/FaceForensics_Projesi/fake_frames/train/Deepfakes_164_216/frame_000044.jpg,/content/drive/MyDrive/AISC DeepFake Çalışmaları/Deney 1 Frame/Fake/train/fake_train_00055.jpg,fake_train_00055.jpg
Fake,train,/content/drive/MyDrive/AISC DeepFake Çalışmaları/FaceForensics_Projesi/fake_frames/train/Deepfakes_350_349/frame_000001.jpg,/content/drive/MyDrive/AISC DeepFake Çalışmaları/Deney 1 Frame/Fake/train/fake_train_00056.jpg,fake_train_00056.jpg
Fake,train,/content/drive/MyDrive/AISC DeepFake Çalışmaları/FaceForensics_Projesi/fake_frames/train/FaceShifter_692_610/frame_000003.jpg,/content/drive/MyDrive/AISC DeepFake Çalışmaları/Deney 1 Frame/Fake/train/fake_train_00057.jpg,fake_train_00057.jpg
Fake,train,/content/drive/MyDrive/AISC DeepFake Çalışmaları/FaceForensics_Projesi/fake_frames/train/FaceShifter_732_691/frame_000023.jpg,/content/drive/MyDrive/AISC DeepFake Çalışmaları/Deney 1 Frame/Fake/train/fake_train_00058.jpg,fake_train_00058.jpg
Fake,train,/content/drive/MyDrive/AISC DeepFake Çalışmaları/FaceForensics_Projesi/fake_frames/train/FaceShifter_387_311/frame_000019.jpg,/content/drive/MyDrive/AISC DeepFake Çalışmaları/Deney 1 Frame/Fake/train/fake_train_00059.jpg,fake_train_00059.jpg
Fake,train,/content/drive/MyDrive/AISC DeepFake Çalışmaları/FaceForensics_Projesi/fake_frames/train/Face2Face_794_779/frame_000003.jpg,/content/drive/MyDrive/AISC DeepFake Çalışmaları/Deney 1 Frame/Fake/train/fake_train_00060.jpg,fake_train_00060.jpg
Fake,train,/content/drive/MyDrive/AISC DeepFake Çalışmaları/FaceForensics_Projesi/fake_frames/train/NeuralTextures_266_252/frame_000000.jpg,/content/drive/MyDrive/AISC DeepFake Çalışmaları/Deney 1 Frame/Fake/train/fake_train_00061.jpg,fake_train_00061.jpg
Fake,train,/content/drive/MyDrive/AISC DeepFake Çalışmaları/FaceForensics_Projesi/fake_frames/train/Face2Face_494_445/frame_000041.jpg,/content/drive/MyDrive/AISC DeepFake Çalışmaları/Deney 1 Frame/Fake/train/fake_train_00062.jpg,fake_train_00062.jpg
Fake,train,/content/drive/MyDrive/AISC DeepFake Çalışmaları/FaceForensics_Projesi/fake_frames/train/DeepFakeDetection_08_16__talking_against_wall__8Q7JCS95/frame_000027.jpg,/content/drive/MyDrive/AISC DeepFake Çalışmaları/Deney 1 Frame/Fake/train/fake_train_00063.jpg,fake_train_00063.jpg
Fake,train,/content/drive/MyDrive/AISC DeepFake Çalışmaları/FaceForensics_Projesi/fake_frames/train/Deepfakes_702_612/frame_000018.jpg,/content/drive/MyDrive/AISC DeepFake Çalışmaları/Deney 1 Frame/Fake/train/fake_train_00064.jpg,fake_train_00064.jpg
Fake,train,/content/drive/MyDrive/AISC DeepFake Çalışmaları/FaceForensics_Projesi/fake_frames/train/DeepFakeDetection_14_13__talking_against_wall__KMQ3AW6A/frame_000057.jpg,/content/drive/MyDrive/AISC DeepFake Çalışmaları/Deney 1 Frame/Fake/train/fake_train_00065.jpg,fake_train_00065.jpg
Fake,train,/content/drive/MyDrive/AISC DeepFake Çalışmaları/FaceForensics_Projesi/fake_frames/train/NeuralTextures_201_203/frame_000016.jpg,/content/drive/MyDrive/AISC DeepFake Çalışmaları/Deney 1 Frame/Fake/train/fake_train_00066.jpg,fake_train_00066.jpg
Fake,train,/content/drive/MyDrive/AISC DeepFake Çalışmaları/FaceForensics_Projesi/fake_frames/train/DeepFakeDetection_28_08__kitchen_pan__GQN9WHLD/frame_000006.jpg,/content/drive/MyDrive/AISC DeepFake Çalışmaları/Deney 1 Frame/Fake/train/fake_train_00067.jpg,fake_train_00067.jpg
Fake,train,/content/drive/MyDrive/AISC DeepFake Çalışmaları/FaceForensics_Projesi/fake_frames/train/Face2Face_866_878/frame_000017.jpg,/content/drive/MyDrive/AISC DeepFake Çalışmaları/Deney 1 Frame/Fake/train/fake_train_00068.jpg,fake_train_00068.jpg
Fake,train,/content/drive/MyDrive/AISC DeepFake Çalışmaları/FaceForensics_Projesi/fake_frames/train/DeepFakeDetection_03_06__hugging_happy__2XWC5JED/frame_000032.jpg,/content/drive/MyDrive/AISC DeepFake Çalışmaları/Deney 1 Frame/Fake/train/fake_train_00069.jpg,fake_train_00069.jpg
Fake,train,/content/drive/MyDrive/AISC DeepFake Çalışmaları/FaceForensics_Projesi/fake_frames/train/DeepFakeDetection_23_24__talking_angry_couch__YR5OVD4S/frame_000065.jpg,/content/drive/MyDrive/AISC DeepFake Çalışmaları/Deney 1 Frame/Fake/train/fake_train_00070.jpg,fake_train_00070.jpg
Fake,train,/content/drive/MyDrive/AISC DeepFake Çalışmaları/FaceForensics_Projesi/fake_frames/train/NeuralTextures_809_799/frame_000019.jpg,/content/drive/MyDrive/AISC DeepFake Çalışmaları/Deney 1 Frame/Fake/train/fake_train_00071.jpg,fake_train_00071.jpg
Fake,train,/content/drive/MyDrive/AISC DeepFake Çalışmaları/FaceForensics_Projesi/fake_frames/train/DeepFakeDetection_02_06__walking_down_indoor_hall_disgust__U6MDWIHG/frame_000020.jpg,/content/drive/MyDrive/AISC DeepFake Çalışmaları/Deney 1 Frame/Fake/train/fake_train_00072.jpg,fake_train_00072.jpg
Fake,train,/content/drive/MyDrive/AISC DeepFake Çalışmaları/FaceForensics_Projesi/fake_frames/train/FaceShifter_506_478/frame_000024.jpg,/content/drive/MyDrive/AISC DeepFake Çalışmaları/Deney 1 Frame/Fake/train/fake_train_00073.jpg,fake_train_00073.jpg
Fake,train,/content/drive/MyDrive/AISC DeepFake Çalışmaları/FaceForensics_Projesi/fake_frames/train/Face2Face_298_279/frame_000015.jpg,/content/drive/MyDrive/AISC DeepFake Çalışmaları/Deney 1 Frame/Fake/train/fake_train_00074.jpg,fake_train_00074.jpg
Fake,train,/content/drive/MyDrive/AISC DeepFake Çalışmaları/FaceForensics_Projesi/fake_frames/train/FaceSwap_839_864/frame_000001.jpg,/content/drive/MyDrive/AISC DeepFake Çalışmaları/Deney 1 Frame/Fake/train/fake_train_00075.jpg,fake_train_00075.jpg
Fake,train,/content/drive/MyDrive/AISC DeepFake Çalışmaları/FaceForensics_Projesi/fake_frames/train/FaceShifter_946_049/frame_000007.jpg,/content/drive/MyDrive/AISC DeepFake Çalışmaları/Deney 1 Frame/Fake/train/fake_train_00076.jpg,fake_train_00076.jpg
Fake,train,/content/drive/MyDrive/AISC DeepFake Çalışmaları/FaceForensics_Projesi/fake_frames/train/Face2Face_070_057/frame_000011.jpg,/content/drive/MyDrive/AISC DeepFake Çalışmaları/Deney 1 Frame/Fake/train/fake_train_00077.jpg,fake_train_00077.jpg
Fake,train,/content/drive/MyDrive/AISC DeepFake Çalışmaları/FaceForensics_Projesi/fake_frames/train/Face2Face_071_054/frame_000008.jpg,/content/drive/MyDrive/AISC DeepFake Çalışmaları/Deney 1 Frame/Fake/train/fake_train_00078.jpg,fake_train_00078.jpg
Fake,train,/content/drive/MyDrive/AISC DeepFake Çalışmaları/FaceForensics_Projesi/fake_frames/train/FaceShifter_331_260/frame_000023.jpg,/content/drive/MyDrive/AISC DeepFake Çalışmaları/Deney 1 Frame/Fake/train/fake_train_00079.jpg,fake_train_00079.jpg
Fake,train,/content/drive/MyDrive/AISC DeepFake Çalışmaları/FaceForensics_Projesi/fake_frames/train/DeepFakeDetection_21_09__kitchen_pan__Z8H2TRCI/frame_000008.jpg,/content/drive/MyDrive/AISC DeepFake Çalışmaları/Deney 1 Frame/Fake/train/fake_train_00080.jpg,fake_train_00080.jpg
Fake,train,/content/drive/MyDrive/AISC DeepFake Çalışmaları/FaceForensics_Projesi/fake_frames/train/Deepfakes_374_407/frame_000011.jpg,/content/drive/MyDrive/AISC DeepFake Çalışmaları/Deney 1 Frame/Fake/train/fake_train_00081.jpg,fake_train_00081.jpg
Fake,train,/content/drive/MyDrive/AISC DeepFake Çalışmaları/FaceForensics_Projesi/fake_frames/train/FaceSwap_589_565/frame_000015.jpg,/content/drive/MyDrive/AISC DeepFake Çalışmaları/Deney 1 Frame/Fake/train/fake_train_00082.jpg,fake_train_00082.jpg
Fake,train,/content/drive/MyDrive/AISC DeepFake Çalışmaları/FaceForensics_Projesi/fake_frames/train/NeuralTextures_878_866/frame_000024.jpg,/content/drive/MyDrive/AISC DeepFake Çalışmaları/Deney 1 Frame/Fake/train/fake_train_00083.jpg,fake_train_00083.jpg
Fake,train,/content/drive/MyDrive/AISC DeepFake Çalışmaları/FaceForensics_Projesi/fake_frames/train/Face2Face_024_073/frame_000022.jpg,/content/drive/MyDrive/AISC DeepFake Çalışmaları/Deney 1 Frame/Fake/train/fake_train_00084.jpg,fake_train_00084.jpg
Fake,train,/content/drive/MyDrive/AISC DeepFake Çalışmaları/FaceForensics_Projesi/fake_frames/train/FaceSwap_496_417/frame_000008.jpg,/content/drive/MyDrive/AISC DeepFake Çalışmaları/Deney 1 Frame/Fake/train/fake_train_00085.jpg,fake_train_00085.jpg
Fake,train,/content/drive/MyDrive/AISC DeepFake Çalışmaları/FaceForensics_Projesi/fake_frames/train/Face2Face_887_275/frame_000015.jpg,/content/drive/MyDrive/AISC DeepFake Çalışmaları/Deney 1 Frame/Fake/train/fake_train_00086.jpg,fake_train_00086.jpg
Fake,train,/content/drive/MyDrive/AISC DeepFake Çalışmaları/FaceForensics_Projesi/fake_frames/train/Face2Face_111_094/frame_000013.jpg,/content/drive/MyDrive/AISC DeepFake Çalışmaları/Deney 1 Frame/Fake/train/fake_train_00087.jpg,fake_train_00087.jpg
Fake,train,/content/drive/MyDrive/AISC DeepFake Çalışmaları/FaceForensics_Projesi/fake_frames/train/Deepfakes_733_935/frame_000010.jpg,/content/drive/MyDrive/AISC DeepFake Çalışmaları/Deney 1 Frame/Fake/train/fake_train_00088.jpg,fake_train_00088.jpg
Fake,train,/content/drive/MyDrive/AISC DeepFake Çalışmaları/FaceForensics_Projesi/fake_frames/train/Deepfakes_519_515/frame_000042.jpg,/content/drive/MyDrive/AISC DeepFake Çalışmaları/Deney 1 Frame/Fake/train/fake_train_00089.jpg,fake_train_00089.jpg
Fake,train,/content/drive/MyDrive/AISC DeepFake Çalışmaları/FaceForensics_Projesi/fake_frames/train/Deepfakes_446_667/frame_000022.jpg,/content/drive/MyDrive/AISC DeepFake Çalışmaları/Deney 1 Frame/Fake/train/fake_train_00090.jpg,fake_train_00090.jpg
Fake,train,/content/drive/MyDrive/AISC DeepFake Çalışmaları/FaceForensics_Projesi/fake_frames/train/FaceShifter_670_661/frame_000016.jpg,/content/drive/MyDrive/AISC DeepFake Çalışmaları/Deney 1 Frame/Fake/train/fake_train_00091.jpg,fake_train_00091.jpg
Fake,train,/content/drive/MyDrive/AISC DeepFake Çalışmaları/FaceForensics_Projesi/fake_frames/train/Face2Face_257_420/frame_000032.jpg,/content/drive/MyDrive/AISC DeepFake Çalışmaları/Deney 1 Frame/Fake/train/fake_train_00092.jpg,fake_train_00092.jpg
Fake,train,/content/drive/MyDrive/AISC DeepFake Çalışmaları/FaceForensics_Projesi/fake_frames/train/FaceShifter_110_043/frame_000008.jpg,/content/drive/MyDrive/AISC DeepFake Çalışmaları/Deney 1 Frame/Fake/train/fake_train_00093.jpg,fake_train_00093.jpg
Fake,train,/content/drive/MyDrive/AISC DeepFake Çalışmaları/FaceForensics_Projesi/fake_frames/train/Face2Face_149_152/frame_000002.jpg,/content/drive/MyDrive/AISC DeepFake Çalışmaları/Deney 1 Frame/Fake/train/fake_train_00094.jpg,fake_train_00094.jpg
Fake,train,/content/drive/MyDrive/AISC DeepFake Çalışmaları/FaceForensics_Projesi/fake_frames/train/DeepFakeDetection_06_12__podium_speech_happy__3K21NFNM/frame_000004.jpg,/content/drive/MyDrive/AISC DeepFake Çalışmaları/Deney 1 Frame/Fake/train/fake_train_00095.jpg,fake_train_00095.jpg
Fake,train,/content/drive/MyDrive/AISC DeepFake Çalışmaları/FaceForensics_Projesi/fake_frames/train/DeepFakeDetection_20_26__talking_angry_couch__34DJQS3E/frame_000079.jpg,/content/drive/MyDrive/AISC DeepFake Çalışmaları/Deney 1 Frame/Fake/train/fake_train_00096.jpg,fake_train_00096.jpg
Fake,train,/content/drive/MyDrive/AISC DeepFake Çalışmaları/FaceForensics_Projesi/fake_frames/train/FaceSwap_832_762/frame_000001.jpg,/content/drive/MyDrive/AISC DeepFake Çalışmaları/Deney 1 Frame/Fake/train/fake_train_00097.jpg,fake_train_00097.jpg
Fake,train,/content/drive/MyDrive/AISC DeepFake Çalışmaları/FaceForensics_Projesi/fake_frames/train/FaceShifter_531_549/frame_000006.jpg,/content/drive/MyDrive/AISC DeepFake Çalışmaları/Deney 1 Frame/Fake/train/fake_train_00098.jpg,fake_train_00098.jpg
Fake,train,/content/drive/MyDrive/AISC DeepFake Çalışmaları/FaceForensics_Projesi/fake_frames/train/FaceSwap_248_232/frame_000008.jpg,/content/drive/MyDrive/AISC DeepFake Çalışmaları/Deney 1 Frame/Fake/train/fake_train_00099.jpg,fake_train_00099.jpg
Fake,train,/content/drive/MyDrive/AISC DeepFake Çalışmaları/FaceForensics_Projesi/fake_frames/train/Face2Face_180_105/frame_000004.jpg,/content/drive/MyDrive/AISC DeepFake Çalışmaları/Deney 1 Frame/Fake/train/fake_train_00100.jpg,fake_train_00100.jpg
Fake,train,/content/drive/MyDrive/AISC DeepFake Çalışmaları/FaceForensics_Projesi/fake_frames/train/Face2Face_539_499/frame_000004.jpg,/content/drive/MyDrive/AISC DeepFake Çalışmaları/Deney 1 Frame/Fake/train/fake_train_00101.jpg,fake_train_00101.jpg
Fake,train,/content/drive/MyDrive/AISC DeepFake Çalışmaları/FaceForensics_Projesi/fake_frames/train/Face2Face_907_795/frame_000020.jpg,/content/drive/MyDrive/AISC DeepFake Çalışmaları/Deney 1 Frame/Fake/train/fake_train_00102.jpg,fake_train_00102.jpg
Fake,train,/content/drive/MyDrive/AISC DeepFake Çalışmaları/FaceForensics_Projesi/fake_frames/train/NeuralTextures_056_996/frame_000012.jpg,/content/drive/MyDrive/AISC DeepFake Çalışmaları/Deney 1 Frame/Fake/train/fake_train_00103.jpg,fake_train_00103.jpg
Fake,train,/content/drive/MyDrive/AISC DeepFake Çalışmaları/FaceForensics_Projesi/fake_frames/train/Deepfakes_763_930/frame_000027.jpg,/content/drive/MyDrive/AISC DeepFake Çalışmaları/Deney 1 Frame/Fake/train/fake_train_00104.jpg,fake_train_00104.jpg
Fake,train,/content/drive/MyDrive/AISC DeepFake Çalışmaları/FaceForensics_Projesi/fake_frames/train/Face2Face_869_780/frame_000006.jpg,/content/drive/MyDrive/AISC DeepFake Çalışmaları/Deney 1 Frame/Fake/train/fake_train_00105.jpg,fake_train_00105.jpg
Fake,train,/content/drive/MyDrive/AISC DeepFake Çalışmaları/FaceForensics_Projesi/fake_frames/train/NeuralTextures_380_358/frame_000002.jpg,/content/drive/MyDrive/AISC DeepFake Çalışmaları/Deney 1 Frame/Fake/train/fake_train_00106.jpg,fake_train_00106.jpg
Fake,train,/content/drive/MyDrive/AISC DeepFake Çalışmaları/FaceForensics_Projesi/fake_frames/train/Face2Face_512_495/frame_000008.jpg,/content/drive/MyDrive/AISC DeepFake Çalışmaları/Deney 1 Frame/Fake/train/fake_train_00107.jpg,fake_train_00107.jpg
Fake,train,/content/drive/MyDrive/AISC DeepFake Çalışmaları/FaceForensics_Projesi/fake_frames/train/DeepFakeDetection_03_26__kitchen_still__WBSXBL82/frame_000003.jpg,/content/drive/MyDrive/AISC DeepFake Çalışmaları/Deney 1 Frame/Fake/train/fake_train_00108.jpg,fake_train_00108.jpg
Fake,train,/content/drive/MyDrive/AISC DeepFake Çalışmaları/FaceForensics_Projesi/fake_frames/train/FaceSwap_438_434/frame_000011.jpg,/content/drive/MyDrive/AISC DeepFake Çalışmaları/Deney 1 Frame/Fake/train/fake_train_00109.jpg,fake_train_00109.jpg
Fake,train,/content/drive/MyDrive/AISC DeepFake Çalışmaları/FaceForensics_Projesi/fake_frames/train/FaceSwap_966_988/frame_000005.jpg,/content/drive/MyDrive/AISC DeepFake Çalışmaları/Deney 1 Frame/Fake/train/fake_train_00110.jpg,fake_train_00110.jpg
Fake,train,/content/drive/MyDrive/AISC DeepFake Çalışmaları/FaceForensics_Projesi/fake_frames/train/FaceShifter_168_222/frame_000021.jpg,/content/drive/MyDrive/AISC DeepFake Çalışmaları/Deney 1 Frame/Fake/train/fake_train_00111.jpg,fake_train_00111.jpg
Fake,train,/content/drive/MyDrive/AISC DeepFake Çalışmaları/FaceForensics_Projesi/fake_frames/train/FaceShifter_089_065/frame_000006.jpg,/content/drive/MyDrive/AISC DeepFake Çalışmaları/Deney 1 Frame/Fake/train/fake_train_00112.jpg,fake_train_00112.jpg
Fake,train,/content/drive/MyDrive/AISC DeepFake Çalışmaları/FaceForensics_Projesi/fake_frames/train/Deepfakes_103_082/frame_000010.jpg,/content/drive/MyDrive/AISC DeepFake Çalışmaları/Deney 1 Frame/Fake/train/fake_train_00113.jpg,fake_train_00113.jpg
Fake,train,/content/drive/MyDrive/AISC DeepFake Çalışmaları/FaceForensics_Projesi/fake_frames/train/Face2Face_422_695/frame_000011.jpg,/content/drive/MyDrive/AISC DeepFake Çalışmaları/Deney 1 Frame/Fake/train/fake_train_00114.jpg,fake_train_00114.jpg
Fake,train,/content/drive/MyDrive/AISC DeepFake Çalışmaları/FaceForensics_Projesi/fake_frames/train/Face2Face_413_372/frame_000024.jpg,/content/drive/MyDrive/AISC DeepFake Çalışmaları/Deney 1 Frame/Fake/train/fake_train_00115.jpg,fake_train_00115.jpg
Fake,train,/content/drive/MyDrive/AISC DeepFake Çalışmaları/FaceForensics_Projesi/fake_frames/train/DeepFakeDetection_13_20__kitchen_still__LXLR1B6N/frame_000043.jpg,/content/drive/MyDrive/AISC DeepFake Çalışmaları/Deney 1 Frame/Fake/train/fake_train_00116.jpg,fake_train_00116.jpg
Fake,train,/content/drive/MyDrive/AISC DeepFake Çalışmaları/FaceForensics_Projesi/fake_frames/train/Face2Face_841_639/frame_000018.jpg,/content/drive/MyDrive/AISC DeepFake Çalışmaları/Deney 1 Frame/Fake/train/fake_train_00117.jpg,fake_train_00117.jpg
Fake,train,/content/drive/MyDrive/AISC DeepFake Çalışmaları/FaceForensics_Projesi/fake_frames/train/NeuralTextures_872_873/frame_000001.jpg,/content/drive/MyDrive/AISC DeepFake Çalışmaları/Deney 1 Frame/Fake/train/fake_train_00118.jpg,fake_train_00118.jpg
Fake,train,/content/drive/MyDrive/AISC DeepFake Çalışmaları/FaceForensics_Projesi/fake_frames/train/DeepFakeDetection_27_18__outside_talking_pan_laughing__NYHE8D0J/frame_000033.jpg,/content/drive/MyDrive/AISC DeepFake Çalışmaları/Deney 1 Frame/Fake/train/fake_train_00119.jpg,fake_train_00119.jpg
Fake,train,/content/drive/MyDrive/AISC DeepFake Çalışmaları/FaceForensics_Projesi/fake_frames/train/Deepfakes_411_410/frame_000018.jpg,/content/drive/MyDrive/AISC DeepFake Çalışmaları/Deney 1 Frame/Fake/train/fake_train_00120.jpg,fake_train_00120.jpg
Fake,train,/content/drive/MyDrive/AISC DeepFake Çalışmaları/FaceForensics_Projesi/fake_frames/train/FaceSwap_494_445/frame_000003.jpg,/content/drive/MyDrive/AISC DeepFake Çalışmaları/Deney 1 Frame/Fake/train/fake_train_00121.jpg,fake_train_00121.jpg
Fake,train,/content/drive/MyDrive/AISC DeepFake Çalışmaları/FaceForensics_Projesi/fake_frames/train/NeuralTextures_589_565/frame_000013.jpg,/content/drive/MyDrive/AISC DeepFake Çalışmaları/Deney 1 Frame/Fake/train/fake_train_00122.jpg,fake_train_00122.jpg
Fake,train,/content/drive/MyDrive/AISC DeepFake Çalışmaları/FaceForensics_Projesi/fake_frames/train/FaceSwap_393_405/frame_000020.jpg,/content/drive/MyDrive/AISC DeepFake Çalışmaları/Deney 1 Frame/Fake/train/fake_train_00123.jpg,fake_train_00123.jpg
Fake,train,/content/drive/MyDrive/AISC DeepFake Çalışmaları/FaceForensics_Projesi/fake_frames/train/FaceSwap_476_400/frame_000011.jpg,/content/drive/MyDrive/AISC DeepFake Çalışmaları/Deney 1 Frame/Fake/train/fake_train_00124.jpg,fake_train_00124.jpg
Fake,train,/content/drive/MyDrive/AISC DeepFake Çalışmaları/FaceForensics_Projesi/fake_frames/train/DeepFakeDetection_27_02__talking_angry_couch__FV8M8O2C/frame_000015.jpg,/content/drive/MyDrive/AISC DeepFake Çalışmaları/Deney 1 Frame/Fake/train/fake_train_00125.jpg,fake_train_00125.jpg
Fake,train,/content/drive/MyDrive/AISC DeepFake Çalışmaları/FaceForensics_Projesi/fake_frames/train/Deepfakes_373_394/frame_000003.jpg,/content/drive/MyDrive/AISC DeepFake Çalışmaları/Deney 1 Frame/Fake/train/fake_train_00126.jpg,fake_train_00126.jpg
Fake,train,/content/drive/MyDrive/AISC DeepFake Çalışmaları/FaceForensics_Projesi/fake_frames/train/FaceSwap_588_556/frame_000020.jpg,/content/drive/MyDrive/AISC DeepFake Çalışmaları/Deney 1 Frame/Fake/train/fake_train_00127.jpg,fake_train_00127.jpg
Fake,train,/content/drive/MyDrive/AISC DeepFake Çalışmaları/FaceForensics_Projesi/fake_frames/train/Face2Face_126_104/frame_000014.jpg,/content/drive/MyDrive/AISC DeepFake Çalışmaları/Deney 1 Frame/Fake/train/fake_train_00128.jpg,fake_train_00128.jpg
Fake,train,/content/drive/MyDrive/AISC DeepFake Çalışmaları/FaceForensics_Projesi/fake_frames/train/FaceSwap_003_000/frame_000002.jpg,/content/drive/MyDrive/AISC DeepFake Çalışmaları/Deney 1 Frame/Fake/train/fake_train_00129.jpg,fake_train_00129.jpg
Fake,train,/content/drive/MyDrive/AISC DeepFake Çalışmaları/FaceForensics_Projesi/fake_frames/train/NeuralTextures_848_894/frame_000007.jpg,/content/drive/MyDrive/AISC DeepFake Çalışmaları/Deney 1 Frame/Fake/train/fake_train_00130.jpg,fake_train_00130.jpg
Fake,train,/content/drive/MyDrive/AISC DeepFake Çalışmaları/FaceForensics_Projesi/fake_frames/train/Deepfakes_883_013/frame_000005.jpg,/content/drive/MyDrive/AISC DeepFake Çalışmaları/Deney 1 Frame/Fake/train/fake_train_00131.jpg,fake_train_00131.jpg
Fake,train,/content/drive/MyDrive/AISC DeepFake Çalışmaları/FaceForensics_Projesi/fake_frames/train/FaceShifter_041_063/frame_000014.jpg,/content/drive/MyDrive/AISC DeepFake Çalışmaları/Deney 1 Frame/Fake/train/fake_train_00132.jpg,fake_train_00132.jpg
Fake,train,/content/drive/MyDrive/AISC DeepFake Çalışmaları/FaceForensics_Projesi/fake_frames/train/FaceSwap_536_540/frame_000004.jpg,/content/drive/MyDrive/AISC DeepFake Çalışmaları/Deney 1 Frame/Fake/train/fake_train_00133.jpg,fake_train_00133.jpg
Fake,train,/content/drive/MyDrive/AISC DeepFake Çalışmaları/FaceForensics_Projesi/fake_frames/train/FaceShifter_267_286/frame_000007.jpg,/content/drive/MyDrive/AISC DeepFake Çalışmaları/Deney 1 Frame/Fake/train/fake_train_00134.jpg,fake_train_00134.jpg
Fake,train,/content/drive/MyDrive/AISC DeepFake Çalışmaları/FaceForensics_Projesi/fake_frames/train/FaceSwap_283_313/frame_000004.jpg,/content/drive/MyDrive/AISC DeepFake Çalışmaları/Deney 1 Frame/Fake/train/fake_train_00135.jpg,fake_train_00135.jpg
Fake,train,/content/drive/MyDrive/AISC DeepFake Çalışmaları/FaceForensics_Projesi/fake_frames/train/Deepfakes_129_127/frame_000012.jpg,/content/drive/MyDrive/AISC DeepFake Çalışmaları/Deney 1 Frame/Fake/train/fake_train_00136.jpg,fake_train_00136.jpg
Fake,train,/content/drive/MyDrive/AISC DeepFake Çalışmaları/FaceForensics_Projesi/fake_frames/train/DeepFakeDetection_11_01__talking_against_wall__4OJNJLOO/frame_000051.jpg,/content/drive/MyDrive/AISC DeepFake Çalışmaları/Deney 1 Frame/Fake/train/fake_train_00137.jpg,fake_train_00137.jpg
Fake,train,/content/drive/MyDrive/AISC DeepFake Çalışmaları/FaceForensics_Projesi/fake_frames/train/Face2Face_169_227/frame_000018.jpg,/content/drive/MyDrive/AISC DeepFake Çalışmaları/Deney 1 Frame/Fake/train/fake_train_00138.jpg,fake_train_00138.jpg
Fake,train,/content/drive/MyDrive/AISC DeepFake Çalışmaları/FaceForensics_Projesi/fake_frames/train/FaceShifter_665_679/frame_000008.jpg,/content/drive/MyDrive/AISC DeepFake Çalışmaları/Deney 1 Frame/Fake/train/fake_train_00139.jpg,fake_train_00139.jpg
Fake,train,/content/drive/MyDrive/AISC DeepFake Çalışmaları/FaceForensics_Projesi/fake_frames/train/NeuralTextures_475_265/frame_000000.jpg,/content/drive/MyDrive/AISC DeepFake Çalışmaları/Deney 1 Frame/Fake/train/fake_train_00140.jpg,fake_train_00140.jpg
Fake,train,/content/drive/MyDrive/AISC DeepFake Çalışmaları/FaceForensics_Projesi/fake_frames/train/NeuralTextures_960_999/frame_000011.jpg,/content/drive/MyDrive/AISC DeepFake Çalışmaları/Deney 1 Frame/Fake/train/fake_train_00141.jpg,fake_train_00141.jpg
Fake,train,/content/drive/MyDrive/AISC DeepFake Çalışmaları/FaceForensics_Projesi/fake_frames/train/NeuralTextures_408_424/frame_000008.jpg,/content/drive/MyDrive/AISC DeepFake Çalışmaları/Deney 1 Frame/Fake/train/fake_train_00142.jpg,fake_train_00142.jpg
Fake,train,/content/drive/MyDrive/AISC DeepFake Çalışmaları/FaceForensics_Projesi/fake_frames/train/Deepfakes_735_774/frame_000010.jpg,/content/drive/MyDrive/AISC DeepFake Çalışmaları/Deney 1 Frame/Fake/train/fake_train_00143.jpg,fake_train_00143.jpg
Fake,train,/content/drive/MyDrive/AISC DeepFake Çalışmaları/FaceForensics_Projesi/fake_frames/train/Face2Face_436_526/frame_000004.jpg,/content/drive/MyDrive/AISC DeepFake Çalışmaları/Deney 1 Frame/Fake/train/fake_train_00144.jpg,fake_train_00144.jpg
Fake,train,/content/drive/MyDrive/AISC DeepFake Çalışmaları/FaceForensics_Projesi/fake_frames/train/FaceSwap_753_789/frame_000007.jpg,/content/drive/MyDrive/AISC DeepFake Çalışmaları/Deney 1 Frame/Fake/train/fake_train_00145.jpg,fake_train_00145.jpg
Fake,train,/content/drive/MyDrive/AISC DeepFake Çalışmaları/FaceForensics_Projesi/fake_frames/train/Face2Face_673_728/frame_000027.jpg,/content/drive/MyDrive/AISC DeepFake Çalışmaları/Deney 1 Frame/Fake/train/fake_train_00146.jpg,fake_train_00146.jpg
Fake,train,/content/drive/MyDrive/AISC DeepFake Çalışmaları/FaceForensics_Projesi/fake_frames/train/NeuralTextures_688_645/frame_000005.jpg,/content/drive/MyDrive/AISC DeepFake Çalışmaları/Deney 1 Frame/Fake/train/fake_train_00147.jpg,fake_train_00147.jpg
Fake,train,/content/drive/MyDrive/AISC DeepFake Çalışmaları/FaceForensics_Projesi/fake_frames/train/Deepfakes_611_760/frame_000024.jpg,/content/drive/MyDrive/AISC DeepFake Çalışmaları/Deney 1 Frame/Fake/train/fake_train_00148.jpg,fake_train_00148.jpg
Fake,train,/content/drive/MyDrive/AISC DeepFake Çalışmaları/FaceForensics_Projesi/fake_frames/train/NeuralTextures_078_955/frame_000010.jpg,/content/drive/MyDrive/AISC DeepFake Çalışmaları/Deney 1 Frame/Fake/train/fake_train_00149.jpg,fake_train_00149.jpg
Fake,train,/content/drive/MyDrive/AISC DeepFake Çalışmaları/FaceForensics_Projesi/fake_frames/train/Deepfakes_214_255/frame_000000.jpg,/content/drive/MyDrive/AISC DeepFake Çalışmaları/Deney 1 Frame/Fake/train/fake_train_00150.jpg,fake_train_00150.jpg
Fake,train,/content/drive/MyDrive/AISC DeepFake Çalışmaları/FaceForensics_Projesi/fake_frames/train/FaceShifter_378_368/frame_000026.jpg,/content/drive/MyDrive/AISC DeepFake Çalışmaları/Deney 1 Frame/Fake/train/fake_train_00151.jpg,fake_train_00151.jpg
Fake,train,/content/drive/MyDrive/AISC DeepFake Çalışmaları/FaceForensics_Projesi/fake_frames/train/FaceSwap_335_277/frame_000003.jpg,/content/drive/MyDrive/AISC DeepFake Çalışmaları/Deney 1 Frame/Fake/train/fake_train_00152.jpg,fake_train_00152.jpg
Fake,train,/content/drive/MyDrive/AISC DeepFake Çalışmaları/FaceForensics_Projesi/fake_frames/train/DeepFakeDetection_26_09__talking_against_wall__C3K20JOL/frame_000019.jpg,/content/drive/MyDrive/AISC DeepFake Çalışmaları/Deney 1 Frame/Fake/train/fake_train_00153.jpg,fake_train_00153.jpg
Fake,train,/content/drive/MyDrive/AISC DeepFake Çalışmaları/FaceForensics_Projesi/fake_frames/train/DeepFakeDetection_23_22__walking_and_outside_surprised__J671JKCH/frame_000039.jpg,/content/drive/MyDrive/AISC DeepFake Çalışmaları/Deney 1 Frame/Fake/train/fake_train_00154.jpg,fake_train_00154.jpg
Fake,train,/content/drive/MyDrive/AISC DeepFake Çalışmaları/FaceForensics_Projesi/fake_frames/train/FaceSwap_285_136/frame_000014.jpg,/content/drive/MyDrive/AISC DeepFake Çalışmaları/Deney 1 Frame/Fake/train/fake_train_00155.jpg,fake_train_00155.jpg
Fake,train,/content/drive/MyDrive/AISC DeepFake Çalışmaları/FaceForensics_Projesi/fake_frames/train/DeepFakeDetection_06_11__walking_and_outside_surprised__C8C4FW99/frame_000023.jpg,/content/drive/MyDrive/AISC DeepFake Çalışmaları/Deney 1 Frame/Fake/train/fake_train_00156.jpg,fake_train_00156.jpg
Fake,train,/content/drive/MyDrive/AISC DeepFake Çalışmaları/FaceForensics_Projesi/fake_frames/train/DeepFakeDetection_15_07__kitchen_still__9Z2MLKVX/frame_000046.jpg,/content/drive/MyDrive/AISC DeepFake Çalışmaları/Deney 1 Frame/Fake/train/fake_train_00157.jpg,fake_train_00157.jpg
Fake,train,/content/drive/MyDrive/AISC DeepFake Çalışmaları/FaceForensics_Projesi/fake_frames/train/DeepFakeDetection_14_18__hugging_happy__0YRBHIKG/frame_000000.jpg,/content/drive/MyDrive/AISC DeepFake Çalışmaları/Deney 1 Frame/Fake/train/fake_train_00158.jpg,fake_train_00158.jpg
Fake,train,/content/drive/MyDrive/AISC DeepFake Çalışmaları/FaceForensics_Projesi/fake_frames/train/FaceSwap_943_942/frame_000016.jpg,/content/drive/MyDrive/AISC DeepFake Çalışmaları/Deney 1 Frame/Fake/train/fake_train_00159.jpg,fake_train_00159.jpg
Fake,train,/content/drive/MyDrive/AISC DeepFake Çalışmaları/FaceForensics_Projesi/fake_frames/train/FaceShifter_462_467/frame_000004.jpg,/content/drive/MyDrive/AISC DeepFake Çalışmaları/Deney 1 Frame/Fake/train/fake_train_00160.jpg,fake_train_00160.jpg
Fake,train,/content/drive/MyDrive/AISC DeepFake Çalışmaları/FaceForensics_Projesi/fake_frames/train/Face2Face_380_358/frame_000023.jpg,/content/drive/MyDrive/AISC DeepFake Çalışmaları/Deney 1 Frame/Fake/train/fake_train_00161.jpg,fake_train_00161.jpg
Fake,train,/content/drive/MyDrive/AISC DeepFake Çalışmaları/FaceForensics_Projesi/fake_frames/train/Deepfakes_874_291/frame_000010.jpg,/content/drive/MyDrive/AISC DeepFake Çalışmaları/Deney 1 Frame/Fake/train/fake_train_00162.jpg,fake_train_00162.jpg
Fake,train,/content/drive/MyDrive/AISC DeepFake Çalışmaları/FaceForensics_Projesi/fake_frames/train/Deepfakes_035_036/frame_000010.jpg,/content/drive/MyDrive/AISC DeepFake Çalışmaları/Deney 1 Frame/Fake/train/fake_train_00163.jpg,fake_train_00163.jpg
Fake,train,/content/drive/MyDrive/AISC DeepFake Çalışmaları/FaceForensics_Projesi/fake_frames/train/FaceSwap_417_496/frame_000010.jpg,/content/drive/MyDrive/AISC DeepFake Çalışmaları/Deney 1 Frame/Fake/train/fake_train_00164.jpg,fake_train_00164.jpg
Fake,train,/content/drive/MyDrive/AISC DeepFake Çalışmaları/FaceForensics_Projesi/fake_frames/train/Face2Face_699_734/frame_000037.jpg,/content/drive/MyDrive/AISC DeepFake Çalışmaları/Deney 1 Frame/Fake/train/fake_train_00165.jpg,fake_train_00165.jpg
Fake,train,/content/drive/MyDrive/AISC DeepFake Çalışmaları/FaceForensics_Projesi/fake_frames/train/Face2Face_683_607/frame_000007.jpg,/content/drive/MyDrive/AISC DeepFake Çalışmaları/Deney 1 Frame/Fake/train/fake_train_00166.jpg,fake_train_00166.jpg
Fake,train,/content/drive/MyDrive/AISC DeepFake Çalışmaları/FaceForensics_Projesi/fake_frames/train/DeepFakeDetection_14_01__talking_angry_couch__0S0NS5C6/frame_000046.jpg,/content/drive/MyDrive/AISC DeepFake Çalışmaları/Deney 1 Frame/Fake/train/fake_train_00167.jpg,fake_train_00167.jpg
Fake,train,/content/drive/MyDrive/AISC DeepFake Çalışmaları/FaceForensics_Projesi/fake_frames/train/NeuralTextures_356_324/frame_000024.jpg,/content/drive/MyDrive/AISC DeepFake Çalışmaları/Deney 1 Frame/Fake/train/fake_train_00168.jpg,fake_train_00168.jpg
Fake,train,/content/drive/MyDrive/AISC DeepFake Çalışmaları/FaceForensics_Projesi/fake_frames/train/NeuralTextures_645_688/frame_000012.jpg,/content/drive/MyDrive/AISC DeepFake Çalışmaları/Deney 1 Frame/Fake/train/fake_train_00169.jpg,fake_train_00169.jpg
Fake,train,/content/drive/MyDrive/AISC DeepFake Çalışmaları/FaceForensics_Projesi/fake_frames/train/Deepfakes_134_192/frame_000008.jpg,/content/drive/MyDrive/AISC DeepFake Çalışmaları/Deney 1 Frame/Fake/train/fake_train_00170.jpg,fake_train_00170.jpg
Fake,train,/content/drive/MyDrive/AISC DeepFake Çalışmaları/FaceForensics_Projesi/fake_frames/train/FaceShifter_882_952/frame_000013.jpg,/content/drive/MyDrive/AISC DeepFake Çalışmaları/Deney 1 Frame/Fake/train/fake_train_00171.jpg,fake_train_00171.jpg
Fake,train,/content/drive/MyDrive/AISC DeepFake Çalışmaları/FaceForensics_Projesi/fake_frames/train/FaceSwap_450_533/frame_000024.jpg,/content/drive/MyDrive/AISC DeepFake Çalışmaları/Deney 1 Frame/Fake/train/fake_train_00172.jpg,fake_train_00172.jpg
Fake,train,/content/drive/MyDrive/AISC DeepFake Çalışmaları/FaceForensics_Projesi/fake_frames/train/Deepfakes_404_429/frame_000035.jpg,/content/drive/MyDrive/AISC DeepFake Çalışmaları/Deney 1 Frame/Fake/train/fake_train_00173.jpg,fake_train_00173.jpg
Fake,train,/content/drive/MyDrive/AISC DeepFake Çalışmaları/FaceForensics_Projesi/fake_frames/train/Face2Face_669_682/frame_000015.jpg,/content/drive/MyDrive/AISC DeepFake Çalışmaları/Deney 1 Frame/Fake/train/fake_train_00174.jpg,fake_train_00174.jpg
Fake,train,/content/drive/MyDrive/AISC DeepFake Çalışmaları/FaceForensics_Projesi/fake_frames/train/NeuralTextures_250_461/frame_000016.jpg,/content/drive/MyDrive/AISC DeepFake Çalışmaları/Deney 1 Frame/Fake/train/fake_train_00175.jpg,fake_train_00175.jpg
Fake,train,/content/drive/MyDrive/AISC DeepFake Çalışmaları/FaceForensics_Projesi/fake_frames/train/FaceSwap_087_081/frame_000003.jpg,/content/drive/MyDrive/AISC DeepFake Çalışmaları/Deney 1 Frame/Fake/train/fake_train_00176.jpg,fake_train_00176.jpg
Fake,train,/content/drive/MyDrive/AISC DeepFake Çalışmaları/FaceForensics_Projesi/fake_frames/train/Face2Face_399_488/frame_000022.jpg,/content/drive/MyDrive/AISC DeepFake Çalışmaları/Deney 1 Frame/Fake/train/fake_train_00177.jpg,fake_train_00177.jpg
Fake,train,/content/drive/MyDrive/AISC DeepFake Çalışmaları/FaceForensics_Projesi/fake_frames/train/DeepFakeDetection_08_17__kitchen_still__ZCEYWYTC/frame_000049.jpg,/content/drive/MyDrive/AISC DeepFake Çalışmaları/Deney 1 Frame/Fake/train/fake_train_00178.jpg,fake_train_00178.jpg
Fake,train,/content/drive/MyDrive/AISC DeepFake Çalışmaları/FaceForensics_Projesi/fake_frames/train/NeuralTextures_329_327/frame_000008.jpg,/content/drive/MyDrive/AISC DeepFake Çalışmaları/Deney 1 Frame/Fake/train/fake_train_00179.jpg,fake_train_00179.jpg
Fake,train,/content/drive/MyDrive/AISC DeepFake Çalışmaları/FaceForensics_Projesi/fake_frames/train/Face2Face_231_663/frame_000013.jpg,/content/drive/MyDrive/AISC DeepFake Çalışmaları/Deney 1 Frame/Fake/train/fake_train_00180.jpg,fake_train_00180.jpg
Fake,train,/content/drive/MyDrive/AISC DeepFake Çalışmaları/FaceForensics_Projesi/fake_frames/train/NeuralTextures_438_434/frame_000014.jpg,/content/drive/MyDrive/AISC DeepFake Çalışmaları/Deney 1 Frame/Fake/train/fake_train_00181.jpg,fake_train_00181.jpg
Fake,train,/content/drive/MyDrive/AISC DeepFake Çalışmaları/FaceForensics_Projesi/fake_frames/train/NeuralTextures_289_228/frame_000017.jpg,/content/drive/MyDrive/AISC DeepFake Çalışmaları/Deney 1 Frame/Fake/train/fake_train_00182.jpg,fake_train_00182.jpg
Fake,train,/content/drive/MyDrive/AISC DeepFake Çalışmaları/FaceForensics_Projesi/fake_frames/train/Deepfakes_608_675/frame_000060.jpg,/content/drive/MyDrive/AISC DeepFake Çalışmaları/Deney 1 Frame/Fake/train/fake_train_00183.jpg,fake_train_00183.jpg
Fake,train,/content/drive/MyDrive/AISC DeepFake Çalışmaları/FaceForensics_Projesi/fake_frames/train/NeuralTextures_727_729/frame_000021.jpg,/content/drive/MyDrive/AISC DeepFake Çalışmaları/Deney 1 Frame/Fake/train/fake_train_00184.jpg,fake_train_00184.jpg
Fake,train,/content/drive/MyDrive/AISC DeepFake Çalışmaları/FaceForensics_Projesi/fake_frames/train/FaceSwap_913_893/frame_000012.jpg,/content/drive/MyDrive/AISC DeepFake Çalışmaları/Deney 1 Frame/Fake/train/fake_train_00185.jpg,fake_train_00185.jpg
Fake,train,/content/drive/MyDrive/AISC DeepFake Çalışmaları/FaceForensics_Projesi/fake_frames/train/Deepfakes_512_495/frame_000026.jpg,/content/drive/MyDrive/AISC DeepFake Çalışmaları/Deney 1 Frame/Fake/train/fake_train_00186.jpg,fake_train_00186.jpg
Fake,train,/content/drive/MyDrive/AISC DeepFake Çalışmaları/FaceForensics_Projesi/fake_frames/train/NeuralTextures_518_131/frame_000018.jpg,/content/drive/MyDrive/AISC DeepFake Çalışmaları/Deney 1 Frame/Fake/train/fake_train_00187.jpg,fake_train_00187.jpg
Fake,train,/content/drive/MyDrive/AISC DeepFake Çalışmaları/FaceForensics_Projesi/fake_frames/train/DeepFakeDetection_14_02__exit_phone_room__3IUBEKCT/frame_000014.jpg,/content/drive/MyDrive/AISC DeepFake Çalışmaları/Deney 1 Frame/Fake/train/fake_train_00188.jpg,fake_train_00188.jpg
Fake,train,/content/drive/MyDrive/AISC DeepFake Çalışmaları/FaceForensics_Projesi/fake_frames/train/FaceSwap_390_709/frame_000001.jpg,/content/drive/MyDrive/AISC DeepFake Çalışmaları/Deney 1 Frame/Fake/train/fake_train_00189.jpg,fake_train_00189.jpg
Fake,train,/content/drive/MyDrive/AISC DeepFake Çalışmaları/FaceForensics_Projesi/fake_frames/train/DeepFakeDetection_20_03__talking_angry_couch__61SVZ2J7/frame_000056.jpg,/content/drive/MyDrive/AISC DeepFake Çalışmaları/Deney 1 Frame/Fake/train/fake_train_00190.jpg,fake_train_00190.jpg
Fake,train,/content/drive/MyDrive/AISC DeepFake Çalışmaları/FaceForensics_Projesi/fake_frames/train/FaceShifter_384_932/frame_000022.jpg,/content/drive/MyDrive/AISC DeepFake Çalışmaları/Deney 1 Frame/Fake/train/fake_train_00191.jpg,fake_train_00191.jpg
Fake,train,/content/drive/MyDrive/AISC DeepFake Çalışmaları/FaceForensics_Projesi/fake_frames/train/FaceSwap_827_817/frame_000012.jpg,/content/drive/MyDrive/AISC DeepFake Çalışmaları/Deney 1 Frame/Fake/train/fake_train_00192.jpg,fake_train_00192.jpg
Fake,train,/content/drive/MyDrive/AISC DeepFake Çalışmaları/FaceForensics_Projesi/fake_frames/train/Deepfakes_373_394/frame_000013.jpg,/content/drive/MyDrive/AISC DeepFake Çalışmaları/Deney 1 Frame/Fake/train/fake_train_00193.jpg,fake_train_00193.jpg
Fake,train,/content/drive/MyDrive/AISC DeepFake Çalışmaları/FaceForensics_Projesi/fake_frames/train/Face2Face_903_792/frame_000008.jpg,/content/drive/MyDrive/AISC DeepFake Çalışmaları/Deney 1 Frame/Fake/train/fake_train_00194.jpg,fake_train_00194.jpg
Fake,train,/content/drive/MyDrive/AISC DeepFake Çalışmaları/FaceForensics_Projesi/fake_frames/train/Deepfakes_211_177/frame_000009.jpg,/content/drive/MyDrive/AISC DeepFake Çalışmaları/Deney 1 Frame/Fake/train/fake_train_00195.jpg,fake_train_00195.jpg
Fake,train,/content/drive/MyDrive/AISC DeepFake Çalışmaları/FaceForensics_Projesi/fake_frames/train/Face2Face_742_775/frame_000019.jpg,/content/drive/MyDrive/AISC DeepFake Çalışmaları/Deney 1 Frame/Fake/train/fake_train_00196.jpg,fake_train_00196.jpg
Fake,train,/content/drive/MyDrive/AISC DeepFake Çalışmaları/FaceForensics_Projesi/fake_frames/train/FaceShifter_898_922/frame_000010.jpg,/content/drive/MyDrive/AISC DeepFake Çalışmaları/Deney 1 Frame/Fake/train/fake_train_00197.jpg,fake_train_00197.jpg
Fake,train,/content/drive/MyDrive/AISC DeepFake Çalışmaları/FaceForensics_Projesi/fake_frames/train/NeuralTextures_764_850/frame_000004.jpg,/content/drive/MyDrive/AISC DeepFake Çalışmaları/Deney 1 Frame/Fake/train/fake_train_00198.jpg,fake_train_00198.jpg
Fake,train,/content/drive/MyDrive/AISC DeepFake Çalışmaları/FaceForensics_Projesi/fake_frames/train/Face2Face_259_345/frame_000008.jpg,/content/drive/MyDrive/AISC DeepFake Çalışmaları/Deney 1 Frame/Fake/train/fake_train_00199.jpg,fake_train_00199.jpg
Fake,train,/content/drive/MyDrive/AISC DeepFake Çalışmaları/FaceForensics_Projesi/fake_frames/train/FaceShifter_323_302/frame_000015.jpg,/content/drive/MyDrive/AISC DeepFake Çalışmaları/Deney 1 Frame/Fake/train/fake_train_00200.jpg,fake_train_00200.jpg
Fake,train,/content/drive/MyDrive/AISC DeepFake Çalışmaları/FaceForensics_Projesi/fake_frames/train/FaceShifter_101_096/frame_000036.jpg,/content/drive/MyDrive/AISC DeepFake Çalışmaları/Deney 1 Frame/Fake/train/fake_train_00201.jpg,fake_train_00201.jpg
Fake,train,/content/drive/MyDrive/AISC DeepFake Çalışmaları/FaceForensics_Projesi/fake_frames/train/DeepFakeDetection_23_19__hugging_happy__H4SUVFTL/frame_000036.jpg,/content/drive/MyDrive/AISC DeepFake Çalışmaları/Deney 1 Frame/Fake/train/fake_train_00202.jpg,fake_train_00202.jpg
Fake,train,/content/drive/MyDrive/AISC DeepFake Çalışmaları/FaceForensics_Projesi/fake_frames/train/FaceShifter_962_929/frame_000007.jpg,/content/drive/MyDrive/AISC DeepFake Çalışmaları/Deney 1 Frame/Fake/train/fake_train_00203.jpg,fake_train_00203.jpg
Fake,train,/content/drive/MyDrive/AISC DeepFake Çalışmaları/FaceForensics_Projesi/fake_frames/train/Deepfakes_042_084/frame_000013.jpg,/content/drive/MyDrive/AISC DeepFake Çalışmaları/Deney 1 Frame/Fake/train/fake_train_00204.jpg,fake_train_00204.jpg
Fake,train,/content/drive/MyDrive/AISC DeepFake Çalışmaları/FaceForensics_Projesi/fake_frames/train/DeepFakeDetection_04_21__talking_angry_couch__5Y31RZP8/frame_000049.jpg,/content/drive/MyDrive/AISC DeepFake Çalışmaları/Deney 1 Frame/Fake/train/fake_train_00205.jpg,fake_train_00205.jpg
Fake,train,/content/drive/MyDrive/AISC DeepFake Çalışmaları/FaceForensics_Projesi/fake_frames/train/Deepfakes_793_768/frame_000008.jpg,/content/drive/MyDrive/AISC DeepFake Çalışmaları/Deney 1 Frame/Fake/train/fake_train_00206.jpg,fake_train_00206.jpg
Fake,train,/content/drive/MyDrive/AISC DeepFake Çalışmaları/FaceForensics_Projesi/fake_frames/train/FaceShifter_181_199/frame_000000.jpg,/content/drive/MyDrive/AISC DeepFake Çalışmaları/Deney 1 Frame/Fake/train/fake_train_00207.jpg,fake_train_00207.jpg
Fake,train,/content/drive/MyDrive/AISC DeepFake Çalışmaları/FaceForensics_Projesi/fake_frames/train/DeepFakeDetection_06_12__walking_and_outside_surprised__3K21NFNM/frame_000032.jpg,/content/drive/MyDrive/AISC DeepFake Çalışmaları/Deney 1 Frame/Fake/train/fake_train_00208.jpg,fake_train_00208.jpg
Fake,train,/content/drive/MyDrive/AISC DeepFake Çalışmaları/FaceForensics_Projesi/fake_frames/train/DeepFakeDetection_14_13__kitchen_still__KMQ3AW6A/frame_000007.jpg,/content/drive/MyDrive/AISC DeepFake Çalışmaları/Deney 1 Frame/Fake/train/fake_train_00209.jpg,fake_train_00209.jpg
Fake,train,/content/drive/MyDrive/AISC DeepFake Çalışmaları/FaceForensics_Projesi/fake_frames/train/DeepFakeDetection_26_20__secret_conversation__34DJQS3E/frame_000018.jpg,/content/drive/MyDrive/AISC DeepFake Çalışmaları/Deney 1 Frame/Fake/train/fake_train_00210.jpg,fake_train_00210.jpg
Fake,train,/content/drive/MyDrive/AISC DeepFake Çalışmaları/FaceForensics_Projesi/fake_frames/train/FaceSwap_665_679/frame_000013.jpg,/content/drive/MyDrive/AISC DeepFake Çalışmaları/Deney 1 Frame/Fake/train/fake_train_00211.jpg,fake_train_00211.jpg
Fake,train,/content/drive/MyDrive/AISC DeepFake Çalışmaları/FaceForensics_Projesi/fake_frames/train/Face2Face_410_411/frame_000012.jpg,/content/drive/MyDrive/AISC DeepFake Çalışmaları/Deney 1 Frame/Fake/train/fake_train_00212.jpg,fake_train_00212.jpg
Fake,train,/content/drive/MyDrive/AISC DeepFake Çalışmaları/FaceForensics_Projesi/fake_frames/train/Face2Face_094_111/frame_000011.jpg,/content/drive/MyDrive/AISC DeepFake Çalışmaları/Deney 1 Frame/Fake/train/fake_train_00213.jpg,fake_train_00213.jpg
Fake,train,/content/drive/MyDrive/AISC DeepFake Çalışmaları/FaceForensics_Projesi/fake_frames/train/DeepFakeDetection_18_14__secret_conversation__HYMNQ00Q/frame_000048.jpg,/content/drive/MyDrive/AISC DeepFake Çalışmaları/Deney 1 Frame/Fake/train/fake_train_00214.jpg,fake_train_00214.jpg
Fake,train,/content/drive/MyDrive/AISC DeepFake Çalışmaları/FaceForensics_Projesi/fake_frames/train/DeepFakeDetection_18_04__talking_against_wall__6J3ZFEJQ/frame_000001.jpg,/content/drive/MyDrive/AISC DeepFake Çalışmaları/Deney 1 Frame/Fake/train/fake_train_00215.jpg,fake_train_00215.jpg
Fake,train,/content/drive/MyDrive/AISC DeepFake Çalışmaları/FaceForensics_Projesi/fake_frames/train/NeuralTextures_899_914/frame_000005.jpg,/content/drive/MyDrive/AISC DeepFake Çalışmaları/Deney 1 Frame/Fake/train/fake_train_00216.jpg,fake_train_00216.jpg
Fake,train,/content/drive/MyDrive/AISC DeepFake Çalışmaları/FaceForensics_Projesi/fake_frames/train/DeepFakeDetection_03_07__talking_against_wall__PWXXULHR/frame_000019.jpg,/content/drive/MyDrive/AISC DeepFake Çalışmaları/Deney 1 Frame/Fake/train/fake_train_00217.jpg,fake_train_00217.jpg
Fake,train,/content/drive/MyDrive/AISC DeepFake Çalışmaları/FaceForensics_Projesi/fake_frames/train/FaceSwap_249_280/frame_000008.jpg,/content/drive/MyDrive/AISC DeepFake Çalışmaları/Deney 1 Frame/Fake/train/fake_train_00218.jpg,fake_train_00218.jpg
Fake,train,/content/drive/MyDrive/AISC DeepFake Çalışmaları/FaceForensics_Projesi/fake_frames/train/FaceShifter_005_010/frame_000003.jpg,/content/drive/MyDrive/AISC DeepFake Çalışmaları/Deney 1 Frame/Fake/train/fake_train_00219.jpg,fake_train_00219.jpg
Fake,train,/content/drive/MyDrive/AISC DeepFake Çalışmaları/FaceForensics_Projesi/fake_frames/train/Deepfakes_367_371/frame_000028.jpg,/content/drive/MyDrive/AISC DeepFake Çalışmaları/Deney 1 Frame/Fake/train/fake_train_00220.jpg,fake_train_00220.jpg
Fake,train,/content/drive/MyDrive/AISC DeepFake Çalışmaları/FaceForensics_Projesi/fake_frames/train/DeepFakeDetection_19_23__talking_angry_couch__F7U8UY7V/frame_000054.jpg,/content/drive/MyDrive/AISC DeepFake Çalışmaları/Deney 1 Frame/Fake/train/fake_train_00221.jpg,fake_train_00221.jpg
Fake,train,/content/drive/MyDrive/AISC DeepFake Çalışmaları/FaceForensics_Projesi/fake_frames/train/NeuralTextures_913_893/frame_000018.jpg,/content/drive/MyDrive/AISC DeepFake Çalışmaları/Deney 1 Frame/Fake/train/fake_train_00222.jpg,fake_train_00222.jpg
Fake,train,/content/drive/MyDrive/AISC DeepFake Çalışmaları/FaceForensics_Projesi/fake_frames/train/DeepFakeDetection_27_25__meeting_serious__GNIMW95Z/frame_000005.jpg,/content/drive/MyDrive/AISC DeepFake Çalışmaları/Deney 1 Frame/Fake/train/fake_train_00223.jpg,fake_train_00223.jpg
Fake,train,/content/drive/MyDrive/AISC DeepFake Çalışmaları/FaceForensics_Projesi/fake_frames/train/Face2Face_028_068/frame_000013.jpg,/content/drive/MyDrive/AISC DeepFake Çalışmaları/Deney 1 Frame/Fake/train/fake_train_00224.jpg,fake_train_00224.jpg
Fake,train,/content/drive/MyDrive/AISC DeepFake Çalışmaları/FaceForensics_Projesi/fake_frames/train/NeuralTextures_394_373/frame_000021.jpg,/content/drive/MyDrive/AISC DeepFake Çalışmaları/Deney 1 Frame/Fake/train/fake_train_00225.jpg,fake_train_00225.jpg
Fake,train,/content/drive/MyDrive/AISC DeepFake Çalışmaları/FaceForensics_Projesi/fake_frames/train/FaceShifter_739_865/frame_000000.jpg,/content/drive/MyDrive/AISC DeepFake Çalışmaları/Deney 1 Frame/Fake/train/fake_train_00226.jpg,fake_train_00226.jpg
Fake,train,/content/drive/MyDrive/AISC DeepFake Çalışmaları/FaceForensics_Projesi/fake_frames/train/NeuralTextures_321_288/frame_000002.jpg,/content/drive/MyDrive/AISC DeepFake Çalışmaları/Deney 1 Frame/Fake/train/fake_train_00227.jpg,fake_train_00227.jpg
Fake,train,/content/drive/MyDrive/AISC DeepFake Çalışmaları/FaceForensics_Projesi/fake_frames/train/NeuralTextures_836_950/frame_000015.jpg,/content/drive/MyDrive/AISC DeepFake Çalışmaları/Deney 1 Frame/Fake/train/fake_train_00228.jpg,fake_train_00228.jpg
Fake,train,/content/drive/MyDrive/AISC DeepFake Çalışmaları/FaceForensics_Projesi/fake_frames/train/FaceSwap_121_093/frame_000008.jpg,/content/drive/MyDrive/AISC DeepFake Çalışmaları/Deney 1 Frame/Fake/train/fake_train_00229.jpg,fake_train_00229.jpg
Fake,train,/content/drive/MyDrive/AISC DeepFake Çalışmaları/FaceForensics_Projesi/fake_frames/train/DeepFakeDetection_13_25__hugging_happy__7YMTAF29/frame_000017.jpg,/content/drive/MyDrive/AISC DeepFake Çalışmaları/Deney 1 Frame/Fake/train/fake_train_00230.jpg,fake_train_00230.jpg
Fake,train,/content/drive/MyDrive/AISC DeepFake Çalışmaları/FaceForensics_Projesi/fake_frames/train/NeuralTextures_841_639/frame_000023.jpg,/content/drive/MyDrive/AISC DeepFake Çalışmaları/Deney 1 Frame/Fake/train/fake_train_00231.jpg,fake_train_00231.jpg
Fake,train,/content/drive/MyDrive/AISC DeepFake Çalışmaları/FaceForensics_Projesi/fake_frames/train/FaceSwap_301_262/frame_000018.jpg,/content/drive/MyDrive/AISC DeepFake Çalışmaları/Deney 1 Frame/Fake/train/fake_train_00232.jpg,fake_train_00232.jpg
Fake,train,/content/drive/MyDrive/AISC DeepFake Çalışmaları/FaceForensics_Projesi/fake_frames/train/Face2Face_699_734/frame_000044.jpg,/content/drive/MyDrive/AISC DeepFake Çalışmaları/Deney 1 Frame/Fake/train/fake_train_00233.jpg,fake_train_00233.jpg
Fake,train,/content/drive/MyDrive/AISC DeepFake Çalışmaları/FaceForensics_Projesi/fake_frames/train/DeepFakeDetection_20_15__walking_down_indoor_hall_disgust__99NHTFBM/frame_000009.jpg,/content/drive/MyDrive/AISC DeepFake Çalışmaları/Deney 1 Frame/Fake/train/fake_train_00234.jpg,fake_train_00234.jpg
Fake,train,/content/drive/MyDrive/AISC DeepFake Çalışmaları/FaceForensics_Projesi/fake_frames/train/DeepFakeDetection_05_08__exit_phone_room__YN1Q9TER/frame_000008.jpg,/content/drive/MyDrive/AISC DeepFake Çalışmaları/Deney 1 Frame/Fake/train/fake_train_00235.jpg,fake_train_00235.jpg
Fake,train,/content/drive/MyDrive/AISC DeepFake Çalışmaları/FaceForensics_Projesi/fake_frames/train/FaceShifter_083_213/frame_000019.jpg,/content/drive/MyDrive/AISC DeepFake Çalışmaları/Deney 1 Frame/Fake/train/fake_train_00236.jpg,fake_train_00236.jpg
Fake,train,/content/drive/MyDrive/AISC DeepFake Çalışmaları/FaceForensics_Projesi/fake_frames/train/FaceSwap_609_596/frame_000004.jpg,/content/drive/MyDrive/AISC DeepFake Çalışmaları/Deney 1 Frame/Fake/train/fake_train_00237.jpg,fake_train_00237.jpg
Fake,train,/content/drive/MyDrive/AISC DeepFake Çalışmaları/FaceForensics_Projesi/fake_frames/train/FaceSwap_148_133/frame_000022.jpg,/content/drive/MyDrive/AISC DeepFake Çalışmaları/Deney 1 Frame/Fake/train/fake_train_00238.jpg,fake_train_00238.jpg
Fake,train,/content/drive/MyDrive/AISC DeepFake Çalışmaları/FaceForensics_Projesi/fake_frames/train/FaceSwap_582_172/frame_000004.jpg,/content/drive/MyDrive/AISC DeepFake Çalışmaları/Deney 1 Frame/Fake/train/fake_train_00239.jpg,fake_train_00239.jpg
Fake,train,/content/drive/MyDrive/AISC DeepFake Çalışmaları/FaceForensics_Projesi/fake_frames/train/DeepFakeDetection_14_06__walking_and_outside_surprised__8U9ULZDT/frame_000026.jpg,/content/drive/MyDrive/AISC DeepFake Çalışmaları/Deney 1 Frame/Fake/train/fake_train_00240.jpg,fake_train_00240.jpg
Fake,train,/content/drive/MyDrive/AISC DeepFake Çalışmaları/FaceForensics_Projesi/fake_frames/train/Deepfakes_318_334/frame_000027.jpg,/content/drive/MyDrive/AISC DeepFake Çalışmaları/Deney 1 Frame/Fake/train/fake_train_00241.jpg,fake_train_00241.jpg
Fake,train,/content/drive/MyDrive/AISC DeepFake Çalışmaları/FaceForensics_Projesi/fake_frames/train/Deepfakes_878_866/frame_000029.jpg,/content/drive/MyDrive/AISC DeepFake Çalışmaları/Deney 1 Frame/Fake/train/fake_train_00242.jpg,fake_train_00242.jpg
Fake,train,/content/drive/MyDrive/AISC DeepFake Çalışmaları/FaceForensics_Projesi/fake_frames/train/Deepfakes_998_561/frame_000015.jpg,/content/drive/MyDrive/AISC DeepFake Çalışmaları/Deney 1 Frame/Fake/train/fake_train_00243.jpg,fake_train_00243.jpg
Fake,train,/content/drive/MyDrive/AISC DeepFake Çalışmaları/FaceForensics_Projesi/fake_frames/train/NeuralTextures_414_385/frame_000014.jpg,/content/drive/MyDrive/AISC DeepFake Çalışmaları/Deney 1 Frame/Fake/train/fake_train_00244.jpg,fake_train_00244.jpg
Fake,train,/content/drive/MyDrive/AISC DeepFake Çalışmaları/FaceForensics_Projesi/fake_frames/train/FaceShifter_240_290/frame_000015.jpg,/content/drive/MyDrive/AISC DeepFake Çalışmaları/Deney 1 Frame/Fake/train/fake_train_00245.jpg,fake_train_00245.jpg
Fake,train,/content/drive/MyDrive/AISC DeepFake Çalışmaları/FaceForensics_Projesi/fake_frames/train/Face2Face_556_588/frame_000013.jpg,/content/drive/MyDrive/AISC DeepFake Çalışmaları/Deney 1 Frame/Fake/train/fake_train_00246.jpg,fake_train_00246.jpg
Fake,train,/content/drive/MyDrive/AISC DeepFake Çalışmaları/FaceForensics_Projesi/fake_frames/train/FaceSwap_760_611/frame_000010.jpg,/content/drive/MyDrive/AISC DeepFake Çalışmaları/Deney 1 Frame/Fake/train/fake_train_00247.jpg,fake_train_00247.jpg
Fake,train,/content/drive/MyDrive/AISC DeepFake Çalışmaları/FaceForensics_Projesi/fake_frames/train/DeepFakeDetection_14_01__talking_angry_couch__0S0NS5C6/frame_000039.jpg,/content/drive/MyDrive/AISC DeepFake Çalışmaları/Deney 1 Frame/Fake/train/fake_train_00248.jpg,fake_train_00248.jpg
Fake,train,/content/drive/MyDrive/AISC DeepFake Çalışmaları/FaceForensics_Projesi/fake_frames/train/NeuralTextures_644_657/frame_000011.jpg,/content/drive/MyDrive/AISC DeepFake Çalışmaları/Deney 1 Frame/Fake/train/fake_train_00249.jpg,fake_train_00249.jpg
Fake,train,/content/drive/MyDrive/AISC DeepFake Çalışmaları/FaceForensics_Projesi/fake_frames/train/FaceSwap_818_820/frame_000008.jpg,/content/drive/MyDrive/AISC DeepFake Çalışmaları/Deney 1 Frame/Fake/train/fake_train_00250.jpg,fake_train_00250.jpg
Fake,train,/content/drive/MyDrive/AISC DeepFake Çalışmaları/FaceForensics_Projesi/fake_frames/train/NeuralTextures_344_020/frame_000015.jpg,/content/drive/MyDrive/AISC DeepFake Çalışmaları/Deney 1 Frame/Fake/train/fake_train_00251.jpg,fake_train_00251.jpg
Fake,train,/content/drive/MyDrive/AISC DeepFake Çalışmaları/FaceForensics_Projesi/fake_frames/train/DeepFakeDetection_15_27__podium_speech_happy__2ERUWYH8/frame_000072.jpg,/content/drive/MyDrive/AISC DeepFake Çalışmaları/Deney 1 Frame/Fake/train/fake_train_00252.jpg,fake_train_00252.jpg
Fake,train,/content/drive/MyDrive/AISC DeepFake Çalışmaları/FaceForensics_Projesi/fake_frames/train/FaceShifter_945_044/frame_000008.jpg,/content/drive/MyDrive/AISC DeepFake Çalışmaları/Deney 1 Frame/Fake/train/fake_train_00253.jpg,fake_train_00253.jpg
Fake,train,/content/drive/MyDrive/AISC DeepFake Çalışmaları/FaceForensics_Projesi/fake_frames/train/FaceSwap_877_886/frame_000008.jpg,/content/drive/MyDrive/AISC DeepFake Çalışmaları/Deney 1 Frame/Fake/train/fake_train_00254.jpg,fake_train_00254.jpg
Fake,train,/content/drive/MyDrive/AISC DeepFake Çalışmaları/FaceForensics_Projesi/fake_frames/train/FaceShifter_110_043/frame_000026.jpg,/content/drive/MyDrive/AISC DeepFake Çalışmaları/Deney 1 Frame/Fake/train/fake_train_00255.jpg,fake_train_00255.jpg
Fake,train,/content/drive/MyDrive/AISC DeepFake Çalışmaları/FaceForensics_Projesi/fake_frames/train/NeuralTextures_166_167/frame_000003.jpg,/content/drive/MyDrive/AISC DeepFake Çalışmaları/Deney 1 Frame/Fake/train/fake_train_00256.jpg,fake_train_00256.jpg
Fake,train,/content/drive/MyDrive/AISC DeepFake Çalışmaları/FaceForensics_Projesi/fake_frames/train/Deepfakes_899_914/frame_000018.jpg,/content/drive/MyDrive/AISC DeepFake Çalışmaları/Deney 1 Frame/Fake/train/fake_train_00257.jpg,fake_train_00257.jpg
Fake,train,/content/drive/MyDrive/AISC DeepFake Çalışmaları/FaceForensics_Projesi/fake_frames/train/NeuralTextures_432_357/frame_000016.jpg,/content/drive/MyDrive/AISC DeepFake Çalışmaları/Deney 1 Frame/Fake/train/fake_train_00258.jpg,fake_train_00258.jpg
Fake,train,/content/drive/MyDrive/AISC DeepFake Çalışmaları/FaceForensics_Projesi/fake_frames/train/FaceSwap_208_215/frame_000006.jpg,/content/drive/MyDrive/AISC DeepFake Çalışmaları/Deney 1 Frame/Fake/train/fake_train_00259.jpg,fake_train_00259.jpg
Fake,train,/content/drive/MyDrive/AISC DeepFake Çalışmaları/FaceForensics_Projesi/fake_frames/train/FaceShifter_926_900/frame_000017.jpg,/content/drive/MyDrive/AISC DeepFake Çalışmaları/Deney 1 Frame/Fake/train/fake_train_00260.jpg,fake_train_00260.jpg
Fake,train,/content/drive/MyDrive/AISC DeepFake Çalışmaları/FaceForensics_Projesi/fake_frames/train/FaceSwap_445_494/frame_000037.jpg,/content/drive/MyDrive/AISC DeepFake Çalışmaları/Deney 1 Frame/Fake/train/fake_train_00261.jpg,fake_train_00261.jpg
Fake,train,/content/drive/MyDrive/AISC DeepFake Çalışmaları/FaceForensics_Projesi/fake_frames/train/Face2Face_008_990/frame_000016.jpg,/content/drive/MyDrive/AISC DeepFake Çalışmaları/Deney 1 Frame/Fake/train/fake_train_00262.jpg,fake_train_00262.jpg
Fake,train,/content/drive/MyDrive/AISC DeepFake Çalışmaları/FaceForensics_Projesi/fake_frames/train/Face2Face_651_835/frame_000019.jpg,/content/drive/MyDrive/AISC DeepFake Çalışmaları/Deney 1 Frame/Fake/train/fake_train_00263.jpg,fake_train_00263.jpg
Fake,train,/content/drive/MyDrive/AISC DeepFake Çalışmaları/FaceForensics_Projesi/fake_frames/train/Face2Face_653_601/frame_000017.jpg,/content/drive/MyDrive/AISC DeepFake Çalışmaları/Deney 1 Frame/Fake/train/fake_train_00264.jpg,fake_train_00264.jpg
Fake,train,/content/drive/MyDrive/AISC DeepFake Çalışmaları/FaceForensics_Projesi/fake_frames/train/FaceSwap_713_726/frame_000006.jpg,/content/drive/MyDrive/AISC DeepFake Çalışmaları/Deney 1 Frame/Fake/train/fake_train_00265.jpg,fake_train_00265.jpg
Fake,train,/content/drive/MyDrive/AISC DeepFake Çalışmaları/FaceForensics_Projesi/fake_frames/train/FaceSwap_733_935/frame_000029.jpg,/content/drive/MyDrive/AISC DeepFake Çalışmaları/Deney 1 Frame/Fake/train/fake_train_00266.jpg,fake_train_00266.jpg
Fake,train,/content/drive/MyDrive/AISC DeepFake Çalışmaları/FaceForensics_Projesi/fake_frames/train/Deepfakes_023_923/frame_000003.jpg,/content/drive/MyDrive/AISC DeepFake Çalışmaları/Deney 1 Frame/Fake/train/fake_train_00267.jpg,fake_train_00267.jpg
Fake,train,/content/drive/MyDrive/AISC DeepFake Çalışmaları/FaceForensics_Projesi/fake_frames/train/FaceSwap_036_035/frame_000008.jpg,/content/drive/MyDrive/AISC DeepFake Çalışmaları/Deney 1 Frame/Fake/train/fake_train_00268.jpg,fake_train_00268.jpg
Fake,train,/content/drive/MyDrive/AISC DeepFake Çalışmaları/FaceForensics_Projesi/fake_frames/train/DeepFakeDetection_21_09__talking_against_wall__LBQF8ZN1/frame_000035.jpg,/content/drive/MyDrive/AISC DeepFake Çalışmaları/Deney 1 Frame/Fake/train/fake_train_00269.jpg,fake_train_00269.jpg
Fake,train,/content/drive/MyDrive/AISC DeepFake Çalışmaları/FaceForensics_Projesi/fake_frames/train/FaceShifter_285_136/frame_000002.jpg,/content/drive/MyDrive/AISC DeepFake Çalışmaları/Deney 1 Frame/Fake/train/fake_train_00270.jpg,fake_train_00270.jpg
Fake,train,/content/drive/MyDrive/AISC DeepFake Çalışmaları/FaceForensics_Projesi/fake_frames/train/NeuralTextures_719_737/frame_000020.jpg,/content/drive/MyDrive/AISC DeepFake Çalışmaları/Deney 1 Frame/Fake/train/fake_train_00271.jpg,fake_train_00271.jpg
Fake,train,/content/drive/MyDrive/AISC DeepFake Çalışmaları/FaceForensics_Projesi/fake_frames/train/Deepfakes_579_701/frame_000002.jpg,/content/drive/MyDrive/AISC DeepFake Çalışmaları/Deney 1 Frame/Fake/train/fake_train_00272.jpg,fake_train_00272.jpg
Fake,train,/content/drive/MyDrive/AISC DeepFake Çalışmaları/FaceForensics_Projesi/fake_frames/train/NeuralTextures_809_799/frame_000002.jpg,/content/drive/MyDrive/AISC DeepFake Çalışmaları/Deney 1 Frame/Fake/train/fake_train_00273.jpg,fake_train_00273.jpg
Fake,train,/content/drive/MyDrive/AISC DeepFake Çalışmaları/FaceForensics_Projesi/fake_frames/train/DeepFakeDetection_14_01__talking_angry_couch__0S0NS5C6/frame_000018.jpg,/content/drive/MyDrive/AISC DeepFake Çalışmaları/Deney 1 Frame/Fake/train/fake_train_00274.jpg,fake_train_00274.jpg
Fake,train,/content/drive/MyDrive/AISC DeepFake Çalışmaları/FaceForensics_Projesi/fake_frames/train/FaceShifter_461_250/frame_000033.jpg,/content/drive/MyDrive/AISC DeepFake Çalışmaları/Deney 1 Frame/Fake/train/fake_train_00275.jpg,fake_train_00275.jpg
Fake,train,/content/drive/MyDrive/AISC DeepFake Çalışmaları/FaceForensics_Projesi/fake_frames/train/DeepFakeDetection_01_27__walking_outside_cafe_disgusted__ZYCZ30C0/frame_000013.jpg,/content/drive/MyDrive/AISC DeepFake Çalışmaları/Deney 1 Frame/Fake/train/fake_train_00276.jpg,fake_train_00276.jpg
Fake,train,/content/drive/MyDrive/AISC DeepFake Çalışmaları/FaceForensics_Projesi/fake_frames/train/FaceSwap_732_691/frame_000013.jpg,/content/drive/MyDrive/AISC DeepFake Çalışmaları/Deney 1 Frame/Fake/train/fake_train_00277.jpg,fake_train_00277.jpg
Fake,train,/content/drive/MyDrive/AISC DeepFake Çalışmaları/FaceForensics_Projesi/fake_frames/train/NeuralTextures_241_210/frame_000004.jpg,/content/drive/MyDrive/AISC DeepFake Çalışmaları/Deney 1 Frame/Fake/train/fake_train_00278.jpg,fake_train_00278.jpg
Fake,train,/content/drive/MyDrive/AISC DeepFake Çalışmaları/FaceForensics_Projesi/fake_frames/train/FaceShifter_277_335/frame_000024.jpg,/content/drive/MyDrive/AISC DeepFake Çalışmaları/Deney 1 Frame/Fake/train/fake_train_00279.jpg,fake_train_00279.jpg
Fake,train,/content/drive/MyDrive/AISC DeepFake Çalışmaları/FaceForensics_Projesi/fake_frames/train/FaceShifter_900_926/frame_000015.jpg,/content/drive/MyDrive/AISC DeepFake Çalışmaları/Deney 1 Frame/Fake/train/fake_train_00280.jpg,fake_train_00280.jpg
Fake,train,/content/drive/MyDrive/AISC DeepFake Çalışmaları/FaceForensics_Projesi/fake_frames/train/Deepfakes_266_252/frame_000017.jpg,/content/drive/MyDrive/AISC DeepFake Çalışmaları/Deney 1 Frame/Fake/train/fake_train_00281.jpg,fake_train_00281.jpg
Fake,train,/content/drive/MyDrive/AISC DeepFake Çalışmaları/FaceForensics_Projesi/fake_frames/train/NeuralTextures_273_807/frame_000013.jpg,/content/drive/MyDrive/AISC DeepFake Çalışmaları/Deney 1 Frame/Fake/train/fake_train_00282.jpg,fake_train_00282.jpg
Fake,train,/content/drive/MyDrive/AISC DeepFake Çalışmaları/FaceForensics_Projesi/fake_frames/train/FaceSwap_635_642/frame_000010.jpg,/content/drive/MyDrive/AISC DeepFake Çalışmaları/Deney 1 Frame/Fake/train/fake_train_00283.jpg,fake_train_00283.jpg
Fake,train,/content/drive/MyDrive/AISC DeepFake Çalışmaları/FaceForensics_Projesi/fake_frames/train/FaceSwap_859_843/frame_000001.jpg,/content/drive/MyDrive/AISC DeepFake Çalışmaları/Deney 1 Frame/Fake/train/fake_train_00284.jpg,fake_train_00284.jpg
Fake,train,/content/drive/MyDrive/AISC DeepFake Çalışmaları/FaceForensics_Projesi/fake_frames/train/NeuralTextures_338_336/frame_000000.jpg,/content/drive/MyDrive/AISC DeepFake Çalışmaları/Deney 1 Frame/Fake/train/fake_train_00285.jpg,fake_train_00285.jpg
Fake,train,/content/drive/MyDrive/AISC DeepFake Çalışmaları/FaceForensics_Projesi/fake_frames/train/FaceSwap_490_534/frame_000008.jpg,/content/drive/MyDrive/AISC DeepFake Çalışmaları/Deney 1 Frame/Fake/train/fake_train_00286.jpg,fake_train_00286.jpg
Fake,train,/content/drive/MyDrive/AISC DeepFake Çalışmaları/FaceForensics_Projesi/fake_frames/train/FaceSwap_887_275/frame_000009.jpg,/content/drive/MyDrive/AISC DeepFake Çalışmaları/Deney 1 Frame/Fake/train/fake_train_00287.jpg,fake_train_00287.jpg
Fake,train,/content/drive/MyDrive/AISC DeepFake Çalışmaları/FaceForensics_Projesi/fake_frames/train/Face2Face_852_834/frame_000005.jpg,/content/drive/MyDrive/AISC DeepFake Çalışmaları/Deney 1 Frame/Fake/train/fake_train_00288.jpg,fake_train_00288.jpg
Fake,train,/content/drive/MyDrive/AISC DeepFake Çalışmaları/FaceForensics_Projesi/fake_frames/train/FaceShifter_161_141/frame_000010.jpg,/content/drive/MyDrive/AISC DeepFake Çalışmaları/Deney 1 Frame/Fake/train/fake_train_00289.jpg,fake_train_00289.jpg
Fake,train,/content/drive/MyDrive/AISC DeepFake Çalışmaları/FaceForensics_Projesi/fake_frames/train/NeuralTextures_258_246/frame_000000.jpg,/content/drive/MyDrive/AISC DeepFake Çalışmaları/Deney 1 Frame/Fake/train/fake_train_00290.jpg,fake_train_00290.jpg
Fake,train,/content/drive/MyDrive/AISC DeepFake Çalışmaları/FaceForensics_Projesi/fake_frames/train/NeuralTextures_803_017/frame_000008.jpg,/content/drive/MyDrive/AISC DeepFake Çalışmaları/Deney 1 Frame/Fake/train/fake_train_00291.jpg,fake_train_00291.jpg
Fake,train,/content/drive/MyDrive/AISC DeepFake Çalışmaları/FaceForensics_Projesi/fake_frames/train/DeepFakeDetection_19_24__kitchen_pan__NPZW2Z9L/frame_000004.jpg,/content/drive/MyDrive/AISC DeepFake Çalışmaları/Deney 1 Frame/Fake/train/fake_train_00292.jpg,fake_train_00292.jpg
Fake,train,/content/drive/MyDrive/AISC DeepFake Çalışmaları/FaceForensics_Projesi/fake_frames/train/FaceShifter_576_155/frame_000011.jpg,/content/drive/MyDrive/AISC DeepFake Çalışmaları/Deney 1 Frame/Fake/train/fake_train_00293.jpg,fake_train_00293.jpg
Fake,train,/content/drive/MyDrive/AISC DeepFake Çalışmaları/FaceForensics_Projesi/fake_frames/train/DeepFakeDetection_11_26__kitchen_still__7C0VKV43/frame_000033.jpg,/content/drive/MyDrive/AISC DeepFake Çalışmaları/Deney 1 Frame/Fake/train/fake_train_00294.jpg,fake_train_00294.jpg
Fake,train,/content/drive/MyDrive/AISC DeepFake Çalışmaları/FaceForensics_Projesi/fake_frames/train/FaceSwap_027_009/frame_000005.jpg,/content/drive/MyDrive/AISC DeepFake Çalışmaları/Deney 1 Frame/Fake/train/fake_train_00295.jpg,fake_train_00295.jpg
Fake,train,/content/drive/MyDrive/AISC DeepFake Çalışmaları/FaceForensics_Projesi/fake_frames/train/Deepfakes_282_238/frame_000000.jpg,/content/drive/MyDrive/AISC DeepFake Çalışmaları/Deney 1 Frame/Fake/train/fake_train_00296.jpg,fake_train_00296.jpg
Fake,train,/content/drive/MyDrive/AISC DeepFake Çalışmaları/FaceForensics_Projesi/fake_frames/train/Deepfakes_182_242/frame_000010.jpg,/content/drive/MyDrive/AISC DeepFake Çalışmaları/Deney 1 Frame/Fake/train/fake_train_00297.jpg,fake_train_00297.jpg
Fake,train,/content/drive/MyDrive/AISC DeepFake Çalışmaları/FaceForensics_Projesi/fake_frames/train/Face2Face_703_604/frame_000022.jpg,/content/drive/MyDrive/AISC DeepFake Çalışmaları/Deney 1 Frame/Fake/train/fake_train_00298.jpg,fake_train_00298.jpg
Fake,train,/content/drive/MyDrive/AISC DeepFake Çalışmaları/FaceForensics_Projesi/fake_frames/train/FaceShifter_709_390/frame_000001.jpg,/content/drive/MyDrive/AISC DeepFake Çalışmaları/Deney 1 Frame/Fake/train/fake_train_00299.jpg,fake_train_00299.jpg
Fake,train,/content/drive/MyDrive/AISC DeepFake Çalışmaları/FaceForensics_Projesi/fake_frames/train/Face2Face_495_512/frame_000041.jpg,/content/drive/MyDrive/AISC DeepFake Çalışmaları/Deney 1 Frame/Fake/train/fake_train_00300.jpg,fake_train_00300.jpg
Fake,train,/content/drive/MyDrive/AISC DeepFake Çalışmaları/FaceForensics_Projesi/fake_frames/train/FaceSwap_586_223/frame_000005.jpg,/content/drive/MyDrive/AISC DeepFake Çalışmaları/Deney 1 Frame/Fake/train/fake_train_00301.jpg,fake_train_00301.jpg
Fake,train,/content/drive/MyDrive/AISC DeepFake Çalışmaları/FaceForensics_Projesi/fake_frames/train/FaceSwap_229_247/frame_000018.jpg,/content/drive/MyDrive/AISC DeepFake Çalışmaları/Deney 1 Frame/Fake/train/fake_train_00302.jpg,fake_train_00302.jpg
Fake,train,/content/drive/MyDrive/AISC DeepFake Çalışmaları/FaceForensics_Projesi/fake_frames/train/NeuralTextures_819_786/frame_000011.jpg,/content/drive/MyDrive/AISC DeepFake Çalışmaları/Deney 1 Frame/Fake/train/fake_train_00303.jpg,fake_train_00303.jpg
Fake,train,/content/drive/MyDrive/AISC DeepFake Çalışmaları/FaceForensics_Projesi/fake_frames/train/DeepFakeDetection_07_03__talking_angry_couch__WPT3Z2KN/frame_000002.jpg,/content/drive/MyDrive/AISC DeepFake Çalışmaları/Deney 1 Frame/Fake/train/fake_train_00304.jpg,fake_train_00304.jpg
Fake,train,/content/drive/MyDrive/AISC DeepFake Çalışmaları/FaceForensics_Projesi/fake_frames/train/Deepfakes_069_961/frame_000007.jpg,/content/drive/MyDrive/AISC DeepFake Çalışmaları/Deney 1 Frame/Fake/train/fake_train_00305.jpg,fake_train_00305.jpg
Fake,train,/content/drive/MyDrive/AISC DeepFake Çalışmaları/FaceForensics_Projesi/fake_frames/train/Deepfakes_519_515/frame_000025.jpg,/content/drive/MyDrive/AISC DeepFake Çalışmaları/Deney 1 Frame/Fake/train/fake_train_00306.jpg,fake_train_00306.jpg
Fake,train,/content/drive/MyDrive/AISC DeepFake Çalışmaları/FaceForensics_Projesi/fake_frames/train/FaceShifter_201_203/frame_000001.jpg,/content/drive/MyDrive/AISC DeepFake Çalışmaları/Deney 1 Frame/Fake/train/fake_train_00307.jpg,fake_train_00307.jpg
Fake,train,/content/drive/MyDrive/AISC DeepFake Çalışmaları/FaceForensics_Projesi/fake_frames/train/FaceSwap_797_844/frame_000002.jpg,/content/drive/MyDrive/AISC DeepFake Çalışmaları/Deney 1 Frame/Fake/train/fake_train_00308.jpg,fake_train_00308.jpg
Fake,train,/content/drive/MyDrive/AISC DeepFake Çalışmaları/FaceForensics_Projesi/fake_frames/train/DeepFakeDetection_23_24__talking_angry_couch__YR5OVD4S/frame_000006.jpg,/content/drive/MyDrive/AISC DeepFake Çalışmaları/Deney 1 Frame/Fake/train/fake_train_00309.jpg,fake_train_00309.jpg
Fake,train,/content/drive/MyDrive/AISC DeepFake Çalışmaları/FaceForensics_Projesi/fake_frames/train/Deepfakes_540_536/frame_000006.jpg,/content/drive/MyDrive/AISC DeepFake Çalışmaları/Deney 1 Frame/Fake/train/fake_train_00310.jpg,fake_train_00310.jpg
Fake,train,/content/drive/MyDrive/AISC DeepFake Çalışmaları/FaceForensics_Projesi/fake_frames/train/Face2Face_045_889/frame_000008.jpg,/content/drive/MyDrive/AISC DeepFake Çalışmaları/Deney 1 Frame/Fake/train/fake_train_00311.jpg,fake_train_00311.jpg
Fake,train,/content/drive/MyDrive/AISC DeepFake Çalışmaları/FaceForensics_Projesi/fake_frames/train/Deepfakes_509_525/frame_000025.jpg,/content/drive/MyDrive/AISC DeepFake Çalışmaları/Deney 1 Frame/Fake/train/fake_train_00312.jpg,fake_train_00312.jpg
Fake,train,/content/drive/MyDrive/AISC DeepFake Çalışmaları/FaceForensics_Projesi/fake_frames/train/FaceShifter_189_200/frame_000021.jpg,/content/drive/MyDrive/AISC DeepFake Çalışmaları/Deney 1 Frame/Fake/train/fake_train_00313.jpg,fake_train_00313.jpg
Fake,train,/content/drive/MyDrive/AISC DeepFake Çalışmaları/FaceForensics_Projesi/fake_frames/train/Deepfakes_513_305/frame_000007.jpg,/content/drive/MyDrive/AISC DeepFake Çalışmaları/Deney 1 Frame/Fake/train/fake_train_00314.jpg,fake_train_00314.jpg
Fake,train,/content/drive/MyDrive/AISC DeepFake Çalışmaları/FaceForensics_Projesi/fake_frames/train/DeepFakeDetection_11_04__talking_angry_couch__JRQWOV1G/frame_000092.jpg,/content/drive/MyDrive/AISC DeepFake Çalışmaları/Deney 1 Frame/Fake/train/fake_train_00315.jpg,fake_train_00315.jpg
Fake,train,/content/drive/MyDrive/AISC DeepFake Çalışmaları/FaceForensics_Projesi/fake_frames/train/Deepfakes_577_593/frame_000008.jpg,/content/drive/MyDrive/AISC DeepFake Çalışmaları/Deney 1 Frame/Fake/train/fake_train_00316.jpg,fake_train_00316.jpg
Fake,train,/content/drive/MyDrive/AISC DeepFake Çalışmaları/FaceForensics_Projesi/fake_frames/train/NeuralTextures_247_229/frame_000008.jpg,/content/drive/MyDrive/AISC DeepFake Çalışmaları/Deney 1 Frame/Fake/train/fake_train_00317.jpg,fake_train_00317.jpg
Fake,train,/content/drive/MyDrive/AISC DeepFake Çalışmaları/FaceForensics_Projesi/fake_frames/train/DeepFakeDetection_02_13__walking_and_outside_surprised__CP5HFV3K/frame_000026.jpg,/content/drive/MyDrive/AISC DeepFake Çalışmaları/Deney 1 Frame/Fake/train/fake_train_00318.jpg,fake_train_00318.jpg
Fake,train,/content/drive/MyDrive/AISC DeepFake Çalışmaları/FaceForensics_Projesi/fake_frames/train/DeepFakeDetection_06_15__walking_down_indoor_hall_disgust__QRCD27P8/frame_000056.jpg,/content/drive/MyDrive/AISC DeepFake Çalışmaları/Deney 1 Frame/Fake/train/fake_train_00319.jpg,fake_train_00319.jpg
Fake,train,/content/drive/MyDrive/AISC DeepFake Çalışmaları/FaceForensics_Projesi/fake_frames/train/FaceSwap_437_360/frame_000010.jpg,/content/drive/MyDrive/AISC DeepFake Çalışmaları/Deney 1 Frame/Fake/train/fake_train_00320.jpg,fake_train_00320.jpg
Fake,train,/content/drive/MyDrive/AISC DeepFake Çalışmaları/FaceForensics_Projesi/fake_frames/train/DeepFakeDetection_01_11__talking_against_wall__4OJNJLOO/frame_000025.jpg,/content/drive/MyDrive/AISC DeepFake Çalışmaları/Deney 1 Frame/Fake/train/fake_train_00321.jpg,fake_train_00321.jpg
Fake,train,/content/drive/MyDrive/AISC DeepFake Çalışmaları/FaceForensics_Projesi/fake_frames/train/FaceSwap_042_084/frame_000006.jpg,/content/drive/MyDrive/AISC DeepFake Çalışmaları/Deney 1 Frame/Fake/train/fake_train_00322.jpg,fake_train_00322.jpg
Fake,train,/content/drive/MyDrive/AISC DeepFake Çalışmaları/FaceForensics_Projesi/fake_frames/train/Face2Face_717_684/frame_000011.jpg,/content/drive/MyDrive/AISC DeepFake Çalışmaları/Deney 1 Frame/Fake/train/fake_train_00323.jpg,fake_train_00323.jpg
Fake,train,/content/drive/MyDrive/AISC DeepFake Çalışmaları/FaceForensics_Projesi/fake_frames/train/DeepFakeDetection_20_09__kitchen_pan__HG1S0KHA/frame_000001.jpg,/content/drive/MyDrive/AISC DeepFake Çalışmaları/Deney 1 Frame/Fake/train/fake_train_00324.jpg,fake_train_00324.jpg
Fake,train,/content/drive/MyDrive/AISC DeepFake Çalışmaları/FaceForensics_Projesi/fake_frames/train/FaceShifter_309_303/frame_000015.jpg,/content/drive/MyDrive/AISC DeepFake Çalışmaları/Deney 1 Frame/Fake/train/fake_train_00325.jpg,fake_train_00325.jpg
Fake,train,/content/drive/MyDrive/AISC DeepFake Çalışmaları/FaceForensics_Projesi/fake_frames/train/DeepFakeDetection_28_05__kitchen_pan__W3J028UG/frame_000025.jpg,/content/drive/MyDrive/AISC DeepFake Çalışmaları/Deney 1 Frame/Fake/train/fake_train_00326.jpg,fake_train_00326.jpg
Fake,train,/content/drive/MyDrive/AISC DeepFake Çalışmaları/FaceForensics_Projesi/fake_frames/train/FaceShifter_511_472/frame_000016.jpg,/content/drive/MyDrive/AISC DeepFake Çalışmaları/Deney 1 Frame/Fake/train/fake_train_00327.jpg,fake_train_00327.jpg
Fake,train,/content/drive/MyDrive/AISC DeepFake Çalışmaları/FaceForensics_Projesi/fake_frames/train/FaceShifter_512_495/frame_000010.jpg,/content/drive/MyDrive/AISC DeepFake Çalışmaları/Deney 1 Frame/Fake/train/fake_train_00328.jpg,fake_train_00328.jpg
Fake,train,/content/drive/MyDrive/AISC DeepFake Çalışmaları/FaceForensics_Projesi/fake_frames/train/DeepFakeDetection_01_03__kitchen_pan__JZUXXFRB/frame_000020.jpg,/content/drive/MyDrive/AISC DeepFake Çalışmaları/Deney 1 Frame/Fake/train/fake_train_00329.jpg,fake_train_00329.jpg
Fake,train,/content/drive/MyDrive/AISC DeepFake Çalışmaları/FaceForensics_Projesi/fake_frames/train/FaceShifter_269_268/frame_000009.jpg,/content/drive/MyDrive/AISC DeepFake Çalışmaları/Deney 1 Frame/Fake/train/fake_train_00330.jpg,fake_train_00330.jpg
Fake,train,/content/drive/MyDrive/AISC DeepFake Çalışmaları/FaceForensics_Projesi/fake_frames/train/DeepFakeDetection_15_02__talking_against_wall__HTG660F8/frame_000040.jpg,/content/drive/MyDrive/AISC DeepFake Çalışmaları/Deney 1 Frame/Fake/train/fake_train_00331.jpg,fake_train_00331.jpg
Fake,train,/content/drive/MyDrive/AISC DeepFake Çalışmaları/FaceForensics_Projesi/fake_frames/train/FaceShifter_822_244/frame_000010.jpg,/content/drive/MyDrive/AISC DeepFake Çalışmaları/Deney 1 Frame/Fake/train/fake_train_00332.jpg,fake_train_00332.jpg
Fake,train,/content/drive/MyDrive/AISC DeepFake Çalışmaları/FaceForensics_Projesi/fake_frames/train/Face2Face_405_393/frame_000027.jpg,/content/drive/MyDrive/AISC DeepFake Çalışmaları/Deney 1 Frame/Fake/train/fake_train_00333.jpg,fake_train_00333.jpg
Fake,train,/content/drive/MyDrive/AISC DeepFake Çalışmaları/FaceForensics_Projesi/fake_frames/train/NeuralTextures_059_050/frame_000004.jpg,/content/drive/MyDrive/AISC DeepFake Çalışmaları/Deney 1 Frame/Fake/train/fake_train_00334.jpg,fake_train_00334.jpg
Fake,train,/content/drive/MyDrive/AISC DeepFake Çalışmaları/FaceForensics_Projesi/fake_frames/train/Deepfakes_283_313/frame_000019.jpg,/content/drive/MyDrive/AISC DeepFake Çalışmaları/Deney 1 Frame/Fake/train/fake_train_00335.jpg,fake_train_00335.jpg
Fake,train,/content/drive/MyDrive/AISC DeepFake Çalışmaları/FaceForensics_Projesi/fake_frames/train/FaceSwap_137_165/frame_000020.jpg,/content/drive/MyDrive/AISC DeepFake Çalışmaları/Deney 1 Frame/Fake/train/fake_train_00336.jpg,fake_train_00336.jpg
Fake,train,/content/drive/MyDrive/AISC DeepFake Çalışmaları/FaceForensics_Projesi/fake_frames/train/Face2Face_215_208/frame_000017.jpg,/content/drive/MyDrive/AISC DeepFake Çalışmaları/Deney 1 Frame/Fake/train/fake_train_00337.jpg,fake_train_00337.jpg
Fake,train,/content/drive/MyDrive/AISC DeepFake Çalışmaları/FaceForensics_Projesi/fake_frames/train/Face2Face_708_772/frame_000001.jpg,/content/drive/MyDrive/AISC DeepFake Çalışmaları/Deney 1 Frame/Fake/train/fake_train_00338.jpg,fake_train_00338.jpg
Fake,train,/content/drive/MyDrive/AISC DeepFake Çalışmaları/FaceForensics_Projesi/fake_frames/train/NeuralTextures_912_927/frame_000000.jpg,/content/drive/MyDrive/AISC DeepFake Çalışmaları/Deney 1 Frame/Fake/train/fake_train_00339.jpg,fake_train_00339.jpg
Fake,train,/content/drive/MyDrive/AISC DeepFake Çalışmaları/FaceForensics_Projesi/fake_frames/train/FaceShifter_396_272/frame_000008.jpg,/content/drive/MyDrive/AISC DeepFake Çalışmaları/Deney 1 Frame/Fake/train/fake_train_00340.jpg,fake_train_00340.jpg
Fake,train,/content/drive/MyDrive/AISC DeepFake Çalışmaları/FaceForensics_Projesi/fake_frames/train/FaceShifter_540_536/frame_000008.jpg,/content/drive/MyDrive/AISC DeepFake Çalışmaları/Deney 1 Frame/Fake/train/fake_train_00341.jpg,fake_train_00341.jpg
Fake,train,/content/drive/MyDrive/AISC DeepFake Çalışmaları/FaceForensics_Projesi/fake_frames/train/FaceShifter_285_136/frame_000000.jpg,/content/drive/MyDrive/AISC DeepFake Çalışmaları/Deney 1 Frame/Fake/train/fake_train_00342.jpg,fake_train_00342.jpg
Fake,train,/content/drive/MyDrive/AISC DeepFake Çalışmaları/FaceForensics_Projesi/fake_frames/train/Face2Face_982_004/frame_000005.jpg,/content/drive/MyDrive/AISC DeepFake Çalışmaları/Deney 1 Frame/Fake/train/fake_train_00343.jpg,fake_train_00343.jpg
Fake,train,/content/drive/MyDrive/AISC DeepFake Çalışmaları/FaceForensics_Projesi/fake_frames/train/FaceShifter_404_429/frame_000020.jpg,/content/drive/MyDrive/AISC DeepFake Çalışmaları/Deney 1 Frame/Fake/train/fake_train_00344.jpg,fake_train_00344.jpg
Fake,train,/content/drive/MyDrive/AISC DeepFake Çalışmaları/FaceForensics_Projesi/fake_frames/train/NeuralTextures_206_221/frame_000032.jpg,/content/drive/MyDrive/AISC DeepFake Çalışmaları/Deney 1 Frame/Fake/train/fake_train_00345.jpg,fake_train_00345.jpg
Fake,train,/content/drive/MyDrive/AISC DeepFake Çalışmaları/FaceForensics_Projesi/fake_frames/train/DeepFakeDetection_09_03__talking_angry_couch__RCETIXYL/frame_000017.jpg,/content/drive/MyDrive/AISC DeepFake Çalışmaları/Deney 1 Frame/Fake/train/fake_train_00346.jpg,fake_train_00346.jpg
Fake,train,/content/drive/MyDrive/AISC DeepFake Çalışmaları/FaceForensics_Projesi/fake_frames/train/Face2Face_005_010/frame_000027.jpg,/content/drive/MyDrive/AISC DeepFake Çalışmaları/Deney 1 Frame/Fake/train/fake_train_00347.jpg,fake_train_00347.jpg
Fake,train,/content/drive/MyDrive/AISC DeepFake Çalışmaları/FaceForensics_Projesi/fake_frames/train/DeepFakeDetection_01_03__kitchen_pan__JZUXXFRB/frame_000018.jpg,/content/drive/MyDrive/AISC DeepFake Çalışmaları/Deney 1 Frame/Fake/train/fake_train_00348.jpg,fake_train_00348.jpg
Fake,train,/content/drive/MyDrive/AISC DeepFake Çalışmaları/FaceForensics_Projesi/fake_frames/train/Face2Face_225_151/frame_000014.jpg,/content/drive/MyDrive/AISC DeepFake Çalışmaları/Deney 1 Frame/Fake/train/fake_train_00349.jpg,fake_train_00349.jpg
Fake,train,/content/drive/MyDrive/AISC DeepFake Çalışmaları/FaceForensics_Projesi/fake_frames/train/FaceShifter_608_675/frame_000038.jpg,/content/drive/MyDrive/AISC DeepFake Çalışmaları/Deney 1 Frame/Fake/train/fake_train_00350.jpg,fake_train_00350.jpg
Fake,train,/content/drive/MyDrive/AISC DeepFake Çalışmaları/FaceForensics_Projesi/fake_frames/train/NeuralTextures_629_618/frame_000017.jpg,/content/drive/MyDrive/AISC DeepFake Çalışmaları/Deney 1 Frame/Fake/train/fake_train_00351.jpg,fake_train_00351.jpg
Fake,train,/content/drive/MyDrive/AISC DeepFake Çalışmaları/FaceForensics_Projesi/fake_frames/train/FaceShifter_295_099/frame_000018.jpg,/content/drive/MyDrive/AISC DeepFake Çalışmaları/Deney 1 Frame/Fake/train/fake_train_00352.jpg,fake_train_00352.jpg
Fake,train,/content/drive/MyDrive/AISC DeepFake Çalışmaları/FaceForensics_Projesi/fake_frames/train/FaceShifter_195_442/frame_000004.jpg,/content/drive/MyDrive/AISC DeepFake Çalışmaları/Deney 1 Frame/Fake/train/fake_train_00353.jpg,fake_train_00353.jpg
Fake,train,/content/drive/MyDrive/AISC DeepFake Çalışmaları/FaceForensics_Projesi/fake_frames/train/DeepFakeDetection_08_16__podium_speech_happy__8Q7JCS95/frame_000062.jpg,/content/drive/MyDrive/AISC DeepFake Çalışmaları/Deney 1 Frame/Fake/train/fake_train_00354.jpg,fake_train_00354.jpg
Fake,train,/content/drive/MyDrive/AISC DeepFake Çalışmaları/FaceForensics_Projesi/fake_frames/train/DeepFakeDetection_13_12__podium_speech_happy__2TM4IFSF/frame_000008.jpg,/content/drive/MyDrive/AISC DeepFake Çalışmaları/Deney 1 Frame/Fake/train/fake_train_00355.jpg,fake_train_00355.jpg
Fake,train,/content/drive/MyDrive/AISC DeepFake Çalışmaları/FaceForensics_Projesi/fake_frames/train/Face2Face_437_360/frame_000013.jpg,/content/drive/MyDrive/AISC DeepFake Çalışmaları/Deney 1 Frame/Fake/train/fake_train_00356.jpg,fake_train_00356.jpg
Fake,train,/content/drive/MyDrive/AISC DeepFake Çalışmaları/FaceForensics_Projesi/fake_frames/train/FaceShifter_420_257/frame_000010.jpg,/content/drive/MyDrive/AISC DeepFake Çalışmaları/Deney 1 Frame/Fake/train/fake_train_00357.jpg,fake_train_00357.jpg
Fake,train,/content/drive/MyDrive/AISC DeepFake Çalışmaları/FaceForensics_Projesi/fake_frames/train/DeepFakeDetection_09_03__talking_against_wall__8DTEGQ54/frame_000008.jpg,/content/drive/MyDrive/AISC DeepFake Çalışmaları/Deney 1 Frame/Fake/train/fake_train_00358.jpg,fake_train_00358.jpg
Fake,train,/content/drive/MyDrive/AISC DeepFake Çalışmaları/FaceForensics_Projesi/fake_frames/train/FaceSwap_768_793/frame_000009.jpg,/content/drive/MyDrive/AISC DeepFake Çalışmaları/Deney 1 Frame/Fake/train/fake_train_00359.jpg,fake_train_00359.jpg
Fake,train,/content/drive/MyDrive/AISC DeepFake Çalışmaları/FaceForensics_Projesi/fake_frames/train/FaceShifter_860_905/frame_000015.jpg,/content/drive/MyDrive/AISC DeepFake Çalışmaları/Deney 1 Frame/Fake/train/fake_train_00360.jpg,fake_train_00360.jpg
Fake,train,/content/drive/MyDrive/AISC DeepFake Çalışmaları/FaceForensics_Projesi/fake_frames/train/Face2Face_212_179/frame_000019.jpg,/content/drive/MyDrive/AISC DeepFake Çalışmaları/Deney 1 Frame/Fake/train/fake_train_00361.jpg,fake_train_00361.jpg
Fake,train,/content/drive/MyDrive/AISC DeepFake Çalışmaları/FaceForensics_Projesi/fake_frames/train/Deepfakes_239_218/frame_000002.jpg,/content/drive/MyDrive/AISC DeepFake Çalışmaları/Deney 1 Frame/Fake/train/fake_train_00362.jpg,fake_train_00362.jpg
Fake,train,/content/drive/MyDrive/AISC DeepFake Çalışmaları/FaceForensics_Projesi/fake_frames/train/DeepFakeDetection_03_26__kitchen_pan__WBSXBL82/frame_000012.jpg,/content/drive/MyDrive/AISC DeepFake Çalışmaları/Deney 1 Frame/Fake/train/fake_train_00363.jpg,fake_train_00363.jpg
Fake,train,/content/drive/MyDrive/AISC DeepFake Çalışmaları/FaceForensics_Projesi/fake_frames/train/NeuralTextures_533_450/frame_000013.jpg,/content/drive/MyDrive/AISC DeepFake Çalışmaları/Deney 1 Frame/Fake/train/fake_train_00364.jpg,fake_train_00364.jpg
Fake,train,/content/drive/MyDrive/AISC DeepFake Çalışmaları/FaceForensics_Projesi/fake_frames/train/FaceShifter_979_875/frame_000001.jpg,/content/drive/MyDrive/AISC DeepFake Çalışmaları/Deney 1 Frame/Fake/train/fake_train_00365.jpg,fake_train_00365.jpg
Fake,train,/content/drive/MyDrive/AISC DeepFake Çalışmaları/FaceForensics_Projesi/fake_frames/train/DeepFakeDetection_20_13__walking_down_indoor_hall_disgust__NJEO6L5O/frame_000047.jpg,/content/drive/MyDrive/AISC DeepFake Çalışmaları/Deney 1 Frame/Fake/train/fake_train_00366.jpg,fake_train_00366.jpg
Fake,train,/content/drive/MyDrive/AISC DeepFake Çalışmaları/FaceForensics_Projesi/fake_frames/train/FaceShifter_045_889/frame_000015.jpg,/content/drive/MyDrive/AISC DeepFake Çalışmaları/Deney 1 Frame/Fake/train/fake_train_00367.jpg,fake_train_00367.jpg
Fake,train,/content/drive/MyDrive/AISC DeepFake Çalışmaları/FaceForensics_Projesi/fake_frames/train/Deepfakes_369_316/frame_000000.jpg,/content/drive/MyDrive/AISC DeepFake Çalışmaları/Deney 1 Frame/Fake/train/fake_train_00368.jpg,fake_train_00368.jpg
Fake,train,/content/drive/MyDrive/AISC DeepFake Çalışmaları/FaceForensics_Projesi/fake_frames/train/Deepfakes_103_082/frame_000018.jpg,/content/drive/MyDrive/AISC DeepFake Çalışmaları/Deney 1 Frame/Fake/train/fake_train_00369.jpg,fake_train_00369.jpg
Fake,train,/content/drive/MyDrive/AISC DeepFake Çalışmaları/FaceForensics_Projesi/fake_frames/train/DeepFakeDetection_03_04__talking_angry_couch__T04P6ELC/frame_000038.jpg,/content/drive/MyDrive/AISC DeepFake Çalışmaları/Deney 1 Frame/Fake/train/fake_train_00370.jpg,fake_train_00370.jpg
Fake,train,/content/drive/MyDrive/AISC DeepFake Çalışmaları/FaceForensics_Projesi/fake_frames/train/Deepfakes_833_826/frame_000009.jpg,/content/drive/MyDrive/AISC DeepFake Çalışmaları/Deney 1 Frame/Fake/train/fake_train_00371.jpg,fake_train_00371.jpg
Fake,train,/content/drive/MyDrive/AISC DeepFake Çalışmaları/FaceForensics_Projesi/fake_frames/train/Deepfakes_574_547/frame_000020.jpg,/content/drive/MyDrive/AISC DeepFake Çalışmaları/Deney 1 Frame/Fake/train/fake_train_00372.jpg,fake_train_00372.jpg
Fake,train,/content/drive/MyDrive/AISC DeepFake Çalışmaları/FaceForensics_Projesi/fake_frames/train/FaceSwap_635_642/frame_000004.jpg,/content/drive/MyDrive/AISC DeepFake Çalışmaları/Deney 1 Frame/Fake/train/fake_train_00373.jpg,fake_train_00373.jpg
Fake,train,/content/drive/MyDrive/AISC DeepFake Çalışmaları/FaceForensics_Projesi/fake_frames/train/DeepFakeDetection_05_16__walk_down_hall_angry__U9WZI5LK/frame_000009.jpg,/content/drive/MyDrive/AISC DeepFake Çalışmaları/Deney 1 Frame/Fake/train/fake_train_00374.jpg,fake_train_00374.jpg
Fake,train,/content/drive/MyDrive/AISC DeepFake Çalışmaları/FaceForensics_Projesi/fake_frames/train/Face2Face_487_477/frame_000015.jpg,/content/drive/MyDrive/AISC DeepFake Çalışmaları/Deney 1 Frame/Fake/train/fake_train_00375.jpg,fake_train_00375.jpg
Fake,train,/content/drive/MyDrive/AISC DeepFake Çalışmaları/FaceForensics_Projesi/fake_frames/train/DeepFakeDetection_21_09__talking_against_wall__JEELOMN2/frame_000028.jpg,/content/drive/MyDrive/AISC DeepFake Çalışmaları/Deney 1 Frame/Fake/train/fake_train_00376.jpg,fake_train_00376.jpg
Fake,train,/content/drive/MyDrive/AISC DeepFake Çalışmaları/FaceForensics_Projesi/fake_frames/train/NeuralTextures_501_326/frame_000007.jpg,/content/drive/MyDrive/AISC DeepFake Çalışmaları/Deney 1 Frame/Fake/train/fake_train_00377.jpg,fake_train_00377.jpg
Fake,train,/content/drive/MyDrive/AISC DeepFake Çalışmaları/FaceForensics_Projesi/fake_frames/train/FaceSwap_829_808/frame_000022.jpg,/content/drive/MyDrive/AISC DeepFake Çalışmaları/Deney 1 Frame/Fake/train/fake_train_00378.jpg,fake_train_00378.jpg
Fake,train,/content/drive/MyDrive/AISC DeepFake Çalışmaları/FaceForensics_Projesi/fake_frames/train/FaceShifter_423_421/frame_000034.jpg,/content/drive/MyDrive/AISC DeepFake Çalışmaları/Deney 1 Frame/Fake/train/fake_train_00379.jpg,fake_train_00379.jpg
Fake,train,/content/drive/MyDrive/AISC DeepFake Çalışmaları/FaceForensics_Projesi/fake_frames/train/FaceShifter_788_710/frame_000018.jpg,/content/drive/MyDrive/AISC DeepFake Çalışmaları/Deney 1 Frame/Fake/train/fake_train_00380.jpg,fake_train_00380.jpg
Fake,train,/content/drive/MyDrive/AISC DeepFake Çalışmaları/FaceForensics_Projesi/fake_frames/train/FaceShifter_306_278/frame_000000.jpg,/content/drive/MyDrive/AISC DeepFake Çalışmaları/Deney 1 Frame/Fake/train/fake_train_00381.jpg,fake_train_00381.jpg
Fake,train,/content/drive/MyDrive/AISC DeepFake Çalışmaları/FaceForensics_Projesi/fake_frames/train/DeepFakeDetection_08_17__kitchen_still__ZCEYWYTC/frame_000012.jpg,/content/drive/MyDrive/AISC DeepFake Çalışmaları/Deney 1 Frame/Fake/train/fake_train_00382.jpg,fake_train_00382.jpg
Fake,train,/content/drive/MyDrive/AISC DeepFake Çalışmaları/FaceForensics_Projesi/fake_frames/train/Deepfakes_067_025/frame_000020.jpg,/content/drive/MyDrive/AISC DeepFake Çalışmaları/Deney 1 Frame/Fake/train/fake_train_00383.jpg,fake_train_00383.jpg
Fake,train,/content/drive/MyDrive/AISC DeepFake Çalışmaları/FaceForensics_Projesi/fake_frames/train/DeepFakeDetection_27_13__kitchen_still__A1OSUJE9/frame_000000.jpg,/content/drive/MyDrive/AISC DeepFake Çalışmaları/Deney 1 Frame/Fake/train/fake_train_00384.jpg,fake_train_00384.jpg
Fake,train,/content/drive/MyDrive/AISC DeepFake Çalışmaları/FaceForensics_Projesi/fake_frames/train/FaceSwap_550_452/frame_000007.jpg,/content/drive/MyDrive/AISC DeepFake Çalışmaları/Deney 1 Frame/Fake/train/fake_train_00385.jpg,fake_train_00385.jpg
Fake,train,/content/drive/MyDrive/AISC DeepFake Çalışmaları/FaceForensics_Projesi/fake_frames/train/FaceShifter_992_980/frame_000039.jpg,/content/drive/MyDrive/AISC DeepFake Çalışmaları/Deney 1 Frame/Fake/train/fake_train_00386.jpg,fake_train_00386.jpg
Fake,train,/content/drive/MyDrive/AISC DeepFake Çalışmaları/FaceForensics_Projesi/fake_frames/train/NeuralTextures_665_679/frame_000004.jpg,/content/drive/MyDrive/AISC DeepFake Çalışmaları/Deney 1 Frame/Fake/train/fake_train_00387.jpg,fake_train_00387.jpg
Fake,train,/content/drive/MyDrive/AISC DeepFake Çalışmaları/FaceForensics_Projesi/fake_frames/train/DeepFakeDetection_26_12__podium_speech_happy__BFBNM8FR/frame_000004.jpg,/content/drive/MyDrive/AISC DeepFake Çalışmaları/Deney 1 Frame/Fake/train/fake_train_00388.jpg,fake_train_00388.jpg
Fake,train,/content/drive/MyDrive/AISC DeepFake Çalışmaları/FaceForensics_Projesi/fake_frames/train/Face2Face_269_268/frame_000014.jpg,/content/drive/MyDrive/AISC DeepFake Çalışmaları/Deney 1 Frame/Fake/train/fake_train_00389.jpg,fake_train_00389.jpg
Fake,train,/content/drive/MyDrive/AISC DeepFake Çalışmaları/FaceForensics_Projesi/fake_frames/train/Face2Face_063_041/frame_000000.jpg,/content/drive/MyDrive/AISC DeepFake Çalışmaları/Deney 1 Frame/Fake/train/fake_train_00390.jpg,fake_train_00390.jpg
Fake,train,/content/drive/MyDrive/AISC DeepFake Çalışmaları/FaceForensics_Projesi/fake_frames/train/FaceSwap_501_326/frame_000003.jpg,/content/drive/MyDrive/AISC DeepFake Çalışmaları/Deney 1 Frame/Fake/train/fake_train_00391.jpg,fake_train_00391.jpg
Fake,train,/content/drive/MyDrive/AISC DeepFake Çalışmaları/FaceForensics_Projesi/fake_frames/train/Deepfakes_643_646/frame_000008.jpg,/content/drive/MyDrive/AISC DeepFake Çalışmaları/Deney 1 Frame/Fake/train/fake_train_00392.jpg,fake_train_00392.jpg
Fake,train,/content/drive/MyDrive/AISC DeepFake Çalışmaları/FaceForensics_Projesi/fake_frames/train/DeepFakeDetection_14_03__talking_angry_couch__L0GHYIFS/frame_000084.jpg,/content/drive/MyDrive/AISC DeepFake Çalışmaları/Deney 1 Frame/Fake/train/fake_train_00393.jpg,fake_train_00393.jpg
Fake,train,/content/drive/MyDrive/AISC DeepFake Çalışmaları/FaceForensics_Projesi/fake_frames/train/DeepFakeDetection_12_26__talking_angry_couch__LI63E4TS/frame_000063.jpg,/content/drive/MyDrive/AISC DeepFake Çalışmaları/Deney 1 Frame/Fake/train/fake_train_00394.jpg,fake_train_00394.jpg
Fake,train,/content/drive/MyDrive/AISC DeepFake Çalışmaları/FaceForensics_Projesi/fake_frames/train/FaceSwap_756_503/frame_000027.jpg,/content/drive/MyDrive/AISC DeepFake Çalışmaları/Deney 1 Frame/Fake/train/fake_train_00395.jpg,fake_train_00395.jpg
Fake,train,/content/drive/MyDrive/AISC DeepFake Çalışmaları/FaceForensics_Projesi/fake_frames/train/Face2Face_302_323/frame_000009.jpg,/content/drive/MyDrive/AISC DeepFake Çalışmaları/Deney 1 Frame/Fake/train/fake_train_00396.jpg,fake_train_00396.jpg
Fake,train,/content/drive/MyDrive/AISC DeepFake Çalışmaları/FaceForensics_Projesi/fake_frames/train/FaceShifter_206_221/frame_000008.jpg,/content/drive/MyDrive/AISC DeepFake Çalışmaları/Deney 1 Frame/Fake/train/fake_train_00397.jpg,fake_train_00397.jpg
Fake,train,/content/drive/MyDrive/AISC DeepFake Çalışmaları/FaceForensics_Projesi/fake_frames/train/DeepFakeDetection_13_02__walking_down_indoor_hall_disgust__AROBAY8R/frame_000000.jpg,/content/drive/MyDrive/AISC DeepFake Çalışmaları/Deney 1 Frame/Fake/train/fake_train_00398.jpg,fake_train_00398.jpg
Fake,train,/content/drive/MyDrive/AISC DeepFake Çalışmaları/FaceForensics_Projesi/fake_frames/train/Deepfakes_216_164/frame_000010.jpg,/content/drive/MyDrive/AISC DeepFake Çalışmaları/Deney 1 Frame/Fake/train/fake_train_00399.jpg,fake_train_00399.jpg
Fake,train,/content/drive/MyDrive/AISC DeepFake Çalışmaları/FaceForensics_Projesi/fake_frames/train/FaceSwap_164_216/frame_000012.jpg,/content/drive/MyDrive/AISC DeepFake Çalışmaları/Deney 1 Frame/Fake/train/fake_train_00400.jpg,fake_train_00400.jpg
Fake,train,/content/drive/MyDrive/AISC DeepFake Çalışmaları/FaceForensics_Projesi/fake_frames/train/Deepfakes_174_964/frame_000002.jpg,/content/drive/MyDrive/AISC DeepFake Çalışmaları/Deney 1 Frame/Fake/train/fake_train_00401.jpg,fake_train_00401.jpg
Fake,train,/content/drive/MyDrive/AISC DeepFake Çalışmaları/FaceForensics_Projesi/fake_frames/train/NeuralTextures_735_774/frame_000014.jpg,/content/drive/MyDrive/AISC DeepFake Çalışmaları/Deney 1 Frame/Fake/train/fake_train_00402.jpg,fake_train_00402.jpg
Fake,train,/content/drive/MyDrive/AISC DeepFake Çalışmaları/FaceForensics_Projesi/fake_frames/train/Deepfakes_089_065/frame_000000.jpg,/content/drive/MyDrive/AISC DeepFake Çalışmaları/Deney 1 Frame/Fake/train/fake_train_00403.jpg,fake_train_00403.jpg
Fake,train,/content/drive/MyDrive/AISC DeepFake Çalışmaları/FaceForensics_Projesi/fake_frames/train/FaceShifter_092_098/frame_000018.jpg,/content/drive/MyDrive/AISC DeepFake Çalışmaları/Deney 1 Frame/Fake/train/fake_train_00404.jpg,fake_train_00404.jpg
Fake,train,/content/drive/MyDrive/AISC DeepFake Çalışmaları/FaceForensics_Projesi/fake_frames/train/FaceSwap_589_565/frame_000018.jpg,/content/drive/MyDrive/AISC DeepFake Çalışmaları/Deney 1 Frame/Fake/train/fake_train_00405.jpg,fake_train_00405.jpg
Fake,train,/content/drive/MyDrive/AISC DeepFake Çalışmaları/FaceForensics_Projesi/fake_frames/train/NeuralTextures_526_436/frame_000013.jpg,/content/drive/MyDrive/AISC DeepFake Çalışmaları/Deney 1 Frame/Fake/train/fake_train_00406.jpg,fake_train_00406.jpg
Fake,train,/content/drive/MyDrive/AISC DeepFake Çalışmaları/FaceForensics_Projesi/fake_frames/train/FaceShifter_373_394/frame_000000.jpg,/content/drive/MyDrive/AISC DeepFake Çalışmaları/Deney 1 Frame/Fake/train/fake_train_00407.jpg,fake_train_00407.jpg
Fake,train,/content/drive/MyDrive/AISC DeepFake Çalışmaları/FaceForensics_Projesi/fake_frames/train/FaceSwap_310_196/frame_000005.jpg,/content/drive/MyDrive/AISC DeepFake Çalışmaları/Deney 1 Frame/Fake/train/fake_train_00408.jpg,fake_train_00408.jpg
Fake,train,/content/drive/MyDrive/AISC DeepFake Çalışmaları/FaceForensics_Projesi/fake_frames/train/Face2Face_367_371/frame_000002.jpg,/content/drive/MyDrive/AISC DeepFake Çalışmaları/Deney 1 Frame/Fake/train/fake_train_00409.jpg,fake_train_00409.jpg
Fake,train,/content/drive/MyDrive/AISC DeepFake Çalışmaları/FaceForensics_Projesi/fake_frames/train/FaceShifter_903_792/frame_000016.jpg,/content/drive/MyDrive/AISC DeepFake Çalışmaları/Deney 1 Frame/Fake/train/fake_train_00410.jpg,fake_train_00410.jpg
Fake,train,/content/drive/MyDrive/AISC DeepFake Çalışmaları/FaceForensics_Projesi/fake_frames/train/Deepfakes_937_888/frame_000017.jpg,/content/drive/MyDrive/AISC DeepFake Çalışmaları/Deney 1 Frame/Fake/train/fake_train_00411.jpg,fake_train_00411.jpg
Fake,train,/content/drive/MyDrive/AISC DeepFake Çalışmaları/FaceForensics_Projesi/fake_frames/train/Deepfakes_285_136/frame_000017.jpg,/content/drive/MyDrive/AISC DeepFake Çalışmaları/Deney 1 Frame/Fake/train/fake_train_00412.jpg,fake_train_00412.jpg
Fake,train,/content/drive/MyDrive/AISC DeepFake Çalışmaları/FaceForensics_Projesi/fake_frames/train/FaceSwap_513_305/frame_000027.jpg,/content/drive/MyDrive/AISC DeepFake Çalışmaları/Deney 1 Frame/Fake/train/fake_train_00413.jpg,fake_train_00413.jpg
Fake,train,/content/drive/MyDrive/AISC DeepFake Çalışmaları/FaceForensics_Projesi/fake_frames/train/DeepFakeDetection_12_15__talking_angry_couch__RK17XFJ9/frame_000012.jpg,/content/drive/MyDrive/AISC DeepFake Çalışmaları/Deney 1 Frame/Fake/train/fake_train_00414.jpg,fake_train_00414.jpg
Fake,train,/content/drive/MyDrive/AISC DeepFake Çalışmaları/FaceForensics_Projesi/fake_frames/train/DeepFakeDetection_17_16__hugging_happy__S7UMSIQV/frame_000006.jpg,/content/drive/MyDrive/AISC DeepFake Çalışmaları/Deney 1 Frame/Fake/train/fake_train_00415.jpg,fake_train_00415.jpg
Fake,train,/content/drive/MyDrive/AISC DeepFake Çalışmaları/FaceForensics_Projesi/fake_frames/train/NeuralTextures_005_010/frame_000017.jpg,/content/drive/MyDrive/AISC DeepFake Çalışmaları/Deney 1 Frame/Fake/train/fake_train_00416.jpg,fake_train_00416.jpg
Fake,train,/content/drive/MyDrive/AISC DeepFake Çalışmaları/FaceForensics_Projesi/fake_frames/train/Deepfakes_525_509/frame_000014.jpg,/content/drive/MyDrive/AISC DeepFake Çalışmaları/Deney 1 Frame/Fake/train/fake_train_00417.jpg,fake_train_00417.jpg
Fake,train,/content/drive/MyDrive/AISC DeepFake Çalışmaları/FaceForensics_Projesi/fake_frames/train/Face2Face_024_073/frame_000005.jpg,/content/drive/MyDrive/AISC DeepFake Çalışmaları/Deney 1 Frame/Fake/train/fake_train_00418.jpg,fake_train_00418.jpg
Fake,train,/content/drive/MyDrive/AISC DeepFake Çalışmaları/FaceForensics_Projesi/fake_frames/train/NeuralTextures_122_144/frame_000000.jpg,/content/drive/MyDrive/AISC DeepFake Çalışmaları/Deney 1 Frame/Fake/train/fake_train_00419.jpg,fake_train_00419.jpg
Fake,train,/content/drive/MyDrive/AISC DeepFake Çalışmaları/FaceForensics_Projesi/fake_frames/train/Face2Face_935_733/frame_000023.jpg,/content/drive/MyDrive/AISC DeepFake Çalışmaları/Deney 1 Frame/Fake/train/fake_train_00420.jpg,fake_train_00420.jpg
Fake,train,/content/drive/MyDrive/AISC DeepFake Çalışmaları/FaceForensics_Projesi/fake_frames/train/FaceShifter_783_916/frame_000016.jpg,/content/drive/MyDrive/AISC DeepFake Çalışmaları/Deney 1 Frame/Fake/train/fake_train_00421.jpg,fake_train_00421.jpg
Fake,train,/content/drive/MyDrive/AISC DeepFake Çalışmaları/FaceForensics_Projesi/fake_frames/train/FaceSwap_802_885/frame_000007.jpg,/content/drive/MyDrive/AISC DeepFake Çalışmaları/Deney 1 Frame/Fake/train/fake_train_00422.jpg,fake_train_00422.jpg
Fake,train,/content/drive/MyDrive/AISC DeepFake Çalışmaları/FaceForensics_Projesi/fake_frames/train/FaceShifter_172_582/frame_000035.jpg,/content/drive/MyDrive/AISC DeepFake Çalışmaları/Deney 1 Frame/Fake/train/fake_train_00423.jpg,fake_train_00423.jpg
Fake,train,/content/drive/MyDrive/AISC DeepFake Çalışmaları/FaceForensics_Projesi/fake_frames/train/FaceSwap_820_818/frame_000011.jpg,/content/drive/MyDrive/AISC DeepFake Çalışmaları/Deney 1 Frame/Fake/train/fake_train_00424.jpg,fake_train_00424.jpg
Fake,train,/content/drive/MyDrive/AISC DeepFake Çalışmaları/FaceForensics_Projesi/fake_frames/train/Deepfakes_367_371/frame_000037.jpg,/content/drive/MyDrive/AISC DeepFake Çalışmaları/Deney 1 Frame/Fake/train/fake_train_00425.jpg,fake_train_00425.jpg
Fake,train,/content/drive/MyDrive/AISC DeepFake Çalışmaları/FaceForensics_Projesi/fake_frames/train/NeuralTextures_102_114/frame_000002.jpg,/content/drive/MyDrive/AISC DeepFake Çalışmaları/Deney 1 Frame/Fake/train/fake_train_00426.jpg,fake_train_00426.jpg
Fake,train,/content/drive/MyDrive/AISC DeepFake Çalışmaları/FaceForensics_Projesi/fake_frames/train/Deepfakes_605_591/frame_000013.jpg,/content/drive/MyDrive/AISC DeepFake Çalışmaları/Deney 1 Frame/Fake/train/fake_train_00427.jpg,fake_train_00427.jpg
Fake,train,/content/drive/MyDrive/AISC DeepFake Çalışmaları/FaceForensics_Projesi/fake_frames/train/FaceShifter_985_981/frame_000012.jpg,/content/drive/MyDrive/AISC DeepFake Çalışmaları/Deney 1 Frame/Fake/train/fake_train_00428.jpg,fake_train_00428.jpg
Fake,train,/content/drive/MyDrive/AISC DeepFake Çalışmaları/FaceForensics_Projesi/fake_frames/train/Deepfakes_230_204/frame_000010.jpg,/content/drive/MyDrive/AISC DeepFake Çalışmaları/Deney 1 Frame/Fake/train/fake_train_00429.jpg,fake_train_00429.jpg
Fake,train,/content/drive/MyDrive/AISC DeepFake Çalışmaları/FaceForensics_Projesi/fake_frames/train/FaceSwap_294_292/frame_000017.jpg,/content/drive/MyDrive/AISC DeepFake Çalışmaları/Deney 1 Frame/Fake/train/fake_train_00430.jpg,fake_train_00430.jpg
Fake,train,/content/drive/MyDrive/AISC DeepFake Çalışmaları/FaceForensics_Projesi/fake_frames/train/FaceSwap_573_757/frame_000014.jpg,/content/drive/MyDrive/AISC DeepFake Çalışmaları/Deney 1 Frame/Fake/train/fake_train_00431.jpg,fake_train_00431.jpg
Fake,train,/content/drive/MyDrive/AISC DeepFake Çalışmaları/FaceForensics_Projesi/fake_frames/train/DeepFakeDetection_26_27__talking_against_wall__IE9N0ZI9/frame_000051.jpg,/content/drive/MyDrive/AISC DeepFake Çalışmaları/Deney 1 Frame/Fake/train/fake_train_00432.jpg,fake_train_00432.jpg
Fake,train,/content/drive/MyDrive/AISC DeepFake Çalışmaları/FaceForensics_Projesi/fake_frames/train/FaceSwap_352_319/frame_000021.jpg,/content/drive/MyDrive/AISC DeepFake Çalışmaları/Deney 1 Frame/Fake/train/fake_train_00433.jpg,fake_train_00433.jpg
Fake,train,/content/drive/MyDrive/AISC DeepFake Çalışmaları/FaceForensics_Projesi/fake_frames/train/FaceShifter_206_221/frame_000012.jpg,/content/drive/MyDrive/AISC DeepFake Çalışmaları/Deney 1 Frame/Fake/train/fake_train_00434.jpg,fake_train_00434.jpg
Fake,train,/content/drive/MyDrive/AISC DeepFake Çalışmaları/FaceForensics_Projesi/fake_frames/train/Face2Face_056_996/frame_000008.jpg,/content/drive/MyDrive/AISC DeepFake Çalışmaları/Deney 1 Frame/Fake/train/fake_train_00435.jpg,fake_train_00435.jpg
Fake,train,/content/drive/MyDrive/AISC DeepFake Çalışmaları/FaceForensics_Projesi/fake_frames/train/Deepfakes_699_734/frame_000015.jpg,/content/drive/MyDrive/AISC DeepFake Çalışmaları/Deney 1 Frame/Fake/train/fake_train_00436.jpg,fake_train_00436.jpg
Fake,train,/content/drive/MyDrive/AISC DeepFake Çalışmaları/FaceForensics_Projesi/fake_frames/train/DeepFakeDetection_14_01__kitchen_pan__0S0NS5C6/frame_000009.jpg,/content/drive/MyDrive/AISC DeepFake Çalışmaları/Deney 1 Frame/Fake/train/fake_train_00437.jpg,fake_train_00437.jpg
Fake,train,/content/drive/MyDrive/AISC DeepFake Çalışmaları/FaceForensics_Projesi/fake_frames/train/DeepFakeDetection_07_04__kitchen_still__M2NBCLFR/frame_000031.jpg,/content/drive/MyDrive/AISC DeepFake Çalışmaları/Deney 1 Frame/Fake/train/fake_train_00438.jpg,fake_train_00438.jpg
Fake,train,/content/drive/MyDrive/AISC DeepFake Çalışmaları/FaceForensics_Projesi/fake_frames/train/FaceShifter_721_715/frame_000000.jpg,/content/drive/MyDrive/AISC DeepFake Çalışmaları/Deney 1 Frame/Fake/train/fake_train_00439.jpg,fake_train_00439.jpg
Fake,train,/content/drive/MyDrive/AISC DeepFake Çalışmaları/FaceForensics_Projesi/fake_frames/train/FaceShifter_002_006/frame_000006.jpg,/content/drive/MyDrive/AISC DeepFake Çalışmaları/Deney 1 Frame/Fake/train/fake_train_00440.jpg,fake_train_00440.jpg
Fake,train,/content/drive/MyDrive/AISC DeepFake Çalışmaları/FaceForensics_Projesi/fake_frames/train/DeepFakeDetection_14_18__kitchen_still__A5A1Q467/frame_000036.jpg,/content/drive/MyDrive/AISC DeepFake Çalışmaları/Deney 1 Frame/Fake/train/fake_train_00441.jpg,fake_train_00441.jpg
Fake,train,/content/drive/MyDrive/AISC DeepFake Çalışmaları/FaceForensics_Projesi/fake_frames/train/Face2Face_160_928/frame_000015.jpg,/content/drive/MyDrive/AISC DeepFake Çalışmaları/Deney 1 Frame/Fake/train/fake_train_00442.jpg,fake_train_00442.jpg
Fake,train,/content/drive/MyDrive/AISC DeepFake Çalışmaları/FaceForensics_Projesi/fake_frames/train/DeepFakeDetection_06_18__talking_angry_couch__DEA1TCLN/frame_000029.jpg,/content/drive/MyDrive/AISC DeepFake Çalışmaları/Deney 1 Frame/Fake/train/fake_train_00443.jpg,fake_train_00443.jpg
Fake,train,/content/drive/MyDrive/AISC DeepFake Çalışmaları/FaceForensics_Projesi/fake_frames/train/NeuralTextures_601_653/frame_000014.jpg,/content/drive/MyDrive/AISC DeepFake Çalışmaları/Deney 1 Frame/Fake/train/fake_train_00444.jpg,fake_train_00444.jpg
Fake,train,/content/drive/MyDrive/AISC DeepFake Çalışmaları/FaceForensics_Projesi/fake_frames/train/Face2Face_243_156/frame_000025.jpg,/content/drive/MyDrive/AISC DeepFake Çalışmaları/Deney 1 Frame/Fake/train/fake_train_00445.jpg,fake_train_00445.jpg
Fake,train,/content/drive/MyDrive/AISC DeepFake Çalışmaları/FaceForensics_Projesi/fake_frames/train/Face2Face_026_012/frame_000008.jpg,/content/drive/MyDrive/AISC DeepFake Çalışmaları/Deney 1 Frame/Fake/train/fake_train_00446.jpg,fake_train_00446.jpg
Fake,train,/content/drive/MyDrive/AISC DeepFake Çalışmaları/FaceForensics_Projesi/fake_frames/train/Deepfakes_873_872/frame_000036.jpg,/content/drive/MyDrive/AISC DeepFake Çalışmaları/Deney 1 Frame/Fake/train/fake_train_00447.jpg,fake_train_00447.jpg
Fake,train,/content/drive/MyDrive/AISC DeepFake Çalışmaları/FaceForensics_Projesi/fake_frames/train/DeepFakeDetection_18_14__podium_speech_happy__0YRBHIKG/frame_000001.jpg,/content/drive/MyDrive/AISC DeepFake Çalışmaları/Deney 1 Frame/Fake/train/fake_train_00448.jpg,fake_train_00448.jpg
Fake,train,/content/drive/MyDrive/AISC DeepFake Çalışmaları/FaceForensics_Projesi/fake_frames/train/DeepFakeDetection_24_23__outside_talking_still_laughing__YR5OVD4S/frame_000009.jpg,/content/drive/MyDrive/AISC DeepFake Çalışmaları/Deney 1 Frame/Fake/train/fake_train_00449.jpg,fake_train_00449.jpg
Fake,train,/content/drive/MyDrive/AISC DeepFake Çalışmaları/FaceForensics_Projesi/fake_frames/train/Face2Face_102_114/frame_000038.jpg,/content/drive/MyDrive/AISC DeepFake Çalışmaları/Deney 1 Frame/Fake/train/fake_train_00450.jpg,fake_train_00450.jpg
Fake,train,/content/drive/MyDrive/AISC DeepFake Çalışmaları/FaceForensics_Projesi/fake_frames/train/Deepfakes_182_242/frame_000019.jpg,/content/drive/MyDrive/AISC DeepFake Çalışmaları/Deney 1 Frame/Fake/train/fake_train_00451.jpg,fake_train_00451.jpg
Fake,train,/content/drive/MyDrive/AISC DeepFake Çalışmaları/FaceForensics_Projesi/fake_frames/train/Face2Face_218_239/frame_000005.jpg,/content/drive/MyDrive/AISC DeepFake Çalışmaları/Deney 1 Frame/Fake/train/fake_train_00452.jpg,fake_train_00452.jpg
Fake,train,/content/drive/MyDrive/AISC DeepFake Çalışmaları/FaceForensics_Projesi/fake_frames/train/DeepFakeDetection_07_04__kitchen_pan__XRK7FGZX/frame_000007.jpg,/content/drive/MyDrive/AISC DeepFake Çalışmaları/Deney 1 Frame/Fake/train/fake_train_00453.jpg,fake_train_00453.jpg
Fake,train,/content/drive/MyDrive/AISC DeepFake Çalışmaları/FaceForensics_Projesi/fake_frames/train/FaceShifter_194_235/frame_000021.jpg,/content/drive/MyDrive/AISC DeepFake Çalışmaları/Deney 1 Frame/Fake/train/fake_train_00454.jpg,fake_train_00454.jpg
Fake,train,/content/drive/MyDrive/AISC DeepFake Çalışmaları/FaceForensics_Projesi/fake_frames/train/FaceShifter_993_989/frame_000010.jpg,/content/drive/MyDrive/AISC DeepFake Çalışmaları/Deney 1 Frame/Fake/train/fake_train_00455.jpg,fake_train_00455.jpg
Fake,train,/content/drive/MyDrive/AISC DeepFake Çalışmaları/FaceForensics_Projesi/fake_frames/train/FaceSwap_690_689/frame_000008.jpg,/content/drive/MyDrive/AISC DeepFake Çalışmaları/Deney 1 Frame/Fake/train/fake_train_00456.jpg,fake_train_00456.jpg
Fake,train,/content/drive/MyDrive/AISC DeepFake Çalışmaları/FaceForensics_Projesi/fake_frames/train/FaceSwap_189_200/frame_000016.jpg,/content/drive/MyDrive/AISC DeepFake Çalışmaları/Deney 1 Frame/Fake/train/fake_train_00457.jpg,fake_train_00457.jpg
Fake,train,/content/drive/MyDrive/AISC DeepFake Çalışmaları/FaceForensics_Projesi/fake_frames/train/Deepfakes_866_878/frame_000015.jpg,/content/drive/MyDrive/AISC DeepFake Çalışmaları/Deney 1 Frame/Fake/train/fake_train_00458.jpg,fake_train_00458.jpg
Fake,train,/content/drive/MyDrive/AISC DeepFake Çalışmaları/FaceForensics_Projesi/fake_frames/train/Face2Face_856_881/frame_000002.jpg,/content/drive/MyDrive/AISC DeepFake Çalışmaları/Deney 1 Frame/Fake/train/fake_train_00459.jpg,fake_train_00459.jpg
Fake,train,/content/drive/MyDrive/AISC DeepFake Çalışmaları/FaceForensics_Projesi/fake_frames/train/Face2Face_432_357/frame_000009.jpg,/content/drive/MyDrive/AISC DeepFake Çalışmaları/Deney 1 Frame/Fake/train/fake_train_00460.jpg,fake_train_00460.jpg
Fake,train,/content/drive/MyDrive/AISC DeepFake Çalışmaları/FaceForensics_Projesi/fake_frames/train/Deepfakes_702_612/frame_000024.jpg,/content/drive/MyDrive/AISC DeepFake Çalışmaları/Deney 1 Frame/Fake/train/fake_train_00461.jpg,fake_train_00461.jpg
Fake,train,/content/drive/MyDrive/AISC DeepFake Çalışmaları/FaceForensics_Projesi/fake_frames/train/Deepfakes_107_109/frame_000009.jpg,/content/drive/MyDrive/AISC DeepFake Çalışmaları/Deney 1 Frame/Fake/train/fake_train_00462.jpg,fake_train_00462.jpg
Fake,train,/content/drive/MyDrive/AISC DeepFake Çalışmaları/FaceForensics_Projesi/fake_frames/train/Face2Face_721_715/frame_000002.jpg,/content/drive/MyDrive/AISC DeepFake Çalışmaları/Deney 1 Frame/Fake/train/fake_train_00463.jpg,fake_train_00463.jpg
Fake,train,/content/drive/MyDrive/AISC DeepFake Çalışmaları/FaceForensics_Projesi/fake_frames/train/FaceSwap_856_881/frame_000019.jpg,/content/drive/MyDrive/AISC DeepFake Çalışmaları/Deney 1 Frame/Fake/train/fake_train_00464.jpg,fake_train_00464.jpg
Fake,train,/content/drive/MyDrive/AISC DeepFake Çalışmaları/FaceForensics_Projesi/fake_frames/train/FaceShifter_361_448/frame_000018.jpg,/content/drive/MyDrive/AISC DeepFake Çalışmaları/Deney 1 Frame/Fake/train/fake_train_00465.jpg,fake_train_00465.jpg
Fake,train,/content/drive/MyDrive/AISC DeepFake Çalışmaları/FaceForensics_Projesi/fake_frames/train/Face2Face_909_857/frame_000002.jpg,/content/drive/MyDrive/AISC DeepFake Çalışmaları/Deney 1 Frame/Fake/train/fake_train_00466.jpg,fake_train_00466.jpg
Fake,train,/content/drive/MyDrive/AISC DeepFake Çalışmaları/FaceForensics_Projesi/fake_frames/train/Face2Face_699_734/frame_000055.jpg,/content/drive/MyDrive/AISC DeepFake Çalışmaları/Deney 1 Frame/Fake/train/fake_train_00467.jpg,fake_train_00467.jpg
Fake,train,/content/drive/MyDrive/AISC DeepFake Çalışmaları/FaceForensics_Projesi/fake_frames/train/DeepFakeDetection_19_24__outside_talking_still_laughing__DL7X7M6I/frame_000038.jpg,/content/drive/MyDrive/AISC DeepFake Çalışmaları/Deney 1 Frame/Fake/train/fake_train_00468.jpg,fake_train_00468.jpg
Fake,train,/content/drive/MyDrive/AISC DeepFake Çalışmaları/FaceForensics_Projesi/fake_frames/train/FaceSwap_278_306/frame_000014.jpg,/content/drive/MyDrive/AISC DeepFake Çalışmaları/Deney 1 Frame/Fake/train/fake_train_00469.jpg,fake_train_00469.jpg
Fake,train,/content/drive/MyDrive/AISC DeepFake Çalışmaları/FaceForensics_Projesi/fake_frames/train/Deepfakes_222_168/frame_000002.jpg,/content/drive/MyDrive/AISC DeepFake Çalışmaları/Deney 1 Frame/Fake/train/fake_train_00470.jpg,fake_train_00470.jpg
Fake,train,/content/drive/MyDrive/AISC DeepFake Çalışmaları/FaceForensics_Projesi/fake_frames/train/Face2Face_150_153/frame_000022.jpg,/content/drive/MyDrive/AISC DeepFake Çalışmaları/Deney 1 Frame/Fake/train/fake_train_00471.jpg,fake_train_00471.jpg
Fake,train,/content/drive/MyDrive/AISC DeepFake Çalışmaları/FaceForensics_Projesi/fake_frames/train/DeepFakeDetection_09_20__podium_speech_happy__RAGUKRMK/frame_000004.jpg,/content/drive/MyDrive/AISC DeepFake Çalışmaları/Deney 1 Frame/Fake/train/fake_train_00472.jpg,fake_train_00472.jpg
Fake,train,/content/drive/MyDrive/AISC DeepFake Çalışmaları/FaceForensics_Projesi/fake_frames/train/FaceShifter_897_969/frame_000016.jpg,/content/drive/MyDrive/AISC DeepFake Çalışmaları/Deney 1 Frame/Fake/train/fake_train_00473.jpg,fake_train_00473.jpg
Fake,train,/content/drive/MyDrive/AISC DeepFake Çalışmaları/FaceForensics_Projesi/fake_frames/train/Face2Face_034_590/frame_000026.jpg,/content/drive/MyDrive/AISC DeepFake Çalışmaları/Deney 1 Frame/Fake/train/fake_train_00474.jpg,fake_train_00474.jpg
Fake,train,/content/drive/MyDrive/AISC DeepFake Çalışmaları/FaceForensics_Projesi/fake_frames/train/FaceSwap_068_028/frame_000013.jpg,/content/drive/MyDrive/AISC DeepFake Çalışmaları/Deney 1 Frame/Fake/train/fake_train_00475.jpg,fake_train_00475.jpg
Fake,train,/content/drive/MyDrive/AISC DeepFake Çalışmaları/FaceForensics_Projesi/fake_frames/train/DeepFakeDetection_06_27__walking_and_outside_surprised__SZWVBWY4/frame_000006.jpg,/content/drive/MyDrive/AISC DeepFake Çalışmaları/Deney 1 Frame/Fake/train/fake_train_00476.jpg,fake_train_00476.jpg
Fake,train,/content/drive/MyDrive/AISC DeepFake Çalışmaları/FaceForensics_Projesi/fake_frames/train/Face2Face_716_712/frame_000029.jpg,/content/drive/MyDrive/AISC DeepFake Çalışmaları/Deney 1 Frame/Fake/train/fake_train_00477.jpg,fake_train_00477.jpg
Fake,train,/content/drive/MyDrive/AISC DeepFake Çalışmaları/FaceForensics_Projesi/fake_frames/train/FaceShifter_390_709/frame_000028.jpg,/content/drive/MyDrive/AISC DeepFake Çalışmaları/Deney 1 Frame/Fake/train/fake_train_00478.jpg,fake_train_00478.jpg
Fake,train,/content/drive/MyDrive/AISC DeepFake Çalışmaları/FaceForensics_Projesi/fake_frames/train/FaceShifter_075_977/frame_000020.jpg,/content/drive/MyDrive/AISC DeepFake Çalışmaları/Deney 1 Frame/Fake/train/fake_train_00479.jpg,fake_train_00479.jpg
Fake,train,/content/drive/MyDrive/AISC DeepFake Çalışmaları/FaceForensics_Projesi/fake_frames/train/Deepfakes_775_742/frame_000001.jpg,/content/drive/MyDrive/AISC DeepFake Çalışmaları/Deney 1 Frame/Fake/train/fake_train_00480.jpg,fake_train_00480.jpg
Fake,train,/content/drive/MyDrive/AISC DeepFake Çalışmaları/FaceForensics_Projesi/fake_frames/train/FaceShifter_536_540/frame_000027.jpg,/content/drive/MyDrive/AISC DeepFake Çalışmaları/Deney 1 Frame/Fake/train/fake_train_00481.jpg,fake_train_00481.jpg
Fake,train,/content/drive/MyDrive/AISC DeepFake Çalışmaları/FaceForensics_Projesi/fake_frames/train/FaceSwap_220_219/frame_000014.jpg,/content/drive/MyDrive/AISC DeepFake Çalışmaları/Deney 1 Frame/Fake/train/fake_train_00482.jpg,fake_train_00482.jpg
Fake,train,/content/drive/MyDrive/AISC DeepFake Çalışmaları/FaceForensics_Projesi/fake_frames/train/Face2Face_667_446/frame_000000.jpg,/content/drive/MyDrive/AISC DeepFake Çalışmaları/Deney 1 Frame/Fake/train/fake_train_00483.jpg,fake_train_00483.jpg
Fake,train,/content/drive/MyDrive/AISC DeepFake Çalışmaları/FaceForensics_Projesi/fake_frames/train/DeepFakeDetection_14_18__kitchen_still__0YRBHIKG/frame_000037.jpg,/content/drive/MyDrive/AISC DeepFake Çalışmaları/Deney 1 Frame/Fake/train/fake_train_00484.jpg,fake_train_00484.jpg
Fake,train,/content/drive/MyDrive/AISC DeepFake Çalışmaları/FaceForensics_Projesi/fake_frames/train/FaceShifter_817_827/frame_000002.jpg,/content/drive/MyDrive/AISC DeepFake Çalışmaları/Deney 1 Frame/Fake/train/fake_train_00485.jpg,fake_train_00485.jpg
Fake,train,/content/drive/MyDrive/AISC DeepFake Çalışmaları/FaceForensics_Projesi/fake_frames/train/Deepfakes_961_069/frame_000002.jpg,/content/drive/MyDrive/AISC DeepFake Çalışmaları/Deney 1 Frame/Fake/train/fake_train_00486.jpg,fake_train_00486.jpg
Fake,train,/content/drive/MyDrive/AISC DeepFake Çalışmaları/FaceForensics_Projesi/fake_frames/train/Face2Face_735_774/frame_000009.jpg,/content/drive/MyDrive/AISC DeepFake Çalışmaları/Deney 1 Frame/Fake/train/fake_train_00487.jpg,fake_train_00487.jpg
Fake,train,/content/drive/MyDrive/AISC DeepFake Çalışmaları/FaceForensics_Projesi/fake_frames/train/FaceShifter_059_050/frame_000012.jpg,/content/drive/MyDrive/AISC DeepFake Çalışmaları/Deney 1 Frame/Fake/train/fake_train_00488.jpg,fake_train_00488.jpg
Fake,train,/content/drive/MyDrive/AISC DeepFake Çalışmaları/FaceForensics_Projesi/fake_frames/train/DeepFakeDetection_04_21__talking_angry_couch__5Y31RZP8/frame_000079.jpg,/content/drive/MyDrive/AISC DeepFake Çalışmaları/Deney 1 Frame/Fake/train/fake_train_00489.jpg,fake_train_00489.jpg
Fake,train,/content/drive/MyDrive/AISC DeepFake Çalışmaları/FaceForensics_Projesi/fake_frames/train/FaceSwap_279_298/frame_000003.jpg,/content/drive/MyDrive/AISC DeepFake Çalışmaları/Deney 1 Frame/Fake/train/fake_train_00490.jpg,fake_train_00490.jpg
Fake,train,/content/drive/MyDrive/AISC DeepFake Çalışmaları/FaceForensics_Projesi/fake_frames/train/Face2Face_311_387/frame_000017.jpg,/content/drive/MyDrive/AISC DeepFake Çalışmaları/Deney 1 Frame/Fake/train/fake_train_00491.jpg,fake_train_00491.jpg
Fake,train,/content/drive/MyDrive/AISC DeepFake Çalışmaları/FaceForensics_Projesi/fake_frames/train/NeuralTextures_541_523/frame_000005.jpg,/content/drive/MyDrive/AISC DeepFake Çalışmaları/Deney 1 Frame/Fake/train/fake_train_00492.jpg,fake_train_00492.jpg
Fake,train,/content/drive/MyDrive/AISC DeepFake Çalışmaları/FaceForensics_Projesi/fake_frames/train/Deepfakes_773_652/frame_000019.jpg,/content/drive/MyDrive/AISC DeepFake Çalışmaları/Deney 1 Frame/Fake/train/fake_train_00493.jpg,fake_train_00493.jpg
Fake,train,/content/drive/MyDrive/AISC DeepFake Çalışmaları/FaceForensics_Projesi/fake_frames/train/Face2Face_780_869/frame_000019.jpg,/content/drive/MyDrive/AISC DeepFake Çalışmaları/Deney 1 Frame/Fake/train/fake_train_00494.jpg,fake_train_00494.jpg
Fake,train,/content/drive/MyDrive/AISC DeepFake Çalışmaları/FaceForensics_Projesi/fake_frames/train/NeuralTextures_854_747/frame_000016.jpg,/content/drive/MyDrive/AISC DeepFake Çalışmaları/Deney 1 Frame/Fake/train/fake_train_00495.jpg,fake_train_00495.jpg
Fake,train,/content/drive/MyDrive/AISC DeepFake Çalışmaları/FaceForensics_Projesi/fake_frames/train/DeepFakeDetection_01_04__talking_angry_couch__0XUW13RW (1)/frame_000056.jpg,/content/drive/MyDrive/AISC DeepFake Çalışmaları/Deney 1 Frame/Fake/train/fake_train_00496.jpg,fake_train_00496.jpg
Fake,train,/content/drive/MyDrive/AISC DeepFake Çalışmaları/FaceForensics_Projesi/fake_frames/train/FaceSwap_106_198/frame_000011.jpg,/content/drive/MyDrive/AISC DeepFake Çalışmaları/Deney 1 Frame/Fake/train/fake_train_00497.jpg,fake_train_00497.jpg
Fake,train,/content/drive/MyDrive/AISC DeepFake Çalışmaları/FaceForensics_Projesi/fake_frames/train/FaceShifter_018_019/frame_000010.jpg,/content/drive/MyDrive/AISC DeepFake Çalışmaları/Deney 1 Frame/Fake/train/fake_train_00498.jpg,fake_train_00498.jpg
Fake,train,/content/drive/MyDrive/AISC DeepFake Çalışmaları/FaceForensics_Projesi/fake_frames/train/Deepfakes_930_763/frame_000018.jpg,/content/drive/MyDrive/AISC DeepFake Çalışmaları/Deney 1 Frame/Fake/train/fake_train_00499.jpg,fake_train_00499.jpg
Fake,train,/content/drive/MyDrive/AISC DeepFake Çalışmaları/FaceForensics_Projesi/fake_frames/train/Deepfakes_736_785/frame_000003.jpg,/content/drive/MyDrive/AISC DeepFake Çalışmaları/Deney 1 Frame/Fake/train/fake_train_00500.jpg,fake_train_00500.jpg
Fake,train,/content/drive/MyDrive/AISC DeepFake Çalışmaları/FaceForensics_Projesi/fake_frames/train/Face2Face_930_763/frame_000016.jpg,/content/drive/MyDrive/AISC DeepFake Çalışmaları/Deney 1 Frame/Fake/train/fake_train_00501.jpg,fake_train_00501.jpg
Fake,train,/content/drive/MyDrive/AISC DeepFake Çalışmaları/FaceForensics_Projesi/fake_frames/train/FaceShifter_457_398/frame_000025.jpg,/content/drive/MyDrive/AISC DeepFake Çalışmaları/Deney 1 Frame/Fake/train/fake_train_00502.jpg,fake_train_00502.jpg
Fake,train,/content/drive/MyDrive/AISC DeepFake Çalışmaları/FaceForensics_Projesi/fake_frames/train/NeuralTextures_835_651/frame_000021.jpg,/content/drive/MyDrive/AISC DeepFake Çalışmaları/Deney 1 Frame/Fake/train/fake_train_00503.jpg,fake_train_00503.jpg
Fake,train,/content/drive/MyDrive/AISC DeepFake Çalışmaları/FaceForensics_Projesi/fake_frames/train/DeepFakeDetection_02_15__hugging_happy__MZWH8ATN/frame_000024.jpg,/content/drive/MyDrive/AISC DeepFake Çalışmaları/Deney 1 Frame/Fake/train/fake_train_00504.jpg,fake_train_00504.jpg
Fake,train,/content/drive/MyDrive/AISC DeepFake Çalışmaları/FaceForensics_Projesi/fake_frames/train/Deepfakes_279_298/frame_000025.jpg,/content/drive/MyDrive/AISC DeepFake Çalışmaları/Deney 1 Frame/Fake/train/fake_train_00505.jpg,fake_train_00505.jpg
Fake,train,/content/drive/MyDrive/AISC DeepFake Çalışmaları/FaceForensics_Projesi/fake_frames/train/DeepFakeDetection_24_19__outside_talking_still_laughing__RKQTC50P/frame_000050.jpg,/content/drive/MyDrive/AISC DeepFake Çalışmaları/Deney 1 Frame/Fake/train/fake_train_00506.jpg,fake_train_00506.jpg
Fake,train,/content/drive/MyDrive/AISC DeepFake Çalışmaları/FaceForensics_Projesi/fake_frames/train/Deepfakes_605_591/frame_000024.jpg,/content/drive/MyDrive/AISC DeepFake Çalışmaları/Deney 1 Frame/Fake/train/fake_train_00507.jpg,fake_train_00507.jpg
Fake,train,/content/drive/MyDrive/AISC DeepFake Çalışmaları/FaceForensics_Projesi/fake_frames/train/Face2Face_253_183/frame_000000.jpg,/content/drive/MyDrive/AISC DeepFake Çalışmaları/Deney 1 Frame/Fake/train/fake_train_00508.jpg,fake_train_00508.jpg
Fake,train,/content/drive/MyDrive/AISC DeepFake Çalışmaları/FaceForensics_Projesi/fake_frames/train/DeepFakeDetection_10_22__kitchen_still__EHARPYBT/frame_000025.jpg,/content/drive/MyDrive/AISC DeepFake Çalışmaları/Deney 1 Frame/Fake/train/fake_train_00509.jpg,fake_train_00509.jpg
Fake,train,/content/drive/MyDrive/AISC DeepFake Çalışmaları/FaceForensics_Projesi/fake_frames/train/FaceSwap_732_691/frame_000015.jpg,/content/drive/MyDrive/AISC DeepFake Çalışmaları/Deney 1 Frame/Fake/train/fake_train_00510.jpg,fake_train_00510.jpg
Fake,train,/content/drive/MyDrive/AISC DeepFake Çalışmaları/FaceForensics_Projesi/fake_frames/train/DeepFakeDetection_09_20__podium_speech_happy__O5X0AWR9/frame_000016.jpg,/content/drive/MyDrive/AISC DeepFake Çalışmaları/Deney 1 Frame/Fake/train/fake_train_00511.jpg,fake_train_00511.jpg
Fake,train,/content/drive/MyDrive/AISC DeepFake Çalışmaları/FaceForensics_Projesi/fake_frames/train/DeepFakeDetection_22_24__outside_talking_still_laughing__XL557XC6/frame_000032.jpg,/content/drive/MyDrive/AISC DeepFake Çalışmaları/Deney 1 Frame/Fake/train/fake_train_00512.jpg,fake_train_00512.jpg
Fake,train,/content/drive/MyDrive/AISC DeepFake Çalışmaları/FaceForensics_Projesi/fake_frames/train/DeepFakeDetection_14_21__exit_phone_room__IRKML4J0/frame_000017.jpg,/content/drive/MyDrive/AISC DeepFake Çalışmaları/Deney 1 Frame/Fake/train/fake_train_00513.jpg,fake_train_00513.jpg
Fake,train,/content/drive/MyDrive/AISC DeepFake Çalışmaları/FaceForensics_Projesi/fake_frames/train/Face2Face_059_050/frame_000001.jpg,/content/drive/MyDrive/AISC DeepFake Çalışmaları/Deney 1 Frame/Fake/train/fake_train_00514.jpg,fake_train_00514.jpg
Fake,train,/content/drive/MyDrive/AISC DeepFake Çalışmaları/FaceForensics_Projesi/fake_frames/train/DeepFakeDetection_08_16__podium_speech_happy__8Q7JCS95/frame_000025.jpg,/content/drive/MyDrive/AISC DeepFake Çalışmaları/Deney 1 Frame/Fake/train/fake_train_00515.jpg,fake_train_00515.jpg
Fake,train,/content/drive/MyDrive/AISC DeepFake Çalışmaları/FaceForensics_Projesi/fake_frames/train/NeuralTextures_553_545/frame_000016.jpg,/content/drive/MyDrive/AISC DeepFake Çalışmaları/Deney 1 Frame/Fake/train/fake_train_00516.jpg,fake_train_00516.jpg
Fake,train,/content/drive/MyDrive/AISC DeepFake Çalışmaları/FaceForensics_Projesi/fake_frames/train/FaceShifter_814_871/frame_000018.jpg,/content/drive/MyDrive/AISC DeepFake Çalışmaları/Deney 1 Frame/Fake/train/fake_train_00517.jpg,fake_train_00517.jpg
Fake,train,/content/drive/MyDrive/AISC DeepFake Çalışmaları/FaceForensics_Projesi/fake_frames/train/FaceSwap_280_249/frame_000017.jpg,/content/drive/MyDrive/AISC DeepFake Çalışmaları/Deney 1 Frame/Fake/train/fake_train_00518.jpg,fake_train_00518.jpg
Fake,train,/content/drive/MyDrive/AISC DeepFake Çalışmaları/FaceForensics_Projesi/fake_frames/train/FaceSwap_407_374/frame_000003.jpg,/content/drive/MyDrive/AISC DeepFake Çalışmaları/Deney 1 Frame/Fake/train/fake_train_00519.jpg,fake_train_00519.jpg
Fake,train,/content/drive/MyDrive/AISC DeepFake Çalışmaları/FaceForensics_Projesi/fake_frames/train/NeuralTextures_126_104/frame_000000.jpg,/content/drive/MyDrive/AISC DeepFake Çalışmaları/Deney 1 Frame/Fake/train/fake_train_00520.jpg,fake_train_00520.jpg
Fake,train,/content/drive/MyDrive/AISC DeepFake Çalışmaları/FaceForensics_Projesi/fake_frames/train/FaceSwap_518_131/frame_000006.jpg,/content/drive/MyDrive/AISC DeepFake Çalışmaları/Deney 1 Frame/Fake/train/fake_train_00521.jpg,fake_train_00521.jpg
Fake,train,/content/drive/MyDrive/AISC DeepFake Çalışmaları/FaceForensics_Projesi/fake_frames/train/NeuralTextures_008_990/frame_000012.jpg,/content/drive/MyDrive/AISC DeepFake Çalışmaları/Deney 1 Frame/Fake/train/fake_train_00522.jpg,fake_train_00522.jpg
Fake,train,/content/drive/MyDrive/AISC DeepFake Çalışmaları/FaceForensics_Projesi/fake_frames/train/NeuralTextures_723_704/frame_000014.jpg,/content/drive/MyDrive/AISC DeepFake Çalışmaları/Deney 1 Frame/Fake/train/fake_train_00523.jpg,fake_train_00523.jpg
Fake,train,/content/drive/MyDrive/AISC DeepFake Çalışmaları/FaceForensics_Projesi/fake_frames/train/Face2Face_916_783/frame_000018.jpg,/content/drive/MyDrive/AISC DeepFake Çalışmaları/Deney 1 Frame/Fake/train/fake_train_00524.jpg,fake_train_00524.jpg
Fake,train,/content/drive/MyDrive/AISC DeepFake Çalışmaları/FaceForensics_Projesi/fake_frames/train/NeuralTextures_688_645/frame_000008.jpg,/content/drive/MyDrive/AISC DeepFake Çalışmaları/Deney 1 Frame/Fake/train/fake_train_00525.jpg,fake_train_00525.jpg
Fake,train,/content/drive/MyDrive/AISC DeepFake Çalışmaları/FaceForensics_Projesi/fake_frames/train/Deepfakes_877_886/frame_000024.jpg,/content/drive/MyDrive/AISC DeepFake Çalışmaları/Deney 1 Frame/Fake/train/fake_train_00526.jpg,fake_train_00526.jpg
Fake,train,/content/drive/MyDrive/AISC DeepFake Çalışmaları/FaceForensics_Projesi/fake_frames/train/DeepFakeDetection_02_15__talking_angry_couch__I8G2LWD1/frame_000057.jpg,/content/drive/MyDrive/AISC DeepFake Çalışmaları/Deney 1 Frame/Fake/train/fake_train_00527.jpg,fake_train_00527.jpg
Fake,train,/content/drive/MyDrive/AISC DeepFake Çalışmaları/FaceForensics_Projesi/fake_frames/train/DeepFakeDetection_27_18__talking_against_wall__3GLHD5MH/frame_000018.jpg,/content/drive/MyDrive/AISC DeepFake Çalışmaları/Deney 1 Frame/Fake/train/fake_train_00528.jpg,fake_train_00528.jpg
Fake,train,/content/drive/MyDrive/AISC DeepFake Çalışmaları/FaceForensics_Projesi/fake_frames/train/FaceShifter_277_335/frame_000008.jpg,/content/drive/MyDrive/AISC DeepFake Çalışmaları/Deney 1 Frame/Fake/train/fake_train_00529.jpg,fake_train_00529.jpg
Fake,train,/content/drive/MyDrive/AISC DeepFake Çalışmaları/FaceForensics_Projesi/fake_frames/train/FaceSwap_714_842/frame_000016.jpg,/content/drive/MyDrive/AISC DeepFake Çalışmaları/Deney 1 Frame/Fake/train/fake_train_00530.jpg,fake_train_00530.jpg
Fake,train,/content/drive/MyDrive/AISC DeepFake Çalışmaları/FaceForensics_Projesi/fake_frames/train/DeepFakeDetection_23_24__kitchen_pan__YR5OVD4S/frame_000010.jpg,/content/drive/MyDrive/AISC DeepFake Çalışmaları/Deney 1 Frame/Fake/train/fake_train_00531.jpg,fake_train_00531.jpg
Fake,train,/content/drive/MyDrive/AISC DeepFake Çalışmaları/FaceForensics_Projesi/fake_frames/train/FaceSwap_043_110/frame_000020.jpg,/content/drive/MyDrive/AISC DeepFake Çalışmaları/Deney 1 Frame/Fake/train/fake_train_00532.jpg,fake_train_00532.jpg
Fake,train,/content/drive/MyDrive/AISC DeepFake Çalışmaları/FaceForensics_Projesi/fake_frames/train/FaceShifter_867_765/frame_000031.jpg,/content/drive/MyDrive/AISC DeepFake Çalışmaları/Deney 1 Frame/Fake/train/fake_train_00533.jpg,fake_train_00533.jpg
Fake,train,/content/drive/MyDrive/AISC DeepFake Çalışmaları/FaceForensics_Projesi/fake_frames/train/FaceSwap_968_884/frame_000016.jpg,/content/drive/MyDrive/AISC DeepFake Çalışmaları/Deney 1 Frame/Fake/train/fake_train_00534.jpg,fake_train_00534.jpg
Fake,train,/content/drive/MyDrive/AISC DeepFake Çalışmaları/FaceForensics_Projesi/fake_frames/train/DeepFakeDetection_07_14__walking_down_street_outside_angry__VOX29AK0/frame_000032.jpg,/content/drive/MyDrive/AISC DeepFake Çalışmaları/Deney 1 Frame/Fake/train/fake_train_00535.jpg,fake_train_00535.jpg
Fake,train,/content/drive/MyDrive/AISC DeepFake Çalışmaları/FaceForensics_Projesi/fake_frames/train/FaceShifter_981_985/frame_000015.jpg,/content/drive/MyDrive/AISC DeepFake Çalışmaları/Deney 1 Frame/Fake/train/fake_train_00536.jpg,fake_train_00536.jpg
Fake,train,/content/drive/MyDrive/AISC DeepFake Çalışmaları/FaceForensics_Projesi/fake_frames/train/FaceShifter_331_260/frame_000022.jpg,/content/drive/MyDrive/AISC DeepFake Çalışmaları/Deney 1 Frame/Fake/train/fake_train_00537.jpg,fake_train_00537.jpg
Fake,train,/content/drive/MyDrive/AISC DeepFake Çalışmaları/FaceForensics_Projesi/fake_frames/train/FaceShifter_717_684/frame_000008.jpg,/content/drive/MyDrive/AISC DeepFake Çalışmaları/Deney 1 Frame/Fake/train/fake_train_00538.jpg,fake_train_00538.jpg
Fake,train,/content/drive/MyDrive/AISC DeepFake Çalışmaları/FaceForensics_Projesi/fake_frames/train/FaceShifter_061_080/frame_000011.jpg,/content/drive/MyDrive/AISC DeepFake Çalışmaları/Deney 1 Frame/Fake/train/fake_train_00539.jpg,fake_train_00539.jpg
Fake,train,/content/drive/MyDrive/AISC DeepFake Çalışmaları/FaceForensics_Projesi/fake_frames/train/FaceSwap_113_983/frame_000008.jpg,/content/drive/MyDrive/AISC DeepFake Çalışmaları/Deney 1 Frame/Fake/train/fake_train_00540.jpg,fake_train_00540.jpg
Fake,train,/content/drive/MyDrive/AISC DeepFake Çalışmaları/FaceForensics_Projesi/fake_frames/train/FaceSwap_921_569/frame_000000.jpg,/content/drive/MyDrive/AISC DeepFake Çalışmaları/Deney 1 Frame/Fake/train/fake_train_00541.jpg,fake_train_00541.jpg
Fake,train,/content/drive/MyDrive/AISC DeepFake Çalışmaları/FaceForensics_Projesi/fake_frames/train/FaceShifter_289_228/frame_000034.jpg,/content/drive/MyDrive/AISC DeepFake Çalışmaları/Deney 1 Frame/Fake/train/fake_train_00542.jpg,fake_train_00542.jpg
Fake,train,/content/drive/MyDrive/AISC DeepFake Çalışmaları/FaceForensics_Projesi/fake_frames/train/FaceShifter_443_514/frame_000046.jpg,/content/drive/MyDrive/AISC DeepFake Çalışmaları/Deney 1 Frame/Fake/train/fake_train_00543.jpg,fake_train_00543.jpg
Fake,train,/content/drive/MyDrive/AISC DeepFake Çalışmaları/FaceForensics_Projesi/fake_frames/train/Face2Face_600_505/frame_000000.jpg,/content/drive/MyDrive/AISC DeepFake Çalışmaları/Deney 1 Frame/Fake/train/fake_train_00544.jpg,fake_train_00544.jpg
Fake,train,/content/drive/MyDrive/AISC DeepFake Çalışmaları/FaceForensics_Projesi/fake_frames/train/Deepfakes_188_191/frame_000012.jpg,/content/drive/MyDrive/AISC DeepFake Çalışmaları/Deney 1 Frame/Fake/train/fake_train_00545.jpg,fake_train_00545.jpg
Fake,train,/content/drive/MyDrive/AISC DeepFake Çalışmaları/FaceForensics_Projesi/fake_frames/train/DeepFakeDetection_13_04__talking_angry_couch__00T3UYOR/frame_000034.jpg,/content/drive/MyDrive/AISC DeepFake Çalışmaları/Deney 1 Frame/Fake/train/fake_train_00546.jpg,fake_train_00546.jpg
Fake,train,/content/drive/MyDrive/AISC DeepFake Çalışmaları/FaceForensics_Projesi/fake_frames/train/Face2Face_765_867/frame_000023.jpg,/content/drive/MyDrive/AISC DeepFake Çalışmaları/Deney 1 Frame/Fake/train/fake_train_00547.jpg,fake_train_00547.jpg
Fake,train,/content/drive/MyDrive/AISC DeepFake Çalışmaları/FaceForensics_Projesi/fake_frames/train/NeuralTextures_381_376/frame_000019.jpg,/content/drive/MyDrive/AISC DeepFake Çalışmaları/Deney 1 Frame/Fake/train/fake_train_00548.jpg,fake_train_00548.jpg
Fake,train,/content/drive/MyDrive/AISC DeepFake Çalışmaları/FaceForensics_Projesi/fake_frames/train/FaceSwap_219_220/frame_000015.jpg,/content/drive/MyDrive/AISC DeepFake Çalışmaları/Deney 1 Frame/Fake/train/fake_train_00549.jpg,fake_train_00549.jpg
Fake,train,/content/drive/MyDrive/AISC DeepFake Çalışmaları/FaceForensics_Projesi/fake_frames/train/Face2Face_020_344/frame_000025.jpg,/content/drive/MyDrive/AISC DeepFake Çalışmaları/Deney 1 Frame/Fake/train/fake_train_00550.jpg,fake_train_00550.jpg
Fake,train,/content/drive/MyDrive/AISC DeepFake Çalışmaları/FaceForensics_Projesi/fake_frames/train/Deepfakes_832_762/frame_000006.jpg,/content/drive/MyDrive/AISC DeepFake Çalışmaları/Deney 1 Frame/Fake/train/fake_train_00551.jpg,fake_train_00551.jpg
Fake,train,/content/drive/MyDrive/AISC DeepFake Çalışmaları/FaceForensics_Projesi/fake_frames/train/DeepFakeDetection_14_15__talking_angry_couch__RF38N10R/frame_000089.jpg,/content/drive/MyDrive/AISC DeepFake Çalışmaları/Deney 1 Frame/Fake/train/fake_train_00552.jpg,fake_train_00552.jpg
Fake,train,/content/drive/MyDrive/AISC DeepFake Çalışmaları/FaceForensics_Projesi/fake_frames/train/NeuralTextures_861_858/frame_000025.jpg,/content/drive/MyDrive/AISC DeepFake Çalışmaları/Deney 1 Frame/Fake/train/fake_train_00553.jpg,fake_train_00553.jpg
Fake,train,/content/drive/MyDrive/AISC DeepFake Çalışmaları/FaceForensics_Projesi/fake_frames/train/DeepFakeDetection_19_24__outside_talking_still_laughing__59PN7WZ2/frame_000009.jpg,/content/drive/MyDrive/AISC DeepFake Çalışmaları/Deney 1 Frame/Fake/train/fake_train_00554.jpg,fake_train_00554.jpg
Fake,train,/content/drive/MyDrive/AISC DeepFake Çalışmaları/FaceForensics_Projesi/fake_frames/train/NeuralTextures_360_437/frame_000001.jpg,/content/drive/MyDrive/AISC DeepFake Çalışmaları/Deney 1 Frame/Fake/train/fake_train_00555.jpg,fake_train_00555.jpg
Fake,train,/content/drive/MyDrive/AISC DeepFake Çalışmaları/FaceForensics_Projesi/fake_frames/train/FaceSwap_341_340/frame_000009.jpg,/content/drive/MyDrive/AISC DeepFake Çalışmaları/Deney 1 Frame/Fake/train/fake_train_00556.jpg,fake_train_00556.jpg
Fake,train,/content/drive/MyDrive/AISC DeepFake Çalışmaları/FaceForensics_Projesi/fake_frames/train/FaceSwap_138_142/frame_000010.jpg,/content/drive/MyDrive/AISC DeepFake Çalışmaları/Deney 1 Frame/Fake/train/fake_train_00557.jpg,fake_train_00557.jpg
Fake,train,/content/drive/MyDrive/AISC DeepFake Çalışmaları/FaceForensics_Projesi/fake_frames/train/FaceShifter_106_198/frame_000007.jpg,/content/drive/MyDrive/AISC DeepFake Çalışmaları/Deney 1 Frame/Fake/train/fake_train_00558.jpg,fake_train_00558.jpg
Fake,train,/content/drive/MyDrive/AISC DeepFake Çalışmaları/FaceForensics_Projesi/fake_frames/train/Deepfakes_238_282/frame_000015.jpg,/content/drive/MyDrive/AISC DeepFake Çalışmaları/Deney 1 Frame/Fake/train/fake_train_00559.jpg,fake_train_00559.jpg
Fake,train,/content/drive/MyDrive/AISC DeepFake Çalışmaları/FaceForensics_Projesi/fake_frames/train/Face2Face_642_635/frame_000035.jpg,/content/drive/MyDrive/AISC DeepFake Çalışmaları/Deney 1 Frame/Fake/train/fake_train_00560.jpg,fake_train_00560.jpg
Fake,train,/content/drive/MyDrive/AISC DeepFake Çalışmaları/FaceForensics_Projesi/fake_frames/train/FaceShifter_964_174/frame_000001.jpg,/content/drive/MyDrive/AISC DeepFake Çalışmaları/Deney 1 Frame/Fake/train/fake_train_00561.jpg,fake_train_00561.jpg
Fake,train,/content/drive/MyDrive/AISC DeepFake Çalışmaları/FaceForensics_Projesi/fake_frames/train/Deepfakes_825_074/frame_000025.jpg,/content/drive/MyDrive/AISC DeepFake Çalışmaları/Deney 1 Frame/Fake/train/fake_train_00562.jpg,fake_train_00562.jpg
Fake,train,/content/drive/MyDrive/AISC DeepFake Çalışmaları/FaceForensics_Projesi/fake_frames/train/DeepFakeDetection_08_16__podium_speech_happy__8Q7JCS95/frame_000019.jpg,/content/drive/MyDrive/AISC DeepFake Çalışmaları/Deney 1 Frame/Fake/train/fake_train_00563.jpg,fake_train_00563.jpg
Fake,train,/content/drive/MyDrive/AISC DeepFake Çalışmaları/FaceForensics_Projesi/fake_frames/train/FaceSwap_748_355/frame_000009.jpg,/content/drive/MyDrive/AISC DeepFake Çalışmaları/Deney 1 Frame/Fake/train/fake_train_00564.jpg,fake_train_00564.jpg
Fake,train,/content/drive/MyDrive/AISC DeepFake Çalışmaları/FaceForensics_Projesi/fake_frames/train/FaceSwap_682_669/frame_000011.jpg,/content/drive/MyDrive/AISC DeepFake Çalışmaları/Deney 1 Frame/Fake/train/fake_train_00565.jpg,fake_train_00565.jpg
Fake,train,/content/drive/MyDrive/AISC DeepFake Çalışmaları/FaceForensics_Projesi/fake_frames/train/DeepFakeDetection_04_13__podium_speech_happy__00T3UYOR/frame_000032.jpg,/content/drive/MyDrive/AISC DeepFake Çalışmaları/Deney 1 Frame/Fake/train/fake_train_00566.jpg,fake_train_00566.jpg
Fake,train,/content/drive/MyDrive/AISC DeepFake Çalışmaları/FaceForensics_Projesi/fake_frames/train/FaceSwap_265_475/frame_000015.jpg,/content/drive/MyDrive/AISC DeepFake Çalışmaları/Deney 1 Frame/Fake/train/fake_train_00567.jpg,fake_train_00567.jpg
Fake,train,/content/drive/MyDrive/AISC DeepFake Çalışmaları/FaceForensics_Projesi/fake_frames/train/FaceSwap_979_875/frame_000007.jpg,/content/drive/MyDrive/AISC DeepFake Çalışmaları/Deney 1 Frame/Fake/train/fake_train_00568.jpg,fake_train_00568.jpg
Fake,train,/content/drive/MyDrive/AISC DeepFake Çalışmaları/FaceForensics_Projesi/fake_frames/train/Face2Face_747_854/frame_000001.jpg,/content/drive/MyDrive/AISC DeepFake Çalışmaları/Deney 1 Frame/Fake/train/fake_train_00569.jpg,fake_train_00569.jpg
Fake,train,/content/drive/MyDrive/AISC DeepFake Çalışmaları/FaceForensics_Projesi/fake_frames/train/Deepfakes_036_035/frame_000019.jpg,/content/drive/MyDrive/AISC DeepFake Çalışmaları/Deney 1 Frame/Fake/train/fake_train_00570.jpg,fake_train_00570.jpg
Fake,train,/content/drive/MyDrive/AISC DeepFake Çalışmaları/FaceForensics_Projesi/fake_frames/train/Face2Face_779_794/frame_000003.jpg,/content/drive/MyDrive/AISC DeepFake Çalışmaları/Deney 1 Frame/Fake/train/fake_train_00571.jpg,fake_train_00571.jpg
Fake,train,/content/drive/MyDrive/AISC DeepFake Çalışmaları/FaceForensics_Projesi/fake_frames/train/Face2Face_330_162/frame_000029.jpg,/content/drive/MyDrive/AISC DeepFake Çalışmaları/Deney 1 Frame/Fake/train/fake_train_00572.jpg,fake_train_00572.jpg
Fake,train,/content/drive/MyDrive/AISC DeepFake Çalışmaları/FaceForensics_Projesi/fake_frames/train/Deepfakes_086_090/frame_000003.jpg,/content/drive/MyDrive/AISC DeepFake Çalışmaları/Deney 1 Frame/Fake/train/fake_train_00573.jpg,fake_train_00573.jpg
Fake,train,/content/drive/MyDrive/AISC DeepFake Çalışmaları/FaceForensics_Projesi/fake_frames/train/DeepFakeDetection_06_18__talking_angry_couch__DEA1TCLN/frame_000048.jpg,/content/drive/MyDrive/AISC DeepFake Çalışmaları/Deney 1 Frame/Fake/train/fake_train_00574.jpg,fake_train_00574.jpg
Fake,train,/content/drive/MyDrive/AISC DeepFake Çalışmaları/FaceForensics_Projesi/fake_frames/train/Deepfakes_801_855/frame_000016.jpg,/content/drive/MyDrive/AISC DeepFake Çalışmaları/Deney 1 Frame/Fake/train/fake_train_00575.jpg,fake_train_00575.jpg
Fake,train,/content/drive/MyDrive/AISC DeepFake Çalışmaları/FaceForensics_Projesi/fake_frames/train/Deepfakes_793_768/frame_000011.jpg,/content/drive/MyDrive/AISC DeepFake Çalışmaları/Deney 1 Frame/Fake/train/fake_train_00576.jpg,fake_train_00576.jpg
Fake,train,/content/drive/MyDrive/AISC DeepFake Çalışmaları/FaceForensics_Projesi/fake_frames/train/DeepFakeDetection_02_06__walking_and_outside_surprised__N8OSN8P6/frame_000010.jpg,/content/drive/MyDrive/AISC DeepFake Çalışmaları/Deney 1 Frame/Fake/train/fake_train_00577.jpg,fake_train_00577.jpg
Fake,train,/content/drive/MyDrive/AISC DeepFake Çalışmaları/FaceForensics_Projesi/fake_frames/train/DeepFakeDetection_12_15__walking_and_outside_surprised__N0SRODQD/frame_000028.jpg,/content/drive/MyDrive/AISC DeepFake Çalışmaları/Deney 1 Frame/Fake/train/fake_train_00578.jpg,fake_train_00578.jpg
Fake,train,/content/drive/MyDrive/AISC DeepFake Çalışmaları/FaceForensics_Projesi/fake_frames/train/DeepFakeDetection_01_03__podium_speech_happy__480LQD1C/frame_000014.jpg,/content/drive/MyDrive/AISC DeepFake Çalışmaları/Deney 1 Frame/Fake/train/fake_train_00579.jpg,fake_train_00579.jpg
Fake,train,/content/drive/MyDrive/AISC DeepFake Çalışmaları/FaceForensics_Projesi/fake_frames/train/FaceSwap_384_932/frame_000004.jpg,/content/drive/MyDrive/AISC DeepFake Çalışmaları/Deney 1 Frame/Fake/train/fake_train_00580.jpg,fake_train_00580.jpg
Fake,train,/content/drive/MyDrive/AISC DeepFake Çalışmaları/FaceForensics_Projesi/fake_frames/train/DeepFakeDetection_26_27__talking_angry_couch__IE9N0ZI9/frame_000077.jpg,/content/drive/MyDrive/AISC DeepFake Çalışmaları/Deney 1 Frame/Fake/train/fake_train_00581.jpg,fake_train_00581.jpg
Fake,train,/content/drive/MyDrive/AISC DeepFake Çalışmaları/FaceForensics_Projesi/fake_frames/train/NeuralTextures_565_589/frame_000003.jpg,/content/drive/MyDrive/AISC DeepFake Çalışmaları/Deney 1 Frame/Fake/train/fake_train_00582.jpg,fake_train_00582.jpg
Fake,train,/content/drive/MyDrive/AISC DeepFake Çalışmaları/FaceForensics_Projesi/fake_frames/train/DeepFakeDetection_06_02__walking_down_indoor_hall_disgust__GH8TGTBS/frame_000057.jpg,/content/drive/MyDrive/AISC DeepFake Çalışmaları/Deney 1 Frame/Fake/train/fake_train_00583.jpg,fake_train_00583.jpg
Fake,train,/content/drive/MyDrive/AISC DeepFake Çalışmaları/FaceForensics_Projesi/fake_frames/train/FaceShifter_180_105/frame_000027.jpg,/content/drive/MyDrive/AISC DeepFake Çalışmaları/Deney 1 Frame/Fake/train/fake_train_00584.jpg,fake_train_00584.jpg
Fake,train,/content/drive/MyDrive/AISC DeepFake Çalışmaları/FaceForensics_Projesi/fake_frames/train/NeuralTextures_422_695/frame_000012.jpg,/content/drive/MyDrive/AISC DeepFake Çalışmaları/Deney 1 Frame/Fake/train/fake_train_00585.jpg,fake_train_00585.jpg
Fake,train,/content/drive/MyDrive/AISC DeepFake Çalışmaları/FaceForensics_Projesi/fake_frames/train/DeepFakeDetection_06_15__walking_down_indoor_hall_disgust__QRCD27P8/frame_000033.jpg,/content/drive/MyDrive/AISC DeepFake Çalışmaları/Deney 1 Frame/Fake/train/fake_train_00586.jpg,fake_train_00586.jpg
Fake,train,/content/drive/MyDrive/AISC DeepFake Çalışmaları/FaceForensics_Projesi/fake_frames/train/DeepFakeDetection_02_27__walking_down_indoor_hall_disgust__YQX5Z8GN/frame_000043.jpg,/content/drive/MyDrive/AISC DeepFake Çalışmaları/Deney 1 Frame/Fake/train/fake_train_00587.jpg,fake_train_00587.jpg
Fake,train,/content/drive/MyDrive/AISC DeepFake Çalışmaları/FaceForensics_Projesi/fake_frames/train/Face2Face_393_405/frame_000002.jpg,/content/drive/MyDrive/AISC DeepFake Çalışmaları/Deney 1 Frame/Fake/train/fake_train_00588.jpg,fake_train_00588.jpg
Fake,train,/content/drive/MyDrive/AISC DeepFake Çalışmaları/FaceForensics_Projesi/fake_frames/train/FaceSwap_284_263/frame_000003.jpg,/content/drive/MyDrive/AISC DeepFake Çalışmaları/Deney 1 Frame/Fake/train/fake_train_00589.jpg,fake_train_00589.jpg
Fake,train,/content/drive/MyDrive/AISC DeepFake Çalışmaları/FaceForensics_Projesi/fake_frames/train/Face2Face_146_256/frame_000008.jpg,/content/drive/MyDrive/AISC DeepFake Çalışmaları/Deney 1 Frame/Fake/train/fake_train_00590.jpg,fake_train_00590.jpg
Fake,train,/content/drive/MyDrive/AISC DeepFake Çalışmaları/FaceForensics_Projesi/fake_frames/train/DeepFakeDetection_28_05__walking_outside_cafe_disgusted__U9LRLJ6N/frame_000019.jpg,/content/drive/MyDrive/AISC DeepFake Çalışmaları/Deney 1 Frame/Fake/train/fake_train_00591.jpg,fake_train_00591.jpg
Fake,train,/content/drive/MyDrive/AISC DeepFake Çalışmaları/FaceForensics_Projesi/fake_frames/train/FaceSwap_939_115/frame_000007.jpg,/content/drive/MyDrive/AISC DeepFake Çalışmaları/Deney 1 Frame/Fake/train/fake_train_00592.jpg,fake_train_00592.jpg
Fake,train,/content/drive/MyDrive/AISC DeepFake Çalışmaları/FaceForensics_Projesi/fake_frames/train/NeuralTextures_765_867/frame_000003.jpg,/content/drive/MyDrive/AISC DeepFake Çalışmaları/Deney 1 Frame/Fake/train/fake_train_00593.jpg,fake_train_00593.jpg
Fake,train,/content/drive/MyDrive/AISC DeepFake Çalışmaları/FaceForensics_Projesi/fake_frames/train/DeepFakeDetection_01_03__talking_against_wall__JZUXXFRB/frame_000049.jpg,/content/drive/MyDrive/AISC DeepFake Çalışmaları/Deney 1 Frame/Fake/train/fake_train_00594.jpg,fake_train_00594.jpg
Fake,train,/content/drive/MyDrive/AISC DeepFake Çalışmaları/FaceForensics_Projesi/fake_frames/train/FaceSwap_603_575/frame_000000.jpg,/content/drive/MyDrive/AISC DeepFake Çalışmaları/Deney 1 Frame/Fake/train/fake_train_00595.jpg,fake_train_00595.jpg
Fake,train,/content/drive/MyDrive/AISC DeepFake Çalışmaları/FaceForensics_Projesi/fake_frames/train/Deepfakes_704_723/frame_000021.jpg,/content/drive/MyDrive/AISC DeepFake Çalışmaları/Deney 1 Frame/Fake/train/fake_train_00596.jpg,fake_train_00596.jpg
Fake,train,/content/drive/MyDrive/AISC DeepFake Çalışmaları/FaceForensics_Projesi/fake_frames/train/Face2Face_242_182/frame_000020.jpg,/content/drive/MyDrive/AISC DeepFake Çalışmaları/Deney 1 Frame/Fake/train/fake_train_00597.jpg,fake_train_00597.jpg
Fake,train,/content/drive/MyDrive/AISC DeepFake Çalışmaları/FaceForensics_Projesi/fake_frames/train/NeuralTextures_290_240/frame_000012.jpg,/content/drive/MyDrive/AISC DeepFake Çalışmaları/Deney 1 Frame/Fake/train/fake_train_00598.jpg,fake_train_00598.jpg
Fake,train,/content/drive/MyDrive/AISC DeepFake Çalışmaları/FaceForensics_Projesi/fake_frames/train/Deepfakes_501_326/frame_000028.jpg,/content/drive/MyDrive/AISC DeepFake Çalışmaları/Deney 1 Frame/Fake/train/fake_train_00599.jpg,fake_train_00599.jpg
Fake,train,/content/drive/MyDrive/AISC DeepFake Çalışmaları/FaceForensics_Projesi/fake_frames/train/Face2Face_573_757/frame_000007.jpg,/content/drive/MyDrive/AISC DeepFake Çalışmaları/Deney 1 Frame/Fake/train/fake_train_00600.jpg,fake_train_00600.jpg
Fake,train,/content/drive/MyDrive/AISC DeepFake Çalışmaları/FaceForensics_Projesi/fake_frames/train/Deepfakes_114_102/frame_000065.jpg,/content/drive/MyDrive/AISC DeepFake Çalışmaları/Deney 1 Frame/Fake/train/fake_train_00601.jpg,fake_train_00601.jpg
Fake,train,/content/drive/MyDrive/AISC DeepFake Çalışmaları/FaceForensics_Projesi/fake_frames/train/FaceSwap_514_443/frame_000003.jpg,/content/drive/MyDrive/AISC DeepFake Çalışmaları/Deney 1 Frame/Fake/train/fake_train_00602.jpg,fake_train_00602.jpg
Fake,train,/content/drive/MyDrive/AISC DeepFake Çalışmaları/FaceForensics_Projesi/fake_frames/train/FaceSwap_873_872/frame_000013.jpg,/content/drive/MyDrive/AISC DeepFake Çalışmaları/Deney 1 Frame/Fake/train/fake_train_00603.jpg,fake_train_00603.jpg
Fake,train,/content/drive/MyDrive/AISC DeepFake Çalışmaları/FaceForensics_Projesi/fake_frames/train/NeuralTextures_078_955/frame_000028.jpg,/content/drive/MyDrive/AISC DeepFake Çalışmaları/Deney 1 Frame/Fake/train/fake_train_00604.jpg,fake_train_00604.jpg
Fake,train,/content/drive/MyDrive/AISC DeepFake Çalışmaları/FaceForensics_Projesi/fake_frames/train/DeepFakeDetection_02_27__walking_down_indoor_hall_disgust__YQX5Z8GN/frame_000013.jpg,/content/drive/MyDrive/AISC DeepFake Çalışmaları/Deney 1 Frame/Fake/train/fake_train_00605.jpg,fake_train_00605.jpg
Fake,train,/content/drive/MyDrive/AISC DeepFake Çalışmaları/FaceForensics_Projesi/fake_frames/train/Deepfakes_833_826/frame_000000.jpg,/content/drive/MyDrive/AISC DeepFake Çalışmaları/Deney 1 Frame/Fake/train/fake_train_00606.jpg,fake_train_00606.jpg
Fake,train,/content/drive/MyDrive/AISC DeepFake Çalışmaları/FaceForensics_Projesi/fake_frames/train/DeepFakeDetection_21_02__kitchen_pan__Z0XHPQAR/frame_000008.jpg,/content/drive/MyDrive/AISC DeepFake Çalışmaları/Deney 1 Frame/Fake/train/fake_train_00607.jpg,fake_train_00607.jpg
Fake,train,/content/drive/MyDrive/AISC DeepFake Çalışmaları/FaceForensics_Projesi/fake_frames/train/Deepfakes_889_045/frame_000015.jpg,/content/drive/MyDrive/AISC DeepFake Çalışmaları/Deney 1 Frame/Fake/train/fake_train_00608.jpg,fake_train_00608.jpg
Fake,train,/content/drive/MyDrive/AISC DeepFake Çalışmaları/FaceForensics_Projesi/fake_frames/train/FaceShifter_955_078/frame_000025.jpg,/content/drive/MyDrive/AISC DeepFake Çalışmaları/Deney 1 Frame/Fake/train/fake_train_00609.jpg,fake_train_00609.jpg
Fake,train,/content/drive/MyDrive/AISC DeepFake Çalışmaları/FaceForensics_Projesi/fake_frames/train/FaceShifter_884_968/frame_000007.jpg,/content/drive/MyDrive/AISC DeepFake Çalışmaları/Deney 1 Frame/Fake/train/fake_train_00610.jpg,fake_train_00610.jpg
Fake,train,/content/drive/MyDrive/AISC DeepFake Çalışmaları/FaceForensics_Projesi/fake_frames/train/NeuralTextures_789_753/frame_000019.jpg,/content/drive/MyDrive/AISC DeepFake Çalışmaları/Deney 1 Frame/Fake/train/fake_train_00611.jpg,fake_train_00611.jpg
Fake,train,/content/drive/MyDrive/AISC DeepFake Çalışmaları/FaceForensics_Projesi/fake_frames/train/DeepFakeDetection_15_18__walking_down_indoor_hall_disgust__V5VHLCOW/frame_000062.jpg,/content/drive/MyDrive/AISC DeepFake Çalışmaları/Deney 1 Frame/Fake/train/fake_train_00612.jpg,fake_train_00612.jpg
Fake,train,/content/drive/MyDrive/AISC DeepFake Çalışmaları/FaceForensics_Projesi/fake_frames/train/NeuralTextures_645_688/frame_000010.jpg,/content/drive/MyDrive/AISC DeepFake Çalışmaları/Deney 1 Frame/Fake/train/fake_train_00613.jpg,fake_train_00613.jpg
Fake,train,/content/drive/MyDrive/AISC DeepFake Çalışmaları/FaceForensics_Projesi/fake_frames/train/Deepfakes_641_662/frame_000002.jpg,/content/drive/MyDrive/AISC DeepFake Çalışmaları/Deney 1 Frame/Fake/train/fake_train_00614.jpg,fake_train_00614.jpg
Fake,train,/content/drive/MyDrive/AISC DeepFake Çalışmaları/FaceForensics_Projesi/fake_frames/train/Face2Face_303_309/frame_000021.jpg,/content/drive/MyDrive/AISC DeepFake Çalışmaları/Deney 1 Frame/Fake/train/fake_train_00615.jpg,fake_train_00615.jpg
Fake,train,/content/drive/MyDrive/AISC DeepFake Çalışmaları/FaceForensics_Projesi/fake_frames/train/Deepfakes_889_045/frame_000000.jpg,/content/drive/MyDrive/AISC DeepFake Çalışmaları/Deney 1 Frame/Fake/train/fake_train_00616.jpg,fake_train_00616.jpg
Fake,train,/content/drive/MyDrive/AISC DeepFake Çalışmaları/FaceForensics_Projesi/fake_frames/train/Deepfakes_459_430/frame_000005.jpg,/content/drive/MyDrive/AISC DeepFake Çalışmaları/Deney 1 Frame/Fake/train/fake_train_00617.jpg,fake_train_00617.jpg
Fake,train,/content/drive/MyDrive/AISC DeepFake Çalışmaları/FaceForensics_Projesi/fake_frames/train/FaceShifter_082_103/frame_000018.jpg,/content/drive/MyDrive/AISC DeepFake Çalışmaları/Deney 1 Frame/Fake/train/fake_train_00618.jpg,fake_train_00618.jpg
Fake,train,/content/drive/MyDrive/AISC DeepFake Çalışmaları/FaceForensics_Projesi/fake_frames/train/FaceSwap_979_875/frame_000014.jpg,/content/drive/MyDrive/AISC DeepFake Çalışmaları/Deney 1 Frame/Fake/train/fake_train_00619.jpg,fake_train_00619.jpg
Fake,train,/content/drive/MyDrive/AISC DeepFake Çalışmaları/FaceForensics_Projesi/fake_frames/train/FaceSwap_303_309/frame_000011.jpg,/content/drive/MyDrive/AISC DeepFake Çalışmaları/Deney 1 Frame/Fake/train/fake_train_00620.jpg,fake_train_00620.jpg
Fake,train,/content/drive/MyDrive/AISC DeepFake Çalışmaları/FaceForensics_Projesi/fake_frames/train/FaceSwap_642_635/frame_000016.jpg,/content/drive/MyDrive/AISC DeepFake Çalışmaları/Deney 1 Frame/Fake/train/fake_train_00621.jpg,fake_train_00621.jpg
Fake,train,/content/drive/MyDrive/AISC DeepFake Çalışmaları/FaceForensics_Projesi/fake_frames/train/Face2Face_603_575/frame_000000.jpg,/content/drive/MyDrive/AISC DeepFake Çalışmaları/Deney 1 Frame/Fake/train/fake_train_00622.jpg,fake_train_00622.jpg
Fake,train,/content/drive/MyDrive/AISC DeepFake Çalışmaları/FaceForensics_Projesi/fake_frames/train/FaceShifter_157_245/frame_000010.jpg,/content/drive/MyDrive/AISC DeepFake Çalışmaları/Deney 1 Frame/Fake/train/fake_train_00623.jpg,fake_train_00623.jpg
Fake,train,/content/drive/MyDrive/AISC DeepFake Çalışmaları/FaceForensics_Projesi/fake_frames/train/FaceShifter_025_067/frame_000020.jpg,/content/drive/MyDrive/AISC DeepFake Çalışmaları/Deney 1 Frame/Fake/train/fake_train_00624.jpg,fake_train_00624.jpg
Fake,train,/content/drive/MyDrive/AISC DeepFake Çalışmaları/FaceForensics_Projesi/fake_frames/train/FaceShifter_472_511/frame_000027.jpg,/content/drive/MyDrive/AISC DeepFake Çalışmaları/Deney 1 Frame/Fake/train/fake_train_00625.jpg,fake_train_00625.jpg
Fake,train,/content/drive/MyDrive/AISC DeepFake Çalışmaları/FaceForensics_Projesi/fake_frames/train/DeepFakeDetection_02_13__meeting_serious__CP5HFV3K/frame_000004.jpg,/content/drive/MyDrive/AISC DeepFake Çalışmaları/Deney 1 Frame/Fake/train/fake_train_00626.jpg,fake_train_00626.jpg
Fake,train,/content/drive/MyDrive/AISC DeepFake Çalışmaları/FaceForensics_Projesi/fake_frames/train/DeepFakeDetection_19_24__kitchen_pan__NPZW2Z9L/frame_000040.jpg,/content/drive/MyDrive/AISC DeepFake Çalışmaları/Deney 1 Frame/Fake/train/fake_train_00627.jpg,fake_train_00627.jpg
Fake,train,/content/drive/MyDrive/AISC DeepFake Çalışmaları/FaceForensics_Projesi/fake_frames/train/FaceShifter_364_440/frame_000028.jpg,/content/drive/MyDrive/AISC DeepFake Çalışmaları/Deney 1 Frame/Fake/train/fake_train_00628.jpg,fake_train_00628.jpg
Fake,train,/content/drive/MyDrive/AISC DeepFake Çalışmaları/FaceForensics_Projesi/fake_frames/train/Face2Face_762_832/frame_000005.jpg,/content/drive/MyDrive/AISC DeepFake Çalışmaları/Deney 1 Frame/Fake/train/fake_train_00629.jpg,fake_train_00629.jpg
Fake,train,/content/drive/MyDrive/AISC DeepFake Çalışmaları/FaceForensics_Projesi/fake_frames/train/Face2Face_299_145/frame_000023.jpg,/content/drive/MyDrive/AISC DeepFake Çalışmaları/Deney 1 Frame/Fake/train/fake_train_00630.jpg,fake_train_00630.jpg
Fake,train,/content/drive/MyDrive/AISC DeepFake Çalışmaları/FaceForensics_Projesi/fake_frames/train/Deepfakes_164_216/frame_000019.jpg,/content/drive/MyDrive/AISC DeepFake Çalışmaları/Deney 1 Frame/Fake/train/fake_train_00631.jpg,fake_train_00631.jpg
Fake,train,/content/drive/MyDrive/AISC DeepFake Çalışmaları/FaceForensics_Projesi/fake_frames/train/Face2Face_111_094/frame_000006.jpg,/content/drive/MyDrive/AISC DeepFake Çalışmaları/Deney 1 Frame/Fake/train/fake_train_00632.jpg,fake_train_00632.jpg
Fake,train,/content/drive/MyDrive/AISC DeepFake Çalışmaları/FaceForensics_Projesi/fake_frames/train/Face2Face_955_078/frame_000022.jpg,/content/drive/MyDrive/AISC DeepFake Çalışmaları/Deney 1 Frame/Fake/train/fake_train_00633.jpg,fake_train_00633.jpg
Fake,train,/content/drive/MyDrive/AISC DeepFake Çalışmaları/FaceForensics_Projesi/fake_frames/train/Face2Face_074_825/frame_000029.jpg,/content/drive/MyDrive/AISC DeepFake Çalışmaları/Deney 1 Frame/Fake/train/fake_train_00634.jpg,fake_train_00634.jpg
Fake,train,/content/drive/MyDrive/AISC DeepFake Çalışmaları/FaceForensics_Projesi/fake_frames/train/NeuralTextures_145_299/frame_000029.jpg,/content/drive/MyDrive/AISC DeepFake Çalışmaları/Deney 1 Frame/Fake/train/fake_train_00635.jpg,fake_train_00635.jpg
Fake,train,/content/drive/MyDrive/AISC DeepFake Çalışmaları/FaceForensics_Projesi/fake_frames/train/Deepfakes_522_337/frame_000030.jpg,/content/drive/MyDrive/AISC DeepFake Çalışmaları/Deney 1 Frame/Fake/train/fake_train_00636.jpg,fake_train_00636.jpg
Fake,train,/content/drive/MyDrive/AISC DeepFake Çalışmaları/FaceForensics_Projesi/fake_frames/train/FaceSwap_463_464/frame_000003.jpg,/content/drive/MyDrive/AISC DeepFake Çalışmaları/Deney 1 Frame/Fake/train/fake_train_00637.jpg,fake_train_00637.jpg
Fake,train,/content/drive/MyDrive/AISC DeepFake Çalışmaları/FaceForensics_Projesi/fake_frames/train/FaceSwap_220_219/frame_000006.jpg,/content/drive/MyDrive/AISC DeepFake Çalışmaları/Deney 1 Frame/Fake/train/fake_train_00638.jpg,fake_train_00638.jpg
Fake,train,/content/drive/MyDrive/AISC DeepFake Çalışmaları/FaceForensics_Projesi/fake_frames/train/NeuralTextures_289_228/frame_000008.jpg,/content/drive/MyDrive/AISC DeepFake Çalışmaları/Deney 1 Frame/Fake/train/fake_train_00639.jpg,fake_train_00639.jpg
Fake,train,/content/drive/MyDrive/AISC DeepFake Çalışmaları/FaceForensics_Projesi/fake_frames/train/Deepfakes_257_420/frame_000019.jpg,/content/drive/MyDrive/AISC DeepFake Çalışmaları/Deney 1 Frame/Fake/train/fake_train_00640.jpg,fake_train_00640.jpg
Fake,train,/content/drive/MyDrive/AISC DeepFake Çalışmaları/FaceForensics_Projesi/fake_frames/train/Face2Face_311_387/frame_000013.jpg,/content/drive/MyDrive/AISC DeepFake Çalışmaları/Deney 1 Frame/Fake/train/fake_train_00641.jpg,fake_train_00641.jpg
Fake,train,/content/drive/MyDrive/AISC DeepFake Çalışmaları/FaceForensics_Projesi/fake_frames/train/NeuralTextures_658_627/frame_000019.jpg,/content/drive/MyDrive/AISC DeepFake Çalışmaları/Deney 1 Frame/Fake/train/fake_train_00642.jpg,fake_train_00642.jpg
Fake,train,/content/drive/MyDrive/AISC DeepFake Çalışmaları/FaceForensics_Projesi/fake_frames/train/Deepfakes_540_536/frame_000038.jpg,/content/drive/MyDrive/AISC DeepFake Çalışmaları/Deney 1 Frame/Fake/train/fake_train_00643.jpg,fake_train_00643.jpg
Fake,train,/content/drive/MyDrive/AISC DeepFake Çalışmaları/FaceForensics_Projesi/fake_frames/train/Face2Face_451_449/frame_000013.jpg,/content/drive/MyDrive/AISC DeepFake Çalışmaları/Deney 1 Frame/Fake/train/fake_train_00644.jpg,fake_train_00644.jpg
Fake,train,/content/drive/MyDrive/AISC DeepFake Çalışmaları/FaceForensics_Projesi/fake_frames/train/FaceSwap_135_880/frame_000001.jpg,/content/drive/MyDrive/AISC DeepFake Çalışmaları/Deney 1 Frame/Fake/train/fake_train_00645.jpg,fake_train_00645.jpg
Fake,train,/content/drive/MyDrive/AISC DeepFake Çalışmaları/FaceForensics_Projesi/fake_frames/train/FaceSwap_537_563/frame_000014.jpg,/content/drive/MyDrive/AISC DeepFake Çalışmaları/Deney 1 Frame/Fake/train/fake_train_00646.jpg,fake_train_00646.jpg
Fake,train,/content/drive/MyDrive/AISC DeepFake Çalışmaları/FaceForensics_Projesi/fake_frames/train/Deepfakes_461_250/frame_000000.jpg,/content/drive/MyDrive/AISC DeepFake Çalışmaları/Deney 1 Frame/Fake/train/fake_train_00647.jpg,fake_train_00647.jpg
Fake,train,/content/drive/MyDrive/AISC DeepFake Çalışmaları/FaceForensics_Projesi/fake_frames/train/Deepfakes_059_050/frame_000025.jpg,/content/drive/MyDrive/AISC DeepFake Çalışmaları/Deney 1 Frame/Fake/train/fake_train_00648.jpg,fake_train_00648.jpg
Fake,train,/content/drive/MyDrive/AISC DeepFake Çalışmaları/FaceForensics_Projesi/fake_frames/train/DeepFakeDetection_01_20__outside_talking_still_laughing__FW94AIMJ/frame_000014.jpg,/content/drive/MyDrive/AISC DeepFake Çalışmaları/Deney 1 Frame/Fake/train/fake_train_00649.jpg,fake_train_00649.jpg
Fake,train,/content/drive/MyDrive/AISC DeepFake Çalışmaları/FaceForensics_Projesi/fake_frames/train/DeepFakeDetection_11_01__talking_against_wall__4OJNJLOO/frame_000033.jpg,/content/drive/MyDrive/AISC DeepFake Çalışmaları/Deney 1 Frame/Fake/train/fake_train_00650.jpg,fake_train_00650.jpg
Fake,train,/content/drive/MyDrive/AISC DeepFake Çalışmaları/FaceForensics_Projesi/fake_frames/train/FaceShifter_718_972/frame_000014.jpg,/content/drive/MyDrive/AISC DeepFake Çalışmaları/Deney 1 Frame/Fake/train/fake_train_00651.jpg,fake_train_00651.jpg
Fake,train,/content/drive/MyDrive/AISC DeepFake Çalışmaları/FaceForensics_Projesi/fake_frames/train/FaceSwap_038_125/frame_000013.jpg,/content/drive/MyDrive/AISC DeepFake Çalışmaları/Deney 1 Frame/Fake/train/fake_train_00652.jpg,fake_train_00652.jpg
Fake,train,/content/drive/MyDrive/AISC DeepFake Çalışmaları/FaceForensics_Projesi/fake_frames/train/Deepfakes_886_877/frame_000016.jpg,/content/drive/MyDrive/AISC DeepFake Çalışmaları/Deney 1 Frame/Fake/train/fake_train_00653.jpg,fake_train_00653.jpg
Fake,train,/content/drive/MyDrive/AISC DeepFake Çalışmaları/FaceForensics_Projesi/fake_frames/train/Face2Face_990_008/frame_000020.jpg,/content/drive/MyDrive/AISC DeepFake Çalışmaları/Deney 1 Frame/Fake/train/fake_train_00654.jpg,fake_train_00654.jpg
Fake,train,/content/drive/MyDrive/AISC DeepFake Çalışmaları/FaceForensics_Projesi/fake_frames/train/Deepfakes_397_602/frame_000005.jpg,/content/drive/MyDrive/AISC DeepFake Çalışmaları/Deney 1 Frame/Fake/train/fake_train_00655.jpg,fake_train_00655.jpg
Fake,train,/content/drive/MyDrive/AISC DeepFake Çalışmaları/FaceForensics_Projesi/fake_frames/train/FaceShifter_213_083/frame_000008.jpg,/content/drive/MyDrive/AISC DeepFake Çalışmaları/Deney 1 Frame/Fake/train/fake_train_00656.jpg,fake_train_00656.jpg
Fake,train,/content/drive/MyDrive/AISC DeepFake Çalışmaları/FaceForensics_Projesi/fake_frames/train/Deepfakes_680_486/frame_000001.jpg,/content/drive/MyDrive/AISC DeepFake Çalışmaları/Deney 1 Frame/Fake/train/fake_train_00657.jpg,fake_train_00657.jpg
Fake,train,/content/drive/MyDrive/AISC DeepFake Çalışmaları/FaceForensics_Projesi/fake_frames/train/FaceShifter_325_492/frame_000019.jpg,/content/drive/MyDrive/AISC DeepFake Çalışmaları/Deney 1 Frame/Fake/train/fake_train_00658.jpg,fake_train_00658.jpg
Fake,train,/content/drive/MyDrive/AISC DeepFake Çalışmaları/FaceForensics_Projesi/fake_frames/train/FaceSwap_812_821/frame_000001.jpg,/content/drive/MyDrive/AISC DeepFake Çalışmaları/Deney 1 Frame/Fake/train/fake_train_00659.jpg,fake_train_00659.jpg
Fake,train,/content/drive/MyDrive/AISC DeepFake Çalışmaları/FaceForensics_Projesi/fake_frames/train/Deepfakes_968_884/frame_000006.jpg,/content/drive/MyDrive/AISC DeepFake Çalışmaları/Deney 1 Frame/Fake/train/fake_train_00660.jpg,fake_train_00660.jpg
Fake,train,/content/drive/MyDrive/AISC DeepFake Çalışmaları/FaceForensics_Projesi/fake_frames/train/Deepfakes_445_494/frame_000007.jpg,/content/drive/MyDrive/AISC DeepFake Çalışmaları/Deney 1 Frame/Fake/train/fake_train_00661.jpg,fake_train_00661.jpg
Fake,train,/content/drive/MyDrive/AISC DeepFake Çalışmaları/FaceForensics_Projesi/fake_frames/train/FaceShifter_538_493/frame_000022.jpg,/content/drive/MyDrive/AISC DeepFake Çalışmaları/Deney 1 Frame/Fake/train/fake_train_00662.jpg,fake_train_00662.jpg
Fake,train,/content/drive/MyDrive/AISC DeepFake Çalışmaları/FaceForensics_Projesi/fake_frames/train/Face2Face_006_002/frame_000028.jpg,/content/drive/MyDrive/AISC DeepFake Çalışmaları/Deney 1 Frame/Fake/train/fake_train_00663.jpg,fake_train_00663.jpg
Fake,train,/content/drive/MyDrive/AISC DeepFake Çalışmaları/FaceForensics_Projesi/fake_frames/train/Face2Face_819_786/frame_000010.jpg,/content/drive/MyDrive/AISC DeepFake Çalışmaları/Deney 1 Frame/Fake/train/fake_train_00664.jpg,fake_train_00664.jpg
Fake,train,/content/drive/MyDrive/AISC DeepFake Çalışmaları/FaceForensics_Projesi/fake_frames/train/NeuralTextures_042_084/frame_000019.jpg,/content/drive/MyDrive/AISC DeepFake Çalışmaları/Deney 1 Frame/Fake/train/fake_train_00665.jpg,fake_train_00665.jpg
Fake,train,/content/drive/MyDrive/AISC DeepFake Çalışmaları/FaceForensics_Projesi/fake_frames/train/Face2Face_787_782/frame_000001.jpg,/content/drive/MyDrive/AISC DeepFake Çalışmaları/Deney 1 Frame/Fake/train/fake_train_00666.jpg,fake_train_00666.jpg
Fake,train,/content/drive/MyDrive/AISC DeepFake Çalışmaları/FaceForensics_Projesi/fake_frames/train/FaceSwap_867_765/frame_000009.jpg,/content/drive/MyDrive/AISC DeepFake Çalışmaları/Deney 1 Frame/Fake/train/fake_train_00667.jpg,fake_train_00667.jpg
Fake,train,/content/drive/MyDrive/AISC DeepFake Çalışmaları/FaceForensics_Projesi/fake_frames/train/NeuralTextures_434_438/frame_000005.jpg,/content/drive/MyDrive/AISC DeepFake Çalışmaları/Deney 1 Frame/Fake/train/fake_train_00668.jpg,fake_train_00668.jpg
Fake,train,/content/drive/MyDrive/AISC DeepFake Çalışmaları/FaceForensics_Projesi/fake_frames/train/Deepfakes_164_216/frame_000011.jpg,/content/drive/MyDrive/AISC DeepFake Çalışmaları/Deney 1 Frame/Fake/train/fake_train_00669.jpg,fake_train_00669.jpg
Fake,train,/content/drive/MyDrive/AISC DeepFake Çalışmaları/FaceForensics_Projesi/fake_frames/train/Face2Face_367_371/frame_000017.jpg,/content/drive/MyDrive/AISC DeepFake Çalışmaları/Deney 1 Frame/Fake/train/fake_train_00670.jpg,fake_train_00670.jpg
Fake,train,/content/drive/MyDrive/AISC DeepFake Çalışmaları/FaceForensics_Projesi/fake_frames/train/FaceSwap_206_221/frame_000024.jpg,/content/drive/MyDrive/AISC DeepFake Çalışmaları/Deney 1 Frame/Fake/train/fake_train_00671.jpg,fake_train_00671.jpg
Fake,train,/content/drive/MyDrive/AISC DeepFake Çalışmaları/FaceForensics_Projesi/fake_frames/train/FaceShifter_194_235/frame_000004.jpg,/content/drive/MyDrive/AISC DeepFake Çalışmaları/Deney 1 Frame/Fake/train/fake_train_00672.jpg,fake_train_00672.jpg
Fake,train,/content/drive/MyDrive/AISC DeepFake Çalışmaları/FaceForensics_Projesi/fake_frames/train/DeepFakeDetection_12_20__talking_against_wall__GHPWDH3C/frame_000049.jpg,/content/drive/MyDrive/AISC DeepFake Çalışmaları/Deney 1 Frame/Fake/train/fake_train_00673.jpg,fake_train_00673.jpg
Fake,train,/content/drive/MyDrive/AISC DeepFake Çalışmaları/FaceForensics_Projesi/fake_frames/train/FaceShifter_987_938/frame_000003.jpg,/content/drive/MyDrive/AISC DeepFake Çalışmaları/Deney 1 Frame/Fake/train/fake_train_00674.jpg,fake_train_00674.jpg
Fake,train,/content/drive/MyDrive/AISC DeepFake Çalışmaları/FaceForensics_Projesi/fake_frames/train/FaceShifter_810_838/frame_000009.jpg,/content/drive/MyDrive/AISC DeepFake Çalışmaları/Deney 1 Frame/Fake/train/fake_train_00675.jpg,fake_train_00675.jpg
Fake,train,/content/drive/MyDrive/AISC DeepFake Çalışmaları/FaceForensics_Projesi/fake_frames/train/FaceShifter_379_158/frame_000000.jpg,/content/drive/MyDrive/AISC DeepFake Çalışmaları/Deney 1 Frame/Fake/train/fake_train_00676.jpg,fake_train_00676.jpg
Fake,train,/content/drive/MyDrive/AISC DeepFake Çalışmaları/FaceForensics_Projesi/fake_frames/train/DeepFakeDetection_07_03__talking_angry_couch__WPT3Z2KN/frame_000069.jpg,/content/drive/MyDrive/AISC DeepFake Çalışmaları/Deney 1 Frame/Fake/train/fake_train_00677.jpg,fake_train_00677.jpg
Fake,train,/content/drive/MyDrive/AISC DeepFake Çalışmaları/FaceForensics_Projesi/fake_frames/train/DeepFakeDetection_01_11__talking_against_wall__4OJNJLOO/frame_000016.jpg,/content/drive/MyDrive/AISC DeepFake Çalışmaları/Deney 1 Frame/Fake/train/fake_train_00678.jpg,fake_train_00678.jpg
Fake,train,/content/drive/MyDrive/AISC DeepFake Çalışmaları/FaceForensics_Projesi/fake_frames/train/NeuralTextures_312_021/frame_000020.jpg,/content/drive/MyDrive/AISC DeepFake Çalışmaları/Deney 1 Frame/Fake/train/fake_train_00679.jpg,fake_train_00679.jpg
Fake,train,/content/drive/MyDrive/AISC DeepFake Çalışmaları/FaceForensics_Projesi/fake_frames/train/Deepfakes_022_489/frame_000007.jpg,/content/drive/MyDrive/AISC DeepFake Çalışmaları/Deney 1 Frame/Fake/train/fake_train_00680.jpg,fake_train_00680.jpg
Fake,train,/content/drive/MyDrive/AISC DeepFake Çalışmaları/FaceForensics_Projesi/fake_frames/train/DeepFakeDetection_14_26__talking_angry_couch__ILLP29ZH/frame_000031.jpg,/content/drive/MyDrive/AISC DeepFake Çalışmaları/Deney 1 Frame/Fake/train/fake_train_00681.jpg,fake_train_00681.jpg
Fake,train,/content/drive/MyDrive/AISC DeepFake Çalışmaları/FaceForensics_Projesi/fake_frames/train/NeuralTextures_208_215/frame_000001.jpg,/content/drive/MyDrive/AISC DeepFake Çalışmaları/Deney 1 Frame/Fake/train/fake_train_00682.jpg,fake_train_00682.jpg
Fake,train,/content/drive/MyDrive/AISC DeepFake Çalışmaları/FaceForensics_Projesi/fake_frames/train/FaceSwap_958_956/frame_000018.jpg,/content/drive/MyDrive/AISC DeepFake Çalışmaları/Deney 1 Frame/Fake/train/fake_train_00683.jpg,fake_train_00683.jpg
Fake,train,/content/drive/MyDrive/AISC DeepFake Çalışmaları/FaceForensics_Projesi/fake_frames/train/FaceSwap_541_523/frame_000011.jpg,/content/drive/MyDrive/AISC DeepFake Çalışmaları/Deney 1 Frame/Fake/train/fake_train_00684.jpg,fake_train_00684.jpg
Fake,train,/content/drive/MyDrive/AISC DeepFake Çalışmaları/FaceForensics_Projesi/fake_frames/train/FaceShifter_334_318/frame_000062.jpg,/content/drive/MyDrive/AISC DeepFake Çalışmaları/Deney 1 Frame/Fake/train/fake_train_00685.jpg,fake_train_00685.jpg
Fake,train,/content/drive/MyDrive/AISC DeepFake Çalışmaları/FaceForensics_Projesi/fake_frames/train/DeepFakeDetection_12_21__talking_against_wall__J54W3PV1/frame_000042.jpg,/content/drive/MyDrive/AISC DeepFake Çalışmaları/Deney 1 Frame/Fake/train/fake_train_00686.jpg,fake_train_00686.jpg
Fake,train,/content/drive/MyDrive/AISC DeepFake Çalışmaları/FaceForensics_Projesi/fake_frames/train/Face2Face_197_224/frame_000020.jpg,/content/drive/MyDrive/AISC DeepFake Çalışmaları/Deney 1 Frame/Fake/train/fake_train_00687.jpg,fake_train_00687.jpg
Fake,train,/content/drive/MyDrive/AISC DeepFake Çalışmaları/FaceForensics_Projesi/fake_frames/train/Deepfakes_771_849/frame_000016.jpg,/content/drive/MyDrive/AISC DeepFake Çalışmaları/Deney 1 Frame/Fake/train/fake_train_00688.jpg,fake_train_00688.jpg
Fake,train,/content/drive/MyDrive/AISC DeepFake Çalışmaları/FaceForensics_Projesi/fake_frames/train/Face2Face_763_930/frame_000017.jpg,/content/drive/MyDrive/AISC DeepFake Çalışmaları/Deney 1 Frame/Fake/train/fake_train_00689.jpg,fake_train_00689.jpg
Fake,train,/content/drive/MyDrive/AISC DeepFake Çalışmaları/FaceForensics_Projesi/fake_frames/train/DeepFakeDetection_23_24__kitchen_still__YR5OVD4S/frame_000022.jpg,/content/drive/MyDrive/AISC DeepFake Çalışmaları/Deney 1 Frame/Fake/train/fake_train_00690.jpg,fake_train_00690.jpg
Fake,train,/content/drive/MyDrive/AISC DeepFake Çalışmaları/FaceForensics_Projesi/fake_frames/train/DeepFakeDetection_02_07__meeting_serious__1JCLEEBQ/frame_000036.jpg,/content/drive/MyDrive/AISC DeepFake Çalışmaları/Deney 1 Frame/Fake/train/fake_train_00691.jpg,fake_train_00691.jpg
Fake,train,/content/drive/MyDrive/AISC DeepFake Çalışmaları/FaceForensics_Projesi/fake_frames/train/DeepFakeDetection_02_06__walking_down_indoor_hall_disgust__U6MDWIHG/frame_000015.jpg,/content/drive/MyDrive/AISC DeepFake Çalışmaları/Deney 1 Frame/Fake/train/fake_train_00692.jpg,fake_train_00692.jpg
Fake,train,/content/drive/MyDrive/AISC DeepFake Çalışmaları/FaceForensics_Projesi/fake_frames/train/Deepfakes_924_917/frame_000071.jpg,/content/drive/MyDrive/AISC DeepFake Çalışmaları/Deney 1 Frame/Fake/train/fake_train_00693.jpg,fake_train_00693.jpg
Fake,train,/content/drive/MyDrive/AISC DeepFake Çalışmaları/FaceForensics_Projesi/fake_frames/train/FaceShifter_838_810/frame_000003.jpg,/content/drive/MyDrive/AISC DeepFake Çalışmaları/Deney 1 Frame/Fake/train/fake_train_00694.jpg,fake_train_00694.jpg
Fake,train,/content/drive/MyDrive/AISC DeepFake Çalışmaları/FaceForensics_Projesi/fake_frames/train/DeepFakeDetection_26_01__secret_conversation__BTVMWLG6/frame_000042.jpg,/content/drive/MyDrive/AISC DeepFake Çalışmaları/Deney 1 Frame/Fake/train/fake_train_00695.jpg,fake_train_00695.jpg
Fake,train,/content/drive/MyDrive/AISC DeepFake Çalışmaları/FaceForensics_Projesi/fake_frames/train/FaceShifter_341_340/frame_000007.jpg,/content/drive/MyDrive/AISC DeepFake Çalışmaları/Deney 1 Frame/Fake/train/fake_train_00696.jpg,fake_train_00696.jpg
Fake,train,/content/drive/MyDrive/AISC DeepFake Çalışmaları/FaceForensics_Projesi/fake_frames/train/NeuralTextures_131_518/frame_000001.jpg,/content/drive/MyDrive/AISC DeepFake Çalışmaları/Deney 1 Frame/Fake/train/fake_train_00697.jpg,fake_train_00697.jpg
Fake,train,/content/drive/MyDrive/AISC DeepFake Çalışmaları/FaceForensics_Projesi/fake_frames/train/Face2Face_346_351/frame_000012.jpg,/content/drive/MyDrive/AISC DeepFake Çalışmaları/Deney 1 Frame/Fake/train/fake_train_00698.jpg,fake_train_00698.jpg
Fake,train,/content/drive/MyDrive/AISC DeepFake Çalışmaları/FaceForensics_Projesi/fake_frames/train/NeuralTextures_601_653/frame_000017.jpg,/content/drive/MyDrive/AISC DeepFake Çalışmaları/Deney 1 Frame/Fake/train/fake_train_00699.jpg,fake_train_00699.jpg
Fake,train,/content/drive/MyDrive/AISC DeepFake Çalışmaları/FaceForensics_Projesi/fake_frames/train/FaceShifter_892_112/frame_000000.jpg,/content/drive/MyDrive/AISC DeepFake Çalışmaları/Deney 1 Frame/Fake/train/fake_train_00700.jpg,fake_train_00700.jpg
Fake,train,/content/drive/MyDrive/AISC DeepFake Çalışmaları/FaceForensics_Projesi/fake_frames/train/Face2Face_683_607/frame_000016.jpg,/content/drive/MyDrive/AISC DeepFake Çalışmaları/Deney 1 Frame/Fake/train/fake_train_00701.jpg,fake_train_00701.jpg
Fake,train,/content/drive/MyDrive/AISC DeepFake Çalışmaları/FaceForensics_Projesi/fake_frames/train/DeepFakeDetection_15_14__talking_against_wall__4SO1CSAM/frame_000013.jpg,/content/drive/MyDrive/AISC DeepFake Çalışmaları/Deney 1 Frame/Fake/train/fake_train_00702.jpg,fake_train_00702.jpg
Fake,train,/content/drive/MyDrive/AISC DeepFake Çalışmaları/FaceForensics_Projesi/fake_frames/train/DeepFakeDetection_15_06__walking_down_indoor_hall_disgust__QRCD27P8/frame_000062.jpg,/content/drive/MyDrive/AISC DeepFake Çalışmaları/Deney 1 Frame/Fake/train/fake_train_00703.jpg,fake_train_00703.jpg
Fake,train,/content/drive/MyDrive/AISC DeepFake Çalışmaları/FaceForensics_Projesi/fake_frames/train/Deepfakes_417_496/frame_000002.jpg,/content/drive/MyDrive/AISC DeepFake Çalışmaları/Deney 1 Frame/Fake/train/fake_train_00704.jpg,fake_train_00704.jpg
Fake,train,/content/drive/MyDrive/AISC DeepFake Çalışmaları/FaceForensics_Projesi/fake_frames/train/FaceSwap_790_014/frame_000026.jpg,/content/drive/MyDrive/AISC DeepFake Çalışmaları/Deney 1 Frame/Fake/train/fake_train_00705.jpg,fake_train_00705.jpg
Fake,train,/content/drive/MyDrive/AISC DeepFake Çalışmaları/FaceForensics_Projesi/fake_frames/train/Face2Face_815_730/frame_000029.jpg,/content/drive/MyDrive/AISC DeepFake Çalışmaları/Deney 1 Frame/Fake/train/fake_train_00706.jpg,fake_train_00706.jpg
Fake,train,/content/drive/MyDrive/AISC DeepFake Çalışmaları/FaceForensics_Projesi/fake_frames/train/DeepFakeDetection_21_11__walking_down_indoor_hall_disgust__T7DK03O1/frame_000046.jpg,/content/drive/MyDrive/AISC DeepFake Çalışmaları/Deney 1 Frame/Fake/train/fake_train_00707.jpg,fake_train_00707.jpg
Fake,train,/content/drive/MyDrive/AISC DeepFake Çalışmaları/FaceForensics_Projesi/fake_frames/train/FaceSwap_832_762/frame_000013.jpg,/content/drive/MyDrive/AISC DeepFake Çalışmaları/Deney 1 Frame/Fake/train/fake_train_00708.jpg,fake_train_00708.jpg
Fake,train,/content/drive/MyDrive/AISC DeepFake Çalışmaları/FaceForensics_Projesi/fake_frames/train/Deepfakes_952_882/frame_000019.jpg,/content/drive/MyDrive/AISC DeepFake Çalışmaları/Deney 1 Frame/Fake/train/fake_train_00709.jpg,fake_train_00709.jpg
Fake,train,/content/drive/MyDrive/AISC DeepFake Çalışmaları/FaceForensics_Projesi/fake_frames/train/FaceShifter_688_645/frame_000026.jpg,/content/drive/MyDrive/AISC DeepFake Çalışmaları/Deney 1 Frame/Fake/train/fake_train_00710.jpg,fake_train_00710.jpg
Fake,train,/content/drive/MyDrive/AISC DeepFake Çalışmaları/FaceForensics_Projesi/fake_frames/train/FaceSwap_458_722/frame_000018.jpg,/content/drive/MyDrive/AISC DeepFake Çalışmaları/Deney 1 Frame/Fake/train/fake_train_00711.jpg,fake_train_00711.jpg
Fake,train,/content/drive/MyDrive/AISC DeepFake Çalışmaları/FaceForensics_Projesi/fake_frames/train/DeepFakeDetection_02_15__outside_talking_pan_laughing__I8G2LWD1/frame_000022.jpg,/content/drive/MyDrive/AISC DeepFake Çalışmaları/Deney 1 Frame/Fake/train/fake_train_00712.jpg,fake_train_00712.jpg
Fake,train,/content/drive/MyDrive/AISC DeepFake Çalışmaları/FaceForensics_Projesi/fake_frames/train/FaceShifter_773_652/frame_000026.jpg,/content/drive/MyDrive/AISC DeepFake Çalışmaları/Deney 1 Frame/Fake/train/fake_train_00713.jpg,fake_train_00713.jpg
Fake,train,/content/drive/MyDrive/AISC DeepFake Çalışmaları/FaceForensics_Projesi/fake_frames/train/DeepFakeDetection_12_15__kitchen_still__RK17XFJ9/frame_000016.jpg,/content/drive/MyDrive/AISC DeepFake Çalışmaları/Deney 1 Frame/Fake/train/fake_train_00714.jpg,fake_train_00714.jpg
Fake,train,/content/drive/MyDrive/AISC DeepFake Çalışmaları/FaceForensics_Projesi/fake_frames/train/FaceShifter_338_336/frame_000028.jpg,/content/drive/MyDrive/AISC DeepFake Çalışmaları/Deney 1 Frame/Fake/train/fake_train_00715.jpg,fake_train_00715.jpg
Fake,train,/content/drive/MyDrive/AISC DeepFake Çalışmaları/FaceForensics_Projesi/fake_frames/train/Deepfakes_375_251/frame_000005.jpg,/content/drive/MyDrive/AISC DeepFake Çalışmaları/Deney 1 Frame/Fake/train/fake_train_00716.jpg,fake_train_00716.jpg
Fake,train,/content/drive/MyDrive/AISC DeepFake Çalışmaları/FaceForensics_Projesi/fake_frames/train/Deepfakes_938_987/frame_000000.jpg,/content/drive/MyDrive/AISC DeepFake Çalışmaları/Deney 1 Frame/Fake/train/fake_train_00717.jpg,fake_train_00717.jpg
Fake,train,/content/drive/MyDrive/AISC DeepFake Çalışmaları/FaceForensics_Projesi/fake_frames/train/Face2Face_858_861/frame_000001.jpg,/content/drive/MyDrive/AISC DeepFake Çalışmaları/Deney 1 Frame/Fake/train/fake_train_00718.jpg,fake_train_00718.jpg
Fake,train,/content/drive/MyDrive/AISC DeepFake Çalışmaları/FaceForensics_Projesi/fake_frames/train/NeuralTextures_888_937/frame_000007.jpg,/content/drive/MyDrive/AISC DeepFake Çalışmaları/Deney 1 Frame/Fake/train/fake_train_00719.jpg,fake_train_00719.jpg
Fake,train,/content/drive/MyDrive/AISC DeepFake Çalışmaları/FaceForensics_Projesi/fake_frames/train/DeepFakeDetection_15_03__podium_speech_happy__Y11NT1YX/frame_000060.jpg,/content/drive/MyDrive/AISC DeepFake Çalışmaları/Deney 1 Frame/Fake/train/fake_train_00720.jpg,fake_train_00720.jpg
Fake,train,/content/drive/MyDrive/AISC DeepFake Çalışmaları/FaceForensics_Projesi/fake_frames/train/Deepfakes_967_984/frame_000018.jpg,/content/drive/MyDrive/AISC DeepFake Çalışmaları/Deney 1 Frame/Fake/train/fake_train_00721.jpg,fake_train_00721.jpg
Fake,train,/content/drive/MyDrive/AISC DeepFake Çalışmaları/FaceForensics_Projesi/fake_frames/train/DeepFakeDetection_09_13__kitchen_pan__21H6XSPE/frame_000013.jpg,/content/drive/MyDrive/AISC DeepFake Çalışmaları/Deney 1 Frame/Fake/train/fake_train_00722.jpg,fake_train_00722.jpg
Fake,train,/content/drive/MyDrive/AISC DeepFake Çalışmaları/FaceForensics_Projesi/fake_frames/train/Face2Face_039_058/frame_000019.jpg,/content/drive/MyDrive/AISC DeepFake Çalışmaları/Deney 1 Frame/Fake/train/fake_train_00723.jpg,fake_train_00723.jpg
Fake,train,/content/drive/MyDrive/AISC DeepFake Çalışmaları/FaceForensics_Projesi/fake_frames/train/DeepFakeDetection_12_13__podium_speech_happy__BFH4F0N8/frame_000028.jpg,/content/drive/MyDrive/AISC DeepFake Çalışmaları/Deney 1 Frame/Fake/train/fake_train_00724.jpg,fake_train_00724.jpg
Fake,train,/content/drive/MyDrive/AISC DeepFake Çalışmaları/FaceForensics_Projesi/fake_frames/train/FaceSwap_143_140/frame_000023.jpg,/content/drive/MyDrive/AISC DeepFake Çalışmaları/Deney 1 Frame/Fake/train/fake_train_00725.jpg,fake_train_00725.jpg
Fake,train,/content/drive/MyDrive/AISC DeepFake Çalışmaları/FaceForensics_Projesi/fake_frames/train/FaceShifter_864_839/frame_000014.jpg,/content/drive/MyDrive/AISC DeepFake Çalışmaları/Deney 1 Frame/Fake/train/fake_train_00726.jpg,fake_train_00726.jpg
Fake,train,/content/drive/MyDrive/AISC DeepFake Çalışmaları/FaceForensics_Projesi/fake_frames/train/Deepfakes_485_425/frame_000012.jpg,/content/drive/MyDrive/AISC DeepFake Çalışmaları/Deney 1 Frame/Fake/train/fake_train_00727.jpg,fake_train_00727.jpg
Fake,train,/content/drive/MyDrive/AISC DeepFake Çalışmaları/FaceForensics_Projesi/fake_frames/train/NeuralTextures_036_035/frame_000003.jpg,/content/drive/MyDrive/AISC DeepFake Çalışmaları/Deney 1 Frame/Fake/train/fake_train_00728.jpg,fake_train_00728.jpg
Fake,train,/content/drive/MyDrive/AISC DeepFake Çalışmaları/FaceForensics_Projesi/fake_frames/train/Face2Face_516_555/frame_000022.jpg,/content/drive/MyDrive/AISC DeepFake Çalışmaları/Deney 1 Frame/Fake/train/fake_train_00729.jpg,fake_train_00729.jpg
Fake,train,/content/drive/MyDrive/AISC DeepFake Çalışmaları/FaceForensics_Projesi/fake_frames/train/Deepfakes_690_689/frame_000006.jpg,/content/drive/MyDrive/AISC DeepFake Çalışmaları/Deney 1 Frame/Fake/train/fake_train_00730.jpg,fake_train_00730.jpg
Fake,train,/content/drive/MyDrive/AISC DeepFake Çalışmaları/FaceForensics_Projesi/fake_frames/train/FaceShifter_127_129/frame_000022.jpg,/content/drive/MyDrive/AISC DeepFake Çalışmaları/Deney 1 Frame/Fake/train/fake_train_00731.jpg,fake_train_00731.jpg
Fake,train,/content/drive/MyDrive/AISC DeepFake Çalışmaları/FaceForensics_Projesi/fake_frames/train/Deepfakes_025_067/frame_000001.jpg,/content/drive/MyDrive/AISC DeepFake Çalışmaları/Deney 1 Frame/Fake/train/fake_train_00732.jpg,fake_train_00732.jpg
Fake,train,/content/drive/MyDrive/AISC DeepFake Çalışmaları/FaceForensics_Projesi/fake_frames/train/FaceShifter_230_204/frame_000002.jpg,/content/drive/MyDrive/AISC DeepFake Çalışmaları/Deney 1 Frame/Fake/train/fake_train_00733.jpg,fake_train_00733.jpg
Fake,train,/content/drive/MyDrive/AISC DeepFake Çalışmaları/FaceForensics_Projesi/fake_frames/train/NeuralTextures_827_817/frame_000002.jpg,/content/drive/MyDrive/AISC DeepFake Çalışmaları/Deney 1 Frame/Fake/train/fake_train_00734.jpg,fake_train_00734.jpg
Fake,train,/content/drive/MyDrive/AISC DeepFake Çalışmaları/FaceForensics_Projesi/fake_frames/train/FaceSwap_972_718/frame_000002.jpg,/content/drive/MyDrive/AISC DeepFake Çalışmaları/Deney 1 Frame/Fake/train/fake_train_00735.jpg,fake_train_00735.jpg
Fake,train,/content/drive/MyDrive/AISC DeepFake Çalışmaları/FaceForensics_Projesi/fake_frames/train/FaceShifter_623_630/frame_000017.jpg,/content/drive/MyDrive/AISC DeepFake Çalışmaları/Deney 1 Frame/Fake/train/fake_train_00736.jpg,fake_train_00736.jpg
Fake,train,/content/drive/MyDrive/AISC DeepFake Çalışmaları/FaceForensics_Projesi/fake_frames/train/Deepfakes_893_913/frame_000023.jpg,/content/drive/MyDrive/AISC DeepFake Çalışmaları/Deney 1 Frame/Fake/train/fake_train_00737.jpg,fake_train_00737.jpg
Fake,train,/content/drive/MyDrive/AISC DeepFake Çalışmaları/FaceForensics_Projesi/fake_frames/train/Face2Face_396_272/frame_000011.jpg,/content/drive/MyDrive/AISC DeepFake Çalışmaları/Deney 1 Frame/Fake/train/fake_train_00738.jpg,fake_train_00738.jpg
Fake,train,/content/drive/MyDrive/AISC DeepFake Çalışmaları/FaceForensics_Projesi/fake_frames/train/FaceShifter_945_044/frame_000002.jpg,/content/drive/MyDrive/AISC DeepFake Çalışmaları/Deney 1 Frame/Fake/train/fake_train_00739.jpg,fake_train_00739.jpg
Fake,train,/content/drive/MyDrive/AISC DeepFake Çalışmaları/FaceForensics_Projesi/fake_frames/train/NeuralTextures_704_723/frame_000019.jpg,/content/drive/MyDrive/AISC DeepFake Çalışmaları/Deney 1 Frame/Fake/train/fake_train_00740.jpg,fake_train_00740.jpg
Fake,train,/content/drive/MyDrive/AISC DeepFake Çalışmaları/FaceForensics_Projesi/fake_frames/train/FaceShifter_767_694/frame_000000.jpg,/content/drive/MyDrive/AISC DeepFake Çalışmaları/Deney 1 Frame/Fake/train/fake_train_00741.jpg,fake_train_00741.jpg
Fake,train,/content/drive/MyDrive/AISC DeepFake Çalışmaları/FaceForensics_Projesi/fake_frames/train/DeepFakeDetection_22_24__walking_and_outside_surprised__7E3GY85F/frame_000003.jpg,/content/drive/MyDrive/AISC DeepFake Çalışmaları/Deney 1 Frame/Fake/train/fake_train_00742.jpg,fake_train_00742.jpg
Fake,train,/content/drive/MyDrive/AISC DeepFake Çalışmaları/FaceForensics_Projesi/fake_frames/train/NeuralTextures_004_982/frame_000013.jpg,/content/drive/MyDrive/AISC DeepFake Çalışmaları/Deney 1 Frame/Fake/train/fake_train_00743.jpg,fake_train_00743.jpg
Fake,train,/content/drive/MyDrive/AISC DeepFake Çalışmaları/FaceForensics_Projesi/fake_frames/train/Face2Face_430_459/frame_000001.jpg,/content/drive/MyDrive/AISC DeepFake Çalışmaları/Deney 1 Frame/Fake/train/fake_train_00744.jpg,fake_train_00744.jpg
Fake,train,/content/drive/MyDrive/AISC DeepFake Çalışmaları/FaceForensics_Projesi/fake_frames/train/FaceShifter_325_492/frame_000047.jpg,/content/drive/MyDrive/AISC DeepFake Çalışmaları/Deney 1 Frame/Fake/train/fake_train_00745.jpg,fake_train_00745.jpg
Fake,train,/content/drive/MyDrive/AISC DeepFake Çalışmaları/FaceForensics_Projesi/fake_frames/train/Face2Face_614_616/frame_000024.jpg,/content/drive/MyDrive/AISC DeepFake Çalışmaları/Deney 1 Frame/Fake/train/fake_train_00746.jpg,fake_train_00746.jpg
Fake,train,/content/drive/MyDrive/AISC DeepFake Çalışmaları/FaceForensics_Projesi/fake_frames/train/DeepFakeDetection_20_26__talking_angry_couch__34DJQS3E/frame_000056.jpg,/content/drive/MyDrive/AISC DeepFake Çalışmaları/Deney 1 Frame/Fake/train/fake_train_00747.jpg,fake_train_00747.jpg
Fake,train,/content/drive/MyDrive/AISC DeepFake Çalışmaları/FaceForensics_Projesi/fake_frames/train/DeepFakeDetection_06_26__talking_angry_couch__L5BVR5L9/frame_000047.jpg,/content/drive/MyDrive/AISC DeepFake Çalışmaları/Deney 1 Frame/Fake/train/fake_train_00748.jpg,fake_train_00748.jpg
Fake,train,/content/drive/MyDrive/AISC DeepFake Çalışmaları/FaceForensics_Projesi/fake_frames/train/FaceShifter_176_190/frame_000003.jpg,/content/drive/MyDrive/AISC DeepFake Çalışmaları/Deney 1 Frame/Fake/train/fake_train_00749.jpg,fake_train_00749.jpg
Fake,train,/content/drive/MyDrive/AISC DeepFake Çalışmaları/FaceForensics_Projesi/fake_frames/train/NeuralTextures_530_594/frame_000000.jpg,/content/drive/MyDrive/AISC DeepFake Çalışmaları/Deney 1 Frame/Fake/train/fake_train_00750.jpg,fake_train_00750.jpg
Fake,train,/content/drive/MyDrive/AISC DeepFake Çalışmaları/FaceForensics_Projesi/fake_frames/train/Deepfakes_325_492/frame_000060.jpg,/content/drive/MyDrive/AISC DeepFake Çalışmaları/Deney 1 Frame/Fake/train/fake_train_00751.jpg,fake_train_00751.jpg
Fake,train,/content/drive/MyDrive/AISC DeepFake Çalışmaları/FaceForensics_Projesi/fake_frames/train/NeuralTextures_326_501/frame_000016.jpg,/content/drive/MyDrive/AISC DeepFake Çalışmaları/Deney 1 Frame/Fake/train/fake_train_00752.jpg,fake_train_00752.jpg
Fake,train,/content/drive/MyDrive/AISC DeepFake Çalışmaları/FaceForensics_Projesi/fake_frames/train/FaceSwap_597_595/frame_000013.jpg,/content/drive/MyDrive/AISC DeepFake Çalışmaları/Deney 1 Frame/Fake/train/fake_train_00753.jpg,fake_train_00753.jpg
Fake,train,/content/drive/MyDrive/AISC DeepFake Çalışmaları/FaceForensics_Projesi/fake_frames/train/DeepFakeDetection_12_07__outside_talking_still_laughing__KAG65PEE/frame_000039.jpg,/content/drive/MyDrive/AISC DeepFake Çalışmaları/Deney 1 Frame/Fake/train/fake_train_00754.jpg,fake_train_00754.jpg
Fake,train,/content/drive/MyDrive/AISC DeepFake Çalışmaları/FaceForensics_Projesi/fake_frames/train/FaceShifter_199_181/frame_000004.jpg,/content/drive/MyDrive/AISC DeepFake Çalışmaları/Deney 1 Frame/Fake/train/fake_train_00755.jpg,fake_train_00755.jpg
Fake,train,/content/drive/MyDrive/AISC DeepFake Çalışmaları/FaceForensics_Projesi/fake_frames/train/FaceShifter_826_833/frame_000012.jpg,/content/drive/MyDrive/AISC DeepFake Çalışmaları/Deney 1 Frame/Fake/train/fake_train_00756.jpg,fake_train_00756.jpg
Fake,train,/content/drive/MyDrive/AISC DeepFake Çalışmaları/FaceForensics_Projesi/fake_frames/train/DeepFakeDetection_18_14__talking_against_wall__0YRBHIKG/frame_000013.jpg,/content/drive/MyDrive/AISC DeepFake Çalışmaları/Deney 1 Frame/Fake/train/fake_train_00757.jpg,fake_train_00757.jpg
Fake,train,/content/drive/MyDrive/AISC DeepFake Çalışmaları/FaceForensics_Projesi/fake_frames/train/Face2Face_298_279/frame_000003.jpg,/content/drive/MyDrive/AISC DeepFake Çalışmaları/Deney 1 Frame/Fake/train/fake_train_00758.jpg,fake_train_00758.jpg
Fake,train,/content/drive/MyDrive/AISC DeepFake Çalışmaları/FaceForensics_Projesi/fake_frames/train/DeepFakeDetection_02_15__talking_angry_couch__I8G2LWD1/frame_000001.jpg,/content/drive/MyDrive/AISC DeepFake Çalışmaları/Deney 1 Frame/Fake/train/fake_train_00759.jpg,fake_train_00759.jpg
Fake,train,/content/drive/MyDrive/AISC DeepFake Çalışmaları/FaceForensics_Projesi/fake_frames/train/Deepfakes_652_773/frame_000001.jpg,/content/drive/MyDrive/AISC DeepFake Çalışmaları/Deney 1 Frame/Fake/train/fake_train_00760.jpg,fake_train_00760.jpg
Fake,train,/content/drive/MyDrive/AISC DeepFake Çalışmaları/FaceForensics_Projesi/fake_frames/train/DeepFakeDetection_15_02__talking_against_wall__TSRK8QS4/frame_000013.jpg,/content/drive/MyDrive/AISC DeepFake Çalışmaları/Deney 1 Frame/Fake/train/fake_train_00761.jpg,fake_train_00761.jpg
Fake,train,/content/drive/MyDrive/AISC DeepFake Çalışmaları/FaceForensics_Projesi/fake_frames/train/FaceSwap_169_227/frame_000016.jpg,/content/drive/MyDrive/AISC DeepFake Çalışmaları/Deney 1 Frame/Fake/train/fake_train_00762.jpg,fake_train_00762.jpg
Fake,train,/content/drive/MyDrive/AISC DeepFake Çalışmaları/FaceForensics_Projesi/fake_frames/train/FaceSwap_322_315/frame_000009.jpg,/content/drive/MyDrive/AISC DeepFake Çalışmaları/Deney 1 Frame/Fake/train/fake_train_00763.jpg,fake_train_00763.jpg
Fake,train,/content/drive/MyDrive/AISC DeepFake Çalışmaları/FaceForensics_Projesi/fake_frames/train/NeuralTextures_623_630/frame_000012.jpg,/content/drive/MyDrive/AISC DeepFake Çalışmaları/Deney 1 Frame/Fake/train/fake_train_00764.jpg,fake_train_00764.jpg
Fake,train,/content/drive/MyDrive/AISC DeepFake Çalışmaları/FaceForensics_Projesi/fake_frames/train/DeepFakeDetection_15_02__walking_down_indoor_hall_disgust__HTG660F8/frame_000052.jpg,/content/drive/MyDrive/AISC DeepFake Çalışmaları/Deney 1 Frame/Fake/train/fake_train_00765.jpg,fake_train_00765.jpg
Fake,train,/content/drive/MyDrive/AISC DeepFake Çalışmaları/FaceForensics_Projesi/fake_frames/train/NeuralTextures_568_628/frame_000006.jpg,/content/drive/MyDrive/AISC DeepFake Çalışmaları/Deney 1 Frame/Fake/train/fake_train_00766.jpg,fake_train_00766.jpg
Fake,train,/content/drive/MyDrive/AISC DeepFake Çalışmaları/FaceForensics_Projesi/fake_frames/train/NeuralTextures_677_671/frame_000011.jpg,/content/drive/MyDrive/AISC DeepFake Çalışmaları/Deney 1 Frame/Fake/train/fake_train_00767.jpg,fake_train_00767.jpg
Fake,train,/content/drive/MyDrive/AISC DeepFake Çalışmaları/FaceForensics_Projesi/fake_frames/train/Face2Face_951_947/frame_000025.jpg,/content/drive/MyDrive/AISC DeepFake Çalışmaları/Deney 1 Frame/Fake/train/fake_train_00768.jpg,fake_train_00768.jpg
Fake,train,/content/drive/MyDrive/AISC DeepFake Çalışmaları/FaceForensics_Projesi/fake_frames/train/DeepFakeDetection_01_02__outside_talking_still_laughing__YVGY8LOK/frame_000003.jpg,/content/drive/MyDrive/AISC DeepFake Çalışmaları/Deney 1 Frame/Fake/train/fake_train_00769.jpg,fake_train_00769.jpg
Fake,train,/content/drive/MyDrive/AISC DeepFake Çalışmaları/FaceForensics_Projesi/fake_frames/train/Face2Face_803_017/frame_000011.jpg,/content/drive/MyDrive/AISC DeepFake Çalışmaları/Deney 1 Frame/Fake/train/fake_train_00770.jpg,fake_train_00770.jpg
Fake,train,/content/drive/MyDrive/AISC DeepFake Çalışmaları/FaceForensics_Projesi/fake_frames/train/FaceShifter_001_870/frame_000022.jpg,/content/drive/MyDrive/AISC DeepFake Çalışmaları/Deney 1 Frame/Fake/train/fake_train_00771.jpg,fake_train_00771.jpg
Fake,train,/content/drive/MyDrive/AISC DeepFake Çalışmaları/FaceForensics_Projesi/fake_frames/train/NeuralTextures_326_501/frame_000023.jpg,/content/drive/MyDrive/AISC DeepFake Çalışmaları/Deney 1 Frame/Fake/train/fake_train_00772.jpg,fake_train_00772.jpg
Fake,train,/content/drive/MyDrive/AISC DeepFake Çalışmaları/FaceForensics_Projesi/fake_frames/train/Deepfakes_612_702/frame_000007.jpg,/content/drive/MyDrive/AISC DeepFake Çalışmaları/Deney 1 Frame/Fake/train/fake_train_00773.jpg,fake_train_00773.jpg
Fake,train,/content/drive/MyDrive/AISC DeepFake Çalışmaları/FaceForensics_Projesi/fake_frames/train/FaceSwap_656_666/frame_000020.jpg,/content/drive/MyDrive/AISC DeepFake Çalışmaları/Deney 1 Frame/Fake/train/fake_train_00774.jpg,fake_train_00774.jpg
Fake,train,/content/drive/MyDrive/AISC DeepFake Çalışmaları/FaceForensics_Projesi/fake_frames/train/NeuralTextures_283_313/frame_000014.jpg,/content/drive/MyDrive/AISC DeepFake Çalışmaları/Deney 1 Frame/Fake/train/fake_train_00775.jpg,fake_train_00775.jpg
Fake,train,/content/drive/MyDrive/AISC DeepFake Çalışmaları/FaceForensics_Projesi/fake_frames/train/Deepfakes_636_578/frame_000010.jpg,/content/drive/MyDrive/AISC DeepFake Çalışmaları/Deney 1 Frame/Fake/train/fake_train_00776.jpg,fake_train_00776.jpg
Fake,train,/content/drive/MyDrive/AISC DeepFake Çalışmaları/FaceForensics_Projesi/fake_frames/train/FaceShifter_533_450/frame_000005.jpg,/content/drive/MyDrive/AISC DeepFake Çalışmaları/Deney 1 Frame/Fake/train/fake_train_00777.jpg,fake_train_00777.jpg
Fake,train,/content/drive/MyDrive/AISC DeepFake Çalışmaları/FaceForensics_Projesi/fake_frames/train/NeuralTextures_769_784/frame_000021.jpg,/content/drive/MyDrive/AISC DeepFake Çalışmaları/Deney 1 Frame/Fake/train/fake_train_00778.jpg,fake_train_00778.jpg
Fake,train,/content/drive/MyDrive/AISC DeepFake Çalışmaları/FaceForensics_Projesi/fake_frames/train/DeepFakeDetection_12_07__walking_down_indoor_hall_disgust__KAG65PEE/frame_000039.jpg,/content/drive/MyDrive/AISC DeepFake Çalışmaları/Deney 1 Frame/Fake/train/fake_train_00779.jpg,fake_train_00779.jpg
Fake,train,/content/drive/MyDrive/AISC DeepFake Çalışmaları/FaceForensics_Projesi/fake_frames/train/FaceShifter_819_786/frame_000031.jpg,/content/drive/MyDrive/AISC DeepFake Çalışmaları/Deney 1 Frame/Fake/train/fake_train_00780.jpg,fake_train_00780.jpg
Fake,train,/content/drive/MyDrive/AISC DeepFake Çalışmaları/FaceForensics_Projesi/fake_frames/train/NeuralTextures_405_393/frame_000009.jpg,/content/drive/MyDrive/AISC DeepFake Çalışmaları/Deney 1 Frame/Fake/train/fake_train_00781.jpg,fake_train_00781.jpg
Fake,train,/content/drive/MyDrive/AISC DeepFake Çalışmaları/FaceForensics_Projesi/fake_frames/train/DeepFakeDetection_13_20__kitchen_still__LXLR1B6N/frame_000020.jpg,/content/drive/MyDrive/AISC DeepFake Çalışmaları/Deney 1 Frame/Fake/train/fake_train_00782.jpg,fake_train_00782.jpg
Fake,train,/content/drive/MyDrive/AISC DeepFake Çalışmaları/FaceForensics_Projesi/fake_frames/train/NeuralTextures_320_328/frame_000015.jpg,/content/drive/MyDrive/AISC DeepFake Çalışmaları/Deney 1 Frame/Fake/train/fake_train_00783.jpg,fake_train_00783.jpg
Fake,train,/content/drive/MyDrive/AISC DeepFake Çalışmaları/FaceForensics_Projesi/fake_frames/train/DeepFakeDetection_26_03__talking_angry_couch__WBSXBL82/frame_000004.jpg,/content/drive/MyDrive/AISC DeepFake Çalışmaları/Deney 1 Frame/Fake/train/fake_train_00784.jpg,fake_train_00784.jpg
Fake,train,/content/drive/MyDrive/AISC DeepFake Çalışmaları/FaceForensics_Projesi/fake_frames/train/NeuralTextures_835_651/frame_000018.jpg,/content/drive/MyDrive/AISC DeepFake Çalışmaları/Deney 1 Frame/Fake/train/fake_train_00785.jpg,fake_train_00785.jpg
Fake,train,/content/drive/MyDrive/AISC DeepFake Çalışmaları/FaceForensics_Projesi/fake_frames/train/Face2Face_267_286/frame_000009.jpg,/content/drive/MyDrive/AISC DeepFake Çalışmaları/Deney 1 Frame/Fake/train/fake_train_00786.jpg,fake_train_00786.jpg
Fake,train,/content/drive/MyDrive/AISC DeepFake Çalışmaları/FaceForensics_Projesi/fake_frames/train/FaceShifter_963_879/frame_000021.jpg,/content/drive/MyDrive/AISC DeepFake Çalışmaları/Deney 1 Frame/Fake/train/fake_train_00787.jpg,fake_train_00787.jpg
Fake,train,/content/drive/MyDrive/AISC DeepFake Çalışmaları/FaceForensics_Projesi/fake_frames/train/FaceShifter_971_564/frame_000004.jpg,/content/drive/MyDrive/AISC DeepFake Çalışmaları/Deney 1 Frame/Fake/train/fake_train_00788.jpg,fake_train_00788.jpg
Fake,train,/content/drive/MyDrive/AISC DeepFake Çalışmaları/FaceForensics_Projesi/fake_frames/train/DeepFakeDetection_06_02__walking_down_indoor_hall_disgust__GH8TGTBS/frame_000073.jpg,/content/drive/MyDrive/AISC DeepFake Çalışmaları/Deney 1 Frame/Fake/train/fake_train_00789.jpg,fake_train_00789.jpg
Fake,train,/content/drive/MyDrive/AISC DeepFake Çalışmaları/FaceForensics_Projesi/fake_frames/train/FaceShifter_526_436/frame_000002.jpg,/content/drive/MyDrive/AISC DeepFake Çalışmaları/Deney 1 Frame/Fake/train/fake_train_00790.jpg,fake_train_00790.jpg
Fake,train,/content/drive/MyDrive/AISC DeepFake Çalışmaları/FaceForensics_Projesi/fake_frames/train/FaceSwap_063_041/frame_000000.jpg,/content/drive/MyDrive/AISC DeepFake Çalışmaları/Deney 1 Frame/Fake/train/fake_train_00791.jpg,fake_train_00791.jpg
Fake,train,/content/drive/MyDrive/AISC DeepFake Çalışmaları/FaceForensics_Projesi/fake_frames/train/Face2Face_768_793/frame_000007.jpg,/content/drive/MyDrive/AISC DeepFake Çalışmaları/Deney 1 Frame/Fake/train/fake_train_00792.jpg,fake_train_00792.jpg
Fake,train,/content/drive/MyDrive/AISC DeepFake Çalışmaları/FaceForensics_Projesi/fake_frames/train/Face2Face_005_010/frame_000020.jpg,/content/drive/MyDrive/AISC DeepFake Çalışmaları/Deney 1 Frame/Fake/train/fake_train_00793.jpg,fake_train_00793.jpg
Fake,train,/content/drive/MyDrive/AISC DeepFake Çalışmaları/FaceForensics_Projesi/fake_frames/train/NeuralTextures_251_375/frame_000017.jpg,/content/drive/MyDrive/AISC DeepFake Çalışmaları/Deney 1 Frame/Fake/train/fake_train_00794.jpg,fake_train_00794.jpg
Fake,train,/content/drive/MyDrive/AISC DeepFake Çalışmaları/FaceForensics_Projesi/fake_frames/train/FaceSwap_904_046/frame_000004.jpg,/content/drive/MyDrive/AISC DeepFake Çalışmaları/Deney 1 Frame/Fake/train/fake_train_00795.jpg,fake_train_00795.jpg
Fake,train,/content/drive/MyDrive/AISC DeepFake Çalışmaları/FaceForensics_Projesi/fake_frames/train/FaceSwap_410_411/frame_000018.jpg,/content/drive/MyDrive/AISC DeepFake Çalışmaları/Deney 1 Frame/Fake/train/fake_train_00796.jpg,fake_train_00796.jpg
Fake,train,/content/drive/MyDrive/AISC DeepFake Çalışmaları/FaceForensics_Projesi/fake_frames/train/DeepFakeDetection_27_02__talking_angry_couch__FV8M8O2C/frame_000001.jpg,/content/drive/MyDrive/AISC DeepFake Çalışmaları/Deney 1 Frame/Fake/train/fake_train_00797.jpg,fake_train_00797.jpg
Fake,train,/content/drive/MyDrive/AISC DeepFake Çalışmaları/FaceForensics_Projesi/fake_frames/train/NeuralTextures_393_405/frame_000008.jpg,/content/drive/MyDrive/AISC DeepFake Çalışmaları/Deney 1 Frame/Fake/train/fake_train_00798.jpg,fake_train_00798.jpg
Fake,train,/content/drive/MyDrive/AISC DeepFake Çalışmaları/FaceForensics_Projesi/fake_frames/train/Deepfakes_874_291/frame_000005.jpg,/content/drive/MyDrive/AISC DeepFake Çalışmaları/Deney 1 Frame/Fake/train/fake_train_00799.jpg,fake_train_00799.jpg
Fake,train,/content/drive/MyDrive/AISC DeepFake Çalışmaları/FaceForensics_Projesi/fake_frames/train/FaceShifter_168_222/frame_000030.jpg,/content/drive/MyDrive/AISC DeepFake Çalışmaları/Deney 1 Frame/Fake/train/fake_train_00800.jpg,fake_train_00800.jpg
Fake,train,/content/drive/MyDrive/AISC DeepFake Çalışmaları/FaceForensics_Projesi/fake_frames/train/FaceShifter_735_774/frame_000019.jpg,/content/drive/MyDrive/AISC DeepFake Çalışmaları/Deney 1 Frame/Fake/train/fake_train_00801.jpg,fake_train_00801.jpg
Fake,train,/content/drive/MyDrive/AISC DeepFake Çalışmaları/FaceForensics_Projesi/fake_frames/train/NeuralTextures_951_947/frame_000027.jpg,/content/drive/MyDrive/AISC DeepFake Çalışmaları/Deney 1 Frame/Fake/train/fake_train_00802.jpg,fake_train_00802.jpg
Fake,train,/content/drive/MyDrive/AISC DeepFake Çalışmaları/FaceForensics_Projesi/fake_frames/train/DeepFakeDetection_25_12__secret_conversation__MA71PDNV/frame_000008.jpg,/content/drive/MyDrive/AISC DeepFake Çalışmaları/Deney 1 Frame/Fake/train/fake_train_00803.jpg,fake_train_00803.jpg
Fake,train,/content/drive/MyDrive/AISC DeepFake Çalışmaları/FaceForensics_Projesi/fake_frames/train/DeepFakeDetection_20_09__walking_down_indoor_hall_disgust__RAGUKRMK/frame_000076.jpg,/content/drive/MyDrive/AISC DeepFake Çalışmaları/Deney 1 Frame/Fake/train/fake_train_00804.jpg,fake_train_00804.jpg
Fake,train,/content/drive/MyDrive/AISC DeepFake Çalışmaları/FaceForensics_Projesi/fake_frames/train/DeepFakeDetection_12_15__hugging_happy__N0SRODQD/frame_000035.jpg,/content/drive/MyDrive/AISC DeepFake Çalışmaları/Deney 1 Frame/Fake/train/fake_train_00805.jpg,fake_train_00805.jpg
Fake,train,/content/drive/MyDrive/AISC DeepFake Çalışmaları/FaceForensics_Projesi/fake_frames/train/NeuralTextures_939_115/frame_000006.jpg,/content/drive/MyDrive/AISC DeepFake Çalışmaları/Deney 1 Frame/Fake/train/fake_train_00806.jpg,fake_train_00806.jpg
Fake,train,/content/drive/MyDrive/AISC DeepFake Çalışmaları/FaceForensics_Projesi/fake_frames/train/Face2Face_276_185/frame_000008.jpg,/content/drive/MyDrive/AISC DeepFake Çalışmaları/Deney 1 Frame/Fake/train/fake_train_00807.jpg,fake_train_00807.jpg
Fake,train,/content/drive/MyDrive/AISC DeepFake Çalışmaları/FaceForensics_Projesi/fake_frames/train/Face2Face_387_311/frame_000006.jpg,/content/drive/MyDrive/AISC DeepFake Çalışmaları/Deney 1 Frame/Fake/train/fake_train_00808.jpg,fake_train_00808.jpg
Fake,train,/content/drive/MyDrive/AISC DeepFake Çalışmaları/FaceForensics_Projesi/fake_frames/train/FaceSwap_902_901/frame_000010.jpg,/content/drive/MyDrive/AISC DeepFake Çalışmaları/Deney 1 Frame/Fake/train/fake_train_00809.jpg,fake_train_00809.jpg
Fake,train,/content/drive/MyDrive/AISC DeepFake Çalışmaları/FaceForensics_Projesi/fake_frames/train/FaceSwap_014_790/frame_000004.jpg,/content/drive/MyDrive/AISC DeepFake Çalışmaları/Deney 1 Frame/Fake/train/fake_train_00810.jpg,fake_train_00810.jpg
Fake,train,/content/drive/MyDrive/AISC DeepFake Çalışmaları/FaceForensics_Projesi/fake_frames/train/DeepFakeDetection_20_13__kitchen_pan__4SAX54BT/frame_000031.jpg,/content/drive/MyDrive/AISC DeepFake Çalışmaları/Deney 1 Frame/Fake/train/fake_train_00811.jpg,fake_train_00811.jpg
Fake,train,/content/drive/MyDrive/AISC DeepFake Çalışmaları/FaceForensics_Projesi/fake_frames/train/Face2Face_736_785/frame_000016.jpg,/content/drive/MyDrive/AISC DeepFake Çalışmaları/Deney 1 Frame/Fake/train/fake_train_00812.jpg,fake_train_00812.jpg
Fake,train,/content/drive/MyDrive/AISC DeepFake Çalışmaları/FaceForensics_Projesi/fake_frames/train/DeepFakeDetection_26_27__talking_against_wall__IE9N0ZI9/frame_000049.jpg,/content/drive/MyDrive/AISC DeepFake Çalışmaları/Deney 1 Frame/Fake/train/fake_train_00813.jpg,fake_train_00813.jpg
Fake,train,/content/drive/MyDrive/AISC DeepFake Çalışmaları/FaceForensics_Projesi/fake_frames/train/FaceShifter_746_571/frame_000006.jpg,/content/drive/MyDrive/AISC DeepFake Çalışmaları/Deney 1 Frame/Fake/train/fake_train_00814.jpg,fake_train_00814.jpg
Fake,train,/content/drive/MyDrive/AISC DeepFake Çalışmaları/FaceForensics_Projesi/fake_frames/train/Deepfakes_917_924/frame_000017.jpg,/content/drive/MyDrive/AISC DeepFake Çalışmaları/Deney 1 Frame/Fake/train/fake_train_00815.jpg,fake_train_00815.jpg
Fake,train,/content/drive/MyDrive/AISC DeepFake Çalışmaları/FaceForensics_Projesi/fake_frames/train/DeepFakeDetection_14_03__talking_angry_couch__L0GHYIFS/frame_000064.jpg,/content/drive/MyDrive/AISC DeepFake Çalışmaları/Deney 1 Frame/Fake/train/fake_train_00816.jpg,fake_train_00816.jpg
Fake,train,/content/drive/MyDrive/AISC DeepFake Çalışmaları/FaceForensics_Projesi/fake_frames/train/Deepfakes_895_915/frame_000003.jpg,/content/drive/MyDrive/AISC DeepFake Çalışmaları/Deney 1 Frame/Fake/train/fake_train_00817.jpg,fake_train_00817.jpg
Fake,train,/content/drive/MyDrive/AISC DeepFake Çalışmaları/FaceForensics_Projesi/fake_frames/train/DeepFakeDetection_12_15__kitchen_pan__N0SRODQD/frame_000024.jpg,/content/drive/MyDrive/AISC DeepFake Çalışmaları/Deney 1 Frame/Fake/train/fake_train_00818.jpg,fake_train_00818.jpg
Fake,train,/content/drive/MyDrive/AISC DeepFake Çalışmaları/FaceForensics_Projesi/fake_frames/train/DeepFakeDetection_21_07__kitchen_pan__K7KXUHMU/frame_000006.jpg,/content/drive/MyDrive/AISC DeepFake Çalışmaları/Deney 1 Frame/Fake/train/fake_train_00819.jpg,fake_train_00819.jpg
Fake,train,/content/drive/MyDrive/AISC DeepFake Çalışmaları/FaceForensics_Projesi/fake_frames/train/DeepFakeDetection_21_14__podium_speech_happy__N0WM4GSV/frame_000063.jpg,/content/drive/MyDrive/AISC DeepFake Çalışmaları/Deney 1 Frame/Fake/train/fake_train_00820.jpg,fake_train_00820.jpg
Fake,train,/content/drive/MyDrive/AISC DeepFake Çalışmaları/FaceForensics_Projesi/fake_frames/train/Deepfakes_882_952/frame_000010.jpg,/content/drive/MyDrive/AISC DeepFake Çalışmaları/Deney 1 Frame/Fake/train/fake_train_00821.jpg,fake_train_00821.jpg
Fake,train,/content/drive/MyDrive/AISC DeepFake Çalışmaları/FaceForensics_Projesi/fake_frames/train/FaceSwap_558_583/frame_000006.jpg,/content/drive/MyDrive/AISC DeepFake Çalışmaları/Deney 1 Frame/Fake/train/fake_train_00822.jpg,fake_train_00822.jpg
Fake,train,/content/drive/MyDrive/AISC DeepFake Çalışmaları/FaceForensics_Projesi/fake_frames/train/FaceSwap_466_428/frame_000000.jpg,/content/drive/MyDrive/AISC DeepFake Çalışmaları/Deney 1 Frame/Fake/train/fake_train_00823.jpg,fake_train_00823.jpg
Fake,train,/content/drive/MyDrive/AISC DeepFake Çalışmaları/FaceForensics_Projesi/fake_frames/train/DeepFakeDetection_12_21__outside_talking_still_laughing__J54W3PV1/frame_000028.jpg,/content/drive/MyDrive/AISC DeepFake Çalışmaları/Deney 1 Frame/Fake/train/fake_train_00824.jpg,fake_train_00824.jpg
Fake,train,/content/drive/MyDrive/AISC DeepFake Çalışmaları/FaceForensics_Projesi/fake_frames/train/FaceShifter_679_665/frame_000021.jpg,/content/drive/MyDrive/AISC DeepFake Çalışmaları/Deney 1 Frame/Fake/train/fake_train_00825.jpg,fake_train_00825.jpg
Fake,train,/content/drive/MyDrive/AISC DeepFake Çalışmaları/FaceForensics_Projesi/fake_frames/train/FaceSwap_806_781/frame_000001.jpg,/content/drive/MyDrive/AISC DeepFake Çalışmaları/Deney 1 Frame/Fake/train/fake_train_00826.jpg,fake_train_00826.jpg
Fake,train,/content/drive/MyDrive/AISC DeepFake Çalışmaları/FaceForensics_Projesi/fake_frames/train/FaceShifter_980_992/frame_000000.jpg,/content/drive/MyDrive/AISC DeepFake Çalışmaları/Deney 1 Frame/Fake/train/fake_train_00827.jpg,fake_train_00827.jpg
Fake,train,/content/drive/MyDrive/AISC DeepFake Çalışmaları/FaceForensics_Projesi/fake_frames/train/FaceSwap_469_481/frame_000002.jpg,/content/drive/MyDrive/AISC DeepFake Çalışmaları/Deney 1 Frame/Fake/train/fake_train_00828.jpg,fake_train_00828.jpg
Fake,train,/content/drive/MyDrive/AISC DeepFake Çalışmaları/FaceForensics_Projesi/fake_frames/train/FaceSwap_839_864/frame_000007.jpg,/content/drive/MyDrive/AISC DeepFake Çalışmaları/Deney 1 Frame/Fake/train/fake_train_00829.jpg,fake_train_00829.jpg
Fake,train,/content/drive/MyDrive/AISC DeepFake Çalışmaları/FaceForensics_Projesi/fake_frames/train/DeepFakeDetection_14_15__walking_and_outside_surprised__OMLZILK3/frame_000011.jpg,/content/drive/MyDrive/AISC DeepFake Çalışmaları/Deney 1 Frame/Fake/train/fake_train_00830.jpg,fake_train_00830.jpg
Fake,train,/content/drive/MyDrive/AISC DeepFake Çalışmaları/FaceForensics_Projesi/fake_frames/train/FaceSwap_245_157/frame_000003.jpg,/content/drive/MyDrive/AISC DeepFake Çalışmaları/Deney 1 Frame/Fake/train/fake_train_00831.jpg,fake_train_00831.jpg
Fake,train,/content/drive/MyDrive/AISC DeepFake Çalışmaları/FaceForensics_Projesi/fake_frames/train/NeuralTextures_313_283/frame_000008.jpg,/content/drive/MyDrive/AISC DeepFake Çalışmaları/Deney 1 Frame/Fake/train/fake_train_00832.jpg,fake_train_00832.jpg
Fake,train,/content/drive/MyDrive/AISC DeepFake Çalışmaları/FaceForensics_Projesi/fake_frames/train/Face2Face_898_922/frame_000015.jpg,/content/drive/MyDrive/AISC DeepFake Çalışmaları/Deney 1 Frame/Fake/train/fake_train_00833.jpg,fake_train_00833.jpg
Fake,train,/content/drive/MyDrive/AISC DeepFake Çalışmaları/FaceForensics_Projesi/fake_frames/train/Deepfakes_773_652/frame_000013.jpg,/content/drive/MyDrive/AISC DeepFake Çalışmaları/Deney 1 Frame/Fake/train/fake_train_00834.jpg,fake_train_00834.jpg
Fake,train,/content/drive/MyDrive/AISC DeepFake Çalışmaları/FaceForensics_Projesi/fake_frames/train/Face2Face_261_254/frame_000016.jpg,/content/drive/MyDrive/AISC DeepFake Çalışmaları/Deney 1 Frame/Fake/train/fake_train_00835.jpg,fake_train_00835.jpg
Fake,train,/content/drive/MyDrive/AISC DeepFake Çalışmaları/FaceForensics_Projesi/fake_frames/train/Face2Face_304_300/frame_000026.jpg,/content/drive/MyDrive/AISC DeepFake Çalışmaları/Deney 1 Frame/Fake/train/fake_train_00836.jpg,fake_train_00836.jpg
Fake,train,/content/drive/MyDrive/AISC DeepFake Çalışmaları/FaceForensics_Projesi/fake_frames/train/Face2Face_942_943/frame_000002.jpg,/content/drive/MyDrive/AISC DeepFake Çalışmaları/Deney 1 Frame/Fake/train/fake_train_00837.jpg,fake_train_00837.jpg
Fake,train,/content/drive/MyDrive/AISC DeepFake Çalışmaları/FaceForensics_Projesi/fake_frames/train/Face2Face_787_782/frame_000014.jpg,/content/drive/MyDrive/AISC DeepFake Çalışmaları/Deney 1 Frame/Fake/train/fake_train_00838.jpg,fake_train_00838.jpg
Fake,train,/content/drive/MyDrive/AISC DeepFake Çalışmaları/FaceForensics_Projesi/fake_frames/train/NeuralTextures_252_266/frame_000024.jpg,/content/drive/MyDrive/AISC DeepFake Çalışmaları/Deney 1 Frame/Fake/train/fake_train_00839.jpg,fake_train_00839.jpg
Fake,train,/content/drive/MyDrive/AISC DeepFake Çalışmaları/FaceForensics_Projesi/fake_frames/train/FaceShifter_460_678/frame_000012.jpg,/content/drive/MyDrive/AISC DeepFake Çalışmaları/Deney 1 Frame/Fake/train/fake_train_00840.jpg,fake_train_00840.jpg
Fake,train,/content/drive/MyDrive/AISC DeepFake Çalışmaları/FaceForensics_Projesi/fake_frames/train/DeepFakeDetection_12_15__kitchen_still__RK17XFJ9/frame_000032.jpg,/content/drive/MyDrive/AISC DeepFake Çalışmaları/Deney 1 Frame/Fake/train/fake_train_00841.jpg,fake_train_00841.jpg
Fake,train,/content/drive/MyDrive/AISC DeepFake Çalışmaları/FaceForensics_Projesi/fake_frames/train/DeepFakeDetection_18_03__kitchen_still__22UBC0BS/frame_000034.jpg,/content/drive/MyDrive/AISC DeepFake Çalışmaları/Deney 1 Frame/Fake/train/fake_train_00842.jpg,fake_train_00842.jpg
Fake,train,/content/drive/MyDrive/AISC DeepFake Çalışmaları/FaceForensics_Projesi/fake_frames/train/DeepFakeDetection_21_11__walking_down_indoor_hall_disgust__T7DK03O1/frame_000036.jpg,/content/drive/MyDrive/AISC DeepFake Çalışmaları/Deney 1 Frame/Fake/train/fake_train_00843.jpg,fake_train_00843.jpg
Fake,train,/content/drive/MyDrive/AISC DeepFake Çalışmaları/FaceForensics_Projesi/fake_frames/train/DeepFakeDetection_11_01__talking_angry_couch__LL4RUKZA/frame_000019.jpg,/content/drive/MyDrive/AISC DeepFake Çalışmaları/Deney 1 Frame/Fake/train/fake_train_00844.jpg,fake_train_00844.jpg
Fake,train,/content/drive/MyDrive/AISC DeepFake Çalışmaları/FaceForensics_Projesi/fake_frames/train/Face2Face_310_196/frame_000017.jpg,/content/drive/MyDrive/AISC DeepFake Çalışmaları/Deney 1 Frame/Fake/train/fake_train_00845.jpg,fake_train_00845.jpg
Fake,train,/content/drive/MyDrive/AISC DeepFake Çalışmaları/FaceForensics_Projesi/fake_frames/train/Deepfakes_768_793/frame_000009.jpg,/content/drive/MyDrive/AISC DeepFake Çalışmaları/Deney 1 Frame/Fake/train/fake_train_00846.jpg,fake_train_00846.jpg
Fake,train,/content/drive/MyDrive/AISC DeepFake Çalışmaları/FaceForensics_Projesi/fake_frames/train/NeuralTextures_853_863/frame_000001.jpg,/content/drive/MyDrive/AISC DeepFake Çalışmaları/Deney 1 Frame/Fake/train/fake_train_00847.jpg,fake_train_00847.jpg
Fake,train,/content/drive/MyDrive/AISC DeepFake Çalışmaları/FaceForensics_Projesi/fake_frames/train/DeepFakeDetection_09_20__podium_speech_happy__RAGUKRMK/frame_000020.jpg,/content/drive/MyDrive/AISC DeepFake Çalışmaları/Deney 1 Frame/Fake/train/fake_train_00848.jpg,fake_train_00848.jpg
Fake,train,/content/drive/MyDrive/AISC DeepFake Çalışmaları/FaceForensics_Projesi/fake_frames/train/DeepFakeDetection_26_12__podium_speech_happy__BFBNM8FR/frame_000048.jpg,/content/drive/MyDrive/AISC DeepFake Çalışmaları/Deney 1 Frame/Fake/train/fake_train_00849.jpg,fake_train_00849.jpg
Fake,train,/content/drive/MyDrive/AISC DeepFake Çalışmaları/FaceForensics_Projesi/fake_frames/train/Deepfakes_453_402/frame_000009.jpg,/content/drive/MyDrive/AISC DeepFake Çalışmaları/Deney 1 Frame/Fake/train/fake_train_00850.jpg,fake_train_00850.jpg
Fake,train,/content/drive/MyDrive/AISC DeepFake Çalışmaları/FaceForensics_Projesi/fake_frames/train/Face2Face_374_407/frame_000023.jpg,/content/drive/MyDrive/AISC DeepFake Çalışmaları/Deney 1 Frame/Fake/train/fake_train_00851.jpg,fake_train_00851.jpg
Fake,train,/content/drive/MyDrive/AISC DeepFake Çalışmaları/FaceForensics_Projesi/fake_frames/train/Deepfakes_533_450/frame_000000.jpg,/content/drive/MyDrive/AISC DeepFake Çalışmaları/Deney 1 Frame/Fake/train/fake_train_00852.jpg,fake_train_00852.jpg
Fake,train,/content/drive/MyDrive/AISC DeepFake Çalışmaları/FaceForensics_Projesi/fake_frames/train/DeepFakeDetection_20_13__kitchen_still__NJEO6L5O/frame_000043.jpg,/content/drive/MyDrive/AISC DeepFake Çalışmaları/Deney 1 Frame/Fake/train/fake_train_00853.jpg,fake_train_00853.jpg
Fake,train,/content/drive/MyDrive/AISC DeepFake Çalışmaları/FaceForensics_Projesi/fake_frames/train/FaceShifter_222_168/frame_000009.jpg,/content/drive/MyDrive/AISC DeepFake Çalışmaları/Deney 1 Frame/Fake/train/fake_train_00854.jpg,fake_train_00854.jpg
Fake,train,/content/drive/MyDrive/AISC DeepFake Çalışmaları/FaceForensics_Projesi/fake_frames/train/NeuralTextures_037_072/frame_000001.jpg,/content/drive/MyDrive/AISC DeepFake Çalışmaları/Deney 1 Frame/Fake/train/fake_train_00855.jpg,fake_train_00855.jpg
Fake,train,/content/drive/MyDrive/AISC DeepFake Çalışmaları/FaceForensics_Projesi/fake_frames/train/Face2Face_058_039/frame_000009.jpg,/content/drive/MyDrive/AISC DeepFake Çalışmaları/Deney 1 Frame/Fake/train/fake_train_00856.jpg,fake_train_00856.jpg
Fake,train,/content/drive/MyDrive/AISC DeepFake Çalışmaları/FaceForensics_Projesi/fake_frames/train/Face2Face_430_459/frame_000008.jpg,/content/drive/MyDrive/AISC DeepFake Çalışmaları/Deney 1 Frame/Fake/train/fake_train_00857.jpg,fake_train_00857.jpg
Fake,train,/content/drive/MyDrive/AISC DeepFake Çalışmaları/FaceForensics_Projesi/fake_frames/train/Face2Face_985_981/frame_000018.jpg,/content/drive/MyDrive/AISC DeepFake Çalışmaları/Deney 1 Frame/Fake/train/fake_train_00858.jpg,fake_train_00858.jpg
Fake,train,/content/drive/MyDrive/AISC DeepFake Çalışmaları/FaceForensics_Projesi/fake_frames/train/Deepfakes_854_747/frame_000008.jpg,/content/drive/MyDrive/AISC DeepFake Çalışmaları/Deney 1 Frame/Fake/train/fake_train_00859.jpg,fake_train_00859.jpg
Fake,train,/content/drive/MyDrive/AISC DeepFake Çalışmaları/FaceForensics_Projesi/fake_frames/train/Face2Face_222_168/frame_000047.jpg,/content/drive/MyDrive/AISC DeepFake Çalışmaları/Deney 1 Frame/Fake/train/fake_train_00860.jpg,fake_train_00860.jpg
Fake,train,/content/drive/MyDrive/AISC DeepFake Çalışmaları/FaceForensics_Projesi/fake_frames/train/Deepfakes_911_910/frame_000011.jpg,/content/drive/MyDrive/AISC DeepFake Çalışmaları/Deney 1 Frame/Fake/train/fake_train_00861.jpg,fake_train_00861.jpg
Fake,train,/content/drive/MyDrive/AISC DeepFake Çalışmaları/FaceForensics_Projesi/fake_frames/train/FaceSwap_885_802/frame_000006.jpg,/content/drive/MyDrive/AISC DeepFake Çalışmaları/Deney 1 Frame/Fake/train/fake_train_00862.jpg,fake_train_00862.jpg
Fake,train,/content/drive/MyDrive/AISC DeepFake Çalışmaları/FaceForensics_Projesi/fake_frames/train/FaceShifter_431_447/frame_000024.jpg,/content/drive/MyDrive/AISC DeepFake Çalışmaları/Deney 1 Frame/Fake/train/fake_train_00863.jpg,fake_train_00863.jpg
Fake,train,/content/drive/MyDrive/AISC DeepFake Çalışmaları/FaceForensics_Projesi/fake_frames/train/DeepFakeDetection_15_07__kitchen_still__9Z2MLKVX/frame_000040.jpg,/content/drive/MyDrive/AISC DeepFake Çalışmaları/Deney 1 Frame/Fake/train/fake_train_00864.jpg,fake_train_00864.jpg
Fake,train,/content/drive/MyDrive/AISC DeepFake Çalışmaları/FaceForensics_Projesi/fake_frames/train/FaceShifter_461_250/frame_000013.jpg,/content/drive/MyDrive/AISC DeepFake Çalışmaları/Deney 1 Frame/Fake/train/fake_train_00865.jpg,fake_train_00865.jpg
Fake,train,/content/drive/MyDrive/AISC DeepFake Çalışmaları/FaceForensics_Projesi/fake_frames/train/DeepFakeDetection_14_18__podium_speech_happy__0YRBHIKG/frame_000013.jpg,/content/drive/MyDrive/AISC DeepFake Çalışmaları/Deney 1 Frame/Fake/train/fake_train_00866.jpg,fake_train_00866.jpg
Fake,train,/content/drive/MyDrive/AISC DeepFake Çalışmaları/FaceForensics_Projesi/fake_frames/train/DeepFakeDetection_14_20__hugging_happy__B014BKVO/frame_000002.jpg,/content/drive/MyDrive/AISC DeepFake Çalışmaları/Deney 1 Frame/Fake/train/fake_train_00867.jpg,fake_train_00867.jpg
Fake,train,/content/drive/MyDrive/AISC DeepFake Çalışmaları/FaceForensics_Projesi/fake_frames/train/NeuralTextures_617_566/frame_000001.jpg,/content/drive/MyDrive/AISC DeepFake Çalışmaları/Deney 1 Frame/Fake/train/fake_train_00868.jpg,fake_train_00868.jpg
Fake,train,/content/drive/MyDrive/AISC DeepFake Çalışmaları/FaceForensics_Projesi/fake_frames/train/Face2Face_324_356/frame_000015.jpg,/content/drive/MyDrive/AISC DeepFake Çalışmaları/Deney 1 Frame/Fake/train/fake_train_00869.jpg,fake_train_00869.jpg
Fake,train,/content/drive/MyDrive/AISC DeepFake Çalışmaları/FaceForensics_Projesi/fake_frames/train/FaceShifter_495_512/frame_000029.jpg,/content/drive/MyDrive/AISC DeepFake Çalışmaları/Deney 1 Frame/Fake/train/fake_train_00870.jpg,fake_train_00870.jpg
Fake,train,/content/drive/MyDrive/AISC DeepFake Çalışmaları/FaceForensics_Projesi/fake_frames/train/Face2Face_286_267/frame_000009.jpg,/content/drive/MyDrive/AISC DeepFake Çalışmaları/Deney 1 Frame/Fake/train/fake_train_00871.jpg,fake_train_00871.jpg
Fake,train,/content/drive/MyDrive/AISC DeepFake Çalışmaları/FaceForensics_Projesi/fake_frames/train/DeepFakeDetection_02_06__talking_angry_couch__GH8TGTBS/frame_000022.jpg,/content/drive/MyDrive/AISC DeepFake Çalışmaları/Deney 1 Frame/Fake/train/fake_train_00872.jpg,fake_train_00872.jpg
Fake,train,/content/drive/MyDrive/AISC DeepFake Çalışmaları/FaceForensics_Projesi/fake_frames/train/NeuralTextures_346_351/frame_000008.jpg,/content/drive/MyDrive/AISC DeepFake Çalışmaları/Deney 1 Frame/Fake/train/fake_train_00873.jpg,fake_train_00873.jpg
Fake,train,/content/drive/MyDrive/AISC DeepFake Çalışmaları/FaceForensics_Projesi/fake_frames/train/NeuralTextures_955_078/frame_000016.jpg,/content/drive/MyDrive/AISC DeepFake Çalışmaları/Deney 1 Frame/Fake/train/fake_train_00874.jpg,fake_train_00874.jpg
Fake,train,/content/drive/MyDrive/AISC DeepFake Çalışmaları/FaceForensics_Projesi/fake_frames/train/Face2Face_582_172/frame_000025.jpg,/content/drive/MyDrive/AISC DeepFake Çalışmaları/Deney 1 Frame/Fake/train/fake_train_00875.jpg,fake_train_00875.jpg
Fake,train,/content/drive/MyDrive/AISC DeepFake Çalışmaları/FaceForensics_Projesi/fake_frames/train/Face2Face_274_412/frame_000011.jpg,/content/drive/MyDrive/AISC DeepFake Çalışmaları/Deney 1 Frame/Fake/train/fake_train_00876.jpg,fake_train_00876.jpg
Fake,train,/content/drive/MyDrive/AISC DeepFake Çalışmaları/FaceForensics_Projesi/fake_frames/train/FaceSwap_420_257/frame_000001.jpg,/content/drive/MyDrive/AISC DeepFake Çalışmaları/Deney 1 Frame/Fake/train/fake_train_00877.jpg,fake_train_00877.jpg
Fake,train,/content/drive/MyDrive/AISC DeepFake Çalışmaları/FaceForensics_Projesi/fake_frames/train/NeuralTextures_078_955/frame_000001.jpg,/content/drive/MyDrive/AISC DeepFake Çalışmaları/Deney 1 Frame/Fake/train/fake_train_00878.jpg,fake_train_00878.jpg
Fake,train,/content/drive/MyDrive/AISC DeepFake Çalışmaları/FaceForensics_Projesi/fake_frames/train/Deepfakes_771_849/frame_000022.jpg,/content/drive/MyDrive/AISC DeepFake Çalışmaları/Deney 1 Frame/Fake/train/fake_train_00879.jpg,fake_train_00879.jpg
Fake,train,/content/drive/MyDrive/AISC DeepFake Çalışmaları/FaceForensics_Projesi/fake_frames/train/Face2Face_793_768/frame_000013.jpg,/content/drive/MyDrive/AISC DeepFake Çalışmaları/Deney 1 Frame/Fake/train/fake_train_00880.jpg,fake_train_00880.jpg
Fake,train,/content/drive/MyDrive/AISC DeepFake Çalışmaları/FaceForensics_Projesi/fake_frames/train/FaceShifter_378_368/frame_000024.jpg,/content/drive/MyDrive/AISC DeepFake Çalışmaları/Deney 1 Frame/Fake/train/fake_train_00881.jpg,fake_train_00881.jpg
Fake,train,/content/drive/MyDrive/AISC DeepFake Çalışmaları/FaceForensics_Projesi/fake_frames/train/Deepfakes_266_252/frame_000001.jpg,/content/drive/MyDrive/AISC DeepFake Çalışmaları/Deney 1 Frame/Fake/train/fake_train_00882.jpg,fake_train_00882.jpg
Fake,train,/content/drive/MyDrive/AISC DeepFake Çalışmaları/FaceForensics_Projesi/fake_frames/train/Face2Face_165_137/frame_000010.jpg,/content/drive/MyDrive/AISC DeepFake Çalışmaları/Deney 1 Frame/Fake/train/fake_train_00883.jpg,fake_train_00883.jpg
Fake,train,/content/drive/MyDrive/AISC DeepFake Çalışmaları/FaceForensics_Projesi/fake_frames/train/Face2Face_401_395/frame_000013.jpg,/content/drive/MyDrive/AISC DeepFake Çalışmaları/Deney 1 Frame/Fake/train/fake_train_00884.jpg,fake_train_00884.jpg
Fake,train,/content/drive/MyDrive/AISC DeepFake Çalışmaları/FaceForensics_Projesi/fake_frames/train/Deepfakes_259_345/frame_000011.jpg,/content/drive/MyDrive/AISC DeepFake Çalışmaları/Deney 1 Frame/Fake/train/fake_train_00885.jpg,fake_train_00885.jpg
Fake,train,/content/drive/MyDrive/AISC DeepFake Çalışmaları/FaceForensics_Projesi/fake_frames/train/Face2Face_849_771/frame_000023.jpg,/content/drive/MyDrive/AISC DeepFake Çalışmaları/Deney 1 Frame/Fake/train/fake_train_00886.jpg,fake_train_00886.jpg
Fake,train,/content/drive/MyDrive/AISC DeepFake Çalışmaları/FaceForensics_Projesi/fake_frames/train/Face2Face_447_431/frame_000004.jpg,/content/drive/MyDrive/AISC DeepFake Çalışmaları/Deney 1 Frame/Fake/train/fake_train_00887.jpg,fake_train_00887.jpg
Fake,train,/content/drive/MyDrive/AISC DeepFake Çalışmaları/FaceForensics_Projesi/fake_frames/train/FaceSwap_548_632/frame_000023.jpg,/content/drive/MyDrive/AISC DeepFake Çalışmaları/Deney 1 Frame/Fake/train/fake_train_00888.jpg,fake_train_00888.jpg
Fake,train,/content/drive/MyDrive/AISC DeepFake Çalışmaları/FaceForensics_Projesi/fake_frames/train/Face2Face_902_901/frame_000000.jpg,/content/drive/MyDrive/AISC DeepFake Çalışmaları/Deney 1 Frame/Fake/train/fake_train_00889.jpg,fake_train_00889.jpg
Fake,train,/content/drive/MyDrive/AISC DeepFake Çalışmaları/FaceForensics_Projesi/fake_frames/train/Deepfakes_704_723/frame_000016.jpg,/content/drive/MyDrive/AISC DeepFake Çalışmaları/Deney 1 Frame/Fake/train/fake_train_00890.jpg,fake_train_00890.jpg
Fake,train,/content/drive/MyDrive/AISC DeepFake Çalışmaları/FaceForensics_Projesi/fake_frames/train/Face2Face_481_469/frame_000011.jpg,/content/drive/MyDrive/AISC DeepFake Çalışmaları/Deney 1 Frame/Fake/train/fake_train_00891.jpg,fake_train_00891.jpg
Fake,train,/content/drive/MyDrive/AISC DeepFake Çalışmaları/FaceForensics_Projesi/fake_frames/train/FaceShifter_160_928/frame_000025.jpg,/content/drive/MyDrive/AISC DeepFake Çalışmaları/Deney 1 Frame/Fake/train/fake_train_00892.jpg,fake_train_00892.jpg
Fake,train,/content/drive/MyDrive/AISC DeepFake Çalışmaları/FaceForensics_Projesi/fake_frames/train/Face2Face_212_179/frame_000009.jpg,/content/drive/MyDrive/AISC DeepFake Çalışmaları/Deney 1 Frame/Fake/train/fake_train_00893.jpg,fake_train_00893.jpg
Fake,train,/content/drive/MyDrive/AISC DeepFake Çalışmaları/FaceForensics_Projesi/fake_frames/train/Face2Face_642_635/frame_000024.jpg,/content/drive/MyDrive/AISC DeepFake Çalışmaları/Deney 1 Frame/Fake/train/fake_train_00894.jpg,fake_train_00894.jpg
Fake,train,/content/drive/MyDrive/AISC DeepFake Çalışmaları/FaceForensics_Projesi/fake_frames/train/Face2Face_697_581/frame_000017.jpg,/content/drive/MyDrive/AISC DeepFake Çalışmaları/Deney 1 Frame/Fake/train/fake_train_00895.jpg,fake_train_00895.jpg
Fake,train,/content/drive/MyDrive/AISC DeepFake Çalışmaları/FaceForensics_Projesi/fake_frames/train/FaceShifter_687_615/frame_000009.jpg,/content/drive/MyDrive/AISC DeepFake Çalışmaları/Deney 1 Frame/Fake/train/fake_train_00896.jpg,fake_train_00896.jpg
Fake,train,/content/drive/MyDrive/AISC DeepFake Çalışmaları/FaceForensics_Projesi/fake_frames/train/Face2Face_205_184/frame_000029.jpg,/content/drive/MyDrive/AISC DeepFake Çalışmaları/Deney 1 Frame/Fake/train/fake_train_00897.jpg,fake_train_00897.jpg
Fake,train,/content/drive/MyDrive/AISC DeepFake Çalışmaları/FaceForensics_Projesi/fake_frames/train/DeepFakeDetection_09_20__talking_angry_couch__98NUQ3E6/frame_000000.jpg,/content/drive/MyDrive/AISC DeepFake Çalışmaları/Deney 1 Frame/Fake/train/fake_train_00898.jpg,fake_train_00898.jpg
Fake,train,/content/drive/MyDrive/AISC DeepFake Çalışmaları/FaceForensics_Projesi/fake_frames/train/FaceShifter_004_982/frame_000016.jpg,/content/drive/MyDrive/AISC DeepFake Çalışmaları/Deney 1 Frame/Fake/train/fake_train_00899.jpg,fake_train_00899.jpg
Fake,train,/content/drive/MyDrive/AISC DeepFake Çalışmaları/FaceForensics_Projesi/fake_frames/train/DeepFakeDetection_21_09__talking_against_wall__JEELOMN2/frame_000051.jpg,/content/drive/MyDrive/AISC DeepFake Çalışmaları/Deney 1 Frame/Fake/train/fake_train_00900.jpg,fake_train_00900.jpg
Fake,train,/content/drive/MyDrive/AISC DeepFake Çalışmaları/FaceForensics_Projesi/fake_frames/train/DeepFakeDetection_14_01__walking_and_outside_surprised__01YF7VQM/frame_000001.jpg,/content/drive/MyDrive/AISC DeepFake Çalışmaları/Deney 1 Frame/Fake/train/fake_train_00901.jpg,fake_train_00901.jpg
Fake,train,/content/drive/MyDrive/AISC DeepFake Çalışmaları/FaceForensics_Projesi/fake_frames/train/Face2Face_113_983/frame_000008.jpg,/content/drive/MyDrive/AISC DeepFake Çalışmaları/Deney 1 Frame/Fake/train/fake_train_00902.jpg,fake_train_00902.jpg
Fake,train,/content/drive/MyDrive/AISC DeepFake Çalışmaları/FaceForensics_Projesi/fake_frames/train/FaceSwap_411_410/frame_000005.jpg,/content/drive/MyDrive/AISC DeepFake Çalışmaları/Deney 1 Frame/Fake/train/fake_train_00903.jpg,fake_train_00903.jpg
Fake,train,/content/drive/MyDrive/AISC DeepFake Çalışmaları/FaceForensics_Projesi/fake_frames/train/Deepfakes_247_229/frame_000004.jpg,/content/drive/MyDrive/AISC DeepFake Çalışmaları/Deney 1 Frame/Fake/train/fake_train_00904.jpg,fake_train_00904.jpg
Fake,train,/content/drive/MyDrive/AISC DeepFake Çalışmaları/FaceForensics_Projesi/fake_frames/train/DeepFakeDetection_14_13__kitchen_still__KMQ3AW6A/frame_000039.jpg,/content/drive/MyDrive/AISC DeepFake Çalışmaları/Deney 1 Frame/Fake/train/fake_train_00905.jpg,fake_train_00905.jpg
Fake,train,/content/drive/MyDrive/AISC DeepFake Çalışmaları/FaceForensics_Projesi/fake_frames/train/FaceShifter_960_999/frame_000004.jpg,/content/drive/MyDrive/AISC DeepFake Çalışmaları/Deney 1 Frame/Fake/train/fake_train_00906.jpg,fake_train_00906.jpg
Fake,train,/content/drive/MyDrive/AISC DeepFake Çalışmaları/FaceForensics_Projesi/fake_frames/train/NeuralTextures_646_643/frame_000001.jpg,/content/drive/MyDrive/AISC DeepFake Çalışmaları/Deney 1 Frame/Fake/train/fake_train_00907.jpg,fake_train_00907.jpg
Fake,train,/content/drive/MyDrive/AISC DeepFake Çalışmaları/FaceForensics_Projesi/fake_frames/train/DeepFakeDetection_14_03__talking_angry_couch__L0GHYIFS/frame_000052.jpg,/content/drive/MyDrive/AISC DeepFake Çalışmaları/Deney 1 Frame/Fake/train/fake_train_00908.jpg,fake_train_00908.jpg
Fake,train,/content/drive/MyDrive/AISC DeepFake Çalışmaları/FaceForensics_Projesi/fake_frames/train/Face2Face_612_702/frame_000006.jpg,/content/drive/MyDrive/AISC DeepFake Çalışmaları/Deney 1 Frame/Fake/train/fake_train_00909.jpg,fake_train_00909.jpg
Fake,train,/content/drive/MyDrive/AISC DeepFake Çalışmaları/FaceForensics_Projesi/fake_frames/train/FaceShifter_308_388/frame_000018.jpg,/content/drive/MyDrive/AISC DeepFake Çalışmaları/Deney 1 Frame/Fake/train/fake_train_00910.jpg,fake_train_00910.jpg
Fake,train,/content/drive/MyDrive/AISC DeepFake Çalışmaları/FaceForensics_Projesi/fake_frames/train/FaceSwap_179_212/frame_000012.jpg,/content/drive/MyDrive/AISC DeepFake Çalışmaları/Deney 1 Frame/Fake/train/fake_train_00911.jpg,fake_train_00911.jpg
Fake,train,/content/drive/MyDrive/AISC DeepFake Çalışmaları/FaceForensics_Projesi/fake_frames/train/DeepFakeDetection_27_26__talking_against_wall__IE9N0ZI9/frame_000052.jpg,/content/drive/MyDrive/AISC DeepFake Çalışmaları/Deney 1 Frame/Fake/train/fake_train_00912.jpg,fake_train_00912.jpg
Fake,train,/content/drive/MyDrive/AISC DeepFake Çalışmaları/FaceForensics_Projesi/fake_frames/train/FaceShifter_551_631/frame_000009.jpg,/content/drive/MyDrive/AISC DeepFake Çalışmaları/Deney 1 Frame/Fake/train/fake_train_00913.jpg,fake_train_00913.jpg
Fake,train,/content/drive/MyDrive/AISC DeepFake Çalışmaları/FaceForensics_Projesi/fake_frames/train/FaceShifter_794_779/frame_000040.jpg,/content/drive/MyDrive/AISC DeepFake Çalışmaları/Deney 1 Frame/Fake/train/fake_train_00914.jpg,fake_train_00914.jpg
Fake,train,/content/drive/MyDrive/AISC DeepFake Çalışmaları/FaceForensics_Projesi/fake_frames/train/DeepFakeDetection_13_12__talking_against_wall__2TM4IFSF/frame_000037.jpg,/content/drive/MyDrive/AISC DeepFake Çalışmaları/Deney 1 Frame/Fake/train/fake_train_00915.jpg,fake_train_00915.jpg
Fake,train,/content/drive/MyDrive/AISC DeepFake Çalışmaları/FaceForensics_Projesi/fake_frames/train/Deepfakes_816_649/frame_000001.jpg,/content/drive/MyDrive/AISC DeepFake Çalışmaları/Deney 1 Frame/Fake/train/fake_train_00916.jpg,fake_train_00916.jpg
Fake,train,/content/drive/MyDrive/AISC DeepFake Çalışmaları/FaceForensics_Projesi/fake_frames/train/NeuralTextures_681_711/frame_000002.jpg,/content/drive/MyDrive/AISC DeepFake Çalışmaları/Deney 1 Frame/Fake/train/fake_train_00917.jpg,fake_train_00917.jpg
Fake,train,/content/drive/MyDrive/AISC DeepFake Çalışmaları/FaceForensics_Projesi/fake_frames/train/Deepfakes_114_102/frame_000015.jpg,/content/drive/MyDrive/AISC DeepFake Çalışmaları/Deney 1 Frame/Fake/train/fake_train_00918.jpg,fake_train_00918.jpg
Fake,train,/content/drive/MyDrive/AISC DeepFake Çalışmaları/FaceForensics_Projesi/fake_frames/train/Face2Face_304_300/frame_000015.jpg,/content/drive/MyDrive/AISC DeepFake Çalışmaları/Deney 1 Frame/Fake/train/fake_train_00919.jpg,fake_train_00919.jpg
Fake,train,/content/drive/MyDrive/AISC DeepFake Çalışmaları/FaceForensics_Projesi/fake_frames/train/DeepFakeDetection_03_07__kitchen_pan__WPT3Z2KN/frame_000006.jpg,/content/drive/MyDrive/AISC DeepFake Çalışmaları/Deney 1 Frame/Fake/train/fake_train_00920.jpg,fake_train_00920.jpg
Fake,train,/content/drive/MyDrive/AISC DeepFake Çalışmaları/FaceForensics_Projesi/fake_frames/train/NeuralTextures_881_856/frame_000030.jpg,/content/drive/MyDrive/AISC DeepFake Çalışmaları/Deney 1 Frame/Fake/train/fake_train_00921.jpg,fake_train_00921.jpg
Fake,train,/content/drive/MyDrive/AISC DeepFake Çalışmaları/FaceForensics_Projesi/fake_frames/train/NeuralTextures_718_972/frame_000010.jpg,/content/drive/MyDrive/AISC DeepFake Çalışmaları/Deney 1 Frame/Fake/train/fake_train_00922.jpg,fake_train_00922.jpg
Fake,train,/content/drive/MyDrive/AISC DeepFake Çalışmaları/FaceForensics_Projesi/fake_frames/train/FaceShifter_220_219/frame_000005.jpg,/content/drive/MyDrive/AISC DeepFake Çalışmaları/Deney 1 Frame/Fake/train/fake_train_00923.jpg,fake_train_00923.jpg
Fake,train,/content/drive/MyDrive/AISC DeepFake Çalışmaları/FaceForensics_Projesi/fake_frames/train/FaceSwap_704_723/frame_000011.jpg,/content/drive/MyDrive/AISC DeepFake Çalışmaları/Deney 1 Frame/Fake/train/fake_train_00924.jpg,fake_train_00924.jpg
Fake,train,/content/drive/MyDrive/AISC DeepFake Çalışmaları/FaceForensics_Projesi/fake_frames/train/Deepfakes_285_136/frame_000016.jpg,/content/drive/MyDrive/AISC DeepFake Çalışmaları/Deney 1 Frame/Fake/train/fake_train_00925.jpg,fake_train_00925.jpg
Fake,train,/content/drive/MyDrive/AISC DeepFake Çalışmaları/FaceForensics_Projesi/fake_frames/train/DeepFakeDetection_19_22__talking_against_wall__VK6BF5NV/frame_000032.jpg,/content/drive/MyDrive/AISC DeepFake Çalışmaları/Deney 1 Frame/Fake/train/fake_train_00926.jpg,fake_train_00926.jpg
Fake,train,/content/drive/MyDrive/AISC DeepFake Çalışmaları/FaceForensics_Projesi/fake_frames/train/Face2Face_259_345/frame_000000.jpg,/content/drive/MyDrive/AISC DeepFake Çalışmaları/Deney 1 Frame/Fake/train/fake_train_00927.jpg,fake_train_00927.jpg
Fake,train,/content/drive/MyDrive/AISC DeepFake Çalışmaları/FaceForensics_Projesi/fake_frames/train/FaceShifter_116_091/frame_000001.jpg,/content/drive/MyDrive/AISC DeepFake Çalışmaları/Deney 1 Frame/Fake/train/fake_train_00928.jpg,fake_train_00928.jpg
Fake,train,/content/drive/MyDrive/AISC DeepFake Çalışmaları/FaceForensics_Projesi/fake_frames/train/FaceSwap_372_413/frame_000016.jpg,/content/drive/MyDrive/AISC DeepFake Çalışmaları/Deney 1 Frame/Fake/train/fake_train_00929.jpg,fake_train_00929.jpg
Fake,train,/content/drive/MyDrive/AISC DeepFake Çalışmaları/FaceForensics_Projesi/fake_frames/train/Face2Face_948_965/frame_000004.jpg,/content/drive/MyDrive/AISC DeepFake Çalışmaları/Deney 1 Frame/Fake/train/fake_train_00930.jpg,fake_train_00930.jpg
Fake,train,/content/drive/MyDrive/AISC DeepFake Çalışmaları/FaceForensics_Projesi/fake_frames/train/Face2Face_669_682/frame_000008.jpg,/content/drive/MyDrive/AISC DeepFake Çalışmaları/Deney 1 Frame/Fake/train/fake_train_00931.jpg,fake_train_00931.jpg
Fake,train,/content/drive/MyDrive/AISC DeepFake Çalışmaları/FaceForensics_Projesi/fake_frames/train/FaceShifter_154_386/frame_000005.jpg,/content/drive/MyDrive/AISC DeepFake Çalışmaları/Deney 1 Frame/Fake/train/fake_train_00932.jpg,fake_train_00932.jpg
Fake,train,/content/drive/MyDrive/AISC DeepFake Çalışmaları/FaceForensics_Projesi/fake_frames/train/DeepFakeDetection_23_19__walking_and_outside_surprised__F7U8UY7V/frame_000047.jpg,/content/drive/MyDrive/AISC DeepFake Çalışmaları/Deney 1 Frame/Fake/train/fake_train_00933.jpg,fake_train_00933.jpg
Fake,train,/content/drive/MyDrive/AISC DeepFake Çalışmaları/FaceForensics_Projesi/fake_frames/train/Deepfakes_595_597/frame_000006.jpg,/content/drive/MyDrive/AISC DeepFake Çalışmaları/Deney 1 Frame/Fake/train/fake_train_00934.jpg,fake_train_00934.jpg
Fake,train,/content/drive/MyDrive/AISC DeepFake Çalışmaları/FaceForensics_Projesi/fake_frames/train/NeuralTextures_121_093/frame_000015.jpg,/content/drive/MyDrive/AISC DeepFake Çalışmaları/Deney 1 Frame/Fake/train/fake_train_00935.jpg,fake_train_00935.jpg
Fake,train,/content/drive/MyDrive/AISC DeepFake Çalışmaları/FaceForensics_Projesi/fake_frames/train/DeepFakeDetection_12_07__walking_down_indoor_hall_disgust__KAG65PEE/frame_000023.jpg,/content/drive/MyDrive/AISC DeepFake Çalışmaları/Deney 1 Frame/Fake/train/fake_train_00936.jpg,fake_train_00936.jpg
Fake,train,/content/drive/MyDrive/AISC DeepFake Çalışmaları/FaceForensics_Projesi/fake_frames/train/Face2Face_717_684/frame_000008.jpg,/content/drive/MyDrive/AISC DeepFake Çalışmaları/Deney 1 Frame/Fake/train/fake_train_00937.jpg,fake_train_00937.jpg
Fake,train,/content/drive/MyDrive/AISC DeepFake Çalışmaları/FaceForensics_Projesi/fake_frames/train/DeepFakeDetection_12_18__talking_against_wall__IKH1LBBY/frame_000013.jpg,/content/drive/MyDrive/AISC DeepFake Çalışmaları/Deney 1 Frame/Fake/train/fake_train_00938.jpg,fake_train_00938.jpg
Fake,train,/content/drive/MyDrive/AISC DeepFake Çalışmaları/FaceForensics_Projesi/fake_frames/train/NeuralTextures_437_360/frame_000011.jpg,/content/drive/MyDrive/AISC DeepFake Çalışmaları/Deney 1 Frame/Fake/train/fake_train_00939.jpg,fake_train_00939.jpg
Fake,train,/content/drive/MyDrive/AISC DeepFake Çalışmaları/FaceForensics_Projesi/fake_frames/train/FaceShifter_530_594/frame_000031.jpg,/content/drive/MyDrive/AISC DeepFake Çalışmaları/Deney 1 Frame/Fake/train/fake_train_00940.jpg,fake_train_00940.jpg
Fake,train,/content/drive/MyDrive/AISC DeepFake Çalışmaları/FaceForensics_Projesi/fake_frames/train/FaceSwap_694_767/frame_000001.jpg,/content/drive/MyDrive/AISC DeepFake Çalışmaları/Deney 1 Frame/Fake/train/fake_train_00941.jpg,fake_train_00941.jpg
Fake,train,/content/drive/MyDrive/AISC DeepFake Çalışmaları/FaceForensics_Projesi/fake_frames/train/NeuralTextures_754_758/frame_000000.jpg,/content/drive/MyDrive/AISC DeepFake Çalışmaları/Deney 1 Frame/Fake/train/fake_train_00942.jpg,fake_train_00942.jpg
Fake,train,/content/drive/MyDrive/AISC DeepFake Çalışmaları/FaceForensics_Projesi/fake_frames/train/DeepFakeDetection_27_18__kitchen_still__NYHE8D0J/frame_000027.jpg,/content/drive/MyDrive/AISC DeepFake Çalışmaları/Deney 1 Frame/Fake/train/fake_train_00943.jpg,fake_train_00943.jpg
Fake,train,/content/drive/MyDrive/AISC DeepFake Çalışmaları/FaceForensics_Projesi/fake_frames/train/Deepfakes_228_289/frame_000026.jpg,/content/drive/MyDrive/AISC DeepFake Çalışmaları/Deney 1 Frame/Fake/train/fake_train_00944.jpg,fake_train_00944.jpg
Fake,train,/content/drive/MyDrive/AISC DeepFake Çalışmaları/FaceForensics_Projesi/fake_frames/train/FaceSwap_230_204/frame_000014.jpg,/content/drive/MyDrive/AISC DeepFake Çalışmaları/Deney 1 Frame/Fake/train/fake_train_00945.jpg,fake_train_00945.jpg
Fake,train,/content/drive/MyDrive/AISC DeepFake Çalışmaları/FaceForensics_Projesi/fake_frames/train/FaceShifter_626_562/frame_000020.jpg,/content/drive/MyDrive/AISC DeepFake Çalışmaları/Deney 1 Frame/Fake/train/fake_train_00946.jpg,fake_train_00946.jpg
Fake,train,/content/drive/MyDrive/AISC DeepFake Çalışmaları/FaceForensics_Projesi/fake_frames/train/NeuralTextures_428_466/frame_000012.jpg,/content/drive/MyDrive/AISC DeepFake Çalışmaları/Deney 1 Frame/Fake/train/fake_train_00947.jpg,fake_train_00947.jpg
Fake,train,/content/drive/MyDrive/AISC DeepFake Çalışmaları/FaceForensics_Projesi/fake_frames/train/FaceShifter_897_969/frame_000009.jpg,/content/drive/MyDrive/AISC DeepFake Çalışmaları/Deney 1 Frame/Fake/train/fake_train_00948.jpg,fake_train_00948.jpg
Fake,train,/content/drive/MyDrive/AISC DeepFake Çalışmaları/FaceForensics_Projesi/fake_frames/train/Face2Face_820_818/frame_000012.jpg,/content/drive/MyDrive/AISC DeepFake Çalışmaları/Deney 1 Frame/Fake/train/fake_train_00949.jpg,fake_train_00949.jpg
Fake,train,/content/drive/MyDrive/AISC DeepFake Çalışmaları/FaceForensics_Projesi/fake_frames/train/FaceShifter_244_822/frame_000030.jpg,/content/drive/MyDrive/AISC DeepFake Çalışmaları/Deney 1 Frame/Fake/train/fake_train_00950.jpg,fake_train_00950.jpg
Fake,train,/content/drive/MyDrive/AISC DeepFake Çalışmaları/FaceForensics_Projesi/fake_frames/train/DeepFakeDetection_20_06__podium_speech_happy__6SUW7063/frame_000022.jpg,/content/drive/MyDrive/AISC DeepFake Çalışmaları/Deney 1 Frame/Fake/train/fake_train_00951.jpg,fake_train_00951.jpg
Fake,train,/content/drive/MyDrive/AISC DeepFake Çalışmaları/FaceForensics_Projesi/fake_frames/train/DeepFakeDetection_06_25__talking_angry_couch__MI9BDQ7M/frame_000028.jpg,/content/drive/MyDrive/AISC DeepFake Çalışmaları/Deney 1 Frame/Fake/train/fake_train_00952.jpg,fake_train_00952.jpg
Fake,train,/content/drive/MyDrive/AISC DeepFake Çalışmaları/FaceForensics_Projesi/fake_frames/train/FaceShifter_657_644/frame_000030.jpg,/content/drive/MyDrive/AISC DeepFake Çalışmaları/Deney 1 Frame/Fake/train/fake_train_00953.jpg,fake_train_00953.jpg
Fake,train,/content/drive/MyDrive/AISC DeepFake Çalışmaları/FaceForensics_Projesi/fake_frames/train/DeepFakeDetection_09_20__talking_angry_couch__98NUQ3E6/frame_000075.jpg,/content/drive/MyDrive/AISC DeepFake Çalışmaları/Deney 1 Frame/Fake/train/fake_train_00954.jpg,fake_train_00954.jpg
Fake,train,/content/drive/MyDrive/AISC DeepFake Çalışmaları/FaceForensics_Projesi/fake_frames/train/FaceSwap_812_821/frame_000003.jpg,/content/drive/MyDrive/AISC DeepFake Çalışmaları/Deney 1 Frame/Fake/train/fake_train_00955.jpg,fake_train_00955.jpg
Fake,train,/content/drive/MyDrive/AISC DeepFake Çalışmaları/FaceForensics_Projesi/fake_frames/train/DeepFakeDetection_06_20__kitchen_pan__6SUW7063/frame_000037.jpg,/content/drive/MyDrive/AISC DeepFake Çalışmaları/Deney 1 Frame/Fake/train/fake_train_00956.jpg,fake_train_00956.jpg
Fake,train,/content/drive/MyDrive/AISC DeepFake Çalışmaları/FaceForensics_Projesi/fake_frames/train/Face2Face_050_059/frame_000003.jpg,/content/drive/MyDrive/AISC DeepFake Çalışmaları/Deney 1 Frame/Fake/train/fake_train_00957.jpg,fake_train_00957.jpg
Fake,train,/content/drive/MyDrive/AISC DeepFake Çalışmaları/FaceForensics_Projesi/fake_frames/train/FaceShifter_673_728/frame_000020.jpg,/content/drive/MyDrive/AISC DeepFake Çalışmaları/Deney 1 Frame/Fake/train/fake_train_00958.jpg,fake_train_00958.jpg
Fake,train,/content/drive/MyDrive/AISC DeepFake Çalışmaları/FaceForensics_Projesi/fake_frames/train/FaceShifter_101_096/frame_000007.jpg,/content/drive/MyDrive/AISC DeepFake Çalışmaları/Deney 1 Frame/Fake/train/fake_train_00959.jpg,fake_train_00959.jpg
Fake,train,/content/drive/MyDrive/AISC DeepFake Çalışmaları/FaceForensics_Projesi/fake_frames/train/FaceShifter_310_196/frame_000021.jpg,/content/drive/MyDrive/AISC DeepFake Çalışmaları/Deney 1 Frame/Fake/train/fake_train_00960.jpg,fake_train_00960.jpg
Fake,train,/content/drive/MyDrive/AISC DeepFake Çalışmaları/FaceForensics_Projesi/fake_frames/train/FaceSwap_966_988/frame_000016.jpg,/content/drive/MyDrive/AISC DeepFake Çalışmaları/Deney 1 Frame/Fake/train/fake_train_00961.jpg,fake_train_00961.jpg
Fake,train,/content/drive/MyDrive/AISC DeepFake Çalışmaları/FaceForensics_Projesi/fake_frames/train/FaceSwap_898_922/frame_000009.jpg,/content/drive/MyDrive/AISC DeepFake Çalışmaları/Deney 1 Frame/Fake/train/fake_train_00962.jpg,fake_train_00962.jpg
Fake,train,/content/drive/MyDrive/AISC DeepFake Çalışmaları/FaceForensics_Projesi/fake_frames/train/FaceShifter_731_741/frame_000005.jpg,/content/drive/MyDrive/AISC DeepFake Çalışmaları/Deney 1 Frame/Fake/train/fake_train_00963.jpg,fake_train_00963.jpg
Fake,train,/content/drive/MyDrive/AISC DeepFake Çalışmaları/FaceForensics_Projesi/fake_frames/train/Face2Face_800_840/frame_000032.jpg,/content/drive/MyDrive/AISC DeepFake Çalışmaları/Deney 1 Frame/Fake/train/fake_train_00964.jpg,fake_train_00964.jpg
Fake,train,/content/drive/MyDrive/AISC DeepFake Çalışmaları/FaceForensics_Projesi/fake_frames/train/Face2Face_546_621/frame_000011.jpg,/content/drive/MyDrive/AISC DeepFake Çalışmaları/Deney 1 Frame/Fake/train/fake_train_00965.jpg,fake_train_00965.jpg
Fake,train,/content/drive/MyDrive/AISC DeepFake Çalışmaları/FaceForensics_Projesi/fake_frames/train/NeuralTextures_925_933/frame_000014.jpg,/content/drive/MyDrive/AISC DeepFake Çalışmaları/Deney 1 Frame/Fake/train/fake_train_00966.jpg,fake_train_00966.jpg
Fake,train,/content/drive/MyDrive/AISC DeepFake Çalışmaları/FaceForensics_Projesi/fake_frames/train/FaceShifter_732_691/frame_000007.jpg,/content/drive/MyDrive/AISC DeepFake Çalışmaları/Deney 1 Frame/Fake/train/fake_train_00967.jpg,fake_train_00967.jpg
Fake,train,/content/drive/MyDrive/AISC DeepFake Çalışmaları/FaceForensics_Projesi/fake_frames/train/Face2Face_404_429/frame_000021.jpg,/content/drive/MyDrive/AISC DeepFake Çalışmaları/Deney 1 Frame/Fake/train/fake_train_00968.jpg,fake_train_00968.jpg
Fake,train,/content/drive/MyDrive/AISC DeepFake Çalışmaları/FaceForensics_Projesi/fake_frames/train/NeuralTextures_933_925/frame_000014.jpg,/content/drive/MyDrive/AISC DeepFake Çalışmaları/Deney 1 Frame/Fake/train/fake_train_00969.jpg,fake_train_00969.jpg
Fake,train,/content/drive/MyDrive/AISC DeepFake Çalışmaları/FaceForensics_Projesi/fake_frames/train/NeuralTextures_989_993/frame_000005.jpg,/content/drive/MyDrive/AISC DeepFake Çalışmaları/Deney 1 Frame/Fake/train/fake_train_00970.jpg,fake_train_00970.jpg
Fake,train,/content/drive/MyDrive/AISC DeepFake Çalışmaları/FaceForensics_Projesi/fake_frames/train/DeepFakeDetection_04_01__walking_down_street_outside_angry__GBC7ZGDP/frame_000012.jpg,/content/drive/MyDrive/AISC DeepFake Çalışmaları/Deney 1 Frame/Fake/train/fake_train_00971.jpg,fake_train_00971.jpg
Fake,train,/content/drive/MyDrive/AISC DeepFake Çalışmaları/FaceForensics_Projesi/fake_frames/train/DeepFakeDetection_09_14__outside_talking_still_laughing__FRY0IZ4R/frame_000043.jpg,/content/drive/MyDrive/AISC DeepFake Çalışmaları/Deney 1 Frame/Fake/train/fake_train_00972.jpg,fake_train_00972.jpg
Fake,train,/content/drive/MyDrive/AISC DeepFake Çalışmaları/FaceForensics_Projesi/fake_frames/train/Face2Face_242_182/frame_000022.jpg,/content/drive/MyDrive/AISC DeepFake Çalışmaları/Deney 1 Frame/Fake/train/fake_train_00973.jpg,fake_train_00973.jpg
Fake,train,/content/drive/MyDrive/AISC DeepFake Çalışmaları/FaceForensics_Projesi/fake_frames/train/DeepFakeDetection_15_07__walking_down_indoor_hall_disgust__NYPO7U50/frame_000029.jpg,/content/drive/MyDrive/AISC DeepFake Çalışmaları/Deney 1 Frame/Fake/train/fake_train_00974.jpg,fake_train_00974.jpg
Fake,train,/content/drive/MyDrive/AISC DeepFake Çalışmaları/FaceForensics_Projesi/fake_frames/train/NeuralTextures_757_573/frame_000011.jpg,/content/drive/MyDrive/AISC DeepFake Çalışmaları/Deney 1 Frame/Fake/train/fake_train_00975.jpg,fake_train_00975.jpg
Fake,train,/content/drive/MyDrive/AISC DeepFake Çalışmaları/FaceForensics_Projesi/fake_frames/train/NeuralTextures_060_088/frame_000012.jpg,/content/drive/MyDrive/AISC DeepFake Çalışmaları/Deney 1 Frame/Fake/train/fake_train_00976.jpg,fake_train_00976.jpg
Fake,train,/content/drive/MyDrive/AISC DeepFake Çalışmaları/FaceForensics_Projesi/fake_frames/train/FaceShifter_501_326/frame_000005.jpg,/content/drive/MyDrive/AISC DeepFake Çalışmaları/Deney 1 Frame/Fake/train/fake_train_00977.jpg,fake_train_00977.jpg
Fake,train,/content/drive/MyDrive/AISC DeepFake Çalışmaları/FaceForensics_Projesi/fake_frames/train/DeepFakeDetection_11_01__talking_angry_couch__LL4RUKZA/frame_000024.jpg,/content/drive/MyDrive/AISC DeepFake Çalışmaları/Deney 1 Frame/Fake/train/fake_train_00978.jpg,fake_train_00978.jpg
Fake,train,/content/drive/MyDrive/AISC DeepFake Çalışmaları/FaceForensics_Projesi/fake_frames/train/Face2Face_398_457/frame_000028.jpg,/content/drive/MyDrive/AISC DeepFake Çalışmaları/Deney 1 Frame/Fake/train/fake_train_00979.jpg,fake_train_00979.jpg
Fake,train,/content/drive/MyDrive/AISC DeepFake Çalışmaları/FaceForensics_Projesi/fake_frames/train/Face2Face_440_364/frame_000022.jpg,/content/drive/MyDrive/AISC DeepFake Çalışmaları/Deney 1 Frame/Fake/train/fake_train_00980.jpg,fake_train_00980.jpg
Fake,train,/content/drive/MyDrive/AISC DeepFake Çalışmaları/FaceForensics_Projesi/fake_frames/train/Deepfakes_989_993/frame_000052.jpg,/content/drive/MyDrive/AISC DeepFake Çalışmaları/Deney 1 Frame/Fake/train/fake_train_00981.jpg,fake_train_00981.jpg
Fake,train,/content/drive/MyDrive/AISC DeepFake Çalışmaları/FaceForensics_Projesi/fake_frames/train/FaceSwap_243_156/frame_000010.jpg,/content/drive/MyDrive/AISC DeepFake Çalışmaları/Deney 1 Frame/Fake/train/fake_train_00982.jpg,fake_train_00982.jpg
Fake,train,/content/drive/MyDrive/AISC DeepFake Çalışmaları/FaceForensics_Projesi/fake_frames/train/Deepfakes_558_583/frame_000000.jpg,/content/drive/MyDrive/AISC DeepFake Çalışmaları/Deney 1 Frame/Fake/train/fake_train_00983.jpg,fake_train_00983.jpg
Fake,train,/content/drive/MyDrive/AISC DeepFake Çalışmaları/FaceForensics_Projesi/fake_frames/train/Face2Face_703_604/frame_000005.jpg,/content/drive/MyDrive/AISC DeepFake Çalışmaları/Deney 1 Frame/Fake/train/fake_train_00984.jpg,fake_train_00984.jpg
Fake,train,/content/drive/MyDrive/AISC DeepFake Çalışmaları/FaceForensics_Projesi/fake_frames/train/Face2Face_577_593/frame_000005.jpg,/content/drive/MyDrive/AISC DeepFake Çalışmaları/Deney 1 Frame/Fake/train/fake_train_00985.jpg,fake_train_00985.jpg
Fake,train,/content/drive/MyDrive/AISC DeepFake Çalışmaları/FaceForensics_Projesi/fake_frames/train/DeepFakeDetection_15_02__walking_down_indoor_hall_disgust__HTG660F8/frame_000059.jpg,/content/drive/MyDrive/AISC DeepFake Çalışmaları/Deney 1 Frame/Fake/train/fake_train_00986.jpg,fake_train_00986.jpg
Fake,train,/content/drive/MyDrive/AISC DeepFake Çalışmaları/FaceForensics_Projesi/fake_frames/train/NeuralTextures_621_546/frame_000012.jpg,/content/drive/MyDrive/AISC DeepFake Çalışmaları/Deney 1 Frame/Fake/train/fake_train_00987.jpg,fake_train_00987.jpg
Fake,train,/content/drive/MyDrive/AISC DeepFake Çalışmaları/FaceForensics_Projesi/fake_frames/train/DeepFakeDetection_13_11__hugging_happy__61T622EK/frame_000002.jpg,/content/drive/MyDrive/AISC DeepFake Çalışmaları/Deney 1 Frame/Fake/train/fake_train_00988.jpg,fake_train_00988.jpg
Fake,train,/content/drive/MyDrive/AISC DeepFake Çalışmaları/FaceForensics_Projesi/fake_frames/train/FaceSwap_842_714/frame_000005.jpg,/content/drive/MyDrive/AISC DeepFake Çalışmaları/Deney 1 Frame/Fake/train/fake_train_00989.jpg,fake_train_00989.jpg
Fake,train,/content/drive/MyDrive/AISC DeepFake Çalışmaları/FaceForensics_Projesi/fake_frames/train/FaceShifter_600_505/frame_000002.jpg,/content/drive/MyDrive/AISC DeepFake Çalışmaları/Deney 1 Frame/Fake/train/fake_train_00990.jpg,fake_train_00990.jpg
Fake,train,/content/drive/MyDrive/AISC DeepFake Çalışmaları/FaceForensics_Projesi/fake_frames/train/DeepFakeDetection_06_18__podium_speech_happy__DEA1TCLN/frame_000022.jpg,/content/drive/MyDrive/AISC DeepFake Çalışmaları/Deney 1 Frame/Fake/train/fake_train_00991.jpg,fake_train_00991.jpg
Fake,train,/content/drive/MyDrive/AISC DeepFake Çalışmaları/FaceForensics_Projesi/fake_frames/train/DeepFakeDetection_18_04__talking_against_wall__6J3ZFEJQ/frame_000023.jpg,/content/drive/MyDrive/AISC DeepFake Çalışmaları/Deney 1 Frame/Fake/train/fake_train_00992.jpg,fake_train_00992.jpg
Fake,train,/content/drive/MyDrive/AISC DeepFake Çalışmaları/FaceForensics_Projesi/fake_frames/train/Face2Face_624_570/frame_000024.jpg,/content/drive/MyDrive/AISC DeepFake Çalışmaları/Deney 1 Frame/Fake/train/fake_train_00993.jpg,fake_train_00993.jpg
Fake,train,/content/drive/MyDrive/AISC DeepFake Çalışmaları/FaceForensics_Projesi/fake_frames/train/DeepFakeDetection_20_13__walking_down_indoor_hall_disgust__NJEO6L5O/frame_000023.jpg,/content/drive/MyDrive/AISC DeepFake Çalışmaları/Deney 1 Frame/Fake/train/fake_train_00994.jpg,fake_train_00994.jpg
Fake,train,/content/drive/MyDrive/AISC DeepFake Çalışmaları/FaceForensics_Projesi/fake_frames/train/FaceShifter_225_151/frame_000005.jpg,/content/drive/MyDrive/AISC DeepFake Çalışmaları/Deney 1 Frame/Fake/train/fake_train_00995.jpg,fake_train_00995.jpg
Fake,train,/content/drive/MyDrive/AISC DeepFake Çalışmaları/FaceForensics_Projesi/fake_frames/train/NeuralTextures_919_015/frame_000000.jpg,/content/drive/MyDrive/AISC DeepFake Çalışmaları/Deney 1 Frame/Fake/train/fake_train_00996.jpg,fake_train_00996.jpg
Fake,train,/content/drive/MyDrive/AISC DeepFake Çalışmaları/FaceForensics_Projesi/fake_frames/train/NeuralTextures_297_270/frame_000010.jpg,/content/drive/MyDrive/AISC DeepFake Çalışmaları/Deney 1 Frame/Fake/train/fake_train_00997.jpg,fake_train_00997.jpg
Fake,train,/content/drive/MyDrive/AISC DeepFake Çalışmaları/FaceForensics_Projesi/fake_frames/train/Deepfakes_095_053/frame_000047.jpg,/content/drive/MyDrive/AISC DeepFake Çalışmaları/Deney 1 Frame/Fake/train/fake_train_00998.jpg,fake_train_00998.jpg
Fake,train,/content/drive/MyDrive/AISC DeepFake Çalışmaları/FaceForensics_Projesi/fake_frames/train/DeepFakeDetection_19_23__kitchen_pan__WHQ1229T/frame_000034.jpg,/content/drive/MyDrive/AISC DeepFake Çalışmaları/Deney 1 Frame/Fake/train/fake_train_00999.jpg,fake_train_00999.jpg
Fake,train,/content/drive/MyDrive/AISC DeepFake Çalışmaları/FaceForensics_Projesi/fake_frames/train/Deepfakes_734_699/frame_000047.jpg,/content/drive/MyDrive/AISC DeepFake Çalışmaları/Deney 1 Frame/Fake/train/fake_train_01000.jpg,fake_train_01000.jpg
Fake,train,/content/drive/MyDrive/AISC DeepFake Çalışmaları/FaceForensics_Projesi/fake_frames/train/Deepfakes_528_510/frame_000005.jpg,/content/drive/MyDrive/AISC DeepFake Çalışmaları/Deney 1 Frame/Fake/train/fake_train_01001.jpg,fake_train_01001.jpg
Fake,train,/content/drive/MyDrive/AISC DeepFake Çalışmaları/FaceForensics_Projesi/fake_frames/train/Face2Face_917_924/frame_000031.jpg,/content/drive/MyDrive/AISC DeepFake Çalışmaları/Deney 1 Frame/Fake/train/fake_train_01002.jpg,fake_train_01002.jpg
Fake,train,/content/drive/MyDrive/AISC DeepFake Çalışmaları/FaceForensics_Projesi/fake_frames/train/FaceSwap_420_257/frame_000021.jpg,/content/drive/MyDrive/AISC DeepFake Çalışmaları/Deney 1 Frame/Fake/train/fake_train_01003.jpg,fake_train_01003.jpg
Fake,train,/content/drive/MyDrive/AISC DeepFake Çalışmaları/FaceForensics_Projesi/fake_frames/train/FaceSwap_603_575/frame_000005.jpg,/content/drive/MyDrive/AISC DeepFake Çalışmaları/Deney 1 Frame/Fake/train/fake_train_01004.jpg,fake_train_01004.jpg
Fake,train,/content/drive/MyDrive/AISC DeepFake Çalışmaları/FaceForensics_Projesi/fake_frames/train/NeuralTextures_789_753/frame_000022.jpg,/content/drive/MyDrive/AISC DeepFake Çalışmaları/Deney 1 Frame/Fake/train/fake_train_01005.jpg,fake_train_01005.jpg
Fake,train,/content/drive/MyDrive/AISC DeepFake Çalışmaları/FaceForensics_Projesi/fake_frames/train/Face2Face_942_943/frame_000001.jpg,/content/drive/MyDrive/AISC DeepFake Çalışmaları/Deney 1 Frame/Fake/train/fake_train_01006.jpg,fake_train_01006.jpg
Fake,train,/content/drive/MyDrive/AISC DeepFake Çalışmaları/FaceForensics_Projesi/fake_frames/train/Face2Face_882_952/frame_000026.jpg,/content/drive/MyDrive/AISC DeepFake Çalışmaları/Deney 1 Frame/Fake/train/fake_train_01007.jpg,fake_train_01007.jpg
Fake,train,/content/drive/MyDrive/AISC DeepFake Çalışmaları/FaceForensics_Projesi/fake_frames/train/NeuralTextures_806_781/frame_000007.jpg,/content/drive/MyDrive/AISC DeepFake Çalışmaları/Deney 1 Frame/Fake/train/fake_train_01008.jpg,fake_train_01008.jpg
Fake,train,/content/drive/MyDrive/AISC DeepFake Çalışmaları/FaceForensics_Projesi/fake_frames/train/FaceShifter_603_575/frame_000003.jpg,/content/drive/MyDrive/AISC DeepFake Çalışmaları/Deney 1 Frame/Fake/train/fake_train_01009.jpg,fake_train_01009.jpg
Fake,train,/content/drive/MyDrive/AISC DeepFake Çalışmaları/FaceForensics_Projesi/fake_frames/train/Face2Face_483_370/frame_000016.jpg,/content/drive/MyDrive/AISC DeepFake Çalışmaları/Deney 1 Frame/Fake/train/fake_train_01010.jpg,fake_train_01010.jpg
Fake,train,/content/drive/MyDrive/AISC DeepFake Çalışmaları/FaceForensics_Projesi/fake_frames/train/Deepfakes_693_698/frame_000011.jpg,/content/drive/MyDrive/AISC DeepFake Çalışmaları/Deney 1 Frame/Fake/train/fake_train_01011.jpg,fake_train_01011.jpg
Fake,train,/content/drive/MyDrive/AISC DeepFake Çalışmaları/FaceForensics_Projesi/fake_frames/train/FaceSwap_155_576/frame_000003.jpg,/content/drive/MyDrive/AISC DeepFake Çalışmaları/Deney 1 Frame/Fake/train/fake_train_01012.jpg,fake_train_01012.jpg
Fake,train,/content/drive/MyDrive/AISC DeepFake Çalışmaları/FaceForensics_Projesi/fake_frames/train/DeepFakeDetection_15_04__kitchen_still__46TJ9IOJ/frame_000034.jpg,/content/drive/MyDrive/AISC DeepFake Çalışmaları/Deney 1 Frame/Fake/train/fake_train_01013.jpg,fake_train_01013.jpg
Fake,train,/content/drive/MyDrive/AISC DeepFake Çalışmaları/FaceForensics_Projesi/fake_frames/train/Face2Face_755_759/frame_000008.jpg,/content/drive/MyDrive/AISC DeepFake Çalışmaları/Deney 1 Frame/Fake/train/fake_train_01014.jpg,fake_train_01014.jpg
Fake,train,/content/drive/MyDrive/AISC DeepFake Çalışmaları/FaceForensics_Projesi/fake_frames/train/Deepfakes_528_510/frame_000016.jpg,/content/drive/MyDrive/AISC DeepFake Çalışmaları/Deney 1 Frame/Fake/train/fake_train_01015.jpg,fake_train_01015.jpg
Fake,train,/content/drive/MyDrive/AISC DeepFake Çalışmaları/FaceForensics_Projesi/fake_frames/train/FaceSwap_049_946/frame_000016.jpg,/content/drive/MyDrive/AISC DeepFake Çalışmaları/Deney 1 Frame/Fake/train/fake_train_01016.jpg,fake_train_01016.jpg
Fake,train,/content/drive/MyDrive/AISC DeepFake Çalışmaları/FaceForensics_Projesi/fake_frames/train/NeuralTextures_155_576/frame_000013.jpg,/content/drive/MyDrive/AISC DeepFake Çalışmaları/Deney 1 Frame/Fake/train/fake_train_01017.jpg,fake_train_01017.jpg
Fake,train,/content/drive/MyDrive/AISC DeepFake Çalışmaları/FaceForensics_Projesi/fake_frames/train/Face2Face_917_924/frame_000010.jpg,/content/drive/MyDrive/AISC DeepFake Çalışmaları/Deney 1 Frame/Fake/train/fake_train_01018.jpg,fake_train_01018.jpg
Fake,train,/content/drive/MyDrive/AISC DeepFake Çalışmaları/FaceForensics_Projesi/fake_frames/train/DeepFakeDetection_09_11__talking_against_wall__INNOT5UE/frame_000024.jpg,/content/drive/MyDrive/AISC DeepFake Çalışmaları/Deney 1 Frame/Fake/train/fake_train_01019.jpg,fake_train_01019.jpg
Fake,train,/content/drive/MyDrive/AISC DeepFake Çalışmaları/FaceForensics_Projesi/fake_frames/train/DeepFakeDetection_14_26__secret_conversation__SU8SAHTT/frame_000043.jpg,/content/drive/MyDrive/AISC DeepFake Çalışmaları/Deney 1 Frame/Fake/train/fake_train_01020.jpg,fake_train_01020.jpg
Fake,train,/content/drive/MyDrive/AISC DeepFake Çalışmaları/FaceForensics_Projesi/fake_frames/train/FaceSwap_510_528/frame_000016.jpg,/content/drive/MyDrive/AISC DeepFake Çalışmaları/Deney 1 Frame/Fake/train/fake_train_01021.jpg,fake_train_01021.jpg
Fake,train,/content/drive/MyDrive/AISC DeepFake Çalışmaları/FaceForensics_Projesi/fake_frames/train/NeuralTextures_741_731/frame_000003.jpg,/content/drive/MyDrive/AISC DeepFake Çalışmaları/Deney 1 Frame/Fake/train/fake_train_01022.jpg,fake_train_01022.jpg
Fake,train,/content/drive/MyDrive/AISC DeepFake Çalışmaları/FaceForensics_Projesi/fake_frames/train/Deepfakes_799_809/frame_000002.jpg,/content/drive/MyDrive/AISC DeepFake Çalışmaları/Deney 1 Frame/Fake/train/fake_train_01023.jpg,fake_train_01023.jpg
Fake,train,/content/drive/MyDrive/AISC DeepFake Çalışmaları/FaceForensics_Projesi/fake_frames/train/Face2Face_387_311/frame_000007.jpg,/content/drive/MyDrive/AISC DeepFake Çalışmaları/Deney 1 Frame/Fake/train/fake_train_01024.jpg,fake_train_01024.jpg
Fake,train,/content/drive/MyDrive/AISC DeepFake Çalışmaları/FaceForensics_Projesi/fake_frames/train/DeepFakeDetection_12_26__talking_angry_couch__LI63E4TS/frame_000048.jpg,/content/drive/MyDrive/AISC DeepFake Çalışmaları/Deney 1 Frame/Fake/train/fake_train_01025.jpg,fake_train_01025.jpg
Fake,train,/content/drive/MyDrive/AISC DeepFake Çalışmaları/FaceForensics_Projesi/fake_frames/train/NeuralTextures_642_635/frame_000008.jpg,/content/drive/MyDrive/AISC DeepFake Çalışmaları/Deney 1 Frame/Fake/train/fake_train_01026.jpg,fake_train_01026.jpg
Fake,train,/content/drive/MyDrive/AISC DeepFake Çalışmaları/FaceForensics_Projesi/fake_frames/train/FaceSwap_790_014/frame_000019.jpg,/content/drive/MyDrive/AISC DeepFake Çalışmaları/Deney 1 Frame/Fake/train/fake_train_01027.jpg,fake_train_01027.jpg
Fake,train,/content/drive/MyDrive/AISC DeepFake Çalışmaları/FaceForensics_Projesi/fake_frames/train/NeuralTextures_591_605/frame_000015.jpg,/content/drive/MyDrive/AISC DeepFake Çalışmaları/Deney 1 Frame/Fake/train/fake_train_01028.jpg,fake_train_01028.jpg
Fake,train,/content/drive/MyDrive/AISC DeepFake Çalışmaları/FaceForensics_Projesi/fake_frames/train/Face2Face_666_656/frame_000016.jpg,/content/drive/MyDrive/AISC DeepFake Çalışmaları/Deney 1 Frame/Fake/train/fake_train_01029.jpg,fake_train_01029.jpg
Fake,train,/content/drive/MyDrive/AISC DeepFake Çalışmaları/FaceForensics_Projesi/fake_frames/train/Face2Face_440_364/frame_000030.jpg,/content/drive/MyDrive/AISC DeepFake Çalışmaları/Deney 1 Frame/Fake/train/fake_train_01030.jpg,fake_train_01030.jpg
Fake,train,/content/drive/MyDrive/AISC DeepFake Çalışmaları/FaceForensics_Projesi/fake_frames/train/NeuralTextures_955_078/frame_000005.jpg,/content/drive/MyDrive/AISC DeepFake Çalışmaları/Deney 1 Frame/Fake/train/fake_train_01031.jpg,fake_train_01031.jpg
Fake,train,/content/drive/MyDrive/AISC DeepFake Çalışmaları/FaceForensics_Projesi/fake_frames/train/FaceSwap_626_562/frame_000020.jpg,/content/drive/MyDrive/AISC DeepFake Çalışmaları/Deney 1 Frame/Fake/train/fake_train_01032.jpg,fake_train_01032.jpg
Fake,train,/content/drive/MyDrive/AISC DeepFake Çalışmaları/FaceForensics_Projesi/fake_frames/train/DeepFakeDetection_12_14__walk_down_hall_angry__Z7EWFA0P/frame_000015.jpg,/content/drive/MyDrive/AISC DeepFake Çalışmaları/Deney 1 Frame/Fake/train/fake_train_01033.jpg,fake_train_01033.jpg
Fake,train,/content/drive/MyDrive/AISC DeepFake Çalışmaları/FaceForensics_Projesi/fake_frames/train/Face2Face_300_304/frame_000016.jpg,/content/drive/MyDrive/AISC DeepFake Çalışmaları/Deney 1 Frame/Fake/train/fake_train_01034.jpg,fake_train_01034.jpg
Fake,train,/content/drive/MyDrive/AISC DeepFake Çalışmaları/FaceForensics_Projesi/fake_frames/train/FaceShifter_176_190/frame_000005.jpg,/content/drive/MyDrive/AISC DeepFake Çalışmaları/Deney 1 Frame/Fake/train/fake_train_01035.jpg,fake_train_01035.jpg
Fake,train,/content/drive/MyDrive/AISC DeepFake Çalışmaları/FaceForensics_Projesi/fake_frames/train/DeepFakeDetection_12_18__outside_talking_pan_laughing__IKH1LBBY/frame_000008.jpg,/content/drive/MyDrive/AISC DeepFake Çalışmaları/Deney 1 Frame/Fake/train/fake_train_01036.jpg,fake_train_01036.jpg
Fake,train,/content/drive/MyDrive/AISC DeepFake Çalışmaları/FaceForensics_Projesi/fake_frames/train/Deepfakes_400_476/frame_000007.jpg,/content/drive/MyDrive/AISC DeepFake Çalışmaları/Deney 1 Frame/Fake/train/fake_train_01037.jpg,fake_train_01037.jpg
Fake,train,/content/drive/MyDrive/AISC DeepFake Çalışmaları/FaceForensics_Projesi/fake_frames/train/FaceShifter_799_809/frame_000025.jpg,/content/drive/MyDrive/AISC DeepFake Çalışmaları/Deney 1 Frame/Fake/train/fake_train_01038.jpg,fake_train_01038.jpg
Fake,train,/content/drive/MyDrive/AISC DeepFake Çalışmaları/FaceForensics_Projesi/fake_frames/train/FaceSwap_729_727/frame_000009.jpg,/content/drive/MyDrive/AISC DeepFake Çalışmaları/Deney 1 Frame/Fake/train/fake_train_01039.jpg,fake_train_01039.jpg
Fake,train,/content/drive/MyDrive/AISC DeepFake Çalışmaları/FaceForensics_Projesi/fake_frames/train/FaceSwap_860_905/frame_000004.jpg,/content/drive/MyDrive/AISC DeepFake Çalışmaları/Deney 1 Frame/Fake/train/fake_train_01040.jpg,fake_train_01040.jpg
Fake,train,/content/drive/MyDrive/AISC DeepFake Çalışmaları/FaceForensics_Projesi/fake_frames/train/NeuralTextures_801_855/frame_000019.jpg,/content/drive/MyDrive/AISC DeepFake Çalışmaları/Deney 1 Frame/Fake/train/fake_train_01041.jpg,fake_train_01041.jpg
Fake,train,/content/drive/MyDrive/AISC DeepFake Çalışmaları/FaceForensics_Projesi/fake_frames/train/NeuralTextures_707_705/frame_000006.jpg,/content/drive/MyDrive/AISC DeepFake Çalışmaları/Deney 1 Frame/Fake/train/fake_train_01042.jpg,fake_train_01042.jpg
Fake,train,/content/drive/MyDrive/AISC DeepFake Çalışmaları/FaceForensics_Projesi/fake_frames/train/FaceShifter_264_271/frame_000003.jpg,/content/drive/MyDrive/AISC DeepFake Çalışmaları/Deney 1 Frame/Fake/train/fake_train_01043.jpg,fake_train_01043.jpg
Fake,train,/content/drive/MyDrive/AISC DeepFake Çalışmaları/FaceForensics_Projesi/fake_frames/train/Deepfakes_095_053/frame_000016.jpg,/content/drive/MyDrive/AISC DeepFake Çalışmaları/Deney 1 Frame/Fake/train/fake_train_01044.jpg,fake_train_01044.jpg
Fake,train,/content/drive/MyDrive/AISC DeepFake Çalışmaları/FaceForensics_Projesi/fake_frames/train/NeuralTextures_686_696/frame_000019.jpg,/content/drive/MyDrive/AISC DeepFake Çalışmaları/Deney 1 Frame/Fake/train/fake_train_01045.jpg,fake_train_01045.jpg
Fake,train,/content/drive/MyDrive/AISC DeepFake Çalışmaları/FaceForensics_Projesi/fake_frames/train/DeepFakeDetection_03_07__hugging_happy__BKLOCI1M/frame_000006.jpg,/content/drive/MyDrive/AISC DeepFake Çalışmaları/Deney 1 Frame/Fake/train/fake_train_01046.jpg,fake_train_01046.jpg
Fake,train,/content/drive/MyDrive/AISC DeepFake Çalışmaları/FaceForensics_Projesi/fake_frames/train/Deepfakes_962_929/frame_000018.jpg,/content/drive/MyDrive/AISC DeepFake Çalışmaları/Deney 1 Frame/Fake/train/fake_train_01047.jpg,fake_train_01047.jpg
Fake,train,/content/drive/MyDrive/AISC DeepFake Çalışmaları/FaceForensics_Projesi/fake_frames/train/FaceShifter_236_237/frame_000000.jpg,/content/drive/MyDrive/AISC DeepFake Çalışmaları/Deney 1 Frame/Fake/train/fake_train_01048.jpg,fake_train_01048.jpg
Fake,train,/content/drive/MyDrive/AISC DeepFake Çalışmaları/FaceForensics_Projesi/fake_frames/train/FaceShifter_696_686/frame_000006.jpg,/content/drive/MyDrive/AISC DeepFake Çalışmaları/Deney 1 Frame/Fake/train/fake_train_01049.jpg,fake_train_01049.jpg
Fake,train,/content/drive/MyDrive/AISC DeepFake Çalışmaları/FaceForensics_Projesi/fake_frames/train/Deepfakes_698_693/frame_000011.jpg,/content/drive/MyDrive/AISC DeepFake Çalışmaları/Deney 1 Frame/Fake/train/fake_train_01050.jpg,fake_train_01050.jpg
Fake,train,/content/drive/MyDrive/AISC DeepFake Çalışmaları/FaceForensics_Projesi/fake_frames/train/Face2Face_275_887/frame_000010.jpg,/content/drive/MyDrive/AISC DeepFake Çalışmaları/Deney 1 Frame/Fake/train/fake_train_01051.jpg,fake_train_01051.jpg
Fake,train,/content/drive/MyDrive/AISC DeepFake Çalışmaları/FaceForensics_Projesi/fake_frames/train/Deepfakes_346_351/frame_000002.jpg,/content/drive/MyDrive/AISC DeepFake Çalışmaları/Deney 1 Frame/Fake/train/fake_train_01052.jpg,fake_train_01052.jpg
Fake,train,/content/drive/MyDrive/AISC DeepFake Çalışmaları/FaceForensics_Projesi/fake_frames/train/FaceSwap_136_285/frame_000006.jpg,/content/drive/MyDrive/AISC DeepFake Çalışmaları/Deney 1 Frame/Fake/train/fake_train_01053.jpg,fake_train_01053.jpg
Fake,train,/content/drive/MyDrive/AISC DeepFake Çalışmaları/FaceForensics_Projesi/fake_frames/train/Deepfakes_325_492/frame_000007.jpg,/content/drive/MyDrive/AISC DeepFake Çalışmaları/Deney 1 Frame/Fake/train/fake_train_01054.jpg,fake_train_01054.jpg
Fake,train,/content/drive/MyDrive/AISC DeepFake Çalışmaları/FaceForensics_Projesi/fake_frames/train/NeuralTextures_608_675/frame_000019.jpg,/content/drive/MyDrive/AISC DeepFake Çalışmaları/Deney 1 Frame/Fake/train/fake_train_01055.jpg,fake_train_01055.jpg
Fake,train,/content/drive/MyDrive/AISC DeepFake Çalışmaları/FaceForensics_Projesi/fake_frames/train/Face2Face_022_489/frame_000020.jpg,/content/drive/MyDrive/AISC DeepFake Çalışmaları/Deney 1 Frame/Fake/train/fake_train_01056.jpg,fake_train_01056.jpg
Fake,train,/content/drive/MyDrive/AISC DeepFake Çalışmaları/FaceForensics_Projesi/fake_frames/train/FaceShifter_334_318/frame_000044.jpg,/content/drive/MyDrive/AISC DeepFake Çalışmaları/Deney 1 Frame/Fake/train/fake_train_01057.jpg,fake_train_01057.jpg
Fake,train,/content/drive/MyDrive/AISC DeepFake Çalışmaları/FaceForensics_Projesi/fake_frames/train/DeepFakeDetection_15_04__kitchen_still__46TJ9IOJ/frame_000015.jpg,/content/drive/MyDrive/AISC DeepFake Çalışmaları/Deney 1 Frame/Fake/train/fake_train_01058.jpg,fake_train_01058.jpg
Fake,train,/content/drive/MyDrive/AISC DeepFake Çalışmaları/FaceForensics_Projesi/fake_frames/train/DeepFakeDetection_12_07__walking_down_indoor_hall_disgust__KAG65PEE/frame_000022.jpg,/content/drive/MyDrive/AISC DeepFake Çalışmaları/Deney 1 Frame/Fake/train/fake_train_01059.jpg,fake_train_01059.jpg
Fake,train,/content/drive/MyDrive/AISC DeepFake Çalışmaları/FaceForensics_Projesi/fake_frames/train/FaceSwap_871_814/frame_000001.jpg,/content/drive/MyDrive/AISC DeepFake Çalışmaları/Deney 1 Frame/Fake/train/fake_train_01060.jpg,fake_train_01060.jpg
Fake,train,/content/drive/MyDrive/AISC DeepFake Çalışmaları/FaceForensics_Projesi/fake_frames/train/NeuralTextures_965_948/frame_000015.jpg,/content/drive/MyDrive/AISC DeepFake Çalışmaları/Deney 1 Frame/Fake/train/fake_train_01061.jpg,fake_train_01061.jpg
Fake,train,/content/drive/MyDrive/AISC DeepFake Çalışmaları/FaceForensics_Projesi/fake_frames/train/Deepfakes_495_512/frame_000024.jpg,/content/drive/MyDrive/AISC DeepFake Çalışmaları/Deney 1 Frame/Fake/train/fake_train_01062.jpg,fake_train_01062.jpg
Fake,train,/content/drive/MyDrive/AISC DeepFake Çalışmaları/FaceForensics_Projesi/fake_frames/train/FaceShifter_323_302/frame_000001.jpg,/content/drive/MyDrive/AISC DeepFake Çalışmaları/Deney 1 Frame/Fake/train/fake_train_01063.jpg,fake_train_01063.jpg
Fake,train,/content/drive/MyDrive/AISC DeepFake Çalışmaları/FaceForensics_Projesi/fake_frames/train/NeuralTextures_014_790/frame_000018.jpg,/content/drive/MyDrive/AISC DeepFake Çalışmaları/Deney 1 Frame/Fake/train/fake_train_01064.jpg,fake_train_01064.jpg
Fake,train,/content/drive/MyDrive/AISC DeepFake Çalışmaları/FaceForensics_Projesi/fake_frames/train/Deepfakes_446_667/frame_000005.jpg,/content/drive/MyDrive/AISC DeepFake Çalışmaları/Deney 1 Frame/Fake/train/fake_train_01065.jpg,fake_train_01065.jpg
Fake,train,/content/drive/MyDrive/AISC DeepFake Çalışmaları/FaceForensics_Projesi/fake_frames/train/FaceShifter_275_887/frame_000016.jpg,/content/drive/MyDrive/AISC DeepFake Çalışmaları/Deney 1 Frame/Fake/train/fake_train_01066.jpg,fake_train_01066.jpg
Fake,train,/content/drive/MyDrive/AISC DeepFake Çalışmaları/FaceForensics_Projesi/fake_frames/train/NeuralTextures_090_086/frame_000011.jpg,/content/drive/MyDrive/AISC DeepFake Çalışmaları/Deney 1 Frame/Fake/train/fake_train_01067.jpg,fake_train_01067.jpg
Fake,train,/content/drive/MyDrive/AISC DeepFake Çalışmaları/FaceForensics_Projesi/fake_frames/train/FaceShifter_216_164/frame_000011.jpg,/content/drive/MyDrive/AISC DeepFake Çalışmaları/Deney 1 Frame/Fake/train/fake_train_01068.jpg,fake_train_01068.jpg
Fake,train,/content/drive/MyDrive/AISC DeepFake Çalışmaları/FaceForensics_Projesi/fake_frames/train/DeepFakeDetection_06_02__podium_speech_happy__N8OSN8P6/frame_000051.jpg,/content/drive/MyDrive/AISC DeepFake Çalışmaları/Deney 1 Frame/Fake/train/fake_train_01069.jpg,fake_train_01069.jpg
Fake,train,/content/drive/MyDrive/AISC DeepFake Çalışmaları/FaceForensics_Projesi/fake_frames/train/NeuralTextures_742_775/frame_000018.jpg,/content/drive/MyDrive/AISC DeepFake Çalışmaları/Deney 1 Frame/Fake/train/fake_train_01070.jpg,fake_train_01070.jpg
Fake,train,/content/drive/MyDrive/AISC DeepFake Çalışmaları/FaceForensics_Projesi/fake_frames/train/FaceShifter_704_723/frame_000010.jpg,/content/drive/MyDrive/AISC DeepFake Çalışmaları/Deney 1 Frame/Fake/train/fake_train_01071.jpg,fake_train_01071.jpg
Fake,train,/content/drive/MyDrive/AISC DeepFake Çalışmaları/FaceForensics_Projesi/fake_frames/train/Deepfakes_911_910/frame_000003.jpg,/content/drive/MyDrive/AISC DeepFake Çalışmaları/Deney 1 Frame/Fake/train/fake_train_01072.jpg,fake_train_01072.jpg
Fake,train,/content/drive/MyDrive/AISC DeepFake Çalışmaları/FaceForensics_Projesi/fake_frames/train/Deepfakes_062_066/frame_000007.jpg,/content/drive/MyDrive/AISC DeepFake Çalışmaları/Deney 1 Frame/Fake/train/fake_train_01073.jpg,fake_train_01073.jpg
Fake,train,/content/drive/MyDrive/AISC DeepFake Çalışmaları/FaceForensics_Projesi/fake_frames/train/Face2Face_149_152/frame_000012.jpg,/content/drive/MyDrive/AISC DeepFake Çalışmaları/Deney 1 Frame/Fake/train/fake_train_01074.jpg,fake_train_01074.jpg
Fake,train,/content/drive/MyDrive/AISC DeepFake Çalışmaları/FaceForensics_Projesi/fake_frames/train/Deepfakes_255_214/frame_000008.jpg,/content/drive/MyDrive/AISC DeepFake Çalışmaları/Deney 1 Frame/Fake/train/fake_train_01075.jpg,fake_train_01075.jpg
Fake,train,/content/drive/MyDrive/AISC DeepFake Çalışmaları/FaceForensics_Projesi/fake_frames/train/FaceSwap_907_795/frame_000000.jpg,/content/drive/MyDrive/AISC DeepFake Çalışmaları/Deney 1 Frame/Fake/train/fake_train_01076.jpg,fake_train_01076.jpg
Fake,train,/content/drive/MyDrive/AISC DeepFake Çalışmaları/FaceForensics_Projesi/fake_frames/train/Face2Face_191_188/frame_000004.jpg,/content/drive/MyDrive/AISC DeepFake Çalışmaları/Deney 1 Frame/Fake/train/fake_train_01077.jpg,fake_train_01077.jpg
Fake,train,/content/drive/MyDrive/AISC DeepFake Çalışmaları/FaceForensics_Projesi/fake_frames/train/NeuralTextures_595_597/frame_000011.jpg,/content/drive/MyDrive/AISC DeepFake Çalışmaları/Deney 1 Frame/Fake/train/fake_train_01078.jpg,fake_train_01078.jpg
Fake,train,/content/drive/MyDrive/AISC DeepFake Çalışmaları/FaceForensics_Projesi/fake_frames/train/DeepFakeDetection_12_21__talking_against_wall__J54W3PV1/frame_000029.jpg,/content/drive/MyDrive/AISC DeepFake Çalışmaları/Deney 1 Frame/Fake/train/fake_train_01079.jpg,fake_train_01079.jpg
Fake,train,/content/drive/MyDrive/AISC DeepFake Çalışmaları/FaceForensics_Projesi/fake_frames/train/Deepfakes_336_338/frame_000002.jpg,/content/drive/MyDrive/AISC DeepFake Çalışmaları/Deney 1 Frame/Fake/train/fake_train_01080.jpg,fake_train_01080.jpg
Fake,train,/content/drive/MyDrive/AISC DeepFake Çalışmaları/FaceForensics_Projesi/fake_frames/train/FaceShifter_355_748/frame_000018.jpg,/content/drive/MyDrive/AISC DeepFake Çalışmaları/Deney 1 Frame/Fake/train/fake_train_01081.jpg,fake_train_01081.jpg
Fake,train,/content/drive/MyDrive/AISC DeepFake Çalışmaları/FaceForensics_Projesi/fake_frames/train/FaceSwap_402_453/frame_000016.jpg,/content/drive/MyDrive/AISC DeepFake Çalışmaları/Deney 1 Frame/Fake/train/fake_train_01082.jpg,fake_train_01082.jpg
Fake,train,/content/drive/MyDrive/AISC DeepFake Çalışmaları/FaceForensics_Projesi/fake_frames/train/DeepFakeDetection_02_09__kitchen_pan__9TDCEK1Q/frame_000005.jpg,/content/drive/MyDrive/AISC DeepFake Çalışmaları/Deney 1 Frame/Fake/train/fake_train_01083.jpg,fake_train_01083.jpg
Fake,train,/content/drive/MyDrive/AISC DeepFake Çalışmaları/FaceForensics_Projesi/fake_frames/train/DeepFakeDetection_13_09__hugging_happy__BVZGDFD8/frame_000029.jpg,/content/drive/MyDrive/AISC DeepFake Çalışmaları/Deney 1 Frame/Fake/train/fake_train_01084.jpg,fake_train_01084.jpg
Fake,train,/content/drive/MyDrive/AISC DeepFake Çalışmaları/FaceForensics_Projesi/fake_frames/train/Deepfakes_445_494/frame_000034.jpg,/content/drive/MyDrive/AISC DeepFake Çalışmaları/Deney 1 Frame/Fake/train/fake_train_01085.jpg,fake_train_01085.jpg
Fake,train,/content/drive/MyDrive/AISC DeepFake Çalışmaları/FaceForensics_Projesi/fake_frames/train/Face2Face_192_134/frame_000007.jpg,/content/drive/MyDrive/AISC DeepFake Çalışmaları/Deney 1 Frame/Fake/train/fake_train_01086.jpg,fake_train_01086.jpg
Fake,train,/content/drive/MyDrive/AISC DeepFake Çalışmaları/FaceForensics_Projesi/fake_frames/train/DeepFakeDetection_09_20__kitchen_pan__98NUQ3E6/frame_000023.jpg,/content/drive/MyDrive/AISC DeepFake Çalışmaları/Deney 1 Frame/Fake/train/fake_train_01087.jpg,fake_train_01087.jpg
Fake,train,/content/drive/MyDrive/AISC DeepFake Çalışmaları/FaceForensics_Projesi/fake_frames/train/DeepFakeDetection_21_06__walking_down_indoor_hall_disgust__058I9NIZ/frame_000008.jpg,/content/drive/MyDrive/AISC DeepFake Çalışmaları/Deney 1 Frame/Fake/train/fake_train_01088.jpg,fake_train_01088.jpg
Fake,train,/content/drive/MyDrive/AISC DeepFake Çalışmaları/FaceForensics_Projesi/fake_frames/train/NeuralTextures_478_506/frame_000004.jpg,/content/drive/MyDrive/AISC DeepFake Çalışmaları/Deney 1 Frame/Fake/train/fake_train_01089.jpg,fake_train_01089.jpg
Fake,train,/content/drive/MyDrive/AISC DeepFake Çalışmaları/FaceForensics_Projesi/fake_frames/train/DeepFakeDetection_09_18__outside_talking_pan_laughing__3VP8836C/frame_000037.jpg,/content/drive/MyDrive/AISC DeepFake Çalışmaları/Deney 1 Frame/Fake/train/fake_train_01090.jpg,fake_train_01090.jpg
Fake,train,/content/drive/MyDrive/AISC DeepFake Çalışmaları/FaceForensics_Projesi/fake_frames/train/Face2Face_087_081/frame_000066.jpg,/content/drive/MyDrive/AISC DeepFake Çalışmaları/Deney 1 Frame/Fake/train/fake_train_01091.jpg,fake_train_01091.jpg
Fake,train,/content/drive/MyDrive/AISC DeepFake Çalışmaları/FaceForensics_Projesi/fake_frames/train/NeuralTextures_568_628/frame_000024.jpg,/content/drive/MyDrive/AISC DeepFake Çalışmaları/Deney 1 Frame/Fake/train/fake_train_01092.jpg,fake_train_01092.jpg
Fake,train,/content/drive/MyDrive/AISC DeepFake Çalışmaları/FaceForensics_Projesi/fake_frames/train/FaceSwap_806_781/frame_000010.jpg,/content/drive/MyDrive/AISC DeepFake Çalışmaları/Deney 1 Frame/Fake/train/fake_train_01093.jpg,fake_train_01093.jpg
Fake,train,/content/drive/MyDrive/AISC DeepFake Çalışmaları/FaceForensics_Projesi/fake_frames/train/FaceSwap_474_281/frame_000012.jpg,/content/drive/MyDrive/AISC DeepFake Çalışmaları/Deney 1 Frame/Fake/train/fake_train_01094.jpg,fake_train_01094.jpg
Fake,train,/content/drive/MyDrive/AISC DeepFake Çalışmaları/FaceForensics_Projesi/fake_frames/train/FaceSwap_187_234/frame_000009.jpg,/content/drive/MyDrive/AISC DeepFake Çalışmaları/Deney 1 Frame/Fake/train/fake_train_01095.jpg,fake_train_01095.jpg
Fake,train,/content/drive/MyDrive/AISC DeepFake Çalışmaları/FaceForensics_Projesi/fake_frames/train/FaceShifter_269_268/frame_000003.jpg,/content/drive/MyDrive/AISC DeepFake Çalışmaları/Deney 1 Frame/Fake/train/fake_train_01096.jpg,fake_train_01096.jpg
Fake,train,/content/drive/MyDrive/AISC DeepFake Çalışmaları/FaceForensics_Projesi/fake_frames/train/Deepfakes_729_727/frame_000031.jpg,/content/drive/MyDrive/AISC DeepFake Çalışmaları/Deney 1 Frame/Fake/train/fake_train_01097.jpg,fake_train_01097.jpg
Fake,train,/content/drive/MyDrive/AISC DeepFake Çalışmaları/FaceForensics_Projesi/fake_frames/train/FaceSwap_954_976/frame_000016.jpg,/content/drive/MyDrive/AISC DeepFake Çalışmaları/Deney 1 Frame/Fake/train/fake_train_01098.jpg,fake_train_01098.jpg
Fake,train,/content/drive/MyDrive/AISC DeepFake Çalışmaları/FaceForensics_Projesi/fake_frames/train/NeuralTextures_749_659/frame_000016.jpg,/content/drive/MyDrive/AISC DeepFake Çalışmaları/Deney 1 Frame/Fake/train/fake_train_01099.jpg,fake_train_01099.jpg
Fake,train,/content/drive/MyDrive/AISC DeepFake Çalışmaları/FaceForensics_Projesi/fake_frames/train/FaceShifter_924_917/frame_000003.jpg,/content/drive/MyDrive/AISC DeepFake Çalışmaları/Deney 1 Frame/Fake/train/fake_train_01100.jpg,fake_train_01100.jpg
Fake,train,/content/drive/MyDrive/AISC DeepFake Çalışmaları/FaceForensics_Projesi/fake_frames/train/Face2Face_022_489/frame_000018.jpg,/content/drive/MyDrive/AISC DeepFake Çalışmaları/Deney 1 Frame/Fake/train/fake_train_01101.jpg,fake_train_01101.jpg
Fake,train,/content/drive/MyDrive/AISC DeepFake Çalışmaları/FaceForensics_Projesi/fake_frames/train/Deepfakes_570_624/frame_000007.jpg,/content/drive/MyDrive/AISC DeepFake Çalışmaları/Deney 1 Frame/Fake/train/fake_train_01102.jpg,fake_train_01102.jpg
Fake,train,/content/drive/MyDrive/AISC DeepFake Çalışmaları/FaceForensics_Projesi/fake_frames/train/NeuralTextures_445_494/frame_000027.jpg,/content/drive/MyDrive/AISC DeepFake Çalışmaları/Deney 1 Frame/Fake/train/fake_train_01103.jpg,fake_train_01103.jpg
Fake,train,/content/drive/MyDrive/AISC DeepFake Çalışmaları/FaceForensics_Projesi/fake_frames/train/FaceSwap_790_014/frame_000031.jpg,/content/drive/MyDrive/AISC DeepFake Çalışmaları/Deney 1 Frame/Fake/train/fake_train_01104.jpg,fake_train_01104.jpg
Fake,train,/content/drive/MyDrive/AISC DeepFake Çalışmaları/FaceForensics_Projesi/fake_frames/train/Face2Face_729_727/frame_000025.jpg,/content/drive/MyDrive/AISC DeepFake Çalışmaları/Deney 1 Frame/Fake/train/fake_train_01105.jpg,fake_train_01105.jpg
Fake,train,/content/drive/MyDrive/AISC DeepFake Çalışmaları/FaceForensics_Projesi/fake_frames/train/DeepFakeDetection_13_14__talking_against_wall__KMQ3AW6A/frame_000001.jpg,/content/drive/MyDrive/AISC DeepFake Çalışmaları/Deney 1 Frame/Fake/train/fake_train_01106.jpg,fake_train_01106.jpg
Fake,train,/content/drive/MyDrive/AISC DeepFake Çalışmaları/FaceForensics_Projesi/fake_frames/train/FaceSwap_847_906/frame_000008.jpg,/content/drive/MyDrive/AISC DeepFake Çalışmaları/Deney 1 Frame/Fake/train/fake_train_01107.jpg,fake_train_01107.jpg
Fake,train,/content/drive/MyDrive/AISC DeepFake Çalışmaları/FaceForensics_Projesi/fake_frames/train/DeepFakeDetection_06_18__talking_angry_couch__DEA1TCLN/frame_000042.jpg,/content/drive/MyDrive/AISC DeepFake Çalışmaları/Deney 1 Frame/Fake/train/fake_train_01108.jpg,fake_train_01108.jpg
Fake,train,/content/drive/MyDrive/AISC DeepFake Çalışmaları/FaceForensics_Projesi/fake_frames/train/Deepfakes_675_608/frame_000012.jpg,/content/drive/MyDrive/AISC DeepFake Çalışmaları/Deney 1 Frame/Fake/train/fake_train_01109.jpg,fake_train_01109.jpg
Fake,train,/content/drive/MyDrive/AISC DeepFake Çalışmaları/FaceForensics_Projesi/fake_frames/train/FaceSwap_985_981/frame_000018.jpg,/content/drive/MyDrive/AISC DeepFake Çalışmaları/Deney 1 Frame/Fake/train/fake_train_01110.jpg,fake_train_01110.jpg
Fake,train,/content/drive/MyDrive/AISC DeepFake Çalışmaları/FaceForensics_Projesi/fake_frames/train/NeuralTextures_130_139/frame_000003.jpg,/content/drive/MyDrive/AISC DeepFake Çalışmaları/Deney 1 Frame/Fake/train/fake_train_01111.jpg,fake_train_01111.jpg
Fake,train,/content/drive/MyDrive/AISC DeepFake Çalışmaları/FaceForensics_Projesi/fake_frames/train/FaceShifter_164_216/frame_000000.jpg,/content/drive/MyDrive/AISC DeepFake Çalışmaları/Deney 1 Frame/Fake/train/fake_train_01112.jpg,fake_train_01112.jpg
Fake,train,/content/drive/MyDrive/AISC DeepFake Çalışmaları/FaceForensics_Projesi/fake_frames/train/DeepFakeDetection_14_01__talking_angry_couch__0S0NS5C6/frame_000091.jpg,/content/drive/MyDrive/AISC DeepFake Çalışmaları/Deney 1 Frame/Fake/train/fake_train_01113.jpg,fake_train_01113.jpg
Fake,train,/content/drive/MyDrive/AISC DeepFake Çalışmaları/FaceForensics_Projesi/fake_frames/train/NeuralTextures_359_317/frame_000003.jpg,/content/drive/MyDrive/AISC DeepFake Çalışmaları/Deney 1 Frame/Fake/train/fake_train_01114.jpg,fake_train_01114.jpg
Fake,train,/content/drive/MyDrive/AISC DeepFake Çalışmaları/FaceForensics_Projesi/fake_frames/train/Deepfakes_368_378/frame_000028.jpg,/content/drive/MyDrive/AISC DeepFake Çalışmaları/Deney 1 Frame/Fake/train/fake_train_01115.jpg,fake_train_01115.jpg
Fake,train,/content/drive/MyDrive/AISC DeepFake Çalışmaları/FaceForensics_Projesi/fake_frames/train/Deepfakes_698_693/frame_000014.jpg,/content/drive/MyDrive/AISC DeepFake Çalışmaları/Deney 1 Frame/Fake/train/fake_train_01116.jpg,fake_train_01116.jpg
Fake,train,/content/drive/MyDrive/AISC DeepFake Çalışmaları/FaceForensics_Projesi/fake_frames/train/FaceShifter_076_079/frame_000010.jpg,/content/drive/MyDrive/AISC DeepFake Çalışmaları/Deney 1 Frame/Fake/train/fake_train_01117.jpg,fake_train_01117.jpg
Fake,train,/content/drive/MyDrive/AISC DeepFake Çalışmaları/FaceForensics_Projesi/fake_frames/train/Deepfakes_015_919/frame_000004.jpg,/content/drive/MyDrive/AISC DeepFake Çalışmaları/Deney 1 Frame/Fake/train/fake_train_01118.jpg,fake_train_01118.jpg
Fake,train,/content/drive/MyDrive/AISC DeepFake Çalışmaları/FaceForensics_Projesi/fake_frames/train/Face2Face_993_989/frame_000003.jpg,/content/drive/MyDrive/AISC DeepFake Çalışmaları/Deney 1 Frame/Fake/train/fake_train_01119.jpg,fake_train_01119.jpg
Fake,train,/content/drive/MyDrive/AISC DeepFake Çalışmaları/FaceForensics_Projesi/fake_frames/train/FaceShifter_209_016/frame_000012.jpg,/content/drive/MyDrive/AISC DeepFake Çalışmaları/Deney 1 Frame/Fake/train/fake_train_01120.jpg,fake_train_01120.jpg
Fake,train,/content/drive/MyDrive/AISC DeepFake Çalışmaları/FaceForensics_Projesi/fake_frames/train/NeuralTextures_034_590/frame_000013.jpg,/content/drive/MyDrive/AISC DeepFake Çalışmaları/Deney 1 Frame/Fake/train/fake_train_01121.jpg,fake_train_01121.jpg
Fake,train,/content/drive/MyDrive/AISC DeepFake Çalışmaları/FaceForensics_Projesi/fake_frames/train/FaceSwap_654_648/frame_000023.jpg,/content/drive/MyDrive/AISC DeepFake Çalışmaları/Deney 1 Frame/Fake/train/fake_train_01122.jpg,fake_train_01122.jpg
Fake,train,/content/drive/MyDrive/AISC DeepFake Çalışmaları/FaceForensics_Projesi/fake_frames/train/Face2Face_414_385/frame_000014.jpg,/content/drive/MyDrive/AISC DeepFake Çalışmaları/Deney 1 Frame/Fake/train/fake_train_01123.jpg,fake_train_01123.jpg
Fake,train,/content/drive/MyDrive/AISC DeepFake Çalışmaları/FaceForensics_Projesi/fake_frames/train/Deepfakes_735_774/frame_000014.jpg,/content/drive/MyDrive/AISC DeepFake Çalışmaları/Deney 1 Frame/Fake/train/fake_train_01124.jpg,fake_train_01124.jpg
Fake,train,/content/drive/MyDrive/AISC DeepFake Çalışmaları/FaceForensics_Projesi/fake_frames/train/Deepfakes_243_156/frame_000013.jpg,/content/drive/MyDrive/AISC DeepFake Çalışmaları/Deney 1 Frame/Fake/train/fake_train_01125.jpg,fake_train_01125.jpg
Fake,train,/content/drive/MyDrive/AISC DeepFake Çalışmaları/FaceForensics_Projesi/fake_frames/train/FaceShifter_526_436/frame_000013.jpg,/content/drive/MyDrive/AISC DeepFake Çalışmaları/Deney 1 Frame/Fake/train/fake_train_01126.jpg,fake_train_01126.jpg
Fake,train,/content/drive/MyDrive/AISC DeepFake Çalışmaları/FaceForensics_Projesi/fake_frames/train/DeepFakeDetection_16_17__exit_phone_room__S7UMSIQV/frame_000013.jpg,/content/drive/MyDrive/AISC DeepFake Çalışmaları/Deney 1 Frame/Fake/train/fake_train_01127.jpg,fake_train_01127.jpg
Fake,train,/content/drive/MyDrive/AISC DeepFake Çalışmaları/FaceForensics_Projesi/fake_frames/train/NeuralTextures_788_710/frame_000018.jpg,/content/drive/MyDrive/AISC DeepFake Çalışmaları/Deney 1 Frame/Fake/train/fake_train_01128.jpg,fake_train_01128.jpg
Fake,train,/content/drive/MyDrive/AISC DeepFake Çalışmaları/FaceForensics_Projesi/fake_frames/train/Face2Face_145_299/frame_000011.jpg,/content/drive/MyDrive/AISC DeepFake Çalışmaları/Deney 1 Frame/Fake/train/fake_train_01129.jpg,fake_train_01129.jpg
Fake,train,/content/drive/MyDrive/AISC DeepFake Çalışmaları/FaceForensics_Projesi/fake_frames/train/DeepFakeDetection_21_03__kitchen_still__V53E3RVB/frame_000038.jpg,/content/drive/MyDrive/AISC DeepFake Çalışmaları/Deney 1 Frame/Fake/train/fake_train_01130.jpg,fake_train_01130.jpg
Fake,train,/content/drive/MyDrive/AISC DeepFake Çalışmaları/FaceForensics_Projesi/fake_frames/train/Face2Face_120_118/frame_000011.jpg,/content/drive/MyDrive/AISC DeepFake Çalışmaları/Deney 1 Frame/Fake/train/fake_train_01131.jpg,fake_train_01131.jpg
Fake,train,/content/drive/MyDrive/AISC DeepFake Çalışmaları/FaceForensics_Projesi/fake_frames/train/FaceShifter_616_614/frame_000029.jpg,/content/drive/MyDrive/AISC DeepFake Çalışmaları/Deney 1 Frame/Fake/train/fake_train_01132.jpg,fake_train_01132.jpg
Fake,train,/content/drive/MyDrive/AISC DeepFake Çalışmaları/FaceForensics_Projesi/fake_frames/train/DeepFakeDetection_15_18__kitchen_still__V5VHLCOW/frame_000022.jpg,/content/drive/MyDrive/AISC DeepFake Çalışmaları/Deney 1 Frame/Fake/train/fake_train_01133.jpg,fake_train_01133.jpg
Fake,train,/content/drive/MyDrive/AISC DeepFake Çalışmaları/FaceForensics_Projesi/fake_frames/train/Face2Face_717_684/frame_000000.jpg,/content/drive/MyDrive/AISC DeepFake Çalışmaları/Deney 1 Frame/Fake/train/fake_train_01134.jpg,fake_train_01134.jpg
Fake,train,/content/drive/MyDrive/AISC DeepFake Çalışmaları/FaceForensics_Projesi/fake_frames/train/FaceShifter_413_372/frame_000012.jpg,/content/drive/MyDrive/AISC DeepFake Çalışmaları/Deney 1 Frame/Fake/train/fake_train_01135.jpg,fake_train_01135.jpg
Fake,train,/content/drive/MyDrive/AISC DeepFake Çalışmaları/FaceForensics_Projesi/fake_frames/train/DeepFakeDetection_03_07__walking_down_indoor_hall_disgust__PWXXULHR/frame_000002.jpg,/content/drive/MyDrive/AISC DeepFake Çalışmaları/Deney 1 Frame/Fake/train/fake_train_01136.jpg,fake_train_01136.jpg
Fake,train,/content/drive/MyDrive/AISC DeepFake Çalışmaları/FaceForensics_Projesi/fake_frames/train/FaceShifter_164_216/frame_000039.jpg,/content/drive/MyDrive/AISC DeepFake Çalışmaları/Deney 1 Frame/Fake/train/fake_train_01137.jpg,fake_train_01137.jpg
Fake,train,/content/drive/MyDrive/AISC DeepFake Çalışmaları/FaceForensics_Projesi/fake_frames/train/Deepfakes_496_417/frame_000031.jpg,/content/drive/MyDrive/AISC DeepFake Çalışmaları/Deney 1 Frame/Fake/train/fake_train_01138.jpg,fake_train_01138.jpg
Fake,train,/content/drive/MyDrive/AISC DeepFake Çalışmaları/FaceForensics_Projesi/fake_frames/train/FaceSwap_673_728/frame_000019.jpg,/content/drive/MyDrive/AISC DeepFake Çalışmaları/Deney 1 Frame/Fake/train/fake_train_01139.jpg,fake_train_01139.jpg
Fake,train,/content/drive/MyDrive/AISC DeepFake Çalışmaları/FaceForensics_Projesi/fake_frames/train/Face2Face_437_360/frame_000012.jpg,/content/drive/MyDrive/AISC DeepFake Çalışmaları/Deney 1 Frame/Fake/train/fake_train_01140.jpg,fake_train_01140.jpg
Fake,train,/content/drive/MyDrive/AISC DeepFake Çalışmaları/FaceForensics_Projesi/fake_frames/train/NeuralTextures_747_854/frame_000001.jpg,/content/drive/MyDrive/AISC DeepFake Çalışmaları/Deney 1 Frame/Fake/train/fake_train_01141.jpg,fake_train_01141.jpg
Fake,train,/content/drive/MyDrive/AISC DeepFake Çalışmaları/FaceForensics_Projesi/fake_frames/train/FaceShifter_479_706/frame_000017.jpg,/content/drive/MyDrive/AISC DeepFake Çalışmaları/Deney 1 Frame/Fake/train/fake_train_01142.jpg,fake_train_01142.jpg
Fake,train,/content/drive/MyDrive/AISC DeepFake Çalışmaları/FaceForensics_Projesi/fake_frames/train/DeepFakeDetection_02_15__walking_and_outside_surprised__HTG660F8/frame_000030.jpg,/content/drive/MyDrive/AISC DeepFake Çalışmaları/Deney 1 Frame/Fake/train/fake_train_01143.jpg,fake_train_01143.jpg
Fake,train,/content/drive/MyDrive/AISC DeepFake Çalışmaları/FaceForensics_Projesi/fake_frames/train/FaceShifter_988_966/frame_000011.jpg,/content/drive/MyDrive/AISC DeepFake Çalışmaları/Deney 1 Frame/Fake/train/fake_train_01144.jpg,fake_train_01144.jpg
Fake,train,/content/drive/MyDrive/AISC DeepFake Çalışmaları/FaceForensics_Projesi/fake_frames/train/DeepFakeDetection_10_22__kitchen_pan__PUJR4HJ1/frame_000013.jpg,/content/drive/MyDrive/AISC DeepFake Çalışmaları/Deney 1 Frame/Fake/train/fake_train_01145.jpg,fake_train_01145.jpg
Fake,train,/content/drive/MyDrive/AISC DeepFake Çalışmaları/FaceForensics_Projesi/fake_frames/train/FaceShifter_834_852/frame_000016.jpg,/content/drive/MyDrive/AISC DeepFake Çalışmaları/Deney 1 Frame/Fake/train/fake_train_01146.jpg,fake_train_01146.jpg
Fake,train,/content/drive/MyDrive/AISC DeepFake Çalışmaları/FaceForensics_Projesi/fake_frames/train/FaceSwap_598_178/frame_000027.jpg,/content/drive/MyDrive/AISC DeepFake Çalışmaları/Deney 1 Frame/Fake/train/fake_train_01147.jpg,fake_train_01147.jpg
Fake,train,/content/drive/MyDrive/AISC DeepFake Çalışmaları/FaceForensics_Projesi/fake_frames/train/FaceSwap_907_795/frame_000015.jpg,/content/drive/MyDrive/AISC DeepFake Çalışmaları/Deney 1 Frame/Fake/train/fake_train_01148.jpg,fake_train_01148.jpg
Fake,train,/content/drive/MyDrive/AISC DeepFake Çalışmaları/FaceForensics_Projesi/fake_frames/train/FaceSwap_568_628/frame_000004.jpg,/content/drive/MyDrive/AISC DeepFake Çalışmaları/Deney 1 Frame/Fake/train/fake_train_01149.jpg,fake_train_01149.jpg
Fake,train,/content/drive/MyDrive/AISC DeepFake Çalışmaları/FaceForensics_Projesi/fake_frames/train/Face2Face_829_808/frame_000009.jpg,/content/drive/MyDrive/AISC DeepFake Çalışmaları/Deney 1 Frame/Fake/train/fake_train_01150.jpg,fake_train_01150.jpg
Fake,train,/content/drive/MyDrive/AISC DeepFake Çalışmaları/FaceForensics_Projesi/fake_frames/train/NeuralTextures_909_857/frame_000025.jpg,/content/drive/MyDrive/AISC DeepFake Çalışmaları/Deney 1 Frame/Fake/train/fake_train_01151.jpg,fake_train_01151.jpg
Fake,train,/content/drive/MyDrive/AISC DeepFake Çalışmaları/FaceForensics_Projesi/fake_frames/train/Deepfakes_526_436/frame_000034.jpg,/content/drive/MyDrive/AISC DeepFake Çalışmaları/Deney 1 Frame/Fake/train/fake_train_01152.jpg,fake_train_01152.jpg
Fake,train,/content/drive/MyDrive/AISC DeepFake Çalışmaları/FaceForensics_Projesi/fake_frames/train/FaceSwap_420_257/frame_000026.jpg,/content/drive/MyDrive/AISC DeepFake Çalışmaları/Deney 1 Frame/Fake/train/fake_train_01153.jpg,fake_train_01153.jpg
Fake,train,/content/drive/MyDrive/AISC DeepFake Çalışmaları/FaceForensics_Projesi/fake_frames/train/FaceShifter_028_068/frame_000003.jpg,/content/drive/MyDrive/AISC DeepFake Çalışmaları/Deney 1 Frame/Fake/train/fake_train_01154.jpg,fake_train_01154.jpg
Fake,train,/content/drive/MyDrive/AISC DeepFake Çalışmaları/FaceForensics_Projesi/fake_frames/train/FaceShifter_234_187/frame_000011.jpg,/content/drive/MyDrive/AISC DeepFake Çalışmaları/Deney 1 Frame/Fake/train/fake_train_01155.jpg,fake_train_01155.jpg
Fake,train,/content/drive/MyDrive/AISC DeepFake Çalışmaları/FaceForensics_Projesi/fake_frames/train/Deepfakes_699_734/frame_000009.jpg,/content/drive/MyDrive/AISC DeepFake Çalışmaları/Deney 1 Frame/Fake/train/fake_train_01156.jpg,fake_train_01156.jpg
Fake,train,/content/drive/MyDrive/AISC DeepFake Çalışmaları/FaceForensics_Projesi/fake_frames/train/Deepfakes_671_677/frame_000000.jpg,/content/drive/MyDrive/AISC DeepFake Çalışmaları/Deney 1 Frame/Fake/train/fake_train_01157.jpg,fake_train_01157.jpg
Fake,train,/content/drive/MyDrive/AISC DeepFake Çalışmaları/FaceForensics_Projesi/fake_frames/train/NeuralTextures_047_862/frame_000012.jpg,/content/drive/MyDrive/AISC DeepFake Çalışmaları/Deney 1 Frame/Fake/train/fake_train_01158.jpg,fake_train_01158.jpg
Fake,train,/content/drive/MyDrive/AISC DeepFake Çalışmaları/FaceForensics_Projesi/fake_frames/train/Face2Face_482_465/frame_000008.jpg,/content/drive/MyDrive/AISC DeepFake Çalışmaları/Deney 1 Frame/Fake/train/fake_train_01159.jpg,fake_train_01159.jpg
Fake,train,/content/drive/MyDrive/AISC DeepFake Çalışmaları/FaceForensics_Projesi/fake_frames/train/DeepFakeDetection_20_06__podium_speech_happy__6SUW7063/frame_000053.jpg,/content/drive/MyDrive/AISC DeepFake Çalışmaları/Deney 1 Frame/Fake/train/fake_train_01160.jpg,fake_train_01160.jpg
Fake,train,/content/drive/MyDrive/AISC DeepFake Çalışmaları/FaceForensics_Projesi/fake_frames/train/FaceShifter_293_296/frame_000023.jpg,/content/drive/MyDrive/AISC DeepFake Çalışmaları/Deney 1 Frame/Fake/train/fake_train_01161.jpg,fake_train_01161.jpg
Fake,train,/content/drive/MyDrive/AISC DeepFake Çalışmaları/FaceForensics_Projesi/fake_frames/train/DeepFakeDetection_20_26__talking_angry_couch__01OJA93K/frame_000025.jpg,/content/drive/MyDrive/AISC DeepFake Çalışmaları/Deney 1 Frame/Fake/train/fake_train_01162.jpg,fake_train_01162.jpg
Fake,train,/content/drive/MyDrive/AISC DeepFake Çalışmaları/FaceForensics_Projesi/fake_frames/train/Face2Face_786_819/frame_000018.jpg,/content/drive/MyDrive/AISC DeepFake Çalışmaları/Deney 1 Frame/Fake/train/fake_train_01163.jpg,fake_train_01163.jpg
Fake,train,/content/drive/MyDrive/AISC DeepFake Çalışmaları/FaceForensics_Projesi/fake_frames/train/Deepfakes_105_180/frame_000011.jpg,/content/drive/MyDrive/AISC DeepFake Çalışmaları/Deney 1 Frame/Fake/train/fake_train_01164.jpg,fake_train_01164.jpg
Fake,train,/content/drive/MyDrive/AISC DeepFake Çalışmaları/FaceForensics_Projesi/fake_frames/train/FaceShifter_559_543/frame_000004.jpg,/content/drive/MyDrive/AISC DeepFake Çalışmaları/Deney 1 Frame/Fake/train/fake_train_01165.jpg,fake_train_01165.jpg
Fake,train,/content/drive/MyDrive/AISC DeepFake Çalışmaları/FaceForensics_Projesi/fake_frames/train/Deepfakes_867_765/frame_000038.jpg,/content/drive/MyDrive/AISC DeepFake Çalışmaları/Deney 1 Frame/Fake/train/fake_train_01166.jpg,fake_train_01166.jpg
Fake,train,/content/drive/MyDrive/AISC DeepFake Çalışmaları/FaceForensics_Projesi/fake_frames/train/FaceSwap_514_443/frame_000010.jpg,/content/drive/MyDrive/AISC DeepFake Çalışmaları/Deney 1 Frame/Fake/train/fake_train_01167.jpg,fake_train_01167.jpg
Fake,train,/content/drive/MyDrive/AISC DeepFake Çalışmaları/FaceForensics_Projesi/fake_frames/train/Face2Face_920_811/frame_000015.jpg,/content/drive/MyDrive/AISC DeepFake Çalışmaları/Deney 1 Frame/Fake/train/fake_train_01168.jpg,fake_train_01168.jpg
Fake,train,/content/drive/MyDrive/AISC DeepFake Çalışmaları/FaceForensics_Projesi/fake_frames/train/DeepFakeDetection_06_15__exit_phone_room__QRCD27P8/frame_000008.jpg,/content/drive/MyDrive/AISC DeepFake Çalışmaları/Deney 1 Frame/Fake/train/fake_train_01169.jpg,fake_train_01169.jpg
Fake,train,/content/drive/MyDrive/AISC DeepFake Çalışmaları/FaceForensics_Projesi/fake_frames/train/DeepFakeDetection_28_05__talking_angry_couch__V20UNLJ5/frame_000023.jpg,/content/drive/MyDrive/AISC DeepFake Çalışmaları/Deney 1 Frame/Fake/train/fake_train_01170.jpg,fake_train_01170.jpg
Fake,train,/content/drive/MyDrive/AISC DeepFake Çalışmaları/FaceForensics_Projesi/fake_frames/train/FaceShifter_211_177/frame_000010.jpg,/content/drive/MyDrive/AISC DeepFake Çalışmaları/Deney 1 Frame/Fake/train/fake_train_01171.jpg,fake_train_01171.jpg
Fake,train,/content/drive/MyDrive/AISC DeepFake Çalışmaları/FaceForensics_Projesi/fake_frames/train/Face2Face_464_463/frame_000007.jpg,/content/drive/MyDrive/AISC DeepFake Çalışmaları/Deney 1 Frame/Fake/train/fake_train_01172.jpg,fake_train_01172.jpg
Fake,train,/content/drive/MyDrive/AISC DeepFake Çalışmaları/FaceForensics_Projesi/fake_frames/train/FaceShifter_046_904/frame_000011.jpg,/content/drive/MyDrive/AISC DeepFake Çalışmaları/Deney 1 Frame/Fake/train/fake_train_01173.jpg,fake_train_01173.jpg
Fake,train,/content/drive/MyDrive/AISC DeepFake Çalışmaları/FaceForensics_Projesi/fake_frames/train/FaceShifter_491_226/frame_000008.jpg,/content/drive/MyDrive/AISC DeepFake Çalışmaları/Deney 1 Frame/Fake/train/fake_train_01174.jpg,fake_train_01174.jpg
Fake,train,/content/drive/MyDrive/AISC DeepFake Çalışmaları/FaceForensics_Projesi/fake_frames/train/DeepFakeDetection_14_01__talking_angry_couch__0S0NS5C6/frame_000072.jpg,/content/drive/MyDrive/AISC DeepFake Çalışmaları/Deney 1 Frame/Fake/train/fake_train_01175.jpg,fake_train_01175.jpg
Fake,train,/content/drive/MyDrive/AISC DeepFake Çalışmaları/FaceForensics_Projesi/fake_frames/train/Deepfakes_238_282/frame_000014.jpg,/content/drive/MyDrive/AISC DeepFake Çalışmaları/Deney 1 Frame/Fake/train/fake_train_01176.jpg,fake_train_01176.jpg
Fake,train,/content/drive/MyDrive/AISC DeepFake Çalışmaları/FaceForensics_Projesi/fake_frames/train/DeepFakeDetection_14_26__podium_speech_happy__ILLP29ZH/frame_000060.jpg,/content/drive/MyDrive/AISC DeepFake Çalışmaları/Deney 1 Frame/Fake/train/fake_train_01177.jpg,fake_train_01177.jpg
Fake,train,/content/drive/MyDrive/AISC DeepFake Çalışmaları/FaceForensics_Projesi/fake_frames/train/DeepFakeDetection_11_04__talking_angry_couch__JRQWOV1G/frame_000066.jpg,/content/drive/MyDrive/AISC DeepFake Çalışmaları/Deney 1 Frame/Fake/train/fake_train_01178.jpg,fake_train_01178.jpg
Fake,train,/content/drive/MyDrive/AISC DeepFake Çalışmaları/FaceForensics_Projesi/fake_frames/train/FaceShifter_626_562/frame_000009.jpg,/content/drive/MyDrive/AISC DeepFake Çalışmaları/Deney 1 Frame/Fake/train/fake_train_01179.jpg,fake_train_01179.jpg
Fake,train,/content/drive/MyDrive/AISC DeepFake Çalışmaları/FaceForensics_Projesi/fake_frames/train/Deepfakes_958_956/frame_000001.jpg,/content/drive/MyDrive/AISC DeepFake Çalışmaları/Deney 1 Frame/Fake/train/fake_train_01180.jpg,fake_train_01180.jpg
Fake,train,/content/drive/MyDrive/AISC DeepFake Çalışmaları/FaceForensics_Projesi/fake_frames/train/Deepfakes_558_583/frame_000017.jpg,/content/drive/MyDrive/AISC DeepFake Çalışmaları/Deney 1 Frame/Fake/train/fake_train_01181.jpg,fake_train_01181.jpg
Fake,train,/content/drive/MyDrive/AISC DeepFake Çalışmaları/FaceForensics_Projesi/fake_frames/train/Deepfakes_119_123/frame_000007.jpg,/content/drive/MyDrive/AISC DeepFake Çalışmaları/Deney 1 Frame/Fake/train/fake_train_01182.jpg,fake_train_01182.jpg
Fake,train,/content/drive/MyDrive/AISC DeepFake Çalışmaları/FaceForensics_Projesi/fake_frames/train/DeepFakeDetection_27_18__kitchen_still__NYHE8D0J/frame_000026.jpg,/content/drive/MyDrive/AISC DeepFake Çalışmaları/Deney 1 Frame/Fake/train/fake_train_01183.jpg,fake_train_01183.jpg
Fake,train,/content/drive/MyDrive/AISC DeepFake Çalışmaları/FaceForensics_Projesi/fake_frames/train/FaceShifter_064_991/frame_000011.jpg,/content/drive/MyDrive/AISC DeepFake Çalışmaları/Deney 1 Frame/Fake/train/fake_train_01184.jpg,fake_train_01184.jpg
Fake,train,/content/drive/MyDrive/AISC DeepFake Çalışmaları/FaceForensics_Projesi/fake_frames/train/FaceSwap_572_554/frame_000009.jpg,/content/drive/MyDrive/AISC DeepFake Çalışmaları/Deney 1 Frame/Fake/train/fake_train_01185.jpg,fake_train_01185.jpg
Fake,train,/content/drive/MyDrive/AISC DeepFake Çalışmaları/FaceForensics_Projesi/fake_frames/train/DeepFakeDetection_23_19__talking_angry_couch__WHQ1229T/frame_000008.jpg,/content/drive/MyDrive/AISC DeepFake Çalışmaları/Deney 1 Frame/Fake/train/fake_train_01186.jpg,fake_train_01186.jpg
Fake,train,/content/drive/MyDrive/AISC DeepFake Çalışmaları/FaceForensics_Projesi/fake_frames/train/FaceShifter_727_729/frame_000011.jpg,/content/drive/MyDrive/AISC DeepFake Çalışmaları/Deney 1 Frame/Fake/train/fake_train_01187.jpg,fake_train_01187.jpg
Fake,train,/content/drive/MyDrive/AISC DeepFake Çalışmaları/FaceForensics_Projesi/fake_frames/train/NeuralTextures_431_447/frame_000013.jpg,/content/drive/MyDrive/AISC DeepFake Çalışmaları/Deney 1 Frame/Fake/train/fake_train_01188.jpg,fake_train_01188.jpg
Fake,train,/content/drive/MyDrive/AISC DeepFake Çalışmaları/FaceForensics_Projesi/fake_frames/train/Face2Face_991_064/frame_000017.jpg,/content/drive/MyDrive/AISC DeepFake Çalışmaları/Deney 1 Frame/Fake/train/fake_train_01189.jpg,fake_train_01189.jpg
Fake,train,/content/drive/MyDrive/AISC DeepFake Çalışmaları/FaceForensics_Projesi/fake_frames/train/FaceSwap_440_364/frame_000010.jpg,/content/drive/MyDrive/AISC DeepFake Çalışmaları/Deney 1 Frame/Fake/train/fake_train_01190.jpg,fake_train_01190.jpg
Fake,train,/content/drive/MyDrive/AISC DeepFake Çalışmaları/FaceForensics_Projesi/fake_frames/train/Deepfakes_889_045/frame_000017.jpg,/content/drive/MyDrive/AISC DeepFake Çalışmaları/Deney 1 Frame/Fake/train/fake_train_01191.jpg,fake_train_01191.jpg
Fake,train,/content/drive/MyDrive/AISC DeepFake Çalışmaları/FaceForensics_Projesi/fake_frames/train/NeuralTextures_477_487/frame_000006.jpg,/content/drive/MyDrive/AISC DeepFake Çalışmaları/Deney 1 Frame/Fake/train/fake_train_01192.jpg,fake_train_01192.jpg
Fake,train,/content/drive/MyDrive/AISC DeepFake Çalışmaları/FaceForensics_Projesi/fake_frames/train/NeuralTextures_412_274/frame_000000.jpg,/content/drive/MyDrive/AISC DeepFake Çalışmaları/Deney 1 Frame/Fake/train/fake_train_01193.jpg,fake_train_01193.jpg
Fake,train,/content/drive/MyDrive/AISC DeepFake Çalışmaları/FaceForensics_Projesi/fake_frames/train/DeepFakeDetection_15_07__kitchen_still__9Z2MLKVX/frame_000022.jpg,/content/drive/MyDrive/AISC DeepFake Çalışmaları/Deney 1 Frame/Fake/train/fake_train_01194.jpg,fake_train_01194.jpg
Fake,train,/content/drive/MyDrive/AISC DeepFake Çalışmaları/FaceForensics_Projesi/fake_frames/train/FaceShifter_558_583/frame_000010.jpg,/content/drive/MyDrive/AISC DeepFake Çalışmaları/Deney 1 Frame/Fake/train/fake_train_01195.jpg,fake_train_01195.jpg
Fake,train,/content/drive/MyDrive/AISC DeepFake Çalışmaları/FaceForensics_Projesi/fake_frames/train/FaceSwap_086_090/frame_000025.jpg,/content/drive/MyDrive/AISC DeepFake Çalışmaları/Deney 1 Frame/Fake/train/fake_train_01196.jpg,fake_train_01196.jpg
Fake,train,/content/drive/MyDrive/AISC DeepFake Çalışmaları/FaceForensics_Projesi/fake_frames/train/DeepFakeDetection_14_03__talking_angry_couch__L0GHYIFS/frame_000076.jpg,/content/drive/MyDrive/AISC DeepFake Çalışmaları/Deney 1 Frame/Fake/train/fake_train_01197.jpg,fake_train_01197.jpg
Fake,train,/content/drive/MyDrive/AISC DeepFake Çalışmaları/FaceForensics_Projesi/fake_frames/train/Deepfakes_997_040/frame_000018.jpg,/content/drive/MyDrive/AISC DeepFake Çalışmaları/Deney 1 Frame/Fake/train/fake_train_01198.jpg,fake_train_01198.jpg
Fake,train,/content/drive/MyDrive/AISC DeepFake Çalışmaları/FaceForensics_Projesi/fake_frames/train/Deepfakes_518_131/frame_000013.jpg,/content/drive/MyDrive/AISC DeepFake Çalışmaları/Deney 1 Frame/Fake/train/fake_train_01199.jpg,fake_train_01199.jpg
Fake,val,/content/drive/MyDrive/AISC DeepFake Çalışmaları/FaceForensics_Projesi/fake_frames/val/Face2Face_879_963/frame_000024.jpg,/content/drive/MyDrive/AISC DeepFake Çalışmaları/Deney 1 Frame/Fake/val/fake_val_00000.jpg,fake_val_00000.jpg
Fake,val,/content/drive/MyDrive/AISC DeepFake Çalışmaları/FaceForensics_Projesi/fake_frames/val/FaceShifter_577_593/frame_000008.jpg,/content/drive/MyDrive/AISC DeepFake Çalışmaları/Deney 1 Frame/Fake/val/fake_val_00001.jpg,fake_val_00001.jpg
Fake,val,/content/drive/MyDrive/AISC DeepFake Çalışmaları/FaceForensics_Projesi/fake_frames/val/Deepfakes_478_506/frame_000016.jpg,/content/drive/MyDrive/AISC DeepFake Çalışmaları/Deney 1 Frame/Fake/val/fake_val_00002.jpg,fake_val_00002.jpg
Fake,val,/content/drive/MyDrive/AISC DeepFake Çalışmaları/FaceForensics_Projesi/fake_frames/val/FaceShifter_114_102/frame_000007.jpg,/content/drive/MyDrive/AISC DeepFake Çalışmaları/Deney 1 Frame/Fake/val/fake_val_00003.jpg,fake_val_00003.jpg
Fake,val,/content/drive/MyDrive/AISC DeepFake Çalışmaları/FaceForensics_Projesi/fake_frames/val/FaceSwap_709_390/frame_000015.jpg,/content/drive/MyDrive/AISC DeepFake Çalışmaları/Deney 1 Frame/Fake/val/fake_val_00004.jpg,fake_val_00004.jpg
Fake,val,/content/drive/MyDrive/AISC DeepFake Çalışmaları/FaceForensics_Projesi/fake_frames/val/FaceShifter_766_761/frame_000039.jpg,/content/drive/MyDrive/AISC DeepFake Çalışmaları/Deney 1 Frame/Fake/val/fake_val_00005.jpg,fake_val_00005.jpg
Fake,val,/content/drive/MyDrive/AISC DeepFake Çalışmaları/FaceForensics_Projesi/fake_frames/val/FaceShifter_086_090/frame_000004.jpg,/content/drive/MyDrive/AISC DeepFake Çalışmaları/Deney 1 Frame/Fake/val/fake_val_00006.jpg,fake_val_00006.jpg
Fake,val,/content/drive/MyDrive/AISC DeepFake Çalışmaları/FaceForensics_Projesi/fake_frames/val/Deepfakes_818_820/frame_000000.jpg,/content/drive/MyDrive/AISC DeepFake Çalışmaları/Deney 1 Frame/Fake/val/fake_val_00007.jpg,fake_val_00007.jpg
Fake,val,/content/drive/MyDrive/AISC DeepFake Çalışmaları/FaceForensics_Projesi/fake_frames/val/FaceShifter_114_102/frame_000026.jpg,/content/drive/MyDrive/AISC DeepFake Çalışmaları/Deney 1 Frame/Fake/val/fake_val_00008.jpg,fake_val_00008.jpg
Fake,val,/content/drive/MyDrive/AISC DeepFake Çalışmaları/FaceForensics_Projesi/fake_frames/val/DeepFakeDetection_23_22__kitchen_still__X2ZN5Q31/frame_000005.jpg,/content/drive/MyDrive/AISC DeepFake Çalışmaları/Deney 1 Frame/Fake/val/fake_val_00009.jpg,fake_val_00009.jpg
Fake,val,/content/drive/MyDrive/AISC DeepFake Çalışmaları/FaceForensics_Projesi/fake_frames/val/Face2Face_044_945/frame_000003.jpg,/content/drive/MyDrive/AISC DeepFake Çalışmaları/Deney 1 Frame/Fake/val/fake_val_00010.jpg,fake_val_00010.jpg
Fake,val,/content/drive/MyDrive/AISC DeepFake Çalışmaları/FaceForensics_Projesi/fake_frames/val/FaceShifter_020_344/frame_000022.jpg,/content/drive/MyDrive/AISC DeepFake Çalışmaları/Deney 1 Frame/Fake/val/fake_val_00011.jpg,fake_val_00011.jpg
Fake,val,/content/drive/MyDrive/AISC DeepFake Çalışmaları/FaceForensics_Projesi/fake_frames/val/FaceShifter_392_339/frame_000043.jpg,/content/drive/MyDrive/AISC DeepFake Çalışmaları/Deney 1 Frame/Fake/val/fake_val_00012.jpg,fake_val_00012.jpg
Fake,val,/content/drive/MyDrive/AISC DeepFake Çalışmaları/FaceForensics_Projesi/fake_frames/val/DeepFakeDetection_14_20__podium_speech_happy__R7SPX6OK/frame_000053.jpg,/content/drive/MyDrive/AISC DeepFake Çalışmaları/Deney 1 Frame/Fake/val/fake_val_00013.jpg,fake_val_00013.jpg
Fake,val,/content/drive/MyDrive/AISC DeepFake Çalışmaları/FaceForensics_Projesi/fake_frames/val/FaceSwap_766_761/frame_000005.jpg,/content/drive/MyDrive/AISC DeepFake Çalışmaları/Deney 1 Frame/Fake/val/fake_val_00014.jpg,fake_val_00014.jpg
Fake,val,/content/drive/MyDrive/AISC DeepFake Çalışmaları/FaceForensics_Projesi/fake_frames/val/Deepfakes_173_171/frame_000021.jpg,/content/drive/MyDrive/AISC DeepFake Çalışmaları/Deney 1 Frame/Fake/val/fake_val_00015.jpg,fake_val_00015.jpg
Fake,val,/content/drive/MyDrive/AISC DeepFake Çalışmaları/FaceForensics_Projesi/fake_frames/val/Face2Face_535_587/frame_000009.jpg,/content/drive/MyDrive/AISC DeepFake Çalışmaları/Deney 1 Frame/Fake/val/fake_val_00016.jpg,fake_val_00016.jpg
Fake,val,/content/drive/MyDrive/AISC DeepFake Çalışmaları/FaceForensics_Projesi/fake_frames/val/FaceSwap_672_720/frame_000016.jpg,/content/drive/MyDrive/AISC DeepFake Çalışmaları/Deney 1 Frame/Fake/val/fake_val_00017.jpg,fake_val_00017.jpg
Fake,val,/content/drive/MyDrive/AISC DeepFake Çalışmaları/FaceForensics_Projesi/fake_frames/val/Face2Face_564_971/frame_000014.jpg,/content/drive/MyDrive/AISC DeepFake Çalışmaları/Deney 1 Frame/Fake/val/fake_val_00018.jpg,fake_val_00018.jpg
Fake,val,/content/drive/MyDrive/AISC DeepFake Çalışmaları/FaceForensics_Projesi/fake_frames/val/Face2Face_813_700/frame_000001.jpg,/content/drive/MyDrive/AISC DeepFake Çalışmaları/Deney 1 Frame/Fake/val/fake_val_00019.jpg,fake_val_00019.jpg
Fake,val,/content/drive/MyDrive/AISC DeepFake Çalışmaları/FaceForensics_Projesi/fake_frames/val/DeepFakeDetection_14_12__podium_speech_happy__Z7EWFA0P/frame_000015.jpg,/content/drive/MyDrive/AISC DeepFake Çalışmaları/Deney 1 Frame/Fake/val/fake_val_00020.jpg,fake_val_00020.jpg
Fake,val,/content/drive/MyDrive/AISC DeepFake Çalışmaları/FaceForensics_Projesi/fake_frames/val/DeepFakeDetection_14_20__podium_speech_happy__R7SPX6OK/frame_000076.jpg,/content/drive/MyDrive/AISC DeepFake Çalışmaları/Deney 1 Frame/Fake/val/fake_val_00021.jpg,fake_val_00021.jpg
Fake,val,/content/drive/MyDrive/AISC DeepFake Çalışmaları/FaceForensics_Projesi/fake_frames/val/DeepFakeDetection_27_02__kitchen_pan__3L1MLH3D/frame_000008.jpg,/content/drive/MyDrive/AISC DeepFake Çalışmaları/Deney 1 Frame/Fake/val/fake_val_00022.jpg,fake_val_00022.jpg
Fake,val,/content/drive/MyDrive/AISC DeepFake Çalışmaları/FaceForensics_Projesi/fake_frames/val/Deepfakes_413_372/frame_000012.jpg,/content/drive/MyDrive/AISC DeepFake Çalışmaları/Deney 1 Frame/Fake/val/fake_val_00023.jpg,fake_val_00023.jpg
Fake,val,/content/drive/MyDrive/AISC DeepFake Çalışmaları/FaceForensics_Projesi/fake_frames/val/FaceSwap_167_166/frame_000003.jpg,/content/drive/MyDrive/AISC DeepFake Çalışmaları/Deney 1 Frame/Fake/val/fake_val_00024.jpg,fake_val_00024.jpg
Fake,val,/content/drive/MyDrive/AISC DeepFake Çalışmaları/FaceForensics_Projesi/fake_frames/val/NeuralTextures_244_822/frame_000010.jpg,/content/drive/MyDrive/AISC DeepFake Çalışmaları/Deney 1 Frame/Fake/val/fake_val_00025.jpg,fake_val_00025.jpg
Fake,val,/content/drive/MyDrive/AISC DeepFake Çalışmaları/FaceForensics_Projesi/fake_frames/val/FaceShifter_086_090/frame_000026.jpg,/content/drive/MyDrive/AISC DeepFake Çalışmaları/Deney 1 Frame/Fake/val/fake_val_00026.jpg,fake_val_00026.jpg
Fake,val,/content/drive/MyDrive/AISC DeepFake Çalışmaları/FaceForensics_Projesi/fake_frames/val/FaceShifter_490_534/frame_000007.jpg,/content/drive/MyDrive/AISC DeepFake Çalışmaları/Deney 1 Frame/Fake/val/fake_val_00027.jpg,fake_val_00027.jpg
Fake,val,/content/drive/MyDrive/AISC DeepFake Çalışmaları/FaceForensics_Projesi/fake_frames/val/FaceShifter_490_534/frame_000021.jpg,/content/drive/MyDrive/AISC DeepFake Çalışmaları/Deney 1 Frame/Fake/val/fake_val_00028.jpg,fake_val_00028.jpg
Fake,val,/content/drive/MyDrive/AISC DeepFake Çalışmaları/FaceForensics_Projesi/fake_frames/val/DeepFakeDetection_23_19__walking_down_indoor_hall_disgust__H4SUVFTL/frame_000063.jpg,/content/drive/MyDrive/AISC DeepFake Çalışmaları/Deney 1 Frame/Fake/val/fake_val_00029.jpg,fake_val_00029.jpg
Fake,val,/content/drive/MyDrive/AISC DeepFake Çalışmaları/FaceForensics_Projesi/fake_frames/val/Face2Face_327_329/frame_000019.jpg,/content/drive/MyDrive/AISC DeepFake Çalışmaları/Deney 1 Frame/Fake/val/fake_val_00030.jpg,fake_val_00030.jpg
Fake,val,/content/drive/MyDrive/AISC DeepFake Çalışmaları/FaceForensics_Projesi/fake_frames/val/Face2Face_970_973/frame_000024.jpg,/content/drive/MyDrive/AISC DeepFake Çalışmaları/Deney 1 Frame/Fake/val/fake_val_00031.jpg,fake_val_00031.jpg
Fake,val,/content/drive/MyDrive/AISC DeepFake Çalışmaları/FaceForensics_Projesi/fake_frames/val/FaceSwap_703_604/frame_000001.jpg,/content/drive/MyDrive/AISC DeepFake Çalışmaları/Deney 1 Frame/Fake/val/fake_val_00032.jpg,fake_val_00032.jpg
Fake,val,/content/drive/MyDrive/AISC DeepFake Çalışmaları/FaceForensics_Projesi/fake_frames/val/NeuralTextures_244_822/frame_000014.jpg,/content/drive/MyDrive/AISC DeepFake Çalışmaları/Deney 1 Frame/Fake/val/fake_val_00033.jpg,fake_val_00033.jpg
Fake,val,/content/drive/MyDrive/AISC DeepFake Çalışmaları/FaceForensics_Projesi/fake_frames/val/FaceShifter_599_585/frame_000000.jpg,/content/drive/MyDrive/AISC DeepFake Çalışmaları/Deney 1 Frame/Fake/val/fake_val_00034.jpg,fake_val_00034.jpg
Fake,val,/content/drive/MyDrive/AISC DeepFake Çalışmaları/FaceForensics_Projesi/fake_frames/val/Deepfakes_855_801/frame_000002.jpg,/content/drive/MyDrive/AISC DeepFake Çalışmaları/Deney 1 Frame/Fake/val/fake_val_00035.jpg,fake_val_00035.jpg
Fake,val,/content/drive/MyDrive/AISC DeepFake Çalışmaları/FaceForensics_Projesi/fake_frames/val/FaceSwap_421_423/frame_000015.jpg,/content/drive/MyDrive/AISC DeepFake Çalışmaları/Deney 1 Frame/Fake/val/fake_val_00036.jpg,fake_val_00036.jpg
Fake,val,/content/drive/MyDrive/AISC DeepFake Çalışmaları/FaceForensics_Projesi/fake_frames/val/FaceShifter_318_334/frame_000005.jpg,/content/drive/MyDrive/AISC DeepFake Çalışmaları/Deney 1 Frame/Fake/val/fake_val_00037.jpg,fake_val_00037.jpg
Fake,val,/content/drive/MyDrive/AISC DeepFake Çalışmaları/FaceForensics_Projesi/fake_frames/val/Face2Face_234_187/frame_000036.jpg,/content/drive/MyDrive/AISC DeepFake Çalışmaları/Deney 1 Frame/Fake/val/fake_val_00038.jpg,fake_val_00038.jpg
Fake,val,/content/drive/MyDrive/AISC DeepFake Çalışmaları/FaceForensics_Projesi/fake_frames/val/Deepfakes_019_018/frame_000048.jpg,/content/drive/MyDrive/AISC DeepFake Çalışmaları/Deney 1 Frame/Fake/val/fake_val_00039.jpg,fake_val_00039.jpg
Fake,val,/content/drive/MyDrive/AISC DeepFake Çalışmaları/FaceForensics_Projesi/fake_frames/val/FaceShifter_040_997/frame_000026.jpg,/content/drive/MyDrive/AISC DeepFake Çalışmaları/Deney 1 Frame/Fake/val/fake_val_00040.jpg,fake_val_00040.jpg
Fake,val,/content/drive/MyDrive/AISC DeepFake Çalışmaları/FaceForensics_Projesi/fake_frames/val/Deepfakes_326_501/frame_000035.jpg,/content/drive/MyDrive/AISC DeepFake Çalışmaları/Deney 1 Frame/Fake/val/fake_val_00041.jpg,fake_val_00041.jpg
Fake,val,/content/drive/MyDrive/AISC DeepFake Çalışmaları/FaceForensics_Projesi/fake_frames/val/DeepFakeDetection_14_18__walking_down_indoor_hall_disgust__0YRBHIKG/frame_000038.jpg,/content/drive/MyDrive/AISC DeepFake Çalışmaları/Deney 1 Frame/Fake/val/fake_val_00042.jpg,fake_val_00042.jpg
Fake,val,/content/drive/MyDrive/AISC DeepFake Çalışmaları/FaceForensics_Projesi/fake_frames/val/Deepfakes_256_146/frame_000011.jpg,/content/drive/MyDrive/AISC DeepFake Çalışmaları/Deney 1 Frame/Fake/val/fake_val_00043.jpg,fake_val_00043.jpg
Fake,val,/content/drive/MyDrive/AISC DeepFake Çalışmaları/FaceForensics_Projesi/fake_frames/val/DeepFakeDetection_12_13__walking_and_outside_surprised__DJ7MF331/frame_000031.jpg,/content/drive/MyDrive/AISC DeepFake Çalışmaları/Deney 1 Frame/Fake/val/fake_val_00044.jpg,fake_val_00044.jpg
Fake,val,/content/drive/MyDrive/AISC DeepFake Çalışmaları/FaceForensics_Projesi/fake_frames/val/Deepfakes_253_183/frame_000009.jpg,/content/drive/MyDrive/AISC DeepFake Çalışmaları/Deney 1 Frame/Fake/val/fake_val_00045.jpg,fake_val_00045.jpg
Fake,val,/content/drive/MyDrive/AISC DeepFake Çalışmaları/FaceForensics_Projesi/fake_frames/val/Deepfakes_493_538/frame_000014.jpg,/content/drive/MyDrive/AISC DeepFake Çalışmaları/Deney 1 Frame/Fake/val/fake_val_00046.jpg,fake_val_00046.jpg
Fake,val,/content/drive/MyDrive/AISC DeepFake Çalışmaları/FaceForensics_Projesi/fake_frames/val/DeepFakeDetection_23_22__kitchen_still__X2ZN5Q31/frame_000001.jpg,/content/drive/MyDrive/AISC DeepFake Çalışmaları/Deney 1 Frame/Fake/val/fake_val_00047.jpg,fake_val_00047.jpg
Fake,val,/content/drive/MyDrive/AISC DeepFake Çalışmaları/FaceForensics_Projesi/fake_frames/val/DeepFakeDetection_12_13__walking_and_outside_surprised__DJ7MF331/frame_000044.jpg,/content/drive/MyDrive/AISC DeepFake Çalışmaları/Deney 1 Frame/Fake/val/fake_val_00048.jpg,fake_val_00048.jpg
Fake,val,/content/drive/MyDrive/AISC DeepFake Çalışmaları/FaceForensics_Projesi/fake_frames/val/FaceSwap_288_321/frame_000000.jpg,/content/drive/MyDrive/AISC DeepFake Çalışmaları/Deney 1 Frame/Fake/val/fake_val_00049.jpg,fake_val_00049.jpg
Fake,val,/content/drive/MyDrive/AISC DeepFake Çalışmaları/FaceForensics_Projesi/fake_frames/val/Face2Face_132_007/frame_000008.jpg,/content/drive/MyDrive/AISC DeepFake Çalışmaları/Deney 1 Frame/Fake/val/fake_val_00050.jpg,fake_val_00050.jpg
Fake,val,/content/drive/MyDrive/AISC DeepFake Çalışmaları/FaceForensics_Projesi/fake_frames/val/NeuralTextures_821_812/frame_000010.jpg,/content/drive/MyDrive/AISC DeepFake Çalışmaları/Deney 1 Frame/Fake/val/fake_val_00051.jpg,fake_val_00051.jpg
Fake,val,/content/drive/MyDrive/AISC DeepFake Çalışmaları/FaceForensics_Projesi/fake_frames/val/NeuralTextures_421_423/frame_000046.jpg,/content/drive/MyDrive/AISC DeepFake Çalışmaları/Deney 1 Frame/Fake/val/fake_val_00052.jpg,fake_val_00052.jpg
Fake,val,/content/drive/MyDrive/AISC DeepFake Çalışmaları/FaceForensics_Projesi/fake_frames/val/Deepfakes_058_039/frame_000025.jpg,/content/drive/MyDrive/AISC DeepFake Çalışmaları/Deney 1 Frame/Fake/val/fake_val_00053.jpg,fake_val_00053.jpg
Fake,val,/content/drive/MyDrive/AISC DeepFake Çalışmaları/FaceForensics_Projesi/fake_frames/val/Deepfakes_490_534/frame_000033.jpg,/content/drive/MyDrive/AISC DeepFake Çalışmaları/Deney 1 Frame/Fake/val/fake_val_00054.jpg,fake_val_00054.jpg
Fake,val,/content/drive/MyDrive/AISC DeepFake Çalışmaları/FaceForensics_Projesi/fake_frames/val/DeepFakeDetection_23_22__kitchen_still__X2ZN5Q31/frame_000036.jpg,/content/drive/MyDrive/AISC DeepFake Çalışmaları/Deney 1 Frame/Fake/val/fake_val_00055.jpg,fake_val_00055.jpg
Fake,val,/content/drive/MyDrive/AISC DeepFake Çalışmaları/FaceForensics_Projesi/fake_frames/val/NeuralTextures_040_997/frame_000023.jpg,/content/drive/MyDrive/AISC DeepFake Çalışmaları/Deney 1 Frame/Fake/val/fake_val_00056.jpg,fake_val_00056.jpg
Fake,val,/content/drive/MyDrive/AISC DeepFake Çalışmaları/FaceForensics_Projesi/fake_frames/val/DeepFakeDetection_19_24__kitchen_still__GNHYZ84G/frame_000023.jpg,/content/drive/MyDrive/AISC DeepFake Çalışmaları/Deney 1 Frame/Fake/val/fake_val_00057.jpg,fake_val_00057.jpg
Fake,val,/content/drive/MyDrive/AISC DeepFake Çalışmaları/FaceForensics_Projesi/fake_frames/val/FaceShifter_439_441/frame_000008.jpg,/content/drive/MyDrive/AISC DeepFake Çalışmaları/Deney 1 Frame/Fake/val/fake_val_00058.jpg,fake_val_00058.jpg
Fake,val,/content/drive/MyDrive/AISC DeepFake Çalışmaları/FaceForensics_Projesi/fake_frames/val/FaceShifter_579_701/frame_000016.jpg,/content/drive/MyDrive/AISC DeepFake Çalışmaları/Deney 1 Frame/Fake/val/fake_val_00059.jpg,fake_val_00059.jpg
Fake,val,/content/drive/MyDrive/AISC DeepFake Çalışmaları/FaceForensics_Projesi/fake_frames/val/FaceShifter_260_331/frame_000005.jpg,/content/drive/MyDrive/AISC DeepFake Çalışmaları/Deney 1 Frame/Fake/val/fake_val_00060.jpg,fake_val_00060.jpg
Fake,val,/content/drive/MyDrive/AISC DeepFake Çalışmaları/FaceForensics_Projesi/fake_frames/val/FaceSwap_754_758/frame_000000.jpg,/content/drive/MyDrive/AISC DeepFake Çalışmaları/Deney 1 Frame/Fake/val/fake_val_00061.jpg,fake_val_00061.jpg
Fake,val,/content/drive/MyDrive/AISC DeepFake Çalışmaları/FaceForensics_Projesi/fake_frames/val/FaceSwap_288_321/frame_000010.jpg,/content/drive/MyDrive/AISC DeepFake Çalışmaları/Deney 1 Frame/Fake/val/fake_val_00062.jpg,fake_val_00062.jpg
Fake,val,/content/drive/MyDrive/AISC DeepFake Çalışmaları/FaceForensics_Projesi/fake_frames/val/Deepfakes_196_310/frame_000002.jpg,/content/drive/MyDrive/AISC DeepFake Çalışmaları/Deney 1 Frame/Fake/val/fake_val_00063.jpg,fake_val_00063.jpg
Fake,val,/content/drive/MyDrive/AISC DeepFake Çalışmaları/FaceForensics_Projesi/fake_frames/val/FaceSwap_306_278/frame_000023.jpg,/content/drive/MyDrive/AISC DeepFake Çalışmaları/Deney 1 Frame/Fake/val/fake_val_00064.jpg,fake_val_00064.jpg
Fake,val,/content/drive/MyDrive/AISC DeepFake Çalışmaları/FaceForensics_Projesi/fake_frames/val/DeepFakeDetection_05_17__hugging_happy__YTJYYDO9/frame_000042.jpg,/content/drive/MyDrive/AISC DeepFake Çalışmaları/Deney 1 Frame/Fake/val/fake_val_00065.jpg,fake_val_00065.jpg
Fake,val,/content/drive/MyDrive/AISC DeepFake Çalışmaları/FaceForensics_Projesi/fake_frames/val/FaceSwap_505_600/frame_000001.jpg,/content/drive/MyDrive/AISC DeepFake Çalışmaları/Deney 1 Frame/Fake/val/fake_val_00066.jpg,fake_val_00066.jpg
Fake,val,/content/drive/MyDrive/AISC DeepFake Çalışmaları/FaceForensics_Projesi/fake_frames/val/DeepFakeDetection_23_22__kitchen_still__X2ZN5Q31/frame_000048.jpg,/content/drive/MyDrive/AISC DeepFake Çalışmaları/Deney 1 Frame/Fake/val/fake_val_00067.jpg,fake_val_00067.jpg
Fake,val,/content/drive/MyDrive/AISC DeepFake Çalışmaları/FaceForensics_Projesi/fake_frames/val/Deepfakes_959_957/frame_000000.jpg,/content/drive/MyDrive/AISC DeepFake Çalışmaları/Deney 1 Frame/Fake/val/fake_val_00068.jpg,fake_val_00068.jpg
Fake,val,/content/drive/MyDrive/AISC DeepFake Çalışmaları/FaceForensics_Projesi/fake_frames/val/FaceShifter_020_344/frame_000004.jpg,/content/drive/MyDrive/AISC DeepFake Çalışmaları/Deney 1 Frame/Fake/val/fake_val_00069.jpg,fake_val_00069.jpg
Fake,val,/content/drive/MyDrive/AISC DeepFake Çalışmaları/FaceForensics_Projesi/fake_frames/val/FaceShifter_851_552/frame_000032.jpg,/content/drive/MyDrive/AISC DeepFake Çalışmaları/Deney 1 Frame/Fake/val/fake_val_00070.jpg,fake_val_00070.jpg
Fake,val,/content/drive/MyDrive/AISC DeepFake Çalışmaları/FaceForensics_Projesi/fake_frames/val/FaceShifter_136_285/frame_000028.jpg,/content/drive/MyDrive/AISC DeepFake Çalışmaları/Deney 1 Frame/Fake/val/fake_val_00071.jpg,fake_val_00071.jpg
Fake,val,/content/drive/MyDrive/AISC DeepFake Çalışmaları/FaceForensics_Projesi/fake_frames/val/DeepFakeDetection_14_20__podium_speech_happy__R7SPX6OK/frame_000003.jpg,/content/drive/MyDrive/AISC DeepFake Çalışmaları/Deney 1 Frame/Fake/val/fake_val_00072.jpg,fake_val_00072.jpg
Fake,val,/content/drive/MyDrive/AISC DeepFake Çalışmaları/FaceForensics_Projesi/fake_frames/val/FaceSwap_098_092/frame_000005.jpg,/content/drive/MyDrive/AISC DeepFake Çalışmaları/Deney 1 Frame/Fake/val/fake_val_00073.jpg,fake_val_00073.jpg
Fake,val,/content/drive/MyDrive/AISC DeepFake Çalışmaları/FaceForensics_Projesi/fake_frames/val/FaceSwap_716_712/frame_000008.jpg,/content/drive/MyDrive/AISC DeepFake Çalışmaları/Deney 1 Frame/Fake/val/fake_val_00074.jpg,fake_val_00074.jpg
Fake,val,/content/drive/MyDrive/AISC DeepFake Çalışmaları/FaceForensics_Projesi/fake_frames/val/Face2Face_643_646/frame_000016.jpg,/content/drive/MyDrive/AISC DeepFake Çalışmaları/Deney 1 Frame/Fake/val/fake_val_00075.jpg,fake_val_00075.jpg
Fake,val,/content/drive/MyDrive/AISC DeepFake Çalışmaları/FaceForensics_Projesi/fake_frames/val/FaceShifter_800_840/frame_000012.jpg,/content/drive/MyDrive/AISC DeepFake Çalışmaları/Deney 1 Frame/Fake/val/fake_val_00076.jpg,fake_val_00076.jpg
Fake,val,/content/drive/MyDrive/AISC DeepFake Çalışmaları/FaceForensics_Projesi/fake_frames/val/FaceSwap_112_892/frame_000002.jpg,/content/drive/MyDrive/AISC DeepFake Çalışmaları/Deney 1 Frame/Fake/val/fake_val_00077.jpg,fake_val_00077.jpg
Fake,val,/content/drive/MyDrive/AISC DeepFake Çalışmaları/FaceForensics_Projesi/fake_frames/val/DeepFakeDetection_26_13__secret_conversation__XRS5W2NC/frame_000031.jpg,/content/drive/MyDrive/AISC DeepFake Çalışmaları/Deney 1 Frame/Fake/val/fake_val_00078.jpg,fake_val_00078.jpg
Fake,val,/content/drive/MyDrive/AISC DeepFake Çalışmaları/FaceForensics_Projesi/fake_frames/val/FaceShifter_136_285/frame_000019.jpg,/content/drive/MyDrive/AISC DeepFake Çalışmaları/Deney 1 Frame/Fake/val/fake_val_00079.jpg,fake_val_00079.jpg
Fake,val,/content/drive/MyDrive/AISC DeepFake Çalışmaları/FaceForensics_Projesi/fake_frames/val/NeuralTextures_026_012/frame_000013.jpg,/content/drive/MyDrive/AISC DeepFake Çalışmaları/Deney 1 Frame/Fake/val/fake_val_00080.jpg,fake_val_00080.jpg
Fake,val,/content/drive/MyDrive/AISC DeepFake Çalışmaları/FaceForensics_Projesi/fake_frames/val/NeuralTextures_474_281/frame_000002.jpg,/content/drive/MyDrive/AISC DeepFake Çalışmaları/Deney 1 Frame/Fake/val/fake_val_00081.jpg,fake_val_00081.jpg
Fake,val,/content/drive/MyDrive/AISC DeepFake Çalışmaları/FaceForensics_Projesi/fake_frames/val/DeepFakeDetection_20_01__outside_talking_still_laughing__FW94AIMJ/frame_000002.jpg,/content/drive/MyDrive/AISC DeepFake Çalışmaları/Deney 1 Frame/Fake/val/fake_val_00082.jpg,fake_val_00082.jpg
Fake,val,/content/drive/MyDrive/AISC DeepFake Çalışmaları/FaceForensics_Projesi/fake_frames/val/FaceShifter_252_266/frame_000028.jpg,/content/drive/MyDrive/AISC DeepFake Çalışmaları/Deney 1 Frame/Fake/val/fake_val_00083.jpg,fake_val_00083.jpg
Fake,val,/content/drive/MyDrive/AISC DeepFake Çalışmaları/FaceForensics_Projesi/fake_frames/val/DeepFakeDetection_08_17__kitchen_pan__JZYRLJ8T/frame_000003.jpg,/content/drive/MyDrive/AISC DeepFake Çalışmaları/Deney 1 Frame/Fake/val/fake_val_00084.jpg,fake_val_00084.jpg
Fake,val,/content/drive/MyDrive/AISC DeepFake Çalışmaları/FaceForensics_Projesi/fake_frames/val/FaceSwap_374_407/frame_000006.jpg,/content/drive/MyDrive/AISC DeepFake Çalışmaları/Deney 1 Frame/Fake/val/fake_val_00085.jpg,fake_val_00085.jpg
Fake,val,/content/drive/MyDrive/AISC DeepFake Çalışmaları/FaceForensics_Projesi/fake_frames/val/FaceSwap_374_407/frame_000009.jpg,/content/drive/MyDrive/AISC DeepFake Çalışmaları/Deney 1 Frame/Fake/val/fake_val_00086.jpg,fake_val_00086.jpg
Fake,val,/content/drive/MyDrive/AISC DeepFake Çalışmaları/FaceForensics_Projesi/fake_frames/val/Deepfakes_651_835/frame_000021.jpg,/content/drive/MyDrive/AISC DeepFake Çalışmaları/Deney 1 Frame/Fake/val/fake_val_00087.jpg,fake_val_00087.jpg
Fake,val,/content/drive/MyDrive/AISC DeepFake Çalışmaları/FaceForensics_Projesi/fake_frames/val/Deepfakes_931_936/frame_000002.jpg,/content/drive/MyDrive/AISC DeepFake Çalışmaları/Deney 1 Frame/Fake/val/fake_val_00088.jpg,fake_val_00088.jpg
Fake,val,/content/drive/MyDrive/AISC DeepFake Çalışmaları/FaceForensics_Projesi/fake_frames/val/Deepfakes_063_041/frame_000018.jpg,/content/drive/MyDrive/AISC DeepFake Çalışmaları/Deney 1 Frame/Fake/val/fake_val_00089.jpg,fake_val_00089.jpg
Fake,val,/content/drive/MyDrive/AISC DeepFake Çalışmaları/FaceForensics_Projesi/fake_frames/val/Face2Face_618_629/frame_000030.jpg,/content/drive/MyDrive/AISC DeepFake Çalışmaları/Deney 1 Frame/Fake/val/fake_val_00090.jpg,fake_val_00090.jpg
Fake,val,/content/drive/MyDrive/AISC DeepFake Çalışmaları/FaceForensics_Projesi/fake_frames/val/Deepfakes_481_469/frame_000008.jpg,/content/drive/MyDrive/AISC DeepFake Çalışmaları/Deney 1 Frame/Fake/val/fake_val_00091.jpg,fake_val_00091.jpg
Fake,val,/content/drive/MyDrive/AISC DeepFake Çalışmaları/FaceForensics_Projesi/fake_frames/val/NeuralTextures_224_197/frame_000011.jpg,/content/drive/MyDrive/AISC DeepFake Çalışmaları/Deney 1 Frame/Fake/val/fake_val_00092.jpg,fake_val_00092.jpg
Fake,val,/content/drive/MyDrive/AISC DeepFake Çalışmaları/FaceForensics_Projesi/fake_frames/val/Deepfakes_421_423/frame_000013.jpg,/content/drive/MyDrive/AISC DeepFake Çalışmaları/Deney 1 Frame/Fake/val/fake_val_00093.jpg,fake_val_00093.jpg
Fake,val,/content/drive/MyDrive/AISC DeepFake Çalışmaları/FaceForensics_Projesi/fake_frames/val/DeepFakeDetection_07_03__hugging_happy__WPT3Z2KN/frame_000010.jpg,/content/drive/MyDrive/AISC DeepFake Çalışmaları/Deney 1 Frame/Fake/val/fake_val_00094.jpg,fake_val_00094.jpg
Fake,val,/content/drive/MyDrive/AISC DeepFake Çalışmaları/FaceForensics_Projesi/fake_frames/val/Deepfakes_256_146/frame_000017.jpg,/content/drive/MyDrive/AISC DeepFake Çalışmaları/Deney 1 Frame/Fake/val/fake_val_00095.jpg,fake_val_00095.jpg
Fake,val,/content/drive/MyDrive/AISC DeepFake Çalışmaları/FaceForensics_Projesi/fake_frames/val/DeepFakeDetection_16_28__hugging_happy__X5FNCYON/frame_000034.jpg,/content/drive/MyDrive/AISC DeepFake Çalışmaları/Deney 1 Frame/Fake/val/fake_val_00096.jpg,fake_val_00096.jpg
Fake,val,/content/drive/MyDrive/AISC DeepFake Çalışmaları/FaceForensics_Projesi/fake_frames/val/DeepFakeDetection_08_17__kitchen_pan__JZYRLJ8T/frame_000006.jpg,/content/drive/MyDrive/AISC DeepFake Çalışmaları/Deney 1 Frame/Fake/val/fake_val_00097.jpg,fake_val_00097.jpg
Fake,val,/content/drive/MyDrive/AISC DeepFake Çalışmaları/FaceForensics_Projesi/fake_frames/val/Deepfakes_158_379/frame_000020.jpg,/content/drive/MyDrive/AISC DeepFake Çalışmaları/Deney 1 Frame/Fake/val/fake_val_00098.jpg,fake_val_00098.jpg
Fake,val,/content/drive/MyDrive/AISC DeepFake Çalışmaları/FaceForensics_Projesi/fake_frames/val/NeuralTextures_470_468/frame_000014.jpg,/content/drive/MyDrive/AISC DeepFake Çalışmaları/Deney 1 Frame/Fake/val/fake_val_00099.jpg,fake_val_00099.jpg
Fake,val,/content/drive/MyDrive/AISC DeepFake Çalışmaları/FaceForensics_Projesi/fake_frames/val/FaceShifter_749_659/frame_000031.jpg,/content/drive/MyDrive/AISC DeepFake Çalışmaları/Deney 1 Frame/Fake/val/fake_val_00100.jpg,fake_val_00100.jpg
Fake,val,/content/drive/MyDrive/AISC DeepFake Çalışmaları/FaceForensics_Projesi/fake_frames/val/Deepfakes_421_423/frame_000007.jpg,/content/drive/MyDrive/AISC DeepFake Çalışmaları/Deney 1 Frame/Fake/val/fake_val_00101.jpg,fake_val_00101.jpg
Fake,val,/content/drive/MyDrive/AISC DeepFake Çalışmaları/FaceForensics_Projesi/fake_frames/val/DeepFakeDetection_16_17__walking_outside_cafe_disgusted__S7UMSIQV/frame_000050.jpg,/content/drive/MyDrive/AISC DeepFake Çalışmaları/Deney 1 Frame/Fake/val/fake_val_00102.jpg,fake_val_00102.jpg
Fake,val,/content/drive/MyDrive/AISC DeepFake Çalışmaları/FaceForensics_Projesi/fake_frames/val/FaceSwap_312_021/frame_000019.jpg,/content/drive/MyDrive/AISC DeepFake Çalışmaları/Deney 1 Frame/Fake/val/fake_val_00103.jpg,fake_val_00103.jpg
Fake,val,/content/drive/MyDrive/AISC DeepFake Çalışmaları/FaceForensics_Projesi/fake_frames/val/Deepfakes_046_904/frame_000007.jpg,/content/drive/MyDrive/AISC DeepFake Çalışmaları/Deney 1 Frame/Fake/val/fake_val_00104.jpg,fake_val_00104.jpg
Fake,val,/content/drive/MyDrive/AISC DeepFake Çalışmaları/FaceForensics_Projesi/fake_frames/val/FaceShifter_283_313/frame_000032.jpg,/content/drive/MyDrive/AISC DeepFake Çalışmaları/Deney 1 Frame/Fake/val/fake_val_00105.jpg,fake_val_00105.jpg
Fake,val,/content/drive/MyDrive/AISC DeepFake Çalışmaları/FaceForensics_Projesi/fake_frames/val/FaceShifter_684_717/frame_000015.jpg,/content/drive/MyDrive/AISC DeepFake Çalışmaları/Deney 1 Frame/Fake/val/fake_val_00106.jpg,fake_val_00106.jpg
Fake,val,/content/drive/MyDrive/AISC DeepFake Çalışmaları/FaceForensics_Projesi/fake_frames/val/FaceSwap_935_733/frame_000012.jpg,/content/drive/MyDrive/AISC DeepFake Çalışmaları/Deney 1 Frame/Fake/val/fake_val_00107.jpg,fake_val_00107.jpg
Fake,val,/content/drive/MyDrive/AISC DeepFake Çalışmaları/FaceForensics_Projesi/fake_frames/val/FaceShifter_851_552/frame_000003.jpg,/content/drive/MyDrive/AISC DeepFake Çalışmaları/Deney 1 Frame/Fake/val/fake_val_00108.jpg,fake_val_00108.jpg
Fake,val,/content/drive/MyDrive/AISC DeepFake Çalışmaları/FaceForensics_Projesi/fake_frames/val/Deepfakes_327_329/frame_000008.jpg,/content/drive/MyDrive/AISC DeepFake Çalışmaları/Deney 1 Frame/Fake/val/fake_val_00109.jpg,fake_val_00109.jpg
Fake,val,/content/drive/MyDrive/AISC DeepFake Çalışmaları/FaceForensics_Projesi/fake_frames/val/Deepfakes_931_936/frame_000011.jpg,/content/drive/MyDrive/AISC DeepFake Çalışmaları/Deney 1 Frame/Fake/val/fake_val_00110.jpg,fake_val_00110.jpg
Fake,val,/content/drive/MyDrive/AISC DeepFake Çalışmaları/FaceForensics_Projesi/fake_frames/val/NeuralTextures_804_738/frame_000016.jpg,/content/drive/MyDrive/AISC DeepFake Çalışmaları/Deney 1 Frame/Fake/val/fake_val_00111.jpg,fake_val_00111.jpg
Fake,val,/content/drive/MyDrive/AISC DeepFake Çalışmaları/FaceForensics_Projesi/fake_frames/val/DeepFakeDetection_12_13__podium_speech_happy__N8IGC93J/frame_000056.jpg,/content/drive/MyDrive/AISC DeepFake Çalışmaları/Deney 1 Frame/Fake/val/fake_val_00112.jpg,fake_val_00112.jpg
Fake,val,/content/drive/MyDrive/AISC DeepFake Çalışmaları/FaceForensics_Projesi/fake_frames/val/FaceShifter_040_997/frame_000024.jpg,/content/drive/MyDrive/AISC DeepFake Çalışmaları/Deney 1 Frame/Fake/val/fake_val_00113.jpg,fake_val_00113.jpg
Fake,val,/content/drive/MyDrive/AISC DeepFake Çalışmaları/FaceForensics_Projesi/fake_frames/val/Face2Face_029_048/frame_000015.jpg,/content/drive/MyDrive/AISC DeepFake Çalışmaları/Deney 1 Frame/Fake/val/fake_val_00114.jpg,fake_val_00114.jpg
Fake,val,/content/drive/MyDrive/AISC DeepFake Çalışmaları/FaceForensics_Projesi/fake_frames/val/Deepfakes_757_573/frame_000009.jpg,/content/drive/MyDrive/AISC DeepFake Çalışmaları/Deney 1 Frame/Fake/val/fake_val_00115.jpg,fake_val_00115.jpg
Fake,val,/content/drive/MyDrive/AISC DeepFake Çalışmaları/FaceForensics_Projesi/fake_frames/val/FaceShifter_684_717/frame_000005.jpg,/content/drive/MyDrive/AISC DeepFake Çalışmaları/Deney 1 Frame/Fake/val/fake_val_00116.jpg,fake_val_00116.jpg
Fake,val,/content/drive/MyDrive/AISC DeepFake Çalışmaları/FaceForensics_Projesi/fake_frames/val/Deepfakes_256_146/frame_000032.jpg,/content/drive/MyDrive/AISC DeepFake Çalışmaları/Deney 1 Frame/Fake/val/fake_val_00117.jpg,fake_val_00117.jpg
Fake,val,/content/drive/MyDrive/AISC DeepFake Çalışmaları/FaceForensics_Projesi/fake_frames/val/Face2Face_575_603/frame_000016.jpg,/content/drive/MyDrive/AISC DeepFake Çalışmaları/Deney 1 Frame/Fake/val/fake_val_00118.jpg,fake_val_00118.jpg
Fake,val,/content/drive/MyDrive/AISC DeepFake Çalışmaları/FaceForensics_Projesi/fake_frames/val/DeepFakeDetection_15_20__walking_down_indoor_hall_disgust__CYD62VPP/frame_000049.jpg,/content/drive/MyDrive/AISC DeepFake Çalışmaları/Deney 1 Frame/Fake/val/fake_val_00119.jpg,fake_val_00119.jpg
Fake,val,/content/drive/MyDrive/AISC DeepFake Çalışmaları/FaceForensics_Projesi/fake_frames/val/DeepFakeDetection_14_03__exit_phone_room__0O9TTCJT/frame_000015.jpg,/content/drive/MyDrive/AISC DeepFake Çalışmaları/Deney 1 Frame/Fake/val/fake_val_00120.jpg,fake_val_00120.jpg
Fake,val,/content/drive/MyDrive/AISC DeepFake Çalışmaları/FaceForensics_Projesi/fake_frames/val/Face2Face_618_629/frame_000031.jpg,/content/drive/MyDrive/AISC DeepFake Çalışmaları/Deney 1 Frame/Fake/val/fake_val_00121.jpg,fake_val_00121.jpg
Fake,val,/content/drive/MyDrive/AISC DeepFake Çalışmaları/FaceForensics_Projesi/fake_frames/val/Deepfakes_256_146/frame_000000.jpg,/content/drive/MyDrive/AISC DeepFake Çalışmaları/Deney 1 Frame/Fake/val/fake_val_00122.jpg,fake_val_00122.jpg
Fake,val,/content/drive/MyDrive/AISC DeepFake Çalışmaları/FaceForensics_Projesi/fake_frames/val/FaceShifter_149_152/frame_000008.jpg,/content/drive/MyDrive/AISC DeepFake Çalışmaları/Deney 1 Frame/Fake/val/fake_val_00123.jpg,fake_val_00123.jpg
Fake,val,/content/drive/MyDrive/AISC DeepFake Çalışmaları/FaceForensics_Projesi/fake_frames/val/FaceShifter_149_152/frame_000009.jpg,/content/drive/MyDrive/AISC DeepFake Çalışmaları/Deney 1 Frame/Fake/val/fake_val_00124.jpg,fake_val_00124.jpg
Fake,val,/content/drive/MyDrive/AISC DeepFake Çalışmaları/FaceForensics_Projesi/fake_frames/val/FaceShifter_790_014/frame_000012.jpg,/content/drive/MyDrive/AISC DeepFake Çalışmaları/Deney 1 Frame/Fake/val/fake_val_00125.jpg,fake_val_00125.jpg
Fake,val,/content/drive/MyDrive/AISC DeepFake Çalışmaları/FaceForensics_Projesi/fake_frames/val/Deepfakes_524_580/frame_000008.jpg,/content/drive/MyDrive/AISC DeepFake Çalışmaları/Deney 1 Frame/Fake/val/fake_val_00126.jpg,fake_val_00126.jpg
Fake,val,/content/drive/MyDrive/AISC DeepFake Çalışmaları/FaceForensics_Projesi/fake_frames/val/FaceShifter_354_362/frame_000011.jpg,/content/drive/MyDrive/AISC DeepFake Çalışmaları/Deney 1 Frame/Fake/val/fake_val_00127.jpg,fake_val_00127.jpg
Fake,val,/content/drive/MyDrive/AISC DeepFake Çalışmaları/FaceForensics_Projesi/fake_frames/val/FaceShifter_283_313/frame_000010.jpg,/content/drive/MyDrive/AISC DeepFake Çalışmaları/Deney 1 Frame/Fake/val/fake_val_00128.jpg,fake_val_00128.jpg
Fake,val,/content/drive/MyDrive/AISC DeepFake Çalışmaları/FaceForensics_Projesi/fake_frames/val/NeuralTextures_117_217/frame_000004.jpg,/content/drive/MyDrive/AISC DeepFake Çalışmaları/Deney 1 Frame/Fake/val/fake_val_00129.jpg,fake_val_00129.jpg
Fake,val,/content/drive/MyDrive/AISC DeepFake Çalışmaları/FaceForensics_Projesi/fake_frames/val/FaceShifter_583_558/frame_000009.jpg,/content/drive/MyDrive/AISC DeepFake Çalışmaları/Deney 1 Frame/Fake/val/fake_val_00130.jpg,fake_val_00130.jpg
Fake,val,/content/drive/MyDrive/AISC DeepFake Çalışmaları/FaceForensics_Projesi/fake_frames/val/FaceShifter_085_124/frame_000012.jpg,/content/drive/MyDrive/AISC DeepFake Çalışmaları/Deney 1 Frame/Fake/val/fake_val_00131.jpg,fake_val_00131.jpg
Fake,val,/content/drive/MyDrive/AISC DeepFake Çalışmaları/FaceForensics_Projesi/fake_frames/val/DeepFakeDetection_07_14__talking_against_wall__P9QFO50U/frame_000016.jpg,/content/drive/MyDrive/AISC DeepFake Çalışmaları/Deney 1 Frame/Fake/val/fake_val_00132.jpg,fake_val_00132.jpg
Fake,val,/content/drive/MyDrive/AISC DeepFake Çalışmaları/FaceForensics_Projesi/fake_frames/val/Deepfakes_931_936/frame_000010.jpg,/content/drive/MyDrive/AISC DeepFake Çalışmaları/Deney 1 Frame/Fake/val/fake_val_00133.jpg,fake_val_00133.jpg
Fake,val,/content/drive/MyDrive/AISC DeepFake Çalışmaları/FaceForensics_Projesi/fake_frames/val/Face2Face_378_368/frame_000006.jpg,/content/drive/MyDrive/AISC DeepFake Çalışmaları/Deney 1 Frame/Fake/val/fake_val_00134.jpg,fake_val_00134.jpg
Fake,val,/content/drive/MyDrive/AISC DeepFake Çalışmaları/FaceForensics_Projesi/fake_frames/val/FaceSwap_222_168/frame_000004.jpg,/content/drive/MyDrive/AISC DeepFake Çalışmaları/Deney 1 Frame/Fake/val/fake_val_00135.jpg,fake_val_00135.jpg
Fake,val,/content/drive/MyDrive/AISC DeepFake Çalışmaları/FaceForensics_Projesi/fake_frames/val/FaceSwap_519_515/frame_000040.jpg,/content/drive/MyDrive/AISC DeepFake Çalışmaları/Deney 1 Frame/Fake/val/fake_val_00136.jpg,fake_val_00136.jpg
Fake,val,/content/drive/MyDrive/AISC DeepFake Çalışmaları/FaceForensics_Projesi/fake_frames/val/Deepfakes_916_783/frame_000013.jpg,/content/drive/MyDrive/AISC DeepFake Çalışmaları/Deney 1 Frame/Fake/val/fake_val_00137.jpg,fake_val_00137.jpg
Fake,val,/content/drive/MyDrive/AISC DeepFake Çalışmaları/FaceForensics_Projesi/fake_frames/val/Deepfakes_274_412/frame_000016.jpg,/content/drive/MyDrive/AISC DeepFake Çalışmaları/Deney 1 Frame/Fake/val/fake_val_00138.jpg,fake_val_00138.jpg
Fake,val,/content/drive/MyDrive/AISC DeepFake Çalışmaları/FaceForensics_Projesi/fake_frames/val/NeuralTextures_907_795/frame_000010.jpg,/content/drive/MyDrive/AISC DeepFake Çalışmaları/Deney 1 Frame/Fake/val/fake_val_00139.jpg,fake_val_00139.jpg
Fake,val,/content/drive/MyDrive/AISC DeepFake Çalışmaları/FaceForensics_Projesi/fake_frames/val/FaceSwap_646_643/frame_000002.jpg,/content/drive/MyDrive/AISC DeepFake Çalışmaları/Deney 1 Frame/Fake/val/fake_val_00140.jpg,fake_val_00140.jpg
Fake,val,/content/drive/MyDrive/AISC DeepFake Çalışmaları/FaceForensics_Projesi/fake_frames/val/NeuralTextures_423_421/frame_000017.jpg,/content/drive/MyDrive/AISC DeepFake Çalışmaları/Deney 1 Frame/Fake/val/fake_val_00141.jpg,fake_val_00141.jpg
Fake,val,/content/drive/MyDrive/AISC DeepFake Çalışmaları/FaceForensics_Projesi/fake_frames/val/Face2Face_335_277/frame_000001.jpg,/content/drive/MyDrive/AISC DeepFake Çalışmaları/Deney 1 Frame/Fake/val/fake_val_00142.jpg,fake_val_00142.jpg
Fake,val,/content/drive/MyDrive/AISC DeepFake Çalışmaları/FaceForensics_Projesi/fake_frames/val/DeepFakeDetection_14_20__walking_and_outside_surprised__B014BKVO/frame_000025.jpg,/content/drive/MyDrive/AISC DeepFake Çalışmaları/Deney 1 Frame/Fake/val/fake_val_00143.jpg,fake_val_00143.jpg
Fake,val,/content/drive/MyDrive/AISC DeepFake Çalışmaları/FaceForensics_Projesi/fake_frames/val/Face2Face_093_121/frame_000018.jpg,/content/drive/MyDrive/AISC DeepFake Çalışmaları/Deney 1 Frame/Fake/val/fake_val_00144.jpg,fake_val_00144.jpg
Fake,val,/content/drive/MyDrive/AISC DeepFake Çalışmaları/FaceForensics_Projesi/fake_frames/val/NeuralTextures_793_768/frame_000013.jpg,/content/drive/MyDrive/AISC DeepFake Çalışmaları/Deney 1 Frame/Fake/val/fake_val_00145.jpg,fake_val_00145.jpg
Fake,val,/content/drive/MyDrive/AISC DeepFake Çalışmaları/FaceForensics_Projesi/fake_frames/val/Face2Face_144_122/frame_000011.jpg,/content/drive/MyDrive/AISC DeepFake Çalışmaları/Deney 1 Frame/Fake/val/fake_val_00146.jpg,fake_val_00146.jpg
Fake,val,/content/drive/MyDrive/AISC DeepFake Çalışmaları/FaceForensics_Projesi/fake_frames/val/Face2Face_526_436/frame_000009.jpg,/content/drive/MyDrive/AISC DeepFake Çalışmaları/Deney 1 Frame/Fake/val/fake_val_00147.jpg,fake_val_00147.jpg
Fake,val,/content/drive/MyDrive/AISC DeepFake Çalışmaları/FaceForensics_Projesi/fake_frames/val/FaceSwap_241_210/frame_000010.jpg,/content/drive/MyDrive/AISC DeepFake Çalışmaları/Deney 1 Frame/Fake/val/fake_val_00148.jpg,fake_val_00148.jpg
Fake,val,/content/drive/MyDrive/AISC DeepFake Çalışmaları/FaceForensics_Projesi/fake_frames/val/DeepFakeDetection_20_26__outside_talking_pan_laughing__KGFLR0PH/frame_000008.jpg,/content/drive/MyDrive/AISC DeepFake Çalışmaları/Deney 1 Frame/Fake/val/fake_val_00149.jpg,fake_val_00149.jpg
Fake,test,/content/drive/MyDrive/AISC DeepFake Çalışmaları/FaceForensics_Projesi/fake_frames/test/Deepfakes_434_438/frame_000011.jpg,/content/drive/MyDrive/AISC DeepFake Çalışmaları/Deney 1 Frame/Fake/test/fake_test_00000.jpg,fake_test_00000.jpg
Fake,test,/content/drive/MyDrive/AISC DeepFake Çalışmaları/FaceForensics_Projesi/fake_frames/test/FaceShifter_123_119/frame_000015.jpg,/content/drive/MyDrive/AISC DeepFake Çalışmaları/Deney 1 Frame/Fake/test/fake_test_00001.jpg,fake_test_00001.jpg
Fake,test,/content/drive/MyDrive/AISC DeepFake Çalışmaları/FaceForensics_Projesi/fake_frames/test/NeuralTextures_200_189/frame_000018.jpg,/content/drive/MyDrive/AISC DeepFake Çalışmaları/Deney 1 Frame/Fake/test/fake_test_00002.jpg,fake_test_00002.jpg
Fake,test,/content/drive/MyDrive/AISC DeepFake Çalışmaları/FaceForensics_Projesi/fake_frames/test/Face2Face_450_533/frame_000003.jpg,/content/drive/MyDrive/AISC DeepFake Çalışmaları/Deney 1 Frame/Fake/test/fake_test_00003.jpg,fake_test_00003.jpg
Fake,test,/content/drive/MyDrive/AISC DeepFake Çalışmaları/FaceForensics_Projesi/fake_frames/test/NeuralTextures_114_102/frame_000004.jpg,/content/drive/MyDrive/AISC DeepFake Çalışmaları/Deney 1 Frame/Fake/test/fake_test_00004.jpg,fake_test_00004.jpg
Fake,test,/content/drive/MyDrive/AISC DeepFake Çalışmaları/FaceForensics_Projesi/fake_frames/test/Deepfakes_192_134/frame_000010.jpg,/content/drive/MyDrive/AISC DeepFake Çalışmaları/Deney 1 Frame/Fake/test/fake_test_00005.jpg,fake_test_00005.jpg
Fake,test,/content/drive/MyDrive/AISC DeepFake Çalışmaları/FaceForensics_Projesi/fake_frames/test/Face2Face_000_003/frame_000008.jpg,/content/drive/MyDrive/AISC DeepFake Çalışmaları/Deney 1 Frame/Fake/test/fake_test_00006.jpg,fake_test_00006.jpg
Fake,test,/content/drive/MyDrive/AISC DeepFake Çalışmaları/FaceForensics_Projesi/fake_frames/test/FaceSwap_477_487/frame_000010.jpg,/content/drive/MyDrive/AISC DeepFake Çalışmaları/Deney 1 Frame/Fake/test/fake_test_00007.jpg,fake_test_00007.jpg
Fake,test,/content/drive/MyDrive/AISC DeepFake Çalışmaları/FaceForensics_Projesi/fake_frames/test/FaceShifter_523_541/frame_000017.jpg,/content/drive/MyDrive/AISC DeepFake Çalışmaları/Deney 1 Frame/Fake/test/fake_test_00008.jpg,fake_test_00008.jpg
Fake,test,/content/drive/MyDrive/AISC DeepFake Çalışmaları/FaceForensics_Projesi/fake_frames/test/FaceShifter_715_721/frame_000017.jpg,/content/drive/MyDrive/AISC DeepFake Çalışmaları/Deney 1 Frame/Fake/test/fake_test_00009.jpg,fake_test_00009.jpg
Fake,test,/content/drive/MyDrive/AISC DeepFake Çalışmaları/FaceForensics_Projesi/fake_frames/test/DeepFakeDetection_15_02__kitchen_still__HTG660F8/frame_000025.jpg,/content/drive/MyDrive/AISC DeepFake Çalışmaları/Deney 1 Frame/Fake/test/fake_test_00010.jpg,fake_test_00010.jpg
Fake,test,/content/drive/MyDrive/AISC DeepFake Çalışmaları/FaceForensics_Projesi/fake_frames/test/Face2Face_475_265/frame_000026.jpg,/content/drive/MyDrive/AISC DeepFake Çalışmaları/Deney 1 Frame/Fake/test/fake_test_00011.jpg,fake_test_00011.jpg
Fake,test,/content/drive/MyDrive/AISC DeepFake Çalışmaları/FaceForensics_Projesi/fake_frames/test/NeuralTextures_523_541/frame_000014.jpg,/content/drive/MyDrive/AISC DeepFake Çalışmaları/Deney 1 Frame/Fake/test/fake_test_00012.jpg,fake_test_00012.jpg
Fake,test,/content/drive/MyDrive/AISC DeepFake Çalışmaları/FaceForensics_Projesi/fake_frames/test/FaceSwap_076_079/frame_000008.jpg,/content/drive/MyDrive/AISC DeepFake Çalışmaları/Deney 1 Frame/Fake/test/fake_test_00013.jpg,fake_test_00013.jpg
Fake,test,/content/drive/MyDrive/AISC DeepFake Çalışmaları/FaceForensics_Projesi/fake_frames/test/Deepfakes_246_258/frame_000012.jpg,/content/drive/MyDrive/AISC DeepFake Çalışmaları/Deney 1 Frame/Fake/test/fake_test_00014.jpg,fake_test_00014.jpg
Fake,test,/content/drive/MyDrive/AISC DeepFake Çalışmaları/FaceForensics_Projesi/fake_frames/test/Deepfakes_264_271/frame_000000.jpg,/content/drive/MyDrive/AISC DeepFake Çalışmaları/Deney 1 Frame/Fake/test/fake_test_00015.jpg,fake_test_00015.jpg
Fake,test,/content/drive/MyDrive/AISC DeepFake Çalışmaları/FaceForensics_Projesi/fake_frames/test/FaceShifter_589_565/frame_000013.jpg,/content/drive/MyDrive/AISC DeepFake Çalışmaları/Deney 1 Frame/Fake/test/fake_test_00016.jpg,fake_test_00016.jpg
Fake,test,/content/drive/MyDrive/AISC DeepFake Çalışmaları/FaceForensics_Projesi/fake_frames/test/Face2Face_594_530/frame_000017.jpg,/content/drive/MyDrive/AISC DeepFake Çalışmaları/Deney 1 Frame/Fake/test/fake_test_00017.jpg,fake_test_00017.jpg
Fake,test,/content/drive/MyDrive/AISC DeepFake Çalışmaları/FaceForensics_Projesi/fake_frames/test/NeuralTextures_379_158/frame_000000.jpg,/content/drive/MyDrive/AISC DeepFake Çalışmaları/Deney 1 Frame/Fake/test/fake_test_00018.jpg,fake_test_00018.jpg
Fake,test,/content/drive/MyDrive/AISC DeepFake Çalışmaları/FaceForensics_Projesi/fake_frames/test/NeuralTextures_332_051/frame_000008.jpg,/content/drive/MyDrive/AISC DeepFake Çalışmaları/Deney 1 Frame/Fake/test/fake_test_00019.jpg,fake_test_00019.jpg
Fake,test,/content/drive/MyDrive/AISC DeepFake Çalışmaları/FaceForensics_Projesi/fake_frames/test/NeuralTextures_791_770/frame_000006.jpg,/content/drive/MyDrive/AISC DeepFake Çalışmaları/Deney 1 Frame/Fake/test/fake_test_00020.jpg,fake_test_00020.jpg
Fake,test,/content/drive/MyDrive/AISC DeepFake Çalışmaları/FaceForensics_Projesi/fake_frames/test/DeepFakeDetection_02_12__walking_and_outside_surprised__9D2ZHEKW/frame_000030.jpg,/content/drive/MyDrive/AISC DeepFake Çalışmaları/Deney 1 Frame/Fake/test/fake_test_00021.jpg,fake_test_00021.jpg
Fake,test,/content/drive/MyDrive/AISC DeepFake Çalışmaları/FaceForensics_Projesi/fake_frames/test/DeepFakeDetection_01_04__hugging_happy__GBC7ZGDP/frame_000009.jpg,/content/drive/MyDrive/AISC DeepFake Çalışmaları/Deney 1 Frame/Fake/test/fake_test_00022.jpg,fake_test_00022.jpg
Fake,test,/content/drive/MyDrive/AISC DeepFake Çalışmaları/FaceForensics_Projesi/fake_frames/test/Deepfakes_912_927/frame_000017.jpg,/content/drive/MyDrive/AISC DeepFake Çalışmaları/Deney 1 Frame/Fake/test/fake_test_00023.jpg,fake_test_00023.jpg
Fake,test,/content/drive/MyDrive/AISC DeepFake Çalışmaları/FaceForensics_Projesi/fake_frames/test/FaceShifter_256_146/frame_000004.jpg,/content/drive/MyDrive/AISC DeepFake Çalışmaları/Deney 1 Frame/Fake/test/fake_test_00024.jpg,fake_test_00024.jpg
Fake,test,/content/drive/MyDrive/AISC DeepFake Çalışmaları/FaceForensics_Projesi/fake_frames/test/Deepfakes_644_657/frame_000022.jpg,/content/drive/MyDrive/AISC DeepFake Çalışmaları/Deney 1 Frame/Fake/test/fake_test_00025.jpg,fake_test_00025.jpg
Fake,test,/content/drive/MyDrive/AISC DeepFake Çalışmaları/FaceForensics_Projesi/fake_frames/test/Deepfakes_264_271/frame_000001.jpg,/content/drive/MyDrive/AISC DeepFake Çalışmaları/Deney 1 Frame/Fake/test/fake_test_00026.jpg,fake_test_00026.jpg
Fake,test,/content/drive/MyDrive/AISC DeepFake Çalışmaları/FaceForensics_Projesi/fake_frames/test/FaceSwap_451_449/frame_000001.jpg,/content/drive/MyDrive/AISC DeepFake Çalışmaları/Deney 1 Frame/Fake/test/fake_test_00027.jpg,fake_test_00027.jpg
Fake,test,/content/drive/MyDrive/AISC DeepFake Çalışmaları/FaceForensics_Projesi/fake_frames/test/DeepFakeDetection_26_20__talking_angry_couch__2VS0S1P5/frame_000076.jpg,/content/drive/MyDrive/AISC DeepFake Çalışmaları/Deney 1 Frame/Fake/test/fake_test_00028.jpg,fake_test_00028.jpg
Fake,test,/content/drive/MyDrive/AISC DeepFake Çalışmaları/FaceForensics_Projesi/fake_frames/test/DeepFakeDetection_06_27__talking_angry_couch__JOG5PB18/frame_000046.jpg,/content/drive/MyDrive/AISC DeepFake Çalışmaları/Deney 1 Frame/Fake/test/fake_test_00029.jpg,fake_test_00029.jpg
Fake,test,/content/drive/MyDrive/AISC DeepFake Çalışmaları/FaceForensics_Projesi/fake_frames/test/FaceShifter_589_565/frame_000005.jpg,/content/drive/MyDrive/AISC DeepFake Çalışmaları/Deney 1 Frame/Fake/test/fake_test_00030.jpg,fake_test_00030.jpg
Fake,test,/content/drive/MyDrive/AISC DeepFake Çalışmaları/FaceForensics_Projesi/fake_frames/test/Face2Face_940_941/frame_000027.jpg,/content/drive/MyDrive/AISC DeepFake Çalışmaları/Deney 1 Frame/Fake/test/fake_test_00031.jpg,fake_test_00031.jpg
Fake,test,/content/drive/MyDrive/AISC DeepFake Çalışmaları/FaceForensics_Projesi/fake_frames/test/FaceSwap_720_672/frame_000005.jpg,/content/drive/MyDrive/AISC DeepFake Çalışmaları/Deney 1 Frame/Fake/test/fake_test_00032.jpg,fake_test_00032.jpg
Fake,test,/content/drive/MyDrive/AISC DeepFake Çalışmaları/FaceForensics_Projesi/fake_frames/test/FaceSwap_750_743/frame_000012.jpg,/content/drive/MyDrive/AISC DeepFake Çalışmaları/Deney 1 Frame/Fake/test/fake_test_00033.jpg,fake_test_00033.jpg
Fake,test,/content/drive/MyDrive/AISC DeepFake Çalışmaları/FaceForensics_Projesi/fake_frames/test/FaceShifter_433_498/frame_000029.jpg,/content/drive/MyDrive/AISC DeepFake Çalışmaları/Deney 1 Frame/Fake/test/fake_test_00034.jpg,fake_test_00034.jpg
Fake,test,/content/drive/MyDrive/AISC DeepFake Çalışmaları/FaceForensics_Projesi/fake_frames/test/Face2Face_850_764/frame_000004.jpg,/content/drive/MyDrive/AISC DeepFake Çalışmaları/Deney 1 Frame/Fake/test/fake_test_00035.jpg,fake_test_00035.jpg
Fake,test,/content/drive/MyDrive/AISC DeepFake Çalışmaları/FaceForensics_Projesi/fake_frames/test/DeepFakeDetection_21_14__kitchen_still__IRKML4J0/frame_000006.jpg,/content/drive/MyDrive/AISC DeepFake Çalışmaları/Deney 1 Frame/Fake/test/fake_test_00036.jpg,fake_test_00036.jpg
Fake,test,/content/drive/MyDrive/AISC DeepFake Çalışmaları/FaceForensics_Projesi/fake_frames/test/Deepfakes_261_254/frame_000029.jpg,/content/drive/MyDrive/AISC DeepFake Çalışmaları/Deney 1 Frame/Fake/test/fake_test_00037.jpg,fake_test_00037.jpg
Fake,test,/content/drive/MyDrive/AISC DeepFake Çalışmaları/FaceForensics_Projesi/fake_frames/test/Deepfakes_438_434/frame_000008.jpg,/content/drive/MyDrive/AISC DeepFake Çalışmaları/Deney 1 Frame/Fake/test/fake_test_00038.jpg,fake_test_00038.jpg
Fake,test,/content/drive/MyDrive/AISC DeepFake Çalışmaları/FaceForensics_Projesi/fake_frames/test/FaceShifter_255_214/frame_000015.jpg,/content/drive/MyDrive/AISC DeepFake Çalışmaları/Deney 1 Frame/Fake/test/fake_test_00039.jpg,fake_test_00039.jpg
Fake,test,/content/drive/MyDrive/AISC DeepFake Çalışmaları/FaceForensics_Projesi/fake_frames/test/NeuralTextures_363_343/frame_000000.jpg,/content/drive/MyDrive/AISC DeepFake Çalışmaları/Deney 1 Frame/Fake/test/fake_test_00040.jpg,fake_test_00040.jpg
Fake,test,/content/drive/MyDrive/AISC DeepFake Çalışmaları/FaceForensics_Projesi/fake_frames/test/Deepfakes_813_700/frame_000004.jpg,/content/drive/MyDrive/AISC DeepFake Çalışmaları/Deney 1 Frame/Fake/test/fake_test_00041.jpg,fake_test_00041.jpg
Fake,test,/content/drive/MyDrive/AISC DeepFake Çalışmaları/FaceForensics_Projesi/fake_frames/test/DeepFakeDetection_14_03__outside_talking_still_laughing__KJ221YN0/frame_000006.jpg,/content/drive/MyDrive/AISC DeepFake Çalışmaları/Deney 1 Frame/Fake/test/fake_test_00042.jpg,fake_test_00042.jpg
Fake,test,/content/drive/MyDrive/AISC DeepFake Çalışmaları/FaceForensics_Projesi/fake_frames/test/FaceSwap_973_970/frame_000006.jpg,/content/drive/MyDrive/AISC DeepFake Çalışmaları/Deney 1 Frame/Fake/test/fake_test_00043.jpg,fake_test_00043.jpg
Fake,test,/content/drive/MyDrive/AISC DeepFake Çalışmaları/FaceForensics_Projesi/fake_frames/test/Face2Face_282_238/frame_000024.jpg,/content/drive/MyDrive/AISC DeepFake Çalışmaları/Deney 1 Frame/Fake/test/fake_test_00044.jpg,fake_test_00044.jpg
Fake,test,/content/drive/MyDrive/AISC DeepFake Çalışmaları/FaceForensics_Projesi/fake_frames/test/Deepfakes_362_354/frame_000003.jpg,/content/drive/MyDrive/AISC DeepFake Çalışmaları/Deney 1 Frame/Fake/test/fake_test_00045.jpg,fake_test_00045.jpg
Fake,test,/content/drive/MyDrive/AISC DeepFake Çalışmaları/FaceForensics_Projesi/fake_frames/test/FaceSwap_685_613/frame_000017.jpg,/content/drive/MyDrive/AISC DeepFake Çalışmaları/Deney 1 Frame/Fake/test/fake_test_00046.jpg,fake_test_00046.jpg
Fake,test,/content/drive/MyDrive/AISC DeepFake Çalışmaları/FaceForensics_Projesi/fake_frames/test/DeepFakeDetection_09_25__talking_angry_couch__5041ODBN/frame_000063.jpg,/content/drive/MyDrive/AISC DeepFake Çalışmaları/Deney 1 Frame/Fake/test/fake_test_00047.jpg,fake_test_00047.jpg
Fake,test,/content/drive/MyDrive/AISC DeepFake Çalışmaları/FaceForensics_Projesi/fake_frames/test/FaceShifter_849_771/frame_000002.jpg,/content/drive/MyDrive/AISC DeepFake Çalışmaları/Deney 1 Frame/Fake/test/fake_test_00048.jpg,fake_test_00048.jpg
Fake,test,/content/drive/MyDrive/AISC DeepFake Çalışmaları/FaceForensics_Projesi/fake_frames/test/FaceShifter_850_764/frame_000026.jpg,/content/drive/MyDrive/AISC DeepFake Çalışmaları/Deney 1 Frame/Fake/test/fake_test_00049.jpg,fake_test_00049.jpg
Fake,test,/content/drive/MyDrive/AISC DeepFake Çalışmaları/FaceForensics_Projesi/fake_frames/test/FaceShifter_121_093/frame_000019.jpg,/content/drive/MyDrive/AISC DeepFake Çalışmaları/Deney 1 Frame/Fake/test/fake_test_00050.jpg,fake_test_00050.jpg
Fake,test,/content/drive/MyDrive/AISC DeepFake Çalışmaları/FaceForensics_Projesi/fake_frames/test/NeuralTextures_075_977/frame_000012.jpg,/content/drive/MyDrive/AISC DeepFake Çalışmaları/Deney 1 Frame/Fake/test/fake_test_00051.jpg,fake_test_00051.jpg
Fake,test,/content/drive/MyDrive/AISC DeepFake Çalışmaları/FaceForensics_Projesi/fake_frames/test/DeepFakeDetection_15_03__talking_angry_couch__5C1OMK8W/frame_000068.jpg,/content/drive/MyDrive/AISC DeepFake Çalışmaları/Deney 1 Frame/Fake/test/fake_test_00052.jpg,fake_test_00052.jpg
Fake,test,/content/drive/MyDrive/AISC DeepFake Çalışmaları/FaceForensics_Projesi/fake_frames/test/NeuralTextures_215_208/frame_000026.jpg,/content/drive/MyDrive/AISC DeepFake Çalışmaları/Deney 1 Frame/Fake/test/fake_test_00053.jpg,fake_test_00053.jpg
Fake,test,/content/drive/MyDrive/AISC DeepFake Çalışmaları/FaceForensics_Projesi/fake_frames/test/FaceShifter_492_325/frame_000000.jpg,/content/drive/MyDrive/AISC DeepFake Çalışmaları/Deney 1 Frame/Fake/test/fake_test_00054.jpg,fake_test_00054.jpg
Fake,test,/content/drive/MyDrive/AISC DeepFake Çalışmaları/FaceForensics_Projesi/fake_frames/test/DeepFakeDetection_06_27__talking_angry_couch__JOG5PB18/frame_000057.jpg,/content/drive/MyDrive/AISC DeepFake Çalışmaları/Deney 1 Frame/Fake/test/fake_test_00055.jpg,fake_test_00055.jpg
Fake,test,/content/drive/MyDrive/AISC DeepFake Çalışmaları/FaceForensics_Projesi/fake_frames/test/FaceSwap_309_303/frame_000021.jpg,/content/drive/MyDrive/AISC DeepFake Çalışmaları/Deney 1 Frame/Fake/test/fake_test_00056.jpg,fake_test_00056.jpg
Fake,test,/content/drive/MyDrive/AISC DeepFake Çalışmaları/FaceForensics_Projesi/fake_frames/test/Deepfakes_317_359/frame_000020.jpg,/content/drive/MyDrive/AISC DeepFake Çalışmaları/Deney 1 Frame/Fake/test/fake_test_00057.jpg,fake_test_00057.jpg
Fake,test,/content/drive/MyDrive/AISC DeepFake Çalışmaları/FaceForensics_Projesi/fake_frames/test/FaceShifter_850_764/frame_000021.jpg,/content/drive/MyDrive/AISC DeepFake Çalışmaları/Deney 1 Frame/Fake/test/fake_test_00058.jpg,fake_test_00058.jpg
Fake,test,/content/drive/MyDrive/AISC DeepFake Çalışmaları/FaceForensics_Projesi/fake_frames/test/FaceShifter_586_223/frame_000009.jpg,/content/drive/MyDrive/AISC DeepFake Çalışmaları/Deney 1 Frame/Fake/test/fake_test_00059.jpg,fake_test_00059.jpg
Fake,test,/content/drive/MyDrive/AISC DeepFake Çalışmaları/FaceForensics_Projesi/fake_frames/test/Face2Face_187_234/frame_000019.jpg,/content/drive/MyDrive/AISC DeepFake Çalışmaları/Deney 1 Frame/Fake/test/fake_test_00060.jpg,fake_test_00060.jpg
Fake,test,/content/drive/MyDrive/AISC DeepFake Çalışmaları/FaceForensics_Projesi/fake_frames/test/Face2Face_187_234/frame_000013.jpg,/content/drive/MyDrive/AISC DeepFake Çalışmaları/Deney 1 Frame/Fake/test/fake_test_00061.jpg,fake_test_00061.jpg
Fake,test,/content/drive/MyDrive/AISC DeepFake Çalışmaları/FaceForensics_Projesi/fake_frames/test/Face2Face_067_025/frame_000017.jpg,/content/drive/MyDrive/AISC DeepFake Çalışmaları/Deney 1 Frame/Fake/test/fake_test_00062.jpg,fake_test_00062.jpg
Fake,test,/content/drive/MyDrive/AISC DeepFake Çalışmaları/FaceForensics_Projesi/fake_frames/test/NeuralTextures_655_444/frame_000013.jpg,/content/drive/MyDrive/AISC DeepFake Çalışmaları/Deney 1 Frame/Fake/test/fake_test_00063.jpg,fake_test_00063.jpg
Fake,test,/content/drive/MyDrive/AISC DeepFake Çalışmaları/FaceForensics_Projesi/fake_frames/test/Deepfakes_554_572/frame_000024.jpg,/content/drive/MyDrive/AISC DeepFake Çalışmaları/Deney 1 Frame/Fake/test/fake_test_00064.jpg,fake_test_00064.jpg
Fake,test,/content/drive/MyDrive/AISC DeepFake Çalışmaları/FaceForensics_Projesi/fake_frames/test/NeuralTextures_058_039/frame_000008.jpg,/content/drive/MyDrive/AISC DeepFake Çalışmaları/Deney 1 Frame/Fake/test/fake_test_00065.jpg,fake_test_00065.jpg
Fake,test,/content/drive/MyDrive/AISC DeepFake Çalışmaları/FaceForensics_Projesi/fake_frames/test/NeuralTextures_528_510/frame_000005.jpg,/content/drive/MyDrive/AISC DeepFake Çalışmaları/Deney 1 Frame/Fake/test/fake_test_00066.jpg,fake_test_00066.jpg
Fake,test,/content/drive/MyDrive/AISC DeepFake Çalışmaları/FaceForensics_Projesi/fake_frames/test/DeepFakeDetection_07_06__kitchen_pan__NMGYPBXE/frame_000029.jpg,/content/drive/MyDrive/AISC DeepFake Çalışmaları/Deney 1 Frame/Fake/test/fake_test_00067.jpg,fake_test_00067.jpg
Fake,test,/content/drive/MyDrive/AISC DeepFake Çalışmaları/FaceForensics_Projesi/fake_frames/test/FaceSwap_477_487/frame_000014.jpg,/content/drive/MyDrive/AISC DeepFake Çalışmaları/Deney 1 Frame/Fake/test/fake_test_00068.jpg,fake_test_00068.jpg
Fake,test,/content/drive/MyDrive/AISC DeepFake Çalışmaları/FaceForensics_Projesi/fake_frames/test/Deepfakes_185_276/frame_000032.jpg,/content/drive/MyDrive/AISC DeepFake Çalışmaları/Deney 1 Frame/Fake/test/fake_test_00069.jpg,fake_test_00069.jpg
Fake,test,/content/drive/MyDrive/AISC DeepFake Çalışmaları/FaceForensics_Projesi/fake_frames/test/NeuralTextures_685_613/frame_000018.jpg,/content/drive/MyDrive/AISC DeepFake Çalışmaları/Deney 1 Frame/Fake/test/fake_test_00070.jpg,fake_test_00070.jpg
Fake,test,/content/drive/MyDrive/AISC DeepFake Çalışmaları/FaceForensics_Projesi/fake_frames/test/DeepFakeDetection_14_18__talking_angry_couch__A5A1Q467/frame_000048.jpg,/content/drive/MyDrive/AISC DeepFake Çalışmaları/Deney 1 Frame/Fake/test/fake_test_00071.jpg,fake_test_00071.jpg
Fake,test,/content/drive/MyDrive/AISC DeepFake Çalışmaları/FaceForensics_Projesi/fake_frames/test/FaceShifter_742_775/frame_000007.jpg,/content/drive/MyDrive/AISC DeepFake Çalışmaları/Deney 1 Frame/Fake/test/fake_test_00072.jpg,fake_test_00072.jpg
Fake,test,/content/drive/MyDrive/AISC DeepFake Çalışmaları/FaceForensics_Projesi/fake_frames/test/DeepFakeDetection_06_27__talking_angry_couch__JOG5PB18/frame_000042.jpg,/content/drive/MyDrive/AISC DeepFake Çalışmaları/Deney 1 Frame/Fake/test/fake_test_00073.jpg,fake_test_00073.jpg
Fake,test,/content/drive/MyDrive/AISC DeepFake Çalışmaları/FaceForensics_Projesi/fake_frames/test/DeepFakeDetection_09_25__talking_angry_couch__5041ODBN/frame_000023.jpg,/content/drive/MyDrive/AISC DeepFake Çalışmaları/Deney 1 Frame/Fake/test/fake_test_00074.jpg,fake_test_00074.jpg
Fake,test,/content/drive/MyDrive/AISC DeepFake Çalışmaları/FaceForensics_Projesi/fake_frames/test/DeepFakeDetection_15_03__talking_angry_couch__DNUJD8M2/frame_000020.jpg,/content/drive/MyDrive/AISC DeepFake Çalışmaları/Deney 1 Frame/Fake/test/fake_test_00075.jpg,fake_test_00075.jpg
Fake,test,/content/drive/MyDrive/AISC DeepFake Çalışmaları/FaceForensics_Projesi/fake_frames/test/Deepfakes_392_339/frame_000071.jpg,/content/drive/MyDrive/AISC DeepFake Çalışmaları/Deney 1 Frame/Fake/test/fake_test_00076.jpg,fake_test_00076.jpg
Fake,test,/content/drive/MyDrive/AISC DeepFake Çalışmaları/FaceForensics_Projesi/fake_frames/test/FaceShifter_811_920/frame_000014.jpg,/content/drive/MyDrive/AISC DeepFake Çalışmaları/Deney 1 Frame/Fake/test/fake_test_00077.jpg,fake_test_00077.jpg
Fake,test,/content/drive/MyDrive/AISC DeepFake Çalışmaları/FaceForensics_Projesi/fake_frames/test/Face2Face_450_533/frame_000009.jpg,/content/drive/MyDrive/AISC DeepFake Çalışmaları/Deney 1 Frame/Fake/test/fake_test_00078.jpg,fake_test_00078.jpg
Fake,test,/content/drive/MyDrive/AISC DeepFake Çalışmaları/FaceForensics_Projesi/fake_frames/test/FaceSwap_371_367/frame_000000.jpg,/content/drive/MyDrive/AISC DeepFake Çalışmaları/Deney 1 Frame/Fake/test/fake_test_00079.jpg,fake_test_00079.jpg
Fake,test,/content/drive/MyDrive/AISC DeepFake Çalışmaları/FaceForensics_Projesi/fake_frames/test/Face2Face_403_497/frame_000010.jpg,/content/drive/MyDrive/AISC DeepFake Çalışmaları/Deney 1 Frame/Fake/test/fake_test_00080.jpg,fake_test_00080.jpg
Fake,test,/content/drive/MyDrive/AISC DeepFake Çalışmaları/FaceForensics_Projesi/fake_frames/test/Deepfakes_631_551/frame_000006.jpg,/content/drive/MyDrive/AISC DeepFake Çalışmaları/Deney 1 Frame/Fake/test/fake_test_00081.jpg,fake_test_00081.jpg
Fake,test,/content/drive/MyDrive/AISC DeepFake Çalışmaları/FaceForensics_Projesi/fake_frames/test/Deepfakes_001_870/frame_000012.jpg,/content/drive/MyDrive/AISC DeepFake Çalışmaları/Deney 1 Frame/Fake/test/fake_test_00082.jpg,fake_test_00082.jpg
Fake,test,/content/drive/MyDrive/AISC DeepFake Çalışmaları/FaceForensics_Projesi/fake_frames/test/Face2Face_652_773/frame_000021.jpg,/content/drive/MyDrive/AISC DeepFake Çalışmaları/Deney 1 Frame/Fake/test/fake_test_00083.jpg,fake_test_00083.jpg
Fake,test,/content/drive/MyDrive/AISC DeepFake Çalışmaları/FaceForensics_Projesi/fake_frames/test/FaceSwap_823_584/frame_000014.jpg,/content/drive/MyDrive/AISC DeepFake Çalışmaları/Deney 1 Frame/Fake/test/fake_test_00084.jpg,fake_test_00084.jpg
Fake,test,/content/drive/MyDrive/AISC DeepFake Çalışmaları/FaceForensics_Projesi/fake_frames/test/NeuralTextures_120_118/frame_000020.jpg,/content/drive/MyDrive/AISC DeepFake Çalışmaları/Deney 1 Frame/Fake/test/fake_test_00085.jpg,fake_test_00085.jpg
Fake,test,/content/drive/MyDrive/AISC DeepFake Çalışmaları/FaceForensics_Projesi/fake_frames/test/Face2Face_519_515/frame_000020.jpg,/content/drive/MyDrive/AISC DeepFake Çalışmaları/Deney 1 Frame/Fake/test/fake_test_00086.jpg,fake_test_00086.jpg
Fake,test,/content/drive/MyDrive/AISC DeepFake Çalışmaları/FaceForensics_Projesi/fake_frames/test/FaceShifter_261_254/frame_000001.jpg,/content/drive/MyDrive/AISC DeepFake Çalışmaları/Deney 1 Frame/Fake/test/fake_test_00087.jpg,fake_test_00087.jpg
Fake,test,/content/drive/MyDrive/AISC DeepFake Çalışmaları/FaceForensics_Projesi/fake_frames/test/Deepfakes_012_026/frame_000006.jpg,/content/drive/MyDrive/AISC DeepFake Çalışmaları/Deney 1 Frame/Fake/test/fake_test_00088.jpg,fake_test_00088.jpg
Fake,test,/content/drive/MyDrive/AISC DeepFake Çalışmaları/FaceForensics_Projesi/fake_frames/test/FaceShifter_586_223/frame_000007.jpg,/content/drive/MyDrive/AISC DeepFake Çalışmaları/Deney 1 Frame/Fake/test/fake_test_00089.jpg,fake_test_00089.jpg
Fake,test,/content/drive/MyDrive/AISC DeepFake Çalışmaları/FaceForensics_Projesi/fake_frames/test/FaceShifter_752_751/frame_000029.jpg,/content/drive/MyDrive/AISC DeepFake Çalışmaları/Deney 1 Frame/Fake/test/fake_test_00090.jpg,fake_test_00090.jpg
Fake,test,/content/drive/MyDrive/AISC DeepFake Çalışmaları/FaceForensics_Projesi/fake_frames/test/Deepfakes_972_718/frame_000008.jpg,/content/drive/MyDrive/AISC DeepFake Çalışmaları/Deney 1 Frame/Fake/test/fake_test_00091.jpg,fake_test_00091.jpg
Fake,test,/content/drive/MyDrive/AISC DeepFake Çalışmaları/FaceForensics_Projesi/fake_frames/test/FaceSwap_512_495/frame_000011.jpg,/content/drive/MyDrive/AISC DeepFake Çalışmaları/Deney 1 Frame/Fake/test/fake_test_00092.jpg,fake_test_00092.jpg
Fake,test,/content/drive/MyDrive/AISC DeepFake Çalışmaları/FaceForensics_Projesi/fake_frames/test/NeuralTextures_922_898/frame_000012.jpg,/content/drive/MyDrive/AISC DeepFake Çalışmaları/Deney 1 Frame/Fake/test/fake_test_00093.jpg,fake_test_00093.jpg
Fake,test,/content/drive/MyDrive/AISC DeepFake Çalışmaları/FaceForensics_Projesi/fake_frames/test/FaceSwap_811_920/frame_000007.jpg,/content/drive/MyDrive/AISC DeepFake Çalışmaları/Deney 1 Frame/Fake/test/fake_test_00094.jpg,fake_test_00094.jpg
Fake,test,/content/drive/MyDrive/AISC DeepFake Çalışmaları/FaceForensics_Projesi/fake_frames/test/Face2Face_167_166/frame_000042.jpg,/content/drive/MyDrive/AISC DeepFake Çalışmaları/Deney 1 Frame/Fake/test/fake_test_00095.jpg,fake_test_00095.jpg
Fake,test,/content/drive/MyDrive/AISC DeepFake Çalışmaları/FaceForensics_Projesi/fake_frames/test/Deepfakes_347_314/frame_000021.jpg,/content/drive/MyDrive/AISC DeepFake Çalışmaları/Deney 1 Frame/Fake/test/fake_test_00096.jpg,fake_test_00096.jpg
Fake,test,/content/drive/MyDrive/AISC DeepFake Çalışmaları/FaceForensics_Projesi/fake_frames/test/NeuralTextures_146_256/frame_000009.jpg,/content/drive/MyDrive/AISC DeepFake Çalışmaları/Deney 1 Frame/Fake/test/fake_test_00097.jpg,fake_test_00097.jpg
Fake,test,/content/drive/MyDrive/AISC DeepFake Çalışmaları/FaceForensics_Projesi/fake_frames/test/DeepFakeDetection_06_26__kitchen_pan__L5BVR5L9/frame_000012.jpg,/content/drive/MyDrive/AISC DeepFake Çalışmaları/Deney 1 Frame/Fake/test/fake_test_00098.jpg,fake_test_00098.jpg
Fake,test,/content/drive/MyDrive/AISC DeepFake Çalışmaları/FaceForensics_Projesi/fake_frames/test/FaceShifter_539_499/frame_000010.jpg,/content/drive/MyDrive/AISC DeepFake Çalışmaları/Deney 1 Frame/Fake/test/fake_test_00099.jpg,fake_test_00099.jpg
Fake,test,/content/drive/MyDrive/AISC DeepFake Çalışmaları/FaceForensics_Projesi/fake_frames/test/FaceShifter_375_251/frame_000014.jpg,/content/drive/MyDrive/AISC DeepFake Çalışmaları/Deney 1 Frame/Fake/test/fake_test_00100.jpg,fake_test_00100.jpg
Fake,test,/content/drive/MyDrive/AISC DeepFake Çalışmaları/FaceForensics_Projesi/fake_frames/test/Face2Face_640_638/frame_000013.jpg,/content/drive/MyDrive/AISC DeepFake Çalışmaları/Deney 1 Frame/Fake/test/fake_test_00101.jpg,fake_test_00101.jpg
Fake,test,/content/drive/MyDrive/AISC DeepFake Çalışmaları/FaceForensics_Projesi/fake_frames/test/DeepFakeDetection_21_14__hugging_happy__N0WM4GSV/frame_000009.jpg,/content/drive/MyDrive/AISC DeepFake Çalışmaları/Deney 1 Frame/Fake/test/fake_test_00102.jpg,fake_test_00102.jpg
Fake,test,/content/drive/MyDrive/AISC DeepFake Çalışmaları/FaceForensics_Projesi/fake_frames/test/Deepfakes_001_870/frame_000021.jpg,/content/drive/MyDrive/AISC DeepFake Çalışmaları/Deney 1 Frame/Fake/test/fake_test_00103.jpg,fake_test_00103.jpg
Fake,test,/content/drive/MyDrive/AISC DeepFake Çalışmaları/FaceForensics_Projesi/fake_frames/test/FaceShifter_621_546/frame_000016.jpg,/content/drive/MyDrive/AISC DeepFake Çalışmaları/Deney 1 Frame/Fake/test/fake_test_00104.jpg,fake_test_00104.jpg
Fake,test,/content/drive/MyDrive/AISC DeepFake Çalışmaları/FaceForensics_Projesi/fake_frames/test/FaceSwap_412_274/frame_000009.jpg,/content/drive/MyDrive/AISC DeepFake Çalışmaları/Deney 1 Frame/Fake/test/fake_test_00105.jpg,fake_test_00105.jpg
Fake,test,/content/drive/MyDrive/AISC DeepFake Çalışmaları/FaceForensics_Projesi/fake_frames/test/Deepfakes_111_094/frame_000010.jpg,/content/drive/MyDrive/AISC DeepFake Çalışmaları/Deney 1 Frame/Fake/test/fake_test_00106.jpg,fake_test_00106.jpg
Fake,test,/content/drive/MyDrive/AISC DeepFake Çalışmaları/FaceForensics_Projesi/fake_frames/test/NeuralTextures_318_334/frame_000007.jpg,/content/drive/MyDrive/AISC DeepFake Çalışmaları/Deney 1 Frame/Fake/test/fake_test_00107.jpg,fake_test_00107.jpg
Fake,test,/content/drive/MyDrive/AISC DeepFake Çalışmaları/FaceForensics_Projesi/fake_frames/test/DeepFakeDetection_15_12__walking_down_indoor_hall_disgust__RK17XFJ9/frame_000028.jpg,/content/drive/MyDrive/AISC DeepFake Çalışmaları/Deney 1 Frame/Fake/test/fake_test_00108.jpg,fake_test_00108.jpg
Fake,test,/content/drive/MyDrive/AISC DeepFake Çalışmaları/FaceForensics_Projesi/fake_frames/test/Face2Face_188_191/frame_000000.jpg,/content/drive/MyDrive/AISC DeepFake Çalışmaları/Deney 1 Frame/Fake/test/fake_test_00109.jpg,fake_test_00109.jpg
Fake,test,/content/drive/MyDrive/AISC DeepFake Çalışmaları/FaceForensics_Projesi/fake_frames/test/FaceShifter_597_595/frame_000000.jpg,/content/drive/MyDrive/AISC DeepFake Çalışmaları/Deney 1 Frame/Fake/test/fake_test_00110.jpg,fake_test_00110.jpg
Fake,test,/content/drive/MyDrive/AISC DeepFake Çalışmaları/FaceForensics_Projesi/fake_frames/test/Deepfakes_184_205/frame_000046.jpg,/content/drive/MyDrive/AISC DeepFake Çalışmaları/Deney 1 Frame/Fake/test/fake_test_00111.jpg,fake_test_00111.jpg
Fake,test,/content/drive/MyDrive/AISC DeepFake Çalışmaları/FaceForensics_Projesi/fake_frames/test/FaceSwap_992_980/frame_000017.jpg,/content/drive/MyDrive/AISC DeepFake Çalışmaları/Deney 1 Frame/Fake/test/fake_test_00112.jpg,fake_test_00112.jpg
Fake,test,/content/drive/MyDrive/AISC DeepFake Çalışmaları/FaceForensics_Projesi/fake_frames/test/NeuralTextures_146_256/frame_000019.jpg,/content/drive/MyDrive/AISC DeepFake Çalışmaları/Deney 1 Frame/Fake/test/fake_test_00113.jpg,fake_test_00113.jpg
Fake,test,/content/drive/MyDrive/AISC DeepFake Çalışmaları/FaceForensics_Projesi/fake_frames/test/FaceSwap_823_584/frame_000011.jpg,/content/drive/MyDrive/AISC DeepFake Çalışmaları/Deney 1 Frame/Fake/test/fake_test_00114.jpg,fake_test_00114.jpg
Fake,test,/content/drive/MyDrive/AISC DeepFake Çalışmaları/FaceForensics_Projesi/fake_frames/test/Face2Face_252_266/frame_000019.jpg,/content/drive/MyDrive/AISC DeepFake Çalışmaları/Deney 1 Frame/Fake/test/fake_test_00115.jpg,fake_test_00115.jpg
Fake,test,/content/drive/MyDrive/AISC DeepFake Çalışmaları/FaceForensics_Projesi/fake_frames/test/FaceSwap_309_303/frame_000020.jpg,/content/drive/MyDrive/AISC DeepFake Çalışmaları/Deney 1 Frame/Fake/test/fake_test_00116.jpg,fake_test_00116.jpg
Fake,test,/content/drive/MyDrive/AISC DeepFake Çalışmaları/FaceForensics_Projesi/fake_frames/test/FaceShifter_958_956/frame_000009.jpg,/content/drive/MyDrive/AISC DeepFake Çalışmaları/Deney 1 Frame/Fake/test/fake_test_00117.jpg,fake_test_00117.jpg
Fake,test,/content/drive/MyDrive/AISC DeepFake Çalışmaları/FaceForensics_Projesi/fake_frames/test/Deepfakes_079_076/frame_000018.jpg,/content/drive/MyDrive/AISC DeepFake Çalışmaları/Deney 1 Frame/Fake/test/fake_test_00118.jpg,fake_test_00118.jpg
Fake,test,/content/drive/MyDrive/AISC DeepFake Çalışmaları/FaceForensics_Projesi/fake_frames/test/FaceSwap_008_990/frame_000007.jpg,/content/drive/MyDrive/AISC DeepFake Çalışmaları/Deney 1 Frame/Fake/test/fake_test_00119.jpg,fake_test_00119.jpg
Fake,test,/content/drive/MyDrive/AISC DeepFake Çalışmaları/FaceForensics_Projesi/fake_frames/test/FaceShifter_589_565/frame_000020.jpg,/content/drive/MyDrive/AISC DeepFake Çalışmaları/Deney 1 Frame/Fake/test/fake_test_00120.jpg,fake_test_00120.jpg
Fake,test,/content/drive/MyDrive/AISC DeepFake Çalışmaları/FaceForensics_Projesi/fake_frames/test/Deepfakes_561_998/frame_000017.jpg,/content/drive/MyDrive/AISC DeepFake Çalışmaları/Deney 1 Frame/Fake/test/fake_test_00121.jpg,fake_test_00121.jpg
Fake,test,/content/drive/MyDrive/AISC DeepFake Çalışmaları/FaceForensics_Projesi/fake_frames/test/DeepFakeDetection_02_12__walking_and_outside_surprised__9D2ZHEKW/frame_000037.jpg,/content/drive/MyDrive/AISC DeepFake Çalışmaları/Deney 1 Frame/Fake/test/fake_test_00122.jpg,fake_test_00122.jpg
Fake,test,/content/drive/MyDrive/AISC DeepFake Çalışmaları/FaceForensics_Projesi/fake_frames/test/Face2Face_171_173/frame_000016.jpg,/content/drive/MyDrive/AISC DeepFake Çalışmaları/Deney 1 Frame/Fake/test/fake_test_00123.jpg,fake_test_00123.jpg
Fake,test,/content/drive/MyDrive/AISC DeepFake Çalışmaları/FaceForensics_Projesi/fake_frames/test/Face2Face_166_167/frame_000018.jpg,/content/drive/MyDrive/AISC DeepFake Çalışmaları/Deney 1 Frame/Fake/test/fake_test_00124.jpg,fake_test_00124.jpg
Fake,test,/content/drive/MyDrive/AISC DeepFake Çalışmaları/FaceForensics_Projesi/fake_frames/test/DeepFakeDetection_04_26__kitchen_pan__MS2MLJP1/frame_000011.jpg,/content/drive/MyDrive/AISC DeepFake Çalışmaları/Deney 1 Frame/Fake/test/fake_test_00125.jpg,fake_test_00125.jpg
Fake,test,/content/drive/MyDrive/AISC DeepFake Çalışmaları/FaceForensics_Projesi/fake_frames/test/NeuralTextures_363_343/frame_000008.jpg,/content/drive/MyDrive/AISC DeepFake Çalışmaları/Deney 1 Frame/Fake/test/fake_test_00126.jpg,fake_test_00126.jpg
Fake,test,/content/drive/MyDrive/AISC DeepFake Çalışmaları/FaceForensics_Projesi/fake_frames/test/DeepFakeDetection_15_03__talking_angry_couch__5C1OMK8W/frame_000060.jpg,/content/drive/MyDrive/AISC DeepFake Çalışmaları/Deney 1 Frame/Fake/test/fake_test_00127.jpg,fake_test_00127.jpg
Fake,test,/content/drive/MyDrive/AISC DeepFake Çalışmaları/FaceForensics_Projesi/fake_frames/test/DeepFakeDetection_03_01__walking_and_outside_surprised__JZUXXFRB/frame_000051.jpg,/content/drive/MyDrive/AISC DeepFake Çalışmaları/Deney 1 Frame/Fake/test/fake_test_00128.jpg,fake_test_00128.jpg
Fake,test,/content/drive/MyDrive/AISC DeepFake Çalışmaları/FaceForensics_Projesi/fake_frames/test/FaceShifter_952_882/frame_000022.jpg,/content/drive/MyDrive/AISC DeepFake Çalışmaları/Deney 1 Frame/Fake/test/fake_test_00129.jpg,fake_test_00129.jpg
Fake,test,/content/drive/MyDrive/AISC DeepFake Çalışmaları/FaceForensics_Projesi/fake_frames/test/Deepfakes_875_979/frame_000005.jpg,/content/drive/MyDrive/AISC DeepFake Çalışmaları/Deney 1 Frame/Fake/test/fake_test_00130.jpg,fake_test_00130.jpg
Fake,test,/content/drive/MyDrive/AISC DeepFake Çalışmaları/FaceForensics_Projesi/fake_frames/test/Face2Face_676_776/frame_000005.jpg,/content/drive/MyDrive/AISC DeepFake Çalışmaları/Deney 1 Frame/Fake/test/fake_test_00131.jpg,fake_test_00131.jpg
Fake,test,/content/drive/MyDrive/AISC DeepFake Çalışmaları/FaceForensics_Projesi/fake_frames/test/FaceShifter_642_635/frame_000028.jpg,/content/drive/MyDrive/AISC DeepFake Çalışmaları/Deney 1 Frame/Fake/test/fake_test_00132.jpg,fake_test_00132.jpg
Fake,test,/content/drive/MyDrive/AISC DeepFake Çalışmaları/FaceForensics_Projesi/fake_frames/test/FaceShifter_475_265/frame_000009.jpg,/content/drive/MyDrive/AISC DeepFake Çalışmaları/Deney 1 Frame/Fake/test/fake_test_00133.jpg,fake_test_00133.jpg
Fake,test,/content/drive/MyDrive/AISC DeepFake Çalışmaları/FaceForensics_Projesi/fake_frames/test/Face2Face_559_543/frame_000025.jpg,/content/drive/MyDrive/AISC DeepFake Çalışmaları/Deney 1 Frame/Fake/test/fake_test_00134.jpg,fake_test_00134.jpg
Fake,test,/content/drive/MyDrive/AISC DeepFake Çalışmaları/FaceForensics_Projesi/fake_frames/test/Deepfakes_794_779/frame_000034.jpg,/content/drive/MyDrive/AISC DeepFake Çalışmaları/Deney 1 Frame/Fake/test/fake_test_00135.jpg,fake_test_00135.jpg
Fake,test,/content/drive/MyDrive/AISC DeepFake Çalışmaları/FaceForensics_Projesi/fake_frames/test/Face2Face_934_918/frame_000002.jpg,/content/drive/MyDrive/AISC DeepFake Çalışmaları/Deney 1 Frame/Fake/test/fake_test_00136.jpg,fake_test_00136.jpg
Fake,test,/content/drive/MyDrive/AISC DeepFake Çalışmaları/FaceForensics_Projesi/fake_frames/test/FaceShifter_255_214/frame_000000.jpg,/content/drive/MyDrive/AISC DeepFake Çalışmaları/Deney 1 Frame/Fake/test/fake_test_00137.jpg,fake_test_00137.jpg
Fake,test,/content/drive/MyDrive/AISC DeepFake Çalışmaları/FaceForensics_Projesi/fake_frames/test/Deepfakes_915_895/frame_000003.jpg,/content/drive/MyDrive/AISC DeepFake Çalışmaları/Deney 1 Frame/Fake/test/fake_test_00138.jpg,fake_test_00138.jpg
Fake,test,/content/drive/MyDrive/AISC DeepFake Çalışmaları/FaceForensics_Projesi/fake_frames/test/NeuralTextures_075_977/frame_000011.jpg,/content/drive/MyDrive/AISC DeepFake Çalışmaları/Deney 1 Frame/Fake/test/fake_test_00139.jpg,fake_test_00139.jpg
Fake,test,/content/drive/MyDrive/AISC DeepFake Çalışmaları/FaceForensics_Projesi/fake_frames/test/FaceShifter_589_565/frame_000035.jpg,/content/drive/MyDrive/AISC DeepFake Çalışmaları/Deney 1 Frame/Fake/test/fake_test_00140.jpg,fake_test_00140.jpg
Fake,test,/content/drive/MyDrive/AISC DeepFake Çalışmaları/FaceForensics_Projesi/fake_frames/test/Deepfakes_996_056/frame_000002.jpg,/content/drive/MyDrive/AISC DeepFake Çalışmaları/Deney 1 Frame/Fake/test/fake_test_00141.jpg,fake_test_00141.jpg
Fake,test,/content/drive/MyDrive/AISC DeepFake Çalışmaları/FaceForensics_Projesi/fake_frames/test/DeepFakeDetection_18_09__kitchen_still__3VP8836C/frame_000023.jpg,/content/drive/MyDrive/AISC DeepFake Çalışmaları/Deney 1 Frame/Fake/test/fake_test_00142.jpg,fake_test_00142.jpg
Fake,test,/content/drive/MyDrive/AISC DeepFake Çalışmaları/FaceForensics_Projesi/fake_frames/test/DeepFakeDetection_26_20__kitchen_pan__C8GN41DU/frame_000016.jpg,/content/drive/MyDrive/AISC DeepFake Çalışmaları/Deney 1 Frame/Fake/test/fake_test_00143.jpg,fake_test_00143.jpg
Fake,test,/content/drive/MyDrive/AISC DeepFake Çalışmaları/FaceForensics_Projesi/fake_frames/test/FaceShifter_133_148/frame_000027.jpg,/content/drive/MyDrive/AISC DeepFake Çalışmaları/Deney 1 Frame/Fake/test/fake_test_00144.jpg,fake_test_00144.jpg
Fake,test,/content/drive/MyDrive/AISC DeepFake Çalışmaları/FaceForensics_Projesi/fake_frames/test/Face2Face_559_543/frame_000017.jpg,/content/drive/MyDrive/AISC DeepFake Çalışmaları/Deney 1 Frame/Fake/test/fake_test_00145.jpg,fake_test_00145.jpg
Fake,test,/content/drive/MyDrive/AISC DeepFake Çalışmaları/FaceForensics_Projesi/fake_frames/test/FaceSwap_945_044/frame_000004.jpg,/content/drive/MyDrive/AISC DeepFake Çalışmaları/Deney 1 Frame/Fake/test/fake_test_00146.jpg,fake_test_00146.jpg
Fake,test,/content/drive/MyDrive/AISC DeepFake Çalışmaları/FaceForensics_Projesi/fake_frames/test/FaceSwap_788_710/frame_000006.jpg,/content/drive/MyDrive/AISC DeepFake Çalışmaları/Deney 1 Frame/Fake/test/fake_test_00147.jpg,fake_test_00147.jpg
Fake,test,/content/drive/MyDrive/AISC DeepFake Çalışmaları/FaceForensics_Projesi/fake_frames/test/Deepfakes_180_105/frame_000005.jpg,/content/drive/MyDrive/AISC DeepFake Çalışmaları/Deney 1 Frame/Fake/test/fake_test_00148.jpg,fake_test_00148.jpg
Fake,test,/content/drive/MyDrive/AISC DeepFake Çalışmaları/FaceForensics_Projesi/fake_frames/test/Deepfakes_165_137/frame_000007.jpg,/content/drive/MyDrive/AISC DeepFake Çalışmaları/Deney 1 Frame/Fake/test/fake_test_00149.jpg,fake_test_00149.jpg
