sample_id,source_video,frame_index,face_index,label,split,status,skip_reason,input_path,input_relative_path,output_path,output_relative_path,input_sha256,output_sha256,run_id,processed_at,input_width,input_height,roi_width,roi_height,face_count,blur_score,eye_landmark_fraction,alignment_applied,alignment_angle_degrees,error_type,error_message
1cf9582614f34bbd02f0312544c9a4902defe397992a9d9eb892b38fc7020c27,,4,0.0,fake,test,skipped,insufficient_space_below_eyebrows,/content/drive/MyDrive/AISC DeepFake Çalışmaları/Deneyler/Deney 1 Frame/Fake/test/fake_test_00004.jpg,Fake/test/fake_test_00004.jpg,/content/drive/MyDrive/AISC DeepFake Çalışmaları/Deneyler/Nazlıcan/Deney 1/Kaş/fake/test/fake_test_00004.jpg,fake/test/fake_test_00004.jpg,50fe773d493eff99758705b27eaf2444a71d20511938b92430bfc7f05b1637ed,,20260806_142915_eyebrow_roi_seed42_b775dfb93f,2026-08-06T14:29:15.714670+00:00,640,480,,,1,,,,,,
8909254c65b230b5ca764b49b6112a7b1ff5eeacd90315af1896f8230f478382,,6,0.0,fake,test,skipped,insufficient_space_below_eyebrows,/content/drive/MyDrive/AISC DeepFake Çalışmaları/Deneyler/Deney 1 Frame/Fake/test/fake_test_00006.jpg,Fake/test/fake_test_00006.jpg,/content/drive/MyDrive/AISC DeepFake Çalışmaları/Deneyler/Nazlıcan/Deney 1/Kaş/fake/test/fake_test_00006.jpg,fake/test/fake_test_00006.jpg,c58ca9ec5dd95b5d0db1ba8e310f157e9d100c840d13f4cb1e98fd2e5c2aef9d,,20260806_142915_eyebrow_roi_seed42_b775dfb93f,2026-08-06T14:29:15.782101+00:00,640,480,,,1,,,,,,
a087dece0563c2ae7d001d55730e441e2dddf95945a319751adc06cea83a78f5,,8,0.0,fake,test,skipped,insufficient_space_below_eyebrows,/content/drive/MyDrive/AISC DeepFake Çalışmaları/Deneyler/Deney 1 Frame/Fake/test/fake_test_00008.jpg,Fake/test/fake_test_00008.jpg,/content/drive/MyDrive/AISC DeepFake Çalışmaları/Deneyler/Nazlıcan/Deney 1/Kaş/fake/test/fake_test_00008.jpg,fake/test/fake_test_00008.jpg,bdafb94a9fc29eafeeb6a480dc969aa77258c966e0c3d0745241070849a814b8,,20260806_142915_eyebrow_roi_seed42_b775dfb93f,2026-08-06T14:29:15.849833+00:00,854,480,,,1,,,,,,
ad04f61e4f11442146c5680bc62d2f4cec5a23becac799100521cbd01e678b50,,10,0.0,fake,test,skipped,insufficient_space_below_eyebrows,/content/drive/MyDrive/AISC DeepFake Çalışmaları/Deneyler/Deney 1 Frame/Fake/test/fake_test_00010.jpg,Fake/test/fake_test_00010.jpg,/content/drive/MyDrive/AISC DeepFake Çalışmaları/Deneyler/Nazlıcan/Deney 1/Kaş/fake/test/fake_test_00010.jpg,fake/test/fake_test_00010.jpg,64bbee451aea2e51c6f95c7c8c309997cbd39f881df93b787a5aceea97f3be89,,20260806_142915_eyebrow_roi_seed42_b775dfb93f,2026-08-06T14:29:15.932089+00:00,1920,1080,,,1,,,,,,
18e98a65464c58d68e4089add809a557d5d0b2fc3215846446a8dabfd82774e1,,12,0.0,fake,test,skipped,insufficient_space_below_eyebrows,/content/drive/MyDrive/AISC DeepFake Çalışmaları/Deneyler/Deney 1 Frame/Fake/test/fake_test_00012.jpg,Fake/test/fake_test_00012.jpg,/content/drive/MyDrive/AISC DeepFake Çalışmaları/Deneyler/Nazlıcan/Deney 1/Kaş/fake/test/fake_test_00012.jpg,fake/test/fake_test_00012.jpg,a52a460695c782617a5a4fc2e62954a997c982ead0d19db1d75af9e12da249bf,,20260806_142915_eyebrow_roi_seed42_b775dfb93f,2026-08-06T14:29:16.002069+00:00,832,480,,,1,,,,,,
096417db347dd563cd9d1df5648c8e5ee230e26e3342f1f86e188109be23182d,,18,0.0,fake,test,skipped,roi_height_too_small:13,/content/drive/MyDrive/AISC DeepFake Çalışmaları/Deneyler/Deney 1 Frame/Fake/test/fake_test_00018.jpg,Fake/test/fake_test_00018.jpg,/content/drive/MyDrive/AISC DeepFake Çalışmaları/Deneyler/Nazlıcan/Deney 1/Kaş/fake/test/fake_test_00018.jpg,fake/test/fake_test_00018.jpg,648e9b6b0b72f45bbfa49032f224c0f66a1d59d8c57e99e7fa8141f87706b550,,20260806_142915_eyebrow_roi_seed42_b775dfb93f,2026-08-06T14:29:16.309088+00:00,640,480,,,1,,,,,,
b99c50b7e0607be59d580ff0f417efe8caa5d8bceb2b2934a9bb0e82a14d96bf,,21,,fake,test,skipped,multiple_faces_detected:2,/content/drive/MyDrive/AISC DeepFake Çalışmaları/Deneyler/Deney 1 Frame/Fake/test/fake_test_00021.jpg,Fake/test/fake_test_00021.jpg,/content/drive/MyDrive/AISC DeepFake Çalışmaları/Deneyler/Nazlıcan/Deney 1/Kaş/fake/test/fake_test_00021.jpg,fake/test/fake_test_00021.jpg,aad39e28d55de1d25b9cd373b1519c6ba4cd100ba1d737536276fe2bce4845a3,,20260806_142915_eyebrow_roi_seed42_b775dfb93f,2026-08-06T14:29:16.433194+00:00,1920,1080,,,2,,,,,,
b07f4433a0581d2007ae518fb5c7ef83ef6d225bce0e146fa61111a2593e07da,,22,,fake,test,skipped,face_not_found,/content/drive/MyDrive/AISC DeepFake Çalışmaları/Deneyler/Deney 1 Frame/Fake/test/fake_test_00022.jpg,Fake/test/fake_test_00022.jpg,/content/drive/MyDrive/AISC DeepFake Çalışmaları/Deneyler/Nazlıcan/Deney 1/Kaş/fake/test/fake_test_00022.jpg,fake/test/fake_test_00022.jpg,2e2ef0dd744122a45b1f069eed72a6cad3535f087a7d1291242ff15f79afa255,,20260806_142915_eyebrow_roi_seed42_b775dfb93f,2026-08-06T14:29:16.476447+00:00,1920,1080,,,0,,,,,,
8db1fc6d4309e73ca00f217b9069c2378746adc19a261a6a13df4bf779714bd8,,23,0.0,fake,test,skipped,insufficient_space_below_eyebrows,/content/drive/MyDrive/AISC DeepFake Çalışmaları/Deneyler/Deney 1 Frame/Fake/test/fake_test_00023.jpg,Fake/test/fake_test_00023.jpg,/content/drive/MyDrive/AISC DeepFake Çalışmaları/Deneyler/Nazlıcan/Deney 1/Kaş/fake/test/fake_test_00023.jpg,fake/test/fake_test_00023.jpg,73aadff11e59da150217df698f5f5316e1285a3fc759f53e330c361864be7869,,20260806_142915_eyebrow_roi_seed42_b775dfb93f,2026-08-06T14:29:16.510852+00:00,640,480,,,1,,,,,,
7ca70b4f362f7361cac897c369856d104731a87f7658675c60d1e8ace6ce88e2,,28,,fake,test,skipped,face_not_found,/content/drive/MyDrive/AISC DeepFake Çalışmaları/Deneyler/Deney 1 Frame/Fake/test/fake_test_00028.jpg,Fake/test/fake_test_00028.jpg,/content/drive/MyDrive/AISC DeepFake Çalışmaları/Deneyler/Nazlıcan/Deney 1/Kaş/fake/test/fake_test_00028.jpg,fake/test/fake_test_00028.jpg,e0c8c4e373d8c6deac335ab1927a0f73f36bdbff402e435f67c56383ca75a236,,20260806_142915_eyebrow_roi_seed42_b775dfb93f,2026-08-06T14:29:16.813927+00:00,1920,1080,,,0,,,,,,
d821cef63eab18cd8933ab045349c5917c0b6ef2e3bc375feaf33aebc5724aba,,32,0.0,fake,test,skipped,insufficient_space_below_eyebrows,/content/drive/MyDrive/AISC DeepFake Çalışmaları/Deneyler/Deney 1 Frame/Fake/test/fake_test_00032.jpg,Fake/test/fake_test_00032.jpg,/content/drive/MyDrive/AISC DeepFake Çalışmaları/Deneyler/Nazlıcan/Deney 1/Kaş/fake/test/fake_test_00032.jpg,fake/test/fake_test_00032.jpg,d8fd26af4d7056800c0e3b99edba394dcce54289de9dac0f2e0f3ebeb017c182,,20260806_142915_eyebrow_roi_seed42_b775dfb93f,2026-08-06T14:29:17.006758+00:00,656,480,,,1,,,,,,
9c66d4a5ac2fa1b383acb17c602f6ca3f27a391eb45d6316f35c4f641ef6983c,,35,0.0,fake,test,skipped,insufficient_space_below_eyebrows,/content/drive/MyDrive/AISC DeepFake Çalışmaları/Deneyler/Deney 1 Frame/Fake/test/fake_test_00035.jpg,Fake/test/fake_test_00035.jpg,/content/drive/MyDrive/AISC DeepFake Çalışmaları/Deneyler/Nazlıcan/Deney 1/Kaş/fake/test/fake_test_00035.jpg,fake/test/fake_test_00035.jpg,dd80a0dff499d9b927564f3cdadeab3da9902b26c372f44dc36f373cad47f2d6,,20260806_142915_eyebrow_roi_seed42_b775dfb93f,2026-08-06T14:29:17.165083+00:00,800,480,,,1,,,,,,
615add88df798718f8e876249debf48235bc7358a89414830364a4cacb5f7c65,,36,0.0,fake,test,skipped,insufficient_space_below_eyebrows,/content/drive/MyDrive/AISC DeepFake Çalışmaları/Deneyler/Deney 1 Frame/Fake/test/fake_test_00036.jpg,Fake/test/fake_test_00036.jpg,/content/drive/MyDrive/AISC DeepFake Çalışmaları/Deneyler/Nazlıcan/Deney 1/Kaş/fake/test/fake_test_00036.jpg,fake/test/fake_test_00036.jpg,8fc4c713e36e4b80ac4e39591f550b4b42031bca80911ebecf1d80dd1237a96a,,20260806_142915_eyebrow_roi_seed42_b775dfb93f,2026-08-06T14:29:17.191397+00:00,1920,1080,,,1,,,,,,
dbd00189d935d68e61b2b2db4d308a6e2851262e6f5be3984e050f9a541e2d77,,37,0.0,fake,test,skipped,insufficient_space_below_eyebrows,/content/drive/MyDrive/AISC DeepFake Çalışmaları/Deneyler/Deney 1 Frame/Fake/test/fake_test_00037.jpg,Fake/test/fake_test_00037.jpg,/content/drive/MyDrive/AISC DeepFake Çalışmaları/Deneyler/Nazlıcan/Deney 1/Kaş/fake/test/fake_test_00037.jpg,fake/test/fake_test_00037.jpg,9ab2fb6c00b47e0eda607e10c41031c628e3dab0a198ef5199464df1f5b3dd9e,,20260806_142915_eyebrow_roi_seed42_b775dfb93f,2026-08-06T14:29:17.222498+00:00,600,480,,,1,,,,,,
6509787300add7587767462bc4e97bc1b606ceb5ecd663c726b026b1b3c2f38e,,39,0.0,fake,test,skipped,insufficient_space_below_eyebrows,/content/drive/MyDrive/AISC DeepFake Çalışmaları/Deneyler/Deney 1 Frame/Fake/test/fake_test_00039.jpg,Fake/test/fake_test_00039.jpg,/content/drive/MyDrive/AISC DeepFake Çalışmaları/Deneyler/Nazlıcan/Deney 1/Kaş/fake/test/fake_test_00039.jpg,fake/test/fake_test_00039.jpg,7ba4d8f5247333dbe06c258751e91bc26c50bbe05bf1556a3f53c6fd86309ea2,,20260806_142915_eyebrow_roi_seed42_b775dfb93f,2026-08-06T14:29:17.298462+00:00,1280,720,,,1,,,,,,
f9af778b541c030cf4e48baf0dab156652d46d87ba85444d019fb49dad4a829c,,42,0.0,fake,test,skipped,insufficient_space_below_eyebrows,/content/drive/MyDrive/AISC DeepFake Çalışmaları/Deneyler/Deney 1 Frame/Fake/test/fake_test_00042.jpg,Fake/test/fake_test_00042.jpg,/content/drive/MyDrive/AISC DeepFake Çalışmaları/Deneyler/Nazlıcan/Deney 1/Kaş/fake/test/fake_test_00042.jpg,fake/test/fake_test_00042.jpg,9cd3cca0d36c2808b4beefed4644673aae40cdb68229ba0627ed6df9bf1930bb,,20260806_142915_eyebrow_roi_seed42_b775dfb93f,2026-08-06T14:29:17.442255+00:00,1920,1080,,,1,,,,,,
dc7e2c3dd2fcb657ce99752764429a7f893850a0534816c151adb77932e52c24,,45,0.0,fake,test,skipped,insufficient_space_below_eyebrows,/content/drive/MyDrive/AISC DeepFake Çalışmaları/Deneyler/Deney 1 Frame/Fake/test/fake_test_00045.jpg,Fake/test/fake_test_00045.jpg,/content/drive/MyDrive/AISC DeepFake Çalışmaları/Deneyler/Nazlıcan/Deney 1/Kaş/fake/test/fake_test_00045.jpg,fake/test/fake_test_00045.jpg,1769af1d11198a0b789bb2de91ec7a99b63387c0728ed3ddfce68a09c5dc599d,,20260806_142915_eyebrow_roi_seed42_b775dfb93f,2026-08-06T14:29:17.596090+00:00,1280,720,,,1,,,,,,
7d4ce2b152f0a08bed7264a2b218631530530e41d7c8a6d9a953ed0dc0c9dc2f,,46,0.0,fake,test,skipped,insufficient_space_below_eyebrows,/content/drive/MyDrive/AISC DeepFake Çalışmaları/Deneyler/Deney 1 Frame/Fake/test/fake_test_00046.jpg,Fake/test/fake_test_00046.jpg,/content/drive/MyDrive/AISC DeepFake Çalışmaları/Deneyler/Nazlıcan/Deney 1/Kaş/fake/test/fake_test_00046.jpg,fake/test/fake_test_00046.jpg,17dc335c0069d8b34dafd621cb73903ca8ca7453ef2b8c28b5ee0220d2ade5c9,,20260806_142915_eyebrow_roi_seed42_b775dfb93f,2026-08-06T14:29:17.622864+00:00,1280,720,,,1,,,,,,
7fb06a744214aa0a387a27d7c7c7e6e610644105ee274e4c2d9e0fdcc2bfc426,,47,,fake,test,skipped,multiple_faces_detected:2,/content/drive/MyDrive/AISC DeepFake Çalışmaları/Deneyler/Deney 1 Frame/Fake/test/fake_test_00047.jpg,Fake/test/fake_test_00047.jpg,/content/drive/MyDrive/AISC DeepFake Çalışmaları/Deneyler/Nazlıcan/Deney 1/Kaş/fake/test/fake_test_00047.jpg,fake/test/fake_test_00047.jpg,3b077a5afe8b4fcc6a9b13e1aceb9721224bf7251b689f86d221414a3c13be5f,,20260806_142915_eyebrow_roi_seed42_b775dfb93f,2026-08-06T14:29:17.652992+00:00,1920,1080,,,2,,,,,,
0011b62e668322f87fcf98d7bbaeb260841fbca168eebc62a23e21def794f7e3,,52,,fake,test,skipped,face_not_found,/content/drive/MyDrive/AISC DeepFake Çalışmaları/Deneyler/Deney 1 Frame/Fake/test/fake_test_00052.jpg,Fake/test/fake_test_00052.jpg,/content/drive/MyDrive/AISC DeepFake Çalışmaları/Deneyler/Nazlıcan/Deney 1/Kaş/fake/test/fake_test_00052.jpg,fake/test/fake_test_00052.jpg,4f850c1e76f5df146032c5e0bcfcfb72ba6ba7c9d0243fd705caba082ca485bc,,20260806_142915_eyebrow_roi_seed42_b775dfb93f,2026-08-06T14:29:17.980763+00:00,1920,1080,,,0,,,,,,
a8f9f979f142f140d9f38b0efbfbeab68f0ba05171515a0b6a75f889b69fe8b4,,54,,fake,test,skipped,multiple_faces_detected:2,/content/drive/MyDrive/AISC DeepFake Çalışmaları/Deneyler/Deney 1 Frame/Fake/test/fake_test_00054.jpg,Fake/test/fake_test_00054.jpg,/content/drive/MyDrive/AISC DeepFake Çalışmaları/Deneyler/Nazlıcan/Deney 1/Kaş/fake/test/fake_test_00054.jpg,fake/test/fake_test_00054.jpg,4e280038b03370149068748ab3fee040a6d9e2c08812a8c75fd417f7a6bc775a,,20260806_142915_eyebrow_roi_seed42_b775dfb93f,2026-08-06T14:29:18.063308+00:00,1280,720,,,2,,,,,,
3fb1bdcbf9969e721399f60b367e938f7d8fb4845593cfbcd2f67b4f2a6296af,,55,0.0,fake,test,skipped,insufficient_space_below_eyebrows,/content/drive/MyDrive/AISC DeepFake Çalışmaları/Deneyler/Deney 1 Frame/Fake/test/fake_test_00055.jpg,Fake/test/fake_test_00055.jpg,/content/drive/MyDrive/AISC DeepFake Çalışmaları/Deneyler/Nazlıcan/Deney 1/Kaş/fake/test/fake_test_00055.jpg,fake/test/fake_test_00055.jpg,3b2e5d06179f65e75f6d023eeebfaa8a154f64566c156a6da47f55754f3977c5,,20260806_142915_eyebrow_roi_seed42_b775dfb93f,2026-08-06T14:29:18.104137+00:00,1920,1080,,,1,,,,,,
c08e3fae98bea7c0e28e30485ff6ed93e79273324e9981081441ca443c4af47f,,59,0.0,fake,test,skipped,insufficient_space_below_eyebrows,/content/drive/MyDrive/AISC DeepFake Çalışmaları/Deneyler/Deney 1 Frame/Fake/test/fake_test_00059.jpg,Fake/test/fake_test_00059.jpg,/content/drive/MyDrive/AISC DeepFake Çalışmaları/Deneyler/Nazlıcan/Deney 1/Kaş/fake/test/fake_test_00059.jpg,fake/test/fake_test_00059.jpg,46f08a1a9b28865b44fe46cd4115d9a136194732b6ffc8413b2e53a9c2302543,,20260806_142915_eyebrow_roi_seed42_b775dfb93f,2026-08-06T14:29:18.290184+00:00,1920,1080,,,1,,,,,,
3cb83da3036baf6e6281b54b974423e2bed436646cd0847f5de85ce8c8b9b749,,60,0.0,fake,test,skipped,too_much_eye_inside_roi:0.3125,/content/drive/MyDrive/AISC DeepFake Çalışmaları/Deneyler/Deney 1 Frame/Fake/test/fake_test_00060.jpg,Fake/test/fake_test_00060.jpg,/content/drive/MyDrive/AISC DeepFake Çalışmaları/Deneyler/Nazlıcan/Deney 1/Kaş/fake/test/fake_test_00060.jpg,fake/test/fake_test_00060.jpg,7d7c956858782ad6397c2035ff7f636f31bb6f3e50ce3e4c417ad0058a61c9f4,,20260806_142915_eyebrow_roi_seed42_b775dfb93f,2026-08-06T14:29:18.332030+00:00,1280,720,,,1,,,,,,
bd4e8e2db4d795bda9d4ae6471d43f25967fd450212426c2679c823aecf071d2,,62,0.0,fake,test,skipped,insufficient_space_below_eyebrows,/content/drive/MyDrive/AISC DeepFake Çalışmaları/Deneyler/Deney 1 Frame/Fake/test/fake_test_00062.jpg,Fake/test/fake_test_00062.jpg,/content/drive/MyDrive/AISC DeepFake Çalışmaları/Deneyler/Nazlıcan/Deney 1/Kaş/fake/test/fake_test_00062.jpg,fake/test/fake_test_00062.jpg,b587803dffd0132e07ecbfede0f9236232b8709d9bc826a11caf48a1f3fa8b89,,20260806_142915_eyebrow_roi_seed42_b775dfb93f,2026-08-06T14:29:18.440071+00:00,1280,720,,,1,,,,,,
5bec0980762ba2da755f42cdbb34229d1d15ee1adadb30c539bc832d63fba1ca,,63,0.0,fake,test,skipped,insufficient_space_below_eyebrows,/content/drive/MyDrive/AISC DeepFake Çalışmaları/Deneyler/Deney 1 Frame/Fake/test/fake_test_00063.jpg,Fake/test/fake_test_00063.jpg,/content/drive/MyDrive/AISC DeepFake Çalışmaları/Deneyler/Nazlıcan/Deney 1/Kaş/fake/test/fake_test_00063.jpg,fake/test/fake_test_00063.jpg,4be50cc797193289ee60cb594b0d040233814f404ac611bfdab868e806613683,,20260806_142915_eyebrow_roi_seed42_b775dfb93f,2026-08-06T14:29:18.471418+00:00,640,480,,,1,,,,,,
827eac9d0ae56015e8ead09e6a6859843c29bdaf39661dd506fceecbe02d4a5e,,65,0.0,fake,test,skipped,insufficient_space_below_eyebrows,/content/drive/MyDrive/AISC DeepFake Çalışmaları/Deneyler/Deney 1 Frame/Fake/test/fake_test_00065.jpg,Fake/test/fake_test_00065.jpg,/content/drive/MyDrive/AISC DeepFake Çalışmaları/Deneyler/Nazlıcan/Deney 1/Kaş/fake/test/fake_test_00065.jpg,fake/test/fake_test_00065.jpg,eeb2d5fa7464665c4e64c99087e944da52d970fcd25a20f3c03fce088dbb3912,,20260806_142915_eyebrow_roi_seed42_b775dfb93f,2026-08-06T14:29:18.551670+00:00,704,480,,,1,,,,,,
b3bdd2179177b9011ae9c02a2c0dc179adaed7525776df18dc7f5f8cf707535c,,66,0.0,fake,test,skipped,insufficient_space_below_eyebrows,/content/drive/MyDrive/AISC DeepFake Çalışmaları/Deneyler/Deney 1 Frame/Fake/test/fake_test_00066.jpg,Fake/test/fake_test_00066.jpg,/content/drive/MyDrive/AISC DeepFake Çalışmaları/Deneyler/Nazlıcan/Deney 1/Kaş/fake/test/fake_test_00066.jpg,fake/test/fake_test_00066.jpg,18398465eca36a522ec99a3d4bb7d550f7f5d532d723d66a7518850bd41ec168,,20260806_142915_eyebrow_roi_seed42_b775dfb93f,2026-08-06T14:29:18.580376+00:00,704,480,,,1,,,,,,
0a4f5a10e77f896232432ed9b8f8469b8c633a42fca5a050a8e8d72309c890f1,,67,0.0,fake,test,skipped,insufficient_space_below_eyebrows,/content/drive/MyDrive/AISC DeepFake Çalışmaları/Deneyler/Deney 1 Frame/Fake/test/fake_test_00067.jpg,Fake/test/fake_test_00067.jpg,/content/drive/MyDrive/AISC DeepFake Çalışmaları/Deneyler/Nazlıcan/Deney 1/Kaş/fake/test/fake_test_00067.jpg,fake/test/fake_test_00067.jpg,823558fc7c864efcef5104e13246f28b86ad6de0d19d5f8f81fd73f493b26fed,,20260806_142915_eyebrow_roi_seed42_b775dfb93f,2026-08-06T14:29:18.607231+00:00,1920,1080,,,1,,,,,,
ade02fe87acffa17c0a6eac7c7f783e16b31ccbd0251a7da9461dd597b380d96,,69,0.0,fake,test,skipped,insufficient_space_below_eyebrows,/content/drive/MyDrive/AISC DeepFake Çalışmaları/Deneyler/Deney 1 Frame/Fake/test/fake_test_00069.jpg,Fake/test/fake_test_00069.jpg,/content/drive/MyDrive/AISC DeepFake Çalışmaları/Deneyler/Nazlıcan/Deney 1/Kaş/fake/test/fake_test_00069.jpg,fake/test/fake_test_00069.jpg,106fb8ff647ff5f64a09765009132dee58ab1a29c97e331958247f7b374db4cf,,20260806_142915_eyebrow_roi_seed42_b775dfb93f,2026-08-06T14:29:18.695748+00:00,854,480,,,1,,,,,,
fa2e829884d06c2811babd7c40b30487884ab8b0d05d7537a179ae2f2cb5e7f3,,70,0.0,fake,test,skipped,insufficient_space_below_eyebrows,/content/drive/MyDrive/AISC DeepFake Çalışmaları/Deneyler/Deney 1 Frame/Fake/test/fake_test_00070.jpg,Fake/test/fake_test_00070.jpg,/content/drive/MyDrive/AISC DeepFake Çalışmaları/Deneyler/Nazlıcan/Deney 1/Kaş/fake/test/fake_test_00070.jpg,fake/test/fake_test_00070.jpg,d03dbe5aaf638ed727674b6e64ad73e29833714949212c17db9739cb0f6aab30,,20260806_142915_eyebrow_roi_seed42_b775dfb93f,2026-08-06T14:29:18.722280+00:00,1280,720,,,1,,,,,,
5f1eeaac6ed2ab074d7ad960248cedcb596d07bdb21d0fae5beb2ee4c9a70d53,,71,0.0,fake,test,skipped,insufficient_space_below_eyebrows,/content/drive/MyDrive/AISC DeepFake Çalışmaları/Deneyler/Deney 1 Frame/Fake/test/fake_test_00071.jpg,Fake/test/fake_test_00071.jpg,/content/drive/MyDrive/AISC DeepFake Çalışmaları/Deneyler/Nazlıcan/Deney 1/Kaş/fake/test/fake_test_00071.jpg,fake/test/fake_test_00071.jpg,3aa732436e9659eedc669030507944147876c47666616bf674e51c3eec91e882,,20260806_142915_eyebrow_roi_seed42_b775dfb93f,2026-08-06T14:29:18.754296+00:00,1920,1080,,,1,,,,,,
8e50a55a75d739bce5b179195480517274519971827a1b5a3fdb6801d7532ad3,,72,0.0,fake,test,skipped,insufficient_space_below_eyebrows,/content/drive/MyDrive/AISC DeepFake Çalışmaları/Deneyler/Deney 1 Frame/Fake/test/fake_test_00072.jpg,Fake/test/fake_test_00072.jpg,/content/drive/MyDrive/AISC DeepFake Çalışmaları/Deneyler/Nazlıcan/Deney 1/Kaş/fake/test/fake_test_00072.jpg,fake/test/fake_test_00072.jpg,fb7cb6991796de15acbea2eaa4891fc06e30f9769ca1a52686fc84376e7cb05d,,20260806_142915_eyebrow_roi_seed42_b775dfb93f,2026-08-06T14:29:18.799135+00:00,640,480,,,1,,,,,,
36187b1e2ba454b74155f93e4a31043fa9a015782045393da8504672d4f4e810,,74,0.0,fake,test,skipped,insufficient_space_below_eyebrows,/content/drive/MyDrive/AISC DeepFake Çalışmaları/Deneyler/Deney 1 Frame/Fake/test/fake_test_00074.jpg,Fake/test/fake_test_00074.jpg,/content/drive/MyDrive/AISC DeepFake Çalışmaları/Deneyler/Nazlıcan/Deney 1/Kaş/fake/test/fake_test_00074.jpg,fake/test/fake_test_00074.jpg,8d668aff3d5ebd3eccad80d35e36f50e744fcfda83867bde9511597a1760af79,,20260806_142915_eyebrow_roi_seed42_b775dfb93f,2026-08-06T14:29:18.893804+00:00,1920,1080,,,1,,,,,,
678cda575d8e46ade6828daad4a7f8ddbdb9d447ee5dd803d5f5bacebbe8dd99,,75,0.0,fake,test,skipped,insufficient_space_below_eyebrows,/content/drive/MyDrive/AISC DeepFake Çalışmaları/Deneyler/Deney 1 Frame/Fake/test/fake_test_00075.jpg,Fake/test/fake_test_00075.jpg,/content/drive/MyDrive/AISC DeepFake Çalışmaları/Deneyler/Nazlıcan/Deney 1/Kaş/fake/test/fake_test_00075.jpg,fake/test/fake_test_00075.jpg,1e96a9482169ca83c2ddfdc80d3a9579e5071dcb5734730ac1112b9149e3edce,,20260806_142915_eyebrow_roi_seed42_b775dfb93f,2026-08-06T14:29:19.012703+00:00,1920,1080,,,1,,,,,,
23c8cd9447af30427c12eb6de1b41ff23c1e6d0124f32180a99cf63a23aac259,,81,0.0,fake,test,skipped,insufficient_space_below_eyebrows,/content/drive/MyDrive/AISC DeepFake Çalışmaları/Deneyler/Deney 1 Frame/Fake/test/fake_test_00081.jpg,Fake/test/fake_test_00081.jpg,/content/drive/MyDrive/AISC DeepFake Çalışmaları/Deneyler/Nazlıcan/Deney 1/Kaş/fake/test/fake_test_00081.jpg,fake/test/fake_test_00081.jpg,93f16adfb46756fc033df1efec8d98e04580c1ba35730750e4663a71af465436,,20260806_142915_eyebrow_roi_seed42_b775dfb93f,2026-08-06T14:29:19.299435+00:00,656,480,,,1,,,,,,
12898f054d6c1585118aa8b0e49fb8cefcb3271e460b9af20501d16fbb6de7bb,,87,0.0,fake,test,skipped,insufficient_space_below_eyebrows,/content/drive/MyDrive/AISC DeepFake Çalışmaları/Deneyler/Deney 1 Frame/Fake/test/fake_test_00087.jpg,Fake/test/fake_test_00087.jpg,/content/drive/MyDrive/AISC DeepFake Çalışmaları/Deneyler/Nazlıcan/Deney 1/Kaş/fake/test/fake_test_00087.jpg,fake/test/fake_test_00087.jpg,db658d0c3820c2a85ef806af962f3d95d126e9d45a5cd2d076cc48f3f78b938d,,20260806_142915_eyebrow_roi_seed42_b775dfb93f,2026-08-06T14:29:19.640719+00:00,600,480,,,1,,,,,,
d4139dfcdf12e2424df6ddaffbab37ad4b084a556edc30b206ea0d826595fa8f,,92,0.0,fake,test,skipped,insufficient_space_below_eyebrows,/content/drive/MyDrive/AISC DeepFake Çalışmaları/Deneyler/Deney 1 Frame/Fake/test/fake_test_00092.jpg,Fake/test/fake_test_00092.jpg,/content/drive/MyDrive/AISC DeepFake Çalışmaları/Deneyler/Nazlıcan/Deney 1/Kaş/fake/test/fake_test_00092.jpg,fake/test/fake_test_00092.jpg,fe947be0ad09188e28101c05e1c821e1c7b572e8d6e0e01bb4eb402e86058eac,,20260806_142915_eyebrow_roi_seed42_b775dfb93f,2026-08-06T14:29:19.918568+00:00,640,480,,,1,,,,,,
5ebfd1f6f75e54739f4a7e542bb124cf6941a383dfb85bfec29f8ec2bac5a3fb,,96,0.0,fake,test,skipped,insufficient_space_below_eyebrows,/content/drive/MyDrive/AISC DeepFake Çalışmaları/Deneyler/Deney 1 Frame/Fake/test/fake_test_00096.jpg,Fake/test/fake_test_00096.jpg,/content/drive/MyDrive/AISC DeepFake Çalışmaları/Deneyler/Nazlıcan/Deney 1/Kaş/fake/test/fake_test_00096.jpg,fake/test/fake_test_00096.jpg,6c0baefc4ed71acec9385787c54d12fe3e62e5e6cd20e03262709a555db27649,,20260806_142915_eyebrow_roi_seed42_b775dfb93f,2026-08-06T14:29:20.087187+00:00,854,480,,,1,,,,,,
293c7186990dfb7a435a83e7707933c5de9e52bd46f75407e46bf021d917fe9c,,102,0.0,fake,test,skipped,insufficient_space_below_eyebrows,/content/drive/MyDrive/AISC DeepFake Çalışmaları/Deneyler/Deney 1 Frame/Fake/test/fake_test_00102.jpg,Fake/test/fake_test_00102.jpg,/content/drive/MyDrive/AISC DeepFake Çalışmaları/Deneyler/Nazlıcan/Deney 1/Kaş/fake/test/fake_test_00102.jpg,fake/test/fake_test_00102.jpg,ef5f90f62c8b85030369c71d6944047144cbd3c9698076f1b0ff9230950b90d9,,20260806_142915_eyebrow_roi_seed42_b775dfb93f,2026-08-06T14:29:20.477536+00:00,1920,1080,,,1,,,,,,
3f0b87b7534ad821b0b2d4fa9a2c28d9e5a051aebed1eb3b7b16115c1429e927,,105,0.0,fake,test,skipped,insufficient_space_below_eyebrows,/content/drive/MyDrive/AISC DeepFake Çalışmaları/Deneyler/Deney 1 Frame/Fake/test/fake_test_00105.jpg,Fake/test/fake_test_00105.jpg,/content/drive/MyDrive/AISC DeepFake Çalışmaları/Deneyler/Nazlıcan/Deney 1/Kaş/fake/test/fake_test_00105.jpg,fake/test/fake_test_00105.jpg,28d4adf014a2ab59b5707f2e355f72ebfd7a689327957eb9748263d8b54bdd98,,20260806_142915_eyebrow_roi_seed42_b775dfb93f,2026-08-06T14:29:20.669905+00:00,1280,720,,,1,,,,,,
bc805c0bf8e4538c36c5f8ba4b610808b7fe102b1d76b248a584b851a690d060,,106,0.0,fake,test,skipped,insufficient_space_below_eyebrows,/content/drive/MyDrive/AISC DeepFake Çalışmaları/Deneyler/Deney 1 Frame/Fake/test/fake_test_00106.jpg,Fake/test/fake_test_00106.jpg,/content/drive/MyDrive/AISC DeepFake Çalışmaları/Deneyler/Nazlıcan/Deney 1/Kaş/fake/test/fake_test_00106.jpg,fake/test/fake_test_00106.jpg,22b101239d39da10f9411124045118bb8c39cc8546add4daafa5f58d33215ddf,,20260806_142915_eyebrow_roi_seed42_b775dfb93f,2026-08-06T14:29:20.710054+00:00,640,480,,,1,,,,,,
ad5b6cf354cb5e21c0c5a52fc46a6bdbd1dfc5594a3c4f4024531f41324d8c42,,108,,fake,test,skipped,multiple_faces_detected:2,/content/drive/MyDrive/AISC DeepFake Çalışmaları/Deneyler/Deney 1 Frame/Fake/test/fake_test_00108.jpg,Fake/test/fake_test_00108.jpg,/content/drive/MyDrive/AISC DeepFake Çalışmaları/Deneyler/Nazlıcan/Deney 1/Kaş/fake/test/fake_test_00108.jpg,fake/test/fake_test_00108.jpg,4eebd51a2973c0fc36b14fb6f4744fb172cb979974893696c053444ebc042bd8,,20260806_142915_eyebrow_roi_seed42_b775dfb93f,2026-08-06T14:29:20.806441+00:00,1920,1080,,,2,,,,,,
779601331c7f4a4912c6538c39fc86d0ed28cc24bcf4c832de02cbac4e441583,,110,0.0,fake,test,skipped,insufficient_space_below_eyebrows,/content/drive/MyDrive/AISC DeepFake Çalışmaları/Deneyler/Deney 1 Frame/Fake/test/fake_test_00110.jpg,Fake/test/fake_test_00110.jpg,/content/drive/MyDrive/AISC DeepFake Çalışmaları/Deneyler/Nazlıcan/Deney 1/Kaş/fake/test/fake_test_00110.jpg,fake/test/fake_test_00110.jpg,7dbf9015dce8646d5c2508e311647b46be8dbdd8e6b07426c186126a9ff63a31,,20260806_142915_eyebrow_roi_seed42_b775dfb93f,2026-08-06T14:29:20.921959+00:00,640,480,,,1,,,,,,
7ddbd44e14e97b3289c34301447cd3d791307062f78df0699cbd3f95e6cb6c80,,111,,fake,test,skipped,face_not_found,/content/drive/MyDrive/AISC DeepFake Çalışmaları/Deneyler/Deney 1 Frame/Fake/test/fake_test_00111.jpg,Fake/test/fake_test_00111.jpg,/content/drive/MyDrive/AISC DeepFake Çalışmaları/Deneyler/Nazlıcan/Deney 1/Kaş/fake/test/fake_test_00111.jpg,fake/test/fake_test_00111.jpg,0315b697bdc4dea0cc06072725ad23d8629ea1160eeede92292a54f4933a9700,,20260806_142915_eyebrow_roi_seed42_b775dfb93f,2026-08-06T14:29:20.956439+00:00,1280,720,,,0,,,,,,
9317a124b8c1b1ac5442d8c47b53f38d6597c9765389fb431403464bf47fa346,,112,0.0,fake,test,skipped,insufficient_space_below_eyebrows,/content/drive/MyDrive/AISC DeepFake Çalışmaları/Deneyler/Deney 1 Frame/Fake/test/fake_test_00112.jpg,Fake/test/fake_test_00112.jpg,/content/drive/MyDrive/AISC DeepFake Çalışmaları/Deneyler/Nazlıcan/Deney 1/Kaş/fake/test/fake_test_00112.jpg,fake/test/fake_test_00112.jpg,65f2f9fdd5aa2d0f12b80c0fcd9ed40ab8df86b3ddf3c133ad8e6c96dcc83356,,20260806_142915_eyebrow_roi_seed42_b775dfb93f,2026-08-06T14:29:20.987492+00:00,600,480,,,1,,,,,,
512f3a1c2788135de23158af045646219a08005baefd8c729a6e471d11c51a64,,121,0.0,fake,test,skipped,insufficient_space_below_eyebrows,/content/drive/MyDrive/AISC DeepFake Çalışmaları/Deneyler/Deney 1 Frame/Fake/test/fake_test_00121.jpg,Fake/test/fake_test_00121.jpg,/content/drive/MyDrive/AISC DeepFake Çalışmaları/Deneyler/Nazlıcan/Deney 1/Kaş/fake/test/fake_test_00121.jpg,fake/test/fake_test_00121.jpg,03f989297fd12223cbec199cea5d94c3652a43e4cf436a9c6a7766824723efb0,,20260806_142915_eyebrow_roi_seed42_b775dfb93f,2026-08-06T14:29:21.500193+00:00,1920,1080,,,1,,,,,,
56820b29a0f0bc3f1878d9e4a44b88cd57dd408fc7fd49938e06f4dd161b2d3c,,122,,fake,test,skipped,multiple_faces_detected:2,/content/drive/MyDrive/AISC DeepFake Çalışmaları/Deneyler/Deney 1 Frame/Fake/test/fake_test_00122.jpg,Fake/test/fake_test_00122.jpg,/content/drive/MyDrive/AISC DeepFake Çalışmaları/Deneyler/Nazlıcan/Deney 1/Kaş/fake/test/fake_test_00122.jpg,fake/test/fake_test_00122.jpg,c0def9b90a9df94c8cde61100ab69ec8db1c30a99f8fdfbe53dba727092e1a2c,,20260806_142915_eyebrow_roi_seed42_b775dfb93f,2026-08-06T14:29:21.556503+00:00,1920,1080,,,2,,,,,,
1916363a84d928662c8d1f0484997bdff106e4cfd3d80f34dc3d6d206f660f5b,,123,0.0,fake,test,skipped,insufficient_space_below_eyebrows,/content/drive/MyDrive/AISC DeepFake Çalışmaları/Deneyler/Deney 1 Frame/Fake/test/fake_test_00123.jpg,Fake/test/fake_test_00123.jpg,/content/drive/MyDrive/AISC DeepFake Çalışmaları/Deneyler/Nazlıcan/Deney 1/Kaş/fake/test/fake_test_00123.jpg,fake/test/fake_test_00123.jpg,2e02127a15a360d9674ed4fb2d6640acacea41524589cba75dc9ca4c4ab692d9,,20260806_142915_eyebrow_roi_seed42_b775dfb93f,2026-08-06T14:29:21.615937+00:00,1280,720,,,1,,,,,,
f4144f107319bb6ba1a7689fbc19169009d94e9e9c8985a0439fb854b5f54dc5,,127,,fake,test,skipped,face_not_found,/content/drive/MyDrive/AISC DeepFake Çalışmaları/Deneyler/Deney 1 Frame/Fake/test/fake_test_00127.jpg,Fake/test/fake_test_00127.jpg,/content/drive/MyDrive/AISC DeepFake Çalışmaları/Deneyler/Nazlıcan/Deney 1/Kaş/fake/test/fake_test_00127.jpg,fake/test/fake_test_00127.jpg,b78f5bb25e3f2cf77474fbd2c4e736b1c9b8e3959b87bb2caad3bce2e7e31640,,20260806_142915_eyebrow_roi_seed42_b775dfb93f,2026-08-06T14:29:21.938271+00:00,1920,1080,,,0,,,,,,
488e1630b1e46430270e4357a3367ceb6160319c2d13595dce0669f4a6382e08,,128,,fake,test,skipped,multiple_faces_detected:2,/content/drive/MyDrive/AISC DeepFake Çalışmaları/Deneyler/Deney 1 Frame/Fake/test/fake_test_00128.jpg,Fake/test/fake_test_00128.jpg,/content/drive/MyDrive/AISC DeepFake Çalışmaları/Deneyler/Nazlıcan/Deney 1/Kaş/fake/test/fake_test_00128.jpg,fake/test/fake_test_00128.jpg,ec74cd67c1d4aed46a9da334c3faa6d7a1fc06e4f27ba4d5581e5cdc5c4145af,,20260806_142915_eyebrow_roi_seed42_b775dfb93f,2026-08-06T14:29:21.983098+00:00,1920,1080,,,2,,,,,,
d3e03317f60e238864300911a3359fc3e2c7945da170ce5910664d9362bc6214,,134,0.0,fake,test,skipped,insufficient_space_below_eyebrows,/content/drive/MyDrive/AISC DeepFake Çalışmaları/Deneyler/Deney 1 Frame/Fake/test/fake_test_00134.jpg,Fake/test/fake_test_00134.jpg,/content/drive/MyDrive/AISC DeepFake Çalışmaları/Deneyler/Nazlıcan/Deney 1/Kaş/fake/test/fake_test_00134.jpg,fake/test/fake_test_00134.jpg,e13d0c51cfcf6243d926f5821118ddb869b4c79d967ddfb8e5df8717090e7db8,,20260806_142915_eyebrow_roi_seed42_b775dfb93f,2026-08-06T14:29:22.345261+00:00,1280,720,,,1,,,,,,
c790b8b9a166abd334a23856accdd5aebb7420064bafeea2e84eba6835035b74,,135,,fake,test,skipped,face_not_found,/content/drive/MyDrive/AISC DeepFake Çalışmaları/Deneyler/Deney 1 Frame/Fake/test/fake_test_00135.jpg,Fake/test/fake_test_00135.jpg,/content/drive/MyDrive/AISC DeepFake Çalışmaları/Deneyler/Nazlıcan/Deney 1/Kaş/fake/test/fake_test_00135.jpg,fake/test/fake_test_00135.jpg,dceaebf9cf9999c423095d96d7a91d9667da2bdd15dd7fcb9e2c8f6e7977588b,,20260806_142915_eyebrow_roi_seed42_b775dfb93f,2026-08-06T14:29:22.375052+00:00,1280,720,,,0,,,,,,
bfc384d22319731e5a48268cdc6ae1c7aa1a64da9e490f5dade47dbd840b2233,,145,0.0,fake,test,skipped,insufficient_space_below_eyebrows,/content/drive/MyDrive/AISC DeepFake Çalışmaları/Deneyler/Deney 1 Frame/Fake/test/fake_test_00145.jpg,Fake/test/fake_test_00145.jpg,/content/drive/MyDrive/AISC DeepFake Çalışmaları/Deneyler/Nazlıcan/Deney 1/Kaş/fake/test/fake_test_00145.jpg,fake/test/fake_test_00145.jpg,12a7c4ced6562936935d48a5d32c9cf86f9c82c5b871b6e4bcac1e32fbc4a09b,,20260806_142915_eyebrow_roi_seed42_b775dfb93f,2026-08-06T14:29:22.887380+00:00,1280,720,,,1,,,,,,
22491e3fa873c651b25eed5040f07bd320e1daea0f1ce7262f1265b42545e67c,,147,0.0,fake,test,skipped,left_eye_center_inside_roi,/content/drive/MyDrive/AISC DeepFake Çalışmaları/Deneyler/Deney 1 Frame/Fake/test/fake_test_00147.jpg,Fake/test/fake_test_00147.jpg,/content/drive/MyDrive/AISC DeepFake Çalışmaları/Deneyler/Nazlıcan/Deney 1/Kaş/fake/test/fake_test_00147.jpg,fake/test/fake_test_00147.jpg,aec2860ddb4c2f9237355630c8c3701ec1577f388e49e2681e7fad5f3e2b2092,,20260806_142915_eyebrow_roi_seed42_b775dfb93f,2026-08-06T14:29:22.989364+00:00,656,480,,,1,,,,,,
3aba99d8971a9d8914a4644b01a1b823e824c733cd97220979c026f1ccbd58f7,,0,0.0,fake,train,skipped,insufficient_space_below_eyebrows,/content/drive/MyDrive/AISC DeepFake Çalışmaları/Deneyler/Deney 1 Frame/Fake/train/fake_train_00000.jpg,Fake/train/fake_train_00000.jpg,/content/drive/MyDrive/AISC DeepFake Çalışmaları/Deneyler/Nazlıcan/Deney 1/Kaş/fake/train/fake_train_00000.jpg,fake/train/fake_train_00000.jpg,e09d3f93fe0cb25ae405fa8fd664116f1f31428ae3a86e68b2b24d51bb6f1a27,,20260806_142915_eyebrow_roi_seed42_b775dfb93f,2026-08-06T14:29:23.370644+00:00,1280,720,,,1,,,,,,
b50441919d28f5cdb28ce7a6f3c338874405b459f55b18e420041a545d63ae84,,1,0.0,fake,train,skipped,insufficient_space_below_eyebrows,/content/drive/MyDrive/AISC DeepFake Çalışmaları/Deneyler/Deney 1 Frame/Fake/train/fake_train_00001.jpg,Fake/train/fake_train_00001.jpg,/content/drive/MyDrive/AISC DeepFake Çalışmaları/Deneyler/Nazlıcan/Deney 1/Kaş/fake/train/fake_train_00001.jpg,fake/train/fake_train_00001.jpg,f08a021a1f27c3b9742bfec3c4b54d11895dc8b85cb674f8160e7e3de1c91d7e,,20260806_142915_eyebrow_roi_seed42_b775dfb93f,2026-08-06T14:29:23.599644+00:00,654,480,,,1,,,,,,
228e157c6e6df77aa64042548e50931372a27908785bbe81cb0d4771d524e49d,,2,0.0,fake,train,skipped,insufficient_space_below_eyebrows,/content/drive/MyDrive/AISC DeepFake Çalışmaları/Deneyler/Deney 1 Frame/Fake/train/fake_train_00002.jpg,Fake/train/fake_train_00002.jpg,/content/drive/MyDrive/AISC DeepFake Çalışmaları/Deneyler/Nazlıcan/Deney 1/Kaş/fake/train/fake_train_00002.jpg,fake/train/fake_train_00002.jpg,67a33647662e85ec573abbc130d6abec3d185405cd4f3e0d403963146b0b010b,,20260806_142915_eyebrow_roi_seed42_b775dfb93f,2026-08-06T14:29:23.932524+00:00,854,480,,,1,,,,,,
8abb422d6b4c2cd01e3e03505ee9b4d4172a2bf85996abb2be2b86835bb0d614,,6,0.0,fake,train,skipped,insufficient_space_below_eyebrows,/content/drive/MyDrive/AISC DeepFake Çalışmaları/Deneyler/Deney 1 Frame/Fake/train/fake_train_00006.jpg,Fake/train/fake_train_00006.jpg,/content/drive/MyDrive/AISC DeepFake Çalışmaları/Deneyler/Nazlıcan/Deney 1/Kaş/fake/train/fake_train_00006.jpg,fake/train/fake_train_00006.jpg,478a072877733bc36336e5553188eccdce3a74da5101410523224c315c9d4484,,20260806_142915_eyebrow_roi_seed42_b775dfb93f,2026-08-06T14:29:25.346571+00:00,640,480,,,1,,,,,,
358a64b26b323254927220243f78cadf80d6f468c02802c22a7bc0fd1516e62c,,7,0.0,fake,train,skipped,insufficient_space_below_eyebrows,/content/drive/MyDrive/AISC DeepFake Çalışmaları/Deneyler/Deney 1 Frame/Fake/train/fake_train_00007.jpg,Fake/train/fake_train_00007.jpg,/content/drive/MyDrive/AISC DeepFake Çalışmaları/Deneyler/Nazlıcan/Deney 1/Kaş/fake/train/fake_train_00007.jpg,fake/train/fake_train_00007.jpg,2021ecc185e0065e987753204093f75121f39f98eb685007c3174a0dc1b67af1,,20260806_142915_eyebrow_roi_seed42_b775dfb93f,2026-08-06T14:29:25.633837+00:00,1280,720,,,1,,,,,,
ed02bf62c450b9a9eb29f8a59b6b14301e21db66df51c5b54d046a87a28df26a,,8,0.0,fake,train,skipped,insufficient_space_below_eyebrows,/content/drive/MyDrive/AISC DeepFake Çalışmaları/Deneyler/Deney 1 Frame/Fake/train/fake_train_00008.jpg,Fake/train/fake_train_00008.jpg,/content/drive/MyDrive/AISC DeepFake Çalışmaları/Deneyler/Nazlıcan/Deney 1/Kaş/fake/train/fake_train_00008.jpg,fake/train/fake_train_00008.jpg,07f534857dd423575ba6578913ee6e65ac79bc9913ee3c5a429d7c4ae8add14e,,20260806_142915_eyebrow_roi_seed42_b775dfb93f,2026-08-06T14:29:25.887363+00:00,1920,1080,,,1,,,,,,
2df57eadec24a698caab47666a11be63fb9c69486834bc727275bf0a31a2f742,,10,0.0,fake,train,skipped,insufficient_space_below_eyebrows,/content/drive/MyDrive/AISC DeepFake Çalışmaları/Deneyler/Deney 1 Frame/Fake/train/fake_train_00010.jpg,Fake/train/fake_train_00010.jpg,/content/drive/MyDrive/AISC DeepFake Çalışmaları/Deneyler/Nazlıcan/Deney 1/Kaş/fake/train/fake_train_00010.jpg,fake/train/fake_train_00010.jpg,a0881e7e634ac786a34aafbe5331b401f7de21be0caf6b9f15acfcc550d3ba24,,20260806_142915_eyebrow_roi_seed42_b775dfb93f,2026-08-06T14:29:26.426597+00:00,640,480,,,1,,,,,,
8ae3023da02ab29c599820b5f7cd058250faa24a8e88a9d0f2414d9f3baa071e,,15,0.0,fake,train,skipped,insufficient_space_below_eyebrows,/content/drive/MyDrive/AISC DeepFake Çalışmaları/Deneyler/Deney 1 Frame/Fake/train/fake_train_00015.jpg,Fake/train/fake_train_00015.jpg,/content/drive/MyDrive/AISC DeepFake Çalışmaları/Deneyler/Nazlıcan/Deney 1/Kaş/fake/train/fake_train_00015.jpg,fake/train/fake_train_00015.jpg,c8d13cb2d7c6f1e075d1ad3ce3119f4f4a05efb63230aee5623547348a8f6a0e,,20260806_142915_eyebrow_roi_seed42_b775dfb93f,2026-08-06T14:29:27.806285+00:00,1920,1080,,,1,,,,,,
50e0081f8bdb67f10a76764e8695491405a6668cfe4b2484693dcf0a5d59ae3c,,17,0.0,fake,train,skipped,insufficient_space_below_eyebrows,/content/drive/MyDrive/AISC DeepFake Çalışmaları/Deneyler/Deney 1 Frame/Fake/train/fake_train_00017.jpg,Fake/train/fake_train_00017.jpg,/content/drive/MyDrive/AISC DeepFake Çalışmaları/Deneyler/Nazlıcan/Deney 1/Kaş/fake/train/fake_train_00017.jpg,fake/train/fake_train_00017.jpg,f17828cb8cdd459256c1681503c4cd272827fd4fab776f6b9b8ad30db3d61f53,,20260806_142915_eyebrow_roi_seed42_b775dfb93f,2026-08-06T14:29:28.559069+00:00,640,480,,,1,,,,,,
d535e52bda5fab3ec84a82052d30c717e7280d837e66849beeef3f6363bea5af,,19,0.0,fake,train,skipped,insufficient_space_below_eyebrows,/content/drive/MyDrive/AISC DeepFake Çalışmaları/Deneyler/Deney 1 Frame/Fake/train/fake_train_00019.jpg,Fake/train/fake_train_00019.jpg,/content/drive/MyDrive/AISC DeepFake Çalışmaları/Deneyler/Nazlıcan/Deney 1/Kaş/fake/train/fake_train_00019.jpg,fake/train/fake_train_00019.jpg,cfe283053cccd3b4a4629c2948b99a38568217d4de244f69b1a207460dad3061,,20260806_142915_eyebrow_roi_seed42_b775dfb93f,2026-08-06T14:29:29.013974+00:00,1280,720,,,1,,,,,,
cfd6e1635af8aec9a5442a882e3f435848d725857d95ae34da7add0b9927a281,,20,0.0,fake,train,skipped,insufficient_space_below_eyebrows,/content/drive/MyDrive/AISC DeepFake Çalışmaları/Deneyler/Deney 1 Frame/Fake/train/fake_train_00020.jpg,Fake/train/fake_train_00020.jpg,/content/drive/MyDrive/AISC DeepFake Çalışmaları/Deneyler/Nazlıcan/Deney 1/Kaş/fake/train/fake_train_00020.jpg,fake/train/fake_train_00020.jpg,e24e4bde65338a21181afa3e68c8126d38e91b19f17543bf37f4c3e75e17c14c,,20260806_142915_eyebrow_roi_seed42_b775dfb93f,2026-08-06T14:29:29.306985+00:00,642,480,,,1,,,,,,
6b5da2582afead485b515874b5f7b71b39c80488cfc4d5abd9df87fcbbaae109,,22,0.0,fake,train,skipped,insufficient_space_below_eyebrows,/content/drive/MyDrive/AISC DeepFake Çalışmaları/Deneyler/Deney 1 Frame/Fake/train/fake_train_00022.jpg,Fake/train/fake_train_00022.jpg,/content/drive/MyDrive/AISC DeepFake Çalışmaları/Deneyler/Nazlıcan/Deney 1/Kaş/fake/train/fake_train_00022.jpg,fake/train/fake_train_00022.jpg,de835c283013f2a712033897f289720233346fb4e566fa68f8d3aa98b7639d4a,,20260806_142915_eyebrow_roi_seed42_b775dfb93f,2026-08-06T14:29:29.970013+00:00,1280,720,,,1,,,,,,
903fbed4f624a4dbf2152a9552e54861177c61a8c3c36d3985fb8be9198ea520,,28,,fake,train,skipped,multiple_faces_detected:2,/content/drive/MyDrive/AISC DeepFake Çalışmaları/Deneyler/Deney 1 Frame/Fake/train/fake_train_00028.jpg,Fake/train/fake_train_00028.jpg,/content/drive/MyDrive/AISC DeepFake Çalışmaları/Deneyler/Nazlıcan/Deney 1/Kaş/fake/train/fake_train_00028.jpg,fake/train/fake_train_00028.jpg,6f1c95bed363fa17ddb8981f0039494afa9ec8f31cfb83f356d9b0e0b0c64b38,,20260806_142915_eyebrow_roi_seed42_b775dfb93f,2026-08-06T14:29:31.722777+00:00,1920,1080,,,2,,,,,,
bb754e97afb073ae62d6d59d3a8533df314223f77f226a7899011cafa5e30392,,29,0.0,fake,train,skipped,insufficient_space_below_eyebrows,/content/drive/MyDrive/AISC DeepFake Çalışmaları/Deneyler/Deney 1 Frame/Fake/train/fake_train_00029.jpg,Fake/train/fake_train_00029.jpg,/content/drive/MyDrive/AISC DeepFake Çalışmaları/Deneyler/Nazlıcan/Deney 1/Kaş/fake/train/fake_train_00029.jpg,fake/train/fake_train_00029.jpg,fb0d61fc36cff30d86da26c263de6730a32ca814b4e523f64a2c6f899751924e,,20260806_142915_eyebrow_roi_seed42_b775dfb93f,2026-08-06T14:29:31.989502+00:00,1920,1080,,,1,,,,,,
fcedd31f399fcfd5a1ea10c1e2581c9b445d4d41554761b339d5a94db60e0878,,30,0.0,fake,train,skipped,insufficient_space_below_eyebrows,/content/drive/MyDrive/AISC DeepFake Çalışmaları/Deneyler/Deney 1 Frame/Fake/train/fake_train_00030.jpg,Fake/train/fake_train_00030.jpg,/content/drive/MyDrive/AISC DeepFake Çalışmaları/Deneyler/Nazlıcan/Deney 1/Kaş/fake/train/fake_train_00030.jpg,fake/train/fake_train_00030.jpg,909176c39db5b1d46c2a802258d51642a1816a0c1c9b8cfefbbc949518451aaa,,20260806_142915_eyebrow_roi_seed42_b775dfb93f,2026-08-06T14:29:32.187636+00:00,1280,720,,,1,,,,,,
2acb759f3e22711e670be7c481db188355505b30816791355b40614beb3b9357,,31,0.0,fake,train,skipped,insufficient_space_below_eyebrows,/content/drive/MyDrive/AISC DeepFake Çalışmaları/Deneyler/Deney 1 Frame/Fake/train/fake_train_00031.jpg,Fake/train/fake_train_00031.jpg,/content/drive/MyDrive/AISC DeepFake Çalışmaları/Deneyler/Nazlıcan/Deney 1/Kaş/fake/train/fake_train_00031.jpg,fake/train/fake_train_00031.jpg,57f635ec71293d07f4e65f7bd02f38a36293ce8128b9fa3e568f0aabc8a3fb15,,20260806_142915_eyebrow_roi_seed42_b775dfb93f,2026-08-06T14:29:32.437224+00:00,1280,720,,,1,,,,,,
f5a9d826354f87bf0da8d15912288e404ef10041cc29dc00f4aa9e03c1c3fc18,,33,,fake,train,skipped,multiple_faces_detected:2,/content/drive/MyDrive/AISC DeepFake Çalışmaları/Deneyler/Deney 1 Frame/Fake/train/fake_train_00033.jpg,Fake/train/fake_train_00033.jpg,/content/drive/MyDrive/AISC DeepFake Çalışmaları/Deneyler/Nazlıcan/Deney 1/Kaş/fake/train/fake_train_00033.jpg,fake/train/fake_train_00033.jpg,d62f958eb61e23f6bbaa3e3998ee1ccf15e9ce76602971ce8fb006433e7b2373,,20260806_142915_eyebrow_roi_seed42_b775dfb93f,2026-08-06T14:29:32.925322+00:00,1920,1080,,,2,,,,,,
16f6a1182096ba2b9299289589f48d8d0c470354dc1ee05ed4f34705679c59eb,,36,,fake,train,skipped,face_not_found,/content/drive/MyDrive/AISC DeepFake Çalışmaları/Deneyler/Deney 1 Frame/Fake/train/fake_train_00036.jpg,Fake/train/fake_train_00036.jpg,/content/drive/MyDrive/AISC DeepFake Çalışmaları/Deneyler/Nazlıcan/Deney 1/Kaş/fake/train/fake_train_00036.jpg,fake/train/fake_train_00036.jpg,48a6ca1dfa9040fe3b15fd6c951446ec36270908d8032740a181b51832459209,,20260806_142915_eyebrow_roi_seed42_b775dfb93f,2026-08-06T14:29:33.802232+00:00,1920,1080,,,0,,,,,,
e030d7ddfc59f7d444d3574eaebf791e6b9b3b6452e97324a2fcffdb77cc5874,,39,0.0,fake,train,skipped,insufficient_space_below_eyebrows,/content/drive/MyDrive/AISC DeepFake Çalışmaları/Deneyler/Deney 1 Frame/Fake/train/fake_train_00039.jpg,Fake/train/fake_train_00039.jpg,/content/drive/MyDrive/AISC DeepFake Çalışmaları/Deneyler/Nazlıcan/Deney 1/Kaş/fake/train/fake_train_00039.jpg,fake/train/fake_train_00039.jpg,9c1c2290beb75cb60f287aa09e381ae8f463caa84f9073d5f8d79b16449fa61a,,20260806_142915_eyebrow_roi_seed42_b775dfb93f,2026-08-06T14:29:34.609469+00:00,854,480,,,1,,,,,,
d1b8a52b0786b0e60af52a963f2eb68c9cc21928dd7077e37368c8f7a2f94a91,,44,0.0,fake,train,skipped,insufficient_space_below_eyebrows,/content/drive/MyDrive/AISC DeepFake Çalışmaları/Deneyler/Deney 1 Frame/Fake/train/fake_train_00044.jpg,Fake/train/fake_train_00044.jpg,/content/drive/MyDrive/AISC DeepFake Çalışmaları/Deneyler/Nazlıcan/Deney 1/Kaş/fake/train/fake_train_00044.jpg,fake/train/fake_train_00044.jpg,dbdcb987b8db1c1eb0623da2a9f36960d87c42d4c1de5e47b9f554b265b02571,,20260806_142915_eyebrow_roi_seed42_b775dfb93f,2026-08-06T14:29:35.948581+00:00,1920,1080,,,1,,,,,,
eca46658baf15b4231fb5993928ddd3100d368b4cc91997bafcba2601fdd5067,,46,0.0,fake,train,skipped,insufficient_space_below_eyebrows,/content/drive/MyDrive/AISC DeepFake Çalışmaları/Deneyler/Deney 1 Frame/Fake/train/fake_train_00046.jpg,Fake/train/fake_train_00046.jpg,/content/drive/MyDrive/AISC DeepFake Çalışmaları/Deneyler/Nazlıcan/Deney 1/Kaş/fake/train/fake_train_00046.jpg,fake/train/fake_train_00046.jpg,9fb5bb7004491e6c05483cdeda653d99e1665fc770be7e3c0121c1a2e0bbf9f7,,20260806_142915_eyebrow_roi_seed42_b775dfb93f,2026-08-06T14:29:36.427861+00:00,1280,720,,,1,,,,,,
037bfe7376e2c553c9850f4360292a167867d3ac15d1f3d858d3e03a29795c8e,,47,0.0,fake,train,skipped,insufficient_space_below_eyebrows,/content/drive/MyDrive/AISC DeepFake Çalışmaları/Deneyler/Deney 1 Frame/Fake/train/fake_train_00047.jpg,Fake/train/fake_train_00047.jpg,/content/drive/MyDrive/AISC DeepFake Çalışmaları/Deneyler/Nazlıcan/Deney 1/Kaş/fake/train/fake_train_00047.jpg,fake/train/fake_train_00047.jpg,696ad0f868f9f1ea362568eb0ac0470474ece7a09d2846d906148caf22afb350,,20260806_142915_eyebrow_roi_seed42_b775dfb93f,2026-08-06T14:29:36.654292+00:00,640,480,,,1,,,,,,
5383f7585976fc725a2db84fe9b531cf23b76fa575b2c63c2656cbd2f9c586af,,48,0.0,fake,train,skipped,insufficient_space_below_eyebrows,/content/drive/MyDrive/AISC DeepFake Çalışmaları/Deneyler/Deney 1 Frame/Fake/train/fake_train_00048.jpg,Fake/train/fake_train_00048.jpg,/content/drive/MyDrive/AISC DeepFake Çalışmaları/Deneyler/Nazlıcan/Deney 1/Kaş/fake/train/fake_train_00048.jpg,fake/train/fake_train_00048.jpg,11325e64dbb66b1b2cf6683dbdae5ecc434181e1e1f9fa894cf6aafa71666452,,20260806_142915_eyebrow_roi_seed42_b775dfb93f,2026-08-06T14:29:36.934483+00:00,1280,720,,,1,,,,,,
12e8ae9b8f6ca43ecfb3f4e370fdf7cada7202251da682a81f1190ded6549191,,53,0.0,fake,train,skipped,insufficient_space_below_eyebrows,/content/drive/MyDrive/AISC DeepFake Çalışmaları/Deneyler/Deney 1 Frame/Fake/train/fake_train_00053.jpg,Fake/train/fake_train_00053.jpg,/content/drive/MyDrive/AISC DeepFake Çalışmaları/Deneyler/Nazlıcan/Deney 1/Kaş/fake/train/fake_train_00053.jpg,fake/train/fake_train_00053.jpg,9afaedd95b2c6538efd4948e3fb725d19b2fa414623974b8aa9f76852b917166,,20260806_142915_eyebrow_roi_seed42_b775dfb93f,2026-08-06T14:29:38.516056+00:00,1280,720,,,1,,,,,,
acf0cc03e633019c4bb1392254818592aeae8b25e169321883caae529796c179,,58,0.0,fake,train,skipped,insufficient_space_below_eyebrows,/content/drive/MyDrive/AISC DeepFake Çalışmaları/Deneyler/Deney 1 Frame/Fake/train/fake_train_00058.jpg,Fake/train/fake_train_00058.jpg,/content/drive/MyDrive/AISC DeepFake Çalışmaları/Deneyler/Nazlıcan/Deney 1/Kaş/fake/train/fake_train_00058.jpg,fake/train/fake_train_00058.jpg,35635cf4abc9f79cf16d21a603a2a14582f89e0ea7831ac00e1fc0342057909a,,20260806_142915_eyebrow_roi_seed42_b775dfb93f,2026-08-06T14:29:39.787972+00:00,600,480,,,1,,,,,,
22a411a9972ce0f70dc52bcceba453b0503570bbac80f77b1d9aaf2c6a7a17f9,,62,0.0,fake,train,skipped,insufficient_space_below_eyebrows,/content/drive/MyDrive/AISC DeepFake Çalışmaları/Deneyler/Deney 1 Frame/Fake/train/fake_train_00062.jpg,Fake/train/fake_train_00062.jpg,/content/drive/MyDrive/AISC DeepFake Çalışmaları/Deneyler/Nazlıcan/Deney 1/Kaş/fake/train/fake_train_00062.jpg,fake/train/fake_train_00062.jpg,0ad134bd21ba03a82fd696553c0c365dcfcdc6aee04ae72d8e96281cdc865e2d,,20260806_142915_eyebrow_roi_seed42_b775dfb93f,2026-08-06T14:29:41.060022+00:00,1280,720,,,1,,,,,,
05c9896e4bd3f04cf8a9134086ed7c770a0716b7ab4a2945bb56892e6a2f6d83,,65,0.0,fake,train,skipped,insufficient_space_below_eyebrows,/content/drive/MyDrive/AISC DeepFake Çalışmaları/Deneyler/Deney 1 Frame/Fake/train/fake_train_00065.jpg,Fake/train/fake_train_00065.jpg,/content/drive/MyDrive/AISC DeepFake Çalışmaları/Deneyler/Nazlıcan/Deney 1/Kaş/fake/train/fake_train_00065.jpg,fake/train/fake_train_00065.jpg,59bb59161f62637e2fcd484405710094ad40d3be8c005d561d09bb666de553dd,,20260806_142915_eyebrow_roi_seed42_b775dfb93f,2026-08-06T14:29:41.834717+00:00,1920,1080,,,1,,,,,,
7e0071fb59d099d6720463c5a66c6236c26e958c551d8a738b1f0e9708e473b1,,70,,fake,train,skipped,face_not_found,/content/drive/MyDrive/AISC DeepFake Çalışmaları/Deneyler/Deney 1 Frame/Fake/train/fake_train_00070.jpg,Fake/train/fake_train_00070.jpg,/content/drive/MyDrive/AISC DeepFake Çalışmaları/Deneyler/Nazlıcan/Deney 1/Kaş/fake/train/fake_train_00070.jpg,fake/train/fake_train_00070.jpg,9fecee8078937f0045584208bb68ee2ea01deb2f8072e68c272407c6ef08f47f,,20260806_142915_eyebrow_roi_seed42_b775dfb93f,2026-08-06T14:29:43.090119+00:00,1920,1080,,,0,,,,,,
86e93287d046ec9c533cb6916b8a5ae6ea8902aa844ec4048b475904db53b558,,72,,fake,train,skipped,multiple_faces_detected:2,/content/drive/MyDrive/AISC DeepFake Çalışmaları/Deneyler/Deney 1 Frame/Fake/train/fake_train_00072.jpg,Fake/train/fake_train_00072.jpg,/content/drive/MyDrive/AISC DeepFake Çalışmaları/Deneyler/Nazlıcan/Deney 1/Kaş/fake/train/fake_train_00072.jpg,fake/train/fake_train_00072.jpg,70a45cbf8c9576357d626c15e3de310a69291f9a1aea9690e3bdfd4599af52c8,,20260806_142915_eyebrow_roi_seed42_b775dfb93f,2026-08-06T14:29:43.670688+00:00,1920,1080,,,2,,,,,,
e5371854c5b92797dc6cb0f3e32c57a7890b71148529a98f779c48c70d907822,,80,0.0,fake,train,skipped,insufficient_space_below_eyebrows,/content/drive/MyDrive/AISC DeepFake Çalışmaları/Deneyler/Deney 1 Frame/Fake/train/fake_train_00080.jpg,Fake/train/fake_train_00080.jpg,/content/drive/MyDrive/AISC DeepFake Çalışmaları/Deneyler/Nazlıcan/Deney 1/Kaş/fake/train/fake_train_00080.jpg,fake/train/fake_train_00080.jpg,91424309e0cdb7c851b600d0ead29e89d90ca052db20bf52ffbc536e4bc6c9a4,,20260806_142915_eyebrow_roi_seed42_b775dfb93f,2026-08-06T14:29:46.229065+00:00,1920,1080,,,1,,,,,,
769047e30bcf6c054de64b53478ce0bc76ea2b25f1cce1ed69f9b57a4bff59b2,,81,,fake,train,skipped,face_not_found,/content/drive/MyDrive/AISC DeepFake Çalışmaları/Deneyler/Deney 1 Frame/Fake/train/fake_train_00081.jpg,Fake/train/fake_train_00081.jpg,/content/drive/MyDrive/AISC DeepFake Çalışmaları/Deneyler/Nazlıcan/Deney 1/Kaş/fake/train/fake_train_00081.jpg,fake/train/fake_train_00081.jpg,e5b49714396b8685364580d2c32a14099a7ba30c003b4783df5b4544c76be2bb,,20260806_142915_eyebrow_roi_seed42_b775dfb93f,2026-08-06T14:29:46.505317+00:00,1280,720,,,0,,,,,,
2d153fda0a4e16fc44541add3a278ae9bb4b9dfc78bdec553134fb0ac5daa2da,,84,0.0,fake,train,skipped,insufficient_space_below_eyebrows,/content/drive/MyDrive/AISC DeepFake Çalışmaları/Deneyler/Deney 1 Frame/Fake/train/fake_train_00084.jpg,Fake/train/fake_train_00084.jpg,/content/drive/MyDrive/AISC DeepFake Çalışmaları/Deneyler/Nazlıcan/Deney 1/Kaş/fake/train/fake_train_00084.jpg,fake/train/fake_train_00084.jpg,5cad76281c9c222a702d8f9cfb6082255fe38d5e11d22ee46a2311b4bbcdfbc1,,20260806_142915_eyebrow_roi_seed42_b775dfb93f,2026-08-06T14:29:47.414968+00:00,640,480,,,1,,,,,,
0cb2e849465b9277477eff26a0d7e9d3b9e87bbfa8aa44319f031e4c589253d3,,85,0.0,fake,train,skipped,insufficient_space_below_eyebrows,/content/drive/MyDrive/AISC DeepFake Çalışmaları/Deneyler/Deney 1 Frame/Fake/train/fake_train_00085.jpg,Fake/train/fake_train_00085.jpg,/content/drive/MyDrive/AISC DeepFake Çalışmaları/Deneyler/Nazlıcan/Deney 1/Kaş/fake/train/fake_train_00085.jpg,fake/train/fake_train_00085.jpg,aed5118dad8035bd8e5c44f67b6292df2507cb861c61f95a274444d08a1d81aa,,20260806_142915_eyebrow_roi_seed42_b775dfb93f,2026-08-06T14:29:47.886855+00:00,640,480,,,1,,,,,,
693e01cd544c45ef3130f9a75e08b6b924379b3d5e04dec1766da5933595a569,,86,0.0,fake,train,skipped,insufficient_space_below_eyebrows,/content/drive/MyDrive/AISC DeepFake Çalışmaları/Deneyler/Deney 1 Frame/Fake/train/fake_train_00086.jpg,Fake/train/fake_train_00086.jpg,/content/drive/MyDrive/AISC DeepFake Çalışmaları/Deneyler/Nazlıcan/Deney 1/Kaş/fake/train/fake_train_00086.jpg,fake/train/fake_train_00086.jpg,3d5141bf1617735da707ada0d759e83d8646e088a2c2cb171b88b11d560771eb,,20260806_142915_eyebrow_roi_seed42_b775dfb93f,2026-08-06T14:29:48.823051+00:00,640,480,,,1,,,,,,
9bfe48e40815b73d87afcc513184f9f3106d485092dc8accf0101fd7899235e3,,87,0.0,fake,train,skipped,insufficient_space_below_eyebrows,/content/drive/MyDrive/AISC DeepFake Çalışmaları/Deneyler/Deney 1 Frame/Fake/train/fake_train_00087.jpg,Fake/train/fake_train_00087.jpg,/content/drive/MyDrive/AISC DeepFake Çalışmaları/Deneyler/Nazlıcan/Deney 1/Kaş/fake/train/fake_train_00087.jpg,fake/train/fake_train_00087.jpg,35e84bab10b891802a86b31bdacd71438d900b569f02401b9a6e009d86617346,,20260806_142915_eyebrow_roi_seed42_b775dfb93f,2026-08-06T14:29:49.069835+00:00,640,480,,,1,,,,,,
e256ff4c8a55774ae00051435dbee42956dc8905be72c2786c36bfd99610bb65,,89,0.0,fake,train,skipped,insufficient_space_below_eyebrows,/content/drive/MyDrive/AISC DeepFake Çalışmaları/Deneyler/Deney 1 Frame/Fake/train/fake_train_00089.jpg,Fake/train/fake_train_00089.jpg,/content/drive/MyDrive/AISC DeepFake Çalışmaları/Deneyler/Nazlıcan/Deney 1/Kaş/fake/train/fake_train_00089.jpg,fake/train/fake_train_00089.jpg,45f68c38eade50fe822bfa50cf25d880086b3455e169cec36a48191a49e46bab,,20260806_142915_eyebrow_roi_seed42_b775dfb93f,2026-08-06T14:29:49.545586+00:00,640,480,,,1,,,,,,
a280a439661fba6c17b22d0949175b9ceab709085f779f800480615e0e8d3347,,95,,fake,train,skipped,face_not_found,/content/drive/MyDrive/AISC DeepFake Çalışmaları/Deneyler/Deney 1 Frame/Fake/train/fake_train_00095.jpg,Fake/train/fake_train_00095.jpg,/content/drive/MyDrive/AISC DeepFake Çalışmaları/Deneyler/Nazlıcan/Deney 1/Kaş/fake/train/fake_train_00095.jpg,fake/train/fake_train_00095.jpg,9d6270c852359ad0089f90bc0bdfbc0ccc70abba126f62ecffad8759d484b8ea,,20260806_142915_eyebrow_roi_seed42_b775dfb93f,2026-08-06T14:29:51.556844+00:00,1920,1080,,,0,,,,,,
dcdcdd3a586422c294a52253fff069da52da590c9aed97babfde9b88579f6cc6,,96,0.0,fake,train,skipped,insufficient_space_below_eyebrows,/content/drive/MyDrive/AISC DeepFake Çalışmaları/Deneyler/Deney 1 Frame/Fake/train/fake_train_00096.jpg,Fake/train/fake_train_00096.jpg,/content/drive/MyDrive/AISC DeepFake Çalışmaları/Deneyler/Nazlıcan/Deney 1/Kaş/fake/train/fake_train_00096.jpg,fake/train/fake_train_00096.jpg,2f93bf82cf2fccd671f441486402b90447aaa580ac263acab80938b6438c2e71,,20260806_142915_eyebrow_roi_seed42_b775dfb93f,2026-08-06T14:29:51.783494+00:00,1920,1080,,,1,,,,,,
5b7373aabb4e7851b7328e30f72275d8a3b1c169ebb19d85675d1efbd0c626c0,,97,0.0,fake,train,skipped,insufficient_space_below_eyebrows,/content/drive/MyDrive/AISC DeepFake Çalışmaları/Deneyler/Deney 1 Frame/Fake/train/fake_train_00097.jpg,Fake/train/fake_train_00097.jpg,/content/drive/MyDrive/AISC DeepFake Çalışmaları/Deneyler/Nazlıcan/Deney 1/Kaş/fake/train/fake_train_00097.jpg,fake/train/fake_train_00097.jpg,c1496d62c31ff9f150ca84e7cf09f7c5bff4b6c357a61cd8905c3b73afbe4346,,20260806_142915_eyebrow_roi_seed42_b775dfb93f,2026-08-06T14:29:52.017017+00:00,600,480,,,1,,,,,,
3a25137c34eab78c4ee330d7e17decee839ea2367e8a9c347456a1279ca92da4,,99,0.0,fake,train,skipped,insufficient_space_below_eyebrows,/content/drive/MyDrive/AISC DeepFake Çalışmaları/Deneyler/Deney 1 Frame/Fake/train/fake_train_00099.jpg,Fake/train/fake_train_00099.jpg,/content/drive/MyDrive/AISC DeepFake Çalışmaları/Deneyler/Nazlıcan/Deney 1/Kaş/fake/train/fake_train_00099.jpg,fake/train/fake_train_00099.jpg,4a4c2b3d6b6f308eb01237800a0efc51d7b3f719133a973d2444de2d0c547acc,,20260806_142915_eyebrow_roi_seed42_b775dfb93f,2026-08-06T14:29:52.541724+00:00,1280,720,,,1,,,,,,
24f1ff65cbbf8d4462e29809b58cd9004c31a5e9bc3964cd273cabf02f1e4255,,106,0.0,fake,train,skipped,insufficient_space_below_eyebrows,/content/drive/MyDrive/AISC DeepFake Çalışmaları/Deneyler/Deney 1 Frame/Fake/train/fake_train_00106.jpg,Fake/train/fake_train_00106.jpg,/content/drive/MyDrive/AISC DeepFake Çalışmaları/Deneyler/Nazlıcan/Deney 1/Kaş/fake/train/fake_train_00106.jpg,fake/train/fake_train_00106.jpg,445fc6918b7cf1584ddd2495f49eb6be7386d0228a9f26db97fffda93902df17,,20260806_142915_eyebrow_roi_seed42_b775dfb93f,2026-08-06T14:29:56.605842+00:00,640,480,,,1,,,,,,
fe792a51657d7c8f0ebb891042fd48e29b986cccb259833f0b6afda31dc2cb16,,107,0.0,fake,train,skipped,insufficient_space_below_eyebrows,/content/drive/MyDrive/AISC DeepFake Çalışmaları/Deneyler/Deney 1 Frame/Fake/train/fake_train_00107.jpg,Fake/train/fake_train_00107.jpg,/content/drive/MyDrive/AISC DeepFake Çalışmaları/Deneyler/Nazlıcan/Deney 1/Kaş/fake/train/fake_train_00107.jpg,fake/train/fake_train_00107.jpg,045e582d9da0c99deaae6507b89ac60bbb3b6e1c7b489b63595983248220913f,,20260806_142915_eyebrow_roi_seed42_b775dfb93f,2026-08-06T14:29:56.861024+00:00,640,480,,,1,,,,,,
f3be0c7610e4bc9dffa3ce1f4d472a9d9282dcfd5dca900d9f61c5b418bf2bcb,,109,0.0,fake,train,skipped,insufficient_space_below_eyebrows,/content/drive/MyDrive/AISC DeepFake Çalışmaları/Deneyler/Deney 1 Frame/Fake/train/fake_train_00109.jpg,Fake/train/fake_train_00109.jpg,/content/drive/MyDrive/AISC DeepFake Çalışmaları/Deneyler/Nazlıcan/Deney 1/Kaş/fake/train/fake_train_00109.jpg,fake/train/fake_train_00109.jpg,ac6d3ac03cc3708faadc78fdb5f491957f5a7823abffec8e1aa1a3443630158e,,20260806_142915_eyebrow_roi_seed42_b775dfb93f,2026-08-06T14:29:57.479553+00:00,640,480,,,1,,,,,,
014bc2a1220803bdeb078d4276b91aeb023c3d0592cf6e152a434485688b3d30,,110,0.0,fake,train,skipped,insufficient_space_below_eyebrows,/content/drive/MyDrive/AISC DeepFake Çalışmaları/Deneyler/Deney 1 Frame/Fake/train/fake_train_00110.jpg,Fake/train/fake_train_00110.jpg,/content/drive/MyDrive/AISC DeepFake Çalışmaları/Deneyler/Nazlıcan/Deney 1/Kaş/fake/train/fake_train_00110.jpg,fake/train/fake_train_00110.jpg,7d247cbd9385ad5f570896cc89a3107f9ba9a33ff3fb19a49c58f997179cfe34,,20260806_142915_eyebrow_roi_seed42_b775dfb93f,2026-08-06T14:29:57.754343+00:00,640,480,,,1,,,,,,
864342aa7381aa4af8d5ff9fd9a89c77f16becec5d3604bace50e2cebc704d26,,116,0.0,fake,train,skipped,insufficient_space_below_eyebrows,/content/drive/MyDrive/AISC DeepFake Çalışmaları/Deneyler/Deney 1 Frame/Fake/train/fake_train_00116.jpg,Fake/train/fake_train_00116.jpg,/content/drive/MyDrive/AISC DeepFake Çalışmaları/Deneyler/Nazlıcan/Deney 1/Kaş/fake/train/fake_train_00116.jpg,fake/train/fake_train_00116.jpg,fb18f2383e8b53f30431063ff20af79c8ebad436bb35376757c55896e252f297,,20260806_142915_eyebrow_roi_seed42_b775dfb93f,2026-08-06T14:29:59.413954+00:00,1920,1080,,,1,,,,,,
60bb2380ab51ae8adf616da619416b8ba9e4c63d4634acd64079deae63a35884,,119,0.0,fake,train,skipped,insufficient_space_below_eyebrows,/content/drive/MyDrive/AISC DeepFake Çalışmaları/Deneyler/Deney 1 Frame/Fake/train/fake_train_00119.jpg,Fake/train/fake_train_00119.jpg,/content/drive/MyDrive/AISC DeepFake Çalışmaları/Deneyler/Nazlıcan/Deney 1/Kaş/fake/train/fake_train_00119.jpg,fake/train/fake_train_00119.jpg,8e31a098e4586de55b19b49df72418df46677a7b862e2382b15a327b209bfaef,,20260806_142915_eyebrow_roi_seed42_b775dfb93f,2026-08-06T14:30:00.102474+00:00,1920,1080,,,1,,,,,,
4956cb64e3825c64d6dbeb955693133be9fae068836a693ea6816e780f38158a,,121,0.0,fake,train,skipped,insufficient_space_below_eyebrows,/content/drive/MyDrive/AISC DeepFake Çalışmaları/Deneyler/Deney 1 Frame/Fake/train/fake_train_00121.jpg,Fake/train/fake_train_00121.jpg,/content/drive/MyDrive/AISC DeepFake Çalışmaları/Deneyler/Nazlıcan/Deney 1/Kaş/fake/train/fake_train_00121.jpg,fake/train/fake_train_00121.jpg,6229a90d0745c2da3c835f7c40b26b3fdbf7a46a40a568c188ab7fff4b410544,,20260806_142915_eyebrow_roi_seed42_b775dfb93f,2026-08-06T14:30:00.717078+00:00,1280,720,,,1,,,,,,
c8b78825b54ebc58ca22abf32c2febc764cfa69495ee60b29f39edbc7df8c7ad,,123,0.0,fake,train,skipped,insufficient_space_below_eyebrows,/content/drive/MyDrive/AISC DeepFake Çalışmaları/Deneyler/Deney 1 Frame/Fake/train/fake_train_00123.jpg,Fake/train/fake_train_00123.jpg,/content/drive/MyDrive/AISC DeepFake Çalışmaları/Deneyler/Nazlıcan/Deney 1/Kaş/fake/train/fake_train_00123.jpg,fake/train/fake_train_00123.jpg,68db2a846271e04d464791260a879c0c899246fe26992bbcd743cdf3e8bc9a3a,,20260806_142915_eyebrow_roi_seed42_b775dfb93f,2026-08-06T14:30:01.303609+00:00,640,480,,,1,,,,,,
5aee008cb353a562ecff4b5bf0dd43c6f6ba9f5bc669c533d1b775854d02bc5b,,129,0.0,fake,train,skipped,insufficient_space_below_eyebrows,/content/drive/MyDrive/AISC DeepFake Çalışmaları/Deneyler/Deney 1 Frame/Fake/train/fake_train_00129.jpg,Fake/train/fake_train_00129.jpg,/content/drive/MyDrive/AISC DeepFake Çalışmaları/Deneyler/Nazlıcan/Deney 1/Kaş/fake/train/fake_train_00129.jpg,fake/train/fake_train_00129.jpg,3d6f955a46c471172d0f2f1ab743a980653c8b0fca66517e6e207b60e4e5d5b6,,20260806_142915_eyebrow_roi_seed42_b775dfb93f,2026-08-06T14:30:03.012431+00:00,640,480,,,1,,,,,,
3476f3df66b992d10e0eb55d1366b4aa7b54e12c8da7ffea4b835fa9f1d9a874,,130,0.0,fake,train,skipped,insufficient_space_below_eyebrows,/content/drive/MyDrive/AISC DeepFake Çalışmaları/Deneyler/Deney 1 Frame/Fake/train/fake_train_00130.jpg,Fake/train/fake_train_00130.jpg,/content/drive/MyDrive/AISC DeepFake Çalışmaları/Deneyler/Nazlıcan/Deney 1/Kaş/fake/train/fake_train_00130.jpg,fake/train/fake_train_00130.jpg,d3d3845aaf5cd6f8c5ef518768ac35a501e9babcf10effb64ccd24a85431e743,,20260806_142915_eyebrow_roi_seed42_b775dfb93f,2026-08-06T14:30:03.240961+00:00,1920,1080,,,1,,,,,,
762459fac5ea74f5d11e8cdffb4f88d9ac98f5faddd6a3090425fa8f1fac8e19,,132,0.0,fake,train,skipped,insufficient_space_below_eyebrows,/content/drive/MyDrive/AISC DeepFake Çalışmaları/Deneyler/Deney 1 Frame/Fake/train/fake_train_00132.jpg,Fake/train/fake_train_00132.jpg,/content/drive/MyDrive/AISC DeepFake Çalışmaları/Deneyler/Nazlıcan/Deney 1/Kaş/fake/train/fake_train_00132.jpg,fake/train/fake_train_00132.jpg,63d338364ffbeb8456185d90026ca9f28b253ede4423b1165e2d1c02c2e40727,,20260806_142915_eyebrow_roi_seed42_b775dfb93f,2026-08-06T14:30:03.688242+00:00,656,480,,,1,,,,,,
be3b6439475d4b0ebbd183308dfcbc73b94f423ed4843f65abfa0f44aa556ef5,,137,0.0,fake,train,skipped,insufficient_space_below_eyebrows,/content/drive/MyDrive/AISC DeepFake Çalışmaları/Deneyler/Deney 1 Frame/Fake/train/fake_train_00137.jpg,Fake/train/fake_train_00137.jpg,/content/drive/MyDrive/AISC DeepFake Çalışmaları/Deneyler/Nazlıcan/Deney 1/Kaş/fake/train/fake_train_00137.jpg,fake/train/fake_train_00137.jpg,8f6de2e6e6d626c496056cb33f80cb6af1699193205ec80465699a2ca7fb213b,,20260806_142915_eyebrow_roi_seed42_b775dfb93f,2026-08-06T14:30:05.346252+00:00,1920,1080,,,1,,,,,,
61b2cf8d3a3572df43e916041a8b87c6576e80221f5b1d5edf7509440b820fa9,,141,0.0,fake,train,skipped,insufficient_space_below_eyebrows,/content/drive/MyDrive/AISC DeepFake Çalışmaları/Deneyler/Deney 1 Frame/Fake/train/fake_train_00141.jpg,Fake/train/fake_train_00141.jpg,/content/drive/MyDrive/AISC DeepFake Çalışmaları/Deneyler/Nazlıcan/Deney 1/Kaş/fake/train/fake_train_00141.jpg,fake/train/fake_train_00141.jpg,db6ffc9ca0925653d721f6d725af34d6692e41eef0025b77b63a284c6bdb5a3e,,20260806_142915_eyebrow_roi_seed42_b775dfb93f,2026-08-06T14:30:07.059611+00:00,1280,720,,,1,,,,,,
859fc2c12efe77f1fd85b302a8f0fbed5fa967b3f6241373703e944c5eb078df,,145,0.0,fake,train,skipped,insufficient_space_below_eyebrows,/content/drive/MyDrive/AISC DeepFake Çalışmaları/Deneyler/Deney 1 Frame/Fake/train/fake_train_00145.jpg,Fake/train/fake_train_00145.jpg,/content/drive/MyDrive/AISC DeepFake Çalışmaları/Deneyler/Nazlıcan/Deney 1/Kaş/fake/train/fake_train_00145.jpg,fake/train/fake_train_00145.jpg,cfaaafaa4b696072e9b7ba0e2578df559bf4edba362a3071ee5fca1e7399c996,,20260806_142915_eyebrow_roi_seed42_b775dfb93f,2026-08-06T14:30:08.125126+00:00,1920,1080,,,1,,,,,,
cd9701d348023ab6105747f6c1b2e5aa77f191672864946e268efd5367ed1e61,,146,,fake,train,skipped,multiple_faces_detected:2,/content/drive/MyDrive/AISC DeepFake Çalışmaları/Deneyler/Deney 1 Frame/Fake/train/fake_train_00146.jpg,Fake/train/fake_train_00146.jpg,/content/drive/MyDrive/AISC DeepFake Çalışmaları/Deneyler/Nazlıcan/Deney 1/Kaş/fake/train/fake_train_00146.jpg,fake/train/fake_train_00146.jpg,eca7e65758ce5b7affff0c64f6526207325e42a1f94e90b282def97b42590ae8,,20260806_142915_eyebrow_roi_seed42_b775dfb93f,2026-08-06T14:30:08.514577+00:00,640,480,,,2,,,,,,
b47a537522163e44f7ed23f7952cc98f48fa903dda86ee75ac49c46f0701ed66,,149,0.0,fake,train,skipped,insufficient_space_below_eyebrows,/content/drive/MyDrive/AISC DeepFake Çalışmaları/Deneyler/Deney 1 Frame/Fake/train/fake_train_00149.jpg,Fake/train/fake_train_00149.jpg,/content/drive/MyDrive/AISC DeepFake Çalışmaları/Deneyler/Nazlıcan/Deney 1/Kaş/fake/train/fake_train_00149.jpg,fake/train/fake_train_00149.jpg,1829dc6a85b0163d0f450fb7a6cec357c97649c7f4abb03b84a8b3ce232348a2,,20260806_142915_eyebrow_roi_seed42_b775dfb93f,2026-08-06T14:30:09.472967+00:00,1280,720,,,1,,,,,,
069425df9405e316aa510958882eb8c6a37b20061cffe8831339e72a8288cb9d,,152,0.0,fake,train,skipped,insufficient_space_below_eyebrows,/content/drive/MyDrive/AISC DeepFake Çalışmaları/Deneyler/Deney 1 Frame/Fake/train/fake_train_00152.jpg,Fake/train/fake_train_00152.jpg,/content/drive/MyDrive/AISC DeepFake Çalışmaları/Deneyler/Nazlıcan/Deney 1/Kaş/fake/train/fake_train_00152.jpg,fake/train/fake_train_00152.jpg,cdecc8a41c2653671462c172b5c113d539c281e0587f19e37c7cd0bb7c95e783,,20260806_142915_eyebrow_roi_seed42_b775dfb93f,2026-08-06T14:30:10.448351+00:00,1280,720,,,1,,,,,,
7ca2151bde2cfff9c4cece2b959630ed5cece16f1707837d11f9697592ae6437,,153,0.0,fake,train,skipped,insufficient_space_below_eyebrows,/content/drive/MyDrive/AISC DeepFake Çalışmaları/Deneyler/Deney 1 Frame/Fake/train/fake_train_00153.jpg,Fake/train/fake_train_00153.jpg,/content/drive/MyDrive/AISC DeepFake Çalışmaları/Deneyler/Nazlıcan/Deney 1/Kaş/fake/train/fake_train_00153.jpg,fake/train/fake_train_00153.jpg,679ef3e0de8c296703e3f9eabced5e2ed5f82331343fef69be61de62cd19ba18,,20260806_142915_eyebrow_roi_seed42_b775dfb93f,2026-08-06T14:30:10.755125+00:00,1920,1080,,,1,,,,,,
639a25c3fc7da372a7eed42f1a890e16120484b6eb2ece239966899015c34d4c,,156,,fake,train,skipped,multiple_faces_detected:2,/content/drive/MyDrive/AISC DeepFake Çalışmaları/Deneyler/Deney 1 Frame/Fake/train/fake_train_00156.jpg,Fake/train/fake_train_00156.jpg,/content/drive/MyDrive/AISC DeepFake Çalışmaları/Deneyler/Nazlıcan/Deney 1/Kaş/fake/train/fake_train_00156.jpg,fake/train/fake_train_00156.jpg,bfd21bfba4e498650797f95b2fb4303ff0c793d47c2081361b6ee445138fe65b,,20260806_142915_eyebrow_roi_seed42_b775dfb93f,2026-08-06T14:30:11.611331+00:00,1920,1080,,,2,,,,,,
4c5c1c0511f721cda6d4461d43744404a833cee2da634bc9d7136f9585b61dff,,157,0.0,fake,train,skipped,insufficient_space_below_eyebrows,/content/drive/MyDrive/AISC DeepFake Çalışmaları/Deneyler/Deney 1 Frame/Fake/train/fake_train_00157.jpg,Fake/train/fake_train_00157.jpg,/content/drive/MyDrive/AISC DeepFake Çalışmaları/Deneyler/Nazlıcan/Deney 1/Kaş/fake/train/fake_train_00157.jpg,fake/train/fake_train_00157.jpg,138429377de6df94f8357bcf9bb3f5bbe70f0c93a93b9a456f5d03d5ffb17c0a,,20260806_142915_eyebrow_roi_seed42_b775dfb93f,2026-08-06T14:30:11.864968+00:00,1920,1080,,,1,,,,,,
b7c1b0bbf927e740e4341ddac64461cba8d1692ff0f133d42aa348f3170d0959,,158,0.0,fake,train,skipped,insufficient_space_below_eyebrows,/content/drive/MyDrive/AISC DeepFake Çalışmaları/Deneyler/Deney 1 Frame/Fake/train/fake_train_00158.jpg,Fake/train/fake_train_00158.jpg,/content/drive/MyDrive/AISC DeepFake Çalışmaları/Deneyler/Nazlıcan/Deney 1/Kaş/fake/train/fake_train_00158.jpg,fake/train/fake_train_00158.jpg,2f5ef87eb37191e3041ab066f26eb8ccf43e7e39c01f13cd78596d9076c16d19,,20260806_142915_eyebrow_roi_seed42_b775dfb93f,2026-08-06T14:30:12.140358+00:00,1920,1080,,,1,,,,,,
114449f3320d9776aca05751b409d971f17e26354021258b2616226dba3bd1a6,,159,0.0,fake,train,skipped,insufficient_space_below_eyebrows,/content/drive/MyDrive/AISC DeepFake Çalışmaları/Deneyler/Deney 1 Frame/Fake/train/fake_train_00159.jpg,Fake/train/fake_train_00159.jpg,/content/drive/MyDrive/AISC DeepFake Çalışmaları/Deneyler/Nazlıcan/Deney 1/Kaş/fake/train/fake_train_00159.jpg,fake/train/fake_train_00159.jpg,d72cd7df0b47afd783163d4f55263480a20ed30555e1a8c70222419a2784b54d,,20260806_142915_eyebrow_roi_seed42_b775dfb93f,2026-08-06T14:30:12.348017+00:00,1280,720,,,1,,,,,,
b11891e2bd9b82f02b13b820b4f7d694373926c191fa5502d7ece7e7b50c0429,,161,0.0,fake,train,skipped,insufficient_space_below_eyebrows,/content/drive/MyDrive/AISC DeepFake Çalışmaları/Deneyler/Deney 1 Frame/Fake/train/fake_train_00161.jpg,Fake/train/fake_train_00161.jpg,/content/drive/MyDrive/AISC DeepFake Çalışmaları/Deneyler/Nazlıcan/Deney 1/Kaş/fake/train/fake_train_00161.jpg,fake/train/fake_train_00161.jpg,bb5cf39b9917a82888264f2fdee45d089e858f2cd8158410c661711d8c855a95,,20260806_142915_eyebrow_roi_seed42_b775dfb93f,2026-08-06T14:30:12.846193+00:00,640,480,,,1,,,,,,
01165bf5666d06254611a5c643f7b4b62fa75cdedcddd91daccf4a39df4100d6,,166,0.0,fake,train,skipped,insufficient_space_below_eyebrows,/content/drive/MyDrive/AISC DeepFake Çalışmaları/Deneyler/Deney 1 Frame/Fake/train/fake_train_00166.jpg,Fake/train/fake_train_00166.jpg,/content/drive/MyDrive/AISC DeepFake Çalışmaları/Deneyler/Nazlıcan/Deney 1/Kaş/fake/train/fake_train_00166.jpg,fake/train/fake_train_00166.jpg,079dde79f302be3de1b7f863e10657bce7cf33945837dede78c94f53db1e893a,,20260806_142915_eyebrow_roi_seed42_b775dfb93f,2026-08-06T14:30:16.070987+00:00,1920,1080,,,1,,,,,,
b813f9daeddb8d5f4c2c21fb1727499422324af0d87d9fe28351d5d354133a72,,167,0.0,fake,train,skipped,insufficient_space_below_eyebrows,/content/drive/MyDrive/AISC DeepFake Çalışmaları/Deneyler/Deney 1 Frame/Fake/train/fake_train_00167.jpg,Fake/train/fake_train_00167.jpg,/content/drive/MyDrive/AISC DeepFake Çalışmaları/Deneyler/Nazlıcan/Deney 1/Kaş/fake/train/fake_train_00167.jpg,fake/train/fake_train_00167.jpg,dca42f80b659492b1b36b2e031d71462c23f9a6c0528ad94ffd2c75d46e937cb,,20260806_142915_eyebrow_roi_seed42_b775dfb93f,2026-08-06T14:30:16.315195+00:00,1920,1080,,,1,,,,,,
e1ef20ef0e882f88b4f3a95115341cb88dbf20b4ab1c44bafeebaeac5070ea4c,,168,0.0,fake,train,skipped,insufficient_space_below_eyebrows,/content/drive/MyDrive/AISC DeepFake Çalışmaları/Deneyler/Deney 1 Frame/Fake/train/fake_train_00168.jpg,Fake/train/fake_train_00168.jpg,/content/drive/MyDrive/AISC DeepFake Çalışmaları/Deneyler/Nazlıcan/Deney 1/Kaş/fake/train/fake_train_00168.jpg,fake/train/fake_train_00168.jpg,257fc8659ebfc28321ad3879fbfec26159804520d26c53594b90a40d9f7798b5,,20260806_142915_eyebrow_roi_seed42_b775dfb93f,2026-08-06T14:30:16.557026+00:00,1280,720,,,1,,,,,,
2078b5ff12727643d6939ab4a327e6108461a47295013233aecbb6130878e321,,171,0.0,fake,train,skipped,insufficient_space_below_eyebrows,/content/drive/MyDrive/AISC DeepFake Çalışmaları/Deneyler/Deney 1 Frame/Fake/train/fake_train_00171.jpg,Fake/train/fake_train_00171.jpg,/content/drive/MyDrive/AISC DeepFake Çalışmaları/Deneyler/Nazlıcan/Deney 1/Kaş/fake/train/fake_train_00171.jpg,fake/train/fake_train_00171.jpg,235c40f0671fa8c8d68b25c7a805719716f1a97131ede2b6516aa25474bf1866,,20260806_142915_eyebrow_roi_seed42_b775dfb93f,2026-08-06T14:30:17.720190+00:00,1920,1080,,,1,,,,,,
506f99b98defbac25be027b936ce1148c5d03c55efa68b1754d3168c1e25c609,,175,0.0,fake,train,skipped,insufficient_space_below_eyebrows,/content/drive/MyDrive/AISC DeepFake Çalışmaları/Deneyler/Deney 1 Frame/Fake/train/fake_train_00175.jpg,Fake/train/fake_train_00175.jpg,/content/drive/MyDrive/AISC DeepFake Çalışmaları/Deneyler/Nazlıcan/Deney 1/Kaş/fake/train/fake_train_00175.jpg,fake/train/fake_train_00175.jpg,9384c07e0f0e79e1a978997b4e1cc8a16715fa1736ad98c02ce0c4736c8dde21,,20260806_142915_eyebrow_roi_seed42_b775dfb93f,2026-08-06T14:30:18.716874+00:00,1280,720,,,1,,,,,,
85e8aa753f01f26ef4c4e4703f4bb59b2870e092ccb77642b5d292aca6a629f1,,178,0.0,fake,train,skipped,insufficient_space_below_eyebrows,/content/drive/MyDrive/AISC DeepFake Çalışmaları/Deneyler/Deney 1 Frame/Fake/train/fake_train_00178.jpg,Fake/train/fake_train_00178.jpg,/content/drive/MyDrive/AISC DeepFake Çalışmaları/Deneyler/Nazlıcan/Deney 1/Kaş/fake/train/fake_train_00178.jpg,fake/train/fake_train_00178.jpg,c4c68a766fafd761980123f4df3afb7f7a369099a4426232dd11ff4257f63adf,,20260806_142915_eyebrow_roi_seed42_b775dfb93f,2026-08-06T14:30:19.493239+00:00,1920,1080,,,1,,,,,,
cd34aa148fa9d7d4d290a1b9536863f4ec03f90b675839b975701f1d3f252447,,182,,fake,train,skipped,multiple_faces_detected:2,/content/drive/MyDrive/AISC DeepFake Çalışmaları/Deneyler/Deney 1 Frame/Fake/train/fake_train_00182.jpg,Fake/train/fake_train_00182.jpg,/content/drive/MyDrive/AISC DeepFake Çalışmaları/Deneyler/Nazlıcan/Deney 1/Kaş/fake/train/fake_train_00182.jpg,fake/train/fake_train_00182.jpg,60b94f76ad381eab4751f902271c08778bd30eda37629204bb277d374e3b29a0,,20260806_142915_eyebrow_roi_seed42_b775dfb93f,2026-08-06T14:30:20.528101+00:00,704,480,,,2,,,,,,
ae07e1ee81576bbe3a893c918b8ccffadf6b7abf361663b6bb91e7ebda98df54,,184,0.0,fake,train,skipped,insufficient_space_below_eyebrows,/content/drive/MyDrive/AISC DeepFake Çalışmaları/Deneyler/Deney 1 Frame/Fake/train/fake_train_00184.jpg,Fake/train/fake_train_00184.jpg,/content/drive/MyDrive/AISC DeepFake Çalışmaları/Deneyler/Nazlıcan/Deney 1/Kaş/fake/train/fake_train_00184.jpg,fake/train/fake_train_00184.jpg,2ea4c841ecfb35372ea37253ad4aeab41a42e89e9e3dfe01d90f9009bd914447,,20260806_142915_eyebrow_roi_seed42_b775dfb93f,2026-08-06T14:30:21.077700+00:00,640,480,,,1,,,,,,
65ad04362856ce7631fed5720d33d2d6e2d061fc9d6e1672110834a6a6647d0d,,187,0.0,fake,train,skipped,insufficient_space_below_eyebrows,/content/drive/MyDrive/AISC DeepFake Çalışmaları/Deneyler/Deney 1 Frame/Fake/train/fake_train_00187.jpg,Fake/train/fake_train_00187.jpg,/content/drive/MyDrive/AISC DeepFake Çalışmaları/Deneyler/Nazlıcan/Deney 1/Kaş/fake/train/fake_train_00187.jpg,fake/train/fake_train_00187.jpg,079f3e164cdee3c2a109c5cfe1dbb8def6709f0bf4eb0b635d8e5d929b2a1299,,20260806_142915_eyebrow_roi_seed42_b775dfb93f,2026-08-06T14:30:23.708329+00:00,832,480,,,1,,,,,,
dca8dd70b0d7a10668010b35e36551c09756f6597c4efc25a4f6b49e27118297,,188,,fake,train,skipped,face_not_found,/content/drive/MyDrive/AISC DeepFake Çalışmaları/Deneyler/Deney 1 Frame/Fake/train/fake_train_00188.jpg,Fake/train/fake_train_00188.jpg,/content/drive/MyDrive/AISC DeepFake Çalışmaları/Deneyler/Nazlıcan/Deney 1/Kaş/fake/train/fake_train_00188.jpg,fake/train/fake_train_00188.jpg,e796c17d801b4b9a464e570752517416fd03225e50e11098994360488e484291,,20260806_142915_eyebrow_roi_seed42_b775dfb93f,2026-08-06T14:30:23.986930+00:00,1920,1080,,,0,,,,,,
d41afeac2f99f3c430c976028993df66ba7d6e8cdebc69ec36023df956c25b66,,190,0.0,fake,train,skipped,insufficient_space_below_eyebrows,/content/drive/MyDrive/AISC DeepFake Çalışmaları/Deneyler/Deney 1 Frame/Fake/train/fake_train_00190.jpg,Fake/train/fake_train_00190.jpg,/content/drive/MyDrive/AISC DeepFake Çalışmaları/Deneyler/Nazlıcan/Deney 1/Kaş/fake/train/fake_train_00190.jpg,fake/train/fake_train_00190.jpg,574c57245d644dc2e74e42499da3c3e8fea9e68c6a3cf1481dc22f29f61f73f0,,20260806_142915_eyebrow_roi_seed42_b775dfb93f,2026-08-06T14:30:24.506037+00:00,1920,1080,,,1,,,,,,
7e06287ed12efc847c325bcd6c61afb74cb0827eaf3846e6a9bfaaa40c272ec6,,193,0.0,fake,train,skipped,insufficient_space_below_eyebrows,/content/drive/MyDrive/AISC DeepFake Çalışmaları/Deneyler/Deney 1 Frame/Fake/train/fake_train_00193.jpg,Fake/train/fake_train_00193.jpg,/content/drive/MyDrive/AISC DeepFake Çalışmaları/Deneyler/Nazlıcan/Deney 1/Kaş/fake/train/fake_train_00193.jpg,fake/train/fake_train_00193.jpg,79ae8ce4ee4926d105b85ca2eeef8b2683ccb1fda5c6f24beef869c569492895,,20260806_142915_eyebrow_roi_seed42_b775dfb93f,2026-08-06T14:30:25.247505+00:00,1280,720,,,1,,,,,,
e6c870b7969d30f495fc5535d20ad7d0002eb804c161475b9fdc2d0005521dea,,194,0.0,fake,train,skipped,insufficient_space_below_eyebrows,/content/drive/MyDrive/AISC DeepFake Çalışmaları/Deneyler/Deney 1 Frame/Fake/train/fake_train_00194.jpg,Fake/train/fake_train_00194.jpg,/content/drive/MyDrive/AISC DeepFake Çalışmaları/Deneyler/Nazlıcan/Deney 1/Kaş/fake/train/fake_train_00194.jpg,fake/train/fake_train_00194.jpg,188f51be246e9f0a289b2abcd7388a04a810dabdf4deb3bd4ef44e43da13c3cc,,20260806_142915_eyebrow_roi_seed42_b775dfb93f,2026-08-06T14:30:25.514878+00:00,576,480,,,1,,,,,,
70ffe737c0d94bbd96d90b1cf742cf797f21c8cb5f3fdf8709ecb414d1a22b4d,,196,0.0,fake,train,skipped,insufficient_space_below_eyebrows,/content/drive/MyDrive/AISC DeepFake Çalışmaları/Deneyler/Deney 1 Frame/Fake/train/fake_train_00196.jpg,Fake/train/fake_train_00196.jpg,/content/drive/MyDrive/AISC DeepFake Çalışmaları/Deneyler/Nazlıcan/Deney 1/Kaş/fake/train/fake_train_00196.jpg,fake/train/fake_train_00196.jpg,a1c17f19424a151e1ee59765305dd63ed2df032c2ef65e000d5446f1f17729ff,,20260806_142915_eyebrow_roi_seed42_b775dfb93f,2026-08-06T14:30:25.981892+00:00,640,480,,,1,,,,,,
60eaa95c687cce681e2c239476bf254b445f5a05a45c7893bc01132a1dd60867,,199,,fake,train,skipped,face_not_found,/content/drive/MyDrive/AISC DeepFake Çalışmaları/Deneyler/Deney 1 Frame/Fake/train/fake_train_00199.jpg,Fake/train/fake_train_00199.jpg,/content/drive/MyDrive/AISC DeepFake Çalışmaları/Deneyler/Nazlıcan/Deney 1/Kaş/fake/train/fake_train_00199.jpg,fake/train/fake_train_00199.jpg,690d5ef3ae8eeadc9c331b6167c3e999683618c9b1b0c5a1dbe7584d42303482,,20260806_142915_eyebrow_roi_seed42_b775dfb93f,2026-08-06T14:30:26.798384+00:00,640,480,,,0,,,,,,
4e1fe934d19aae34212d34c4757876727ceec53ae74e6db8a05ececd295a86e0,,200,0.0,fake,train,skipped,insufficient_space_below_eyebrows,/content/drive/MyDrive/AISC DeepFake Çalışmaları/Deneyler/Deney 1 Frame/Fake/train/fake_train_00200.jpg,Fake/train/fake_train_00200.jpg,/content/drive/MyDrive/AISC DeepFake Çalışmaları/Deneyler/Nazlıcan/Deney 1/Kaş/fake/train/fake_train_00200.jpg,fake/train/fake_train_00200.jpg,8d55f4f350a263216c054934e466c905e0c7b6d9d54aa7111c0c9b7620fce685,,20260806_142915_eyebrow_roi_seed42_b775dfb93f,2026-08-06T14:30:27.133999+00:00,656,480,,,1,,,,,,
c79fcc160152622bb69afde1e269539845a20d0e68312c68a94b9e84df02d739,,205,,fake,train,skipped,face_not_found,/content/drive/MyDrive/AISC DeepFake Çalışmaları/Deneyler/Deney 1 Frame/Fake/train/fake_train_00205.jpg,Fake/train/fake_train_00205.jpg,/content/drive/MyDrive/AISC DeepFake Çalışmaları/Deneyler/Nazlıcan/Deney 1/Kaş/fake/train/fake_train_00205.jpg,fake/train/fake_train_00205.jpg,a03c0894c1b1dd2832d73e65d04484200e592f55504b3cd1a95bc27e930b3aaf,,20260806_142915_eyebrow_roi_seed42_b775dfb93f,2026-08-06T14:30:28.838316+00:00,1920,1080,,,0,,,,,,
b17fd44745db7c48abb8fb84963f920d337dd47617b9e3d7fc0fb9b2aa9e6204,,208,,fake,train,skipped,multiple_faces_detected:2,/content/drive/MyDrive/AISC DeepFake Çalışmaları/Deneyler/Deney 1 Frame/Fake/train/fake_train_00208.jpg,Fake/train/fake_train_00208.jpg,/content/drive/MyDrive/AISC DeepFake Çalışmaları/Deneyler/Nazlıcan/Deney 1/Kaş/fake/train/fake_train_00208.jpg,fake/train/fake_train_00208.jpg,88a67fc9669c0779d713c98c8fe4064ea18a78eafc857955bf19cedeea19b9c8,,20260806_142915_eyebrow_roi_seed42_b775dfb93f,2026-08-06T14:30:29.754120+00:00,1920,1080,,,2,,,,,,
ea15ddd7f08fe2f60ea2dfc0acb77d8312b177f47823066aa6ac5d271a9690f7,,210,,fake,train,skipped,face_not_found,/content/drive/MyDrive/AISC DeepFake Çalışmaları/Deneyler/Deney 1 Frame/Fake/train/fake_train_00210.jpg,Fake/train/fake_train_00210.jpg,/content/drive/MyDrive/AISC DeepFake Çalışmaları/Deneyler/Nazlıcan/Deney 1/Kaş/fake/train/fake_train_00210.jpg,fake/train/fake_train_00210.jpg,29bb441faba9580c1615e5cfe2f7a5d12c04cbfb623f336a4ddd9177383925d4,,20260806_142915_eyebrow_roi_seed42_b775dfb93f,2026-08-06T14:30:30.276975+00:00,1920,1080,,,0,,,,,,
a0b9e63853ee56c66ae33bae5d8224260162425c2f39325ea3dc0cd2d6be6091,,214,,fake,train,skipped,face_not_found,/content/drive/MyDrive/AISC DeepFake Çalışmaları/Deneyler/Deney 1 Frame/Fake/train/fake_train_00214.jpg,Fake/train/fake_train_00214.jpg,/content/drive/MyDrive/AISC DeepFake Çalışmaları/Deneyler/Nazlıcan/Deney 1/Kaş/fake/train/fake_train_00214.jpg,fake/train/fake_train_00214.jpg,3ac47e8284beba857ff0b4617c0ee02b7051690e21b06383308843af712c3868,,20260806_142915_eyebrow_roi_seed42_b775dfb93f,2026-08-06T14:30:31.502241+00:00,1920,1080,,,0,,,,,,
2ca75c2a5c0612379471ce77bc7040e8fa77a377bc06a8406c9d1dd01863569e,,217,0.0,fake,train,skipped,insufficient_space_below_eyebrows,/content/drive/MyDrive/AISC DeepFake Çalışmaları/Deneyler/Deney 1 Frame/Fake/train/fake_train_00217.jpg,Fake/train/fake_train_00217.jpg,/content/drive/MyDrive/AISC DeepFake Çalışmaları/Deneyler/Nazlıcan/Deney 1/Kaş/fake/train/fake_train_00217.jpg,fake/train/fake_train_00217.jpg,68666205cd697c902cab8fc44fc1fb8f464ba1f4bc1f13181951cfc49c0017c1,,20260806_142915_eyebrow_roi_seed42_b775dfb93f,2026-08-06T14:30:32.487055+00:00,1920,1080,,,1,,,,,,
39e888d1baf45295f0b2d842c0da6d0083c7a31e173961bc19709cdd376f20c2,,221,0.0,fake,train,skipped,insufficient_space_below_eyebrows,/content/drive/MyDrive/AISC DeepFake Çalışmaları/Deneyler/Deney 1 Frame/Fake/train/fake_train_00221.jpg,Fake/train/fake_train_00221.jpg,/content/drive/MyDrive/AISC DeepFake Çalışmaları/Deneyler/Nazlıcan/Deney 1/Kaş/fake/train/fake_train_00221.jpg,fake/train/fake_train_00221.jpg,20073482f2f69f06a843ee219f7e1d528b3c2610fd9323c2972b5b4fe4eab8fa,,20260806_142915_eyebrow_roi_seed42_b775dfb93f,2026-08-06T14:30:33.569545+00:00,1920,1080,,,1,,,,,,
17f3848f89182476fb94e05482416ba3839b4b42499caa4f7e014b9640889915,,223,,fake,train,skipped,face_not_found,/content/drive/MyDrive/AISC DeepFake Çalışmaları/Deneyler/Deney 1 Frame/Fake/train/fake_train_00223.jpg,Fake/train/fake_train_00223.jpg,/content/drive/MyDrive/AISC DeepFake Çalışmaları/Deneyler/Nazlıcan/Deney 1/Kaş/fake/train/fake_train_00223.jpg,fake/train/fake_train_00223.jpg,2d89ca879b758f49aafd3804939f6aa52387864749248965d558e14807b937fd,,20260806_142915_eyebrow_roi_seed42_b775dfb93f,2026-08-06T14:30:34.180370+00:00,1920,1080,,,0,,,,,,
e030f7fa639a82a03c4b71a91929fd9c0394320ce6ce5c0597ae37fe558c0077,,226,0.0,fake,train,skipped,insufficient_space_below_eyebrows,/content/drive/MyDrive/AISC DeepFake Çalışmaları/Deneyler/Deney 1 Frame/Fake/train/fake_train_00226.jpg,Fake/train/fake_train_00226.jpg,/content/drive/MyDrive/AISC DeepFake Çalışmaları/Deneyler/Nazlıcan/Deney 1/Kaş/fake/train/fake_train_00226.jpg,fake/train/fake_train_00226.jpg,e86655d7fe96ace55baca47b66b44378dbbb0eaf2de6f0d79d80cb36a1054cc3,,20260806_142915_eyebrow_roi_seed42_b775dfb93f,2026-08-06T14:30:35.090178+00:00,1280,720,,,1,,,,,,
82eb6a96a759e2439a9ab01e7b71a32425dad2b2d7449656c30a4681c9a1aad6,,230,0.0,fake,train,skipped,insufficient_space_below_eyebrows,/content/drive/MyDrive/AISC DeepFake Çalışmaları/Deneyler/Deney 1 Frame/Fake/train/fake_train_00230.jpg,Fake/train/fake_train_00230.jpg,/content/drive/MyDrive/AISC DeepFake Çalışmaları/Deneyler/Nazlıcan/Deney 1/Kaş/fake/train/fake_train_00230.jpg,fake/train/fake_train_00230.jpg,98eb77a9d3576394f66e31bd592ba1ef754d6c5c444d338cd928bbcd11a4d9bb,,20260806_142915_eyebrow_roi_seed42_b775dfb93f,2026-08-06T14:30:36.230896+00:00,1920,1080,,,1,,,,,,
caf83ff0f3a4979a2d6afbb0aade3654fd23cf7d5fbe4b81ac76df7f7bd728dc,,234,,fake,train,skipped,multiple_faces_detected:2,/content/drive/MyDrive/AISC DeepFake Çalışmaları/Deneyler/Deney 1 Frame/Fake/train/fake_train_00234.jpg,Fake/train/fake_train_00234.jpg,/content/drive/MyDrive/AISC DeepFake Çalışmaları/Deneyler/Nazlıcan/Deney 1/Kaş/fake/train/fake_train_00234.jpg,fake/train/fake_train_00234.jpg,f9fa82857c8c7be1ccc4e23977d74f96470636e3b9f96db201302cc2789c53de,,20260806_142915_eyebrow_roi_seed42_b775dfb93f,2026-08-06T14:30:37.331919+00:00,1920,1080,,,2,,,,,,
6c96512c18a50508d03c2cb58a070aafd84dc1cee801a05dd233def84f80ee95,,235,,fake,train,skipped,face_not_found,/content/drive/MyDrive/AISC DeepFake Çalışmaları/Deneyler/Deney 1 Frame/Fake/train/fake_train_00235.jpg,Fake/train/fake_train_00235.jpg,/content/drive/MyDrive/AISC DeepFake Çalışmaları/Deneyler/Nazlıcan/Deney 1/Kaş/fake/train/fake_train_00235.jpg,fake/train/fake_train_00235.jpg,daaec865bb5ef711ef37331efe33797b703df8e4aebb6f296482144b25865bea,,20260806_142915_eyebrow_roi_seed42_b775dfb93f,2026-08-06T14:30:37.806366+00:00,1920,1080,,,0,,,,,,
ac6a12bed5dcded7b45bb1955069c5ac41d097dd22d02b1bc781b099d7c18745,,240,,fake,train,skipped,face_not_found,/content/drive/MyDrive/AISC DeepFake Çalışmaları/Deneyler/Deney 1 Frame/Fake/train/fake_train_00240.jpg,Fake/train/fake_train_00240.jpg,/content/drive/MyDrive/AISC DeepFake Çalışmaları/Deneyler/Nazlıcan/Deney 1/Kaş/fake/train/fake_train_00240.jpg,fake/train/fake_train_00240.jpg,001eda9727f2083a4172596722938aaa6eaedb9b52bf72285539613fdebdbb27,,20260806_142915_eyebrow_roi_seed42_b775dfb93f,2026-08-06T14:30:39.087726+00:00,1920,1080,,,0,,,,,,
1caecfa5105dd7221176b68e786d50f81e14fefbfaa637ab8578954c1c42c764,,248,0.0,fake,train,skipped,insufficient_space_below_eyebrows,/content/drive/MyDrive/AISC DeepFake Çalışmaları/Deneyler/Deney 1 Frame/Fake/train/fake_train_00248.jpg,Fake/train/fake_train_00248.jpg,/content/drive/MyDrive/AISC DeepFake Çalışmaları/Deneyler/Nazlıcan/Deney 1/Kaş/fake/train/fake_train_00248.jpg,fake/train/fake_train_00248.jpg,b1b3398965ecbeec97523858e4d2a1edde2ba6ae409b0a464d37084e1d820e0c,,20260806_142915_eyebrow_roi_seed42_b775dfb93f,2026-08-06T14:30:41.356824+00:00,1920,1080,,,1,,,,,,
903fa503acbbafac859efe131b517edb29797ce3f60135d7c2c9b2255db35fd8,,251,,fake,train,skipped,multiple_faces_detected:2,/content/drive/MyDrive/AISC DeepFake Çalışmaları/Deneyler/Deney 1 Frame/Fake/train/fake_train_00251.jpg,Fake/train/fake_train_00251.jpg,/content/drive/MyDrive/AISC DeepFake Çalışmaları/Deneyler/Nazlıcan/Deney 1/Kaş/fake/train/fake_train_00251.jpg,fake/train/fake_train_00251.jpg,2e0bb8ea633a73eb6444c7f26eb1a0885ab49a6acd2d53c330f6f32de828ed86,,20260806_142915_eyebrow_roi_seed42_b775dfb93f,2026-08-06T14:30:42.483738+00:00,1280,720,,,2,,,,,,
f01a9ed65bcff7df6bc4eb26ffe26163138f5a4dcf0758bf086cd089d1c8b81a,,254,,fake,train,skipped,face_not_found,/content/drive/MyDrive/AISC DeepFake Çalışmaları/Deneyler/Deney 1 Frame/Fake/train/fake_train_00254.jpg,Fake/train/fake_train_00254.jpg,/content/drive/MyDrive/AISC DeepFake Çalışmaları/Deneyler/Nazlıcan/Deney 1/Kaş/fake/train/fake_train_00254.jpg,fake/train/fake_train_00254.jpg,48bd46cd9b588267500392e5b5a106f157a24503a3d49f69b72b64b60b3b5280,,20260806_142915_eyebrow_roi_seed42_b775dfb93f,2026-08-06T14:30:43.334439+00:00,1280,720,,,0,,,,,,
f9c65771768c3e5398ffef4ddd499602db3aed9197753ee771856a2c8c8dd8da,,256,0.0,fake,train,skipped,insufficient_space_below_eyebrows,/content/drive/MyDrive/AISC DeepFake Çalışmaları/Deneyler/Deney 1 Frame/Fake/train/fake_train_00256.jpg,Fake/train/fake_train_00256.jpg,/content/drive/MyDrive/AISC DeepFake Çalışmaları/Deneyler/Nazlıcan/Deney 1/Kaş/fake/train/fake_train_00256.jpg,fake/train/fake_train_00256.jpg,9dd6a1eca733c80f70470763f2fe7221012bbfbcf9f920ef249c9c50d853e797,,20260806_142915_eyebrow_roi_seed42_b775dfb93f,2026-08-06T14:30:43.872065+00:00,640,480,,,1,,,,,,
fc34e322c898e1507e533f9d9177a37056d0cb3168a9ea46b90dfca4e956b2c9,,258,0.0,fake,train,skipped,insufficient_space_below_eyebrows,/content/drive/MyDrive/AISC DeepFake Çalışmaları/Deneyler/Deney 1 Frame/Fake/train/fake_train_00258.jpg,Fake/train/fake_train_00258.jpg,/content/drive/MyDrive/AISC DeepFake Çalışmaları/Deneyler/Nazlıcan/Deney 1/Kaş/fake/train/fake_train_00258.jpg,fake/train/fake_train_00258.jpg,fdd7eceda2459f0bd1a4c659429320b08fe2f3b15cb0c94d3661cab0b3ed7dfc,,20260806_142915_eyebrow_roi_seed42_b775dfb93f,2026-08-06T14:30:44.358683+00:00,640,480,,,1,,,,,,
6b482540d26139ee54a58d756af059c9c64a68bfbe804b6efafa0d58dda3193b,,259,0.0,fake,train,skipped,insufficient_space_below_eyebrows,/content/drive/MyDrive/AISC DeepFake Çalışmaları/Deneyler/Deney 1 Frame/Fake/train/fake_train_00259.jpg,Fake/train/fake_train_00259.jpg,/content/drive/MyDrive/AISC DeepFake Çalışmaları/Deneyler/Nazlıcan/Deney 1/Kaş/fake/train/fake_train_00259.jpg,fake/train/fake_train_00259.jpg,bd0a222c89fa87c04270e036052598f0e6147551e8a1ad7992e3f7caf932f550,,20260806_142915_eyebrow_roi_seed42_b775dfb93f,2026-08-06T14:30:44.629455+00:00,640,480,,,1,,,,,,
b2beb847ae44340ef6b5fcdf96a2eab25b7af0960f1dfa7b85345bf9aa105d9f,,261,0.0,fake,train,skipped,insufficient_space_below_eyebrows,/content/drive/MyDrive/AISC DeepFake Çalışmaları/Deneyler/Deney 1 Frame/Fake/train/fake_train_00261.jpg,Fake/train/fake_train_00261.jpg,/content/drive/MyDrive/AISC DeepFake Çalışmaları/Deneyler/Nazlıcan/Deney 1/Kaş/fake/train/fake_train_00261.jpg,fake/train/fake_train_00261.jpg,67ffd2437770ba8991b22c90770913ec6e6eafb76755a76190dda1db821fbc94,,20260806_142915_eyebrow_roi_seed42_b775dfb93f,2026-08-06T14:30:45.212196+00:00,1280,720,,,1,,,,,,
94637275a82c2bf47beb8cd768ac0327d1fdfa03cc14c66a179bf47f92123e5f,,265,0.0,fake,train,skipped,insufficient_space_below_eyebrows,/content/drive/MyDrive/AISC DeepFake Çalışmaları/Deneyler/Deney 1 Frame/Fake/train/fake_train_00265.jpg,Fake/train/fake_train_00265.jpg,/content/drive/MyDrive/AISC DeepFake Çalışmaları/Deneyler/Nazlıcan/Deney 1/Kaş/fake/train/fake_train_00265.jpg,fake/train/fake_train_00265.jpg,9f7eee5660b0890b48bc60288906b0751b26f7f47e2c1c63586a52f8b3e3970e,,20260806_142915_eyebrow_roi_seed42_b775dfb93f,2026-08-06T14:30:46.281143+00:00,1920,1080,,,1,,,,,,
453c850f5013780056b2f6207cc17066d8861dd876055badbb6839c81c14099a,,269,0.0,fake,train,skipped,insufficient_space_below_eyebrows,/content/drive/MyDrive/AISC DeepFake Çalışmaları/Deneyler/Deney 1 Frame/Fake/train/fake_train_00269.jpg,Fake/train/fake_train_00269.jpg,/content/drive/MyDrive/AISC DeepFake Çalışmaları/Deneyler/Nazlıcan/Deney 1/Kaş/fake/train/fake_train_00269.jpg,fake/train/fake_train_00269.jpg,e9c615a0e204f6be9fd9dc1edcb58a5d33d65a76d38f287d86def462a071206d,,20260806_142915_eyebrow_roi_seed42_b775dfb93f,2026-08-06T14:30:47.414712+00:00,1920,1080,,,1,,,,,,
6d4aa895b380dc633b315f78db9603142bffa451511a5ce7ced01af31ee0fac6,,270,0.0,fake,train,skipped,insufficient_space_below_eyebrows,/content/drive/MyDrive/AISC DeepFake Çalışmaları/Deneyler/Deney 1 Frame/Fake/train/fake_train_00270.jpg,Fake/train/fake_train_00270.jpg,/content/drive/MyDrive/AISC DeepFake Çalışmaları/Deneyler/Nazlıcan/Deney 1/Kaş/fake/train/fake_train_00270.jpg,fake/train/fake_train_00270.jpg,361bb62cc29155a2730f62193622a44fb1d6fadf535e48834e4f482ae2d617db,,20260806_142915_eyebrow_roi_seed42_b775dfb93f,2026-08-06T14:30:47.690131+00:00,1280,720,,,1,,,,,,
7152bae16cd679ad43aa93645eadabab03068ce1d0f790a7f432b0e5d4b890d7,,277,0.0,fake,train,skipped,insufficient_space_below_eyebrows,/content/drive/MyDrive/AISC DeepFake Çalışmaları/Deneyler/Deney 1 Frame/Fake/train/fake_train_00277.jpg,Fake/train/fake_train_00277.jpg,/content/drive/MyDrive/AISC DeepFake Çalışmaları/Deneyler/Nazlıcan/Deney 1/Kaş/fake/train/fake_train_00277.jpg,fake/train/fake_train_00277.jpg,83180c43eea85da742ded08963c2edde28c22faff155debb563babc362b6ae87,,20260806_142915_eyebrow_roi_seed42_b775dfb93f,2026-08-06T14:30:49.892827+00:00,600,480,,,1,,,,,,
4493ac83a359bb9d2c8e4bf3f538dc6147e9ed4f99e2ee4e7d4938b00d80813f,,282,0.0,fake,train,skipped,insufficient_space_below_eyebrows,/content/drive/MyDrive/AISC DeepFake Çalışmaları/Deneyler/Deney 1 Frame/Fake/train/fake_train_00282.jpg,Fake/train/fake_train_00282.jpg,/content/drive/MyDrive/AISC DeepFake Çalışmaları/Deneyler/Nazlıcan/Deney 1/Kaş/fake/train/fake_train_00282.jpg,fake/train/fake_train_00282.jpg,14c04a9553aaca03527215d2ca6e01e297fc203aff59892732d3f099a2138f7b,,20260806_142915_eyebrow_roi_seed42_b775dfb93f,2026-08-06T14:30:51.489713+00:00,1280,720,,,1,,,,,,
c510931a0f6ebe49eaae4cb45b970fe4aefa1e099ee745541de26b87e9002b44,,284,0.0,fake,train,skipped,insufficient_space_below_eyebrows,/content/drive/MyDrive/AISC DeepFake Çalışmaları/Deneyler/Deney 1 Frame/Fake/train/fake_train_00284.jpg,Fake/train/fake_train_00284.jpg,/content/drive/MyDrive/AISC DeepFake Çalışmaları/Deneyler/Nazlıcan/Deney 1/Kaş/fake/train/fake_train_00284.jpg,fake/train/fake_train_00284.jpg,4d5250e581fc83b86d30a338da90d0f42c2cca3ea23dce4564dbfec13c3e5ebd,,20260806_142915_eyebrow_roi_seed42_b775dfb93f,2026-08-06T14:30:52.098687+00:00,640,480,,,1,,,,,,
763123a7755e91b299f661819c19bf947f516567dacd199ac79e35089e522e23,,287,0.0,fake,train,skipped,insufficient_space_below_eyebrows,/content/drive/MyDrive/AISC DeepFake Çalışmaları/Deneyler/Deney 1 Frame/Fake/train/fake_train_00287.jpg,Fake/train/fake_train_00287.jpg,/content/drive/MyDrive/AISC DeepFake Çalışmaları/Deneyler/Nazlıcan/Deney 1/Kaş/fake/train/fake_train_00287.jpg,fake/train/fake_train_00287.jpg,3325ad16857236894c78ee2e096bd5aa7f2537e65616a56972f4e65e0ff1f687,,20260806_142915_eyebrow_roi_seed42_b775dfb93f,2026-08-06T14:30:53.157436+00:00,658,480,,,1,,,,,,
ad0a0550af631210493c463935fdc8642bfe23ff94d3a3f0755e79dc469dbe0a,,289,0.0,fake,train,skipped,insufficient_space_below_eyebrows,/content/drive/MyDrive/AISC DeepFake Çalışmaları/Deneyler/Deney 1 Frame/Fake/train/fake_train_00289.jpg,Fake/train/fake_train_00289.jpg,/content/drive/MyDrive/AISC DeepFake Çalışmaları/Deneyler/Nazlıcan/Deney 1/Kaş/fake/train/fake_train_00289.jpg,fake/train/fake_train_00289.jpg,be178fb2ad6a1dd4c753af43bdaec67b354a25d98317a1645cfcfa1964c87f5c,,20260806_142915_eyebrow_roi_seed42_b775dfb93f,2026-08-06T14:30:53.747889+00:00,640,480,,,1,,,,,,
405e8121469b98397f595b46449fe1d30e18019c33a43685da18f2da12fc8c9a,,291,0.0,fake,train,skipped,insufficient_space_below_eyebrows,/content/drive/MyDrive/AISC DeepFake Çalışmaları/Deneyler/Deney 1 Frame/Fake/train/fake_train_00291.jpg,Fake/train/fake_train_00291.jpg,/content/drive/MyDrive/AISC DeepFake Çalışmaları/Deneyler/Nazlıcan/Deney 1/Kaş/fake/train/fake_train_00291.jpg,fake/train/fake_train_00291.jpg,2f008a30c5966f12f7eb3fab5483fd0299d3cdd99dca4598a6966f66d74232c5,,20260806_142915_eyebrow_roi_seed42_b775dfb93f,2026-08-06T14:30:54.158441+00:00,832,480,,,1,,,,,,
f63f3822e70345c9ffa0cf6b2ffea03aaad986d335fe218ed3a8d42356f06c55,,293,0.0,fake,train,skipped,insufficient_space_below_eyebrows,/content/drive/MyDrive/AISC DeepFake Çalışmaları/Deneyler/Deney 1 Frame/Fake/train/fake_train_00293.jpg,Fake/train/fake_train_00293.jpg,/content/drive/MyDrive/AISC DeepFake Çalışmaları/Deneyler/Nazlıcan/Deney 1/Kaş/fake/train/fake_train_00293.jpg,fake/train/fake_train_00293.jpg,c1eabedab0ff67bdf18b294fe8e3c63814c94aaeb1c8c4a1e93c991e48083bea,,20260806_142915_eyebrow_roi_seed42_b775dfb93f,2026-08-06T14:30:54.664333+00:00,1280,720,,,1,,,,,,
c3a39fce1cf6d9328edbcbb6cd0df6f8a022c7a07ba5445654a625fe767ebdff,,294,0.0,fake,train,skipped,insufficient_space_below_eyebrows,/content/drive/MyDrive/AISC DeepFake Çalışmaları/Deneyler/Deney 1 Frame/Fake/train/fake_train_00294.jpg,Fake/train/fake_train_00294.jpg,/content/drive/MyDrive/AISC DeepFake Çalışmaları/Deneyler/Nazlıcan/Deney 1/Kaş/fake/train/fake_train_00294.jpg,fake/train/fake_train_00294.jpg,0a6ce4a6c33937986ea2eed7f27145a10890572f4bb2826245b009e75631b772,,20260806_142915_eyebrow_roi_seed42_b775dfb93f,2026-08-06T14:30:54.925431+00:00,1920,1080,,,1,,,,,,
f36950885b9f3b631a52e9ffba4577894ac8dd2b7a45a2fd0257eea5a21b7ebc,,295,0.0,fake,train,skipped,insufficient_space_below_eyebrows,/content/drive/MyDrive/AISC DeepFake Çalışmaları/Deneyler/Deney 1 Frame/Fake/train/fake_train_00295.jpg,Fake/train/fake_train_00295.jpg,/content/drive/MyDrive/AISC DeepFake Çalışmaları/Deneyler/Nazlıcan/Deney 1/Kaş/fake/train/fake_train_00295.jpg,fake/train/fake_train_00295.jpg,dd220b4021db29e5a334f92297d55ed4dedee7f654bc969887e2d28ff22b96f2,,20260806_142915_eyebrow_roi_seed42_b775dfb93f,2026-08-06T14:30:55.215214+00:00,640,480,,,1,,,,,,
1744d47c62cdd5902a27744f77cf4fcb6f57a20cb7975006b34cce19be39d2a0,,296,,fake,train,skipped,face_not_found,/content/drive/MyDrive/AISC DeepFake Çalışmaları/Deneyler/Deney 1 Frame/Fake/train/fake_train_00296.jpg,Fake/train/fake_train_00296.jpg,/content/drive/MyDrive/AISC DeepFake Çalışmaları/Deneyler/Nazlıcan/Deney 1/Kaş/fake/train/fake_train_00296.jpg,fake/train/fake_train_00296.jpg,3ed858f417a0feccf971057b9a4d2223a5d6a343fcdf5a568253eb588c01376e,,20260806_142915_eyebrow_roi_seed42_b775dfb93f,2026-08-06T14:30:55.442718+00:00,854,480,,,0,,,,,,
f2ac93be942cb95961b64f6c087d11c62eec6963be7dd80ceb40617291247b68,,299,0.0,fake,train,skipped,insufficient_space_below_eyebrows,/content/drive/MyDrive/AISC DeepFake Çalışmaları/Deneyler/Deney 1 Frame/Fake/train/fake_train_00299.jpg,Fake/train/fake_train_00299.jpg,/content/drive/MyDrive/AISC DeepFake Çalışmaları/Deneyler/Nazlıcan/Deney 1/Kaş/fake/train/fake_train_00299.jpg,fake/train/fake_train_00299.jpg,467117cd9f61aec94bfaeb9c5de8bf123c3fb89390503e6fbeef7d7848730d4c,,20260806_142915_eyebrow_roi_seed42_b775dfb93f,2026-08-06T14:30:56.298896+00:00,1920,1080,,,1,,,,,,
93d5d870c6eae9d2ce601b109440298cc91daae845a2327d60630da4125d11e8,,304,0.0,fake,train,skipped,insufficient_space_below_eyebrows,/content/drive/MyDrive/AISC DeepFake Çalışmaları/Deneyler/Deney 1 Frame/Fake/train/fake_train_00304.jpg,Fake/train/fake_train_00304.jpg,/content/drive/MyDrive/AISC DeepFake Çalışmaları/Deneyler/Nazlıcan/Deney 1/Kaş/fake/train/fake_train_00304.jpg,fake/train/fake_train_00304.jpg,aa79ad243b09885f1e20aa958f6781bd9f0ebb1822b6a966c4e22556866bcb40,,20260806_142915_eyebrow_roi_seed42_b775dfb93f,2026-08-06T14:30:57.946948+00:00,1920,1080,,,1,,,,,,
0bd654de606658b9c578adbf5fd2d9fff534e23417d37bcd88dfc0f38d49cfe9,,308,0.0,fake,train,skipped,insufficient_space_below_eyebrows,/content/drive/MyDrive/AISC DeepFake Çalışmaları/Deneyler/Deney 1 Frame/Fake/train/fake_train_00308.jpg,Fake/train/fake_train_00308.jpg,/content/drive/MyDrive/AISC DeepFake Çalışmaları/Deneyler/Nazlıcan/Deney 1/Kaş/fake/train/fake_train_00308.jpg,fake/train/fake_train_00308.jpg,d3c549708f4eca32e93e5f2a470b3c728d4b758ad303c9b8533cf73beb3c5e43,,20260806_142915_eyebrow_roi_seed42_b775dfb93f,2026-08-06T14:30:59.172559+00:00,640,480,,,1,,,,,,
bf023843112ec1d519c0c22de7e36b92d03b79aa399daa47180f222fd2141125,,309,,fake,train,skipped,multiple_faces_detected:2,/content/drive/MyDrive/AISC DeepFake Çalışmaları/Deneyler/Deney 1 Frame/Fake/train/fake_train_00309.jpg,Fake/train/fake_train_00309.jpg,/content/drive/MyDrive/AISC DeepFake Çalışmaları/Deneyler/Nazlıcan/Deney 1/Kaş/fake/train/fake_train_00309.jpg,fake/train/fake_train_00309.jpg,ea991eb598eb4186579a177b3ca6f7b0291851ff6e13a67aa26e92d877312873,,20260806_142915_eyebrow_roi_seed42_b775dfb93f,2026-08-06T14:30:59.451219+00:00,1920,1080,,,2,,,,,,
5f9aa13699e14f00c49b03a2a49b989d8dad6e12d6d60a4ab604fa2e16a86c3a,,316,0.0,fake,train,skipped,insufficient_space_below_eyebrows,/content/drive/MyDrive/AISC DeepFake Çalışmaları/Deneyler/Deney 1 Frame/Fake/train/fake_train_00316.jpg,Fake/train/fake_train_00316.jpg,/content/drive/MyDrive/AISC DeepFake Çalışmaları/Deneyler/Nazlıcan/Deney 1/Kaş/fake/train/fake_train_00316.jpg,fake/train/fake_train_00316.jpg,883bb8b20ce64b063391f6dc919180949bb4861885f49bbfefacbe4bfc9cca7c,,20260806_142915_eyebrow_roi_seed42_b775dfb93f,2026-08-06T14:31:01.595981+00:00,1920,1080,,,1,,,,,,
d8d5b6bb1c52fbc8fd75b5e21777bb88412db8b45e8d544f676d016551fb3c89,,319,,fake,train,skipped,multiple_faces_detected:2,/content/drive/MyDrive/AISC DeepFake Çalışmaları/Deneyler/Deney 1 Frame/Fake/train/fake_train_00319.jpg,Fake/train/fake_train_00319.jpg,/content/drive/MyDrive/AISC DeepFake Çalışmaları/Deneyler/Nazlıcan/Deney 1/Kaş/fake/train/fake_train_00319.jpg,fake/train/fake_train_00319.jpg,b38349622a62c029a350c33262929ab033e438f9ec0ce43988045d7af2dbf3e4,,20260806_142915_eyebrow_roi_seed42_b775dfb93f,2026-08-06T14:31:02.502571+00:00,1920,1080,,,2,,,,,,
df27c4db52597b42b3854ee45bb4af9c8d76eed5d950b87c8b4b89295c8beede,,324,0.0,fake,train,skipped,roi_out_of_image_bounds,/content/drive/MyDrive/AISC DeepFake Çalışmaları/Deneyler/Deney 1 Frame/Fake/train/fake_train_00324.jpg,Fake/train/fake_train_00324.jpg,/content/drive/MyDrive/AISC DeepFake Çalışmaları/Deneyler/Nazlıcan/Deney 1/Kaş/fake/train/fake_train_00324.jpg,fake/train/fake_train_00324.jpg,f4c004650278500c99084415e0c56289f28c649e4d4bc136671c29828e345d93,,20260806_142915_eyebrow_roi_seed42_b775dfb93f,2026-08-06T14:31:03.934892+00:00,1920,1080,,,1,,,,,,
98417656066164ded96a39e46a8500e14c087c7dd1161fb09c7830abfc3796b3,,328,0.0,fake,train,skipped,insufficient_space_below_eyebrows,/content/drive/MyDrive/AISC DeepFake Çalışmaları/Deneyler/Deney 1 Frame/Fake/train/fake_train_00328.jpg,Fake/train/fake_train_00328.jpg,/content/drive/MyDrive/AISC DeepFake Çalışmaları/Deneyler/Nazlıcan/Deney 1/Kaş/fake/train/fake_train_00328.jpg,fake/train/fake_train_00328.jpg,4c8d8b614eeb32e0a674cfb8a74d34438b2345c154e05f4fcbae195ec4fc78f9,,20260806_142915_eyebrow_roi_seed42_b775dfb93f,2026-08-06T14:31:05.057808+00:00,640,480,,,1,,,,,,
99a4e02efbf47626ba261821fefa3a18347fcf5cc0adbbbb85ea567b2f599552,,330,0.0,fake,train,skipped,insufficient_space_below_eyebrows,/content/drive/MyDrive/AISC DeepFake Çalışmaları/Deneyler/Deney 1 Frame/Fake/train/fake_train_00330.jpg,Fake/train/fake_train_00330.jpg,/content/drive/MyDrive/AISC DeepFake Çalışmaları/Deneyler/Nazlıcan/Deney 1/Kaş/fake/train/fake_train_00330.jpg,fake/train/fake_train_00330.jpg,ba4014a1b74a0b5ddd7a0ad5df841d5b12dfd66d8a9258b9a7e3d745be0087dc,,20260806_142915_eyebrow_roi_seed42_b775dfb93f,2026-08-06T14:31:05.565571+00:00,640,480,,,1,,,,,,
019fbf865c99a823abf22d20863f8fe0046baf2e87895cb8539eb6fa1c2c5192,,332,0.0,fake,train,skipped,insufficient_space_below_eyebrows,/content/drive/MyDrive/AISC DeepFake Çalışmaları/Deneyler/Deney 1 Frame/Fake/train/fake_train_00332.jpg,Fake/train/fake_train_00332.jpg,/content/drive/MyDrive/AISC DeepFake Çalışmaları/Deneyler/Nazlıcan/Deney 1/Kaş/fake/train/fake_train_00332.jpg,fake/train/fake_train_00332.jpg,5c18382332e37e4b2dda76c75030af0f8ad02ab4ae508f3fe35c61c69fe146a2,,20260806_142915_eyebrow_roi_seed42_b775dfb93f,2026-08-06T14:31:06.069859+00:00,1920,1080,,,1,,,,,,
44282391da3a803efdfdf83288f5f6b4747a3efb4612396785df67a5d95c17ab,,338,0.0,fake,train,skipped,insufficient_space_below_eyebrows,/content/drive/MyDrive/AISC DeepFake Çalışmaları/Deneyler/Deney 1 Frame/Fake/train/fake_train_00338.jpg,Fake/train/fake_train_00338.jpg,/content/drive/MyDrive/AISC DeepFake Çalışmaları/Deneyler/Nazlıcan/Deney 1/Kaş/fake/train/fake_train_00338.jpg,fake/train/fake_train_00338.jpg,ad4e1e3ab43c030d14f934d34371c62bdceaada2d73be59951b7412d95c2a37e,,20260806_142915_eyebrow_roi_seed42_b775dfb93f,2026-08-06T14:31:07.611974+00:00,1920,1080,,,1,,,,,,
6ffe25eec35a79b3449cba6df7735bdcf066f8a2a7834109bc20a945c3e73116,,339,0.0,fake,train,skipped,insufficient_space_below_eyebrows,/content/drive/MyDrive/AISC DeepFake Çalışmaları/Deneyler/Deney 1 Frame/Fake/train/fake_train_00339.jpg,Fake/train/fake_train_00339.jpg,/content/drive/MyDrive/AISC DeepFake Çalışmaları/Deneyler/Nazlıcan/Deney 1/Kaş/fake/train/fake_train_00339.jpg,fake/train/fake_train_00339.jpg,30cfaf817ed015cdd0e408e530e0adb4be212dd2a7a1f18cbbce128b79addbd1,,20260806_142915_eyebrow_roi_seed42_b775dfb93f,2026-08-06T14:31:07.801116+00:00,640,480,,,1,,,,,,
36a750367d7ee8f0acaf9f2fa25361f879db5037df1e9d9a6cf2d967d2cb8ac9,,341,0.0,fake,train,skipped,insufficient_space_below_eyebrows,/content/drive/MyDrive/AISC DeepFake Çalışmaları/Deneyler/Deney 1 Frame/Fake/train/fake_train_00341.jpg,Fake/train/fake_train_00341.jpg,/content/drive/MyDrive/AISC DeepFake Çalışmaları/Deneyler/Nazlıcan/Deney 1/Kaş/fake/train/fake_train_00341.jpg,fake/train/fake_train_00341.jpg,63c86f79ab3ab69a363757db35a9557d0d92fa8469d95f9733136c14eb994323,,20260806_142915_eyebrow_roi_seed42_b775dfb93f,2026-08-06T14:31:08.399342+00:00,1280,720,,,1,,,,,,
5d7084989455ac58e56213b851816a472232b46bae4bd63666b546a285a28271,,343,0.0,fake,train,skipped,insufficient_space_below_eyebrows,/content/drive/MyDrive/AISC DeepFake Çalışmaları/Deneyler/Deney 1 Frame/Fake/train/fake_train_00343.jpg,Fake/train/fake_train_00343.jpg,/content/drive/MyDrive/AISC DeepFake Çalışmaları/Deneyler/Nazlıcan/Deney 1/Kaş/fake/train/fake_train_00343.jpg,fake/train/fake_train_00343.jpg,6b242862d163dad51914abdc5a3f9d4a6111afb1916c904538b9b6946cb8adbf,,20260806_142915_eyebrow_roi_seed42_b775dfb93f,2026-08-06T14:31:09.106667+00:00,832,480,,,1,,,,,,
a02b31b9efcc13e4041f54d57cfcd7dff7538c6eeeb330e3d98b09301699fa82,,346,,fake,train,skipped,multiple_faces_detected:2,/content/drive/MyDrive/AISC DeepFake Çalışmaları/Deneyler/Deney 1 Frame/Fake/train/fake_train_00346.jpg,Fake/train/fake_train_00346.jpg,/content/drive/MyDrive/AISC DeepFake Çalışmaları/Deneyler/Nazlıcan/Deney 1/Kaş/fake/train/fake_train_00346.jpg,fake/train/fake_train_00346.jpg,d13292668e956dadd4b77a56b97324a522aaa3f5aa77eea85e61232b2ae26381,,20260806_142915_eyebrow_roi_seed42_b775dfb93f,2026-08-06T14:31:09.894891+00:00,1920,1080,,,2,,,,,,
4ee1266e7325fe36ef2f7056b2912da505a40c1549fca285fa55241d5278e45a,,349,0.0,fake,train,skipped,insufficient_space_below_eyebrows,/content/drive/MyDrive/AISC DeepFake Çalışmaları/Deneyler/Deney 1 Frame/Fake/train/fake_train_00349.jpg,Fake/train/fake_train_00349.jpg,/content/drive/MyDrive/AISC DeepFake Çalışmaları/Deneyler/Nazlıcan/Deney 1/Kaş/fake/train/fake_train_00349.jpg,fake/train/fake_train_00349.jpg,ba32fad11c78c45632846b22e4343fccd3eea3394c7d68e2cf96700d427fd91b,,20260806_142915_eyebrow_roi_seed42_b775dfb93f,2026-08-06T14:31:10.653884+00:00,1280,720,,,1,,,,,,
8aa0a461056c5dd0440d900de0091af25384fe6528612a315624033ba7424b4e,,350,0.0,fake,train,skipped,insufficient_space_below_eyebrows,/content/drive/MyDrive/AISC DeepFake Çalışmaları/Deneyler/Deney 1 Frame/Fake/train/fake_train_00350.jpg,Fake/train/fake_train_00350.jpg,/content/drive/MyDrive/AISC DeepFake Çalışmaları/Deneyler/Nazlıcan/Deney 1/Kaş/fake/train/fake_train_00350.jpg,fake/train/fake_train_00350.jpg,ab4b75051e89c8dc69b7926fe57d07db47d3a113b02a41243ef4e033d356cb06,,20260806_142915_eyebrow_roi_seed42_b775dfb93f,2026-08-06T14:31:10.940510+00:00,600,480,,,1,,,,,,
d2a05e20bf100c6d670b3cb2f510b4049b724880fd9b5521131c4a249a03fd72,,353,0.0,fake,train,skipped,insufficient_space_below_eyebrows,/content/drive/MyDrive/AISC DeepFake Çalışmaları/Deneyler/Deney 1 Frame/Fake/train/fake_train_00353.jpg,Fake/train/fake_train_00353.jpg,/content/drive/MyDrive/AISC DeepFake Çalışmaları/Deneyler/Nazlıcan/Deney 1/Kaş/fake/train/fake_train_00353.jpg,fake/train/fake_train_00353.jpg,d42ba6b95da8a0c9a1d19b0aa59d0bd8ed47acae6aefea51453870e13b53128f,,20260806_142915_eyebrow_roi_seed42_b775dfb93f,2026-08-06T14:31:11.839534+00:00,1280,720,,,1,,,,,,
4e71784145c55f0eb928cd0e7456dfe85ce58325cd762b6a7ce7e1aaf6b660ac,,354,,fake,train,skipped,face_not_found,/content/drive/MyDrive/AISC DeepFake Çalışmaları/Deneyler/Deney 1 Frame/Fake/train/fake_train_00354.jpg,Fake/train/fake_train_00354.jpg,/content/drive/MyDrive/AISC DeepFake Çalışmaları/Deneyler/Nazlıcan/Deney 1/Kaş/fake/train/fake_train_00354.jpg,fake/train/fake_train_00354.jpg,c45497f64b6315c485d11f1b37005c5d91b979136c5896dd1b22d614cf37b706,,20260806_142915_eyebrow_roi_seed42_b775dfb93f,2026-08-06T14:31:12.085251+00:00,1920,1080,,,0,,,,,,
f01c8fc693a1a9be3a0b2425779410644477ec7fd05d8277f3c648a799f0b20b,,355,,fake,train,skipped,face_not_found,/content/drive/MyDrive/AISC DeepFake Çalışmaları/Deneyler/Deney 1 Frame/Fake/train/fake_train_00355.jpg,Fake/train/fake_train_00355.jpg,/content/drive/MyDrive/AISC DeepFake Çalışmaları/Deneyler/Nazlıcan/Deney 1/Kaş/fake/train/fake_train_00355.jpg,fake/train/fake_train_00355.jpg,df706ceb4958024af6cee46be57240325fda19da230015a227a843fac9daf1d4,,20260806_142915_eyebrow_roi_seed42_b775dfb93f,2026-08-06T14:31:12.311435+00:00,1920,1080,,,0,,,,,,
0f7bdcfb7736c80542645631574676f6354a0700e9bd17848af48d833079b7da,,366,,fake,train,skipped,multiple_faces_detected:2,/content/drive/MyDrive/AISC DeepFake Çalışmaları/Deneyler/Deney 1 Frame/Fake/train/fake_train_00366.jpg,Fake/train/fake_train_00366.jpg,/content/drive/MyDrive/AISC DeepFake Çalışmaları/Deneyler/Nazlıcan/Deney 1/Kaş/fake/train/fake_train_00366.jpg,fake/train/fake_train_00366.jpg,8a3e20368a7a6235540d06ed69d0efc20723dbcf503cf07096ce1b42a4e74bb6,,20260806_142915_eyebrow_roi_seed42_b775dfb93f,2026-08-06T14:31:16.489734+00:00,1920,1080,,,2,,,,,,
53b3f6d374e87a44253d80069a4957a0f3ff5d0ec6970de70f88327cdfc93971,,370,0.0,fake,train,skipped,insufficient_space_below_eyebrows,/content/drive/MyDrive/AISC DeepFake Çalışmaları/Deneyler/Deney 1 Frame/Fake/train/fake_train_00370.jpg,Fake/train/fake_train_00370.jpg,/content/drive/MyDrive/AISC DeepFake Çalışmaları/Deneyler/Nazlıcan/Deney 1/Kaş/fake/train/fake_train_00370.jpg,fake/train/fake_train_00370.jpg,a22b5c2468d6082f0b7ce62db7b5bec3b15422ac489aec05f2b5d938216bef3a,,20260806_142915_eyebrow_roi_seed42_b775dfb93f,2026-08-06T14:31:17.664907+00:00,1920,1080,,,1,,,,,,
5dfc03c61a6593cc9f625e029c9127101288bc9519ac75d9940afaf28be0d64a,,374,,fake,train,skipped,face_not_found,/content/drive/MyDrive/AISC DeepFake Çalışmaları/Deneyler/Deney 1 Frame/Fake/train/fake_train_00374.jpg,Fake/train/fake_train_00374.jpg,/content/drive/MyDrive/AISC DeepFake Çalışmaları/Deneyler/Nazlıcan/Deney 1/Kaş/fake/train/fake_train_00374.jpg,fake/train/fake_train_00374.jpg,514a96e2a8bd47aebfaab6b7d3f5ca2acb499966265ab106824205dfbc6a4c28,,20260806_142915_eyebrow_roi_seed42_b775dfb93f,2026-08-06T14:31:18.810507+00:00,1920,1080,,,0,,,,,,
bf7f5d6866e55a17d8d92f22f995e823ff1ffc8fd06174cfbb1eb7269eef2b96,,376,0.0,fake,train,skipped,insufficient_space_below_eyebrows,/content/drive/MyDrive/AISC DeepFake Çalışmaları/Deneyler/Deney 1 Frame/Fake/train/fake_train_00376.jpg,Fake/train/fake_train_00376.jpg,/content/drive/MyDrive/AISC DeepFake Çalışmaları/Deneyler/Nazlıcan/Deney 1/Kaş/fake/train/fake_train_00376.jpg,fake/train/fake_train_00376.jpg,73aa5b0a9fd0b2ada8df2aaeaa12010de6a86ae55f17bcda7d451d4f03aeeac2,,20260806_142915_eyebrow_roi_seed42_b775dfb93f,2026-08-06T14:31:19.531644+00:00,1920,1080,,,1,,,,,,
34cda0929af117a3a1f9b2233073609d078df8368a4cbfc99acff105070aafb4,,379,0.0,fake,train,skipped,insufficient_space_below_eyebrows,/content/drive/MyDrive/AISC DeepFake Çalışmaları/Deneyler/Deney 1 Frame/Fake/train/fake_train_00379.jpg,Fake/train/fake_train_00379.jpg,/content/drive/MyDrive/AISC DeepFake Çalışmaları/Deneyler/Nazlıcan/Deney 1/Kaş/fake/train/fake_train_00379.jpg,fake/train/fake_train_00379.jpg,b4762feb157d55e019c631cf49342ac848994ab57f5d43bed9be5cc6efa2baa9,,20260806_142915_eyebrow_roi_seed42_b775dfb93f,2026-08-06T14:31:20.775702+00:00,598,480,,,1,,,,,,
e7207e4956ad275bd53f16572f064a87da7ab5420f9b3ea331ad049e7b9b4322,,381,0.0,fake,train,skipped,insufficient_space_below_eyebrows,/content/drive/MyDrive/AISC DeepFake Çalışmaları/Deneyler/Deney 1 Frame/Fake/train/fake_train_00381.jpg,Fake/train/fake_train_00381.jpg,/content/drive/MyDrive/AISC DeepFake Çalışmaları/Deneyler/Nazlıcan/Deney 1/Kaş/fake/train/fake_train_00381.jpg,fake/train/fake_train_00381.jpg,259279035cfafe139f655a26cdf740f708ee5d37912cfcc0affbf42e2ea7098f,,20260806_142915_eyebrow_roi_seed42_b775dfb93f,2026-08-06T14:31:21.488895+00:00,600,480,,,1,,,,,,
217162a89f679d6136134273f7be7e07ab11169a99d6f222ab88243f08d9af18,,385,0.0,fake,train,skipped,insufficient_space_below_eyebrows,/content/drive/MyDrive/AISC DeepFake Çalışmaları/Deneyler/Deney 1 Frame/Fake/train/fake_train_00385.jpg,Fake/train/fake_train_00385.jpg,/content/drive/MyDrive/AISC DeepFake Çalışmaları/Deneyler/Nazlıcan/Deney 1/Kaş/fake/train/fake_train_00385.jpg,fake/train/fake_train_00385.jpg,bbba3260056df8ca97e500a805f9ee46585794dfe9ea3934dea022fc3630d01a,,20260806_142915_eyebrow_roi_seed42_b775dfb93f,2026-08-06T14:31:23.226236+00:00,640,480,,,1,,,,,,
ff67d9309bb39c796deca9afa0db6eb8d707bec093522aec16c1a79e994fcb54,,386,0.0,fake,train,skipped,insufficient_space_below_eyebrows,/content/drive/MyDrive/AISC DeepFake Çalışmaları/Deneyler/Deney 1 Frame/Fake/train/fake_train_00386.jpg,Fake/train/fake_train_00386.jpg,/content/drive/MyDrive/AISC DeepFake Çalışmaları/Deneyler/Nazlıcan/Deney 1/Kaş/fake/train/fake_train_00386.jpg,fake/train/fake_train_00386.jpg,a0edcfd00c53eab41a5e1710c6acecc74d641349e5c5593338e3e36bd9b753e0,,20260806_142915_eyebrow_roi_seed42_b775dfb93f,2026-08-06T14:31:23.497503+00:00,600,480,,,1,,,,,,
7247eb9d4925cc7822a59deeda5b1ed902f60ad40e1419b6a3031f8dca6bc568,,388,,fake,train,skipped,face_not_found,/content/drive/MyDrive/AISC DeepFake Çalışmaları/Deneyler/Deney 1 Frame/Fake/train/fake_train_00388.jpg,Fake/train/fake_train_00388.jpg,/content/drive/MyDrive/AISC DeepFake Çalışmaları/Deneyler/Nazlıcan/Deney 1/Kaş/fake/train/fake_train_00388.jpg,fake/train/fake_train_00388.jpg,c8f90c31e75782bee4807455977d24b33ec53d904b3a8410b547f2d3880463a0,,20260806_142915_eyebrow_roi_seed42_b775dfb93f,2026-08-06T14:31:24.001104+00:00,1920,1080,,,0,,,,,,
0a07b98fbe0c107c66e46df83d8a098fc3909fe6fed39e2cc1e4f304115e7ab7,,391,0.0,fake,train,skipped,too_much_eye_inside_roi:0.3438,/content/drive/MyDrive/AISC DeepFake Çalışmaları/Deneyler/Deney 1 Frame/Fake/train/fake_train_00391.jpg,Fake/train/fake_train_00391.jpg,/content/drive/MyDrive/AISC DeepFake Çalışmaları/Deneyler/Nazlıcan/Deney 1/Kaş/fake/train/fake_train_00391.jpg,fake/train/fake_train_00391.jpg,cf50a857e6435e20fa5986a17938930fc24ea93e0802b0f27ce28e2dcb8602f7,,20260806_142915_eyebrow_roi_seed42_b775dfb93f,2026-08-06T14:31:24.789037+00:00,600,480,,,1,,,,,,
6d555dc079671959ffa321cf366f574b4e8e5531a1a69b19ab1674e93334e5a2,,394,0.0,fake,train,skipped,insufficient_space_below_eyebrows,/content/drive/MyDrive/AISC DeepFake Çalışmaları/Deneyler/Deney 1 Frame/Fake/train/fake_train_00394.jpg,Fake/train/fake_train_00394.jpg,/content/drive/MyDrive/AISC DeepFake Çalışmaları/Deneyler/Nazlıcan/Deney 1/Kaş/fake/train/fake_train_00394.jpg,fake/train/fake_train_00394.jpg,baaf9d8c73890f7cd2574bca292042421ea0c357d8638d4c3d2ddddbc6ec826d,,20260806_142915_eyebrow_roi_seed42_b775dfb93f,2026-08-06T14:31:26.157963+00:00,1920,1080,,,1,,,,,,
7e8841d07c4d58800573e6989b1273620f65417f5d63c30037e5babb3992050e,,396,0.0,fake,train,skipped,insufficient_space_below_eyebrows,/content/drive/MyDrive/AISC DeepFake Çalışmaları/Deneyler/Deney 1 Frame/Fake/train/fake_train_00396.jpg,Fake/train/fake_train_00396.jpg,/content/drive/MyDrive/AISC DeepFake Çalışmaları/Deneyler/Nazlıcan/Deney 1/Kaş/fake/train/fake_train_00396.jpg,fake/train/fake_train_00396.jpg,76a5d1c0b597e760270406ae3c3854fd3493f8b77aedb69883a4e7ba10f5d206,,20260806_142915_eyebrow_roi_seed42_b775dfb93f,2026-08-06T14:31:26.678734+00:00,832,480,,,1,,,,,,
eeed1c60d6cd1bafe7a656062b6f6f91298f9a27f5051cfd3de4df546eef8e8c,,398,,fake,train,skipped,multiple_faces_detected:2,/content/drive/MyDrive/AISC DeepFake Çalışmaları/Deneyler/Deney 1 Frame/Fake/train/fake_train_00398.jpg,Fake/train/fake_train_00398.jpg,/content/drive/MyDrive/AISC DeepFake Çalışmaları/Deneyler/Nazlıcan/Deney 1/Kaş/fake/train/fake_train_00398.jpg,fake/train/fake_train_00398.jpg,691b8e5d3bf40d43d5806aff64ededd3c26295c646c3417be68dc1eae6ae7581,,20260806_142915_eyebrow_roi_seed42_b775dfb93f,2026-08-06T14:31:27.257704+00:00,1920,1080,,,2,,,,,,
55ca1ab4178fb25719ebb40421c5cbbf879984bb179c144b96330ddfa4719783,,399,0.0,fake,train,skipped,insufficient_space_below_eyebrows,/content/drive/MyDrive/AISC DeepFake Çalışmaları/Deneyler/Deney 1 Frame/Fake/train/fake_train_00399.jpg,Fake/train/fake_train_00399.jpg,/content/drive/MyDrive/AISC DeepFake Çalışmaları/Deneyler/Nazlıcan/Deney 1/Kaş/fake/train/fake_train_00399.jpg,fake/train/fake_train_00399.jpg,1412072ce1e84acdd2b76da1bff7cf89653041793e51d3d342ee676b7049b1bd,,20260806_142915_eyebrow_roi_seed42_b775dfb93f,2026-08-06T14:31:27.502730+00:00,644,480,,,1,,,,,,
ec86327e4094feceade4af79f6111f173719209993b0b505c440140aa66828c5,,400,0.0,fake,train,skipped,insufficient_space_below_eyebrows,/content/drive/MyDrive/AISC DeepFake Çalışmaları/Deneyler/Deney 1 Frame/Fake/train/fake_train_00400.jpg,Fake/train/fake_train_00400.jpg,/content/drive/MyDrive/AISC DeepFake Çalışmaları/Deneyler/Nazlıcan/Deney 1/Kaş/fake/train/fake_train_00400.jpg,fake/train/fake_train_00400.jpg,5eba7e553f84777d26f09066961420f274998a792cda83e6eaf27427c9ecff88,,20260806_142915_eyebrow_roi_seed42_b775dfb93f,2026-08-06T14:31:27.828104+00:00,854,480,,,1,,,,,,
f84afd203ac5e3283decaf38a28890bfd65f3a634b085a637015b7906c306b24,,408,0.0,fake,train,skipped,insufficient_space_below_eyebrows,/content/drive/MyDrive/AISC DeepFake Çalışmaları/Deneyler/Deney 1 Frame/Fake/train/fake_train_00408.jpg,Fake/train/fake_train_00408.jpg,/content/drive/MyDrive/AISC DeepFake Çalışmaları/Deneyler/Nazlıcan/Deney 1/Kaş/fake/train/fake_train_00408.jpg,fake/train/fake_train_00408.jpg,e8c18d9275b2971f0297a001c9e6730c2a105815ef2215b04e868bd660aee39f,,20260806_142915_eyebrow_roi_seed42_b775dfb93f,2026-08-06T14:31:30.201516+00:00,1280,720,,,1,,,,,,
7bf2803c2c94b6446be7b292a7a421ddd0a721f4e287e62a354774fd6ac7da30,,415,,fake,train,skipped,face_not_found,/content/drive/MyDrive/AISC DeepFake Çalışmaları/Deneyler/Deney 1 Frame/Fake/train/fake_train_00415.jpg,Fake/train/fake_train_00415.jpg,/content/drive/MyDrive/AISC DeepFake Çalışmaları/Deneyler/Nazlıcan/Deney 1/Kaş/fake/train/fake_train_00415.jpg,fake/train/fake_train_00415.jpg,708a3993b253edbc76232f060e1258ab5c71f72ed364a535d33dfc224c9d139d,,20260806_142915_eyebrow_roi_seed42_b775dfb93f,2026-08-06T14:31:32.226053+00:00,1920,1080,,,0,,,,,,
834cb8d2368161f4633c52d2a019eaad23520fdf9fc215b7d70ba1dac7bcd333,,418,0.0,fake,train,skipped,insufficient_space_below_eyebrows,/content/drive/MyDrive/AISC DeepFake Çalışmaları/Deneyler/Deney 1 Frame/Fake/train/fake_train_00418.jpg,Fake/train/fake_train_00418.jpg,/content/drive/MyDrive/AISC DeepFake Çalışmaları/Deneyler/Nazlıcan/Deney 1/Kaş/fake/train/fake_train_00418.jpg,fake/train/fake_train_00418.jpg,dfb9b13a8c18e9b1310e51a2c585a0e53dd489a507b43d879507d3353514aff9,,20260806_142915_eyebrow_roi_seed42_b775dfb93f,2026-08-06T14:31:33.128157+00:00,640,480,,,1,,,,,,
ef334443cfc51783610a787c66c027ae99fc0c448f3ff46bfc73e098cbbbcb2f,,424,0.0,fake,train,skipped,insufficient_space_below_eyebrows,/content/drive/MyDrive/AISC DeepFake Çalışmaları/Deneyler/Deney 1 Frame/Fake/train/fake_train_00424.jpg,Fake/train/fake_train_00424.jpg,/content/drive/MyDrive/AISC DeepFake Çalışmaları/Deneyler/Nazlıcan/Deney 1/Kaş/fake/train/fake_train_00424.jpg,fake/train/fake_train_00424.jpg,e46bf934b92423e0fceaf87ad25f95975f56d9d6839d94e690c8dc074f56ff3f,,20260806_142915_eyebrow_roi_seed42_b775dfb93f,2026-08-06T14:31:34.955121+00:00,1280,720,,,1,,,,,,
cd819b066796de5e486ef7fa6b4cb20eecf07b990350dce8733f00e49282eed4,,426,0.0,fake,train,skipped,insufficient_space_below_eyebrows,/content/drive/MyDrive/AISC DeepFake Çalışmaları/Deneyler/Deney 1 Frame/Fake/train/fake_train_00426.jpg,Fake/train/fake_train_00426.jpg,/content/drive/MyDrive/AISC DeepFake Çalışmaları/Deneyler/Nazlıcan/Deney 1/Kaş/fake/train/fake_train_00426.jpg,fake/train/fake_train_00426.jpg,ec5f90b3ba25cfa3fafc9624954e45a40425a614b90f53301e030abd54cddb3d,,20260806_142915_eyebrow_roi_seed42_b775dfb93f,2026-08-06T14:31:35.527015+00:00,704,480,,,1,,,,,,
006de79eeaf25cf38370583c5d4c67b270ccedfff398a5c399f30e5476e6d1ac,,428,,fake,train,skipped,multiple_faces_detected:2,/content/drive/MyDrive/AISC DeepFake Çalışmaları/Deneyler/Deney 1 Frame/Fake/train/fake_train_00428.jpg,Fake/train/fake_train_00428.jpg,/content/drive/MyDrive/AISC DeepFake Çalışmaları/Deneyler/Nazlıcan/Deney 1/Kaş/fake/train/fake_train_00428.jpg,fake/train/fake_train_00428.jpg,8b9719b00f4426f28452d209cfdd301782a039f367faeb9083ed9f229fef74bb,,20260806_142915_eyebrow_roi_seed42_b775dfb93f,2026-08-06T14:31:36.098396+00:00,640,480,,,2,,,,,,
d7725db02ef19c7e5a33e831675d6628b7867d997ac33688ed8706a9496cdf94,,435,0.0,fake,train,skipped,insufficient_space_below_eyebrows,/content/drive/MyDrive/AISC DeepFake Çalışmaları/Deneyler/Deney 1 Frame/Fake/train/fake_train_00435.jpg,Fake/train/fake_train_00435.jpg,/content/drive/MyDrive/AISC DeepFake Çalışmaları/Deneyler/Nazlıcan/Deney 1/Kaş/fake/train/fake_train_00435.jpg,fake/train/fake_train_00435.jpg,2d46d3e02fe6154ade054a88c29c19bc0cff9d769fa71d6bbad5c7bb0dd2b0c0,,20260806_142915_eyebrow_roi_seed42_b775dfb93f,2026-08-06T14:31:38.039219+00:00,1280,720,,,1,,,,,,
b8d42d7f7ca40e71edc378d3499677c9b77b4fdefcd9488c9a5f08d8961235f9,,447,0.0,fake,train,skipped,insufficient_space_below_eyebrows,/content/drive/MyDrive/AISC DeepFake Çalışmaları/Deneyler/Deney 1 Frame/Fake/train/fake_train_00447.jpg,Fake/train/fake_train_00447.jpg,/content/drive/MyDrive/AISC DeepFake Çalışmaları/Deneyler/Nazlıcan/Deney 1/Kaş/fake/train/fake_train_00447.jpg,fake/train/fake_train_00447.jpg,25e158a71297bd855a5dd0c0743d41118d59a767abee79272d8884ae0d7f0b93,,20260806_142915_eyebrow_roi_seed42_b775dfb93f,2026-08-06T14:31:41.403497+00:00,1280,720,,,1,,,,,,
993401f5808d99d32b2473d8d4ab4353570e28f1ab72a9c4f4a0f1d1ea176473,,448,,fake,train,skipped,face_not_found,/content/drive/MyDrive/AISC DeepFake Çalışmaları/Deneyler/Deney 1 Frame/Fake/train/fake_train_00448.jpg,Fake/train/fake_train_00448.jpg,/content/drive/MyDrive/AISC DeepFake Çalışmaları/Deneyler/Nazlıcan/Deney 1/Kaş/fake/train/fake_train_00448.jpg,fake/train/fake_train_00448.jpg,d24eca437327cac0a913cebfb84855ac663f8cb93245da0cd86c352b9e588ab7,,20260806_142915_eyebrow_roi_seed42_b775dfb93f,2026-08-06T14:31:41.673130+00:00,1920,1080,,,0,,,,,,
6c25b16bea8e22b01baf22fd813c45e998194351efe9d0591cfc245e293abe84,,449,,fake,train,skipped,face_not_found,/content/drive/MyDrive/AISC DeepFake Çalışmaları/Deneyler/Deney 1 Frame/Fake/train/fake_train_00449.jpg,Fake/train/fake_train_00449.jpg,/content/drive/MyDrive/AISC DeepFake Çalışmaları/Deneyler/Nazlıcan/Deney 1/Kaş/fake/train/fake_train_00449.jpg,fake/train/fake_train_00449.jpg,d7ce0332be73ed54899759a2f6d89dbd7fa3edeef75ffd17cd3be0db6efa6591,,20260806_142915_eyebrow_roi_seed42_b775dfb93f,2026-08-06T14:31:41.886210+00:00,1920,1080,,,0,,,,,,
88a98a257daf7d5d32ffdba0347c64baf4db9f62f386c7edfd81d3cf363a8479,,450,0.0,fake,train,skipped,insufficient_space_below_eyebrows,/content/drive/MyDrive/AISC DeepFake Çalışmaları/Deneyler/Deney 1 Frame/Fake/train/fake_train_00450.jpg,Fake/train/fake_train_00450.jpg,/content/drive/MyDrive/AISC DeepFake Çalışmaları/Deneyler/Nazlıcan/Deney 1/Kaş/fake/train/fake_train_00450.jpg,fake/train/fake_train_00450.jpg,a1624cc4672c228636dc52409e6deadb43a530267df4a0f83143a07ad63d8f5e,,20260806_142915_eyebrow_roi_seed42_b775dfb93f,2026-08-06T14:31:42.270730+00:00,704,480,,,1,,,,,,
413a6459fc93a8c5559b7419e99c9690c51ebaa3666ec6070259223aa8ad77e5,,452,0.0,fake,train,skipped,insufficient_space_below_eyebrows,/content/drive/MyDrive/AISC DeepFake Çalışmaları/Deneyler/Deney 1 Frame/Fake/train/fake_train_00452.jpg,Fake/train/fake_train_00452.jpg,/content/drive/MyDrive/AISC DeepFake Çalışmaları/Deneyler/Nazlıcan/Deney 1/Kaş/fake/train/fake_train_00452.jpg,fake/train/fake_train_00452.jpg,3be9f16ba19ee8cb26f3b7d65661dbe0765c487aaa0d2b34b3737c129640c33c,,20260806_142915_eyebrow_roi_seed42_b775dfb93f,2026-08-06T14:31:43.202441+00:00,640,480,,,1,,,,,,
ccfd94aec4a3f9a51d9388b65987f9c14920db5638c714ee669a9d9ff3f84ad6,,453,0.0,fake,train,skipped,insufficient_space_below_eyebrows,/content/drive/MyDrive/AISC DeepFake Çalışmaları/Deneyler/Deney 1 Frame/Fake/train/fake_train_00453.jpg,Fake/train/fake_train_00453.jpg,/content/drive/MyDrive/AISC DeepFake Çalışmaları/Deneyler/Nazlıcan/Deney 1/Kaş/fake/train/fake_train_00453.jpg,fake/train/fake_train_00453.jpg,0b7bd93f4bf1b61fda5a5b6bbc1533a1ac9198958f13a69d3e996173864c16af,,20260806_142915_eyebrow_roi_seed42_b775dfb93f,2026-08-06T14:31:43.569712+00:00,1920,1080,,,1,,,,,,
a675813ce1989e7d14ecc15a113a807c206eed8e66eb71ea5ead3c82f73ef85a,,455,0.0,fake,train,skipped,insufficient_space_below_eyebrows,/content/drive/MyDrive/AISC DeepFake Çalışmaları/Deneyler/Deney 1 Frame/Fake/train/fake_train_00455.jpg,Fake/train/fake_train_00455.jpg,/content/drive/MyDrive/AISC DeepFake Çalışmaları/Deneyler/Nazlıcan/Deney 1/Kaş/fake/train/fake_train_00455.jpg,fake/train/fake_train_00455.jpg,4bf23ba8e3fbbf56fe1f0c01fef0fb8b51e67b5136109ee69129679985125813,,20260806_142915_eyebrow_roi_seed42_b775dfb93f,2026-08-06T14:31:44.389366+00:00,640,480,,,1,,,,,,
d653a5bc6e7809671f58c0072bfa00ead9a4f590aa5138a7ba2e853b7954f709,,456,0.0,fake,train,skipped,insufficient_space_below_eyebrows,/content/drive/MyDrive/AISC DeepFake Çalışmaları/Deneyler/Deney 1 Frame/Fake/train/fake_train_00456.jpg,Fake/train/fake_train_00456.jpg,/content/drive/MyDrive/AISC DeepFake Çalışmaları/Deneyler/Nazlıcan/Deney 1/Kaş/fake/train/fake_train_00456.jpg,fake/train/fake_train_00456.jpg,0766fe00ddf4c01a05999f99baa5df538fbd363fdb0440414aa624c9c17b0e8d,,20260806_142915_eyebrow_roi_seed42_b775dfb93f,2026-08-06T14:31:44.623969+00:00,854,480,,,1,,,,,,
ce4e2eb2b0adf2430904879184df11cfc2198f3011a67fff6d2f2e88f3e5f339,,458,0.0,fake,train,skipped,insufficient_space_below_eyebrows,/content/drive/MyDrive/AISC DeepFake Çalışmaları/Deneyler/Deney 1 Frame/Fake/train/fake_train_00458.jpg,Fake/train/fake_train_00458.jpg,/content/drive/MyDrive/AISC DeepFake Çalışmaları/Deneyler/Nazlıcan/Deney 1/Kaş/fake/train/fake_train_00458.jpg,fake/train/fake_train_00458.jpg,fb5d5aaef942b9f94a4063815ce80bb31ef4d6574e405095cdd3a40e979879c0,,20260806_142915_eyebrow_roi_seed42_b775dfb93f,2026-08-06T14:31:45.271285+00:00,1920,1080,,,1,,,,,,
60baf9169547059b6038bcf6152faa3f8acd82669841084421ee4247baef5369,,459,,fake,train,skipped,face_not_found,/content/drive/MyDrive/AISC DeepFake Çalışmaları/Deneyler/Deney 1 Frame/Fake/train/fake_train_00459.jpg,Fake/train/fake_train_00459.jpg,/content/drive/MyDrive/AISC DeepFake Çalışmaları/Deneyler/Nazlıcan/Deney 1/Kaş/fake/train/fake_train_00459.jpg,fake/train/fake_train_00459.jpg,8383438ded02432d9f55d25e307f535b3316850fe4bbf2e7ed40b4ddfd44f053,,20260806_142915_eyebrow_roi_seed42_b775dfb93f,2026-08-06T14:31:45.520353+00:00,1280,720,,,0,,,,,,
fc323e7c05522c0a51529adfe02d0e2731d4cd625acf0db6c99a36dde5bcc2d9,,460,0.0,fake,train,skipped,insufficient_space_below_eyebrows,/content/drive/MyDrive/AISC DeepFake Çalışmaları/Deneyler/Deney 1 Frame/Fake/train/fake_train_00460.jpg,Fake/train/fake_train_00460.jpg,/content/drive/MyDrive/AISC DeepFake Çalışmaları/Deneyler/Nazlıcan/Deney 1/Kaş/fake/train/fake_train_00460.jpg,fake/train/fake_train_00460.jpg,9e2824279fbf42c49eb532eedf356ef8bce477941a6131c6258f131f73899de1,,20260806_142915_eyebrow_roi_seed42_b775dfb93f,2026-08-06T14:31:45.776274+00:00,640,480,,,1,,,,,,
95bcc3f1bfb8e01c58e7395097f45a806fe7929001780c2acf4b7368511dde8a,,462,0.0,fake,train,skipped,insufficient_space_below_eyebrows,/content/drive/MyDrive/AISC DeepFake Çalışmaları/Deneyler/Deney 1 Frame/Fake/train/fake_train_00462.jpg,Fake/train/fake_train_00462.jpg,/content/drive/MyDrive/AISC DeepFake Çalışmaları/Deneyler/Nazlıcan/Deney 1/Kaş/fake/train/fake_train_00462.jpg,fake/train/fake_train_00462.jpg,01d4703c96d28ecbdf9f44079755716f10d47ee9f9588d7d6055cbcb0573d846,,20260806_142915_eyebrow_roi_seed42_b775dfb93f,2026-08-06T14:31:46.432044+00:00,640,480,,,1,,,,,,
ae770320c398025108ed64a1fa7746d4e9a489d42bf36fa8edf23df0c65d6d4d,,463,0.0,fake,train,skipped,insufficient_space_below_eyebrows,/content/drive/MyDrive/AISC DeepFake Çalışmaları/Deneyler/Deney 1 Frame/Fake/train/fake_train_00463.jpg,Fake/train/fake_train_00463.jpg,/content/drive/MyDrive/AISC DeepFake Çalışmaları/Deneyler/Nazlıcan/Deney 1/Kaş/fake/train/fake_train_00463.jpg,fake/train/fake_train_00463.jpg,101ab20f0d49f52401c6c6b094f16168a3375e97e497962a39b6dcadd86122de,,20260806_142915_eyebrow_roi_seed42_b775dfb93f,2026-08-06T14:31:46.660011+00:00,576,480,,,1,,,,,,
bc0cafe568c2f912aa119ff6d7528b0c96f707ce938f64f156a40f01e10c9d50,,468,,fake,train,skipped,face_not_found,/content/drive/MyDrive/AISC DeepFake Çalışmaları/Deneyler/Deney 1 Frame/Fake/train/fake_train_00468.jpg,Fake/train/fake_train_00468.jpg,/content/drive/MyDrive/AISC DeepFake Çalışmaları/Deneyler/Nazlıcan/Deney 1/Kaş/fake/train/fake_train_00468.jpg,fake/train/fake_train_00468.jpg,e82a0c41d4d7c81d9e3af06a35a40a82793b733b052024500565bf9a96743a4d,,20260806_142915_eyebrow_roi_seed42_b775dfb93f,2026-08-06T14:31:48.061331+00:00,1920,1080,,,0,,,,,,
cde1ccc7847e3f17eb21c0c5d89d37da025fe9f1fc6497fd999f2379a9647e7a,,469,0.0,fake,train,skipped,insufficient_space_below_eyebrows,/content/drive/MyDrive/AISC DeepFake Çalışmaları/Deneyler/Deney 1 Frame/Fake/train/fake_train_00469.jpg,Fake/train/fake_train_00469.jpg,/content/drive/MyDrive/AISC DeepFake Çalışmaları/Deneyler/Nazlıcan/Deney 1/Kaş/fake/train/fake_train_00469.jpg,fake/train/fake_train_00469.jpg,6b86f652805512b22aa932ea8b8c3ea4116c695fc125082b5e868e968fa3b7b8,,20260806_142915_eyebrow_roi_seed42_b775dfb93f,2026-08-06T14:31:48.287757+00:00,640,480,,,1,,,,,,
5b61398bfc789d2b7df06bf9b539ee94632b924b8d12324ee9cef2b11144cfa0,,473,0.0,fake,train,skipped,roi_height_too_small:12,/content/drive/MyDrive/AISC DeepFake Çalışmaları/Deneyler/Deney 1 Frame/Fake/train/fake_train_00473.jpg,Fake/train/fake_train_00473.jpg,/content/drive/MyDrive/AISC DeepFake Çalışmaları/Deneyler/Nazlıcan/Deney 1/Kaş/fake/train/fake_train_00473.jpg,fake/train/fake_train_00473.jpg,ee8f3e323bbff8b62b4123737e3a2b3a6c2e735d2204a122d70f094554e6f3f0,,20260806_142915_eyebrow_roi_seed42_b775dfb93f,2026-08-06T14:31:49.197034+00:00,656,480,,,1,,,,,,
18f712a6788514e07cc3d66a2709d99068b3353e770b7c2034dddab3715a7106,,476,,fake,train,skipped,multiple_faces_detected:2,/content/drive/MyDrive/AISC DeepFake Çalışmaları/Deneyler/Deney 1 Frame/Fake/train/fake_train_00476.jpg,Fake/train/fake_train_00476.jpg,/content/drive/MyDrive/AISC DeepFake Çalışmaları/Deneyler/Nazlıcan/Deney 1/Kaş/fake/train/fake_train_00476.jpg,fake/train/fake_train_00476.jpg,7868a8404806e0b958fa67f42abf9fd6e0a28a3e95f108b4df09fc039e11033b,,20260806_142915_eyebrow_roi_seed42_b775dfb93f,2026-08-06T14:31:50.483177+00:00,1920,1080,,,2,,,,,,
88e055151bf3244823a5fb74e266088132c0cc8c75929cbffcec311b0a3f017e,,480,0.0,fake,train,skipped,insufficient_space_below_eyebrows,/content/drive/MyDrive/AISC DeepFake Çalışmaları/Deneyler/Deney 1 Frame/Fake/train/fake_train_00480.jpg,Fake/train/fake_train_00480.jpg,/content/drive/MyDrive/AISC DeepFake Çalışmaları/Deneyler/Nazlıcan/Deney 1/Kaş/fake/train/fake_train_00480.jpg,fake/train/fake_train_00480.jpg,8ef496031932a0976f369837b9246cd8547df5ec8abf3bbca2ceaff4a7f30034,,20260806_142915_eyebrow_roi_seed42_b775dfb93f,2026-08-06T14:31:51.614641+00:00,640,480,,,1,,,,,,
a70b3b485e97908684d40f49385fb4ea91c7853c7399ec13c3c3bc8d9e5226f9,,483,0.0,fake,train,skipped,insufficient_space_below_eyebrows,/content/drive/MyDrive/AISC DeepFake Çalışmaları/Deneyler/Deney 1 Frame/Fake/train/fake_train_00483.jpg,Fake/train/fake_train_00483.jpg,/content/drive/MyDrive/AISC DeepFake Çalışmaları/Deneyler/Nazlıcan/Deney 1/Kaş/fake/train/fake_train_00483.jpg,fake/train/fake_train_00483.jpg,8375fc18e85617469a8027134414e6977de8809bee5d59e51b3c2cad7935b071,,20260806_142915_eyebrow_roi_seed42_b775dfb93f,2026-08-06T14:31:52.309223+00:00,1920,1080,,,1,,,,,,
56bb91ce590580feef14ae5b3b8f296c94666a04409b12d9b1b02cb1923e8b54,,485,,fake,train,skipped,face_not_found,/content/drive/MyDrive/AISC DeepFake Çalışmaları/Deneyler/Deney 1 Frame/Fake/train/fake_train_00485.jpg,Fake/train/fake_train_00485.jpg,/content/drive/MyDrive/AISC DeepFake Çalışmaları/Deneyler/Nazlıcan/Deney 1/Kaş/fake/train/fake_train_00485.jpg,fake/train/fake_train_00485.jpg,0f50c7f4f1ef63eebc35b52a558c4f5759a6285828c6625dcf0116aaaa2e44b3,,20260806_142915_eyebrow_roi_seed42_b775dfb93f,2026-08-06T14:31:53.003812+00:00,1280,720,,,0,,,,,,
e0de5150a83295b72b001c9709669ef01812fa39513b255ea118aa8175809600,,488,0.0,fake,train,skipped,insufficient_space_below_eyebrows,/content/drive/MyDrive/AISC DeepFake Çalışmaları/Deneyler/Deney 1 Frame/Fake/train/fake_train_00488.jpg,Fake/train/fake_train_00488.jpg,/content/drive/MyDrive/AISC DeepFake Çalışmaları/Deneyler/Nazlıcan/Deney 1/Kaş/fake/train/fake_train_00488.jpg,fake/train/fake_train_00488.jpg,fbff7f1b5641eecf792e7291d55418fd955c0779ce723863176263d8f4e6f2cc,,20260806_142915_eyebrow_roi_seed42_b775dfb93f,2026-08-06T14:31:53.955551+00:00,640,480,,,1,,,,,,
728b1eea9d494aa732531ff9824f7a5025ad374fea62d02815fc0150e282d124,,489,,fake,train,skipped,face_not_found,/content/drive/MyDrive/AISC DeepFake Çalışmaları/Deneyler/Deney 1 Frame/Fake/train/fake_train_00489.jpg,Fake/train/fake_train_00489.jpg,/content/drive/MyDrive/AISC DeepFake Çalışmaları/Deneyler/Nazlıcan/Deney 1/Kaş/fake/train/fake_train_00489.jpg,fake/train/fake_train_00489.jpg,992d4bedcbada15e1620b07a2796f82fdd445fb6ccd29b3020c44ac5e843bca9,,20260806_142915_eyebrow_roi_seed42_b775dfb93f,2026-08-06T14:31:54.196166+00:00,1920,1080,,,0,,,,,,
3c4fd8139f53a39ab8cb75c706bcb0f21e36b56336e2908ea0ffde651df2fda2,,491,0.0,fake,train,skipped,insufficient_space_below_eyebrows,/content/drive/MyDrive/AISC DeepFake Çalışmaları/Deneyler/Deney 1 Frame/Fake/train/fake_train_00491.jpg,Fake/train/fake_train_00491.jpg,/content/drive/MyDrive/AISC DeepFake Çalışmaları/Deneyler/Nazlıcan/Deney 1/Kaş/fake/train/fake_train_00491.jpg,fake/train/fake_train_00491.jpg,04a1aa5d6d0942182f0859ae233bfde25652939761722bd334555be4f8a3a331,,20260806_142915_eyebrow_roi_seed42_b775dfb93f,2026-08-06T14:31:54.881765+00:00,960,720,,,1,,,,,,
7b6ea30d170ef45a6f7ee992c1173e2f3bd79d51e01809b48a4a58472d8e2783,,492,0.0,fake,train,skipped,insufficient_space_below_eyebrows,/content/drive/MyDrive/AISC DeepFake Çalışmaları/Deneyler/Deney 1 Frame/Fake/train/fake_train_00492.jpg,Fake/train/fake_train_00492.jpg,/content/drive/MyDrive/AISC DeepFake Çalışmaları/Deneyler/Nazlıcan/Deney 1/Kaş/fake/train/fake_train_00492.jpg,fake/train/fake_train_00492.jpg,321442f9bd3348b560debd72047f52f1390c7357e4a851ab7a9e6c158747c5d9,,20260806_142915_eyebrow_roi_seed42_b775dfb93f,2026-08-06T14:31:55.111098+00:00,640,480,,,1,,,,,,
e2151dbeb4bbdad65900077d517ad299e2b46b007b19ed7c61ba03120802a8a7,,502,0.0,fake,train,skipped,insufficient_space_below_eyebrows,/content/drive/MyDrive/AISC DeepFake Çalışmaları/Deneyler/Deney 1 Frame/Fake/train/fake_train_00502.jpg,Fake/train/fake_train_00502.jpg,/content/drive/MyDrive/AISC DeepFake Çalışmaları/Deneyler/Nazlıcan/Deney 1/Kaş/fake/train/fake_train_00502.jpg,fake/train/fake_train_00502.jpg,58cae2b96175839b76942f81b96c9d2dc9e75d8a57ff144d229321aee7e2483b,,20260806_142915_eyebrow_roi_seed42_b775dfb93f,2026-08-06T14:31:58.103899+00:00,640,480,,,1,,,,,,
c3d0de505af3ca10eacd9bca10d79e2731b9404d9abafcbf327ddae87cb4f268,,506,,fake,train,skipped,face_not_found,/content/drive/MyDrive/AISC DeepFake Çalışmaları/Deneyler/Deney 1 Frame/Fake/train/fake_train_00506.jpg,Fake/train/fake_train_00506.jpg,/content/drive/MyDrive/AISC DeepFake Çalışmaları/Deneyler/Nazlıcan/Deney 1/Kaş/fake/train/fake_train_00506.jpg,fake/train/fake_train_00506.jpg,e68385ba09c0e04afccc9362e5849507c18af48bbe7c72812fbf87f42b0a704c,,20260806_142915_eyebrow_roi_seed42_b775dfb93f,2026-08-06T14:31:59.145576+00:00,1920,1080,,,0,,,,,,
08a227386627e311063f7e9d66d64eb865f79e167bdc9bd664a6d30340371e77,,509,0.0,fake,train,skipped,insufficient_space_below_eyebrows,/content/drive/MyDrive/AISC DeepFake Çalışmaları/Deneyler/Deney 1 Frame/Fake/train/fake_train_00509.jpg,Fake/train/fake_train_00509.jpg,/content/drive/MyDrive/AISC DeepFake Çalışmaları/Deneyler/Nazlıcan/Deney 1/Kaş/fake/train/fake_train_00509.jpg,fake/train/fake_train_00509.jpg,567c906e8f3286cf37a882d8960321851a7c66b8bdbc9a0cffac2c6f856cfc6b,,20260806_142915_eyebrow_roi_seed42_b775dfb93f,2026-08-06T14:32:00.161206+00:00,1920,1080,,,1,,,,,,
a0fa93e9948cc0e3c5c555b38457eb6f316e82501f9c58c1af0c597c6eeb3bfc,,510,0.0,fake,train,skipped,insufficient_space_below_eyebrows,/content/drive/MyDrive/AISC DeepFake Çalışmaları/Deneyler/Deney 1 Frame/Fake/train/fake_train_00510.jpg,Fake/train/fake_train_00510.jpg,/content/drive/MyDrive/AISC DeepFake Çalışmaları/Deneyler/Nazlıcan/Deney 1/Kaş/fake/train/fake_train_00510.jpg,fake/train/fake_train_00510.jpg,13a0f5c2900a00803dbf42b448ee7543a88f039727bdc12842071eb2dcc560ef,,20260806_142915_eyebrow_roi_seed42_b775dfb93f,2026-08-06T14:32:00.356695+00:00,600,480,,,1,,,,,,
2ebcfe3385b3a79fc25116a074d2ab2a5e9edb01cf0702f11218179769b2547d,,511,0.0,fake,train,skipped,insufficient_space_below_eyebrows,/content/drive/MyDrive/AISC DeepFake Çalışmaları/Deneyler/Deney 1 Frame/Fake/train/fake_train_00511.jpg,Fake/train/fake_train_00511.jpg,/content/drive/MyDrive/AISC DeepFake Çalışmaları/Deneyler/Nazlıcan/Deney 1/Kaş/fake/train/fake_train_00511.jpg,fake/train/fake_train_00511.jpg,b5db449dedf526c5837e3ee332269da0432e7bf0ccac3819c192562976da36b4,,20260806_142915_eyebrow_roi_seed42_b775dfb93f,2026-08-06T14:32:00.564748+00:00,1920,1080,,,1,,,,,,
4a723f1ca7c09c01768bc34682a695cb4af727cbd8ca715648b88aafe18ca30b,,512,,fake,train,skipped,face_not_found,/content/drive/MyDrive/AISC DeepFake Çalışmaları/Deneyler/Deney 1 Frame/Fake/train/fake_train_00512.jpg,Fake/train/fake_train_00512.jpg,/content/drive/MyDrive/AISC DeepFake Çalışmaları/Deneyler/Nazlıcan/Deney 1/Kaş/fake/train/fake_train_00512.jpg,fake/train/fake_train_00512.jpg,8e194c80f3aa97be16bdc3bee395c4196fb76b810560fb5037d6dfcf4f6603f4,,20260806_142915_eyebrow_roi_seed42_b775dfb93f,2026-08-06T14:32:00.811220+00:00,1920,1080,,,0,,,,,,
b3f7a959974330040bba7a31d63c62a14632a881c199e4185737785586dfb6b8,,513,,fake,train,skipped,face_not_found,/content/drive/MyDrive/AISC DeepFake Çalışmaları/Deneyler/Deney 1 Frame/Fake/train/fake_train_00513.jpg,Fake/train/fake_train_00513.jpg,/content/drive/MyDrive/AISC DeepFake Çalışmaları/Deneyler/Nazlıcan/Deney 1/Kaş/fake/train/fake_train_00513.jpg,fake/train/fake_train_00513.jpg,f827fef13d964194e6e986b6268b7485778ef2994d6c3946a0eb306a32b49846,,20260806_142915_eyebrow_roi_seed42_b775dfb93f,2026-08-06T14:32:01.074478+00:00,1920,1080,,,0,,,,,,
690a83478b3ad8159ba6dfa94a9d8f375d0abe793e0d92673d98ee92ae560cc2,,514,0.0,fake,train,skipped,insufficient_space_below_eyebrows,/content/drive/MyDrive/AISC DeepFake Çalışmaları/Deneyler/Deney 1 Frame/Fake/train/fake_train_00514.jpg,Fake/train/fake_train_00514.jpg,/content/drive/MyDrive/AISC DeepFake Çalışmaları/Deneyler/Nazlıcan/Deney 1/Kaş/fake/train/fake_train_00514.jpg,fake/train/fake_train_00514.jpg,5ea0ff19455d66b287cec80c07d90323b516dcd789490693e935fcc71b9e28c4,,20260806_142915_eyebrow_roi_seed42_b775dfb93f,2026-08-06T14:32:01.366881+00:00,640,480,,,1,,,,,,
42dd2c522f64240086b794892a5cde44be4a62eac520f1a7806a3e0b223bfd83,,518,0.0,fake,train,skipped,insufficient_space_below_eyebrows,/content/drive/MyDrive/AISC DeepFake Çalışmaları/Deneyler/Deney 1 Frame/Fake/train/fake_train_00518.jpg,Fake/train/fake_train_00518.jpg,/content/drive/MyDrive/AISC DeepFake Çalışmaları/Deneyler/Nazlıcan/Deney 1/Kaş/fake/train/fake_train_00518.jpg,fake/train/fake_train_00518.jpg,68b0aa9607667667b13cef3a9ad252d5b05ec88d114e4f473787139018eb48c8,,20260806_142915_eyebrow_roi_seed42_b775dfb93f,2026-08-06T14:32:02.846412+00:00,854,480,,,1,,,,,,
ae24ac0443390b9504c13d35a919bc140513bc2b5b1b6666832f9acf3cb0f143,,520,0.0,fake,train,skipped,insufficient_space_below_eyebrows,/content/drive/MyDrive/AISC DeepFake Çalışmaları/Deneyler/Deney 1 Frame/Fake/train/fake_train_00520.jpg,Fake/train/fake_train_00520.jpg,/content/drive/MyDrive/AISC DeepFake Çalışmaları/Deneyler/Nazlıcan/Deney 1/Kaş/fake/train/fake_train_00520.jpg,fake/train/fake_train_00520.jpg,0fc1eb267c6bdb81e8973272ad4e1774de948c5ca0aa377717ba94e7f1a7f8c9,,20260806_142915_eyebrow_roi_seed42_b775dfb93f,2026-08-06T14:32:03.466315+00:00,640,480,,,1,,,,,,
3a9f4150c6f2e3f5f3ef616b2727d1a64a6fc13276f81f7cfe2fa199a8072041,,523,0.0,fake,train,skipped,insufficient_space_below_eyebrows,/content/drive/MyDrive/AISC DeepFake Çalışmaları/Deneyler/Deney 1 Frame/Fake/train/fake_train_00523.jpg,Fake/train/fake_train_00523.jpg,/content/drive/MyDrive/AISC DeepFake Çalışmaları/Deneyler/Nazlıcan/Deney 1/Kaş/fake/train/fake_train_00523.jpg,fake/train/fake_train_00523.jpg,ff150c3c9d17a08cdce084b887892d0dc800af35a67433e6e26e902cbe3ed420,,20260806_142915_eyebrow_roi_seed42_b775dfb93f,2026-08-06T14:32:04.315385+00:00,832,480,,,1,,,,,,
6326a0fbfe21ff149daf55345bd0eb5493313d8f90e8d1485ced72c950eb4bc7,,526,0.0,fake,train,skipped,too_much_eye_inside_roi:0.2812,/content/drive/MyDrive/AISC DeepFake Çalışmaları/Deneyler/Deney 1 Frame/Fake/train/fake_train_00526.jpg,Fake/train/fake_train_00526.jpg,/content/drive/MyDrive/AISC DeepFake Çalışmaları/Deneyler/Nazlıcan/Deney 1/Kaş/fake/train/fake_train_00526.jpg,fake/train/fake_train_00526.jpg,4f5adbec97c6f5389ab5c93e879a3fe8b17222bf74d4b60e7a1ba37b92ec8fd6,,20260806_142915_eyebrow_roi_seed42_b775dfb93f,2026-08-06T14:32:05.189846+00:00,1280,720,,,1,,,,,,
22d072ea686167fba85afea22c04393f7f4e6cf5d4070be6a1a1f6ad944205fc,,527,0.0,fake,train,skipped,insufficient_space_below_eyebrows,/content/drive/MyDrive/AISC DeepFake Çalışmaları/Deneyler/Deney 1 Frame/Fake/train/fake_train_00527.jpg,Fake/train/fake_train_00527.jpg,/content/drive/MyDrive/AISC DeepFake Çalışmaları/Deneyler/Nazlıcan/Deney 1/Kaş/fake/train/fake_train_00527.jpg,fake/train/fake_train_00527.jpg,81e852cc417932dab9c47798d189a58c7a821e494fb1dbc22aa99f84ed1afe81,,20260806_142915_eyebrow_roi_seed42_b775dfb93f,2026-08-06T14:32:05.425359+00:00,1920,1080,,,1,,,,,,
5d9c9c130b2a0e0f8380e675a7dc8b7647ab60b82ed517086b010500559d6bed,,529,0.0,fake,train,skipped,insufficient_space_below_eyebrows,/content/drive/MyDrive/AISC DeepFake Çalışmaları/Deneyler/Deney 1 Frame/Fake/train/fake_train_00529.jpg,Fake/train/fake_train_00529.jpg,/content/drive/MyDrive/AISC DeepFake Çalışmaları/Deneyler/Nazlıcan/Deney 1/Kaş/fake/train/fake_train_00529.jpg,fake/train/fake_train_00529.jpg,023abfb55fd1e131783baafc097d0efccf77ecd18c963d9b3590a44c38a3f678,,20260806_142915_eyebrow_roi_seed42_b775dfb93f,2026-08-06T14:32:05.951573+00:00,1280,720,,,1,,,,,,
3bf312bd819b89d97ead4d2b0d7c6d6190ababd4b3a1e0d2a570a9832761011f,,532,0.0,fake,train,skipped,insufficient_space_below_eyebrows,/content/drive/MyDrive/AISC DeepFake Çalışmaları/Deneyler/Deney 1 Frame/Fake/train/fake_train_00532.jpg,Fake/train/fake_train_00532.jpg,/content/drive/MyDrive/AISC DeepFake Çalışmaları/Deneyler/Nazlıcan/Deney 1/Kaş/fake/train/fake_train_00532.jpg,fake/train/fake_train_00532.jpg,100ac6bddc0d91bb1a027d32a2264f87e072b49015fca1763a1065c8edd5f42a,,20260806_142915_eyebrow_roi_seed42_b775dfb93f,2026-08-06T14:32:06.781345+00:00,1280,720,,,1,,,,,,
6573afe897bcbfd3e583d132156b87b9c72e509637d6d41f5a59d23d21a26d71,,535,,fake,train,skipped,face_not_found,/content/drive/MyDrive/AISC DeepFake Çalışmaları/Deneyler/Deney 1 Frame/Fake/train/fake_train_00535.jpg,Fake/train/fake_train_00535.jpg,/content/drive/MyDrive/AISC DeepFake Çalışmaları/Deneyler/Nazlıcan/Deney 1/Kaş/fake/train/fake_train_00535.jpg,fake/train/fake_train_00535.jpg,d9a1258b1e0a699a4941970616620d5db0ab43fdd15cfe47ee0bd330efb2afaf,,20260806_142915_eyebrow_roi_seed42_b775dfb93f,2026-08-06T14:32:07.697035+00:00,1920,1080,,,0,,,,,,
33330075dfa5af3073cb959398b1d57b8830de12e80d42a30bf6118175d5b44c,,538,0.0,fake,train,skipped,insufficient_space_below_eyebrows,/content/drive/MyDrive/AISC DeepFake Çalışmaları/Deneyler/Deney 1 Frame/Fake/train/fake_train_00538.jpg,Fake/train/fake_train_00538.jpg,/content/drive/MyDrive/AISC DeepFake Çalışmaları/Deneyler/Nazlıcan/Deney 1/Kaş/fake/train/fake_train_00538.jpg,fake/train/fake_train_00538.jpg,a8127cc5af8c8e87192865af0f3d4ccc0eb88a0b8bacaa0a338df3d6953c4530,,20260806_142915_eyebrow_roi_seed42_b775dfb93f,2026-08-06T14:32:08.468310+00:00,1280,720,,,1,,,,,,
d92abe29def2732109058e685cf277e0fcf65378a84e00cb77b08f37e36e18be,,541,0.0,fake,train,skipped,insufficient_space_below_eyebrows,/content/drive/MyDrive/AISC DeepFake Çalışmaları/Deneyler/Deney 1 Frame/Fake/train/fake_train_00541.jpg,Fake/train/fake_train_00541.jpg,/content/drive/MyDrive/AISC DeepFake Çalışmaları/Deneyler/Nazlıcan/Deney 1/Kaş/fake/train/fake_train_00541.jpg,fake/train/fake_train_00541.jpg,0f273d6db57dea0986fc0a3841155206091642512ad45d8463b6c6fa4a83cff8,,20260806_142915_eyebrow_roi_seed42_b775dfb93f,2026-08-06T14:32:09.185003+00:00,1920,1080,,,1,,,,,,
4029d7457c998d09793653a0df0277673520f96add4778eb00ed0c170062455b,,542,0.0,fake,train,skipped,insufficient_space_below_eyebrows,/content/drive/MyDrive/AISC DeepFake Çalışmaları/Deneyler/Deney 1 Frame/Fake/train/fake_train_00542.jpg,Fake/train/fake_train_00542.jpg,/content/drive/MyDrive/AISC DeepFake Çalışmaları/Deneyler/Nazlıcan/Deney 1/Kaş/fake/train/fake_train_00542.jpg,fake/train/fake_train_00542.jpg,6cb2505725c7e5ea0d93c8751feea109ba2cfbc77fe64a549bba51e565c90eef,,20260806_142915_eyebrow_roi_seed42_b775dfb93f,2026-08-06T14:32:09.445113+00:00,720,480,,,1,,,,,,
e589ada4e0adc23bf24fb891ecce136642af56fb54516bad5b4b038b7a724b18,,550,0.0,fake,train,skipped,insufficient_space_below_eyebrows,/content/drive/MyDrive/AISC DeepFake Çalışmaları/Deneyler/Deney 1 Frame/Fake/train/fake_train_00550.jpg,Fake/train/fake_train_00550.jpg,/content/drive/MyDrive/AISC DeepFake Çalışmaları/Deneyler/Nazlıcan/Deney 1/Kaş/fake/train/fake_train_00550.jpg,fake/train/fake_train_00550.jpg,cd1ea8c2a0529ee097df96d3157ee3edd95cb4920e5c07a4496f8dd3d2269bf1,,20260806_142915_eyebrow_roi_seed42_b775dfb93f,2026-08-06T14:32:11.813356+00:00,1280,720,,,1,,,,,,
28cbd10b45da5e87e0d1334d15861a792472ac8e8ed169020b4b9d09224719ca,,553,0.0,fake,train,skipped,insufficient_space_below_eyebrows,/content/drive/MyDrive/AISC DeepFake Çalışmaları/Deneyler/Deney 1 Frame/Fake/train/fake_train_00553.jpg,Fake/train/fake_train_00553.jpg,/content/drive/MyDrive/AISC DeepFake Çalışmaları/Deneyler/Nazlıcan/Deney 1/Kaş/fake/train/fake_train_00553.jpg,fake/train/fake_train_00553.jpg,47a814b04a21d8710cbe8bb6e964de3eb25d440b30654c53d9dd99c5451e15d7,,20260806_142915_eyebrow_roi_seed42_b775dfb93f,2026-08-06T14:32:12.623562+00:00,640,480,,,1,,,,,,
f3d9484fb7654e31ec803ae279574b402d2e804ab3e024aac105bcb9867f0db6,,554,,fake,train,skipped,face_not_found,/content/drive/MyDrive/AISC DeepFake Çalışmaları/Deneyler/Deney 1 Frame/Fake/train/fake_train_00554.jpg,Fake/train/fake_train_00554.jpg,/content/drive/MyDrive/AISC DeepFake Çalışmaları/Deneyler/Nazlıcan/Deney 1/Kaş/fake/train/fake_train_00554.jpg,fake/train/fake_train_00554.jpg,6f421382f6ac89e86d85da38890d436defa1198b2a35623abe5cc6a67d630499,,20260806_142915_eyebrow_roi_seed42_b775dfb93f,2026-08-06T14:32:12.955352+00:00,1920,1080,,,0,,,,,,
b913dc206c78243bc3861148b8fd3cc44d0ae372b744890c9ad92fa00d06715d,,555,0.0,fake,train,skipped,insufficient_space_below_eyebrows,/content/drive/MyDrive/AISC DeepFake Çalışmaları/Deneyler/Deney 1 Frame/Fake/train/fake_train_00555.jpg,Fake/train/fake_train_00555.jpg,/content/drive/MyDrive/AISC DeepFake Çalışmaları/Deneyler/Nazlıcan/Deney 1/Kaş/fake/train/fake_train_00555.jpg,fake/train/fake_train_00555.jpg,2ac7b6b7bad3fadecd7e3cd1628310230f90d8e86d7fe335d9c45254235e1a7d,,20260806_142915_eyebrow_roi_seed42_b775dfb93f,2026-08-06T14:32:13.271502+00:00,1280,720,,,1,,,,,,
504b0958a6bcdbf6c149b35ef0535aac3b2514805a81f18db2bade67c5eba061,,561,0.0,fake,train,skipped,insufficient_space_below_eyebrows,/content/drive/MyDrive/AISC DeepFake Çalışmaları/Deneyler/Deney 1 Frame/Fake/train/fake_train_00561.jpg,Fake/train/fake_train_00561.jpg,/content/drive/MyDrive/AISC DeepFake Çalışmaları/Deneyler/Nazlıcan/Deney 1/Kaş/fake/train/fake_train_00561.jpg,fake/train/fake_train_00561.jpg,041b64d0cb8684530c94edae1bd13e1bc2fb87655eda52996a53ff0d2f9bc4fb,,20260806_142915_eyebrow_roi_seed42_b775dfb93f,2026-08-06T14:32:14.717702+00:00,654,480,,,1,,,,,,
313fbeffcda049173156f235fb51ada49b0f516e682c96b0f1c66a5feafc7cb5,,562,0.0,fake,train,skipped,insufficient_space_below_eyebrows,/content/drive/MyDrive/AISC DeepFake Çalışmaları/Deneyler/Deney 1 Frame/Fake/train/fake_train_00562.jpg,Fake/train/fake_train_00562.jpg,/content/drive/MyDrive/AISC DeepFake Çalışmaları/Deneyler/Nazlıcan/Deney 1/Kaş/fake/train/fake_train_00562.jpg,fake/train/fake_train_00562.jpg,cfa6fc021a3898bc33d82f9b4804841fcfabf7be4000e000d0c09cda1a7a1036,,20260806_142915_eyebrow_roi_seed42_b775dfb93f,2026-08-06T14:32:14.896119+00:00,854,480,,,1,,,,,,
fb93179bb1310f384df1568272b3a2e8c624d4fd0e1ea6da3d75737903ac2fcf,,563,,fake,train,skipped,face_not_found,/content/drive/MyDrive/AISC DeepFake Çalışmaları/Deneyler/Deney 1 Frame/Fake/train/fake_train_00563.jpg,Fake/train/fake_train_00563.jpg,/content/drive/MyDrive/AISC DeepFake Çalışmaları/Deneyler/Nazlıcan/Deney 1/Kaş/fake/train/fake_train_00563.jpg,fake/train/fake_train_00563.jpg,cbf59a12b0cfcce734a8c289db361137dc4098713c58880a5863f4567857e321,,20260806_142915_eyebrow_roi_seed42_b775dfb93f,2026-08-06T14:32:15.129953+00:00,1920,1080,,,0,,,,,,
62cafe81449882868755ceeb73255f22754dd9a9020e0eae515bf9be9581b4a5,,565,0.0,fake,train,skipped,insufficient_space_below_eyebrows,/content/drive/MyDrive/AISC DeepFake Çalışmaları/Deneyler/Deney 1 Frame/Fake/train/fake_train_00565.jpg,Fake/train/fake_train_00565.jpg,/content/drive/MyDrive/AISC DeepFake Çalışmaları/Deneyler/Nazlıcan/Deney 1/Kaş/fake/train/fake_train_00565.jpg,fake/train/fake_train_00565.jpg,75fa082e1278614f725e1205fa7763bb9d5b8e3b85b548d210c9c7957e72bb32,,20260806_142915_eyebrow_roi_seed42_b775dfb93f,2026-08-06T14:32:15.586197+00:00,600,480,,,1,,,,,,
815e62da3c74fbddeb248171ff7a28dc9f9d9390c11650ca57a39cfbc9cce438,,566,,fake,train,skipped,face_not_found,/content/drive/MyDrive/AISC DeepFake Çalışmaları/Deneyler/Deney 1 Frame/Fake/train/fake_train_00566.jpg,Fake/train/fake_train_00566.jpg,/content/drive/MyDrive/AISC DeepFake Çalışmaları/Deneyler/Nazlıcan/Deney 1/Kaş/fake/train/fake_train_00566.jpg,fake/train/fake_train_00566.jpg,062c6cc727cc7ed4d5a2f7384a4953c196b56ac9c8a66a160b2aba2cc0af250d,,20260806_142915_eyebrow_roi_seed42_b775dfb93f,2026-08-06T14:32:15.980209+00:00,1920,1080,,,0,,,,,,
c1139e1ad07ac4c1b8e80c079076ac59ada0d6b1591d62d92620867be0e0d642,,568,0.0,fake,train,skipped,insufficient_space_below_eyebrows,/content/drive/MyDrive/AISC DeepFake Çalışmaları/Deneyler/Deney 1 Frame/Fake/train/fake_train_00568.jpg,Fake/train/fake_train_00568.jpg,/content/drive/MyDrive/AISC DeepFake Çalışmaları/Deneyler/Nazlıcan/Deney 1/Kaş/fake/train/fake_train_00568.jpg,fake/train/fake_train_00568.jpg,172fc13d0347ff660b8b116f0ae593d6665c83be5d2e20d045f69f1ad92ff27f,,20260806_142915_eyebrow_roi_seed42_b775dfb93f,2026-08-06T14:32:17.695806+00:00,1280,720,,,1,,,,,,
e718641e3c001549faa175b05c2c9494f65e98d6fa2e4e1cb4640f4d1d31bbcd,,569,0.0,fake,train,skipped,insufficient_space_below_eyebrows,/content/drive/MyDrive/AISC DeepFake Çalışmaları/Deneyler/Deney 1 Frame/Fake/train/fake_train_00569.jpg,Fake/train/fake_train_00569.jpg,/content/drive/MyDrive/AISC DeepFake Çalışmaları/Deneyler/Nazlıcan/Deney 1/Kaş/fake/train/fake_train_00569.jpg,fake/train/fake_train_00569.jpg,711bf08d81adb81ec4395463f757f8eb15ded033c4e63d68d5c0c55734c15120,,20260806_142915_eyebrow_roi_seed42_b775dfb93f,2026-08-06T14:32:17.979357+00:00,1280,720,,,1,,,,,,
29fb67a2268ad34b847c946b3ac5261d34e6a4ea2049596e88a9b47e4db943de,,575,0.0,fake,train,skipped,insufficient_space_below_eyebrows,/content/drive/MyDrive/AISC DeepFake Çalışmaları/Deneyler/Deney 1 Frame/Fake/train/fake_train_00575.jpg,Fake/train/fake_train_00575.jpg,/content/drive/MyDrive/AISC DeepFake Çalışmaları/Deneyler/Nazlıcan/Deney 1/Kaş/fake/train/fake_train_00575.jpg,fake/train/fake_train_00575.jpg,2179b2e92089764ec9e29fc2ba811ca4e57e6c373dee502f1e5e2fd721375fcd,,20260806_142915_eyebrow_roi_seed42_b775dfb93f,2026-08-06T14:32:20.915361+00:00,640,480,,,1,,,,,,
e6a72dc9a08f302d8323e048da331245ef49b1f453cd90aa6571a5d26d795b66,,577,,fake,train,skipped,multiple_faces_detected:2,/content/drive/MyDrive/AISC DeepFake Çalışmaları/Deneyler/Deney 1 Frame/Fake/train/fake_train_00577.jpg,Fake/train/fake_train_00577.jpg,/content/drive/MyDrive/AISC DeepFake Çalışmaları/Deneyler/Nazlıcan/Deney 1/Kaş/fake/train/fake_train_00577.jpg,fake/train/fake_train_00577.jpg,779fbf02cc3b696f79d246a2e723cd5c6a56dc2ca832e3f9f9b79ca1f344b8f2,,20260806_142915_eyebrow_roi_seed42_b775dfb93f,2026-08-06T14:32:21.445398+00:00,1920,1080,,,2,,,,,,
e3c81f73bf9a11c3a666f8862bbdbd2c63f0286831010a688cd39de346173d9f,,578,0.0,fake,train,skipped,insufficient_space_below_eyebrows,/content/drive/MyDrive/AISC DeepFake Çalışmaları/Deneyler/Deney 1 Frame/Fake/train/fake_train_00578.jpg,Fake/train/fake_train_00578.jpg,/content/drive/MyDrive/AISC DeepFake Çalışmaları/Deneyler/Nazlıcan/Deney 1/Kaş/fake/train/fake_train_00578.jpg,fake/train/fake_train_00578.jpg,cb30ab1756cb805bc2d398722aa4d52a3d4a082e5d14dc043a69b2d97b376ed0,,20260806_142915_eyebrow_roi_seed42_b775dfb93f,2026-08-06T14:32:21.733053+00:00,1920,1080,,,1,,,,,,
7d93587f83e9091652e2cfed6f45a49184831bbf0056141aeba1fc30fe3f25a8,,581,,fake,train,skipped,face_not_found,/content/drive/MyDrive/AISC DeepFake Çalışmaları/Deneyler/Deney 1 Frame/Fake/train/fake_train_00581.jpg,Fake/train/fake_train_00581.jpg,/content/drive/MyDrive/AISC DeepFake Çalışmaları/Deneyler/Nazlıcan/Deney 1/Kaş/fake/train/fake_train_00581.jpg,fake/train/fake_train_00581.jpg,7a7303937d62cdde75592cb74316e92b9ee05cc21bff88dcf6d68f05eab1cbc7,,20260806_142915_eyebrow_roi_seed42_b775dfb93f,2026-08-06T14:32:22.571969+00:00,1920,1080,,,0,,,,,,
3d1401a31fe054110ca14a5594eb0d9f3c6685fd251245bb88afd969235a4806,,583,,fake,train,skipped,multiple_faces_detected:2,/content/drive/MyDrive/AISC DeepFake Çalışmaları/Deneyler/Deney 1 Frame/Fake/train/fake_train_00583.jpg,Fake/train/fake_train_00583.jpg,/content/drive/MyDrive/AISC DeepFake Çalışmaları/Deneyler/Nazlıcan/Deney 1/Kaş/fake/train/fake_train_00583.jpg,fake/train/fake_train_00583.jpg,a84d678440bd9120499879bc77b4fd15b20faee74e68ac5aec90659880f98b61,,20260806_142915_eyebrow_roi_seed42_b775dfb93f,2026-08-06T14:32:23.152965+00:00,1920,1080,,,2,,,,,,
ab12a03602d32455e07e173b0c977a4c4992c0b52eec466173ae78dcfb7d79c8,,585,0.0,fake,train,skipped,insufficient_space_below_eyebrows,/content/drive/MyDrive/AISC DeepFake Çalışmaları/Deneyler/Deney 1 Frame/Fake/train/fake_train_00585.jpg,Fake/train/fake_train_00585.jpg,/content/drive/MyDrive/AISC DeepFake Çalışmaları/Deneyler/Nazlıcan/Deney 1/Kaş/fake/train/fake_train_00585.jpg,fake/train/fake_train_00585.jpg,8cf25ae9a400ade572349b354df040e7b7c7abaa5a8486fbef3bfa25b9a58872,,20260806_142915_eyebrow_roi_seed42_b775dfb93f,2026-08-06T14:32:24.582012+00:00,1920,1080,,,1,,,,,,
0bfa62cd0a8413034031966524c17cef66803daa1d66ce73a967e34cc08839ba,,587,,fake,train,skipped,multiple_faces_detected:2,/content/drive/MyDrive/AISC DeepFake Çalışmaları/Deneyler/Deney 1 Frame/Fake/train/fake_train_00587.jpg,Fake/train/fake_train_00587.jpg,/content/drive/MyDrive/AISC DeepFake Çalışmaları/Deneyler/Nazlıcan/Deney 1/Kaş/fake/train/fake_train_00587.jpg,fake/train/fake_train_00587.jpg,13f2c5aa270307f86c9e81307332461d6dea7d4245798dd60bf4372045dd0fda,,20260806_142915_eyebrow_roi_seed42_b775dfb93f,2026-08-06T14:32:25.169810+00:00,1920,1080,,,2,,,,,,
37bee1436257fc8a0164d3d9400c816afc9873108db72594a08200375cd6abb7,,588,0.0,fake,train,skipped,insufficient_space_below_eyebrows,/content/drive/MyDrive/AISC DeepFake Çalışmaları/Deneyler/Deney 1 Frame/Fake/train/fake_train_00588.jpg,Fake/train/fake_train_00588.jpg,/content/drive/MyDrive/AISC DeepFake Çalışmaları/Deneyler/Nazlıcan/Deney 1/Kaş/fake/train/fake_train_00588.jpg,fake/train/fake_train_00588.jpg,d85fc32315ac5ab88c7de15f33df6ce3db2e98076efa941f2adcf0c7fe57a999,,20260806_142915_eyebrow_roi_seed42_b775dfb93f,2026-08-06T14:32:25.429715+00:00,640,480,,,1,,,,,,
24a5b3984d8902e5ec957199d3dc27b3cccf1f1bdd78595c91090ee12da24572,,601,0.0,fake,train,skipped,insufficient_space_below_eyebrows,/content/drive/MyDrive/AISC DeepFake Çalışmaları/Deneyler/Deney 1 Frame/Fake/train/fake_train_00601.jpg,Fake/train/fake_train_00601.jpg,/content/drive/MyDrive/AISC DeepFake Çalışmaları/Deneyler/Nazlıcan/Deney 1/Kaş/fake/train/fake_train_00601.jpg,fake/train/fake_train_00601.jpg,4d492dd0a46d9c57436c2bc100534c69a0290b700b38a4fb2f4b23638d3c4bf7,,20260806_142915_eyebrow_roi_seed42_b775dfb93f,2026-08-06T14:32:29.218552+00:00,640,480,,,1,,,,,,
9e7dfa8190149bf30321a657f6b6ab994c636f4e78c267dc14168360203162b8,,602,0.0,fake,train,skipped,insufficient_space_below_eyebrows,/content/drive/MyDrive/AISC DeepFake Çalışmaları/Deneyler/Deney 1 Frame/Fake/train/fake_train_00602.jpg,Fake/train/fake_train_00602.jpg,/content/drive/MyDrive/AISC DeepFake Çalışmaları/Deneyler/Nazlıcan/Deney 1/Kaş/fake/train/fake_train_00602.jpg,fake/train/fake_train_00602.jpg,25615aa7e4f202100c4ddbf09d5e383996c7b897fb841e58033d24360e853711,,20260806_142915_eyebrow_roi_seed42_b775dfb93f,2026-08-06T14:32:29.471353+00:00,640,480,,,1,,,,,,
627ae019e5487e6fae93460a831caaa348bd134743890026f7637ac32d4ea21c,,604,0.0,fake,train,skipped,too_much_eye_inside_roi:0.4062,/content/drive/MyDrive/AISC DeepFake Çalışmaları/Deneyler/Deney 1 Frame/Fake/train/fake_train_00604.jpg,Fake/train/fake_train_00604.jpg,/content/drive/MyDrive/AISC DeepFake Çalışmaları/Deneyler/Nazlıcan/Deney 1/Kaş/fake/train/fake_train_00604.jpg,fake/train/fake_train_00604.jpg,c2629d89c1e39589f4742dd3ce068a2ec82592209a9e9eae60e416cf0e9b3d85,,20260806_142915_eyebrow_roi_seed42_b775dfb93f,2026-08-06T14:32:29.993387+00:00,1280,720,,,1,,,,,,
acd1e704401bcc4876d63ff6bbd25951d7af25af5c12d829ae55a69cfd725295,,607,0.0,fake,train,skipped,insufficient_space_below_eyebrows,/content/drive/MyDrive/AISC DeepFake Çalışmaları/Deneyler/Deney 1 Frame/Fake/train/fake_train_00607.jpg,Fake/train/fake_train_00607.jpg,/content/drive/MyDrive/AISC DeepFake Çalışmaları/Deneyler/Nazlıcan/Deney 1/Kaş/fake/train/fake_train_00607.jpg,fake/train/fake_train_00607.jpg,f3138d2a320fb257eda8ae1c410a3b5b092a1229230cd7ddd0b85b8b7b22b2fe,,20260806_142915_eyebrow_roi_seed42_b775dfb93f,2026-08-06T14:32:30.851023+00:00,1920,1080,,,1,,,,,,
10bf76129bc3f136d6b4be3104ea97eea342d51bba49712d84ba4355a964e58e,,611,0.0,fake,train,skipped,insufficient_space_below_eyebrows,/content/drive/MyDrive/AISC DeepFake Çalışmaları/Deneyler/Deney 1 Frame/Fake/train/fake_train_00611.jpg,Fake/train/fake_train_00611.jpg,/content/drive/MyDrive/AISC DeepFake Çalışmaları/Deneyler/Nazlıcan/Deney 1/Kaş/fake/train/fake_train_00611.jpg,fake/train/fake_train_00611.jpg,3995bfb87552661ce5ee35aa526608591311ff2141d8071acd5d953157742d8c,,20260806_142915_eyebrow_roi_seed42_b775dfb93f,2026-08-06T14:32:31.906223+00:00,1920,1080,,,1,,,,,,
fc707cbf88764a7c6d9034052a8d1717801ba1bea615254b559d56b19741171c,,612,,fake,train,skipped,multiple_faces_detected:2,/content/drive/MyDrive/AISC DeepFake Çalışmaları/Deneyler/Deney 1 Frame/Fake/train/fake_train_00612.jpg,Fake/train/fake_train_00612.jpg,/content/drive/MyDrive/AISC DeepFake Çalışmaları/Deneyler/Nazlıcan/Deney 1/Kaş/fake/train/fake_train_00612.jpg,fake/train/fake_train_00612.jpg,4799bad117c68ff9adaeda66f10a6b286525ab3c45591a02fcb538d7d452002e,,20260806_142915_eyebrow_roi_seed42_b775dfb93f,2026-08-06T14:32:32.140997+00:00,1920,1080,,,2,,,,,,
fc769b5b28a4bc177b3970f1e19e162874440367db208b1d48c75cf57e872299,,616,0.0,fake,train,skipped,insufficient_space_below_eyebrows,/content/drive/MyDrive/AISC DeepFake Çalışmaları/Deneyler/Deney 1 Frame/Fake/train/fake_train_00616.jpg,Fake/train/fake_train_00616.jpg,/content/drive/MyDrive/AISC DeepFake Çalışmaları/Deneyler/Nazlıcan/Deney 1/Kaş/fake/train/fake_train_00616.jpg,fake/train/fake_train_00616.jpg,dde95d223afffda62533ac042186df9899131afdcc0d31bc5ed1054b812f22c6,,20260806_142915_eyebrow_roi_seed42_b775dfb93f,2026-08-06T14:32:33.392287+00:00,1920,1080,,,1,,,,,,
11f6c45ad98055e14b2ac674c53163503f14b1a18b51558c76358bf1709a01ca,,620,0.0,fake,train,skipped,insufficient_space_below_eyebrows,/content/drive/MyDrive/AISC DeepFake Çalışmaları/Deneyler/Deney 1 Frame/Fake/train/fake_train_00620.jpg,Fake/train/fake_train_00620.jpg,/content/drive/MyDrive/AISC DeepFake Çalışmaları/Deneyler/Nazlıcan/Deney 1/Kaş/fake/train/fake_train_00620.jpg,fake/train/fake_train_00620.jpg,87617dae22a9bbf380d8bf2db02fcbc1483d51764c478d2dcb1c1d86074b3bc8,,20260806_142915_eyebrow_roi_seed42_b775dfb93f,2026-08-06T14:32:34.606740+00:00,656,480,,,1,,,,,,
72a6a9ba8c1bc605a45e26db56fa390638eee121e74490eab90dfdf6d6bfa032,,626,,fake,train,skipped,face_not_found,/content/drive/MyDrive/AISC DeepFake Çalışmaları/Deneyler/Deney 1 Frame/Fake/train/fake_train_00626.jpg,Fake/train/fake_train_00626.jpg,/content/drive/MyDrive/AISC DeepFake Çalışmaları/Deneyler/Nazlıcan/Deney 1/Kaş/fake/train/fake_train_00626.jpg,fake/train/fake_train_00626.jpg,133524151e92d7744f923a468d789000f82739833afcce3bf6fbdf0cfd1d4faa,,20260806_142915_eyebrow_roi_seed42_b775dfb93f,2026-08-06T14:32:36.297846+00:00,1920,1080,,,0,,,,,,
619ffb4d3f7edba5e7c44546472f4abf51c22622505ae024bf2f67ac43efa6c8,,627,0.0,fake,train,skipped,roi_out_of_image_bounds,/content/drive/MyDrive/AISC DeepFake Çalışmaları/Deneyler/Deney 1 Frame/Fake/train/fake_train_00627.jpg,Fake/train/fake_train_00627.jpg,/content/drive/MyDrive/AISC DeepFake Çalışmaları/Deneyler/Nazlıcan/Deney 1/Kaş/fake/train/fake_train_00627.jpg,fake/train/fake_train_00627.jpg,2ae7f867527d3f0d9b028106f8ed33ab0bc5c6eddc4a6b1e4dd5608cbf16c5ef,,20260806_142915_eyebrow_roi_seed42_b775dfb93f,2026-08-06T14:32:36.552738+00:00,1920,1080,,,1,,,,,,
0972730563a458f4d8b5b18c2838ece0abbd2333ef4d21071067aa19197432aa,,631,0.0,fake,train,skipped,insufficient_space_below_eyebrows,/content/drive/MyDrive/AISC DeepFake Çalışmaları/Deneyler/Deney 1 Frame/Fake/train/fake_train_00631.jpg,Fake/train/fake_train_00631.jpg,/content/drive/MyDrive/AISC DeepFake Çalışmaları/Deneyler/Nazlıcan/Deney 1/Kaş/fake/train/fake_train_00631.jpg,fake/train/fake_train_00631.jpg,1f45f0caf1440be7b513a2a878d82b87933882a5b8a6eb394bf0235a32d3c1bc,,20260806_142915_eyebrow_roi_seed42_b775dfb93f,2026-08-06T14:32:37.999523+00:00,854,480,,,1,,,,,,
4e35041226005bb267ceaac6c42d049821620e6cb991f845fb03ab448db97ead,,635,0.0,fake,train,skipped,insufficient_space_below_eyebrows,/content/drive/MyDrive/AISC DeepFake Çalışmaları/Deneyler/Deney 1 Frame/Fake/train/fake_train_00635.jpg,Fake/train/fake_train_00635.jpg,/content/drive/MyDrive/AISC DeepFake Çalışmaları/Deneyler/Nazlıcan/Deney 1/Kaş/fake/train/fake_train_00635.jpg,fake/train/fake_train_00635.jpg,2ee2cb229a08e60b0a6ee9221ab477cb6493cc820b0189b9e884a88289be0a08,,20260806_142915_eyebrow_roi_seed42_b775dfb93f,2026-08-06T14:32:39.073933+00:00,576,480,,,1,,,,,,
ce378b2d658f1dff355d0a8f06ff758b073791038a79ebdebf12bdfdec23c55b,,636,0.0,fake,train,skipped,roi_height_too_small:12,/content/drive/MyDrive/AISC DeepFake Çalışmaları/Deneyler/Deney 1 Frame/Fake/train/fake_train_00636.jpg,Fake/train/fake_train_00636.jpg,/content/drive/MyDrive/AISC DeepFake Çalışmaları/Deneyler/Nazlıcan/Deney 1/Kaş/fake/train/fake_train_00636.jpg,fake/train/fake_train_00636.jpg,5bf8a47b8beda9ac29dd04f3d95238ccda2e90d72b6566232e8339f97aa1a681,,20260806_142915_eyebrow_roi_seed42_b775dfb93f,2026-08-06T14:32:39.353570+00:00,602,480,,,1,,,,,,
872d568881fb9ead85bf6844c319f64eed3605dbf7cd83a32bfeca999bd9f7ea,,638,0.0,fake,train,skipped,insufficient_space_below_eyebrows,/content/drive/MyDrive/AISC DeepFake Çalışmaları/Deneyler/Deney 1 Frame/Fake/train/fake_train_00638.jpg,Fake/train/fake_train_00638.jpg,/content/drive/MyDrive/AISC DeepFake Çalışmaları/Deneyler/Nazlıcan/Deney 1/Kaş/fake/train/fake_train_00638.jpg,fake/train/fake_train_00638.jpg,a1e9baf150180abc0ae005a4e44e14154953cfc2a86ecec6ec1d7a0c92f48649,,20260806_142915_eyebrow_roi_seed42_b775dfb93f,2026-08-06T14:32:40.215439+00:00,720,480,,,1,,,,,,
de279c222ab11ea6714841ad6e5103cf2d2230f7957dc5c45125114da3522396,,639,,fake,train,skipped,multiple_faces_detected:2,/content/drive/MyDrive/AISC DeepFake Çalışmaları/Deneyler/Deney 1 Frame/Fake/train/fake_train_00639.jpg,Fake/train/fake_train_00639.jpg,/content/drive/MyDrive/AISC DeepFake Çalışmaları/Deneyler/Nazlıcan/Deney 1/Kaş/fake/train/fake_train_00639.jpg,fake/train/fake_train_00639.jpg,7b81d1d09789e252625ba43cbd765c18654daba7f9b8954754b9286e403781be,,20260806_142915_eyebrow_roi_seed42_b775dfb93f,2026-08-06T14:32:40.435835+00:00,704,480,,,2,,,,,,
894c070f5332d39890350550e85e8cbefaf6d297199d0eb46729209d6c43ac0c,,642,0.0,fake,train,skipped,insufficient_space_below_eyebrows,/content/drive/MyDrive/AISC DeepFake Çalışmaları/Deneyler/Deney 1 Frame/Fake/train/fake_train_00642.jpg,Fake/train/fake_train_00642.jpg,/content/drive/MyDrive/AISC DeepFake Çalışmaları/Deneyler/Nazlıcan/Deney 1/Kaş/fake/train/fake_train_00642.jpg,fake/train/fake_train_00642.jpg,585244002aedb462c36bd1d5e1fc472ed0f8029eacfd6ae2f51135d9cb59f617,,20260806_142915_eyebrow_roi_seed42_b775dfb93f,2026-08-06T14:32:41.319099+00:00,640,480,,,1,,,,,,
0a7535ce2d882824440a09a4353993d2fe48ed7edaa651e3e252fb1c2ef931bd,,644,0.0,fake,train,skipped,insufficient_space_below_eyebrows,/content/drive/MyDrive/AISC DeepFake Çalışmaları/Deneyler/Deney 1 Frame/Fake/train/fake_train_00644.jpg,Fake/train/fake_train_00644.jpg,/content/drive/MyDrive/AISC DeepFake Çalışmaları/Deneyler/Nazlıcan/Deney 1/Kaş/fake/train/fake_train_00644.jpg,fake/train/fake_train_00644.jpg,66f501f5c63e17f180ed76b5864f51665aad139570eeb71136233920b4e90ed2,,20260806_142915_eyebrow_roi_seed42_b775dfb93f,2026-08-06T14:32:41.859400+00:00,1280,720,,,1,,,,,,
9e8762fd1fe3e165e2af8bf1697e62c81f9aaa60752fd8a06f2c4fde46cef85f,,645,0.0,fake,train,skipped,insufficient_space_below_eyebrows,/content/drive/MyDrive/AISC DeepFake Çalışmaları/Deneyler/Deney 1 Frame/Fake/train/fake_train_00645.jpg,Fake/train/fake_train_00645.jpg,/content/drive/MyDrive/AISC DeepFake Çalışmaları/Deneyler/Nazlıcan/Deney 1/Kaş/fake/train/fake_train_00645.jpg,fake/train/fake_train_00645.jpg,762eccbc46e4eacc326ba134b43d8793f8d27922fbd32191c521395c2b1e2a47,,20260806_142915_eyebrow_roi_seed42_b775dfb93f,2026-08-06T14:32:42.210522+00:00,1280,720,,,1,,,,,,
9e3e7b92487eace1c43c98f10106606a2fd5a2b61e1fcb001ba7c9f6efd30437,,648,0.0,fake,train,skipped,insufficient_space_below_eyebrows,/content/drive/MyDrive/AISC DeepFake Çalışmaları/Deneyler/Deney 1 Frame/Fake/train/fake_train_00648.jpg,Fake/train/fake_train_00648.jpg,/content/drive/MyDrive/AISC DeepFake Çalışmaları/Deneyler/Nazlıcan/Deney 1/Kaş/fake/train/fake_train_00648.jpg,fake/train/fake_train_00648.jpg,3fdc2cff30231a3fb9b04926214897c8952eda286e4f0bb7820726a190b21c12,,20260806_142915_eyebrow_roi_seed42_b775dfb93f,2026-08-06T14:32:43.145946+00:00,640,480,,,1,,,,,,
e364454b5d0bf8c87fe2effbb7e71773b462bd953d440b551eb61ebe3b32981a,,649,,fake,train,skipped,face_not_found,/content/drive/MyDrive/AISC DeepFake Çalışmaları/Deneyler/Deney 1 Frame/Fake/train/fake_train_00649.jpg,Fake/train/fake_train_00649.jpg,/content/drive/MyDrive/AISC DeepFake Çalışmaları/Deneyler/Nazlıcan/Deney 1/Kaş/fake/train/fake_train_00649.jpg,fake/train/fake_train_00649.jpg,e9d42e568fa9716e689991d196b777615ef4d2452d84f453611e0f0afab68b35,,20260806_142915_eyebrow_roi_seed42_b775dfb93f,2026-08-06T14:32:43.520102+00:00,1920,1080,,,0,,,,,,
09ed5202683e3a04df94640b0b892e689e53f296453743d06bc363921b6ea730,,650,0.0,fake,train,skipped,insufficient_space_below_eyebrows,/content/drive/MyDrive/AISC DeepFake Çalışmaları/Deneyler/Deney 1 Frame/Fake/train/fake_train_00650.jpg,Fake/train/fake_train_00650.jpg,/content/drive/MyDrive/AISC DeepFake Çalışmaları/Deneyler/Nazlıcan/Deney 1/Kaş/fake/train/fake_train_00650.jpg,fake/train/fake_train_00650.jpg,9472e3583c95daef42fa41d43f51f2f0ad0453dde43623846b1a60b4a8e218ca,,20260806_142915_eyebrow_roi_seed42_b775dfb93f,2026-08-06T14:32:43.856892+00:00,1920,1080,,,1,,,,,,
c7fc079524bcc957286c68bf690bbd01a85e6a80117c38fafb88652c94b4199c,,652,0.0,fake,train,skipped,insufficient_space_below_eyebrows,/content/drive/MyDrive/AISC DeepFake Çalışmaları/Deneyler/Deney 1 Frame/Fake/train/fake_train_00652.jpg,Fake/train/fake_train_00652.jpg,/content/drive/MyDrive/AISC DeepFake Çalışmaları/Deneyler/Nazlıcan/Deney 1/Kaş/fake/train/fake_train_00652.jpg,fake/train/fake_train_00652.jpg,a1e88eb3aa434119631b1f84c683e23e91472b6689ef78bfe4ec79cd9b52c9af,,20260806_142915_eyebrow_roi_seed42_b775dfb93f,2026-08-06T14:32:44.450143+00:00,854,480,,,1,,,,,,
72ef31c4bc515c15ef3262ababe1e3659974b6660cee9b0c3f266795eca1f62a,,654,0.0,fake,train,skipped,insufficient_space_below_eyebrows,/content/drive/MyDrive/AISC DeepFake Çalışmaları/Deneyler/Deney 1 Frame/Fake/train/fake_train_00654.jpg,Fake/train/fake_train_00654.jpg,/content/drive/MyDrive/AISC DeepFake Çalışmaları/Deneyler/Nazlıcan/Deney 1/Kaş/fake/train/fake_train_00654.jpg,fake/train/fake_train_00654.jpg,bbce6dd990c3ed8d2babaa5556db898f0b46d4394c46d08efb03f431e95dbd4f,,20260806_142915_eyebrow_roi_seed42_b775dfb93f,2026-08-06T14:32:44.850250+00:00,832,480,,,1,,,,,,
1d061042e885cd2a34875d298672c52932400b89ff211110b3c1b5d325ccd7f3,,667,0.0,fake,train,skipped,insufficient_space_below_eyebrows,/content/drive/MyDrive/AISC DeepFake Çalışmaları/Deneyler/Deney 1 Frame/Fake/train/fake_train_00667.jpg,Fake/train/fake_train_00667.jpg,/content/drive/MyDrive/AISC DeepFake Çalışmaları/Deneyler/Nazlıcan/Deney 1/Kaş/fake/train/fake_train_00667.jpg,fake/train/fake_train_00667.jpg,5a0782800e2779e645f078f7ae6d944a360dc0f8d47fe789306d5dd4ec006d6b,,20260806_142915_eyebrow_roi_seed42_b775dfb93f,2026-08-06T14:32:48.328401+00:00,720,480,,,1,,,,,,
71454658e54380632c312b094ef231374f2dac10a3a94428912737ae51485ac5,,669,0.0,fake,train,skipped,insufficient_space_below_eyebrows,/content/drive/MyDrive/AISC DeepFake Çalışmaları/Deneyler/Deney 1 Frame/Fake/train/fake_train_00669.jpg,Fake/train/fake_train_00669.jpg,/content/drive/MyDrive/AISC DeepFake Çalışmaları/Deneyler/Nazlıcan/Deney 1/Kaş/fake/train/fake_train_00669.jpg,fake/train/fake_train_00669.jpg,1779faf6df11cf9d48e4c01978dd2e6ab338f91327ab1dcc8b251f109ba75b5a,,20260806_142915_eyebrow_roi_seed42_b775dfb93f,2026-08-06T14:32:48.864845+00:00,854,480,,,1,,,,,,
46ab3d35f65c21881d5cc0827b82e296a3c949b137dce81dcf57d2b77c913678,,677,,fake,train,skipped,face_not_found,/content/drive/MyDrive/AISC DeepFake Çalışmaları/Deneyler/Deney 1 Frame/Fake/train/fake_train_00677.jpg,Fake/train/fake_train_00677.jpg,/content/drive/MyDrive/AISC DeepFake Çalışmaları/Deneyler/Nazlıcan/Deney 1/Kaş/fake/train/fake_train_00677.jpg,fake/train/fake_train_00677.jpg,4d7b1896fb899af364f0a552148e08d1b5bf816752f4e0fbe98559455bf194b1,,20260806_142915_eyebrow_roi_seed42_b775dfb93f,2026-08-06T14:32:51.275663+00:00,1920,1080,,,0,,,,,,
dd8cb78faa138498f1898e4dca588e800f04c3642fc0ca44e1796c0416c447f8,,680,,fake,train,skipped,face_not_found,/content/drive/MyDrive/AISC DeepFake Çalışmaları/Deneyler/Deney 1 Frame/Fake/train/fake_train_00680.jpg,Fake/train/fake_train_00680.jpg,/content/drive/MyDrive/AISC DeepFake Çalışmaları/Deneyler/Nazlıcan/Deney 1/Kaş/fake/train/fake_train_00680.jpg,fake/train/fake_train_00680.jpg,8589507c9c70c1ac3e6f80e55568fe43b40b4c265e3545b5c7bab3da8a734e8e,,20260806_142915_eyebrow_roi_seed42_b775dfb93f,2026-08-06T14:32:52.458985+00:00,1280,720,,,0,,,,,,
da57254211a130ceb043870c88f681cebffbc50b93dd50fc2f9a1c2a1add1d69,,685,0.0,fake,train,skipped,insufficient_space_below_eyebrows,/content/drive/MyDrive/AISC DeepFake Çalışmaları/Deneyler/Deney 1 Frame/Fake/train/fake_train_00685.jpg,Fake/train/fake_train_00685.jpg,/content/drive/MyDrive/AISC DeepFake Çalışmaları/Deneyler/Nazlıcan/Deney 1/Kaş/fake/train/fake_train_00685.jpg,fake/train/fake_train_00685.jpg,3589a84783759d7192f4e5930c5871d752b892e82c67efd85cb53f720ee4d559,,20260806_142915_eyebrow_roi_seed42_b775dfb93f,2026-08-06T14:32:53.735848+00:00,600,480,,,1,,,,,,
d8ada21dac685e1e84134459eba077ff2b6253b8751378e66efd7bc42b3a1f37,,689,,fake,train,skipped,face_not_found,/content/drive/MyDrive/AISC DeepFake Çalışmaları/Deneyler/Deney 1 Frame/Fake/train/fake_train_00689.jpg,Fake/train/fake_train_00689.jpg,/content/drive/MyDrive/AISC DeepFake Çalışmaları/Deneyler/Nazlıcan/Deney 1/Kaş/fake/train/fake_train_00689.jpg,fake/train/fake_train_00689.jpg,6e55853b76286d1de3f425550fb2b4f7adc77653538f7aaa6d991d403a1b47d4,,20260806_142915_eyebrow_roi_seed42_b775dfb93f,2026-08-06T14:32:54.899005+00:00,832,480,,,0,,,,,,
7c375fd6a329eafa35f4b16d4f640bd462b7d84c70aff749a1148141e6dd52b1,,690,0.0,fake,train,skipped,insufficient_space_below_eyebrows,/content/drive/MyDrive/AISC DeepFake Çalışmaları/Deneyler/Deney 1 Frame/Fake/train/fake_train_00690.jpg,Fake/train/fake_train_00690.jpg,/content/drive/MyDrive/AISC DeepFake Çalışmaları/Deneyler/Nazlıcan/Deney 1/Kaş/fake/train/fake_train_00690.jpg,fake/train/fake_train_00690.jpg,5937a025673d480d2a26a2d50f985a146367ba82742fe889cf622137689777f3,,20260806_142915_eyebrow_roi_seed42_b775dfb93f,2026-08-06T14:32:55.137077+00:00,1920,1080,,,1,,,,,,
0c2ecc72cbe90c73163f3dd79352e4698dd0258efbd12e71bfdebc9df74aac1c,,691,,fake,train,skipped,face_not_found,/content/drive/MyDrive/AISC DeepFake Çalışmaları/Deneyler/Deney 1 Frame/Fake/train/fake_train_00691.jpg,Fake/train/fake_train_00691.jpg,/content/drive/MyDrive/AISC DeepFake Çalışmaları/Deneyler/Nazlıcan/Deney 1/Kaş/fake/train/fake_train_00691.jpg,fake/train/fake_train_00691.jpg,f125480effd8c6c49749dd05a06bdbc70566a66d69657769fe43720c81610e9e,,20260806_142915_eyebrow_roi_seed42_b775dfb93f,2026-08-06T14:32:55.409766+00:00,1920,1080,,,0,,,,,,
b050f133c26cb379578a9bbec0504ea266c3ae6c57aaa6067ce2ed595641885e,,692,,fake,train,skipped,multiple_faces_detected:2,/content/drive/MyDrive/AISC DeepFake Çalışmaları/Deneyler/Deney 1 Frame/Fake/train/fake_train_00692.jpg,Fake/train/fake_train_00692.jpg,/content/drive/MyDrive/AISC DeepFake Çalışmaları/Deneyler/Nazlıcan/Deney 1/Kaş/fake/train/fake_train_00692.jpg,fake/train/fake_train_00692.jpg,75d4324a378035cc3bdbc148cc28380b1a279e9614e63a263bbd0c8e252ec4c1,,20260806_142915_eyebrow_roi_seed42_b775dfb93f,2026-08-06T14:32:56.222749+00:00,1920,1080,,,2,,,,,,
2364a0dfd6d23ba297bfc9794499ce00b73869066d4d9ace8898a3c631e40a87,,693,0.0,fake,train,skipped,insufficient_space_below_eyebrows,/content/drive/MyDrive/AISC DeepFake Çalışmaları/Deneyler/Deney 1 Frame/Fake/train/fake_train_00693.jpg,Fake/train/fake_train_00693.jpg,/content/drive/MyDrive/AISC DeepFake Çalışmaları/Deneyler/Nazlıcan/Deney 1/Kaş/fake/train/fake_train_00693.jpg,fake/train/fake_train_00693.jpg,c8e07387a1b0b1edd10250b5df2b620c28c03a0d5c84be4526896f36dc519ecc,,20260806_142915_eyebrow_roi_seed42_b775dfb93f,2026-08-06T14:32:56.672864+00:00,600,480,,,1,,,,,,
6edd35474681b8c4176aad908231e3253b642aed308bdf74940dd6695c586335,,695,,fake,train,skipped,face_not_found,/content/drive/MyDrive/AISC DeepFake Çalışmaları/Deneyler/Deney 1 Frame/Fake/train/fake_train_00695.jpg,Fake/train/fake_train_00695.jpg,/content/drive/MyDrive/AISC DeepFake Çalışmaları/Deneyler/Nazlıcan/Deney 1/Kaş/fake/train/fake_train_00695.jpg,fake/train/fake_train_00695.jpg,3c10691b2bbf1bb9a7f9748b57ebeb321edace398601e159c3ddcfb94b9dccdd,,20260806_142915_eyebrow_roi_seed42_b775dfb93f,2026-08-06T14:32:57.234303+00:00,1920,1080,,,0,,,,,,
d3fcbdbe15d63b3f2887ad441a26774d16fa6628b862f1263a3fcde8af319956,,697,0.0,fake,train,skipped,insufficient_space_below_eyebrows,/content/drive/MyDrive/AISC DeepFake Çalışmaları/Deneyler/Deney 1 Frame/Fake/train/fake_train_00697.jpg,Fake/train/fake_train_00697.jpg,/content/drive/MyDrive/AISC DeepFake Çalışmaları/Deneyler/Nazlıcan/Deney 1/Kaş/fake/train/fake_train_00697.jpg,fake/train/fake_train_00697.jpg,fccb97a6a86c757a16976cafab6a68627692914b8d543705a97da19b14e126fd,,20260806_142915_eyebrow_roi_seed42_b775dfb93f,2026-08-06T14:32:57.726170+00:00,576,480,,,1,,,,,,
d47c20ee9473f456aa55f461a013a8c8344fefc6a9e0c5012cb99fc9de324479,,699,0.0,fake,train,skipped,insufficient_space_below_eyebrows,/content/drive/MyDrive/AISC DeepFake Çalışmaları/Deneyler/Deney 1 Frame/Fake/train/fake_train_00699.jpg,Fake/train/fake_train_00699.jpg,/content/drive/MyDrive/AISC DeepFake Çalışmaları/Deneyler/Nazlıcan/Deney 1/Kaş/fake/train/fake_train_00699.jpg,fake/train/fake_train_00699.jpg,4ad56aa3c852f96b7abe0b09306028ba0e58a4221a2755564de847e69a0e4301,,20260806_142915_eyebrow_roi_seed42_b775dfb93f,2026-08-06T14:32:58.290881+00:00,640,480,,,1,,,,,,
d55e15042c463e1e468af62027c73085fba04a93610a30ed2ab705c260950849,,701,0.0,fake,train,skipped,insufficient_space_below_eyebrows,/content/drive/MyDrive/AISC DeepFake Çalışmaları/Deneyler/Deney 1 Frame/Fake/train/fake_train_00701.jpg,Fake/train/fake_train_00701.jpg,/content/drive/MyDrive/AISC DeepFake Çalışmaları/Deneyler/Nazlıcan/Deney 1/Kaş/fake/train/fake_train_00701.jpg,fake/train/fake_train_00701.jpg,baeb8d3059b612c7e456c70c0ad96254ba8bb9c640c35c12dc7b1fa83d2962b2,,20260806_142915_eyebrow_roi_seed42_b775dfb93f,2026-08-06T14:32:58.998095+00:00,1920,1080,,,1,,,,,,
48a61ed023959ed2bbebd30bf994f6372a1f55126b576721529e57cf945449ca,,702,0.0,fake,train,skipped,insufficient_space_below_eyebrows,/content/drive/MyDrive/AISC DeepFake Çalışmaları/Deneyler/Deney 1 Frame/Fake/train/fake_train_00702.jpg,Fake/train/fake_train_00702.jpg,/content/drive/MyDrive/AISC DeepFake Çalışmaları/Deneyler/Nazlıcan/Deney 1/Kaş/fake/train/fake_train_00702.jpg,fake/train/fake_train_00702.jpg,2f5a450b96a8eda61839521457735801a9ebb8a40377eaa5b1a7992cbb926b06,,20260806_142915_eyebrow_roi_seed42_b775dfb93f,2026-08-06T14:32:59.321353+00:00,1920,1080,,,1,,,,,,
116c211f94614882206f5d1a46150c928059bb1080bafb9fdca8ce9494e8ca38,,703,,fake,train,skipped,multiple_faces_detected:2,/content/drive/MyDrive/AISC DeepFake Çalışmaları/Deneyler/Deney 1 Frame/Fake/train/fake_train_00703.jpg,Fake/train/fake_train_00703.jpg,/content/drive/MyDrive/AISC DeepFake Çalışmaları/Deneyler/Nazlıcan/Deney 1/Kaş/fake/train/fake_train_00703.jpg,fake/train/fake_train_00703.jpg,7169d054a3defbfa8e2d12f0801d11a4a3c11e0270574f275e442f89d224ad9c,,20260806_142915_eyebrow_roi_seed42_b775dfb93f,2026-08-06T14:32:59.544311+00:00,1920,1080,,,2,,,,,,
e64eb04286d89fb0b8b82e57476b6c61a838210252b48cd38807bbacc9afeed5,,705,,fake,train,skipped,face_not_found,/content/drive/MyDrive/AISC DeepFake Çalışmaları/Deneyler/Deney 1 Frame/Fake/train/fake_train_00705.jpg,Fake/train/fake_train_00705.jpg,/content/drive/MyDrive/AISC DeepFake Çalışmaları/Deneyler/Nazlıcan/Deney 1/Kaş/fake/train/fake_train_00705.jpg,fake/train/fake_train_00705.jpg,9baea29b43a126b1618fc7fb65b834cd13d099985a1d0d59881d33d39448a4df,,20260806_142915_eyebrow_roi_seed42_b775dfb93f,2026-08-06T14:33:00.082949+00:00,1280,720,,,0,,,,,,
b126b7159fc3d4fe063e09a061d31a8c5fe35727a88d8bb50ecfdc81771ea08c,,707,,fake,train,skipped,multiple_faces_detected:2,/content/drive/MyDrive/AISC DeepFake Çalışmaları/Deneyler/Deney 1 Frame/Fake/train/fake_train_00707.jpg,Fake/train/fake_train_00707.jpg,/content/drive/MyDrive/AISC DeepFake Çalışmaları/Deneyler/Nazlıcan/Deney 1/Kaş/fake/train/fake_train_00707.jpg,fake/train/fake_train_00707.jpg,9c9af5b05ce53295841a9f9f410f40a02cd7b00bc2eef440cfdc3187a44f9422,,20260806_142915_eyebrow_roi_seed42_b775dfb93f,2026-08-06T14:33:00.546003+00:00,1920,1080,,,2,,,,,,
599add018036183ae4ad8cfe7ba05d1cc132108f28b5a6c93116137ee6c49530,,712,,fake,train,skipped,face_not_found,/content/drive/MyDrive/AISC DeepFake Çalışmaları/Deneyler/Deney 1 Frame/Fake/train/fake_train_00712.jpg,Fake/train/fake_train_00712.jpg,/content/drive/MyDrive/AISC DeepFake Çalışmaları/Deneyler/Nazlıcan/Deney 1/Kaş/fake/train/fake_train_00712.jpg,fake/train/fake_train_00712.jpg,f2d642493d5e846dc450b49a7537e563152e82e9cf80cf4c0cf5271101dd3a53,,20260806_142915_eyebrow_roi_seed42_b775dfb93f,2026-08-06T14:33:01.881552+00:00,1920,1080,,,0,,,,,,
518f36d3d8253ae48582706d2cb0662395f88f1f0e66072784dda80da2e3cca2,,717,0.0,fake,train,skipped,insufficient_space_below_eyebrows,/content/drive/MyDrive/AISC DeepFake Çalışmaları/Deneyler/Deney 1 Frame/Fake/train/fake_train_00717.jpg,Fake/train/fake_train_00717.jpg,/content/drive/MyDrive/AISC DeepFake Çalışmaları/Deneyler/Nazlıcan/Deney 1/Kaş/fake/train/fake_train_00717.jpg,fake/train/fake_train_00717.jpg,6411c5dc93f5b32e2f58fdba34d187c1dd895d9253839bf235affd0874e90c16,,20260806_142915_eyebrow_roi_seed42_b775dfb93f,2026-08-06T14:33:03.243121+00:00,640,480,,,1,,,,,,
bed3501d54b0182f1277d31a10ed138a61b5020c3ef393b1082ba1b62c62d5ad,,720,,fake,train,skipped,face_not_found,/content/drive/MyDrive/AISC DeepFake Çalışmaları/Deneyler/Deney 1 Frame/Fake/train/fake_train_00720.jpg,Fake/train/fake_train_00720.jpg,/content/drive/MyDrive/AISC DeepFake Çalışmaları/Deneyler/Nazlıcan/Deney 1/Kaş/fake/train/fake_train_00720.jpg,fake/train/fake_train_00720.jpg,96e4d5120f066ca59e60afb9124417ba82712ac98210fb635a8ad330600efaaa,,20260806_142915_eyebrow_roi_seed42_b775dfb93f,2026-08-06T14:33:04.039849+00:00,1920,1080,,,0,,,,,,
bde0f5ee8664411abf7939ba7f3f9d6fbfe48331ad70be0743a1e42ef9d7025a,,721,0.0,fake,train,skipped,insufficient_space_below_eyebrows,/content/drive/MyDrive/AISC DeepFake Çalışmaları/Deneyler/Deney 1 Frame/Fake/train/fake_train_00721.jpg,Fake/train/fake_train_00721.jpg,/content/drive/MyDrive/AISC DeepFake Çalışmaları/Deneyler/Nazlıcan/Deney 1/Kaş/fake/train/fake_train_00721.jpg,fake/train/fake_train_00721.jpg,5f8541cf7e2b7ef5a984b5374a55fae29895c008131fded8c59b28adf6e290e1,,20260806_142915_eyebrow_roi_seed42_b775dfb93f,2026-08-06T14:33:04.233152+00:00,1280,720,,,1,,,,,,
321ba94710cd4421815d9e1d6f86eeceb7fcda62b3a6513890e177a9212d1743,,725,0.0,fake,train,skipped,insufficient_space_below_eyebrows,/content/drive/MyDrive/AISC DeepFake Çalışmaları/Deneyler/Deney 1 Frame/Fake/train/fake_train_00725.jpg,Fake/train/fake_train_00725.jpg,/content/drive/MyDrive/AISC DeepFake Çalışmaları/Deneyler/Nazlıcan/Deney 1/Kaş/fake/train/fake_train_00725.jpg,fake/train/fake_train_00725.jpg,a30b09c5dc0a3aa5964c129d1c8ea36f4089bf7f01faea0bfb5dcb6ee3c345f2,,20260806_142915_eyebrow_roi_seed42_b775dfb93f,2026-08-06T14:33:05.698339+00:00,640,480,,,1,,,,,,
f114674fc5a0b23590794a30bcb316755d193539198bd9e57f832be52270e288,,727,0.0,fake,train,skipped,insufficient_space_below_eyebrows,/content/drive/MyDrive/AISC DeepFake Çalışmaları/Deneyler/Deney 1 Frame/Fake/train/fake_train_00727.jpg,Fake/train/fake_train_00727.jpg,/content/drive/MyDrive/AISC DeepFake Çalışmaları/Deneyler/Nazlıcan/Deney 1/Kaş/fake/train/fake_train_00727.jpg,fake/train/fake_train_00727.jpg,cbeec6e4526badfdb457740f6bcc919fd32ae6aa671347a8a6a2dd9c4951648e,,20260806_142915_eyebrow_roi_seed42_b775dfb93f,2026-08-06T14:33:06.205594+00:00,854,480,,,1,,,,,,
b8f8a7785d1578cd52b3f7628a11d22aefb9467d446101a79f7ce85294667507,,728,0.0,fake,train,skipped,insufficient_space_below_eyebrows,/content/drive/MyDrive/AISC DeepFake Çalışmaları/Deneyler/Deney 1 Frame/Fake/train/fake_train_00728.jpg,Fake/train/fake_train_00728.jpg,/content/drive/MyDrive/AISC DeepFake Çalışmaları/Deneyler/Nazlıcan/Deney 1/Kaş/fake/train/fake_train_00728.jpg,fake/train/fake_train_00728.jpg,c368d512bd76d77987045980d5e2a8d909d89b0fe2b32cd43959e2362ad7ac9f,,20260806_142915_eyebrow_roi_seed42_b775dfb93f,2026-08-06T14:33:06.474002+00:00,640,480,,,1,,,,,,
30bf21e81653a05faa4942a07ba86eca42d57d63fb5a40543f52bf64888a8490,,731,0.0,fake,train,skipped,insufficient_space_below_eyebrows,/content/drive/MyDrive/AISC DeepFake Çalışmaları/Deneyler/Deney 1 Frame/Fake/train/fake_train_00731.jpg,Fake/train/fake_train_00731.jpg,/content/drive/MyDrive/AISC DeepFake Çalışmaları/Deneyler/Nazlıcan/Deney 1/Kaş/fake/train/fake_train_00731.jpg,fake/train/fake_train_00731.jpg,ac9080653906254126a13e98db5058c5774b2f1cd62e957f7afa03e0398c15c3,,20260806_142915_eyebrow_roi_seed42_b775dfb93f,2026-08-06T14:33:07.513326+00:00,1280,720,,,1,,,,,,
09362de9a5046787f03cd2f3a47262624dfa6ae6e641757033cde96c78c8bfa0,,734,0.0,fake,train,skipped,insufficient_space_below_eyebrows,/content/drive/MyDrive/AISC DeepFake Çalışmaları/Deneyler/Deney 1 Frame/Fake/train/fake_train_00734.jpg,Fake/train/fake_train_00734.jpg,/content/drive/MyDrive/AISC DeepFake Çalışmaları/Deneyler/Nazlıcan/Deney 1/Kaş/fake/train/fake_train_00734.jpg,fake/train/fake_train_00734.jpg,c95ffa8064284bdb77052a053a9525bb3bb2871920dd78b48a0b9e80568916d2,,20260806_142915_eyebrow_roi_seed42_b775dfb93f,2026-08-06T14:33:08.363390+00:00,640,480,,,1,,,,,,
d2cd90ee4d8e816b9d7bfc45e018798ac9384b573d637f57d42d6dc4871639ae,,742,,fake,train,skipped,multiple_faces_detected:2,/content/drive/MyDrive/AISC DeepFake Çalışmaları/Deneyler/Deney 1 Frame/Fake/train/fake_train_00742.jpg,Fake/train/fake_train_00742.jpg,/content/drive/MyDrive/AISC DeepFake Çalışmaları/Deneyler/Nazlıcan/Deney 1/Kaş/fake/train/fake_train_00742.jpg,fake/train/fake_train_00742.jpg,56ec49b7cca9773d521bdaa09b5b58c372ea2854377fa58e014b399ac1f78746,,20260806_142915_eyebrow_roi_seed42_b775dfb93f,2026-08-06T14:33:10.594691+00:00,1920,1080,,,2,,,,,,
e8a0c350b82cee57a30756afd68aceb03700ec988388b3a83139968428d73a54,,743,0.0,fake,train,skipped,insufficient_space_below_eyebrows,/content/drive/MyDrive/AISC DeepFake Çalışmaları/Deneyler/Deney 1 Frame/Fake/train/fake_train_00743.jpg,Fake/train/fake_train_00743.jpg,/content/drive/MyDrive/AISC DeepFake Çalışmaları/Deneyler/Nazlıcan/Deney 1/Kaş/fake/train/fake_train_00743.jpg,fake/train/fake_train_00743.jpg,b3bcd2f308ec40f4f1b4f74cd98414036bb02f36a914322e8a20ba5be84eabd4,,20260806_142915_eyebrow_roi_seed42_b775dfb93f,2026-08-06T14:33:10.848475+00:00,1280,720,,,1,,,,,,
b2e9bf683f2e6b51e236f355a3af281ad295288c0a8727fcba79396cd4c83dcf,,745,0.0,fake,train,skipped,insufficient_space_below_eyebrows,/content/drive/MyDrive/AISC DeepFake Çalışmaları/Deneyler/Deney 1 Frame/Fake/train/fake_train_00745.jpg,Fake/train/fake_train_00745.jpg,/content/drive/MyDrive/AISC DeepFake Çalışmaları/Deneyler/Nazlıcan/Deney 1/Kaş/fake/train/fake_train_00745.jpg,fake/train/fake_train_00745.jpg,633c62e568df2b8f7a665f8bc1754c76c5f8ef195fff3e9ec441847a93cb00d2,,20260806_142915_eyebrow_roi_seed42_b775dfb93f,2026-08-06T14:33:11.385934+00:00,1280,720,,,1,,,,,,
3c92b57ef3556d15d04bad20427cbb6d317d0a3232ceab66040078114170cb9a,,746,,fake,train,skipped,face_not_found,/content/drive/MyDrive/AISC DeepFake Çalışmaları/Deneyler/Deney 1 Frame/Fake/train/fake_train_00746.jpg,Fake/train/fake_train_00746.jpg,/content/drive/MyDrive/AISC DeepFake Çalışmaları/Deneyler/Nazlıcan/Deney 1/Kaş/fake/train/fake_train_00746.jpg,fake/train/fake_train_00746.jpg,5548685217a6be1a68c31d9457298f5201ee86763c3ba2263577616eca5992a2,,20260806_142915_eyebrow_roi_seed42_b775dfb93f,2026-08-06T14:33:11.650672+00:00,1280,720,,,0,,,,,,
ef2a1b16ef5cefcf1ddb14a83754f1b2233dda0a23cfe9d2e22e49f6e8103caf,,747,0.0,fake,train,skipped,insufficient_space_below_eyebrows,/content/drive/MyDrive/AISC DeepFake Çalışmaları/Deneyler/Deney 1 Frame/Fake/train/fake_train_00747.jpg,Fake/train/fake_train_00747.jpg,/content/drive/MyDrive/AISC DeepFake Çalışmaları/Deneyler/Nazlıcan/Deney 1/Kaş/fake/train/fake_train_00747.jpg,fake/train/fake_train_00747.jpg,fc4476ad095552e2e604cf9fe591e085a73406b7153f9e25831e4b3f6c28bf99,,20260806_142915_eyebrow_roi_seed42_b775dfb93f,2026-08-06T14:33:11.856852+00:00,1920,1080,,,1,,,,,,
26a53b83b0d93da2f1db0d532d6a83b2118a671812436ab987cdaaf15d7ba472,,750,0.0,fake,train,skipped,insufficient_space_below_eyebrows,/content/drive/MyDrive/AISC DeepFake Çalışmaları/Deneyler/Deney 1 Frame/Fake/train/fake_train_00750.jpg,Fake/train/fake_train_00750.jpg,/content/drive/MyDrive/AISC DeepFake Çalışmaları/Deneyler/Nazlıcan/Deney 1/Kaş/fake/train/fake_train_00750.jpg,fake/train/fake_train_00750.jpg,73716407dab12e4a65cc2a2e15c83e604e0bff9cccc38e6379352cd1e506212f,,20260806_142915_eyebrow_roi_seed42_b775dfb93f,2026-08-06T14:33:12.768355+00:00,1280,720,,,1,,,,,,
da8f67f016cf971941410c11ab3694d649379b48e9e943d737eaf981e506b9bc,,754,0.0,fake,train,skipped,insufficient_space_below_eyebrows,/content/drive/MyDrive/AISC DeepFake Çalışmaları/Deneyler/Deney 1 Frame/Fake/train/fake_train_00754.jpg,Fake/train/fake_train_00754.jpg,/content/drive/MyDrive/AISC DeepFake Çalışmaları/Deneyler/Nazlıcan/Deney 1/Kaş/fake/train/fake_train_00754.jpg,fake/train/fake_train_00754.jpg,e285e712553f208f1cd5e18478f367489c43b881f090189055b4ae2e8130100c,,20260806_142915_eyebrow_roi_seed42_b775dfb93f,2026-08-06T14:33:13.839660+00:00,1920,1080,,,1,,,,,,
be8a9cb7b6c5cbc4caf13da8a7810c5e1716dad41ecd54eebd6ba324e02164d1,,765,,fake,train,skipped,face_not_found,/content/drive/MyDrive/AISC DeepFake Çalışmaları/Deneyler/Deney 1 Frame/Fake/train/fake_train_00765.jpg,Fake/train/fake_train_00765.jpg,/content/drive/MyDrive/AISC DeepFake Çalışmaları/Deneyler/Nazlıcan/Deney 1/Kaş/fake/train/fake_train_00765.jpg,fake/train/fake_train_00765.jpg,4e4efc28b123e896bc1d2c3a5ffe5f4df26296be5c6e263f818ef116fadf7dd7,,20260806_142915_eyebrow_roi_seed42_b775dfb93f,2026-08-06T14:33:16.882219+00:00,1920,1080,,,0,,,,,,
6714ac1eb3ecbfbfedf6cabd28d7a3fec6d38cb0cc9cc918f5f7190577bda4d2,,768,0.0,fake,train,skipped,insufficient_space_below_eyebrows,/content/drive/MyDrive/AISC DeepFake Çalışmaları/Deneyler/Deney 1 Frame/Fake/train/fake_train_00768.jpg,Fake/train/fake_train_00768.jpg,/content/drive/MyDrive/AISC DeepFake Çalışmaları/Deneyler/Nazlıcan/Deney 1/Kaş/fake/train/fake_train_00768.jpg,fake/train/fake_train_00768.jpg,10483aa977c3036a708b59aed8f4e404d3ac4ba93f3601b111e84c400b110681,,20260806_142915_eyebrow_roi_seed42_b775dfb93f,2026-08-06T14:33:17.637285+00:00,1280,720,,,1,,,,,,
2b2cf83778ec8e957819a8cfad4a892f5e932c62e52270edb2dac8941ebf63e7,,769,,fake,train,skipped,face_not_found,/content/drive/MyDrive/AISC DeepFake Çalışmaları/Deneyler/Deney 1 Frame/Fake/train/fake_train_00769.jpg,Fake/train/fake_train_00769.jpg,/content/drive/MyDrive/AISC DeepFake Çalışmaları/Deneyler/Nazlıcan/Deney 1/Kaş/fake/train/fake_train_00769.jpg,fake/train/fake_train_00769.jpg,2f0b7b3d6d0b2e4667d01744b490de8dd783ae7854f16984444602a4c4c407ae,,20260806_142915_eyebrow_roi_seed42_b775dfb93f,2026-08-06T14:33:17.860979+00:00,1920,1080,,,0,,,,,,
0b25702a56a1e72a6f25e5d18cc4249d8830e91be9387ffbc35cd59500a0c181,,779,,fake,train,skipped,multiple_faces_detected:2,/content/drive/MyDrive/AISC DeepFake Çalışmaları/Deneyler/Deney 1 Frame/Fake/train/fake_train_00779.jpg,Fake/train/fake_train_00779.jpg,/content/drive/MyDrive/AISC DeepFake Çalışmaları/Deneyler/Nazlıcan/Deney 1/Kaş/fake/train/fake_train_00779.jpg,fake/train/fake_train_00779.jpg,bf92a2cbfeb1247e5bb3ca1af090355da35e386635f5228b23bd004b1f98c4aa,,20260806_142915_eyebrow_roi_seed42_b775dfb93f,2026-08-06T14:33:20.702140+00:00,1920,1080,,,2,,,,,,
2ab931f5320443e6b37189e95e76e8b85620ebcd27b5dcb85f732b6d624f1675,,782,0.0,fake,train,skipped,insufficient_space_below_eyebrows,/content/drive/MyDrive/AISC DeepFake Çalışmaları/Deneyler/Deney 1 Frame/Fake/train/fake_train_00782.jpg,Fake/train/fake_train_00782.jpg,/content/drive/MyDrive/AISC DeepFake Çalışmaları/Deneyler/Nazlıcan/Deney 1/Kaş/fake/train/fake_train_00782.jpg,fake/train/fake_train_00782.jpg,ec28827b34c8de03c0a874355ec95dca6e2db755d553fb0044db6a89ceea78ba,,20260806_142915_eyebrow_roi_seed42_b775dfb93f,2026-08-06T14:33:21.455365+00:00,1920,1080,,,1,,,,,,
8c2d9546325dfbebfd3d22dc630b17db71b93a88b08e725670d4c137b72cfa67,,783,,fake,train,skipped,multiple_faces_detected:2,/content/drive/MyDrive/AISC DeepFake Çalışmaları/Deneyler/Deney 1 Frame/Fake/train/fake_train_00783.jpg,Fake/train/fake_train_00783.jpg,/content/drive/MyDrive/AISC DeepFake Çalışmaları/Deneyler/Nazlıcan/Deney 1/Kaş/fake/train/fake_train_00783.jpg,fake/train/fake_train_00783.jpg,501af913ece8b4b8f48cb99c69136d474f12092ffe056f75d06ef6758df48f99,,20260806_142915_eyebrow_roi_seed42_b775dfb93f,2026-08-06T14:33:21.692378+00:00,1280,720,,,2,,,,,,
bdc9ce3a76e8fdd5e50be5ae1780b324bce94abfeeaf518cd09f8871cf4d3de5,,784,,fake,train,skipped,face_not_found,/content/drive/MyDrive/AISC DeepFake Çalışmaları/Deneyler/Deney 1 Frame/Fake/train/fake_train_00784.jpg,Fake/train/fake_train_00784.jpg,/content/drive/MyDrive/AISC DeepFake Çalışmaları/Deneyler/Nazlıcan/Deney 1/Kaş/fake/train/fake_train_00784.jpg,fake/train/fake_train_00784.jpg,32c7f04a3b3be1462880ec1d8c7a576e2efe9d744b8306aa874d9c1c8fe23fc0,,20260806_142915_eyebrow_roi_seed42_b775dfb93f,2026-08-06T14:33:21.918463+00:00,1920,1080,,,0,,,,,,
7c1e44c7a1a77cf909c2edc51d6642cb3eab87c60681949a23f262cf47c34f7b,,788,0.0,fake,train,skipped,insufficient_space_below_eyebrows,/content/drive/MyDrive/AISC DeepFake Çalışmaları/Deneyler/Deney 1 Frame/Fake/train/fake_train_00788.jpg,Fake/train/fake_train_00788.jpg,/content/drive/MyDrive/AISC DeepFake Çalışmaları/Deneyler/Nazlıcan/Deney 1/Kaş/fake/train/fake_train_00788.jpg,fake/train/fake_train_00788.jpg,42d8f4f29999a2c50b1975fa8b18be989848d52f8857cce831871a2392d2b447,,20260806_142915_eyebrow_roi_seed42_b775dfb93f,2026-08-06T14:33:23.136816+00:00,1920,1080,,,1,,,,,,
069c4aa596670da92100c932bbf1bb3716ff8f41914de8b190d1518bcc84c446,,789,,fake,train,skipped,multiple_faces_detected:2,/content/drive/MyDrive/AISC DeepFake Çalışmaları/Deneyler/Deney 1 Frame/Fake/train/fake_train_00789.jpg,Fake/train/fake_train_00789.jpg,/content/drive/MyDrive/AISC DeepFake Çalışmaları/Deneyler/Nazlıcan/Deney 1/Kaş/fake/train/fake_train_00789.jpg,fake/train/fake_train_00789.jpg,bb1460829f55afbdfdf35808d4d247ef3020fd8ec790255c357a499f64085304,,20260806_142915_eyebrow_roi_seed42_b775dfb93f,2026-08-06T14:33:23.379288+00:00,1920,1080,,,2,,,,,,
22ec9be4e2034646b10d27427b19dc4f2f42fee644112fde19a76309dd9a1ede,,798,0.0,fake,train,skipped,insufficient_space_below_eyebrows,/content/drive/MyDrive/AISC DeepFake Çalışmaları/Deneyler/Deney 1 Frame/Fake/train/fake_train_00798.jpg,Fake/train/fake_train_00798.jpg,/content/drive/MyDrive/AISC DeepFake Çalışmaları/Deneyler/Nazlıcan/Deney 1/Kaş/fake/train/fake_train_00798.jpg,fake/train/fake_train_00798.jpg,6f4ee67e00b0f92425ed2c74105c957106c97988e5a482a7e0c0d85214b9e6d6,,20260806_142915_eyebrow_roi_seed42_b775dfb93f,2026-08-06T14:33:26.050095+00:00,640,480,,,1,,,,,,
660f8750f035af6e94b4b0e05c77dd641af680cbf10ff103237493bbc136cb43,,803,,fake,train,skipped,face_not_found,/content/drive/MyDrive/AISC DeepFake Çalışmaları/Deneyler/Deney 1 Frame/Fake/train/fake_train_00803.jpg,Fake/train/fake_train_00803.jpg,/content/drive/MyDrive/AISC DeepFake Çalışmaları/Deneyler/Nazlıcan/Deney 1/Kaş/fake/train/fake_train_00803.jpg,fake/train/fake_train_00803.jpg,064d6ed5a8cb5be2e517a10e57056bd465a0898034b1947974e19fc0938c32dc,,20260806_142915_eyebrow_roi_seed42_b775dfb93f,2026-08-06T14:33:27.569421+00:00,1920,1080,,,0,,,,,,
d270d32e09d75123b4ab6faa289c2a26786e4defd62a5f26012b6ea6355d174e,,804,0.0,fake,train,skipped,insufficient_space_below_eyebrows,/content/drive/MyDrive/AISC DeepFake Çalışmaları/Deneyler/Deney 1 Frame/Fake/train/fake_train_00804.jpg,Fake/train/fake_train_00804.jpg,/content/drive/MyDrive/AISC DeepFake Çalışmaları/Deneyler/Nazlıcan/Deney 1/Kaş/fake/train/fake_train_00804.jpg,fake/train/fake_train_00804.jpg,56a406ef1f7dfd97ad0492281e64f8a67a4f9872e114fefe2c27c5084f5a05a8,,20260806_142915_eyebrow_roi_seed42_b775dfb93f,2026-08-06T14:33:27.812009+00:00,1920,1080,,,1,,,,,,
57df57e390c3373760ad1681f03f7a7edc84b1712fe87246c301eb2cd4cd6ea3,,807,0.0,fake,train,skipped,insufficient_space_below_eyebrows,/content/drive/MyDrive/AISC DeepFake Çalışmaları/Deneyler/Deney 1 Frame/Fake/train/fake_train_00807.jpg,Fake/train/fake_train_00807.jpg,/content/drive/MyDrive/AISC DeepFake Çalışmaları/Deneyler/Nazlıcan/Deney 1/Kaş/fake/train/fake_train_00807.jpg,fake/train/fake_train_00807.jpg,cacd421f17cada090a81eff833789f23bb9e887220e9a75e73126aa712028433,,20260806_142915_eyebrow_roi_seed42_b775dfb93f,2026-08-06T14:33:28.654393+00:00,640,480,,,1,,,,,,
c625aeea5d705921c2ef36c0c5f07da62c0e0229a5e92049276b47d5cfc132d3,,809,0.0,fake,train,skipped,insufficient_space_below_eyebrows,/content/drive/MyDrive/AISC DeepFake Çalışmaları/Deneyler/Deney 1 Frame/Fake/train/fake_train_00809.jpg,Fake/train/fake_train_00809.jpg,/content/drive/MyDrive/AISC DeepFake Çalışmaları/Deneyler/Nazlıcan/Deney 1/Kaş/fake/train/fake_train_00809.jpg,fake/train/fake_train_00809.jpg,6e37084aa2b8bbcbfed86c8f903c4dff1ef7bcb48d75887312a20ca0e371aa9a,,20260806_142915_eyebrow_roi_seed42_b775dfb93f,2026-08-06T14:33:29.330019+00:00,1280,720,,,1,,,,,,
47164fdf2031ef47060b8476d55b43d21cb98637c4cb3a1475f867b422df7ab5,,812,0.0,fake,train,skipped,insufficient_space_below_eyebrows,/content/drive/MyDrive/AISC DeepFake Çalışmaları/Deneyler/Deney 1 Frame/Fake/train/fake_train_00812.jpg,Fake/train/fake_train_00812.jpg,/content/drive/MyDrive/AISC DeepFake Çalışmaları/Deneyler/Nazlıcan/Deney 1/Kaş/fake/train/fake_train_00812.jpg,fake/train/fake_train_00812.jpg,4cb385026cb66edf6288a43d10e9f247956cd1f56e986ceee693fb2f1aafb75d,,20260806_142915_eyebrow_roi_seed42_b775dfb93f,2026-08-06T14:33:30.134794+00:00,640,480,,,1,,,,,,
5486c2368d96e0074a24acaa671d635df948fc51eac5765acc9fe99e8ab289ef,,819,0.0,fake,train,skipped,insufficient_space_below_eyebrows,/content/drive/MyDrive/AISC DeepFake Çalışmaları/Deneyler/Deney 1 Frame/Fake/train/fake_train_00819.jpg,Fake/train/fake_train_00819.jpg,/content/drive/MyDrive/AISC DeepFake Çalışmaları/Deneyler/Nazlıcan/Deney 1/Kaş/fake/train/fake_train_00819.jpg,fake/train/fake_train_00819.jpg,6c99b47b65d3878051caad527a22caff75693340d457540080bde86e8e89ce78,,20260806_142915_eyebrow_roi_seed42_b775dfb93f,2026-08-06T14:33:32.018150+00:00,1920,1080,,,1,,,,,,
6ba699d7de1d937f3e40a3424dcd8c0c830143de0c92676c9634772a450acec4,,820,,fake,train,skipped,face_not_found,/content/drive/MyDrive/AISC DeepFake Çalışmaları/Deneyler/Deney 1 Frame/Fake/train/fake_train_00820.jpg,Fake/train/fake_train_00820.jpg,/content/drive/MyDrive/AISC DeepFake Çalışmaları/Deneyler/Nazlıcan/Deney 1/Kaş/fake/train/fake_train_00820.jpg,fake/train/fake_train_00820.jpg,76377311573021420f6a0ea0d7fabf363616ad25f237db07187c9c3904791ed5,,20260806_142915_eyebrow_roi_seed42_b775dfb93f,2026-08-06T14:33:32.282086+00:00,1920,1080,,,0,,,,,,
11d14f44efeb0e3aeeaaee1b75aa14cbde449b6cd28ab1cdcf9d2c1353be98e4,,821,0.0,fake,train,skipped,insufficient_space_below_eyebrows,/content/drive/MyDrive/AISC DeepFake Çalışmaları/Deneyler/Deney 1 Frame/Fake/train/fake_train_00821.jpg,Fake/train/fake_train_00821.jpg,/content/drive/MyDrive/AISC DeepFake Çalışmaları/Deneyler/Nazlıcan/Deney 1/Kaş/fake/train/fake_train_00821.jpg,fake/train/fake_train_00821.jpg,ca08dba2f952200a5deef014f76c4cd43a88b17375500ce14b9219cf828330c3,,20260806_142915_eyebrow_roi_seed42_b775dfb93f,2026-08-06T14:33:32.538446+00:00,1920,1080,,,1,,,,,,
3ae7926197e517e3cf6d25ccd19365a903f3d97ba1d8adf37935f26fc4cb41fc,,823,0.0,fake,train,skipped,insufficient_space_below_eyebrows,/content/drive/MyDrive/AISC DeepFake Çalışmaları/Deneyler/Deney 1 Frame/Fake/train/fake_train_00823.jpg,Fake/train/fake_train_00823.jpg,/content/drive/MyDrive/AISC DeepFake Çalışmaları/Deneyler/Nazlıcan/Deney 1/Kaş/fake/train/fake_train_00823.jpg,fake/train/fake_train_00823.jpg,5cb6456b011a3e91611bb0599f71ca0d6eeb37bc8fa21231c32d4b7a02f4d77f,,20260806_142915_eyebrow_roi_seed42_b775dfb93f,2026-08-06T14:33:33.010434+00:00,1280,720,,,1,,,,,,
48593bb998322f6dbc33a64c2e9ee86ca8471da593e691361a7117b781158a74,,825,0.0,fake,train,skipped,insufficient_space_below_eyebrows,/content/drive/MyDrive/AISC DeepFake Çalışmaları/Deneyler/Deney 1 Frame/Fake/train/fake_train_00825.jpg,Fake/train/fake_train_00825.jpg,/content/drive/MyDrive/AISC DeepFake Çalışmaları/Deneyler/Nazlıcan/Deney 1/Kaş/fake/train/fake_train_00825.jpg,fake/train/fake_train_00825.jpg,80ab5dc9cf26d69e37044d82cca72d29ac0ad6a89ccd4b713f3d4de79551126e,,20260806_142915_eyebrow_roi_seed42_b775dfb93f,2026-08-06T14:33:33.623543+00:00,656,480,,,1,,,,,,
8d3eea27a45d08f6c487f7124078fe5f9846cdea444bb74f66d3cbc396ee239c,,830,,fake,train,skipped,face_not_found,/content/drive/MyDrive/AISC DeepFake Çalışmaları/Deneyler/Deney 1 Frame/Fake/train/fake_train_00830.jpg,Fake/train/fake_train_00830.jpg,/content/drive/MyDrive/AISC DeepFake Çalışmaları/Deneyler/Nazlıcan/Deney 1/Kaş/fake/train/fake_train_00830.jpg,fake/train/fake_train_00830.jpg,0772799a93eb77a28277050a8d6851d247c543e25e547f03b762a0501cfa0f04,,20260806_142915_eyebrow_roi_seed42_b775dfb93f,2026-08-06T14:33:35.100020+00:00,1920,1080,,,0,,,,,,
171c1d7dc3984c5395b5f25ea8c57f026cc3a1e6a8c95c41b17ea5168cc5e7f6,,831,0.0,fake,train,skipped,insufficient_space_below_eyebrows,/content/drive/MyDrive/AISC DeepFake Çalışmaları/Deneyler/Deney 1 Frame/Fake/train/fake_train_00831.jpg,Fake/train/fake_train_00831.jpg,/content/drive/MyDrive/AISC DeepFake Çalışmaları/Deneyler/Nazlıcan/Deney 1/Kaş/fake/train/fake_train_00831.jpg,fake/train/fake_train_00831.jpg,d54651382962f9cd6c7626bedfaac7bc49e575fd8d5a51bfa88e0aaddbacb994,,20260806_142915_eyebrow_roi_seed42_b775dfb93f,2026-08-06T14:33:35.359820+00:00,640,480,,,1,,,,,,
3bcbeafe2c85f8fbfda09b0bdde8b84e31d672c1a1ed16698f60895bf56ccc06,,832,0.0,fake,train,skipped,insufficient_space_below_eyebrows,/content/drive/MyDrive/AISC DeepFake Çalışmaları/Deneyler/Deney 1 Frame/Fake/train/fake_train_00832.jpg,Fake/train/fake_train_00832.jpg,/content/drive/MyDrive/AISC DeepFake Çalışmaları/Deneyler/Nazlıcan/Deney 1/Kaş/fake/train/fake_train_00832.jpg,fake/train/fake_train_00832.jpg,77f99bb59dbcc148d4b2c45089d9e44853a308849f9752cb195a2978240c9b07,,20260806_142915_eyebrow_roi_seed42_b775dfb93f,2026-08-06T14:33:35.622526+00:00,640,480,,,1,,,,,,
d22596d5c3802834998e777cc39817cf86e25beed6a378df65a9af635a5703a8,,835,0.0,fake,train,skipped,insufficient_space_below_eyebrows,/content/drive/MyDrive/AISC DeepFake Çalışmaları/Deneyler/Deney 1 Frame/Fake/train/fake_train_00835.jpg,Fake/train/fake_train_00835.jpg,/content/drive/MyDrive/AISC DeepFake Çalışmaları/Deneyler/Nazlıcan/Deney 1/Kaş/fake/train/fake_train_00835.jpg,fake/train/fake_train_00835.jpg,70b91bb703d8b8448a6980e605c7298bd09b4cbe72139537596525e0e43ea0f1,,20260806_142915_eyebrow_roi_seed42_b775dfb93f,2026-08-06T14:33:36.307077+00:00,576,480,,,1,,,,,,
ec363c2ecd2c6600a518da5acbdcd17faee6400b35694fd9df8c0f28f2aa4b9e,,840,0.0,fake,train,skipped,insufficient_space_below_eyebrows,/content/drive/MyDrive/AISC DeepFake Çalışmaları/Deneyler/Deney 1 Frame/Fake/train/fake_train_00840.jpg,Fake/train/fake_train_00840.jpg,/content/drive/MyDrive/AISC DeepFake Çalışmaları/Deneyler/Nazlıcan/Deney 1/Kaş/fake/train/fake_train_00840.jpg,fake/train/fake_train_00840.jpg,019d55c330651addee29a91343fd03ae88c58c3c239234e0f9de471d3b4678da,,20260806_142915_eyebrow_roi_seed42_b775dfb93f,2026-08-06T14:33:37.611196+00:00,1280,720,,,1,,,,,,
9fb44a53abe5a60296c63e07e7e112b1ce0b4335cef193399d94f4da6dbf8cc0,,843,,fake,train,skipped,multiple_faces_detected:2,/content/drive/MyDrive/AISC DeepFake Çalışmaları/Deneyler/Deney 1 Frame/Fake/train/fake_train_00843.jpg,Fake/train/fake_train_00843.jpg,/content/drive/MyDrive/AISC DeepFake Çalışmaları/Deneyler/Nazlıcan/Deney 1/Kaş/fake/train/fake_train_00843.jpg,fake/train/fake_train_00843.jpg,114071e1b6e30e05b9c80ace5cf57ea48ed6d04b0fe6ede5ed20e94e700ca84a,,20260806_142915_eyebrow_roi_seed42_b775dfb93f,2026-08-06T14:33:38.473087+00:00,1920,1080,,,2,,,,,,
9406708e9bf18f7ac106d592060ff3bd85693b9bb06542e509e9b373bec499ba,,845,0.0,fake,train,skipped,insufficient_space_below_eyebrows,/content/drive/MyDrive/AISC DeepFake Çalışmaları/Deneyler/Deney 1 Frame/Fake/train/fake_train_00845.jpg,Fake/train/fake_train_00845.jpg,/content/drive/MyDrive/AISC DeepFake Çalışmaları/Deneyler/Nazlıcan/Deney 1/Kaş/fake/train/fake_train_00845.jpg,fake/train/fake_train_00845.jpg,0b2df4a9376f8fd84429f2247cb42775894a72d86e4612c2419e5e08a2fb72b5,,20260806_142915_eyebrow_roi_seed42_b775dfb93f,2026-08-06T14:33:39.046376+00:00,1280,720,,,1,,,,,,
4498d3bed6e0f78a9b1fe11a476afdc121027d7c062ff8db8926621cf09ab435,,846,0.0,fake,train,skipped,insufficient_space_below_eyebrows,/content/drive/MyDrive/AISC DeepFake Çalışmaları/Deneyler/Deney 1 Frame/Fake/train/fake_train_00846.jpg,Fake/train/fake_train_00846.jpg,/content/drive/MyDrive/AISC DeepFake Çalışmaları/Deneyler/Nazlıcan/Deney 1/Kaş/fake/train/fake_train_00846.jpg,fake/train/fake_train_00846.jpg,57f001c5c0472673de998e1e7057866f5c55a8574e76b4c9a3c492c1d693ff60,,20260806_142915_eyebrow_roi_seed42_b775dfb93f,2026-08-06T14:33:39.263135+00:00,1280,720,,,1,,,,,,
cd371806c87b2dc90b4674bb28c48aeb7ae4238f80229212c83daee7f0d38bd5,,849,,fake,train,skipped,face_not_found,/content/drive/MyDrive/AISC DeepFake Çalışmaları/Deneyler/Deney 1 Frame/Fake/train/fake_train_00849.jpg,Fake/train/fake_train_00849.jpg,/content/drive/MyDrive/AISC DeepFake Çalışmaları/Deneyler/Nazlıcan/Deney 1/Kaş/fake/train/fake_train_00849.jpg,fake/train/fake_train_00849.jpg,16b1d6e8aa489e405d345408d8649ce7fc7e67dc92faaaf900b804bf43715c04,,20260806_142915_eyebrow_roi_seed42_b775dfb93f,2026-08-06T14:33:39.953984+00:00,1920,1080,,,0,,,,,,
abfc428080bdd195399f05f49c6179a8e1b6d77e0516d909017b803a36fb5fc5,,855,0.0,fake,train,skipped,insufficient_space_below_eyebrows,/content/drive/MyDrive/AISC DeepFake Çalışmaları/Deneyler/Deney 1 Frame/Fake/train/fake_train_00855.jpg,Fake/train/fake_train_00855.jpg,/content/drive/MyDrive/AISC DeepFake Çalışmaları/Deneyler/Nazlıcan/Deney 1/Kaş/fake/train/fake_train_00855.jpg,fake/train/fake_train_00855.jpg,286f01665015f0bd69aacdc493592c261732883511330a61e63a0f189aa32399,,20260806_142915_eyebrow_roi_seed42_b775dfb93f,2026-08-06T14:33:41.847343+00:00,640,480,,,1,,,,,,
152078d69d2b4a6d5610234a363ebfea7a65b11afa9e9800b3c150b8ca8be1f8,,860,0.0,fake,train,skipped,insufficient_space_below_eyebrows,/content/drive/MyDrive/AISC DeepFake Çalışmaları/Deneyler/Deney 1 Frame/Fake/train/fake_train_00860.jpg,Fake/train/fake_train_00860.jpg,/content/drive/MyDrive/AISC DeepFake Çalışmaları/Deneyler/Nazlıcan/Deney 1/Kaş/fake/train/fake_train_00860.jpg,fake/train/fake_train_00860.jpg,a68dd1e969e5d8c36a071b5b53619cba67539b7f85c53701eb5e1fe505c99c8c,,20260806_142915_eyebrow_roi_seed42_b775dfb93f,2026-08-06T14:33:43.191341+00:00,640,480,,,1,,,,,,
34c5568a922b4f117427a38affffedcb2a0fb79b89b44b2505de09d87d82907b,,863,0.0,fake,train,skipped,insufficient_space_below_eyebrows,/content/drive/MyDrive/AISC DeepFake Çalışmaları/Deneyler/Deney 1 Frame/Fake/train/fake_train_00863.jpg,Fake/train/fake_train_00863.jpg,/content/drive/MyDrive/AISC DeepFake Çalışmaları/Deneyler/Nazlıcan/Deney 1/Kaş/fake/train/fake_train_00863.jpg,fake/train/fake_train_00863.jpg,2620dedb009fa5b1b44961f1427cb8b0a92e8b1089eced2c9ccf6a035f42744d,,20260806_142915_eyebrow_roi_seed42_b775dfb93f,2026-08-06T14:33:44.005752+00:00,1280,720,,,1,,,,,,
edc347f85687ba9e346e7f837c156e196dcd7a69169505523327aa2252b54259,,864,0.0,fake,train,skipped,insufficient_space_below_eyebrows,/content/drive/MyDrive/AISC DeepFake Çalışmaları/Deneyler/Deney 1 Frame/Fake/train/fake_train_00864.jpg,Fake/train/fake_train_00864.jpg,/content/drive/MyDrive/AISC DeepFake Çalışmaları/Deneyler/Nazlıcan/Deney 1/Kaş/fake/train/fake_train_00864.jpg,fake/train/fake_train_00864.jpg,ed3cfc2ac2b2c897ec90c796f42662a15620073f25f7e629cdab7b7201a9958c,,20260806_142915_eyebrow_roi_seed42_b775dfb93f,2026-08-06T14:33:44.249528+00:00,1920,1080,,,1,,,,,,
070910799ca40581b8892a70f53a71619d8bc7ccef79242ec806d127394d5f13,,866,,fake,train,skipped,face_not_found,/content/drive/MyDrive/AISC DeepFake Çalışmaları/Deneyler/Deney 1 Frame/Fake/train/fake_train_00866.jpg,Fake/train/fake_train_00866.jpg,/content/drive/MyDrive/AISC DeepFake Çalışmaları/Deneyler/Nazlıcan/Deney 1/Kaş/fake/train/fake_train_00866.jpg,fake/train/fake_train_00866.jpg,e3ee81831b6ebbd3eea10ff7e1d6a58b23783ca49117797c0044cecdf4959baf,,20260806_142915_eyebrow_roi_seed42_b775dfb93f,2026-08-06T14:33:44.754013+00:00,1920,1080,,,0,,,,,,
e7042d489622bb5c1787438c8942edb3052a79024216f955cb0bde76b8602b27,,869,0.0,fake,train,skipped,insufficient_space_below_eyebrows,/content/drive/MyDrive/AISC DeepFake Çalışmaları/Deneyler/Deney 1 Frame/Fake/train/fake_train_00869.jpg,Fake/train/fake_train_00869.jpg,/content/drive/MyDrive/AISC DeepFake Çalışmaları/Deneyler/Nazlıcan/Deney 1/Kaş/fake/train/fake_train_00869.jpg,fake/train/fake_train_00869.jpg,31dee63159a72b6ef608ce4a6c5638676e858a6f8e43d8fed073fde24390e783,,20260806_142915_eyebrow_roi_seed42_b775dfb93f,2026-08-06T14:33:45.624905+00:00,640,480,,,1,,,,,,
0039d4ea07c37af592887e2817ef31ea66e58bcf383da0e333ed1d5eca4abde6,,875,0.0,fake,train,skipped,insufficient_space_below_eyebrows,/content/drive/MyDrive/AISC DeepFake Çalışmaları/Deneyler/Deney 1 Frame/Fake/train/fake_train_00875.jpg,Fake/train/fake_train_00875.jpg,/content/drive/MyDrive/AISC DeepFake Çalışmaları/Deneyler/Nazlıcan/Deney 1/Kaş/fake/train/fake_train_00875.jpg,fake/train/fake_train_00875.jpg,6809a72ff91526d7329db79ae4179e41af9d80ca810389fdc526735913c5595c,,20260806_142915_eyebrow_roi_seed42_b775dfb93f,2026-08-06T14:33:47.380335+00:00,640,480,,,1,,,,,,
11ed69d38bf57ae12c09aa4355aacab4d6644395f8625cfddff2dd2d252b109b,,877,0.0,fake,train,skipped,insufficient_space_below_eyebrows,/content/drive/MyDrive/AISC DeepFake Çalışmaları/Deneyler/Deney 1 Frame/Fake/train/fake_train_00877.jpg,Fake/train/fake_train_00877.jpg,/content/drive/MyDrive/AISC DeepFake Çalışmaları/Deneyler/Nazlıcan/Deney 1/Kaş/fake/train/fake_train_00877.jpg,fake/train/fake_train_00877.jpg,8759072a3ce26d7090b76a0be0cd2d4a2363e28478bc53476a68c75300b54432,,20260806_142915_eyebrow_roi_seed42_b775dfb93f,2026-08-06T14:33:47.821811+00:00,600,480,,,1,,,,,,
1eab3ce934ee5962a6ec74d2c6a659d61797e55fb2653bf6a18407aa9d050164,,878,0.0,fake,train,skipped,insufficient_space_below_eyebrows,/content/drive/MyDrive/AISC DeepFake Çalışmaları/Deneyler/Deney 1 Frame/Fake/train/fake_train_00878.jpg,Fake/train/fake_train_00878.jpg,/content/drive/MyDrive/AISC DeepFake Çalışmaları/Deneyler/Nazlıcan/Deney 1/Kaş/fake/train/fake_train_00878.jpg,fake/train/fake_train_00878.jpg,2a1b61eb710c24f0cecadd39d97582e8ca5f2398e6c33aa3e08bc3473f2e1f71,,20260806_142915_eyebrow_roi_seed42_b775dfb93f,2026-08-06T14:33:48.135283+00:00,1280,720,,,1,,,,,,
f8eb996870bd867343977a516a2f5e0890121821a496196a0f16cf0667eb716e,,884,0.0,fake,train,skipped,insufficient_space_below_eyebrows,/content/drive/MyDrive/AISC DeepFake Çalışmaları/Deneyler/Deney 1 Frame/Fake/train/fake_train_00884.jpg,Fake/train/fake_train_00884.jpg,/content/drive/MyDrive/AISC DeepFake Çalışmaları/Deneyler/Nazlıcan/Deney 1/Kaş/fake/train/fake_train_00884.jpg,fake/train/fake_train_00884.jpg,9ddc87bad885faa0e21b8bf2b0f34ae2248f1b27c120718d87f82b03fa567eba,,20260806_142915_eyebrow_roi_seed42_b775dfb93f,2026-08-06T14:33:49.648464+00:00,1280,720,,,1,,,,,,
7c6312a3c6ea070856ee544e239f589ef9cfda51ab5a756297c2c1adaf702152,,888,,fake,train,skipped,multiple_faces_detected:2,/content/drive/MyDrive/AISC DeepFake Çalışmaları/Deneyler/Deney 1 Frame/Fake/train/fake_train_00888.jpg,Fake/train/fake_train_00888.jpg,/content/drive/MyDrive/AISC DeepFake Çalışmaları/Deneyler/Nazlıcan/Deney 1/Kaş/fake/train/fake_train_00888.jpg,fake/train/fake_train_00888.jpg,86dd2e0d526318f11ddf813e8f95580eae5f9c85d90e151fccaad919ad892d53,,20260806_142915_eyebrow_roi_seed42_b775dfb93f,2026-08-06T14:33:50.730491+00:00,1280,720,,,2,,,,,,
b68f8967706beba3ab2bf5229ce091412c1b73e0c76b2c14f348f291723a10e1,,894,0.0,fake,train,skipped,insufficient_space_below_eyebrows,/content/drive/MyDrive/AISC DeepFake Çalışmaları/Deneyler/Deney 1 Frame/Fake/train/fake_train_00894.jpg,Fake/train/fake_train_00894.jpg,/content/drive/MyDrive/AISC DeepFake Çalışmaları/Deneyler/Nazlıcan/Deney 1/Kaş/fake/train/fake_train_00894.jpg,fake/train/fake_train_00894.jpg,1f5f39e64a57778244c3f4488c8e044756c19e94f72ede0ccdf8cc0e160aecce,,20260806_142915_eyebrow_roi_seed42_b775dfb93f,2026-08-06T14:33:52.295334+00:00,640,480,,,1,,,,,,
121ce0dfaeaa7467953117f3d871ba08a4fdf4a1cbe5818d1017b81a179bf638,,898,0.0,fake,train,skipped,insufficient_space_below_eyebrows,/content/drive/MyDrive/AISC DeepFake Çalışmaları/Deneyler/Deney 1 Frame/Fake/train/fake_train_00898.jpg,Fake/train/fake_train_00898.jpg,/content/drive/MyDrive/AISC DeepFake Çalışmaları/Deneyler/Nazlıcan/Deney 1/Kaş/fake/train/fake_train_00898.jpg,fake/train/fake_train_00898.jpg,04070b0f38a73bd8816416eb876f1ca9858e5fa2ffe41f178ca6d2e037273b1e,,20260806_142915_eyebrow_roi_seed42_b775dfb93f,2026-08-06T14:33:53.567287+00:00,1920,1080,,,1,,,,,,
744c961fa1e6f0b66d3042f913a8cbf3bd7f46e3d1131699e4127e4fa9dfb3a0,,899,0.0,fake,train,skipped,insufficient_space_below_eyebrows,/content/drive/MyDrive/AISC DeepFake Çalışmaları/Deneyler/Deney 1 Frame/Fake/train/fake_train_00899.jpg,Fake/train/fake_train_00899.jpg,/content/drive/MyDrive/AISC DeepFake Çalışmaları/Deneyler/Nazlıcan/Deney 1/Kaş/fake/train/fake_train_00899.jpg,fake/train/fake_train_00899.jpg,1b27f33d75c8a4601a0fdd66415cb3b7f7ee49d336cd16456f36061aeb23412d,,20260806_142915_eyebrow_roi_seed42_b775dfb93f,2026-08-06T14:33:53.800277+00:00,1280,720,,,1,,,,,,
6158aa1e33a8ed5d196bde4215f91a8cc3515f2e5f242592346315d103bb902b,,900,0.0,fake,train,skipped,insufficient_space_below_eyebrows,/content/drive/MyDrive/AISC DeepFake Çalışmaları/Deneyler/Deney 1 Frame/Fake/train/fake_train_00900.jpg,Fake/train/fake_train_00900.jpg,/content/drive/MyDrive/AISC DeepFake Çalışmaları/Deneyler/Nazlıcan/Deney 1/Kaş/fake/train/fake_train_00900.jpg,fake/train/fake_train_00900.jpg,de6e404e6726e883075cfc89ae25154085065563cdea84792cc19d7dec52629e,,20260806_142915_eyebrow_roi_seed42_b775dfb93f,2026-08-06T14:33:54.316483+00:00,1920,1080,,,1,,,,,,
f9014a11afe13aa674887fd071f2255da8e5f8940d6c76c0dfb13608fbf51757,,901,,fake,train,skipped,multiple_faces_detected:2,/content/drive/MyDrive/AISC DeepFake Çalışmaları/Deneyler/Deney 1 Frame/Fake/train/fake_train_00901.jpg,Fake/train/fake_train_00901.jpg,/content/drive/MyDrive/AISC DeepFake Çalışmaları/Deneyler/Nazlıcan/Deney 1/Kaş/fake/train/fake_train_00901.jpg,fake/train/fake_train_00901.jpg,8e4fe581b76ef7684d6386d44aced1c3b5e54ad312c60a8979f863d6e5508925,,20260806_142915_eyebrow_roi_seed42_b775dfb93f,2026-08-06T14:33:54.600775+00:00,1920,1080,,,2,,,,,,
5f0f9124a8d5878a62f021102b8714a347f94a54ce39f99b84dda49099224a21,,905,0.0,fake,train,skipped,insufficient_space_below_eyebrows,/content/drive/MyDrive/AISC DeepFake Çalışmaları/Deneyler/Deney 1 Frame/Fake/train/fake_train_00905.jpg,Fake/train/fake_train_00905.jpg,/content/drive/MyDrive/AISC DeepFake Çalışmaları/Deneyler/Nazlıcan/Deney 1/Kaş/fake/train/fake_train_00905.jpg,fake/train/fake_train_00905.jpg,cf28b53c1eca91815d5dc6a8c11441c102964548c4af9d8041e72d0bc60dc768,,20260806_142915_eyebrow_roi_seed42_b775dfb93f,2026-08-06T14:33:55.648957+00:00,1920,1080,,,1,,,,,,
4c2bdea86709bf737637566ac09ea3720ead71fc072af85fde03a273eb9fc2be,,907,0.0,fake,train,skipped,insufficient_space_below_eyebrows,/content/drive/MyDrive/AISC DeepFake Çalışmaları/Deneyler/Deney 1 Frame/Fake/train/fake_train_00907.jpg,Fake/train/fake_train_00907.jpg,/content/drive/MyDrive/AISC DeepFake Çalışmaları/Deneyler/Nazlıcan/Deney 1/Kaş/fake/train/fake_train_00907.jpg,fake/train/fake_train_00907.jpg,b94a1e13c62eea7468a7e8bd194dc87ddb6dbe116f7fd93085d55ef0350817e3,,20260806_142915_eyebrow_roi_seed42_b775dfb93f,2026-08-06T14:33:56.207970+00:00,640,480,,,1,,,,,,
c96ffdab5706f325d847aaab33d0f142670f58c09b4ad8a7e692b18556c8b747,,911,0.0,fake,train,skipped,insufficient_space_below_eyebrows,/content/drive/MyDrive/AISC DeepFake Çalışmaları/Deneyler/Deney 1 Frame/Fake/train/fake_train_00911.jpg,Fake/train/fake_train_00911.jpg,/content/drive/MyDrive/AISC DeepFake Çalışmaları/Deneyler/Nazlıcan/Deney 1/Kaş/fake/train/fake_train_00911.jpg,fake/train/fake_train_00911.jpg,e0e2a530b1d27105fc6ba3daa5f25664a8338de74c2f19983d0d0388e4cd7fe4,,20260806_142915_eyebrow_roi_seed42_b775dfb93f,2026-08-06T14:33:57.356861+00:00,640,480,,,1,,,,,,
aa5f905b238abbe58a53523deebc25dc980fe3064bfc2c9d48b06ced65977701,,913,,fake,train,skipped,face_not_found,/content/drive/MyDrive/AISC DeepFake Çalışmaları/Deneyler/Deney 1 Frame/Fake/train/fake_train_00913.jpg,Fake/train/fake_train_00913.jpg,/content/drive/MyDrive/AISC DeepFake Çalışmaları/Deneyler/Nazlıcan/Deney 1/Kaş/fake/train/fake_train_00913.jpg,fake/train/fake_train_00913.jpg,fc7a6dd327d91df9362a5724ada3dce234377347fdb9638aae955bc4b414591e,,20260806_142915_eyebrow_roi_seed42_b775dfb93f,2026-08-06T14:33:57.837813+00:00,1280,720,,,0,,,,,,
57e0563eb2c67c15b139de732b7dff595928293ad939744fad2ba65a8a76b3cb,,914,0.0,fake,train,skipped,insufficient_space_below_eyebrows,/content/drive/MyDrive/AISC DeepFake Çalışmaları/Deneyler/Deney 1 Frame/Fake/train/fake_train_00914.jpg,Fake/train/fake_train_00914.jpg,/content/drive/MyDrive/AISC DeepFake Çalışmaları/Deneyler/Nazlıcan/Deney 1/Kaş/fake/train/fake_train_00914.jpg,fake/train/fake_train_00914.jpg,34c6ee1344d4df1a04086de254d6b377e30ec9a694338dcfade66587ca50c915,,20260806_142915_eyebrow_roi_seed42_b775dfb93f,2026-08-06T14:33:58.083431+00:00,1280,720,,,1,,,,,,
1bdd63643f3cfaee95c49350e5dd464620f819c1c6f0d96cf938d8466ea066ad,,916,0.0,fake,train,skipped,insufficient_space_below_eyebrows,/content/drive/MyDrive/AISC DeepFake Çalışmaları/Deneyler/Deney 1 Frame/Fake/train/fake_train_00916.jpg,Fake/train/fake_train_00916.jpg,/content/drive/MyDrive/AISC DeepFake Çalışmaları/Deneyler/Nazlıcan/Deney 1/Kaş/fake/train/fake_train_00916.jpg,fake/train/fake_train_00916.jpg,e8557d48aeaa12f3fa4fd3a04041032debac2d1bc25ef3f286f5abea0d1c556a,,20260806_142915_eyebrow_roi_seed42_b775dfb93f,2026-08-06T14:33:58.698474+00:00,640,480,,,1,,,,,,
c64999dbc1388c59b5a5eda7d27c8090394be02b47ab5fed38bb12378be1264f,,917,0.0,fake,train,skipped,insufficient_space_below_eyebrows,/content/drive/MyDrive/AISC DeepFake Çalışmaları/Deneyler/Deney 1 Frame/Fake/train/fake_train_00917.jpg,Fake/train/fake_train_00917.jpg,/content/drive/MyDrive/AISC DeepFake Çalışmaları/Deneyler/Nazlıcan/Deney 1/Kaş/fake/train/fake_train_00917.jpg,fake/train/fake_train_00917.jpg,b82a434210e3f44fe0b0d451e3838a8ed81ed436c2cfbdb2efec1098fb082e4e,,20260806_142915_eyebrow_roi_seed42_b775dfb93f,2026-08-06T14:33:58.967127+00:00,1280,720,,,1,,,,,,
a119a2f85de34ca335e78cdb4c9acc29e267cc79a06aecd597408e611257435f,,920,0.0,fake,train,skipped,insufficient_space_below_eyebrows,/content/drive/MyDrive/AISC DeepFake Çalışmaları/Deneyler/Deney 1 Frame/Fake/train/fake_train_00920.jpg,Fake/train/fake_train_00920.jpg,/content/drive/MyDrive/AISC DeepFake Çalışmaları/Deneyler/Nazlıcan/Deney 1/Kaş/fake/train/fake_train_00920.jpg,fake/train/fake_train_00920.jpg,7b2430ffdb4c333743f291f409206461d2848a26c2f8fc60eac0daa289591bb6,,20260806_142915_eyebrow_roi_seed42_b775dfb93f,2026-08-06T14:33:59.848906+00:00,1920,1080,,,1,,,,,,
3cdf4f7471096bc08208d2593abb146bc7e84877e227dd535a382616a2230aff,,923,0.0,fake,train,skipped,insufficient_space_below_eyebrows,/content/drive/MyDrive/AISC DeepFake Çalışmaları/Deneyler/Deney 1 Frame/Fake/train/fake_train_00923.jpg,Fake/train/fake_train_00923.jpg,/content/drive/MyDrive/AISC DeepFake Çalışmaları/Deneyler/Nazlıcan/Deney 1/Kaş/fake/train/fake_train_00923.jpg,fake/train/fake_train_00923.jpg,6952cf44b35e46a474400d12014e1460e1c038f90d4c4c84ce764024c71dce6d,,20260806_142915_eyebrow_roi_seed42_b775dfb93f,2026-08-06T14:34:01.404928+00:00,720,480,,,1,,,,,,
d192651d073e29a948ba74795d6ce2a28bbebef25c05be0a55b1440e7343d984,,924,0.0,fake,train,skipped,insufficient_space_below_eyebrows,/content/drive/MyDrive/AISC DeepFake Çalışmaları/Deneyler/Deney 1 Frame/Fake/train/fake_train_00924.jpg,Fake/train/fake_train_00924.jpg,/content/drive/MyDrive/AISC DeepFake Çalışmaları/Deneyler/Nazlıcan/Deney 1/Kaş/fake/train/fake_train_00924.jpg,fake/train/fake_train_00924.jpg,ba629bae459fc2b5e6dc588eb55bb2d50e4dbd8b566a06a7226767668661f259,,20260806_142915_eyebrow_roi_seed42_b775dfb93f,2026-08-06T14:34:01.632116+00:00,600,480,,,1,,,,,,
2976b298d29ab10640f3d574d86494a401843e34b1553a408919d7da0d053f4c,,926,0.0,fake,train,skipped,insufficient_space_below_eyebrows,/content/drive/MyDrive/AISC DeepFake Çalışmaları/Deneyler/Deney 1 Frame/Fake/train/fake_train_00926.jpg,Fake/train/fake_train_00926.jpg,/content/drive/MyDrive/AISC DeepFake Çalışmaları/Deneyler/Nazlıcan/Deney 1/Kaş/fake/train/fake_train_00926.jpg,fake/train/fake_train_00926.jpg,9afd2a5203c5211de60a51991c871bd23d81a80917191d6ba92ad88b355659de,,20260806_142915_eyebrow_roi_seed42_b775dfb93f,2026-08-06T14:34:02.591322+00:00,1920,1080,,,1,,,,,,
044e0ad679615ed072ad1970713eb4c16dfafc49ebaf4c5e5120ae4bc79e4ac3,,933,,fake,train,skipped,multiple_faces_detected:2,/content/drive/MyDrive/AISC DeepFake Çalışmaları/Deneyler/Deney 1 Frame/Fake/train/fake_train_00933.jpg,Fake/train/fake_train_00933.jpg,/content/drive/MyDrive/AISC DeepFake Çalışmaları/Deneyler/Nazlıcan/Deney 1/Kaş/fake/train/fake_train_00933.jpg,fake/train/fake_train_00933.jpg,2c682d8c67465f81aadc4abc1969dce7e0f64f300460af2682b34cfa6994af76,,20260806_142915_eyebrow_roi_seed42_b775dfb93f,2026-08-06T14:34:04.519581+00:00,1920,1080,,,2,,,,,,
25f5599d8d3d0ba88cfb14c7ae14b42800002db321085f5befe4cea544c701e4,,936,,fake,train,skipped,multiple_faces_detected:2,/content/drive/MyDrive/AISC DeepFake Çalışmaları/Deneyler/Deney 1 Frame/Fake/train/fake_train_00936.jpg,Fake/train/fake_train_00936.jpg,/content/drive/MyDrive/AISC DeepFake Çalışmaları/Deneyler/Nazlıcan/Deney 1/Kaş/fake/train/fake_train_00936.jpg,fake/train/fake_train_00936.jpg,ab4cbdd018b02c26c109f117ada382112bc87caa12eb26caf22a5395db882873,,20260806_142915_eyebrow_roi_seed42_b775dfb93f,2026-08-06T14:34:05.421298+00:00,1920,1080,,,2,,,,,,
2bf165a04868b38e20cf1c2914645162a265d7ced087100526c0627ff6c5006a,,937,0.0,fake,train,skipped,insufficient_space_below_eyebrows,/content/drive/MyDrive/AISC DeepFake Çalışmaları/Deneyler/Deney 1 Frame/Fake/train/fake_train_00937.jpg,Fake/train/fake_train_00937.jpg,/content/drive/MyDrive/AISC DeepFake Çalışmaları/Deneyler/Nazlıcan/Deney 1/Kaş/fake/train/fake_train_00937.jpg,fake/train/fake_train_00937.jpg,03d204d2c7c26529885c3240a93f6cb2e3304a58db31901ed3189ec1e0e0c479,,20260806_142915_eyebrow_roi_seed42_b775dfb93f,2026-08-06T14:34:05.684779+00:00,1280,720,,,1,,,,,,
72892b93cba825b69187f0729ba2dfa58dfccbcb38a83cb1b77c446c3612b974,,940,0.0,fake,train,skipped,insufficient_space_below_eyebrows,/content/drive/MyDrive/AISC DeepFake Çalışmaları/Deneyler/Deney 1 Frame/Fake/train/fake_train_00940.jpg,Fake/train/fake_train_00940.jpg,/content/drive/MyDrive/AISC DeepFake Çalışmaları/Deneyler/Nazlıcan/Deney 1/Kaş/fake/train/fake_train_00940.jpg,fake/train/fake_train_00940.jpg,37f7f8ce4910bfbe999d82a14544ce47dea435b419cce617a9673bf7d1b1e2f0,,20260806_142915_eyebrow_roi_seed42_b775dfb93f,2026-08-06T14:34:06.537235+00:00,1280,720,,,1,,,,,,
f30566964d5e4cefedc0b9a51de4af2830ec15665e9e164918f4715904cb56f5,,946,0.0,fake,train,skipped,insufficient_space_below_eyebrows,/content/drive/MyDrive/AISC DeepFake Çalışmaları/Deneyler/Deney 1 Frame/Fake/train/fake_train_00946.jpg,Fake/train/fake_train_00946.jpg,/content/drive/MyDrive/AISC DeepFake Çalışmaları/Deneyler/Nazlıcan/Deney 1/Kaş/fake/train/fake_train_00946.jpg,fake/train/fake_train_00946.jpg,15a48bdfae3eff8b22a8ff981af6725b65bf0837b6461efbb472c251877de424,,20260806_142915_eyebrow_roi_seed42_b775dfb93f,2026-08-06T14:34:08.683089+00:00,854,480,,,1,,,,,,
1976536ec6724527a5b9e4bf04be0ad3ea74176ed1e20fdbd5ff34d3cb8ec9fc,,948,,fake,train,skipped,face_not_found,/content/drive/MyDrive/AISC DeepFake Çalışmaları/Deneyler/Deney 1 Frame/Fake/train/fake_train_00948.jpg,Fake/train/fake_train_00948.jpg,/content/drive/MyDrive/AISC DeepFake Çalışmaları/Deneyler/Nazlıcan/Deney 1/Kaş/fake/train/fake_train_00948.jpg,fake/train/fake_train_00948.jpg,f6f833efba168d1b2463c89289290e504c9f5a07a1aa3c463ef596ae52720b7c,,20260806_142915_eyebrow_roi_seed42_b775dfb93f,2026-08-06T14:34:09.398784+00:00,656,480,,,0,,,,,,
8ca93fcb8ca073fbcc5928e10171f7aa707f04f646d34d9640087b87e4a05dfe,,951,,fake,train,skipped,face_not_found,/content/drive/MyDrive/AISC DeepFake Çalışmaları/Deneyler/Deney 1 Frame/Fake/train/fake_train_00951.jpg,Fake/train/fake_train_00951.jpg,/content/drive/MyDrive/AISC DeepFake Çalışmaları/Deneyler/Nazlıcan/Deney 1/Kaş/fake/train/fake_train_00951.jpg,fake/train/fake_train_00951.jpg,2acf4defd55849c581dea3ca7d9b476b7ae94d881cae20a33d45c31e524406a8,,20260806_142915_eyebrow_roi_seed42_b775dfb93f,2026-08-06T14:34:10.321308+00:00,1920,1080,,,0,,,,,,
1107a9c9b64444b2ea80357055d6f50c808e2f2d955225956b7441aefb92079a,,955,0.0,fake,train,skipped,insufficient_space_below_eyebrows,/content/drive/MyDrive/AISC DeepFake Çalışmaları/Deneyler/Deney 1 Frame/Fake/train/fake_train_00955.jpg,Fake/train/fake_train_00955.jpg,/content/drive/MyDrive/AISC DeepFake Çalışmaları/Deneyler/Nazlıcan/Deney 1/Kaş/fake/train/fake_train_00955.jpg,fake/train/fake_train_00955.jpg,625ce2806217fe1a31b5db598ebd600bbf496586698c9e87986b45072defef88,,20260806_142915_eyebrow_roi_seed42_b775dfb93f,2026-08-06T14:34:11.350586+00:00,720,480,,,1,,,,,,
efc2d00abb39d4db20560f8f08832a1a79170dbf2774cf90c412e4c2116d2365,,956,0.0,fake,train,skipped,insufficient_space_below_eyebrows,/content/drive/MyDrive/AISC DeepFake Çalışmaları/Deneyler/Deney 1 Frame/Fake/train/fake_train_00956.jpg,Fake/train/fake_train_00956.jpg,/content/drive/MyDrive/AISC DeepFake Çalışmaları/Deneyler/Nazlıcan/Deney 1/Kaş/fake/train/fake_train_00956.jpg,fake/train/fake_train_00956.jpg,d8ae3c6f1aa38871c89e7583b857e76a882825dd19eb409a09c72a914a13132c,,20260806_142915_eyebrow_roi_seed42_b775dfb93f,2026-08-06T14:34:11.584477+00:00,1920,1080,,,1,,,,,,
a09cedb569a66403177893697e846908a69c2ddc9721d7d2859b654049348a1d,,957,0.0,fake,train,skipped,insufficient_space_below_eyebrows,/content/drive/MyDrive/AISC DeepFake Çalışmaları/Deneyler/Deney 1 Frame/Fake/train/fake_train_00957.jpg,Fake/train/fake_train_00957.jpg,/content/drive/MyDrive/AISC DeepFake Çalışmaları/Deneyler/Nazlıcan/Deney 1/Kaş/fake/train/fake_train_00957.jpg,fake/train/fake_train_00957.jpg,c77fa07c26fdc53eae9828c2f056be499d37677d6a1a302440da975b8359713b,,20260806_142915_eyebrow_roi_seed42_b775dfb93f,2026-08-06T14:34:11.824007+00:00,640,480,,,1,,,,,,
41c00e255304f455b7f2239b4fb4ffc2f8b219bf8dba154343f5e4b77f5a3dbf,,958,,fake,train,skipped,multiple_faces_detected:2,/content/drive/MyDrive/AISC DeepFake Çalışmaları/Deneyler/Deney 1 Frame/Fake/train/fake_train_00958.jpg,Fake/train/fake_train_00958.jpg,/content/drive/MyDrive/AISC DeepFake Çalışmaları/Deneyler/Nazlıcan/Deney 1/Kaş/fake/train/fake_train_00958.jpg,fake/train/fake_train_00958.jpg,caa7df5a07596165e3f969ee3c70b07d07c9e3adb73a1ddfed9267931f64ab90,,20260806_142915_eyebrow_roi_seed42_b775dfb93f,2026-08-06T14:34:12.117259+00:00,640,480,,,2,,,,,,
4c0a47941f04ac731574e5034d1a25a05c1e1c409604cd86f8f591efd6eae7ff,,960,0.0,fake,train,skipped,insufficient_space_below_eyebrows,/content/drive/MyDrive/AISC DeepFake Çalışmaları/Deneyler/Deney 1 Frame/Fake/train/fake_train_00960.jpg,Fake/train/fake_train_00960.jpg,/content/drive/MyDrive/AISC DeepFake Çalışmaları/Deneyler/Nazlıcan/Deney 1/Kaş/fake/train/fake_train_00960.jpg,fake/train/fake_train_00960.jpg,3b6af21da1bd76c3df30e975632c0ccf8d437e1d00c1db5a0c4d9f5513c363f7,,20260806_142915_eyebrow_roi_seed42_b775dfb93f,2026-08-06T14:34:12.697035+00:00,1280,720,,,1,,,,,,
127fe3ef7f8814e90028b93cb4d6e2692385f605ed41f81bfb05dfed1d3841c4,,964,,fake,train,skipped,face_not_found,/content/drive/MyDrive/AISC DeepFake Çalışmaları/Deneyler/Deney 1 Frame/Fake/train/fake_train_00964.jpg,Fake/train/fake_train_00964.jpg,/content/drive/MyDrive/AISC DeepFake Çalışmaları/Deneyler/Nazlıcan/Deney 1/Kaş/fake/train/fake_train_00964.jpg,fake/train/fake_train_00964.jpg,8217d7f47fcd1ea9c9c2654353d2a9bc40705595725b189deafdf919038fb011,,20260806_142915_eyebrow_roi_seed42_b775dfb93f,2026-08-06T14:34:13.697374+00:00,1280,720,,,0,,,,,,
88e702f291d71096143793c28462cee83ea5c730a3ee1b49d10449a65634ba15,,966,0.0,fake,train,skipped,insufficient_space_below_eyebrows,/content/drive/MyDrive/AISC DeepFake Çalışmaları/Deneyler/Deney 1 Frame/Fake/train/fake_train_00966.jpg,Fake/train/fake_train_00966.jpg,/content/drive/MyDrive/AISC DeepFake Çalışmaları/Deneyler/Nazlıcan/Deney 1/Kaş/fake/train/fake_train_00966.jpg,fake/train/fake_train_00966.jpg,a1024df93959f8dc4907a8458d00133a7dd8bc535d01dc1d3c4c20f9ff4292f0,,20260806_142915_eyebrow_roi_seed42_b775dfb93f,2026-08-06T14:34:14.166172+00:00,1280,720,,,1,,,,,,
19b2eb16eac2c5c501b2322e3b14ccf9f23f204adcbf7c7fd422d236eba94bcf,,967,0.0,fake,train,skipped,insufficient_space_below_eyebrows,/content/drive/MyDrive/AISC DeepFake Çalışmaları/Deneyler/Deney 1 Frame/Fake/train/fake_train_00967.jpg,Fake/train/fake_train_00967.jpg,/content/drive/MyDrive/AISC DeepFake Çalışmaları/Deneyler/Nazlıcan/Deney 1/Kaş/fake/train/fake_train_00967.jpg,fake/train/fake_train_00967.jpg,8f8f3b36e98426eb39f2486174e7951f9859b8d174f61531a055c221cf2a13f6,,20260806_142915_eyebrow_roi_seed42_b775dfb93f,2026-08-06T14:34:14.396349+00:00,600,480,,,1,,,,,,
e1bd61e5e00874f4d792bc231259632c78c9c963311e5c472732914471cc5005,,971,,fake,train,skipped,face_not_found,/content/drive/MyDrive/AISC DeepFake Çalışmaları/Deneyler/Deney 1 Frame/Fake/train/fake_train_00971.jpg,Fake/train/fake_train_00971.jpg,/content/drive/MyDrive/AISC DeepFake Çalışmaları/Deneyler/Nazlıcan/Deney 1/Kaş/fake/train/fake_train_00971.jpg,fake/train/fake_train_00971.jpg,2659acf5fb4151ee08899f7acb7dcfafe01b75c5e65b1ab25763c264b41aec07,,20260806_142915_eyebrow_roi_seed42_b775dfb93f,2026-08-06T14:34:15.496427+00:00,1920,1080,,,0,,,,,,
963ad80e8eac50d55b6c3600a0aa71fdaaef7f70bd2f2fa820b6b09ec0ededc2,,974,,fake,train,skipped,multiple_faces_detected:2,/content/drive/MyDrive/AISC DeepFake Çalışmaları/Deneyler/Deney 1 Frame/Fake/train/fake_train_00974.jpg,Fake/train/fake_train_00974.jpg,/content/drive/MyDrive/AISC DeepFake Çalışmaları/Deneyler/Nazlıcan/Deney 1/Kaş/fake/train/fake_train_00974.jpg,fake/train/fake_train_00974.jpg,92c862e748dc1e115f47c6e0d0c412adb29442f76e026e436a15b7912366d9af,,20260806_142915_eyebrow_roi_seed42_b775dfb93f,2026-08-06T14:34:16.297392+00:00,1920,1080,,,2,,,,,,
582756a08ff41714bd7ba85b354c3cc7d1c51356f5a4fd6357e25f7bba330e83,,976,0.0,fake,train,skipped,insufficient_space_below_eyebrows,/content/drive/MyDrive/AISC DeepFake Çalışmaları/Deneyler/Deney 1 Frame/Fake/train/fake_train_00976.jpg,Fake/train/fake_train_00976.jpg,/content/drive/MyDrive/AISC DeepFake Çalışmaları/Deneyler/Nazlıcan/Deney 1/Kaş/fake/train/fake_train_00976.jpg,fake/train/fake_train_00976.jpg,074b56503717d08e992c8c9b811bdd45d2b48c034dff113f9b143ece86ab0b76,,20260806_142915_eyebrow_roi_seed42_b775dfb93f,2026-08-06T14:34:17.144835+00:00,576,480,,,1,,,,,,
3e20706cad16b3a0410c48be4fe0f2dbc742d3bad4356ea5dfb5006b21f1ce7e,,978,0.0,fake,train,skipped,insufficient_space_below_eyebrows,/content/drive/MyDrive/AISC DeepFake Çalışmaları/Deneyler/Deney 1 Frame/Fake/train/fake_train_00978.jpg,Fake/train/fake_train_00978.jpg,/content/drive/MyDrive/AISC DeepFake Çalışmaları/Deneyler/Nazlıcan/Deney 1/Kaş/fake/train/fake_train_00978.jpg,fake/train/fake_train_00978.jpg,ded649ff7b1a2007e7dd5f48441ba5bb6b13d349a6186da1aa31b4e3639da312,,20260806_142915_eyebrow_roi_seed42_b775dfb93f,2026-08-06T14:34:17.622567+00:00,1920,1080,,,1,,,,,,
ebb7f0c2cb51bbe76498956e9e3c17705857c02a2fc6da8ca8f6a6ecd0ec6f51,,980,0.0,fake,train,skipped,insufficient_space_below_eyebrows,/content/drive/MyDrive/AISC DeepFake Çalışmaları/Deneyler/Deney 1 Frame/Fake/train/fake_train_00980.jpg,Fake/train/fake_train_00980.jpg,/content/drive/MyDrive/AISC DeepFake Çalışmaları/Deneyler/Nazlıcan/Deney 1/Kaş/fake/train/fake_train_00980.jpg,fake/train/fake_train_00980.jpg,0360c9af5f09f1bd93eeda3ca696cc079a1962fa70eed7410255e38d1508e22c,,20260806_142915_eyebrow_roi_seed42_b775dfb93f,2026-08-06T14:34:18.368090+00:00,640,480,,,1,,,,,,
4b0438accd85793faeca5cec413e440f7fbe61d824c0d445e676b92494990bd5,,982,,fake,train,skipped,multiple_faces_detected:2,/content/drive/MyDrive/AISC DeepFake Çalışmaları/Deneyler/Deney 1 Frame/Fake/train/fake_train_00982.jpg,Fake/train/fake_train_00982.jpg,/content/drive/MyDrive/AISC DeepFake Çalışmaları/Deneyler/Nazlıcan/Deney 1/Kaş/fake/train/fake_train_00982.jpg,fake/train/fake_train_00982.jpg,16745126ed459a782870621c87477945fe7f46656ec22158ffee0cc8d07314c9,,20260806_142915_eyebrow_roi_seed42_b775dfb93f,2026-08-06T14:34:19.169259+00:00,1280,720,,,2,,,,,,
6f8f6581bdb26e814fa721e45582af669478de859ce4e05da98a1dbd463f25cf,,986,,fake,train,skipped,multiple_faces_detected:2,/content/drive/MyDrive/AISC DeepFake Çalışmaları/Deneyler/Deney 1 Frame/Fake/train/fake_train_00986.jpg,Fake/train/fake_train_00986.jpg,/content/drive/MyDrive/AISC DeepFake Çalışmaları/Deneyler/Nazlıcan/Deney 1/Kaş/fake/train/fake_train_00986.jpg,fake/train/fake_train_00986.jpg,04cb8a49c7758b186492e53b8f65d6c0228201d6e19f8c37fd7810b9790d4334,,20260806_142915_eyebrow_roi_seed42_b775dfb93f,2026-08-06T14:34:20.250081+00:00,1920,1080,,,2,,,,,,
b7bc8eeb89ea97434aa55b969d2fa3cf2593547368b772770664a6d918425175,,989,0.0,fake,train,skipped,insufficient_space_below_eyebrows,/content/drive/MyDrive/AISC DeepFake Çalışmaları/Deneyler/Deney 1 Frame/Fake/train/fake_train_00989.jpg,Fake/train/fake_train_00989.jpg,/content/drive/MyDrive/AISC DeepFake Çalışmaları/Deneyler/Nazlıcan/Deney 1/Kaş/fake/train/fake_train_00989.jpg,fake/train/fake_train_00989.jpg,9b846557c8ddcc3af5078f20b546bba8924ea6719409d90e967efb11cd6e3ae3,,20260806_142915_eyebrow_roi_seed42_b775dfb93f,2026-08-06T14:34:21.011105+00:00,656,480,,,1,,,,,,
6c4291764f4db89583e5d3f2ea64b772e9c237defab78e09c67a3e35dbdeb605,,991,,fake,train,skipped,face_not_found,/content/drive/MyDrive/AISC DeepFake Çalışmaları/Deneyler/Deney 1 Frame/Fake/train/fake_train_00991.jpg,Fake/train/fake_train_00991.jpg,/content/drive/MyDrive/AISC DeepFake Çalışmaları/Deneyler/Nazlıcan/Deney 1/Kaş/fake/train/fake_train_00991.jpg,fake/train/fake_train_00991.jpg,ab45c4d96a0b3d0e361bbd4513e1941f48a7e03e05b81f7a1f9afb3c6bf887ea,,20260806_142915_eyebrow_roi_seed42_b775dfb93f,2026-08-06T14:34:21.686068+00:00,1920,1080,,,0,,,,,,
65d94a430341fc5d5facd2895098af88dab9c401bca6a5da987079c86daa52c0,,992,0.0,fake,train,skipped,insufficient_space_below_eyebrows,/content/drive/MyDrive/AISC DeepFake Çalışmaları/Deneyler/Deney 1 Frame/Fake/train/fake_train_00992.jpg,Fake/train/fake_train_00992.jpg,/content/drive/MyDrive/AISC DeepFake Çalışmaları/Deneyler/Nazlıcan/Deney 1/Kaş/fake/train/fake_train_00992.jpg,fake/train/fake_train_00992.jpg,679ac50f6d981fe80f312e3512822339ddd30b8250e27f6e4eeed184d48f85e1,,20260806_142915_eyebrow_roi_seed42_b775dfb93f,2026-08-06T14:34:21.920678+00:00,1920,1080,,,1,,,,,,
71e377b3a1f2f6218f0d9ccd8754b9a45a08e56d3c59a816596547880faa731f,,994,,fake,train,skipped,multiple_faces_detected:2,/content/drive/MyDrive/AISC DeepFake Çalışmaları/Deneyler/Deney 1 Frame/Fake/train/fake_train_00994.jpg,Fake/train/fake_train_00994.jpg,/content/drive/MyDrive/AISC DeepFake Çalışmaları/Deneyler/Nazlıcan/Deney 1/Kaş/fake/train/fake_train_00994.jpg,fake/train/fake_train_00994.jpg,da7f2deace187824900af3b6516b93f42da210389d8443c41169923a37f103ec,,20260806_142915_eyebrow_roi_seed42_b775dfb93f,2026-08-06T14:34:22.537257+00:00,1920,1080,,,2,,,,,,
14898d714af98be0fcca85bb8b3d2a2f58f9b0ac6ed271de5215220271af80af,,1000,0.0,fake,train,skipped,insufficient_space_below_eyebrows,/content/drive/MyDrive/AISC DeepFake Çalışmaları/Deneyler/Deney 1 Frame/Fake/train/fake_train_01000.jpg,Fake/train/fake_train_01000.jpg,/content/drive/MyDrive/AISC DeepFake Çalışmaları/Deneyler/Nazlıcan/Deney 1/Kaş/fake/train/fake_train_01000.jpg,fake/train/fake_train_01000.jpg,9329e3f7d4801fcc4b07bb31786e5822dbb1356b04947843f4cf23c7ee37e57f,,20260806_142915_eyebrow_roi_seed42_b775dfb93f,2026-08-06T14:34:24.578568+00:00,656,480,,,1,,,,,,
1f1830729ab8002ee7a480b7743e4a9b1b52ffc1ecb6437d94f63b784eb895e7,,1001,0.0,fake,train,skipped,insufficient_space_below_eyebrows,/content/drive/MyDrive/AISC DeepFake Çalışmaları/Deneyler/Deney 1 Frame/Fake/train/fake_train_01001.jpg,Fake/train/fake_train_01001.jpg,/content/drive/MyDrive/AISC DeepFake Çalışmaları/Deneyler/Nazlıcan/Deney 1/Kaş/fake/train/fake_train_01001.jpg,fake/train/fake_train_01001.jpg,115890ea091a619018047e0c73d42fcdc4587fa0fd9b5a5e55c49d35c0ad4d33,,20260806_142915_eyebrow_roi_seed42_b775dfb93f,2026-08-06T14:34:24.820135+00:00,720,480,,,1,,,,,,
b78a04c23b1c0e94b0c078fecb7adbde98b83b14bda6571c437b3eff9713665c,,1003,0.0,fake,train,skipped,roi_height_too_small:13,/content/drive/MyDrive/AISC DeepFake Çalışmaları/Deneyler/Deney 1 Frame/Fake/train/fake_train_01003.jpg,Fake/train/fake_train_01003.jpg,/content/drive/MyDrive/AISC DeepFake Çalışmaları/Deneyler/Nazlıcan/Deney 1/Kaş/fake/train/fake_train_01003.jpg,fake/train/fake_train_01003.jpg,36543b32314e64dccf30ff3827cbcad138c44fcb3abde8efff8fe23b188f45b8,,20260806_142915_eyebrow_roi_seed42_b775dfb93f,2026-08-06T14:34:25.381929+00:00,600,480,,,1,,,,,,
1ff7dbf136c249ae908bffb2fbe017403e33d6ea58e7ae9e93b04dcc3260ffd0,,1007,0.0,fake,train,skipped,insufficient_space_below_eyebrows,/content/drive/MyDrive/AISC DeepFake Çalışmaları/Deneyler/Deney 1 Frame/Fake/train/fake_train_01007.jpg,Fake/train/fake_train_01007.jpg,/content/drive/MyDrive/AISC DeepFake Çalışmaları/Deneyler/Nazlıcan/Deney 1/Kaş/fake/train/fake_train_01007.jpg,fake/train/fake_train_01007.jpg,807efb1ea5fd1fda8b416147d8c4cba64b648dbb0db3814e6d2dfaae036d6a1e,,20260806_142915_eyebrow_roi_seed42_b775dfb93f,2026-08-06T14:34:26.426582+00:00,1920,1080,,,1,,,,,,
773746e2f03dbc43c35410d8966662e1c0cf0f75a3bef782e3aeb844710e5e70,,1012,0.0,fake,train,skipped,insufficient_space_below_eyebrows,/content/drive/MyDrive/AISC DeepFake Çalışmaları/Deneyler/Deney 1 Frame/Fake/train/fake_train_01012.jpg,Fake/train/fake_train_01012.jpg,/content/drive/MyDrive/AISC DeepFake Çalışmaları/Deneyler/Nazlıcan/Deney 1/Kaş/fake/train/fake_train_01012.jpg,fake/train/fake_train_01012.jpg,d29c753ff313a1a30d6eceefd1f743b4259af13e829e4d99c7d3f8ce85b9fa05,,20260806_142915_eyebrow_roi_seed42_b775dfb93f,2026-08-06T14:34:27.695081+00:00,854,480,,,1,,,,,,
324ac4d2bd7cd8d6fb54d1e915db71e9b377b33094c356343016c1b43648acf4,,1013,0.0,fake,train,skipped,insufficient_space_below_eyebrows,/content/drive/MyDrive/AISC DeepFake Çalışmaları/Deneyler/Deney 1 Frame/Fake/train/fake_train_01013.jpg,Fake/train/fake_train_01013.jpg,/content/drive/MyDrive/AISC DeepFake Çalışmaları/Deneyler/Nazlıcan/Deney 1/Kaş/fake/train/fake_train_01013.jpg,fake/train/fake_train_01013.jpg,afb828991d36c3496c6fe6f9ae8036988d5204ea52a936a0b1615d131a7c4e07,,20260806_142915_eyebrow_roi_seed42_b775dfb93f,2026-08-06T14:34:27.933658+00:00,1920,1080,,,1,,,,,,
49887b2a69be180bd79caef3a5f3209ef83a8a028945f7b2ac51467ea4d036f7,,1017,0.0,fake,train,skipped,insufficient_space_below_eyebrows,/content/drive/MyDrive/AISC DeepFake Çalışmaları/Deneyler/Deney 1 Frame/Fake/train/fake_train_01017.jpg,Fake/train/fake_train_01017.jpg,/content/drive/MyDrive/AISC DeepFake Çalışmaları/Deneyler/Nazlıcan/Deney 1/Kaş/fake/train/fake_train_01017.jpg,fake/train/fake_train_01017.jpg,04b683dbb2a05cb7e964e525a8919f17a0901cecb866970f9563f31cea98edd1,,20260806_142915_eyebrow_roi_seed42_b775dfb93f,2026-08-06T14:34:29.344880+00:00,832,480,,,1,,,,,,
10f40773f976d5b304db22768d401f52eddcfd538c9416a51eb157ab02072105,,1020,,fake,train,skipped,face_not_found,/content/drive/MyDrive/AISC DeepFake Çalışmaları/Deneyler/Deney 1 Frame/Fake/train/fake_train_01020.jpg,Fake/train/fake_train_01020.jpg,/content/drive/MyDrive/AISC DeepFake Çalışmaları/Deneyler/Nazlıcan/Deney 1/Kaş/fake/train/fake_train_01020.jpg,fake/train/fake_train_01020.jpg,8f9da622a22c004cde32ff7400440ce99c57ba76e2af179fcfc1c8074ad0560b,,20260806_142915_eyebrow_roi_seed42_b775dfb93f,2026-08-06T14:34:30.437973+00:00,1920,1080,,,0,,,,,,
4bd8c712a0be98cf230ee58014251f81a3fc4e1242d8dc05ddc7557c9e101e24,,1022,0.0,fake,train,skipped,insufficient_space_below_eyebrows,/content/drive/MyDrive/AISC DeepFake Çalışmaları/Deneyler/Deney 1 Frame/Fake/train/fake_train_01022.jpg,Fake/train/fake_train_01022.jpg,/content/drive/MyDrive/AISC DeepFake Çalışmaları/Deneyler/Nazlıcan/Deney 1/Kaş/fake/train/fake_train_01022.jpg,fake/train/fake_train_01022.jpg,ac036e60f96776195d75adec3486b77ab38d64a6042a07768e35e534ad6a7ea6,,20260806_142915_eyebrow_roi_seed42_b775dfb93f,2026-08-06T14:34:31.047124+00:00,640,480,,,1,,,,,,
b517fd847d7b86d083231754eb6bc32fff01d241b860e925e7f7cbd0c34e8ea0,,1024,0.0,fake,train,skipped,insufficient_space_below_eyebrows,/content/drive/MyDrive/AISC DeepFake Çalışmaları/Deneyler/Deney 1 Frame/Fake/train/fake_train_01024.jpg,Fake/train/fake_train_01024.jpg,/content/drive/MyDrive/AISC DeepFake Çalışmaları/Deneyler/Nazlıcan/Deney 1/Kaş/fake/train/fake_train_01024.jpg,fake/train/fake_train_01024.jpg,b791349763a4d5f4a03626fd35fe4d982a3ad141cca36762fb3ceaa8aa075e1d,,20260806_142915_eyebrow_roi_seed42_b775dfb93f,2026-08-06T14:34:31.521851+00:00,1280,720,,,1,,,,,,
c6403de913cd85d7d3686a85c403f5c1a499da5e19478865241ad1e7602c9141,,1026,0.0,fake,train,skipped,insufficient_space_below_eyebrows,/content/drive/MyDrive/AISC DeepFake Çalışmaları/Deneyler/Deney 1 Frame/Fake/train/fake_train_01026.jpg,Fake/train/fake_train_01026.jpg,/content/drive/MyDrive/AISC DeepFake Çalışmaları/Deneyler/Nazlıcan/Deney 1/Kaş/fake/train/fake_train_01026.jpg,fake/train/fake_train_01026.jpg,6425873697c78b7d013568658952b16bb6de38f7ff563098e12707651cfc4ebe,,20260806_142915_eyebrow_roi_seed42_b775dfb93f,2026-08-06T14:34:31.949227+00:00,640,480,,,1,,,,,,
032d10faa437cd4c51e38dc97d1bf0a13ef688702bf2c8116359bb501f2be4de,,1029,0.0,fake,train,skipped,insufficient_space_below_eyebrows,/content/drive/MyDrive/AISC DeepFake Çalışmaları/Deneyler/Deney 1 Frame/Fake/train/fake_train_01029.jpg,Fake/train/fake_train_01029.jpg,/content/drive/MyDrive/AISC DeepFake Çalışmaları/Deneyler/Nazlıcan/Deney 1/Kaş/fake/train/fake_train_01029.jpg,fake/train/fake_train_01029.jpg,6a70725fd02ec6bf2955814c9b72a6e39196665f85aa05804680b1f1557e8d1d,,20260806_142915_eyebrow_roi_seed42_b775dfb93f,2026-08-06T14:34:32.858513+00:00,640,480,,,1,,,,,,
0b85cc552d04d7464b338ecc9883e2a5878fda5a9f4793dc61c435e53028ab2c,,1032,0.0,fake,train,skipped,insufficient_space_below_eyebrows,/content/drive/MyDrive/AISC DeepFake Çalışmaları/Deneyler/Deney 1 Frame/Fake/train/fake_train_01032.jpg,Fake/train/fake_train_01032.jpg,/content/drive/MyDrive/AISC DeepFake Çalışmaları/Deneyler/Nazlıcan/Deney 1/Kaş/fake/train/fake_train_01032.jpg,fake/train/fake_train_01032.jpg,53807767a8242afeb24924209884fb3993558c2656915e4fd48d06bf157dcf0b,,20260806_142915_eyebrow_roi_seed42_b775dfb93f,2026-08-06T14:34:33.564598+00:00,854,480,,,1,,,,,,
6ebeaf137f8c4b825c8f83102560db938da31f7f2cf448c3cb0218ce2dbb0187,,1033,,fake,train,skipped,face_not_found,/content/drive/MyDrive/AISC DeepFake Çalışmaları/Deneyler/Deney 1 Frame/Fake/train/fake_train_01033.jpg,Fake/train/fake_train_01033.jpg,/content/drive/MyDrive/AISC DeepFake Çalışmaları/Deneyler/Nazlıcan/Deney 1/Kaş/fake/train/fake_train_01033.jpg,fake/train/fake_train_01033.jpg,40acfd5402fd04786c46a0aa9479c9f23ff7b797007a042a8e7e072013a022fb,,20260806_142915_eyebrow_roi_seed42_b775dfb93f,2026-08-06T14:34:33.785183+00:00,1920,1080,,,0,,,,,,
ddb28317dbaf2009889e941681b82ac8408c1eceec1bc9ff5ff7af7916798a04,,1034,0.0,fake,train,skipped,insufficient_space_below_eyebrows,/content/drive/MyDrive/AISC DeepFake Çalışmaları/Deneyler/Deney 1 Frame/Fake/train/fake_train_01034.jpg,Fake/train/fake_train_01034.jpg,/content/drive/MyDrive/AISC DeepFake Çalışmaları/Deneyler/Nazlıcan/Deney 1/Kaş/fake/train/fake_train_01034.jpg,fake/train/fake_train_01034.jpg,fb7c5d708ecc84c184ee0166bebc596e9ddcb2c39f74d18d103932a82a6cee4a,,20260806_142915_eyebrow_roi_seed42_b775dfb93f,2026-08-06T14:34:34.023974+00:00,576,480,,,1,,,,,,
87bfde29069db6bc5de3d6b4c8e50d67fdad35f590d3ac5892274abc9f5e9291,,1041,0.0,fake,train,skipped,insufficient_space_below_eyebrows,/content/drive/MyDrive/AISC DeepFake Çalışmaları/Deneyler/Deney 1 Frame/Fake/train/fake_train_01041.jpg,Fake/train/fake_train_01041.jpg,/content/drive/MyDrive/AISC DeepFake Çalışmaları/Deneyler/Nazlıcan/Deney 1/Kaş/fake/train/fake_train_01041.jpg,fake/train/fake_train_01041.jpg,e036edd4cd3fcf37d2b8713f38139caf845704a3d8954344d6844753343e0a9c,,20260806_142915_eyebrow_roi_seed42_b775dfb93f,2026-08-06T14:34:36.015046+00:00,640,480,,,1,,,,,,
44a025d6d578e2ff3bb079d0c5e64f905982a45c918c8de060f03cc1fd45e052,,1045,,fake,train,skipped,face_not_found,/content/drive/MyDrive/AISC DeepFake Çalışmaları/Deneyler/Deney 1 Frame/Fake/train/fake_train_01045.jpg,Fake/train/fake_train_01045.jpg,/content/drive/MyDrive/AISC DeepFake Çalışmaları/Deneyler/Nazlıcan/Deney 1/Kaş/fake/train/fake_train_01045.jpg,fake/train/fake_train_01045.jpg,e545934409772dfe60f4583441bfa1f10df9cc0438263156921186d2ec66c54c,,20260806_142915_eyebrow_roi_seed42_b775dfb93f,2026-08-06T14:34:37.107784+00:00,1280,720,,,0,,,,,,
dca9f7817c26f899cd117dde0837a36a59af6f526150b61423d20db150f83a8e,,1049,0.0,fake,train,skipped,insufficient_space_below_eyebrows,/content/drive/MyDrive/AISC DeepFake Çalışmaları/Deneyler/Deney 1 Frame/Fake/train/fake_train_01049.jpg,Fake/train/fake_train_01049.jpg,/content/drive/MyDrive/AISC DeepFake Çalışmaları/Deneyler/Nazlıcan/Deney 1/Kaş/fake/train/fake_train_01049.jpg,fake/train/fake_train_01049.jpg,38339f441f1288156986902333274e8753eff6ccaaa06b45cdeec6c21fe07923,,20260806_142915_eyebrow_roi_seed42_b775dfb93f,2026-08-06T14:34:38.291819+00:00,656,480,,,1,,,,,,
c4006217e2f6c584fb11c92daaa90539d054af594a9bc995173698628cf4de6d,,1055,0.0,fake,train,skipped,insufficient_space_below_eyebrows,/content/drive/MyDrive/AISC DeepFake Çalışmaları/Deneyler/Deney 1 Frame/Fake/train/fake_train_01055.jpg,Fake/train/fake_train_01055.jpg,/content/drive/MyDrive/AISC DeepFake Çalışmaları/Deneyler/Nazlıcan/Deney 1/Kaş/fake/train/fake_train_01055.jpg,fake/train/fake_train_01055.jpg,ab56f4d4e4776752d3c5565129cbd0fe45d235718aa2d74702e81fbf9796be02,,20260806_142915_eyebrow_roi_seed42_b775dfb93f,2026-08-06T14:34:39.994893+00:00,576,480,,,1,,,,,,
5b93c277d0fa7c9798eb9279f78c03879c983a88d7211e59e200cdb63d21864f,,1056,0.0,fake,train,skipped,insufficient_space_below_eyebrows,/content/drive/MyDrive/AISC DeepFake Çalışmaları/Deneyler/Deney 1 Frame/Fake/train/fake_train_01056.jpg,Fake/train/fake_train_01056.jpg,/content/drive/MyDrive/AISC DeepFake Çalışmaları/Deneyler/Nazlıcan/Deney 1/Kaş/fake/train/fake_train_01056.jpg,fake/train/fake_train_01056.jpg,84d8fff171f25a97cd12b9a53a0233dad6d173adb16f5eeaaeac9a7006d05659,,20260806_142915_eyebrow_roi_seed42_b775dfb93f,2026-08-06T14:34:40.214145+00:00,1280,720,,,1,,,,,,
ba151b84cf5d81410a8ea0c523686476096f22e40fa715a69158236f40a0a58f,,1058,0.0,fake,train,skipped,insufficient_space_below_eyebrows,/content/drive/MyDrive/AISC DeepFake Çalışmaları/Deneyler/Deney 1 Frame/Fake/train/fake_train_01058.jpg,Fake/train/fake_train_01058.jpg,/content/drive/MyDrive/AISC DeepFake Çalışmaları/Deneyler/Nazlıcan/Deney 1/Kaş/fake/train/fake_train_01058.jpg,fake/train/fake_train_01058.jpg,1345daff70eb29caef2cd28b0260a43ee5eccf184f702a9ae3c64fbbf7687947,,20260806_142915_eyebrow_roi_seed42_b775dfb93f,2026-08-06T14:34:40.741417+00:00,1920,1080,,,1,,,,,,
8232083c147791a06a640f9295261e2acf5743b6b93d5f78077dc29cf01e4b3b,,1059,,fake,train,skipped,multiple_faces_detected:2,/content/drive/MyDrive/AISC DeepFake Çalışmaları/Deneyler/Deney 1 Frame/Fake/train/fake_train_01059.jpg,Fake/train/fake_train_01059.jpg,/content/drive/MyDrive/AISC DeepFake Çalışmaları/Deneyler/Nazlıcan/Deney 1/Kaş/fake/train/fake_train_01059.jpg,fake/train/fake_train_01059.jpg,13a34a579d0597591e46d89b117c7f4aaa7a30695ec31359bec6181efbf39d7c,,20260806_142915_eyebrow_roi_seed42_b775dfb93f,2026-08-06T14:34:40.969786+00:00,1920,1080,,,2,,,,,,
dc579151a921d9a6893537eaa6f34e4ade41aa3f41067614b75be351a78936f6,,1063,0.0,fake,train,skipped,insufficient_space_below_eyebrows,/content/drive/MyDrive/AISC DeepFake Çalışmaları/Deneyler/Deney 1 Frame/Fake/train/fake_train_01063.jpg,Fake/train/fake_train_01063.jpg,/content/drive/MyDrive/AISC DeepFake Çalışmaları/Deneyler/Nazlıcan/Deney 1/Kaş/fake/train/fake_train_01063.jpg,fake/train/fake_train_01063.jpg,1c84f041cd4017532435ec04cddec3a43c85c3b83c82a5b5748128f77756c7ca,,20260806_142915_eyebrow_roi_seed42_b775dfb93f,2026-08-06T14:34:42.113928+00:00,656,480,,,1,,,,,,
64bb51364bc56fd038da1287f5d55d3ec377d5cc2955156bab2b8da4d963269a,,1068,0.0,fake,train,skipped,insufficient_space_below_eyebrows,/content/drive/MyDrive/AISC DeepFake Çalışmaları/Deneyler/Deney 1 Frame/Fake/train/fake_train_01068.jpg,Fake/train/fake_train_01068.jpg,/content/drive/MyDrive/AISC DeepFake Çalışmaları/Deneyler/Nazlıcan/Deney 1/Kaş/fake/train/fake_train_01068.jpg,fake/train/fake_train_01068.jpg,f097b98a568d90e89edb8c36daaf990ecd5388b65cc396dc0ad0ba24ccb1c3c9,,20260806_142915_eyebrow_roi_seed42_b775dfb93f,2026-08-06T14:34:43.419806+00:00,644,480,,,1,,,,,,
bf14be58d4df57adcca0075a171d45fc80317062ff5a6234ba67ccefc890dad3,,1069,,fake,train,skipped,face_not_found,/content/drive/MyDrive/AISC DeepFake Çalışmaları/Deneyler/Deney 1 Frame/Fake/train/fake_train_01069.jpg,Fake/train/fake_train_01069.jpg,/content/drive/MyDrive/AISC DeepFake Çalışmaları/Deneyler/Nazlıcan/Deney 1/Kaş/fake/train/fake_train_01069.jpg,fake/train/fake_train_01069.jpg,31d0c965f6acae00a257386031e430ce2ab9b60be8f124923f9bd128906742fd,,20260806_142915_eyebrow_roi_seed42_b775dfb93f,2026-08-06T14:34:43.638778+00:00,1920,1080,,,0,,,,,,
b820f7b223759c0829696e67f3317da97871f5c346dab46d9b628a19173c6ca2,,1071,0.0,fake,train,skipped,insufficient_space_below_eyebrows,/content/drive/MyDrive/AISC DeepFake Çalışmaları/Deneyler/Deney 1 Frame/Fake/train/fake_train_01071.jpg,Fake/train/fake_train_01071.jpg,/content/drive/MyDrive/AISC DeepFake Çalışmaları/Deneyler/Nazlıcan/Deney 1/Kaş/fake/train/fake_train_01071.jpg,fake/train/fake_train_01071.jpg,37f07d12897201215e65e66f8d69052dbd67036013f0c501f921a25a55cd6c9c,,20260806_142915_eyebrow_roi_seed42_b775dfb93f,2026-08-06T14:34:44.147582+00:00,600,480,,,1,,,,,,
1b3814281e228f4e5d992cb5538164f4d79185d42e70acdef3db4acde0ee625a,,1076,0.0,fake,train,skipped,insufficient_space_below_eyebrows,/content/drive/MyDrive/AISC DeepFake Çalışmaları/Deneyler/Deney 1 Frame/Fake/train/fake_train_01076.jpg,Fake/train/fake_train_01076.jpg,/content/drive/MyDrive/AISC DeepFake Çalışmaları/Deneyler/Nazlıcan/Deney 1/Kaş/fake/train/fake_train_01076.jpg,fake/train/fake_train_01076.jpg,49eed51d698933dd15fb6b59087fd32c5b5a91534f12ad0aef2096bdc1b1ea7f,,20260806_142915_eyebrow_roi_seed42_b775dfb93f,2026-08-06T14:34:45.872091+00:00,1280,720,,,1,,,,,,
4d80d181fbad48c936fee0bf9d3755c01f697ce6591d2b98a1204929adb43555,,1085,0.0,fake,train,skipped,insufficient_space_below_eyebrows,/content/drive/MyDrive/AISC DeepFake Çalışmaları/Deneyler/Deney 1 Frame/Fake/train/fake_train_01085.jpg,Fake/train/fake_train_01085.jpg,/content/drive/MyDrive/AISC DeepFake Çalışmaları/Deneyler/Nazlıcan/Deney 1/Kaş/fake/train/fake_train_01085.jpg,fake/train/fake_train_01085.jpg,a239c5115f2e60e9298028f5d1685ae0d64f70ca5e0d1a1c1b5801060cd8a989,,20260806_142915_eyebrow_roi_seed42_b775dfb93f,2026-08-06T14:34:48.210104+00:00,1280,720,,,1,,,,,,
19aca0e7c0b37d770780efc00d87b34a45a7eaac3f3383e578d7d7c8f078bedc,,1088,,fake,train,skipped,multiple_faces_detected:2,/content/drive/MyDrive/AISC DeepFake Çalışmaları/Deneyler/Deney 1 Frame/Fake/train/fake_train_01088.jpg,Fake/train/fake_train_01088.jpg,/content/drive/MyDrive/AISC DeepFake Çalışmaları/Deneyler/Nazlıcan/Deney 1/Kaş/fake/train/fake_train_01088.jpg,fake/train/fake_train_01088.jpg,e0fe38a7efe5930cfb1ff82ab42ca7876ab5c6e79c934391d77fe8f00efdafb0,,20260806_142915_eyebrow_roi_seed42_b775dfb93f,2026-08-06T14:34:48.935169+00:00,1920,1080,,,2,,,,,,
11d40d17631ee08e1c897fb72d1adc92eac87cb24a902ac37d511353bf124d29,,1090,0.0,fake,train,skipped,insufficient_space_below_eyebrows,/content/drive/MyDrive/AISC DeepFake Çalışmaları/Deneyler/Deney 1 Frame/Fake/train/fake_train_01090.jpg,Fake/train/fake_train_01090.jpg,/content/drive/MyDrive/AISC DeepFake Çalışmaları/Deneyler/Nazlıcan/Deney 1/Kaş/fake/train/fake_train_01090.jpg,fake/train/fake_train_01090.jpg,0523d240341ba3052300324adffbea79b6cf02ebe7f42282eda6ab3462fd64fc,,20260806_142915_eyebrow_roi_seed42_b775dfb93f,2026-08-06T14:34:49.448427+00:00,1920,1080,,,1,,,,,,
2c79e92f859f8a58d8dc96fb433dc9b38e31e7ef572b71b4ddfc953b5039a161,,1095,0.0,fake,train,skipped,insufficient_space_below_eyebrows,/content/drive/MyDrive/AISC DeepFake Çalışmaları/Deneyler/Deney 1 Frame/Fake/train/fake_train_01095.jpg,Fake/train/fake_train_01095.jpg,/content/drive/MyDrive/AISC DeepFake Çalışmaları/Deneyler/Nazlıcan/Deney 1/Kaş/fake/train/fake_train_01095.jpg,fake/train/fake_train_01095.jpg,59f20f01c1bbb66e5e5d84bbecf1f6bf8f3e724e184e17b8f20f58796810e40f,,20260806_142915_eyebrow_roi_seed42_b775dfb93f,2026-08-06T14:34:50.683244+00:00,1280,720,,,1,,,,,,
228955b1700cc2025e3f1f5d962e0640afdbe5012729f6700a5b1eafb7b2e2d0,,1096,0.0,fake,train,skipped,insufficient_space_below_eyebrows,/content/drive/MyDrive/AISC DeepFake Çalışmaları/Deneyler/Deney 1 Frame/Fake/train/fake_train_01096.jpg,Fake/train/fake_train_01096.jpg,/content/drive/MyDrive/AISC DeepFake Çalışmaları/Deneyler/Nazlıcan/Deney 1/Kaş/fake/train/fake_train_01096.jpg,fake/train/fake_train_01096.jpg,1c1393f1b39ff7df70244013a7fdc8c3ebdeebcf51e3679ecd070dc49ec6fff1,,20260806_142915_eyebrow_roi_seed42_b775dfb93f,2026-08-06T14:34:50.865277+00:00,640,480,,,1,,,,,,
f1123d5879024b7e33c0c889c9e788d90fe54cf71fc30f61b9143926d945a380,,1097,0.0,fake,train,skipped,insufficient_space_below_eyebrows,/content/drive/MyDrive/AISC DeepFake Çalışmaları/Deneyler/Deney 1 Frame/Fake/train/fake_train_01097.jpg,Fake/train/fake_train_01097.jpg,/content/drive/MyDrive/AISC DeepFake Çalışmaları/Deneyler/Nazlıcan/Deney 1/Kaş/fake/train/fake_train_01097.jpg,fake/train/fake_train_01097.jpg,414c6994605d13ff0c2af1a4a9c525bb0f77c3dfe601ca185866a47874a109f0,,20260806_142915_eyebrow_roi_seed42_b775dfb93f,2026-08-06T14:34:51.125428+00:00,656,480,,,1,,,,,,
b000f5e5de464fe0d56dd8fa8b818fccc95a43a495fa9a5ebd44155e6bebd7e8,,1098,0.0,fake,train,skipped,insufficient_space_below_eyebrows,/content/drive/MyDrive/AISC DeepFake Çalışmaları/Deneyler/Deney 1 Frame/Fake/train/fake_train_01098.jpg,Fake/train/fake_train_01098.jpg,/content/drive/MyDrive/AISC DeepFake Çalışmaları/Deneyler/Nazlıcan/Deney 1/Kaş/fake/train/fake_train_01098.jpg,fake/train/fake_train_01098.jpg,cc55f9faf94994011592e841c4b92645c9093922b4c66aedff037cb88191583f,,20260806_142915_eyebrow_roi_seed42_b775dfb93f,2026-08-06T14:34:51.341228+00:00,640,480,,,1,,,,,,
719e1aed177f2bc4678d4c255e517744b2f44b584cdd5147c2592edea5385101,,1101,,fake,train,skipped,face_not_found,/content/drive/MyDrive/AISC DeepFake Çalışmaları/Deneyler/Deney 1 Frame/Fake/train/fake_train_01101.jpg,Fake/train/fake_train_01101.jpg,/content/drive/MyDrive/AISC DeepFake Çalışmaları/Deneyler/Nazlıcan/Deney 1/Kaş/fake/train/fake_train_01101.jpg,fake/train/fake_train_01101.jpg,fe1b403ef5cfa576116f3873fa281084ff6a78940216708602e480fdd1ab59fb,,20260806_142915_eyebrow_roi_seed42_b775dfb93f,2026-08-06T14:34:52.202601+00:00,1280,720,,,0,,,,,,
9f06a1de688ff23b9a3f3aea91645f8149294fa7da3a7a06efcf99dd7d6edd11,,1102,0.0,fake,train,skipped,insufficient_space_below_eyebrows,/content/drive/MyDrive/AISC DeepFake Çalışmaları/Deneyler/Deney 1 Frame/Fake/train/fake_train_01102.jpg,Fake/train/fake_train_01102.jpg,/content/drive/MyDrive/AISC DeepFake Çalışmaları/Deneyler/Nazlıcan/Deney 1/Kaş/fake/train/fake_train_01102.jpg,fake/train/fake_train_01102.jpg,3143140a6aca77c6c20932f1b2355f65b009c20312073aafd5a497d4590b3a25,,20260806_142915_eyebrow_roi_seed42_b775dfb93f,2026-08-06T14:34:52.413970+00:00,1280,720,,,1,,,,,,
b537073dba004fab86525d7ef574d4ba6665b74aefa6e0bf4a88434460733d14,,1104,0.0,fake,train,skipped,insufficient_space_below_eyebrows,/content/drive/MyDrive/AISC DeepFake Çalışmaları/Deneyler/Deney 1 Frame/Fake/train/fake_train_01104.jpg,Fake/train/fake_train_01104.jpg,/content/drive/MyDrive/AISC DeepFake Çalışmaları/Deneyler/Nazlıcan/Deney 1/Kaş/fake/train/fake_train_01104.jpg,fake/train/fake_train_01104.jpg,1ca0ddf5f0e0105e9ba4526c67aa7b8df61c4da63f2b1f5cbd3f1b2bd0e6d210,,20260806_142915_eyebrow_roi_seed42_b775dfb93f,2026-08-06T14:34:52.924942+00:00,1280,720,,,1,,,,,,
9e9c64e3f835477ea5376f26d67b6558ea39124a4ec10839dc33bde3ee01a2ad,,1105,0.0,fake,train,skipped,insufficient_space_below_eyebrows,/content/drive/MyDrive/AISC DeepFake Çalışmaları/Deneyler/Deney 1 Frame/Fake/train/fake_train_01105.jpg,Fake/train/fake_train_01105.jpg,/content/drive/MyDrive/AISC DeepFake Çalışmaları/Deneyler/Nazlıcan/Deney 1/Kaş/fake/train/fake_train_01105.jpg,fake/train/fake_train_01105.jpg,8e6c5d2c4dd7f65a8761131a4843dc4697adc5576681b25ed146c417d481bd5d,,20260806_142915_eyebrow_roi_seed42_b775dfb93f,2026-08-06T14:34:53.095129+00:00,640,480,,,1,,,,,,
35b0030b94f31212063468fe24b8b145e5a564761e7f07f21f855c976955e63a,,1107,0.0,fake,train,skipped,insufficient_space_below_eyebrows,/content/drive/MyDrive/AISC DeepFake Çalışmaları/Deneyler/Deney 1 Frame/Fake/train/fake_train_01107.jpg,Fake/train/fake_train_01107.jpg,/content/drive/MyDrive/AISC DeepFake Çalışmaları/Deneyler/Nazlıcan/Deney 1/Kaş/fake/train/fake_train_01107.jpg,fake/train/fake_train_01107.jpg,a63abe2ff780acbaf702bcd4e9b4fe0ba589d1854e21b34c501e3107397175e0,,20260806_142915_eyebrow_roi_seed42_b775dfb93f,2026-08-06T14:34:53.574767+00:00,1280,720,,,1,,,,,,
f110819b153e4ef09a6f4c0f97af540123780ef55294091379add4af866acc82,,1112,0.0,fake,train,skipped,insufficient_space_below_eyebrows,/content/drive/MyDrive/AISC DeepFake Çalışmaları/Deneyler/Deney 1 Frame/Fake/train/fake_train_01112.jpg,Fake/train/fake_train_01112.jpg,/content/drive/MyDrive/AISC DeepFake Çalışmaları/Deneyler/Nazlıcan/Deney 1/Kaş/fake/train/fake_train_01112.jpg,fake/train/fake_train_01112.jpg,53f467a3c343a37b96e978a420b47ed39610996436fc4a4ae0220dd721fc44c9,,20260806_142915_eyebrow_roi_seed42_b775dfb93f,2026-08-06T14:34:55.144466+00:00,854,480,,,1,,,,,,
73129e9a2d50bd7822b02f0ccb522e0a183328526fd78753ffeffb57c6336346,,1114,0.0,fake,train,skipped,insufficient_space_below_eyebrows,/content/drive/MyDrive/AISC DeepFake Çalışmaları/Deneyler/Deney 1 Frame/Fake/train/fake_train_01114.jpg,Fake/train/fake_train_01114.jpg,/content/drive/MyDrive/AISC DeepFake Çalışmaları/Deneyler/Nazlıcan/Deney 1/Kaş/fake/train/fake_train_01114.jpg,fake/train/fake_train_01114.jpg,9515183908dd0eb04f4e43ddf665d5390e9194c4f7dba9677ffeef0922f3780a,,20260806_142915_eyebrow_roi_seed42_b775dfb93f,2026-08-06T14:34:55.669471+00:00,640,480,,,1,,,,,,
7356f4e4d4f37039a61a9149961b1b765d300110508cfe69853e86e93bd11b35,,1118,0.0,fake,train,skipped,insufficient_space_below_eyebrows,/content/drive/MyDrive/AISC DeepFake Çalışmaları/Deneyler/Deney 1 Frame/Fake/train/fake_train_01118.jpg,Fake/train/fake_train_01118.jpg,/content/drive/MyDrive/AISC DeepFake Çalışmaları/Deneyler/Nazlıcan/Deney 1/Kaş/fake/train/fake_train_01118.jpg,fake/train/fake_train_01118.jpg,81b46c1b27e61833513040cbffacebaf6ad020c7035674ab23e6bfdc0907b1a3,,20260806_142915_eyebrow_roi_seed42_b775dfb93f,2026-08-06T14:34:56.774161+00:00,640,480,,,1,,,,,,
87402b05f08b5075c7db6ba0ade4facba55a765a97530cb54f8b2c9de091316a,,1119,0.0,fake,train,skipped,insufficient_space_below_eyebrows,/content/drive/MyDrive/AISC DeepFake Çalışmaları/Deneyler/Deney 1 Frame/Fake/train/fake_train_01119.jpg,Fake/train/fake_train_01119.jpg,/content/drive/MyDrive/AISC DeepFake Çalışmaları/Deneyler/Nazlıcan/Deney 1/Kaş/fake/train/fake_train_01119.jpg,fake/train/fake_train_01119.jpg,5a420eb5d811c555db00068b7a7c4af39e0e8ce131f851d8f214ffee5b87a686,,20260806_142915_eyebrow_roi_seed42_b775dfb93f,2026-08-06T14:34:57.194763+00:00,640,480,,,1,,,,,,
23d6420c07d02e09fdf4092ef8fc00038b089fe97facd1b3fbc1fc4c8bde261d,,1125,0.0,fake,train,skipped,insufficient_space_below_eyebrows,/content/drive/MyDrive/AISC DeepFake Çalışmaları/Deneyler/Deney 1 Frame/Fake/train/fake_train_01125.jpg,Fake/train/fake_train_01125.jpg,/content/drive/MyDrive/AISC DeepFake Çalışmaları/Deneyler/Nazlıcan/Deney 1/Kaş/fake/train/fake_train_01125.jpg,fake/train/fake_train_01125.jpg,e3a38741766de00250b824e5e10f95384579160e852e0c41aaef014f229e470e,,20260806_142915_eyebrow_roi_seed42_b775dfb93f,2026-08-06T14:34:59.357855+00:00,1280,720,,,1,,,,,,
10d0ecb18fe4893bf3031072b60eae8c053f39434b981338232a1ae9d960aecf,,1127,,fake,train,skipped,face_not_found,/content/drive/MyDrive/AISC DeepFake Çalışmaları/Deneyler/Deney 1 Frame/Fake/train/fake_train_01127.jpg,Fake/train/fake_train_01127.jpg,/content/drive/MyDrive/AISC DeepFake Çalışmaları/Deneyler/Nazlıcan/Deney 1/Kaş/fake/train/fake_train_01127.jpg,fake/train/fake_train_01127.jpg,27b4b3654021bd634a2b5a9e04f86a127c6a30f3dd9bd5dd4d8f6912c500a1e3,,20260806_142915_eyebrow_roi_seed42_b775dfb93f,2026-08-06T14:34:59.885078+00:00,1920,1080,,,0,,,,,,
768e3ca8555912b31ce3723195c0b6e037fd6a5d0dd8e847001fa5e84d2c9eae,,1130,0.0,fake,train,skipped,insufficient_space_below_eyebrows,/content/drive/MyDrive/AISC DeepFake Çalışmaları/Deneyler/Deney 1 Frame/Fake/train/fake_train_01130.jpg,Fake/train/fake_train_01130.jpg,/content/drive/MyDrive/AISC DeepFake Çalışmaları/Deneyler/Nazlıcan/Deney 1/Kaş/fake/train/fake_train_01130.jpg,fake/train/fake_train_01130.jpg,a36146ddbeeb2a440a378dc45db85a8c8f36c202ae81857d0c67636dc7614613,,20260806_142915_eyebrow_roi_seed42_b775dfb93f,2026-08-06T14:35:01.079130+00:00,1920,1080,,,1,,,,,,
1c645a9cfae7bdb60fc5f3e512ee9247ef834d1448a0a7ee97a0a29e072db81b,,1133,0.0,fake,train,skipped,insufficient_space_below_eyebrows,/content/drive/MyDrive/AISC DeepFake Çalışmaları/Deneyler/Deney 1 Frame/Fake/train/fake_train_01133.jpg,Fake/train/fake_train_01133.jpg,/content/drive/MyDrive/AISC DeepFake Çalışmaları/Deneyler/Nazlıcan/Deney 1/Kaş/fake/train/fake_train_01133.jpg,fake/train/fake_train_01133.jpg,8254ab02e7cb25745ab650461b707e61a2ec5eb9367497816ccc2b3e3a6acf73,,20260806_142915_eyebrow_roi_seed42_b775dfb93f,2026-08-06T14:35:01.916370+00:00,1920,1080,,,1,,,,,,
fe9966f4743e063b479e6f868c304d505b7767f295f06c2a8db992bad901f9f5,,1136,,fake,train,skipped,face_not_found,/content/drive/MyDrive/AISC DeepFake Çalışmaları/Deneyler/Deney 1 Frame/Fake/train/fake_train_01136.jpg,Fake/train/fake_train_01136.jpg,/content/drive/MyDrive/AISC DeepFake Çalışmaları/Deneyler/Nazlıcan/Deney 1/Kaş/fake/train/fake_train_01136.jpg,fake/train/fake_train_01136.jpg,9840378fd2b3d567b7f35f0563c20fd148cea98987f3d2fc5476e46aca88904d,,20260806_142915_eyebrow_roi_seed42_b775dfb93f,2026-08-06T14:35:02.724031+00:00,1920,1080,,,0,,,,,,
4cbfad89f734379a3254c9f0d43415402dc83531d1623033a4616c312e69dd07,,1137,0.0,fake,train,skipped,insufficient_space_below_eyebrows,/content/drive/MyDrive/AISC DeepFake Çalışmaları/Deneyler/Deney 1 Frame/Fake/train/fake_train_01137.jpg,Fake/train/fake_train_01137.jpg,/content/drive/MyDrive/AISC DeepFake Çalışmaları/Deneyler/Nazlıcan/Deney 1/Kaş/fake/train/fake_train_01137.jpg,fake/train/fake_train_01137.jpg,5f4e1ce667636c2135a8d279cfb49a600d512aea78776ed6923426d971d05388,,20260806_142915_eyebrow_roi_seed42_b775dfb93f,2026-08-06T14:35:03.021163+00:00,854,480,,,1,,,,,,
656cae4e449c8863248baa2d3b773d2052bdeffbac305675d66a5d73d903a167,,1138,0.0,fake,train,skipped,insufficient_space_below_eyebrows,/content/drive/MyDrive/AISC DeepFake Çalışmaları/Deneyler/Deney 1 Frame/Fake/train/fake_train_01138.jpg,Fake/train/fake_train_01138.jpg,/content/drive/MyDrive/AISC DeepFake Çalışmaları/Deneyler/Nazlıcan/Deney 1/Kaş/fake/train/fake_train_01138.jpg,fake/train/fake_train_01138.jpg,66c46a6ed67f610b58ee184dd00d36943588c75245fed4d02be67fa27cb073d0,,20260806_142915_eyebrow_roi_seed42_b775dfb93f,2026-08-06T14:35:04.847524+00:00,640,480,,,1,,,,,,
09d4edc93492f3ff399ff3d86cefabfeef9443892311e79024b6201eccfe7236,,1139,,fake,train,skipped,multiple_faces_detected:2,/content/drive/MyDrive/AISC DeepFake Çalışmaları/Deneyler/Deney 1 Frame/Fake/train/fake_train_01139.jpg,Fake/train/fake_train_01139.jpg,/content/drive/MyDrive/AISC DeepFake Çalışmaları/Deneyler/Nazlıcan/Deney 1/Kaş/fake/train/fake_train_01139.jpg,fake/train/fake_train_01139.jpg,4e5f9bc78af0004833675f626bd81c0a0252a6e17f097c3e150e1e90f7b41885,,20260806_142915_eyebrow_roi_seed42_b775dfb93f,2026-08-06T14:35:05.101465+00:00,640,480,,,2,,,,,,
827d08afa36e2864958b761690460b12d0d6637147c9853d3c3ef30c12d3f69e,,1143,,fake,train,skipped,multiple_faces_detected:2,/content/drive/MyDrive/AISC DeepFake Çalışmaları/Deneyler/Deney 1 Frame/Fake/train/fake_train_01143.jpg,Fake/train/fake_train_01143.jpg,/content/drive/MyDrive/AISC DeepFake Çalışmaları/Deneyler/Nazlıcan/Deney 1/Kaş/fake/train/fake_train_01143.jpg,fake/train/fake_train_01143.jpg,d04db34566eacc16d38c462bc42212342fe68a110c952a82333a1d00be6dad24,,20260806_142915_eyebrow_roi_seed42_b775dfb93f,2026-08-06T14:35:08.404505+00:00,1920,1080,,,2,,,,,,
495872c4d59f306fdd1a3fffd0bc936eff31b6fcd660429aea391492cbc12a23,,1144,0.0,fake,train,skipped,insufficient_space_below_eyebrows,/content/drive/MyDrive/AISC DeepFake Çalışmaları/Deneyler/Deney 1 Frame/Fake/train/fake_train_01144.jpg,Fake/train/fake_train_01144.jpg,/content/drive/MyDrive/AISC DeepFake Çalışmaları/Deneyler/Nazlıcan/Deney 1/Kaş/fake/train/fake_train_01144.jpg,fake/train/fake_train_01144.jpg,83be3a6e8fe3b8bf621f9e3337fddb2f4235d0e265c1ebce46feeb61e586dba0,,20260806_142915_eyebrow_roi_seed42_b775dfb93f,2026-08-06T14:35:08.628943+00:00,600,480,,,1,,,,,,
70ebd10102a7a4f430f9ab4e5bcdc1b7f063051f623d122bffb811391026b1fd,,1145,0.0,fake,train,skipped,insufficient_space_below_eyebrows,/content/drive/MyDrive/AISC DeepFake Çalışmaları/Deneyler/Deney 1 Frame/Fake/train/fake_train_01145.jpg,Fake/train/fake_train_01145.jpg,/content/drive/MyDrive/AISC DeepFake Çalışmaları/Deneyler/Nazlıcan/Deney 1/Kaş/fake/train/fake_train_01145.jpg,fake/train/fake_train_01145.jpg,d238d141839ea7604cef5a104178b593bcda10d176670072c54fb67ed23f541a,,20260806_142915_eyebrow_roi_seed42_b775dfb93f,2026-08-06T14:35:08.847944+00:00,1920,1080,,,1,,,,,,
ada711c44491377ebd868c1a4a70f8933e9649f2fbfe6d37fa1c66304619a7fe,,1153,0.0,fake,train,skipped,roi_height_too_small:10,/content/drive/MyDrive/AISC DeepFake Çalışmaları/Deneyler/Deney 1 Frame/Fake/train/fake_train_01153.jpg,Fake/train/fake_train_01153.jpg,/content/drive/MyDrive/AISC DeepFake Çalışmaları/Deneyler/Nazlıcan/Deney 1/Kaş/fake/train/fake_train_01153.jpg,fake/train/fake_train_01153.jpg,93b203364f3c831b6a537c7cfed32db0fedf1f4321e58b1fde4e2d737b40636a,,20260806_142915_eyebrow_roi_seed42_b775dfb93f,2026-08-06T14:35:11.104130+00:00,600,480,,,1,,,,,,
25d55e510c2390100798ec2e593f782b2f7147594ee307aa9523bc9c4a86cd04,,1159,0.0,fake,train,skipped,insufficient_space_below_eyebrows,/content/drive/MyDrive/AISC DeepFake Çalışmaları/Deneyler/Deney 1 Frame/Fake/train/fake_train_01159.jpg,Fake/train/fake_train_01159.jpg,/content/drive/MyDrive/AISC DeepFake Çalışmaları/Deneyler/Nazlıcan/Deney 1/Kaş/fake/train/fake_train_01159.jpg,fake/train/fake_train_01159.jpg,0f1d43e2d2aa3dfe077c7c0026ae1aa90907841a4b06d38d68f123cb90cfc2e1,,20260806_142915_eyebrow_roi_seed42_b775dfb93f,2026-08-06T14:35:13.334416+00:00,640,480,,,1,,,,,,
e2e2b9654cc913f49c9ec46b244d1e9cf6f3e3ffe85a85fc244eba335f70b63f,,1160,,fake,train,skipped,face_not_found,/content/drive/MyDrive/AISC DeepFake Çalışmaları/Deneyler/Deney 1 Frame/Fake/train/fake_train_01160.jpg,Fake/train/fake_train_01160.jpg,/content/drive/MyDrive/AISC DeepFake Çalışmaları/Deneyler/Nazlıcan/Deney 1/Kaş/fake/train/fake_train_01160.jpg,fake/train/fake_train_01160.jpg,cba4723401d157cf47ca48009a33a06be1a60d8e1cda2d499ec777807d24a618,,20260806_142915_eyebrow_roi_seed42_b775dfb93f,2026-08-06T14:35:13.585784+00:00,1920,1080,,,0,,,,,,
bf6f9cd6797f9aae422be9bd1364759a9f06043863d5ff67771c7279bce23cb8,,1163,0.0,fake,train,skipped,insufficient_space_below_eyebrows,/content/drive/MyDrive/AISC DeepFake Çalışmaları/Deneyler/Deney 1 Frame/Fake/train/fake_train_01163.jpg,Fake/train/fake_train_01163.jpg,/content/drive/MyDrive/AISC DeepFake Çalışmaları/Deneyler/Nazlıcan/Deney 1/Kaş/fake/train/fake_train_01163.jpg,fake/train/fake_train_01163.jpg,2ce7a8adc0ab5957ed9641447f1a8088b933d02cad974de9ee445894f3323eac,,20260806_142915_eyebrow_roi_seed42_b775dfb93f,2026-08-06T14:35:14.323012+00:00,1920,1080,,,1,,,,,,
12858bdf8de5757845aa6626a5e9753bb8000cf018eb3b7cd484c0c248d43553,,1165,0.0,fake,train,skipped,insufficient_space_below_eyebrows,/content/drive/MyDrive/AISC DeepFake Çalışmaları/Deneyler/Deney 1 Frame/Fake/train/fake_train_01165.jpg,Fake/train/fake_train_01165.jpg,/content/drive/MyDrive/AISC DeepFake Çalışmaları/Deneyler/Nazlıcan/Deney 1/Kaş/fake/train/fake_train_01165.jpg,fake/train/fake_train_01165.jpg,08e6f293dec04c9d2def2bff32a41723c86ebac8fd08ee2d2b719ea7fb217dad,,20260806_142915_eyebrow_roi_seed42_b775dfb93f,2026-08-06T14:35:15.482296+00:00,1280,720,,,1,,,,,,
62f7c24ab47dcde0d86c29fac644e87025f13d79b1233d150ad5133acdde9ede,,1166,0.0,fake,train,skipped,insufficient_space_below_eyebrows,/content/drive/MyDrive/AISC DeepFake Çalışmaları/Deneyler/Deney 1 Frame/Fake/train/fake_train_01166.jpg,Fake/train/fake_train_01166.jpg,/content/drive/MyDrive/AISC DeepFake Çalışmaları/Deneyler/Nazlıcan/Deney 1/Kaş/fake/train/fake_train_01166.jpg,fake/train/fake_train_01166.jpg,1f27b402acb1b568958a06036be273cea7a6540c91f516e32d1e2df99dc8f111,,20260806_142915_eyebrow_roi_seed42_b775dfb93f,2026-08-06T14:35:15.782391+00:00,720,480,,,1,,,,,,
2201e88030c089f977a1adf987963ebbdf9081b6461fa7ca1ae10aaf6dcf0421,,1170,0.0,fake,train,skipped,insufficient_space_below_eyebrows,/content/drive/MyDrive/AISC DeepFake Çalışmaları/Deneyler/Deney 1 Frame/Fake/train/fake_train_01170.jpg,Fake/train/fake_train_01170.jpg,/content/drive/MyDrive/AISC DeepFake Çalışmaları/Deneyler/Nazlıcan/Deney 1/Kaş/fake/train/fake_train_01170.jpg,fake/train/fake_train_01170.jpg,26067efbc7c57e124cea5d400a9c9f4f76bcd5f7a905e6870ab7b812e675c1b5,,20260806_142915_eyebrow_roi_seed42_b775dfb93f,2026-08-06T14:35:16.841331+00:00,1920,1080,,,1,,,,,,
4f4277975871882572724fe74cc269b9f7b846c2b22547ae5306bde36107d33b,,1174,,fake,train,skipped,face_not_found,/content/drive/MyDrive/AISC DeepFake Çalışmaları/Deneyler/Deney 1 Frame/Fake/train/fake_train_01174.jpg,Fake/train/fake_train_01174.jpg,/content/drive/MyDrive/AISC DeepFake Çalışmaları/Deneyler/Nazlıcan/Deney 1/Kaş/fake/train/fake_train_01174.jpg,fake/train/fake_train_01174.jpg,190a8113f99d42a9adad0e99f2c550caf5a74468d2b51a65fb532ae61057e0ac,,20260806_142915_eyebrow_roi_seed42_b775dfb93f,2026-08-06T14:35:17.896362+00:00,1920,1080,,,0,,,,,,
a02e9385269f340384da80d3dcefe3c5a240ea354716f42e304254d23fbe2b64,,1177,,fake,train,skipped,face_not_found,/content/drive/MyDrive/AISC DeepFake Çalışmaları/Deneyler/Deney 1 Frame/Fake/train/fake_train_01177.jpg,Fake/train/fake_train_01177.jpg,/content/drive/MyDrive/AISC DeepFake Çalışmaları/Deneyler/Nazlıcan/Deney 1/Kaş/fake/train/fake_train_01177.jpg,fake/train/fake_train_01177.jpg,a822e244e21046ffcfaa116821f9e2b2bbe703e3da07411b73d80f3dbc581a4e,,20260806_142915_eyebrow_roi_seed42_b775dfb93f,2026-08-06T14:35:18.991145+00:00,1920,1080,,,0,,,,,,
bbd554e052b02a2cbf1bbc74fcae05f7931170af18bf81e6ed7432da2fdc1813,,1178,0.0,fake,train,skipped,insufficient_space_below_eyebrows,/content/drive/MyDrive/AISC DeepFake Çalışmaları/Deneyler/Deney 1 Frame/Fake/train/fake_train_01178.jpg,Fake/train/fake_train_01178.jpg,/content/drive/MyDrive/AISC DeepFake Çalışmaları/Deneyler/Nazlıcan/Deney 1/Kaş/fake/train/fake_train_01178.jpg,fake/train/fake_train_01178.jpg,d8cb95e63324130f4b5262e3224307ce02eb879ff54159406a3be9e246d334fc,,20260806_142915_eyebrow_roi_seed42_b775dfb93f,2026-08-06T14:35:19.231830+00:00,1920,1080,,,1,,,,,,
6fdc860d204d12d96126aed3e24ec7ee7f6c0744bbbea745da5a7ac361fe959d,,1180,0.0,fake,train,skipped,insufficient_space_below_eyebrows,/content/drive/MyDrive/AISC DeepFake Çalışmaları/Deneyler/Deney 1 Frame/Fake/train/fake_train_01180.jpg,Fake/train/fake_train_01180.jpg,/content/drive/MyDrive/AISC DeepFake Çalışmaları/Deneyler/Nazlıcan/Deney 1/Kaş/fake/train/fake_train_01180.jpg,fake/train/fake_train_01180.jpg,f32f9b8186536f9bdad21fb9a21a2a13631fe6619dfbc2ee064f57f07310bbb5,,20260806_142915_eyebrow_roi_seed42_b775dfb93f,2026-08-06T14:35:19.670424+00:00,720,480,,,1,,,,,,
ca2ea66c0fd93b85cdd2729b033358ee61ab1e03de4e246d861957923a653f6a,,1187,0.0,fake,train,skipped,insufficient_space_below_eyebrows,/content/drive/MyDrive/AISC DeepFake Çalışmaları/Deneyler/Deney 1 Frame/Fake/train/fake_train_01187.jpg,Fake/train/fake_train_01187.jpg,/content/drive/MyDrive/AISC DeepFake Çalışmaları/Deneyler/Nazlıcan/Deney 1/Kaş/fake/train/fake_train_01187.jpg,fake/train/fake_train_01187.jpg,9d6707448fd6858d1023076341eb3e40b36471d444846e6feb23d765135cac80,,20260806_142915_eyebrow_roi_seed42_b775dfb93f,2026-08-06T14:35:23.045612+00:00,640,480,,,1,,,,,,
096ce506fc3012bb8b8938a20c16ed77959f9ae2a5a28076adb44b49eb1529df,,1190,0.0,fake,train,skipped,insufficient_space_below_eyebrows,/content/drive/MyDrive/AISC DeepFake Çalışmaları/Deneyler/Deney 1 Frame/Fake/train/fake_train_01190.jpg,Fake/train/fake_train_01190.jpg,/content/drive/MyDrive/AISC DeepFake Çalışmaları/Deneyler/Nazlıcan/Deney 1/Kaş/fake/train/fake_train_01190.jpg,fake/train/fake_train_01190.jpg,486c5089ff171cb324efc3f1004613db4ae565ca8e03c21120e9d9b3f2457543,,20260806_142915_eyebrow_roi_seed42_b775dfb93f,2026-08-06T14:35:23.757099+00:00,656,480,,,1,,,,,,
455f736f132312e1b54f5ae889cdb0659d96a1029eeb55e87f6aed72c41b72e4,,1193,0.0,fake,train,skipped,insufficient_space_below_eyebrows,/content/drive/MyDrive/AISC DeepFake Çalışmaları/Deneyler/Deney 1 Frame/Fake/train/fake_train_01193.jpg,Fake/train/fake_train_01193.jpg,/content/drive/MyDrive/AISC DeepFake Çalışmaları/Deneyler/Nazlıcan/Deney 1/Kaş/fake/train/fake_train_01193.jpg,fake/train/fake_train_01193.jpg,215eb6846cd046a51f60fd12971d446d1e79a0501ba9c6efc55b052cad430ff2,,20260806_142915_eyebrow_roi_seed42_b775dfb93f,2026-08-06T14:35:24.641915+00:00,1280,720,,,1,,,,,,
6a22997f5d7d32bd1f40b0a71adf9bb7eb132dd0b36e212f8c3aa3ad11b8c4bf,,1194,0.0,fake,train,skipped,insufficient_space_below_eyebrows,/content/drive/MyDrive/AISC DeepFake Çalışmaları/Deneyler/Deney 1 Frame/Fake/train/fake_train_01194.jpg,Fake/train/fake_train_01194.jpg,/content/drive/MyDrive/AISC DeepFake Çalışmaları/Deneyler/Nazlıcan/Deney 1/Kaş/fake/train/fake_train_01194.jpg,fake/train/fake_train_01194.jpg,e53f0290db0b773a56103a44ecc68633252614470b2e3d1b9f01aac0a0ee7d1f,,20260806_142915_eyebrow_roi_seed42_b775dfb93f,2026-08-06T14:35:24.886382+00:00,1920,1080,,,1,,,,,,
9901b3ab0c105a9742cba870c3e99e7d3e6d8c3f54b6ef5639fbd0596dd3a286,,1197,0.0,fake,train,skipped,insufficient_space_below_eyebrows,/content/drive/MyDrive/AISC DeepFake Çalışmaları/Deneyler/Deney 1 Frame/Fake/train/fake_train_01197.jpg,Fake/train/fake_train_01197.jpg,/content/drive/MyDrive/AISC DeepFake Çalışmaları/Deneyler/Nazlıcan/Deney 1/Kaş/fake/train/fake_train_01197.jpg,fake/train/fake_train_01197.jpg,2e206c09280f4b6333e08fc0871a48aa58e72dff26fde13204e7d366952741d4,,20260806_142915_eyebrow_roi_seed42_b775dfb93f,2026-08-06T14:35:25.679595+00:00,1920,1080,,,1,,,,,,
08eded216863eb0cbfddf198f9fbe39b7a2b46b376c12a04844e58a8256a768d,,1,0.0,fake,val,skipped,insufficient_space_below_eyebrows,/content/drive/MyDrive/AISC DeepFake Çalışmaları/Deneyler/Deney 1 Frame/Fake/val/fake_val_00001.jpg,Fake/val/fake_val_00001.jpg,/content/drive/MyDrive/AISC DeepFake Çalışmaları/Deneyler/Nazlıcan/Deney 1/Kaş/fake/val/fake_val_00001.jpg,fake/val/fake_val_00001.jpg,eb8b5d70d3d0b89fa7163cbfafa726841bd0e578247a0dd93de7cc65b7ab5ca1,,20260806_142915_eyebrow_roi_seed42_b775dfb93f,2026-08-06T14:35:27.184290+00:00,1920,1080,,,1,,,,,,
0b048119d12199972399f4f344e7c9478fa43113e42c860c414d4df5d066e7c8,,3,0.0,fake,val,skipped,insufficient_space_below_eyebrows,/content/drive/MyDrive/AISC DeepFake Çalışmaları/Deneyler/Deney 1 Frame/Fake/val/fake_val_00003.jpg,Fake/val/fake_val_00003.jpg,/content/drive/MyDrive/AISC DeepFake Çalışmaları/Deneyler/Nazlıcan/Deney 1/Kaş/fake/val/fake_val_00003.jpg,fake/val/fake_val_00003.jpg,f59a82e3f4dec2f3e44fed3a3f92b4e4c497b8a8e8738a8d71c6b9726e08673c,,20260806_142915_eyebrow_roi_seed42_b775dfb93f,2026-08-06T14:35:28.132177+00:00,640,480,,,1,,,,,,
4a215c92936663eabfcf6f740b49f104b3d99adc5e678985866eb94e106aa37c,,4,0.0,fake,val,skipped,insufficient_space_below_eyebrows,/content/drive/MyDrive/AISC DeepFake Çalışmaları/Deneyler/Deney 1 Frame/Fake/val/fake_val_00004.jpg,Fake/val/fake_val_00004.jpg,/content/drive/MyDrive/AISC DeepFake Çalışmaları/Deneyler/Nazlıcan/Deney 1/Kaş/fake/val/fake_val_00004.jpg,fake/val/fake_val_00004.jpg,a5e54438d77c431bdf4dbd32be277da7455d1756586c042845f2ea7e95ad9d81,,20260806_142915_eyebrow_roi_seed42_b775dfb93f,2026-08-06T14:35:28.372109+00:00,1920,1080,,,1,,,,,,
dbbf7511ff0f9111d051779dea7ceda115b7ec4321110b2a245941beec8c88cd,,9,0.0,fake,val,skipped,too_much_eye_inside_roi:0.2812,/content/drive/MyDrive/AISC DeepFake Çalışmaları/Deneyler/Deney 1 Frame/Fake/val/fake_val_00009.jpg,Fake/val/fake_val_00009.jpg,/content/drive/MyDrive/AISC DeepFake Çalışmaları/Deneyler/Nazlıcan/Deney 1/Kaş/fake/val/fake_val_00009.jpg,fake/val/fake_val_00009.jpg,65729951b2f76794ff3a8ddad5408daa7a113c1a7a5945f7994e2635b0d043d8,,20260806_142915_eyebrow_roi_seed42_b775dfb93f,2026-08-06T14:35:29.956745+00:00,1920,1080,,,1,,,,,,
499571296158fb733ea73475f1c680609d554c7c359a1f20b4cf5b2c9a5a2a47,,11,0.0,fake,val,skipped,insufficient_space_below_eyebrows,/content/drive/MyDrive/AISC DeepFake Çalışmaları/Deneyler/Deney 1 Frame/Fake/val/fake_val_00011.jpg,Fake/val/fake_val_00011.jpg,/content/drive/MyDrive/AISC DeepFake Çalışmaları/Deneyler/Nazlıcan/Deney 1/Kaş/fake/val/fake_val_00011.jpg,fake/val/fake_val_00011.jpg,21689b671f886ace046dfff6f9ea0f9c283d2b54d154dbeab8d4c06438213085,,20260806_142915_eyebrow_roi_seed42_b775dfb93f,2026-08-06T14:35:30.557982+00:00,1280,720,,,1,,,,,,
9a5afdba2c191b8df3f0497e939f9eb13f252df199d848e657dfef0d344defd2,,13,,fake,val,skipped,face_not_found,/content/drive/MyDrive/AISC DeepFake Çalışmaları/Deneyler/Deney 1 Frame/Fake/val/fake_val_00013.jpg,Fake/val/fake_val_00013.jpg,/content/drive/MyDrive/AISC DeepFake Çalışmaları/Deneyler/Nazlıcan/Deney 1/Kaş/fake/val/fake_val_00013.jpg,fake/val/fake_val_00013.jpg,a5612ede2755e27530fb69c96824d24a1fbc8013f0b1373c822480e7605c2fa9,,20260806_142915_eyebrow_roi_seed42_b775dfb93f,2026-08-06T14:35:31.117036+00:00,1920,1080,,,0,,,,,,
8f3d3c19a855f749f0ba35ba0eea94ca2657ac0f4ada12eb468eb4ebd74724cb,,16,0.0,fake,val,skipped,insufficient_space_below_eyebrows,/content/drive/MyDrive/AISC DeepFake Çalışmaları/Deneyler/Deney 1 Frame/Fake/val/fake_val_00016.jpg,Fake/val/fake_val_00016.jpg,/content/drive/MyDrive/AISC DeepFake Çalışmaları/Deneyler/Nazlıcan/Deney 1/Kaş/fake/val/fake_val_00016.jpg,fake/val/fake_val_00016.jpg,d9ed01a78a9a49110fccc4f0e8762dab9b4b2317c25c832d50c4edf14904745b,,20260806_142915_eyebrow_roi_seed42_b775dfb93f,2026-08-06T14:35:31.816634+00:00,640,480,,,1,,,,,,
bac069f13f55bbebef4c7a713e8d3c464887c0076377049e8cab8ed574053545,,17,0.0,fake,val,skipped,insufficient_space_below_eyebrows,/content/drive/MyDrive/AISC DeepFake Çalışmaları/Deneyler/Deney 1 Frame/Fake/val/fake_val_00017.jpg,Fake/val/fake_val_00017.jpg,/content/drive/MyDrive/AISC DeepFake Çalışmaları/Deneyler/Nazlıcan/Deney 1/Kaş/fake/val/fake_val_00017.jpg,fake/val/fake_val_00017.jpg,b3c79b09f9acdda0319864926f76e4ffbb28fef8eec9d4ed8d845990a9523d74,,20260806_142915_eyebrow_roi_seed42_b775dfb93f,2026-08-06T14:35:32.109358+00:00,1280,720,,,1,,,,,,
95ec241f34ccc3b9e1d160db2817f4d556cb0138e5839b011318151b81a7212f,,20,,fake,val,skipped,face_not_found,/content/drive/MyDrive/AISC DeepFake Çalışmaları/Deneyler/Deney 1 Frame/Fake/val/fake_val_00020.jpg,Fake/val/fake_val_00020.jpg,/content/drive/MyDrive/AISC DeepFake Çalışmaları/Deneyler/Nazlıcan/Deney 1/Kaş/fake/val/fake_val_00020.jpg,fake/val/fake_val_00020.jpg,d04c01b8d204b3161e8cf44cfe0fe4869eb847321ce30be930107b0e01c49a7d,,20260806_142915_eyebrow_roi_seed42_b775dfb93f,2026-08-06T14:35:32.872003+00:00,1920,1080,,,0,,,,,,
5a7adc6b5020b82e151135c6eac7aed8ea6d2f289b2a02366842263c04e11a91,,21,,fake,val,skipped,face_not_found,/content/drive/MyDrive/AISC DeepFake Çalışmaları/Deneyler/Deney 1 Frame/Fake/val/fake_val_00021.jpg,Fake/val/fake_val_00021.jpg,/content/drive/MyDrive/AISC DeepFake Çalışmaları/Deneyler/Nazlıcan/Deney 1/Kaş/fake/val/fake_val_00021.jpg,fake/val/fake_val_00021.jpg,cf53dad489c72ab2e007ab8e0fcd26035d36bd202ed9c9b2243e8f575a13ae56,,20260806_142915_eyebrow_roi_seed42_b775dfb93f,2026-08-06T14:35:33.100852+00:00,1920,1080,,,0,,,,,,
da111517f5b5e3fa2f0566a2eb652e9aede042847586aabb24ba7f4d8d8dc0e0,,22,0.0,fake,val,skipped,insufficient_space_below_eyebrows,/content/drive/MyDrive/AISC DeepFake Çalışmaları/Deneyler/Deney 1 Frame/Fake/val/fake_val_00022.jpg,Fake/val/fake_val_00022.jpg,/content/drive/MyDrive/AISC DeepFake Çalışmaları/Deneyler/Nazlıcan/Deney 1/Kaş/fake/val/fake_val_00022.jpg,fake/val/fake_val_00022.jpg,08fcfd5fbbd8e61695d97ac96a036b5085a1a2aa3b0eb3f29d415118509b81a8,,20260806_142915_eyebrow_roi_seed42_b775dfb93f,2026-08-06T14:35:33.352815+00:00,1920,1080,,,1,,,,,,
f07497f7eca5d47e9a951785938d7490451fd0c07e100d99ebbce29f0fd3cabd,,25,0.0,fake,val,skipped,insufficient_space_below_eyebrows,/content/drive/MyDrive/AISC DeepFake Çalışmaları/Deneyler/Deney 1 Frame/Fake/val/fake_val_00025.jpg,Fake/val/fake_val_00025.jpg,/content/drive/MyDrive/AISC DeepFake Çalışmaları/Deneyler/Nazlıcan/Deney 1/Kaş/fake/val/fake_val_00025.jpg,fake/val/fake_val_00025.jpg,ca8d9e7022466fc682d67e723c9fee48f107014500dd701008c45c7dbff2aecb,,20260806_142915_eyebrow_roi_seed42_b775dfb93f,2026-08-06T14:35:34.215086+00:00,1920,1080,,,1,,,,,,
d20569318a3008f4daff86ea67e15f6500e1a56162c2b1014249f397189aae2e,,28,0.0,fake,val,skipped,insufficient_space_below_eyebrows,/content/drive/MyDrive/AISC DeepFake Çalışmaları/Deneyler/Deney 1 Frame/Fake/val/fake_val_00028.jpg,Fake/val/fake_val_00028.jpg,/content/drive/MyDrive/AISC DeepFake Çalışmaları/Deneyler/Nazlıcan/Deney 1/Kaş/fake/val/fake_val_00028.jpg,fake/val/fake_val_00028.jpg,dd227e3854fc48742a132716a3ec04266fe7996872c0f68235788fe0723eedc9,,20260806_142915_eyebrow_roi_seed42_b775dfb93f,2026-08-06T14:35:34.947736+00:00,1920,1080,,,1,,,,,,
d3d3cd6c29e6ee1df145c8ac78791d25ad629d2c99f278ed6e37aefa2b364920,,29,0.0,fake,val,skipped,insufficient_space_below_eyebrows,/content/drive/MyDrive/AISC DeepFake Çalışmaları/Deneyler/Deney 1 Frame/Fake/val/fake_val_00029.jpg,Fake/val/fake_val_00029.jpg,/content/drive/MyDrive/AISC DeepFake Çalışmaları/Deneyler/Nazlıcan/Deney 1/Kaş/fake/val/fake_val_00029.jpg,fake/val/fake_val_00029.jpg,5d3d81081b1bbf42b240030d0dff7310d4d729eb38acb3cef18562b38e65f9f3,,20260806_142915_eyebrow_roi_seed42_b775dfb93f,2026-08-06T14:35:35.183536+00:00,1920,1080,,,1,,,,,,
a862fb002fad445d93a3eb91dc2e7fc78bf092e626ddd1cd800e32d85d8310ec,,34,0.0,fake,val,skipped,insufficient_space_below_eyebrows,/content/drive/MyDrive/AISC DeepFake Çalışmaları/Deneyler/Deney 1 Frame/Fake/val/fake_val_00034.jpg,Fake/val/fake_val_00034.jpg,/content/drive/MyDrive/AISC DeepFake Çalışmaları/Deneyler/Nazlıcan/Deney 1/Kaş/fake/val/fake_val_00034.jpg,fake/val/fake_val_00034.jpg,2fd391ff51fe3a888ab58546c0762e9a89bafa2df2f6f2fca8942466d146276d,,20260806_142915_eyebrow_roi_seed42_b775dfb93f,2026-08-06T14:35:36.656102+00:00,1280,720,,,1,,,,,,
9e52377f98fa305c0d28cec27f5c996f73917c417d0c8fd3ac86ef8585f2af7a,,41,0.0,fake,val,skipped,insufficient_space_below_eyebrows,/content/drive/MyDrive/AISC DeepFake Çalışmaları/Deneyler/Deney 1 Frame/Fake/val/fake_val_00041.jpg,Fake/val/fake_val_00041.jpg,/content/drive/MyDrive/AISC DeepFake Çalışmaları/Deneyler/Nazlıcan/Deney 1/Kaş/fake/val/fake_val_00041.jpg,fake/val/fake_val_00041.jpg,c24af5751a5bf88e87377809b0f3f37237e8bc9cb8bed05e88e870c9ff257d1b,,20260806_142915_eyebrow_roi_seed42_b775dfb93f,2026-08-06T14:35:38.628084+00:00,640,480,,,1,,,,,,
d55902d085acdd620c5443b49789eec6b2e3b60f1b626c293274b7b3ed8511b7,,44,,fake,val,skipped,multiple_faces_detected:2,/content/drive/MyDrive/AISC DeepFake Çalışmaları/Deneyler/Deney 1 Frame/Fake/val/fake_val_00044.jpg,Fake/val/fake_val_00044.jpg,/content/drive/MyDrive/AISC DeepFake Çalışmaları/Deneyler/Nazlıcan/Deney 1/Kaş/fake/val/fake_val_00044.jpg,fake/val/fake_val_00044.jpg,255d915f08b77a37bba77e5cead9e4c6f63eacb5a32a532c788bfea89e20bc69,,20260806_142915_eyebrow_roi_seed42_b775dfb93f,2026-08-06T14:35:39.456951+00:00,1920,1080,,,2,,,,,,
c716cb10d02be1f2d5a38cb207fa68d08959410a72e1338cdab955d0f8c07712,,48,,fake,val,skipped,multiple_faces_detected:2,/content/drive/MyDrive/AISC DeepFake Çalışmaları/Deneyler/Deney 1 Frame/Fake/val/fake_val_00048.jpg,Fake/val/fake_val_00048.jpg,/content/drive/MyDrive/AISC DeepFake Çalışmaları/Deneyler/Nazlıcan/Deney 1/Kaş/fake/val/fake_val_00048.jpg,fake/val/fake_val_00048.jpg,59e63f49270bccceaae61e0325fada7f2360f974bb771fff5e2fdfc4e53d67cc,,20260806_142915_eyebrow_roi_seed42_b775dfb93f,2026-08-06T14:35:40.663641+00:00,1920,1080,,,2,,,,,,
f8e0913bf83f801612024c0dc886e42de7fa4248a800ff014a25937bc476b5ab,,49,0.0,fake,val,skipped,insufficient_space_below_eyebrows,/content/drive/MyDrive/AISC DeepFake Çalışmaları/Deneyler/Deney 1 Frame/Fake/val/fake_val_00049.jpg,Fake/val/fake_val_00049.jpg,/content/drive/MyDrive/AISC DeepFake Çalışmaları/Deneyler/Nazlıcan/Deney 1/Kaş/fake/val/fake_val_00049.jpg,fake/val/fake_val_00049.jpg,7f510bc4444d20acc124d24f5f022790e518456c3a9c07a7ed7ac50870325f9d,,20260806_142915_eyebrow_roi_seed42_b775dfb93f,2026-08-06T14:35:40.928993+00:00,640,480,,,1,,,,,,
a9efb62f43187b49d8d7c0660a76021fd402ff2b133e98d0b35856238d5ac61e,,50,0.0,fake,val,skipped,insufficient_space_below_eyebrows,/content/drive/MyDrive/AISC DeepFake Çalışmaları/Deneyler/Deney 1 Frame/Fake/val/fake_val_00050.jpg,Fake/val/fake_val_00050.jpg,/content/drive/MyDrive/AISC DeepFake Çalışmaları/Deneyler/Nazlıcan/Deney 1/Kaş/fake/val/fake_val_00050.jpg,fake/val/fake_val_00050.jpg,95c54eb5751488acc4df88e961cc1efca54fc660688852dc6134fceaa2f90337,,20260806_142915_eyebrow_roi_seed42_b775dfb93f,2026-08-06T14:35:41.332156+00:00,640,480,,,1,,,,,,
34e29c046386d5b94b4740f40d84c7876d2a8928a9042961af43dc7a15202b29,,54,0.0,fake,val,skipped,insufficient_space_below_eyebrows,/content/drive/MyDrive/AISC DeepFake Çalışmaları/Deneyler/Deney 1 Frame/Fake/val/fake_val_00054.jpg,Fake/val/fake_val_00054.jpg,/content/drive/MyDrive/AISC DeepFake Çalışmaları/Deneyler/Nazlıcan/Deney 1/Kaş/fake/val/fake_val_00054.jpg,fake/val/fake_val_00054.jpg,0408db2a1ae6f117db7439ca0d7122d704de0dbabaffd939fa8b3cfed0d6188d,,20260806_142915_eyebrow_roi_seed42_b775dfb93f,2026-08-06T14:35:42.307192+00:00,1920,1080,,,1,,,,,,
1374da1f7430fb666044453ba59c35f504b3f600f6828c3820f0d54bc91bfe40,,56,,fake,val,skipped,face_not_found,/content/drive/MyDrive/AISC DeepFake Çalışmaları/Deneyler/Deney 1 Frame/Fake/val/fake_val_00056.jpg,Fake/val/fake_val_00056.jpg,/content/drive/MyDrive/AISC DeepFake Çalışmaları/Deneyler/Nazlıcan/Deney 1/Kaş/fake/val/fake_val_00056.jpg,fake/val/fake_val_00056.jpg,0799616a59e5f026fa3014d78d3672ed98d4e8d069946b9e06f79a7a71bd7927,,20260806_142915_eyebrow_roi_seed42_b775dfb93f,2026-08-06T14:35:42.851059+00:00,1280,720,,,0,,,,,,
c499272f14dfd2f7e21f99949a954765a164cd263e3fb8d579789e9c7c8a419a,,60,0.0,fake,val,skipped,insufficient_space_below_eyebrows,/content/drive/MyDrive/AISC DeepFake Çalışmaları/Deneyler/Deney 1 Frame/Fake/val/fake_val_00060.jpg,Fake/val/fake_val_00060.jpg,/content/drive/MyDrive/AISC DeepFake Çalışmaları/Deneyler/Nazlıcan/Deney 1/Kaş/fake/val/fake_val_00060.jpg,fake/val/fake_val_00060.jpg,def281119bc83c72d34cd9afda0ae9e1b626db50f0b9d14cbf4708781f54230f,,20260806_142915_eyebrow_roi_seed42_b775dfb93f,2026-08-06T14:35:44.129888+00:00,640,480,,,1,,,,,,
721e808e509bc4bd7bb54ef9b9fc188b272ba284b41e08cdb9a6d1cf8d8abe78,,63,0.0,fake,val,skipped,insufficient_space_below_eyebrows,/content/drive/MyDrive/AISC DeepFake Çalışmaları/Deneyler/Deney 1 Frame/Fake/val/fake_val_00063.jpg,Fake/val/fake_val_00063.jpg,/content/drive/MyDrive/AISC DeepFake Çalışmaları/Deneyler/Nazlıcan/Deney 1/Kaş/fake/val/fake_val_00063.jpg,fake/val/fake_val_00063.jpg,6e4f2fafe06e175bf15b96accaec23a86e54686c01fcb75444c7a5724dbc2415,,20260806_142915_eyebrow_roi_seed42_b775dfb93f,2026-08-06T14:35:45.068750+00:00,656,480,,,1,,,,,,
c9c2a43df689e30d37c05b9a5fed54822880d1b5eff1b1fa927261c0e9804d1f,,64,0.0,fake,val,skipped,insufficient_space_below_eyebrows,/content/drive/MyDrive/AISC DeepFake Çalışmaları/Deneyler/Deney 1 Frame/Fake/val/fake_val_00064.jpg,Fake/val/fake_val_00064.jpg,/content/drive/MyDrive/AISC DeepFake Çalışmaları/Deneyler/Nazlıcan/Deney 1/Kaş/fake/val/fake_val_00064.jpg,fake/val/fake_val_00064.jpg,cb4a5bc753d18cf7013b0aab994d14723ad39e543c94dbe2947409e316d22bf9,,20260806_142915_eyebrow_roi_seed42_b775dfb93f,2026-08-06T14:35:45.294832+00:00,600,480,,,1,,,,,,
660767253930ba38c1c66e0a6adfb5334af9c8e2c6dedad78c0e7e1f389fdb56,,65,,fake,val,skipped,face_not_found,/content/drive/MyDrive/AISC DeepFake Çalışmaları/Deneyler/Deney 1 Frame/Fake/val/fake_val_00065.jpg,Fake/val/fake_val_00065.jpg,/content/drive/MyDrive/AISC DeepFake Çalışmaları/Deneyler/Nazlıcan/Deney 1/Kaş/fake/val/fake_val_00065.jpg,fake/val/fake_val_00065.jpg,fb31211527c4c196c9a6fc26615ed8f6adff7f2a6f3f930b042e6c7fb30fdbec,,20260806_142915_eyebrow_roi_seed42_b775dfb93f,2026-08-06T14:35:45.598150+00:00,1920,1080,,,0,,,,,,
d44eef9de5f05d7d68c02672ae64cf7a9749a2dd86ec907144d9a3fe3cac5391,,67,0.0,fake,val,skipped,insufficient_space_below_eyebrows,/content/drive/MyDrive/AISC DeepFake Çalışmaları/Deneyler/Deney 1 Frame/Fake/val/fake_val_00067.jpg,Fake/val/fake_val_00067.jpg,/content/drive/MyDrive/AISC DeepFake Çalışmaları/Deneyler/Nazlıcan/Deney 1/Kaş/fake/val/fake_val_00067.jpg,fake/val/fake_val_00067.jpg,d28852b4a2a96d41e7ed09f966d1754cef95006c7fcb76a387cb279d3a957790,,20260806_142915_eyebrow_roi_seed42_b775dfb93f,2026-08-06T14:35:46.079252+00:00,1920,1080,,,1,,,,,,
13d523c2b50e86dfb39c8c2e0b148da4fc95e12dfb4aaa04c44ce84b4a1074e7,,69,0.0,fake,val,skipped,insufficient_space_below_eyebrows,/content/drive/MyDrive/AISC DeepFake Çalışmaları/Deneyler/Deney 1 Frame/Fake/val/fake_val_00069.jpg,Fake/val/fake_val_00069.jpg,/content/drive/MyDrive/AISC DeepFake Çalışmaları/Deneyler/Nazlıcan/Deney 1/Kaş/fake/val/fake_val_00069.jpg,fake/val/fake_val_00069.jpg,5b1282abc4a30ff5dfec60ed8503e26704359baa9bb53dd122c184fde73c737c,,20260806_142915_eyebrow_roi_seed42_b775dfb93f,2026-08-06T14:35:46.580425+00:00,1280,720,,,1,,,,,,
525b947ec25cc43e4125f0a45f37ca465598987c4eca2f773e3b5f463e94eefb,,71,0.0,fake,val,skipped,insufficient_space_below_eyebrows,/content/drive/MyDrive/AISC DeepFake Çalışmaları/Deneyler/Deney 1 Frame/Fake/val/fake_val_00071.jpg,Fake/val/fake_val_00071.jpg,/content/drive/MyDrive/AISC DeepFake Çalışmaları/Deneyler/Nazlıcan/Deney 1/Kaş/fake/val/fake_val_00071.jpg,fake/val/fake_val_00071.jpg,72d6d3cdaa548796c7d29827f5f1c911a2a4a6ee51d1645d3690ae8611b9b656,,20260806_142915_eyebrow_roi_seed42_b775dfb93f,2026-08-06T14:35:46.903798+00:00,1280,720,,,1,,,,,,
a208b45097211ff2b775deb4c0a621a865a39ee67f8e820a3da2d6e69d9c57d1,,72,,fake,val,skipped,face_not_found,/content/drive/MyDrive/AISC DeepFake Çalışmaları/Deneyler/Deney 1 Frame/Fake/val/fake_val_00072.jpg,Fake/val/fake_val_00072.jpg,/content/drive/MyDrive/AISC DeepFake Çalışmaları/Deneyler/Nazlıcan/Deney 1/Kaş/fake/val/fake_val_00072.jpg,fake/val/fake_val_00072.jpg,c808152d66dd1bd99e96654b2070bc0bc3348ab1a8dda69b6181521034ca6740,,20260806_142915_eyebrow_roi_seed42_b775dfb93f,2026-08-06T14:35:47.106024+00:00,1920,1080,,,0,,,,,,
59ad6914a0f049df7559602d1f872291df3f55cf485db840e6ea546cf604d90b,,73,0.0,fake,val,skipped,insufficient_space_below_eyebrows,/content/drive/MyDrive/AISC DeepFake Çalışmaları/Deneyler/Deney 1 Frame/Fake/val/fake_val_00073.jpg,Fake/val/fake_val_00073.jpg,/content/drive/MyDrive/AISC DeepFake Çalışmaları/Deneyler/Nazlıcan/Deney 1/Kaş/fake/val/fake_val_00073.jpg,fake/val/fake_val_00073.jpg,5c08d1e1752fe0e12385f72548f367cc3a21d6b6d0471075cd3972b285b6e342,,20260806_142915_eyebrow_roi_seed42_b775dfb93f,2026-08-06T14:35:47.300890+00:00,656,480,,,1,,,,,,
68c08a1326917ed3cdb3b090c711e25aca92eb517b5878e80c8009a0940029d9,,76,0.0,fake,val,skipped,insufficient_space_below_eyebrows,/content/drive/MyDrive/AISC DeepFake Çalışmaları/Deneyler/Deney 1 Frame/Fake/val/fake_val_00076.jpg,Fake/val/fake_val_00076.jpg,/content/drive/MyDrive/AISC DeepFake Çalışmaları/Deneyler/Nazlıcan/Deney 1/Kaş/fake/val/fake_val_00076.jpg,fake/val/fake_val_00076.jpg,1bd2e127d7622f551dbd458b00febc8fb67dfddb52394b4c8fd97719e2628463,,20260806_142915_eyebrow_roi_seed42_b775dfb93f,2026-08-06T14:35:48.176729+00:00,1280,720,,,1,,,,,,
b26b58e507733b8a9dc1f0e483fbd9cf558f83abe5f68c4d528011cf59433470,,78,,fake,val,skipped,face_not_found,/content/drive/MyDrive/AISC DeepFake Çalışmaları/Deneyler/Deney 1 Frame/Fake/val/fake_val_00078.jpg,Fake/val/fake_val_00078.jpg,/content/drive/MyDrive/AISC DeepFake Çalışmaları/Deneyler/Nazlıcan/Deney 1/Kaş/fake/val/fake_val_00078.jpg,fake/val/fake_val_00078.jpg,1131f30d1aa4e8df3e6e9562751cab0a95cc872cbaee8d3b94f1500097071122,,20260806_142915_eyebrow_roi_seed42_b775dfb93f,2026-08-06T14:35:48.668890+00:00,1920,1080,,,0,,,,,,
071503aa6856428a9db7afd6fb94a2cb8b7b9b88682c25ad314fb7908264419d,,82,,fake,val,skipped,face_not_found,/content/drive/MyDrive/AISC DeepFake Çalışmaları/Deneyler/Deney 1 Frame/Fake/val/fake_val_00082.jpg,Fake/val/fake_val_00082.jpg,/content/drive/MyDrive/AISC DeepFake Çalışmaları/Deneyler/Nazlıcan/Deney 1/Kaş/fake/val/fake_val_00082.jpg,fake/val/fake_val_00082.jpg,3566bc947664b45c83cad65f9cd280655617defc03ff1858ad159da0de08dd72,,20260806_142915_eyebrow_roi_seed42_b775dfb93f,2026-08-06T14:35:49.839913+00:00,1920,1080,,,0,,,,,,
7dc5262b708dbff7fc0b07211bf2b0b027ad17d4f132d97bed993c35c1d20db6,,86,,fake,val,skipped,face_not_found,/content/drive/MyDrive/AISC DeepFake Çalışmaları/Deneyler/Deney 1 Frame/Fake/val/fake_val_00086.jpg,Fake/val/fake_val_00086.jpg,/content/drive/MyDrive/AISC DeepFake Çalışmaları/Deneyler/Nazlıcan/Deney 1/Kaş/fake/val/fake_val_00086.jpg,fake/val/fake_val_00086.jpg,374c57b1658789ed8dcff2e12d53d8cf0a065603a7c2bdae501be4a92a71d7df,,20260806_142915_eyebrow_roi_seed42_b775dfb93f,2026-08-06T14:35:50.856730+00:00,1280,720,,,0,,,,,,
608574af75caf7721f45c529020f67c876d6db576e04d239ed77d8b22a1d2ef6,,87,0.0,fake,val,skipped,insufficient_space_below_eyebrows,/content/drive/MyDrive/AISC DeepFake Çalışmaları/Deneyler/Deney 1 Frame/Fake/val/fake_val_00087.jpg,Fake/val/fake_val_00087.jpg,/content/drive/MyDrive/AISC DeepFake Çalışmaları/Deneyler/Nazlıcan/Deney 1/Kaş/fake/val/fake_val_00087.jpg,fake/val/fake_val_00087.jpg,00571917b11deb0db3445da971f6acc9bb38492e34c76af303026792ee5c41f7,,20260806_142915_eyebrow_roi_seed42_b775dfb93f,2026-08-06T14:35:51.088356+00:00,1280,720,,,1,,,,,,
f3e9996ecd10732e051482fcb4ddafe97044bed628df7353de88954fb0377e04,,89,0.0,fake,val,skipped,insufficient_space_below_eyebrows,/content/drive/MyDrive/AISC DeepFake Çalışmaları/Deneyler/Deney 1 Frame/Fake/val/fake_val_00089.jpg,Fake/val/fake_val_00089.jpg,/content/drive/MyDrive/AISC DeepFake Çalışmaları/Deneyler/Nazlıcan/Deney 1/Kaş/fake/val/fake_val_00089.jpg,fake/val/fake_val_00089.jpg,37cdff2742a9b239bcf7adc78912b6f2808b5fbda982c82a37f4d8cfc533ea1c,,20260806_142915_eyebrow_roi_seed42_b775dfb93f,2026-08-06T14:35:51.706278+00:00,640,480,,,1,,,,,,
772073e0a1e0bb892124a89d4d33f1a4dfcc4d1346630ae18cfcb18d6b0d8f79,,96,0.0,fake,val,skipped,insufficient_space_below_eyebrows,/content/drive/MyDrive/AISC DeepFake Çalışmaları/Deneyler/Deney 1 Frame/Fake/val/fake_val_00096.jpg,Fake/val/fake_val_00096.jpg,/content/drive/MyDrive/AISC DeepFake Çalışmaları/Deneyler/Nazlıcan/Deney 1/Kaş/fake/val/fake_val_00096.jpg,fake/val/fake_val_00096.jpg,222d30256288f95ffe848e8c4d0af40d3a831d416d27846480150ad899a731bd,,20260806_142915_eyebrow_roi_seed42_b775dfb93f,2026-08-06T14:35:53.712077+00:00,1920,1080,,,1,,,,,,
e5b4a0f4474cccf60a3929374af68b8c1edb7e28da8436ca45674f7b2e98a575,,97,0.0,fake,val,skipped,insufficient_space_below_eyebrows,/content/drive/MyDrive/AISC DeepFake Çalışmaları/Deneyler/Deney 1 Frame/Fake/val/fake_val_00097.jpg,Fake/val/fake_val_00097.jpg,/content/drive/MyDrive/AISC DeepFake Çalışmaları/Deneyler/Nazlıcan/Deney 1/Kaş/fake/val/fake_val_00097.jpg,fake/val/fake_val_00097.jpg,26c7509cbd83fc41ddbee3051d28b6398e68d2cb4bf5a3289f1dec627b091ef6,,20260806_142915_eyebrow_roi_seed42_b775dfb93f,2026-08-06T14:35:54.003173+00:00,1920,1080,,,1,,,,,,
f52913a01aa9d4aeb8b3d15b430f5dd5c122eff45bdd27e0edf693fd0e18b460,,98,,fake,val,skipped,face_not_found,/content/drive/MyDrive/AISC DeepFake Çalışmaları/Deneyler/Deney 1 Frame/Fake/val/fake_val_00098.jpg,Fake/val/fake_val_00098.jpg,/content/drive/MyDrive/AISC DeepFake Çalışmaları/Deneyler/Nazlıcan/Deney 1/Kaş/fake/val/fake_val_00098.jpg,fake/val/fake_val_00098.jpg,1c7c12585d7eb0757580425f5b06a5c19ba6cd86468f145eb5d12812844fe9de,,20260806_142915_eyebrow_roi_seed42_b775dfb93f,2026-08-06T14:35:54.301470+00:00,640,480,,,0,,,,,,
4dab108c78a37c7a326f54fbde005dc73f33652f636967c6f4d603ebc475dd69,,99,0.0,fake,val,skipped,insufficient_space_below_eyebrows,/content/drive/MyDrive/AISC DeepFake Çalışmaları/Deneyler/Deney 1 Frame/Fake/val/fake_val_00099.jpg,Fake/val/fake_val_00099.jpg,/content/drive/MyDrive/AISC DeepFake Çalışmaları/Deneyler/Nazlıcan/Deney 1/Kaş/fake/val/fake_val_00099.jpg,fake/val/fake_val_00099.jpg,e0d204cc22c3992605c288eccbfecd40d830dce204b71e5a2e46683c2e549f53,,20260806_142915_eyebrow_roi_seed42_b775dfb93f,2026-08-06T14:35:54.527550+00:00,640,480,,,1,,,,,,
b8fb14e1c357cb6decc7f7f3bbfc57b95004a88ee32d8cc9635fc1a585f3d71e,,102,,fake,val,skipped,face_not_found,/content/drive/MyDrive/AISC DeepFake Çalışmaları/Deneyler/Deney 1 Frame/Fake/val/fake_val_00102.jpg,Fake/val/fake_val_00102.jpg,/content/drive/MyDrive/AISC DeepFake Çalışmaları/Deneyler/Nazlıcan/Deney 1/Kaş/fake/val/fake_val_00102.jpg,fake/val/fake_val_00102.jpg,9ed3bb0a70a43005706dddedabd5ad4d11ef747267493f9bbcf1d1b5a15afbdb,,20260806_142915_eyebrow_roi_seed42_b775dfb93f,2026-08-06T14:35:55.436304+00:00,1920,1080,,,0,,,,,,
0bb8485086511ca6640692fe091f49b528f829340840fa99ab43bd95953a79a7,,113,0.0,fake,val,skipped,insufficient_space_below_eyebrows,/content/drive/MyDrive/AISC DeepFake Çalışmaları/Deneyler/Deney 1 Frame/Fake/val/fake_val_00113.jpg,Fake/val/fake_val_00113.jpg,/content/drive/MyDrive/AISC DeepFake Çalışmaları/Deneyler/Nazlıcan/Deney 1/Kaş/fake/val/fake_val_00113.jpg,fake/val/fake_val_00113.jpg,6b184f88003d724269b09b15ae793a28ac6ec60e6f0cf30083a763a3c9f2e8cf,,20260806_142915_eyebrow_roi_seed42_b775dfb93f,2026-08-06T14:35:58.397213+00:00,1280,720,,,1,,,,,,
3e836c5519026babd0b17c579f5404c18dfa6292b0571407486d68bcce67282a,,115,0.0,fake,val,skipped,insufficient_space_below_eyebrows,/content/drive/MyDrive/AISC DeepFake Çalışmaları/Deneyler/Deney 1 Frame/Fake/val/fake_val_00115.jpg,Fake/val/fake_val_00115.jpg,/content/drive/MyDrive/AISC DeepFake Çalışmaları/Deneyler/Nazlıcan/Deney 1/Kaş/fake/val/fake_val_00115.jpg,fake/val/fake_val_00115.jpg,185601f6c17172ba35678fabf302f9dc618fb4e978485ee8ea455c01f0943f34,,20260806_142915_eyebrow_roi_seed42_b775dfb93f,2026-08-06T14:35:59.026707+00:00,1280,720,,,1,,,,,,
186ad8f4ba2221b40d4bd7fed6decbb8d026d531c618b62a5b1c2c6a1dffc9bf,,117,0.0,fake,val,skipped,insufficient_space_below_eyebrows,/content/drive/MyDrive/AISC DeepFake Çalışmaları/Deneyler/Deney 1 Frame/Fake/val/fake_val_00117.jpg,Fake/val/fake_val_00117.jpg,/content/drive/MyDrive/AISC DeepFake Çalışmaları/Deneyler/Nazlıcan/Deney 1/Kaş/fake/val/fake_val_00117.jpg,fake/val/fake_val_00117.jpg,c2ef06de008046455def2d70910a729351efaebb026f0e0b70b5f70179eaffc8,,20260806_142915_eyebrow_roi_seed42_b775dfb93f,2026-08-06T14:35:59.540849+00:00,1280,720,,,1,,,,,,
432f67472d774baba814a1d1e6f1d9978cb3b0689ccf00a3a908a82160077c8a,,120,,fake,val,skipped,face_not_found,/content/drive/MyDrive/AISC DeepFake Çalışmaları/Deneyler/Deney 1 Frame/Fake/val/fake_val_00120.jpg,Fake/val/fake_val_00120.jpg,/content/drive/MyDrive/AISC DeepFake Çalışmaları/Deneyler/Nazlıcan/Deney 1/Kaş/fake/val/fake_val_00120.jpg,fake/val/fake_val_00120.jpg,40050e4d30978356f7de599c50fb66b1b74a713056b8e840aa968b83ee388ddc,,20260806_142915_eyebrow_roi_seed42_b775dfb93f,2026-08-06T14:36:00.913426+00:00,1920,1080,,,0,,,,,,
3340f7e22a86c1d2d6de3d2ec2e17b09ced073a9470848cbfdd11a6506f3f283,,127,0.0,fake,val,skipped,insufficient_space_below_eyebrows,/content/drive/MyDrive/AISC DeepFake Çalışmaları/Deneyler/Deney 1 Frame/Fake/val/fake_val_00127.jpg,Fake/val/fake_val_00127.jpg,/content/drive/MyDrive/AISC DeepFake Çalışmaları/Deneyler/Nazlıcan/Deney 1/Kaş/fake/val/fake_val_00127.jpg,fake/val/fake_val_00127.jpg,2bbac84d7b5825316c0c390b90aa9669116c79fdb299fe8e714d5dff282b8244,,20260806_142915_eyebrow_roi_seed42_b775dfb93f,2026-08-06T14:36:02.695123+00:00,1280,720,,,1,,,,,,
2192f5366a08c82a7de7400495b59bfa519d428fe6ff5dd79d659a100dcdfda1,,130,0.0,fake,val,skipped,insufficient_space_below_eyebrows,/content/drive/MyDrive/AISC DeepFake Çalışmaları/Deneyler/Deney 1 Frame/Fake/val/fake_val_00130.jpg,Fake/val/fake_val_00130.jpg,/content/drive/MyDrive/AISC DeepFake Çalışmaları/Deneyler/Nazlıcan/Deney 1/Kaş/fake/val/fake_val_00130.jpg,fake/val/fake_val_00130.jpg,c4c10d69ca6ebde4254c3e6ec7ab537aeb8634cf5899c8431d6b12bbcc51136d,,20260806_142915_eyebrow_roi_seed42_b775dfb93f,2026-08-06T14:36:03.531525+00:00,1280,720,,,1,,,,,,
f5c78b4b2c0a9ffa7089774f06d71c16138428c6e42754f94932dec8155700cb,,136,0.0,fake,val,skipped,insufficient_space_below_eyebrows,/content/drive/MyDrive/AISC DeepFake Çalışmaları/Deneyler/Deney 1 Frame/Fake/val/fake_val_00136.jpg,Fake/val/fake_val_00136.jpg,/content/drive/MyDrive/AISC DeepFake Çalışmaları/Deneyler/Nazlıcan/Deney 1/Kaş/fake/val/fake_val_00136.jpg,fake/val/fake_val_00136.jpg,72d2af1925c7234692ff9825381fceae15ead50be74390838100d2d963969c48,,20260806_142915_eyebrow_roi_seed42_b775dfb93f,2026-08-06T14:36:05.380422+00:00,640,480,,,1,,,,,,
10092829781a8edf659661673174f2d091ac44a782bc5e03473f6ef3f9d71234,,140,0.0,fake,val,skipped,insufficient_space_below_eyebrows,/content/drive/MyDrive/AISC DeepFake Çalışmaları/Deneyler/Deney 1 Frame/Fake/val/fake_val_00140.jpg,Fake/val/fake_val_00140.jpg,/content/drive/MyDrive/AISC DeepFake Çalışmaları/Deneyler/Nazlıcan/Deney 1/Kaş/fake/val/fake_val_00140.jpg,fake/val/fake_val_00140.jpg,e6438b1ffcf74b6adbb7979217e6e021aad1dd8a4d4fcafc1f66c757bdfa2727,,20260806_142915_eyebrow_roi_seed42_b775dfb93f,2026-08-06T14:36:06.550952+00:00,640,480,,,1,,,,,,
119a9cc5c4b2c50c8ab002a12801158c203dcccb39a5b91056cd851bd8f73df5,,143,0.0,fake,val,skipped,insufficient_space_below_eyebrows,/content/drive/MyDrive/AISC DeepFake Çalışmaları/Deneyler/Deney 1 Frame/Fake/val/fake_val_00143.jpg,Fake/val/fake_val_00143.jpg,/content/drive/MyDrive/AISC DeepFake Çalışmaları/Deneyler/Nazlıcan/Deney 1/Kaş/fake/val/fake_val_00143.jpg,fake/val/fake_val_00143.jpg,870a8e689a7a2d8dae9b8a3868773c7240374761ede16e1a03dd8772544c3653,,20260806_142915_eyebrow_roi_seed42_b775dfb93f,2026-08-06T14:36:07.471069+00:00,1920,1080,,,1,,,,,,
5c9c197a9e3b61051dfa95d1b921c92d0b8d49e2f17685140876f450953dc037,,149,,fake,val,skipped,face_not_found,/content/drive/MyDrive/AISC DeepFake Çalışmaları/Deneyler/Deney 1 Frame/Fake/val/fake_val_00149.jpg,Fake/val/fake_val_00149.jpg,/content/drive/MyDrive/AISC DeepFake Çalışmaları/Deneyler/Nazlıcan/Deney 1/Kaş/fake/val/fake_val_00149.jpg,fake/val/fake_val_00149.jpg,a21d4c55af7c82c2b93ffcf1638122393cf08fdfbc8a4f18005c515168c87fa8,,20260806_142915_eyebrow_roi_seed42_b775dfb93f,2026-08-06T14:36:09.771441+00:00,1920,1080,,,0,,,,,,
5a02418fa1e13e894f5940f638ca1677b02738f3a4b4dcc2716d94a78e0ebbb5,,0,0.0,real,test,skipped,insufficient_space_below_eyebrows,/content/drive/MyDrive/AISC DeepFake Çalışmaları/Deneyler/Deney 1 Frame/Real/test/real_test_00000.jpg,Real/test/real_test_00000.jpg,/content/drive/MyDrive/AISC DeepFake Çalışmaları/Deneyler/Nazlıcan/Deney 1/Kaş/real/test/real_test_00000.jpg,real/test/real_test_00000.jpg,3865ab3ac0482cba15ca8e52fa897a6c0b48d166bba24c7d09ce0e5eb4b1c4b9,,20260806_142915_eyebrow_roi_seed42_b775dfb93f,2026-08-06T14:36:10.277990+00:00,1920,1080,,,1,,,,,,
33d06ccc7a9e6a1c4da13c82534067c2bf949141d024ee65cd52a80fe5c06aa7,,1,0.0,real,test,skipped,insufficient_space_below_eyebrows,/content/drive/MyDrive/AISC DeepFake Çalışmaları/Deneyler/Deney 1 Frame/Real/test/real_test_00001.jpg,Real/test/real_test_00001.jpg,/content/drive/MyDrive/AISC DeepFake Çalışmaları/Deneyler/Nazlıcan/Deney 1/Kaş/real/test/real_test_00001.jpg,real/test/real_test_00001.jpg,5c9c353bd0f5eb890472e776e5aa8c93fa0f864801b225baa1b0f0d4b969ad36,,20260806_142915_eyebrow_roi_seed42_b775dfb93f,2026-08-06T14:36:10.659768+00:00,1280,720,,,1,,,,,,
2e1a024af4158988249b0b44c77bf08ef99115826997f84213d2e3e34e1e1820,,7,0.0,real,test,skipped,insufficient_space_below_eyebrows,/content/drive/MyDrive/AISC DeepFake Çalışmaları/Deneyler/Deney 1 Frame/Real/test/real_test_00007.jpg,Real/test/real_test_00007.jpg,/content/drive/MyDrive/AISC DeepFake Çalışmaları/Deneyler/Nazlıcan/Deney 1/Kaş/real/test/real_test_00007.jpg,real/test/real_test_00007.jpg,27f162d1aa2f37c39edd2e3d75db7cd82eb94927fd1ae0dd2b0e3ad48e02abde,,20260806_142915_eyebrow_roi_seed42_b775dfb93f,2026-08-06T14:36:12.995027+00:00,720,480,,,1,,,,,,
2366b7701641613f2616d0ce6f029fe3b4cab3f664bc521b5d708e0723dd598e,,12,,real,test,skipped,face_not_found,/content/drive/MyDrive/AISC DeepFake Çalışmaları/Deneyler/Deney 1 Frame/Real/test/real_test_00012.jpg,Real/test/real_test_00012.jpg,/content/drive/MyDrive/AISC DeepFake Çalışmaları/Deneyler/Nazlıcan/Deney 1/Kaş/real/test/real_test_00012.jpg,real/test/real_test_00012.jpg,2404c754a6c854471bad84be641f71113995b560c78a769342276bfba1084a4f,,20260806_142915_eyebrow_roi_seed42_b775dfb93f,2026-08-06T14:36:14.986376+00:00,1280,720,,,0,,,,,,
ecf6e57c2a6c7f54668baaf476df2a0b57c6944845cd8112b2e5249c3365c5bd,,17,,real,test,skipped,face_not_found,/content/drive/MyDrive/AISC DeepFake Çalışmaları/Deneyler/Deney 1 Frame/Real/test/real_test_00017.jpg,Real/test/real_test_00017.jpg,/content/drive/MyDrive/AISC DeepFake Çalışmaları/Deneyler/Nazlıcan/Deney 1/Kaş/real/test/real_test_00017.jpg,real/test/real_test_00017.jpg,b8700c7db4adf157fca0e0b8c3dbca71b6041f0a7eb43ca2308898942b3463f3,,20260806_142915_eyebrow_roi_seed42_b775dfb93f,2026-08-06T14:36:16.735033+00:00,1280,720,,,0,,,,,,
f730ec19deedc3fefd9f228fb68f94b39e787687c64357aba4b921728ee1cb37,,21,0.0,real,test,skipped,insufficient_space_below_eyebrows,/content/drive/MyDrive/AISC DeepFake Çalışmaları/Deneyler/Deney 1 Frame/Real/test/real_test_00021.jpg,Real/test/real_test_00021.jpg,/content/drive/MyDrive/AISC DeepFake Çalışmaları/Deneyler/Nazlıcan/Deney 1/Kaş/real/test/real_test_00021.jpg,real/test/real_test_00021.jpg,dfc36fcb5ce11f25654276a9525ee6d7b80d27e18a0403490424def5e5e718b6,,20260806_142915_eyebrow_roi_seed42_b775dfb93f,2026-08-06T14:36:17.897904+00:00,720,480,,,1,,,,,,
2c586e3815785d05774193e7b9752e82b49bc79782f61d7a209c9927eaa932f2,,22,0.0,real,test,skipped,insufficient_space_below_eyebrows,/content/drive/MyDrive/AISC DeepFake Çalışmaları/Deneyler/Deney 1 Frame/Real/test/real_test_00022.jpg,Real/test/real_test_00022.jpg,/content/drive/MyDrive/AISC DeepFake Çalışmaları/Deneyler/Nazlıcan/Deney 1/Kaş/real/test/real_test_00022.jpg,real/test/real_test_00022.jpg,857238863cd06450b0ed8b9e339a17e6d7eccc4b9e54b31ca12820d8d574869d,,20260806_142915_eyebrow_roi_seed42_b775dfb93f,2026-08-06T14:36:18.332604+00:00,642,480,,,1,,,,,,
07167446bdaa8792e7df2526d284ff243e5ebf2bf314523433535fea68d7dfd8,,23,0.0,real,test,skipped,insufficient_space_below_eyebrows,/content/drive/MyDrive/AISC DeepFake Çalışmaları/Deneyler/Deney 1 Frame/Real/test/real_test_00023.jpg,Real/test/real_test_00023.jpg,/content/drive/MyDrive/AISC DeepFake Çalışmaları/Deneyler/Nazlıcan/Deney 1/Kaş/real/test/real_test_00023.jpg,real/test/real_test_00023.jpg,0707c82f42426996c5717025e47e5d1735e79e11fa6482e2e4b0e7f961e2d42c,,20260806_142915_eyebrow_roi_seed42_b775dfb93f,2026-08-06T14:36:18.663161+00:00,1280,720,,,1,,,,,,
753b7ceb464dd3352beebeeff99729cd5da9b60c1bdac74bd4f985cecd815501,,24,0.0,real,test,skipped,insufficient_space_below_eyebrows,/content/drive/MyDrive/AISC DeepFake Çalışmaları/Deneyler/Deney 1 Frame/Real/test/real_test_00024.jpg,Real/test/real_test_00024.jpg,/content/drive/MyDrive/AISC DeepFake Çalışmaları/Deneyler/Nazlıcan/Deney 1/Kaş/real/test/real_test_00024.jpg,real/test/real_test_00024.jpg,2f1338d8a6d5a2d9e88c0b61f3dcbd404a4c80ac6a6edd89d260d7262e8fbfd8,,20260806_142915_eyebrow_roi_seed42_b775dfb93f,2026-08-06T14:36:18.985286+00:00,600,480,,,1,,,,,,
4b1484f2ae612637ad42eecf402309a14a487e77687a247ff2203a02061540db,,26,0.0,real,test,skipped,insufficient_space_below_eyebrows,/content/drive/MyDrive/AISC DeepFake Çalışmaları/Deneyler/Deney 1 Frame/Real/test/real_test_00026.jpg,Real/test/real_test_00026.jpg,/content/drive/MyDrive/AISC DeepFake Çalışmaları/Deneyler/Nazlıcan/Deney 1/Kaş/real/test/real_test_00026.jpg,real/test/real_test_00026.jpg,16afa2dcaa872ddbcf655b5f7afce216c210de61aa746d56ab4f01daecbeffa9,,20260806_142915_eyebrow_roi_seed42_b775dfb93f,2026-08-06T14:36:20.495268+00:00,1280,720,,,1,,,,,,
33fb3c8892386a52b993b7c7f65a2bdbe200d0eeca6f6bdb46eb61edff0bd365,,28,0.0,real,test,skipped,insufficient_space_below_eyebrows,/content/drive/MyDrive/AISC DeepFake Çalışmaları/Deneyler/Deney 1 Frame/Real/test/real_test_00028.jpg,Real/test/real_test_00028.jpg,/content/drive/MyDrive/AISC DeepFake Çalışmaları/Deneyler/Nazlıcan/Deney 1/Kaş/real/test/real_test_00028.jpg,real/test/real_test_00028.jpg,bb7a91e37545784db611cee227edab2dfe5223cdf1b94f93daa92c69517fb265,,20260806_142915_eyebrow_roi_seed42_b775dfb93f,2026-08-06T14:36:21.174588+00:00,1280,720,,,1,,,,,,
d4042d8ec9c7fb2ce7465deb5ea1f080ff7fd32c92800698c964c27250042485,,30,0.0,real,test,skipped,insufficient_space_below_eyebrows,/content/drive/MyDrive/AISC DeepFake Çalışmaları/Deneyler/Deney 1 Frame/Real/test/real_test_00030.jpg,Real/test/real_test_00030.jpg,/content/drive/MyDrive/AISC DeepFake Çalışmaları/Deneyler/Nazlıcan/Deney 1/Kaş/real/test/real_test_00030.jpg,real/test/real_test_00030.jpg,ffec9f063bb82826580b4a4748673748d2a1da5f65b0f2866709c34f54456adb,,20260806_142915_eyebrow_roi_seed42_b775dfb93f,2026-08-06T14:36:21.723027+00:00,640,480,,,1,,,,,,
8de566c6723784a8f3ef5329cd8e91ca8c6eb5be9f91e7ca2ce21067e65e3905,,35,0.0,real,test,skipped,insufficient_space_below_eyebrows,/content/drive/MyDrive/AISC DeepFake Çalışmaları/Deneyler/Deney 1 Frame/Real/test/real_test_00035.jpg,Real/test/real_test_00035.jpg,/content/drive/MyDrive/AISC DeepFake Çalışmaları/Deneyler/Nazlıcan/Deney 1/Kaş/real/test/real_test_00035.jpg,real/test/real_test_00035.jpg,2a1a942f49a72c27fe63c1d006bfbe33710214f2e9b6cc0576084c3ac159aad8,,20260806_142915_eyebrow_roi_seed42_b775dfb93f,2026-08-06T14:36:23.602735+00:00,1280,720,,,1,,,,,,
f65c2468f2eac69339b89741b91a48d97a04ccd9b532ef6b21fe729adcc073c5,,37,0.0,real,test,skipped,insufficient_space_below_eyebrows,/content/drive/MyDrive/AISC DeepFake Çalışmaları/Deneyler/Deney 1 Frame/Real/test/real_test_00037.jpg,Real/test/real_test_00037.jpg,/content/drive/MyDrive/AISC DeepFake Çalışmaları/Deneyler/Nazlıcan/Deney 1/Kaş/real/test/real_test_00037.jpg,real/test/real_test_00037.jpg,1135aaf505a145751d8bbd6257ba7b96ce57491dbc7dca50e4e3f3bc34cb2d92,,20260806_142915_eyebrow_roi_seed42_b775dfb93f,2026-08-06T14:36:24.249516+00:00,1280,720,,,1,,,,,,
c929632f2d0dca9161e7ff2d1f344949f252fa3ef2570e9325a662cc879e7e5b,,41,0.0,real,test,skipped,insufficient_space_below_eyebrows,/content/drive/MyDrive/AISC DeepFake Çalışmaları/Deneyler/Deney 1 Frame/Real/test/real_test_00041.jpg,Real/test/real_test_00041.jpg,/content/drive/MyDrive/AISC DeepFake Çalışmaları/Deneyler/Nazlıcan/Deney 1/Kaş/real/test/real_test_00041.jpg,real/test/real_test_00041.jpg,21417215040acbc2d42aeb5a8cf0410842a064bc5f788dd4f9d5dc0f10679692,,20260806_142915_eyebrow_roi_seed42_b775dfb93f,2026-08-06T14:36:25.658291+00:00,640,480,,,1,,,,,,
dcc0b925734ca0a808d8e2e14aef2632ea381f82b280f7d39d33355dcfa5a896,,42,,real,test,skipped,face_not_found,/content/drive/MyDrive/AISC DeepFake Çalışmaları/Deneyler/Deney 1 Frame/Real/test/real_test_00042.jpg,Real/test/real_test_00042.jpg,/content/drive/MyDrive/AISC DeepFake Çalışmaları/Deneyler/Nazlıcan/Deney 1/Kaş/real/test/real_test_00042.jpg,real/test/real_test_00042.jpg,43053ad895f22bb421eb124fd3578376ea7894e9f7d3b81ee3655b6075431485,,20260806_142915_eyebrow_roi_seed42_b775dfb93f,2026-08-06T14:36:25.878240+00:00,1280,720,,,0,,,,,,
238ad1758522cfdc877e2f0651bc19ff5830f82824b8292c9caababd2bd9c8de,,43,,real,test,skipped,face_not_found,/content/drive/MyDrive/AISC DeepFake Çalışmaları/Deneyler/Deney 1 Frame/Real/test/real_test_00043.jpg,Real/test/real_test_00043.jpg,/content/drive/MyDrive/AISC DeepFake Çalışmaları/Deneyler/Nazlıcan/Deney 1/Kaş/real/test/real_test_00043.jpg,real/test/real_test_00043.jpg,9b755574b825f25ebfde57efa6357f39b275b494013b108c8f8fafd0323f563a,,20260806_142915_eyebrow_roi_seed42_b775dfb93f,2026-08-06T14:36:26.194223+00:00,1280,720,,,0,,,,,,
9b307c32e3f110f28a92734cd2e48402d078ecb4a73af59d11a8bb66fb18ee98,,45,0.0,real,test,skipped,insufficient_space_below_eyebrows,/content/drive/MyDrive/AISC DeepFake Çalışmaları/Deneyler/Deney 1 Frame/Real/test/real_test_00045.jpg,Real/test/real_test_00045.jpg,/content/drive/MyDrive/AISC DeepFake Çalışmaları/Deneyler/Nazlıcan/Deney 1/Kaş/real/test/real_test_00045.jpg,real/test/real_test_00045.jpg,9d9afe755f64a114f46f546005da594a70c196b4ce2b13c33ce46de264ad14b4,,20260806_142915_eyebrow_roi_seed42_b775dfb93f,2026-08-06T14:36:26.926264+00:00,600,480,,,1,,,,,,
c7492f35c985d27688ca00eb97bd05d80587aba3d118a7392ed6295442a1b07d,,47,0.0,real,test,skipped,insufficient_space_below_eyebrows,/content/drive/MyDrive/AISC DeepFake Çalışmaları/Deneyler/Deney 1 Frame/Real/test/real_test_00047.jpg,Real/test/real_test_00047.jpg,/content/drive/MyDrive/AISC DeepFake Çalışmaları/Deneyler/Nazlıcan/Deney 1/Kaş/real/test/real_test_00047.jpg,real/test/real_test_00047.jpg,4fa9684995b565e9a3741ef06c9ad1c6e69b91b3da04635754c221d68846deea,,20260806_142915_eyebrow_roi_seed42_b775dfb93f,2026-08-06T14:36:27.991221+00:00,656,480,,,1,,,,,,
c21ed862cba8cede29f0e121f2536245b2698fc6620f491f64ed257b013ba765,,50,0.0,real,test,skipped,insufficient_space_below_eyebrows,/content/drive/MyDrive/AISC DeepFake Çalışmaları/Deneyler/Deney 1 Frame/Real/test/real_test_00050.jpg,Real/test/real_test_00050.jpg,/content/drive/MyDrive/AISC DeepFake Çalışmaları/Deneyler/Nazlıcan/Deney 1/Kaş/real/test/real_test_00050.jpg,real/test/real_test_00050.jpg,67bbb93b9932ca2b3ab4264d086f65de0a3b5ab73537ee13bc43288ffa4d90b8,,20260806_142915_eyebrow_roi_seed42_b775dfb93f,2026-08-06T14:36:29.332331+00:00,640,480,,,1,,,,,,
30e2c5592d4dfe82b677c13ee929bde938a05f367916c24a0d150304b42cc403,,51,0.0,real,test,skipped,insufficient_space_below_eyebrows,/content/drive/MyDrive/AISC DeepFake Çalışmaları/Deneyler/Deney 1 Frame/Real/test/real_test_00051.jpg,Real/test/real_test_00051.jpg,/content/drive/MyDrive/AISC DeepFake Çalışmaları/Deneyler/Nazlıcan/Deney 1/Kaş/real/test/real_test_00051.jpg,real/test/real_test_00051.jpg,9413ace4a4b40057ab993ea7a563433d7c487d673deebc2bd847d682a4a79233,,20260806_142915_eyebrow_roi_seed42_b775dfb93f,2026-08-06T14:36:29.548443+00:00,1280,720,,,1,,,,,,
0a3b2123e48a55c2d76c54b82034fb3324558bbb4c387560a461f9878ff70c8d,,58,0.0,real,test,skipped,insufficient_space_below_eyebrows,/content/drive/MyDrive/AISC DeepFake Çalışmaları/Deneyler/Deney 1 Frame/Real/test/real_test_00058.jpg,Real/test/real_test_00058.jpg,/content/drive/MyDrive/AISC DeepFake Çalışmaları/Deneyler/Nazlıcan/Deney 1/Kaş/real/test/real_test_00058.jpg,real/test/real_test_00058.jpg,fa247a826a386366f48ee8a94b7ee6ab972691dd1981c4689e0491dc5ad705d1,,20260806_142915_eyebrow_roi_seed42_b775dfb93f,2026-08-06T14:36:31.921768+00:00,600,480,,,1,,,,,,
01b8612a0828de03c1cf953fef5dc00e822b4d8ee17793533176689d91ace405,,62,0.0,real,test,skipped,insufficient_space_below_eyebrows,/content/drive/MyDrive/AISC DeepFake Çalışmaları/Deneyler/Deney 1 Frame/Real/test/real_test_00062.jpg,Real/test/real_test_00062.jpg,/content/drive/MyDrive/AISC DeepFake Çalışmaları/Deneyler/Nazlıcan/Deney 1/Kaş/real/test/real_test_00062.jpg,real/test/real_test_00062.jpg,defc5c3e6650d4e3165c1e5bea1fb09983713be9f247dca396935a577ac12711,,20260806_142915_eyebrow_roi_seed42_b775dfb93f,2026-08-06T14:36:33.092387+00:00,1280,720,,,1,,,,,,
434bceb6a003a6873060f9334e4ed348e25efedb934848bcd3b60c6ea2b62aff,,63,0.0,real,test,skipped,insufficient_space_below_eyebrows,/content/drive/MyDrive/AISC DeepFake Çalışmaları/Deneyler/Deney 1 Frame/Real/test/real_test_00063.jpg,Real/test/real_test_00063.jpg,/content/drive/MyDrive/AISC DeepFake Çalışmaları/Deneyler/Nazlıcan/Deney 1/Kaş/real/test/real_test_00063.jpg,real/test/real_test_00063.jpg,4016ebffa403fc2958ed08ebfec3ad23711f8fce1e926707c41d0215966a2a99,,20260806_142915_eyebrow_roi_seed42_b775dfb93f,2026-08-06T14:36:33.337174+00:00,640,480,,,1,,,,,,
b4947579a52176e8c1a86741aa66df19f263641d5fb7b64137096310e3faabf9,,65,0.0,real,test,skipped,insufficient_space_below_eyebrows,/content/drive/MyDrive/AISC DeepFake Çalışmaları/Deneyler/Deney 1 Frame/Real/test/real_test_00065.jpg,Real/test/real_test_00065.jpg,/content/drive/MyDrive/AISC DeepFake Çalışmaları/Deneyler/Nazlıcan/Deney 1/Kaş/real/test/real_test_00065.jpg,real/test/real_test_00065.jpg,aab1585ee1525c35a43c1d9e017b42a1cd027f2a0e6d9292ce1217557f5d2b64,,20260806_142915_eyebrow_roi_seed42_b775dfb93f,2026-08-06T14:36:33.860475+00:00,1280,720,,,1,,,,,,
ba20185d326fe6c930101aae4dbbfa90c9dbdbe62f387f652d69b361900eadb4,,66,0.0,real,test,skipped,insufficient_space_below_eyebrows,/content/drive/MyDrive/AISC DeepFake Çalışmaları/Deneyler/Deney 1 Frame/Real/test/real_test_00066.jpg,Real/test/real_test_00066.jpg,/content/drive/MyDrive/AISC DeepFake Çalışmaları/Deneyler/Nazlıcan/Deney 1/Kaş/real/test/real_test_00066.jpg,real/test/real_test_00066.jpg,8c1b1aac3f398a99426e1aa7395e6d36c32fef8b0d90b37856d5249cf5b2b49a,,20260806_142915_eyebrow_roi_seed42_b775dfb93f,2026-08-06T14:36:34.267339+00:00,1280,720,,,1,,,,,,
60d8248f3ad2f6aac104b457c43f92cbd3efa8e5fdafe97fc325a7ce3ada6c6d,,67,0.0,real,test,skipped,insufficient_space_below_eyebrows,/content/drive/MyDrive/AISC DeepFake Çalışmaları/Deneyler/Deney 1 Frame/Real/test/real_test_00067.jpg,Real/test/real_test_00067.jpg,/content/drive/MyDrive/AISC DeepFake Çalışmaları/Deneyler/Nazlıcan/Deney 1/Kaş/real/test/real_test_00067.jpg,real/test/real_test_00067.jpg,1d3506844b543df2e80c8b3777ed55b0576ecd407979b84eb51b721f72ce9e27,,20260806_142915_eyebrow_roi_seed42_b775dfb93f,2026-08-06T14:36:35.936147+00:00,854,480,,,1,,,,,,
49a08db5e80268d620da3a3f2e8a3076831fecc0958dd3b580116c8fe7db8c8a,,68,,real,test,skipped,multiple_faces_detected:2,/content/drive/MyDrive/AISC DeepFake Çalışmaları/Deneyler/Deney 1 Frame/Real/test/real_test_00068.jpg,Real/test/real_test_00068.jpg,/content/drive/MyDrive/AISC DeepFake Çalışmaları/Deneyler/Nazlıcan/Deney 1/Kaş/real/test/real_test_00068.jpg,real/test/real_test_00068.jpg,a93600cc359265e6b3856373611cdd7e6122a35a1c57666d3b9d8f4a61396fcf,,20260806_142915_eyebrow_roi_seed42_b775dfb93f,2026-08-06T14:36:36.367099+00:00,1280,720,,,2,,,,,,
a97a454c5fdc3716a2f118299bd07f5ae3fa9178cd443c889873f104f99574a9,,74,0.0,real,test,skipped,insufficient_space_below_eyebrows,/content/drive/MyDrive/AISC DeepFake Çalışmaları/Deneyler/Deney 1 Frame/Real/test/real_test_00074.jpg,Real/test/real_test_00074.jpg,/content/drive/MyDrive/AISC DeepFake Çalışmaları/Deneyler/Nazlıcan/Deney 1/Kaş/real/test/real_test_00074.jpg,real/test/real_test_00074.jpg,39fd743e1c2581077746d676fb4606d294b82fd8f2dcbff22d8cf64b8da6bc17,,20260806_142915_eyebrow_roi_seed42_b775dfb93f,2026-08-06T14:36:39.102344+00:00,854,480,,,1,,,,,,
16f8c0410021d1344f9df0cdc96e3f892ee6c3445834a0bdd128044febbd69cd,,75,0.0,real,test,skipped,insufficient_space_below_eyebrows,/content/drive/MyDrive/AISC DeepFake Çalışmaları/Deneyler/Deney 1 Frame/Real/test/real_test_00075.jpg,Real/test/real_test_00075.jpg,/content/drive/MyDrive/AISC DeepFake Çalışmaları/Deneyler/Nazlıcan/Deney 1/Kaş/real/test/real_test_00075.jpg,real/test/real_test_00075.jpg,81e218e93bb7e974332540dafc7ea43ba2a04d5e868545b1638df105c57433dd,,20260806_142915_eyebrow_roi_seed42_b775dfb93f,2026-08-06T14:36:39.650139+00:00,640,480,,,1,,,,,,
90fcacf27ae2cc3db785e7434c5e23562413aa647e576a915452d84008b8efc7,,77,0.0,real,test,skipped,insufficient_space_below_eyebrows,/content/drive/MyDrive/AISC DeepFake Çalışmaları/Deneyler/Deney 1 Frame/Real/test/real_test_00077.jpg,Real/test/real_test_00077.jpg,/content/drive/MyDrive/AISC DeepFake Çalışmaları/Deneyler/Nazlıcan/Deney 1/Kaş/real/test/real_test_00077.jpg,real/test/real_test_00077.jpg,9167560423fda2d9b4184d01b7ac7a485edf3056833d3690aeb4f693286d98af,,20260806_142915_eyebrow_roi_seed42_b775dfb93f,2026-08-06T14:36:40.499434+00:00,720,480,,,1,,,,,,
dd423376eca68d0365ce775f720ac2f92a2a6103ebe85dae7bc341bbc531309d,,79,0.0,real,test,skipped,insufficient_space_below_eyebrows,/content/drive/MyDrive/AISC DeepFake Çalışmaları/Deneyler/Deney 1 Frame/Real/test/real_test_00079.jpg,Real/test/real_test_00079.jpg,/content/drive/MyDrive/AISC DeepFake Çalışmaları/Deneyler/Nazlıcan/Deney 1/Kaş/real/test/real_test_00079.jpg,real/test/real_test_00079.jpg,ae100643ee4d17f0f317e380c1aee67b78b7967e92a787ef16fcac95b04e4e99,,20260806_142915_eyebrow_roi_seed42_b775dfb93f,2026-08-06T14:36:41.226436+00:00,1280,720,,,1,,,,,,
fa98e0d31230c8b8e8c4deb9850b52e05e7d896d09a1ed5ff5e3bded58349fbe,,81,0.0,real,test,skipped,insufficient_space_below_eyebrows,/content/drive/MyDrive/AISC DeepFake Çalışmaları/Deneyler/Deney 1 Frame/Real/test/real_test_00081.jpg,Real/test/real_test_00081.jpg,/content/drive/MyDrive/AISC DeepFake Çalışmaları/Deneyler/Nazlıcan/Deney 1/Kaş/real/test/real_test_00081.jpg,real/test/real_test_00081.jpg,72f033908db03794b3b3c73796025f9c93c81869769b0eac8ad0526c8d809281,,20260806_142915_eyebrow_roi_seed42_b775dfb93f,2026-08-06T14:36:41.857019+00:00,642,480,,,1,,,,,,
b1697d44345045d23b307095c2cc6595c73573f744bd7601304ac25909fc4e98,,84,0.0,real,test,skipped,insufficient_space_below_eyebrows,/content/drive/MyDrive/AISC DeepFake Çalışmaları/Deneyler/Deney 1 Frame/Real/test/real_test_00084.jpg,Real/test/real_test_00084.jpg,/content/drive/MyDrive/AISC DeepFake Çalışmaları/Deneyler/Nazlıcan/Deney 1/Kaş/real/test/real_test_00084.jpg,real/test/real_test_00084.jpg,019fd5400dc3fb84f6307e9b7da6e984a9b059ebbd2b2216ad0097dfc061c3ef,,20260806_142915_eyebrow_roi_seed42_b775dfb93f,2026-08-06T14:36:42.895911+00:00,642,480,,,1,,,,,,
3624a5df410e009ed78d47245f5332b3e1a3c19aea8fddfd4088e3dd817a6e35,,92,0.0,real,test,skipped,insufficient_space_below_eyebrows,/content/drive/MyDrive/AISC DeepFake Çalışmaları/Deneyler/Deney 1 Frame/Real/test/real_test_00092.jpg,Real/test/real_test_00092.jpg,/content/drive/MyDrive/AISC DeepFake Çalışmaları/Deneyler/Nazlıcan/Deney 1/Kaş/real/test/real_test_00092.jpg,real/test/real_test_00092.jpg,ed18a00ad8861ad1d6aef8903f9eb9019e35714a1d3a94eb28fb64b8a8a7ff40,,20260806_142915_eyebrow_roi_seed42_b775dfb93f,2026-08-06T14:36:45.324751+00:00,1280,720,,,1,,,,,,
ece53bc9086897c5769ea24ebbee3d7a31a5f6ff7271b50fbf565bbd701f8d30,,93,0.0,real,test,skipped,insufficient_space_below_eyebrows,/content/drive/MyDrive/AISC DeepFake Çalışmaları/Deneyler/Deney 1 Frame/Real/test/real_test_00093.jpg,Real/test/real_test_00093.jpg,/content/drive/MyDrive/AISC DeepFake Çalışmaları/Deneyler/Nazlıcan/Deney 1/Kaş/real/test/real_test_00093.jpg,real/test/real_test_00093.jpg,5a378279c4a585768891629fa4213a1adca7288560e99812f81d12d1bb40f5fc,,20260806_142915_eyebrow_roi_seed42_b775dfb93f,2026-08-06T14:36:45.686588+00:00,1280,720,,,1,,,,,,
e38d870a40620bf06733f557e70e4e9269eb9b44a35c49439018bf10790550e8,,94,0.0,real,test,skipped,insufficient_space_below_eyebrows,/content/drive/MyDrive/AISC DeepFake Çalışmaları/Deneyler/Deney 1 Frame/Real/test/real_test_00094.jpg,Real/test/real_test_00094.jpg,/content/drive/MyDrive/AISC DeepFake Çalışmaları/Deneyler/Nazlıcan/Deney 1/Kaş/real/test/real_test_00094.jpg,real/test/real_test_00094.jpg,4b8e6896617e8338b99379a3474eba1e5bb4d92233567875658abc055cb3ff7d,,20260806_142915_eyebrow_roi_seed42_b775dfb93f,2026-08-06T14:36:45.958450+00:00,854,480,,,1,,,,,,
da1a5de8dc70af0a9a2d432a695a80c8445005fe0ba4a21c6d7da5bb2fb36091,,95,0.0,real,test,skipped,insufficient_space_below_eyebrows,/content/drive/MyDrive/AISC DeepFake Çalışmaları/Deneyler/Deney 1 Frame/Real/test/real_test_00095.jpg,Real/test/real_test_00095.jpg,/content/drive/MyDrive/AISC DeepFake Çalışmaları/Deneyler/Nazlıcan/Deney 1/Kaş/real/test/real_test_00095.jpg,real/test/real_test_00095.jpg,57ca0166ae4811d79dddaa194d8ee9da9ef6a2505c9704d5a87ce72bfd59327c,,20260806_142915_eyebrow_roi_seed42_b775dfb93f,2026-08-06T14:36:46.175418+00:00,600,480,,,1,,,,,,
1d6206bf69cd0ab227c97d5f16b89b926a5a8a368dcc48aefdb9fd5f128c29ba,,100,0.0,real,test,skipped,insufficient_space_below_eyebrows,/content/drive/MyDrive/AISC DeepFake Çalışmaları/Deneyler/Deney 1 Frame/Real/test/real_test_00100.jpg,Real/test/real_test_00100.jpg,/content/drive/MyDrive/AISC DeepFake Çalışmaları/Deneyler/Nazlıcan/Deney 1/Kaş/real/test/real_test_00100.jpg,real/test/real_test_00100.jpg,8645470259f3b0b35c63517cbd7003b4f4211573fdb4ba77c91b3610da36925c,,20260806_142915_eyebrow_roi_seed42_b775dfb93f,2026-08-06T14:36:48.798699+00:00,640,480,,,1,,,,,,
d204105368bc691f0e5c81d8c93102e47c61af4124ac94e4a80b3dee12a5fea1,,109,0.0,real,test,skipped,insufficient_space_below_eyebrows,/content/drive/MyDrive/AISC DeepFake Çalışmaları/Deneyler/Deney 1 Frame/Real/test/real_test_00109.jpg,Real/test/real_test_00109.jpg,/content/drive/MyDrive/AISC DeepFake Çalışmaları/Deneyler/Nazlıcan/Deney 1/Kaş/real/test/real_test_00109.jpg,real/test/real_test_00109.jpg,a4948c2d830f24c0303b5a20716521e64fa7b7a1827133afc043a0cbd699751f,,20260806_142915_eyebrow_roi_seed42_b775dfb93f,2026-08-06T14:36:51.469332+00:00,1280,720,,,1,,,,,,
d73b8f43080384281e02464406c7c9532e84bbb32e61b00a43509564e0e39240,,112,,real,test,skipped,face_not_found,/content/drive/MyDrive/AISC DeepFake Çalışmaları/Deneyler/Deney 1 Frame/Real/test/real_test_00112.jpg,Real/test/real_test_00112.jpg,/content/drive/MyDrive/AISC DeepFake Çalışmaları/Deneyler/Nazlıcan/Deney 1/Kaş/real/test/real_test_00112.jpg,real/test/real_test_00112.jpg,2fb0eb3ec90436c97fe73d100a7fd57fd636da099ee17173836c876cffd88657,,20260806_142915_eyebrow_roi_seed42_b775dfb93f,2026-08-06T14:36:53.793973+00:00,1280,720,,,0,,,,,,
e2d439e29bdd2af926015971316a873d795564b6e9176591310a8ae0419f5e9b,,113,0.0,real,test,skipped,insufficient_space_below_eyebrows,/content/drive/MyDrive/AISC DeepFake Çalışmaları/Deneyler/Deney 1 Frame/Real/test/real_test_00113.jpg,Real/test/real_test_00113.jpg,/content/drive/MyDrive/AISC DeepFake Çalışmaları/Deneyler/Nazlıcan/Deney 1/Kaş/real/test/real_test_00113.jpg,real/test/real_test_00113.jpg,c809009b6377d490e950c389bdec742e2b0235be29ee40f90ad4db7e3a836ee7,,20260806_142915_eyebrow_roi_seed42_b775dfb93f,2026-08-06T14:36:54.394218+00:00,854,480,,,1,,,,,,
ad77be28aefee021963b173fc1d8481d47d53ba19e77aa7d8ed69072482d00ca,,116,0.0,real,test,skipped,insufficient_space_below_eyebrows,/content/drive/MyDrive/AISC DeepFake Çalışmaları/Deneyler/Deney 1 Frame/Real/test/real_test_00116.jpg,Real/test/real_test_00116.jpg,/content/drive/MyDrive/AISC DeepFake Çalışmaları/Deneyler/Nazlıcan/Deney 1/Kaş/real/test/real_test_00116.jpg,real/test/real_test_00116.jpg,c7f750db4683a96417ca8e7a85ad91fcea333c3abf00b5cd792dd104678a6f85,,20260806_142915_eyebrow_roi_seed42_b775dfb93f,2026-08-06T14:36:55.462753+00:00,720,480,,,1,,,,,,
b63b9b5b3f517d8b1976b6ba791d84949a13a819fd4c470e8a42810eb97be80c,,118,,real,test,skipped,face_not_found,/content/drive/MyDrive/AISC DeepFake Çalışmaları/Deneyler/Deney 1 Frame/Real/test/real_test_00118.jpg,Real/test/real_test_00118.jpg,/content/drive/MyDrive/AISC DeepFake Çalışmaları/Deneyler/Nazlıcan/Deney 1/Kaş/real/test/real_test_00118.jpg,real/test/real_test_00118.jpg,6afc2744e2dbbc62383544d261cf333a1c5cc6de139b00833bf61e45cf6240da,,20260806_142915_eyebrow_roi_seed42_b775dfb93f,2026-08-06T14:36:56.548510+00:00,854,480,,,0,,,,,,
5b97e0abb91e99f3b483d2731a964c7d095bf6d98d375020089aa9a172ad47f5,,124,0.0,real,test,skipped,insufficient_space_below_eyebrows,/content/drive/MyDrive/AISC DeepFake Çalışmaları/Deneyler/Deney 1 Frame/Real/test/real_test_00124.jpg,Real/test/real_test_00124.jpg,/content/drive/MyDrive/AISC DeepFake Çalışmaları/Deneyler/Nazlıcan/Deney 1/Kaş/real/test/real_test_00124.jpg,real/test/real_test_00124.jpg,822e1141ec8149baacfc915d0461c565478cb2e7218eaae2ac9dacc35cb26e51,,20260806_142915_eyebrow_roi_seed42_b775dfb93f,2026-08-06T14:36:58.332143+00:00,1280,720,,,1,,,,,,
5d65d63f0ffa585f48edf91449bd7c91cbbb228bfe436aba8d381fec29a8fa5d,,131,0.0,real,test,skipped,insufficient_space_below_eyebrows,/content/drive/MyDrive/AISC DeepFake Çalışmaları/Deneyler/Deney 1 Frame/Real/test/real_test_00131.jpg,Real/test/real_test_00131.jpg,/content/drive/MyDrive/AISC DeepFake Çalışmaları/Deneyler/Nazlıcan/Deney 1/Kaş/real/test/real_test_00131.jpg,real/test/real_test_00131.jpg,1db5561db5b5918cafcf83aaff737f4e9a821282930af31706d831bab09fac61,,20260806_142915_eyebrow_roi_seed42_b775dfb93f,2026-08-06T14:37:00.627435+00:00,1280,720,,,1,,,,,,
2a6a65c16b900bd7819f771ef041d5d15b024863ffa308a7788ed122c541c8b5,,135,0.0,real,test,skipped,insufficient_space_below_eyebrows,/content/drive/MyDrive/AISC DeepFake Çalışmaları/Deneyler/Deney 1 Frame/Real/test/real_test_00135.jpg,Real/test/real_test_00135.jpg,/content/drive/MyDrive/AISC DeepFake Çalışmaları/Deneyler/Nazlıcan/Deney 1/Kaş/real/test/real_test_00135.jpg,real/test/real_test_00135.jpg,5d513cf813997adf9ecda96afd83a84fc3b7073829b4a1417c21fcbd5d8b77ca,,20260806_142915_eyebrow_roi_seed42_b775dfb93f,2026-08-06T14:37:02.108174+00:00,1280,720,,,1,,,,,,
ad81364cbd3141029889df3608bde73ea72127778fe50a4b7956e5993d7d7380,,136,0.0,real,test,skipped,insufficient_space_below_eyebrows,/content/drive/MyDrive/AISC DeepFake Çalışmaları/Deneyler/Deney 1 Frame/Real/test/real_test_00136.jpg,Real/test/real_test_00136.jpg,/content/drive/MyDrive/AISC DeepFake Çalışmaları/Deneyler/Nazlıcan/Deney 1/Kaş/real/test/real_test_00136.jpg,real/test/real_test_00136.jpg,37cdee1cd61cff081c8be74e8fa775cb19eb5f3ea2af4fa130dbaf92449081a3,,20260806_142915_eyebrow_roi_seed42_b775dfb93f,2026-08-06T14:37:02.453548+00:00,1280,720,,,1,,,,,,
58d1de7b60167af3fb0f6ab701e6a198e4ae3cf8de63f657963b382f835f8ddf,,148,0.0,real,test,skipped,insufficient_space_below_eyebrows,/content/drive/MyDrive/AISC DeepFake Çalışmaları/Deneyler/Deney 1 Frame/Real/test/real_test_00148.jpg,Real/test/real_test_00148.jpg,/content/drive/MyDrive/AISC DeepFake Çalışmaları/Deneyler/Nazlıcan/Deney 1/Kaş/real/test/real_test_00148.jpg,real/test/real_test_00148.jpg,3444ea2ff937cbd8e79793b61d24187c34d5629addacaa5e4ed101116e337fc1,,20260806_142915_eyebrow_roi_seed42_b775dfb93f,2026-08-06T14:37:07.083961+00:00,720,480,,,1,,,,,,
9344f9b5c2ead3e7235289811a5c1d7da4dc3f302c5261cf64cfd10550124c01,,3,,real,train,skipped,face_not_found,/content/drive/MyDrive/AISC DeepFake Çalışmaları/Deneyler/Deney 1 Frame/Real/train/real_train_00003.jpg,Real/train/real_train_00003.jpg,/content/drive/MyDrive/AISC DeepFake Çalışmaları/Deneyler/Nazlıcan/Deney 1/Kaş/real/train/real_train_00003.jpg,real/train/real_train_00003.jpg,9075f77a60afcd660a5f245a1974e0986761ee513b69bfbe1dc0651ba498ad96,,20260806_142915_eyebrow_roi_seed42_b775dfb93f,2026-08-06T14:37:08.625566+00:00,1280,720,,,0,,,,,,
42744be978137e7668192dc2b704bcd1c786093d7b796c4b1a20d9b3cc8d1b10,,7,0.0,real,train,skipped,insufficient_space_below_eyebrows,/content/drive/MyDrive/AISC DeepFake Çalışmaları/Deneyler/Deney 1 Frame/Real/train/real_train_00007.jpg,Real/train/real_train_00007.jpg,/content/drive/MyDrive/AISC DeepFake Çalışmaları/Deneyler/Nazlıcan/Deney 1/Kaş/real/train/real_train_00007.jpg,real/train/real_train_00007.jpg,3c81dd3324717961d88a834e3566150c11e5a498f2ddeaacf5e931c196625e31,,20260806_142915_eyebrow_roi_seed42_b775dfb93f,2026-08-06T14:37:10.037148+00:00,640,480,,,1,,,,,,
df9b3314bec8f3513024324f7d41ed3a7634b790383aa5f6df3e24e451ab23e9,,9,0.0,real,train,skipped,insufficient_space_below_eyebrows,/content/drive/MyDrive/AISC DeepFake Çalışmaları/Deneyler/Deney 1 Frame/Real/train/real_train_00009.jpg,Real/train/real_train_00009.jpg,/content/drive/MyDrive/AISC DeepFake Çalışmaları/Deneyler/Nazlıcan/Deney 1/Kaş/real/train/real_train_00009.jpg,real/train/real_train_00009.jpg,0bbc220fffb47763680fd5ebd5f54404c10354fcd89763da6e6370769270943f,,20260806_142915_eyebrow_roi_seed42_b775dfb93f,2026-08-06T14:37:10.700402+00:00,1280,720,,,1,,,,,,
ff185dfda739e2bd7de6fadfb6bc1c5e2171e0088e3529a9c6889cc4273796ab,,11,0.0,real,train,skipped,insufficient_space_below_eyebrows,/content/drive/MyDrive/AISC DeepFake Çalışmaları/Deneyler/Deney 1 Frame/Real/train/real_train_00011.jpg,Real/train/real_train_00011.jpg,/content/drive/MyDrive/AISC DeepFake Çalışmaları/Deneyler/Nazlıcan/Deney 1/Kaş/real/train/real_train_00011.jpg,real/train/real_train_00011.jpg,d218803b01bf0b85b153859906b7872a40599411ceba86357caf8341175fc906,,20260806_142915_eyebrow_roi_seed42_b775dfb93f,2026-08-06T14:37:11.335668+00:00,720,480,,,1,,,,,,
b3326fea82ac12152cc59f51a6e27acf717f374d6d381338893a91ff1767c0df,,14,0.0,real,train,skipped,insufficient_space_below_eyebrows,/content/drive/MyDrive/AISC DeepFake Çalışmaları/Deneyler/Deney 1 Frame/Real/train/real_train_00014.jpg,Real/train/real_train_00014.jpg,/content/drive/MyDrive/AISC DeepFake Çalışmaları/Deneyler/Nazlıcan/Deney 1/Kaş/real/train/real_train_00014.jpg,real/train/real_train_00014.jpg,c086e2e49ccb3115d9e9b7aa078ef9ee199348d293938f79791d29f7689b3a1a,,20260806_142915_eyebrow_roi_seed42_b775dfb93f,2026-08-06T14:37:12.387801+00:00,1920,1080,,,1,,,,,,
36767cce2d4dccf1089e910d69000e6ed1601f46cf34ac4bf73dd7c1df7a4f68,,15,0.0,real,train,skipped,insufficient_space_below_eyebrows,/content/drive/MyDrive/AISC DeepFake Çalışmaları/Deneyler/Deney 1 Frame/Real/train/real_train_00015.jpg,Real/train/real_train_00015.jpg,/content/drive/MyDrive/AISC DeepFake Çalışmaları/Deneyler/Nazlıcan/Deney 1/Kaş/real/train/real_train_00015.jpg,real/train/real_train_00015.jpg,0149ce1c4420f01910bdc8c8c5e6ee544007e92e4a2f78734c53ed68aa5990c6,,20260806_142915_eyebrow_roi_seed42_b775dfb93f,2026-08-06T14:37:12.770553+00:00,1920,1080,,,1,,,,,,
28f0cfcba12f54f2f3e2d934548954409050a7ca3046b26ff6cb1d9ecb167736,,18,0.0,real,train,skipped,too_much_eye_inside_roi:0.3750,/content/drive/MyDrive/AISC DeepFake Çalışmaları/Deneyler/Deney 1 Frame/Real/train/real_train_00018.jpg,Real/train/real_train_00018.jpg,/content/drive/MyDrive/AISC DeepFake Çalışmaları/Deneyler/Nazlıcan/Deney 1/Kaş/real/train/real_train_00018.jpg,real/train/real_train_00018.jpg,f3a613585291cfab0d52eaedd308641755509dbe290e9a5103261ce6583577d1,,20260806_142915_eyebrow_roi_seed42_b775dfb93f,2026-08-06T14:37:13.880505+00:00,640,480,,,1,,,,,,
5cef2aa0414d48cbc5cffaadcf018a4ecda14497cff5fcb22140453d71b92e95,,20,0.0,real,train,skipped,insufficient_space_below_eyebrows,/content/drive/MyDrive/AISC DeepFake Çalışmaları/Deneyler/Deney 1 Frame/Real/train/real_train_00020.jpg,Real/train/real_train_00020.jpg,/content/drive/MyDrive/AISC DeepFake Çalışmaları/Deneyler/Nazlıcan/Deney 1/Kaş/real/train/real_train_00020.jpg,real/train/real_train_00020.jpg,1f8967f71c223aa1e25efc2fb4323958c5ddb7ae3e5bda02999307a74a61995f,,20260806_142915_eyebrow_roi_seed42_b775dfb93f,2026-08-06T14:37:14.453210+00:00,1280,720,,,1,,,,,,
7d5870cddeb91b48ae2f75799da1cfe5c42aef2bb603d8433c22c739b8d13fbd,,22,0.0,real,train,skipped,insufficient_space_below_eyebrows,/content/drive/MyDrive/AISC DeepFake Çalışmaları/Deneyler/Deney 1 Frame/Real/train/real_train_00022.jpg,Real/train/real_train_00022.jpg,/content/drive/MyDrive/AISC DeepFake Çalışmaları/Deneyler/Nazlıcan/Deney 1/Kaş/real/train/real_train_00022.jpg,real/train/real_train_00022.jpg,4324da0f8753fbbfecfd0e8cea76823902af79e889d3b0a73c91b0edcb9d897a,,20260806_142915_eyebrow_roi_seed42_b775dfb93f,2026-08-06T14:37:15.168596+00:00,1920,1080,,,1,,,,,,
83e455d4af1c6f480d0e73ba2fc374c24951784f320ac2aa7f3cea4cc4a7925a,,24,,real,train,skipped,face_not_found,/content/drive/MyDrive/AISC DeepFake Çalışmaları/Deneyler/Deney 1 Frame/Real/train/real_train_00024.jpg,Real/train/real_train_00024.jpg,/content/drive/MyDrive/AISC DeepFake Çalışmaları/Deneyler/Nazlıcan/Deney 1/Kaş/real/train/real_train_00024.jpg,real/train/real_train_00024.jpg,cdfcd6d8196a1872a426cb5acf5bbfd3d0388bb081ea75bdb68880e99ca7f60e,,20260806_142915_eyebrow_roi_seed42_b775dfb93f,2026-08-06T14:37:15.795605+00:00,1280,720,,,0,,,,,,
30a8286b91f1076398c13294f0a5026efff090c33bb0beb18c0358237ea456fa,,26,0.0,real,train,skipped,insufficient_space_below_eyebrows,/content/drive/MyDrive/AISC DeepFake Çalışmaları/Deneyler/Deney 1 Frame/Real/train/real_train_00026.jpg,Real/train/real_train_00026.jpg,/content/drive/MyDrive/AISC DeepFake Çalışmaları/Deneyler/Nazlıcan/Deney 1/Kaş/real/train/real_train_00026.jpg,real/train/real_train_00026.jpg,c80a35b8bc255f772b378b31d95074007d89b04bab8c889184418fea41f41e45,,20260806_142915_eyebrow_roi_seed42_b775dfb93f,2026-08-06T14:37:16.691313+00:00,654,480,,,1,,,,,,
f9389338bdc30fee4a2e7a979514d04ba621330d25195ce0216849f0a42af361,,30,0.0,real,train,skipped,insufficient_space_below_eyebrows,/content/drive/MyDrive/AISC DeepFake Çalışmaları/Deneyler/Deney 1 Frame/Real/train/real_train_00030.jpg,Real/train/real_train_00030.jpg,/content/drive/MyDrive/AISC DeepFake Çalışmaları/Deneyler/Nazlıcan/Deney 1/Kaş/real/train/real_train_00030.jpg,real/train/real_train_00030.jpg,ceee8caf15036823f1d5bb4cb431d9d40442a364d67bdb796e8282347235eeb4,,20260806_142915_eyebrow_roi_seed42_b775dfb93f,2026-08-06T14:37:17.929699+00:00,1280,720,,,1,,,,,,
ee82bb71196e7e0fee99139ac7319f0556185c2d5b9ae027743860f624802d72,,32,0.0,real,train,skipped,insufficient_space_below_eyebrows,/content/drive/MyDrive/AISC DeepFake Çalışmaları/Deneyler/Deney 1 Frame/Real/train/real_train_00032.jpg,Real/train/real_train_00032.jpg,/content/drive/MyDrive/AISC DeepFake Çalışmaları/Deneyler/Nazlıcan/Deney 1/Kaş/real/train/real_train_00032.jpg,real/train/real_train_00032.jpg,ddf28e1c77e314067ded42552bce1b1d7c60abbad3b92770c3c14007a5a48b89,,20260806_142915_eyebrow_roi_seed42_b775dfb93f,2026-08-06T14:37:18.607399+00:00,640,480,,,1,,,,,,
51c4782ffbc379d1c0fcb0509e9af34c2cc3edc1c4f25a517bcc0b1080043d5e,,33,0.0,real,train,skipped,insufficient_space_below_eyebrows,/content/drive/MyDrive/AISC DeepFake Çalışmaları/Deneyler/Deney 1 Frame/Real/train/real_train_00033.jpg,Real/train/real_train_00033.jpg,/content/drive/MyDrive/AISC DeepFake Çalışmaları/Deneyler/Nazlıcan/Deney 1/Kaş/real/train/real_train_00033.jpg,real/train/real_train_00033.jpg,2505074196496baeec412fd2376a484a0e7b22b094387c3a1c40027220bbd3c0,,20260806_142915_eyebrow_roi_seed42_b775dfb93f,2026-08-06T14:37:18.917414+00:00,640,480,,,1,,,,,,
36854f8e973ced384fd330c6b2318345c7e1f4fd8b7cb411cd5f8ed194850ae5,,34,0.0,real,train,skipped,insufficient_space_below_eyebrows,/content/drive/MyDrive/AISC DeepFake Çalışmaları/Deneyler/Deney 1 Frame/Real/train/real_train_00034.jpg,Real/train/real_train_00034.jpg,/content/drive/MyDrive/AISC DeepFake Çalışmaları/Deneyler/Nazlıcan/Deney 1/Kaş/real/train/real_train_00034.jpg,real/train/real_train_00034.jpg,91de52508d475ef8c0e10b0b0d8a65e0bf3b86fc49eb41f0d7fa8451aed60831,,20260806_142915_eyebrow_roi_seed42_b775dfb93f,2026-08-06T14:37:19.319207+00:00,640,480,,,1,,,,,,
e833ee81d0856ef007918130fce8f9f5f68214c0d1befe2d8c6402fe91fb641f,,38,,real,train,skipped,face_not_found,/content/drive/MyDrive/AISC DeepFake Çalışmaları/Deneyler/Deney 1 Frame/Real/train/real_train_00038.jpg,Real/train/real_train_00038.jpg,/content/drive/MyDrive/AISC DeepFake Çalışmaları/Deneyler/Nazlıcan/Deney 1/Kaş/real/train/real_train_00038.jpg,real/train/real_train_00038.jpg,bac03ba39555f450e54275331b22576e499e41966c7d3818b89013f311df99c7,,20260806_142915_eyebrow_roi_seed42_b775dfb93f,2026-08-06T14:37:20.614969+00:00,1280,720,,,0,,,,,,
ebbd38a9dffa1b56527b1effc9d73708b033d3d394aba0d18ea8db3a066eb5a9,,39,0.0,real,train,skipped,insufficient_space_below_eyebrows,/content/drive/MyDrive/AISC DeepFake Çalışmaları/Deneyler/Deney 1 Frame/Real/train/real_train_00039.jpg,Real/train/real_train_00039.jpg,/content/drive/MyDrive/AISC DeepFake Çalışmaları/Deneyler/Nazlıcan/Deney 1/Kaş/real/train/real_train_00039.jpg,real/train/real_train_00039.jpg,e6d6bd578da6680ecec263c713a5dd8f40e6ddd68fbb2fd769e07d29e65be0b2,,20260806_142915_eyebrow_roi_seed42_b775dfb93f,2026-08-06T14:37:20.848455+00:00,1280,720,,,1,,,,,,
2f97abff0ddd4cdb056c5604b90182495b51b10b99088cbc85568a21f358ac5b,,41,0.0,real,train,skipped,insufficient_space_below_eyebrows,/content/drive/MyDrive/AISC DeepFake Çalışmaları/Deneyler/Deney 1 Frame/Real/train/real_train_00041.jpg,Real/train/real_train_00041.jpg,/content/drive/MyDrive/AISC DeepFake Çalışmaları/Deneyler/Nazlıcan/Deney 1/Kaş/real/train/real_train_00041.jpg,real/train/real_train_00041.jpg,1e2edb627518d534d51070f9feeaeae9793e0e9d1b54e1559afbf5fced8608e8,,20260806_142915_eyebrow_roi_seed42_b775dfb93f,2026-08-06T14:37:21.561186+00:00,600,480,,,1,,,,,,
ef2287fad0de609191d124f54300d39f8c4ace72af3c18c8edf1ebf9ad292b84,,49,0.0,real,train,skipped,insufficient_space_below_eyebrows,/content/drive/MyDrive/AISC DeepFake Çalışmaları/Deneyler/Deney 1 Frame/Real/train/real_train_00049.jpg,Real/train/real_train_00049.jpg,/content/drive/MyDrive/AISC DeepFake Çalışmaları/Deneyler/Nazlıcan/Deney 1/Kaş/real/train/real_train_00049.jpg,real/train/real_train_00049.jpg,be8e871709bc55a3872b4c1d0cef09611922e19d2dc69daf7fb837a2bb1f50a7,,20260806_142915_eyebrow_roi_seed42_b775dfb93f,2026-08-06T14:37:24.132481+00:00,640,480,,,1,,,,,,
17b157b5de141bbb101a6f9626c3a992390d9e4a667828c087de0200c312ebc0,,52,0.0,real,train,skipped,insufficient_space_below_eyebrows,/content/drive/MyDrive/AISC DeepFake Çalışmaları/Deneyler/Deney 1 Frame/Real/train/real_train_00052.jpg,Real/train/real_train_00052.jpg,/content/drive/MyDrive/AISC DeepFake Çalışmaları/Deneyler/Nazlıcan/Deney 1/Kaş/real/train/real_train_00052.jpg,real/train/real_train_00052.jpg,7f68356e7d3c46fa9b951d21edbc2cbee3bda39f5123177cda2a72826cacdb31,,20260806_142915_eyebrow_roi_seed42_b775dfb93f,2026-08-06T14:37:25.319859+00:00,1280,720,,,1,,,,,,
becb000faa39ff7ae17b56c7cc0376fb6e2155eb36ecf44919810fa1531b8441,,53,0.0,real,train,skipped,insufficient_space_below_eyebrows,/content/drive/MyDrive/AISC DeepFake Çalışmaları/Deneyler/Deney 1 Frame/Real/train/real_train_00053.jpg,Real/train/real_train_00053.jpg,/content/drive/MyDrive/AISC DeepFake Çalışmaları/Deneyler/Nazlıcan/Deney 1/Kaş/real/train/real_train_00053.jpg,real/train/real_train_00053.jpg,07fd82a3f9e46ff48227d69d462d094e7953197642a7d5d93121d2a631d2de24,,20260806_142915_eyebrow_roi_seed42_b775dfb93f,2026-08-06T14:37:25.854944+00:00,1280,720,,,1,,,,,,
4b49e07364cab7e0d314e7dc5bb20c3af889bac8eeeaad17dcf95a4efd5b3f30,,54,0.0,real,train,skipped,insufficient_space_below_eyebrows,/content/drive/MyDrive/AISC DeepFake Çalışmaları/Deneyler/Deney 1 Frame/Real/train/real_train_00054.jpg,Real/train/real_train_00054.jpg,/content/drive/MyDrive/AISC DeepFake Çalışmaları/Deneyler/Nazlıcan/Deney 1/Kaş/real/train/real_train_00054.jpg,real/train/real_train_00054.jpg,87260688d85d8ddb5f954aca69fd440cb3094051bec795dc4a042b3bb277f7f1,,20260806_142915_eyebrow_roi_seed42_b775dfb93f,2026-08-06T14:37:26.320168+00:00,1280,720,,,1,,,,,,
ce6f3f4156803df5d9d01931940f16fecfefe3d8eef69538465204a7200a197f,,55,0.0,real,train,skipped,insufficient_space_below_eyebrows,/content/drive/MyDrive/AISC DeepFake Çalışmaları/Deneyler/Deney 1 Frame/Real/train/real_train_00055.jpg,Real/train/real_train_00055.jpg,/content/drive/MyDrive/AISC DeepFake Çalışmaları/Deneyler/Nazlıcan/Deney 1/Kaş/real/train/real_train_00055.jpg,real/train/real_train_00055.jpg,368e95de77982c4e327a4d1c3d66a282cd04ea2f91d4f25ffce7a1388c296598,,20260806_142915_eyebrow_roi_seed42_b775dfb93f,2026-08-06T14:37:26.862423+00:00,1280,720,,,1,,,,,,
a5bfce5051e1e925ba0fb90c79906ea2a814075b908713822bfc3560f13cc7e3,,57,0.0,real,train,skipped,insufficient_space_below_eyebrows,/content/drive/MyDrive/AISC DeepFake Çalışmaları/Deneyler/Deney 1 Frame/Real/train/real_train_00057.jpg,Real/train/real_train_00057.jpg,/content/drive/MyDrive/AISC DeepFake Çalışmaları/Deneyler/Nazlıcan/Deney 1/Kaş/real/train/real_train_00057.jpg,real/train/real_train_00057.jpg,c87b491e8632552fe0a325d648d79f8b60cbd1ac57c4c0b11fcaa64881a5947e,,20260806_142915_eyebrow_roi_seed42_b775dfb93f,2026-08-06T14:37:27.529350+00:00,1280,720,,,1,,,,,,
5b4e2a3848095fc2a0e6ce89b596a64db11b77acece351978b8a2e7de6844d8f,,58,0.0,real,train,skipped,insufficient_space_below_eyebrows,/content/drive/MyDrive/AISC DeepFake Çalışmaları/Deneyler/Deney 1 Frame/Real/train/real_train_00058.jpg,Real/train/real_train_00058.jpg,/content/drive/MyDrive/AISC DeepFake Çalışmaları/Deneyler/Nazlıcan/Deney 1/Kaş/real/train/real_train_00058.jpg,real/train/real_train_00058.jpg,e7cac3965b895f8c5caf27faa638be95b1095e90e6d36aa0fcc4e8295e0b5233,,20260806_142915_eyebrow_roi_seed42_b775dfb93f,2026-08-06T14:37:28.158350+00:00,1280,720,,,1,,,,,,
2027df3fbf1149edd361ee9a6fb78e587d250e3357557bdcc623e27bb8f2156e,,64,0.0,real,train,skipped,insufficient_space_below_eyebrows,/content/drive/MyDrive/AISC DeepFake Çalışmaları/Deneyler/Deney 1 Frame/Real/train/real_train_00064.jpg,Real/train/real_train_00064.jpg,/content/drive/MyDrive/AISC DeepFake Çalışmaları/Deneyler/Nazlıcan/Deney 1/Kaş/real/train/real_train_00064.jpg,real/train/real_train_00064.jpg,38dd64c48642fda3bee738424419eb8a8fdeaaa8100e4b7a85fd329ff1ee1614,,20260806_142915_eyebrow_roi_seed42_b775dfb93f,2026-08-06T14:37:30.095446+00:00,600,480,,,1,,,,,,
653c60173c31c918302c64b87d0d89c8cc03145f339c695c20e10085f0de9bb8,,67,0.0,real,train,skipped,insufficient_space_below_eyebrows,/content/drive/MyDrive/AISC DeepFake Çalışmaları/Deneyler/Deney 1 Frame/Real/train/real_train_00067.jpg,Real/train/real_train_00067.jpg,/content/drive/MyDrive/AISC DeepFake Çalışmaları/Deneyler/Nazlıcan/Deney 1/Kaş/real/train/real_train_00067.jpg,real/train/real_train_00067.jpg,e3f33b36216179b7a5d952c991daa3cba2e279f586c082d03b75b64df54a8c58,,20260806_142915_eyebrow_roi_seed42_b775dfb93f,2026-08-06T14:37:30.976831+00:00,640,480,,,1,,,,,,
89ffdeb1b94df173c854649ca81a49cbc395d289c0b41d93143bab3ec8e16f7c,,68,0.0,real,train,skipped,insufficient_space_below_eyebrows,/content/drive/MyDrive/AISC DeepFake Çalışmaları/Deneyler/Deney 1 Frame/Real/train/real_train_00068.jpg,Real/train/real_train_00068.jpg,/content/drive/MyDrive/AISC DeepFake Çalışmaları/Deneyler/Nazlıcan/Deney 1/Kaş/real/train/real_train_00068.jpg,real/train/real_train_00068.jpg,452395e3ef651cfd81f9aab896a5aaca1afef1e0971662dc16ca63276515e167,,20260806_142915_eyebrow_roi_seed42_b775dfb93f,2026-08-06T14:37:31.231340+00:00,640,480,,,1,,,,,,
ac23b94e95d59046ac6ddd6f8d8ee3d5d996042262e227a7fc5a6ac33de23d28,,70,0.0,real,train,skipped,insufficient_space_below_eyebrows,/content/drive/MyDrive/AISC DeepFake Çalışmaları/Deneyler/Deney 1 Frame/Real/train/real_train_00070.jpg,Real/train/real_train_00070.jpg,/content/drive/MyDrive/AISC DeepFake Çalışmaları/Deneyler/Nazlıcan/Deney 1/Kaş/real/train/real_train_00070.jpg,real/train/real_train_00070.jpg,89cfbe4791888ef426ac1543a11061aa36743b3fa8ffd70759c756aa00393df6,,20260806_142915_eyebrow_roi_seed42_b775dfb93f,2026-08-06T14:37:32.983436+00:00,600,480,,,1,,,,,,
08899b773f431775848b68b2019fbd536b4c855350d2e3c3cb33612c760ade23,,73,0.0,real,train,skipped,insufficient_space_below_eyebrows,/content/drive/MyDrive/AISC DeepFake Çalışmaları/Deneyler/Deney 1 Frame/Real/train/real_train_00073.jpg,Real/train/real_train_00073.jpg,/content/drive/MyDrive/AISC DeepFake Çalışmaları/Deneyler/Nazlıcan/Deney 1/Kaş/real/train/real_train_00073.jpg,real/train/real_train_00073.jpg,f442e352adf3bf69b893d042014e908a79a12a9a894ffdb02974737c688046fb,,20260806_142915_eyebrow_roi_seed42_b775dfb93f,2026-08-06T14:37:34.039186+00:00,1280,720,,,1,,,,,,
1a26af0c76fc7d4075fafa527e32de35be8434da3df28dcb2cd625ea414d9928,,74,0.0,real,train,skipped,insufficient_space_below_eyebrows,/content/drive/MyDrive/AISC DeepFake Çalışmaları/Deneyler/Deney 1 Frame/Real/train/real_train_00074.jpg,Real/train/real_train_00074.jpg,/content/drive/MyDrive/AISC DeepFake Çalışmaları/Deneyler/Nazlıcan/Deney 1/Kaş/real/train/real_train_00074.jpg,real/train/real_train_00074.jpg,0b0d245b7339814bd81afd991bdfc7f710e725f9c6a85e74d357ea40bfbbf180,,20260806_142915_eyebrow_roi_seed42_b775dfb93f,2026-08-06T14:37:34.294169+00:00,960,720,,,1,,,,,,
4d993ef591bc0dc7ad603b9d0d34c901b3fe238f9d24235a93af7f7b99ac2fd6,,75,0.0,real,train,skipped,too_much_eye_inside_roi:0.3125,/content/drive/MyDrive/AISC DeepFake Çalışmaları/Deneyler/Deney 1 Frame/Real/train/real_train_00075.jpg,Real/train/real_train_00075.jpg,/content/drive/MyDrive/AISC DeepFake Çalışmaları/Deneyler/Nazlıcan/Deney 1/Kaş/real/train/real_train_00075.jpg,real/train/real_train_00075.jpg,0ac34689da360efd500f9dbd7f57e74c9207499023e713c6f695092b1e7de2dc,,20260806_142915_eyebrow_roi_seed42_b775dfb93f,2026-08-06T14:37:34.653464+00:00,854,480,,,1,,,,,,
f841e254df89077aa61eeb8f678c0993610406ff488610bfd26e247a994956d5,,79,0.0,real,train,skipped,insufficient_space_below_eyebrows,/content/drive/MyDrive/AISC DeepFake Çalışmaları/Deneyler/Deney 1 Frame/Real/train/real_train_00079.jpg,Real/train/real_train_00079.jpg,/content/drive/MyDrive/AISC DeepFake Çalışmaları/Deneyler/Nazlıcan/Deney 1/Kaş/real/train/real_train_00079.jpg,real/train/real_train_00079.jpg,2dcd876cc3263a509302fe2d0b1b95487ef7d03abcd32da0f806eab7074b24a6,,20260806_142915_eyebrow_roi_seed42_b775dfb93f,2026-08-06T14:37:35.901155+00:00,640,480,,,1,,,,,,
450c183c4d386998123e75b834ce40b4495801798b04544b65611a0685291387,,80,0.0,real,train,skipped,insufficient_space_below_eyebrows,/content/drive/MyDrive/AISC DeepFake Çalışmaları/Deneyler/Deney 1 Frame/Real/train/real_train_00080.jpg,Real/train/real_train_00080.jpg,/content/drive/MyDrive/AISC DeepFake Çalışmaları/Deneyler/Nazlıcan/Deney 1/Kaş/real/train/real_train_00080.jpg,real/train/real_train_00080.jpg,09b0b2c0ec093322a237cd6400bfb7081460f44f5ade5cc900b8e856c8b5ab36,,20260806_142915_eyebrow_roi_seed42_b775dfb93f,2026-08-06T14:37:36.250076+00:00,1920,1080,,,1,,,,,,
eaa96d4eff619019f0d8f7cd6cbf6961774b3cc4947e9f4ffd375af90175ca40,,81,0.0,real,train,skipped,insufficient_space_below_eyebrows,/content/drive/MyDrive/AISC DeepFake Çalışmaları/Deneyler/Deney 1 Frame/Real/train/real_train_00081.jpg,Real/train/real_train_00081.jpg,/content/drive/MyDrive/AISC DeepFake Çalışmaları/Deneyler/Nazlıcan/Deney 1/Kaş/real/train/real_train_00081.jpg,real/train/real_train_00081.jpg,cdbfc0ab68b26aacf537b170f6d85f17d5d5a6cb6c2e099d085ff1d1c92650f7,,20260806_142915_eyebrow_roi_seed42_b775dfb93f,2026-08-06T14:37:36.529453+00:00,854,480,,,1,,,,,,
a8b14ea32503385be4a79f0d8e793f7131bead2c0cacbb01d53385be39911ba9,,84,0.0,real,train,skipped,insufficient_space_below_eyebrows,/content/drive/MyDrive/AISC DeepFake Çalışmaları/Deneyler/Deney 1 Frame/Real/train/real_train_00084.jpg,Real/train/real_train_00084.jpg,/content/drive/MyDrive/AISC DeepFake Çalışmaları/Deneyler/Nazlıcan/Deney 1/Kaş/real/train/real_train_00084.jpg,real/train/real_train_00084.jpg,f420e60e3e9caeba6492f5e34b98098783416485856c770181e4207e3e1407d3,,20260806_142915_eyebrow_roi_seed42_b775dfb93f,2026-08-06T14:37:37.521216+00:00,640,480,,,1,,,,,,
0482dcbe1535a117013ad0e8d7566f8ed98bafa9fd987efd847a98192083e785,,87,0.0,real,train,skipped,insufficient_space_below_eyebrows,/content/drive/MyDrive/AISC DeepFake Çalışmaları/Deneyler/Deney 1 Frame/Real/train/real_train_00087.jpg,Real/train/real_train_00087.jpg,/content/drive/MyDrive/AISC DeepFake Çalışmaları/Deneyler/Nazlıcan/Deney 1/Kaş/real/train/real_train_00087.jpg,real/train/real_train_00087.jpg,89aab2e953b56687f329e94a8e30c18d9da234af4147ed1bd62a30c653cdf899,,20260806_142915_eyebrow_roi_seed42_b775dfb93f,2026-08-06T14:37:38.480125+00:00,600,480,,,1,,,,,,
bf14d3256cdaec3bff70ea41b88bb49de6353accb6ac3fbe6a158185c4e0968b,,91,,real,train,skipped,face_not_found,/content/drive/MyDrive/AISC DeepFake Çalışmaları/Deneyler/Deney 1 Frame/Real/train/real_train_00091.jpg,Real/train/real_train_00091.jpg,/content/drive/MyDrive/AISC DeepFake Çalışmaları/Deneyler/Nazlıcan/Deney 1/Kaş/real/train/real_train_00091.jpg,real/train/real_train_00091.jpg,b7ab9be55025e9a08692158dbe8dd8d786827ac7b267989a95f57d7f747c4179,,20260806_142915_eyebrow_roi_seed42_b775dfb93f,2026-08-06T14:37:39.473000+00:00,1280,720,,,0,,,,,,
c310f56821ba6a885e2bb9639c125309bc722d1d2f222d6fbd794595ad297965,,94,0.0,real,train,skipped,insufficient_space_below_eyebrows,/content/drive/MyDrive/AISC DeepFake Çalışmaları/Deneyler/Deney 1 Frame/Real/train/real_train_00094.jpg,Real/train/real_train_00094.jpg,/content/drive/MyDrive/AISC DeepFake Çalışmaları/Deneyler/Nazlıcan/Deney 1/Kaş/real/train/real_train_00094.jpg,real/train/real_train_00094.jpg,b98241a571b940252698acc439d3e045449ac4d054fc3fbe29c961df93cda8bc,,20260806_142915_eyebrow_roi_seed42_b775dfb93f,2026-08-06T14:37:40.625888+00:00,1920,1080,,,1,,,,,,
86c721928f624c1b7414ed677fb6e271c17fb9fc1e93c6ed3aabe3c2a92f72a3,,95,0.0,real,train,skipped,insufficient_space_below_eyebrows,/content/drive/MyDrive/AISC DeepFake Çalışmaları/Deneyler/Deney 1 Frame/Real/train/real_train_00095.jpg,Real/train/real_train_00095.jpg,/content/drive/MyDrive/AISC DeepFake Çalışmaları/Deneyler/Nazlıcan/Deney 1/Kaş/real/train/real_train_00095.jpg,real/train/real_train_00095.jpg,7f5c842688e84787cbd32bc0d334dd992febd11d21575dea1214e2fc8b902a81,,20260806_142915_eyebrow_roi_seed42_b775dfb93f,2026-08-06T14:37:41.048656+00:00,640,480,,,1,,,,,,
ba1fd949d2360201b9304efa34107e49315b0382e6af8687fcb16b72eccb22b2,,97,0.0,real,train,skipped,insufficient_space_below_eyebrows,/content/drive/MyDrive/AISC DeepFake Çalışmaları/Deneyler/Deney 1 Frame/Real/train/real_train_00097.jpg,Real/train/real_train_00097.jpg,/content/drive/MyDrive/AISC DeepFake Çalışmaları/Deneyler/Nazlıcan/Deney 1/Kaş/real/train/real_train_00097.jpg,real/train/real_train_00097.jpg,68d7fce5237974a199e084daa08e9de90cb2e124ad14cc15bb4881dec501b71a,,20260806_142915_eyebrow_roi_seed42_b775dfb93f,2026-08-06T14:37:41.729798+00:00,1280,720,,,1,,,,,,
91ae0f8f186b5fd359e6a250c0a02dd6f1cc61d428e65ae8c81cf4cc64864692,,98,0.0,real,train,skipped,insufficient_space_below_eyebrows,/content/drive/MyDrive/AISC DeepFake Çalışmaları/Deneyler/Deney 1 Frame/Real/train/real_train_00098.jpg,Real/train/real_train_00098.jpg,/content/drive/MyDrive/AISC DeepFake Çalışmaları/Deneyler/Nazlıcan/Deney 1/Kaş/real/train/real_train_00098.jpg,real/train/real_train_00098.jpg,68212878ec08c1a7a1ac7a9267a435b13787b0393cc1e9936957f40f0cf0cc62,,20260806_142915_eyebrow_roi_seed42_b775dfb93f,2026-08-06T14:37:42.120770+00:00,1920,1080,,,1,,,,,,
f53c56cd423976bc84ca78022f9b636671189fdab34a6fb88259fdef5e38648e,,101,,real,train,skipped,face_not_found,/content/drive/MyDrive/AISC DeepFake Çalışmaları/Deneyler/Deney 1 Frame/Real/train/real_train_00101.jpg,Real/train/real_train_00101.jpg,/content/drive/MyDrive/AISC DeepFake Çalışmaları/Deneyler/Nazlıcan/Deney 1/Kaş/real/train/real_train_00101.jpg,real/train/real_train_00101.jpg,53de0414ba37c8df0143d73014c3ea546197a670043dc759ef37f8be1134bceb,,20260806_142915_eyebrow_roi_seed42_b775dfb93f,2026-08-06T14:37:43.435310+00:00,640,480,,,0,,,,,,
5859ddc0e33e4d7d4790b0368f1eae82039086774deecf08cfb0febf01e1420f,,102,0.0,real,train,skipped,insufficient_space_below_eyebrows,/content/drive/MyDrive/AISC DeepFake Çalışmaları/Deneyler/Deney 1 Frame/Real/train/real_train_00102.jpg,Real/train/real_train_00102.jpg,/content/drive/MyDrive/AISC DeepFake Çalışmaları/Deneyler/Nazlıcan/Deney 1/Kaş/real/train/real_train_00102.jpg,real/train/real_train_00102.jpg,9bc291b3acf55d2dcd8c2b9cb49b4544898a7293d240eab74d0b2c77a4839d8c,,20260806_142915_eyebrow_roi_seed42_b775dfb93f,2026-08-06T14:37:43.811379+00:00,1280,720,,,1,,,,,,
76549175ea7f6b8caf6383db54e5d0f990a832ac3e34a50c98c7d91cde9e3d7c,,103,0.0,real,train,skipped,insufficient_space_below_eyebrows,/content/drive/MyDrive/AISC DeepFake Çalışmaları/Deneyler/Deney 1 Frame/Real/train/real_train_00103.jpg,Real/train/real_train_00103.jpg,/content/drive/MyDrive/AISC DeepFake Çalışmaları/Deneyler/Nazlıcan/Deney 1/Kaş/real/train/real_train_00103.jpg,real/train/real_train_00103.jpg,f81c6cdb07a0bf7095544dc07676b6b81779f249a695d1aa43d7e6e186028bf0,,20260806_142915_eyebrow_roi_seed42_b775dfb93f,2026-08-06T14:37:44.210542+00:00,640,480,,,1,,,,,,
99c79caa364533fd48307d2310517bf03ac743904517c71799097bf0d6bbf6d5,,106,0.0,real,train,skipped,insufficient_space_below_eyebrows,/content/drive/MyDrive/AISC DeepFake Çalışmaları/Deneyler/Deney 1 Frame/Real/train/real_train_00106.jpg,Real/train/real_train_00106.jpg,/content/drive/MyDrive/AISC DeepFake Çalışmaları/Deneyler/Nazlıcan/Deney 1/Kaş/real/train/real_train_00106.jpg,real/train/real_train_00106.jpg,fd1a5484a066f2a3de5b65458a7904d2b6253f14850f20871eb7b9b5b616fb4e,,20260806_142915_eyebrow_roi_seed42_b775dfb93f,2026-08-06T14:37:45.362259+00:00,960,720,,,1,,,,,,
510a85f1f0f53052cfd3526c73e5b6322c5042aae94a7a9d6377be716083be26,,109,0.0,real,train,skipped,insufficient_space_below_eyebrows,/content/drive/MyDrive/AISC DeepFake Çalışmaları/Deneyler/Deney 1 Frame/Real/train/real_train_00109.jpg,Real/train/real_train_00109.jpg,/content/drive/MyDrive/AISC DeepFake Çalışmaları/Deneyler/Nazlıcan/Deney 1/Kaş/real/train/real_train_00109.jpg,real/train/real_train_00109.jpg,de8ef736f719e408867c653697822150e907aad99aaca94ad97ddedc6352a12f,,20260806_142915_eyebrow_roi_seed42_b775dfb93f,2026-08-06T14:37:46.342512+00:00,640,480,,,1,,,,,,
a75cbda8ee2861b5a238e51366d7d2feff65886d3d7a121b81d936ef1f3df0f8,,111,0.0,real,train,skipped,insufficient_space_below_eyebrows,/content/drive/MyDrive/AISC DeepFake Çalışmaları/Deneyler/Deney 1 Frame/Real/train/real_train_00111.jpg,Real/train/real_train_00111.jpg,/content/drive/MyDrive/AISC DeepFake Çalışmaları/Deneyler/Nazlıcan/Deney 1/Kaş/real/train/real_train_00111.jpg,real/train/real_train_00111.jpg,6767f9db8e53e28a329c6117141e86fffea41d6d05ddee2388a0442835d3b66d,,20260806_142915_eyebrow_roi_seed42_b775dfb93f,2026-08-06T14:37:46.824187+00:00,640,480,,,1,,,,,,
6a5361e68a5c331f41b5d1ab7d834ddaffbd5ed91895b49bf6d8b1c8b9d0d17c,,118,0.0,real,train,skipped,insufficient_space_below_eyebrows,/content/drive/MyDrive/AISC DeepFake Çalışmaları/Deneyler/Deney 1 Frame/Real/train/real_train_00118.jpg,Real/train/real_train_00118.jpg,/content/drive/MyDrive/AISC DeepFake Çalışmaları/Deneyler/Nazlıcan/Deney 1/Kaş/real/train/real_train_00118.jpg,real/train/real_train_00118.jpg,c4a91630362eb9b21a34b2046a2cf1b189cdd897f8db3cdbc0691209cb85b8b9,,20260806_142915_eyebrow_roi_seed42_b775dfb93f,2026-08-06T14:37:49.289962+00:00,654,480,,,1,,,,,,
463181be0f9b1fdb6d09f204faf5d7c2a1a7285a5a56d57ed3f2ec2e3fe5543f,,121,0.0,real,train,skipped,insufficient_space_below_eyebrows,/content/drive/MyDrive/AISC DeepFake Çalışmaları/Deneyler/Deney 1 Frame/Real/train/real_train_00121.jpg,Real/train/real_train_00121.jpg,/content/drive/MyDrive/AISC DeepFake Çalışmaları/Deneyler/Nazlıcan/Deney 1/Kaş/real/train/real_train_00121.jpg,real/train/real_train_00121.jpg,5087b17a321a3da0416ac26546a95eea0be50d9dfb01081754315f19e83cd985,,20260806_142915_eyebrow_roi_seed42_b775dfb93f,2026-08-06T14:37:50.380312+00:00,1280,720,,,1,,,,,,
1d0df3c533cbcbbd69a02971ea347e420fd0bfdc5dba305ed6a089ab8ff692fc,,129,0.0,real,train,skipped,insufficient_space_below_eyebrows,/content/drive/MyDrive/AISC DeepFake Çalışmaları/Deneyler/Deney 1 Frame/Real/train/real_train_00129.jpg,Real/train/real_train_00129.jpg,/content/drive/MyDrive/AISC DeepFake Çalışmaları/Deneyler/Nazlıcan/Deney 1/Kaş/real/train/real_train_00129.jpg,real/train/real_train_00129.jpg,cc3ed8ebe2c900bb70296cc175dbe2e8e0fbeb3ca86bdc7a563ef4766015f9b1,,20260806_142915_eyebrow_roi_seed42_b775dfb93f,2026-08-06T14:37:54.270893+00:00,640,480,,,1,,,,,,
ed4023f85cb3cb821a31e9a35c9c5fd34aaa907e14f0c059ef4fc433ac2088c5,,130,,real,train,skipped,multiple_faces_detected:2,/content/drive/MyDrive/AISC DeepFake Çalışmaları/Deneyler/Deney 1 Frame/Real/train/real_train_00130.jpg,Real/train/real_train_00130.jpg,/content/drive/MyDrive/AISC DeepFake Çalışmaları/Deneyler/Nazlıcan/Deney 1/Kaş/real/train/real_train_00130.jpg,real/train/real_train_00130.jpg,c487d89e4b2f337eb0efce55fd8a63cc6600a12e62ec69940274614b03616bd8,,20260806_142915_eyebrow_roi_seed42_b775dfb93f,2026-08-06T14:37:54.622858+00:00,1280,720,,,2,,,,,,
ec1ac1449ce413e82f8dcdaf43826da671557a0fed2ff3df8b5f7b7fef07aea0,,131,0.0,real,train,skipped,insufficient_space_below_eyebrows,/content/drive/MyDrive/AISC DeepFake Çalışmaları/Deneyler/Deney 1 Frame/Real/train/real_train_00131.jpg,Real/train/real_train_00131.jpg,/content/drive/MyDrive/AISC DeepFake Çalışmaları/Deneyler/Nazlıcan/Deney 1/Kaş/real/train/real_train_00131.jpg,real/train/real_train_00131.jpg,c386d16d12ff5b971e25aa0647e79ef26e04c2c8281306c834589ff400d351a5,,20260806_142915_eyebrow_roi_seed42_b775dfb93f,2026-08-06T14:37:54.940274+00:00,854,480,,,1,,,,,,
3b7a00dfb351f33bdb690162ded5fad1ea14d46fe931b695c6888086a79d917b,,134,0.0,real,train,skipped,insufficient_space_below_eyebrows,/content/drive/MyDrive/AISC DeepFake Çalışmaları/Deneyler/Deney 1 Frame/Real/train/real_train_00134.jpg,Real/train/real_train_00134.jpg,/content/drive/MyDrive/AISC DeepFake Çalışmaları/Deneyler/Nazlıcan/Deney 1/Kaş/real/train/real_train_00134.jpg,real/train/real_train_00134.jpg,384b76fd0bf7b368e133ecfbcb66dd914ba48b7630096e5e5d12705de6b8ba1d,,20260806_142915_eyebrow_roi_seed42_b775dfb93f,2026-08-06T14:37:55.946391+00:00,1280,720,,,1,,,,,,
f979ba2aef142004179968ac6747c37a456b2ccc88aa9828bdaa15336991c98d,,135,0.0,real,train,skipped,insufficient_space_below_eyebrows,/content/drive/MyDrive/AISC DeepFake Çalışmaları/Deneyler/Deney 1 Frame/Real/train/real_train_00135.jpg,Real/train/real_train_00135.jpg,/content/drive/MyDrive/AISC DeepFake Çalışmaları/Deneyler/Nazlıcan/Deney 1/Kaş/real/train/real_train_00135.jpg,real/train/real_train_00135.jpg,a72a43c78eb6ad08cebcfc1c13e7b0f4cce478ed30b9e3f8f20f6aee01186bb2,,20260806_142915_eyebrow_roi_seed42_b775dfb93f,2026-08-06T14:37:56.356159+00:00,720,480,,,1,,,,,,
dd5f9fed260968a828d119312ba8fc57320f56868ec4894721ec11713f9f4cce,,137,0.0,real,train,skipped,insufficient_space_below_eyebrows,/content/drive/MyDrive/AISC DeepFake Çalışmaları/Deneyler/Deney 1 Frame/Real/train/real_train_00137.jpg,Real/train/real_train_00137.jpg,/content/drive/MyDrive/AISC DeepFake Çalışmaları/Deneyler/Nazlıcan/Deney 1/Kaş/real/train/real_train_00137.jpg,real/train/real_train_00137.jpg,8179b2f1488c15a2ccba62adf7c108f6f1aaa691d0076b12fac285a7fc860df1,,20260806_142915_eyebrow_roi_seed42_b775dfb93f,2026-08-06T14:37:57.211017+00:00,640,480,,,1,,,,,,
260d90876dd100b5f9671c351edf628f3bb49be729103b994a7930c12e12fd7e,,140,0.0,real,train,skipped,insufficient_space_below_eyebrows,/content/drive/MyDrive/AISC DeepFake Çalışmaları/Deneyler/Deney 1 Frame/Real/train/real_train_00140.jpg,Real/train/real_train_00140.jpg,/content/drive/MyDrive/AISC DeepFake Çalışmaları/Deneyler/Nazlıcan/Deney 1/Kaş/real/train/real_train_00140.jpg,real/train/real_train_00140.jpg,cc26cd19b15cb2580d88cb2d42d2ffd5680b38c85aceca3fb75cc63a0bab4f89,,20260806_142915_eyebrow_roi_seed42_b775dfb93f,2026-08-06T14:37:58.120297+00:00,854,480,,,1,,,,,,
0f2b35a8299c92902d5f2a20e82c45f25e4ddc6ed0c81be57d220818c7a68212,,157,0.0,real,train,skipped,insufficient_space_below_eyebrows,/content/drive/MyDrive/AISC DeepFake Çalışmaları/Deneyler/Deney 1 Frame/Real/train/real_train_00157.jpg,Real/train/real_train_00157.jpg,/content/drive/MyDrive/AISC DeepFake Çalışmaları/Deneyler/Nazlıcan/Deney 1/Kaş/real/train/real_train_00157.jpg,real/train/real_train_00157.jpg,4a214f0ab1a720d9afff8a07192e1c651c7ade3c45480708ce3ee2bbb8e1a9a4,,20260806_142915_eyebrow_roi_seed42_b775dfb93f,2026-08-06T14:38:04.101160+00:00,1920,1080,,,1,,,,,,
eaefe31fd303be1b8e55bdc299b3897265f4c6ca25ffb22fd4f8369895ba316e,,158,0.0,real,train,skipped,insufficient_space_below_eyebrows,/content/drive/MyDrive/AISC DeepFake Çalışmaları/Deneyler/Deney 1 Frame/Real/train/real_train_00158.jpg,Real/train/real_train_00158.jpg,/content/drive/MyDrive/AISC DeepFake Çalışmaları/Deneyler/Nazlıcan/Deney 1/Kaş/real/train/real_train_00158.jpg,real/train/real_train_00158.jpg,f619c0f7e8d9ae35164b6a13689d003de15391bb8a23ad018c42645dc9cdf5f9,,20260806_142915_eyebrow_roi_seed42_b775dfb93f,2026-08-06T14:38:04.489276+00:00,854,480,,,1,,,,,,
dbf2f79ebbe98a01e03406bcbee3d9087e3b8cd01ad571f95b1b94ca5bb26fea,,159,0.0,real,train,skipped,insufficient_space_below_eyebrows,/content/drive/MyDrive/AISC DeepFake Çalışmaları/Deneyler/Deney 1 Frame/Real/train/real_train_00159.jpg,Real/train/real_train_00159.jpg,/content/drive/MyDrive/AISC DeepFake Çalışmaları/Deneyler/Nazlıcan/Deney 1/Kaş/real/train/real_train_00159.jpg,real/train/real_train_00159.jpg,c706f7662b9225a019499277efa5eb8fc4eb70b35fa2ee0f85dc7230e2cfbb71,,20260806_142915_eyebrow_roi_seed42_b775dfb93f,2026-08-06T14:38:04.903120+00:00,1920,1080,,,1,,,,,,
6a78e34f26f6b79de7770b2d4f3b1a0c80db36cbf0a71abfb5a4315f1daf03e3,,166,0.0,real,train,skipped,too_much_eye_inside_roi:0.2812,/content/drive/MyDrive/AISC DeepFake Çalışmaları/Deneyler/Deney 1 Frame/Real/train/real_train_00166.jpg,Real/train/real_train_00166.jpg,/content/drive/MyDrive/AISC DeepFake Çalışmaları/Deneyler/Nazlıcan/Deney 1/Kaş/real/train/real_train_00166.jpg,real/train/real_train_00166.jpg,365659e371919a68432726f5de36a59ea5822ea640c1e6283c7bf7a7008f97fb,,20260806_142915_eyebrow_roi_seed42_b775dfb93f,2026-08-06T14:38:07.458030+00:00,640,480,,,1,,,,,,
ca1ce2bdbce84b96e89026f2c106ab25a6fa9db7cd6b5253b759ca61ec4d7f3e,,167,0.0,real,train,skipped,insufficient_space_below_eyebrows,/content/drive/MyDrive/AISC DeepFake Çalışmaları/Deneyler/Deney 1 Frame/Real/train/real_train_00167.jpg,Real/train/real_train_00167.jpg,/content/drive/MyDrive/AISC DeepFake Çalışmaları/Deneyler/Nazlıcan/Deney 1/Kaş/real/train/real_train_00167.jpg,real/train/real_train_00167.jpg,1e395e2c2a0704c19b09c233ab78459431051774a8ca05f8b6c594251e24ab68,,20260806_142915_eyebrow_roi_seed42_b775dfb93f,2026-08-06T14:38:07.862467+00:00,1920,1080,,,1,,,,,,
56c6c0f57e6631d3afd9f0bde1a8cb39404af25da6fc68c5b7c986b337ee768c,,169,0.0,real,train,skipped,insufficient_space_below_eyebrows,/content/drive/MyDrive/AISC DeepFake Çalışmaları/Deneyler/Deney 1 Frame/Real/train/real_train_00169.jpg,Real/train/real_train_00169.jpg,/content/drive/MyDrive/AISC DeepFake Çalışmaları/Deneyler/Nazlıcan/Deney 1/Kaş/real/train/real_train_00169.jpg,real/train/real_train_00169.jpg,3bf8cc72f9cd08b44375662d77fb12db296c5aab0d5d9c6be18d88f3e12e60d4,,20260806_142915_eyebrow_roi_seed42_b775dfb93f,2026-08-06T14:38:08.405450+00:00,1920,1080,,,1,,,,,,
9c1cd4e0afe80415a0cc08550f4b08da5e9c4a39d7326b15d1223d88c280b271,,173,0.0,real,train,skipped,insufficient_space_below_eyebrows,/content/drive/MyDrive/AISC DeepFake Çalışmaları/Deneyler/Deney 1 Frame/Real/train/real_train_00173.jpg,Real/train/real_train_00173.jpg,/content/drive/MyDrive/AISC DeepFake Çalışmaları/Deneyler/Nazlıcan/Deney 1/Kaş/real/train/real_train_00173.jpg,real/train/real_train_00173.jpg,ea2ca25a079039ef84a531569b79b3f0e2b5be3d662ae66e6d441ad26e240734,,20260806_142915_eyebrow_roi_seed42_b775dfb93f,2026-08-06T14:38:09.692961+00:00,640,480,,,1,,,,,,
39b8a8e550007a2f20d729f67cdf96d53044bf4b5ebba42807f6a9de7878f781,,176,0.0,real,train,skipped,insufficient_space_below_eyebrows,/content/drive/MyDrive/AISC DeepFake Çalışmaları/Deneyler/Deney 1 Frame/Real/train/real_train_00176.jpg,Real/train/real_train_00176.jpg,/content/drive/MyDrive/AISC DeepFake Çalışmaları/Deneyler/Nazlıcan/Deney 1/Kaş/real/train/real_train_00176.jpg,real/train/real_train_00176.jpg,ca5650dc40c3dc69abfa9638b75d1f05a4206c7666a34c0ac2ff17f20c99f48e,,20260806_142915_eyebrow_roi_seed42_b775dfb93f,2026-08-06T14:38:13.673455+00:00,720,480,,,1,,,,,,
e13e6710ba1052018281f572bc8abc718e983a6794583ecc6d43b80699eb8abc,,178,0.0,real,train,skipped,insufficient_space_below_eyebrows,/content/drive/MyDrive/AISC DeepFake Çalışmaları/Deneyler/Deney 1 Frame/Real/train/real_train_00178.jpg,Real/train/real_train_00178.jpg,/content/drive/MyDrive/AISC DeepFake Çalışmaları/Deneyler/Nazlıcan/Deney 1/Kaş/real/train/real_train_00178.jpg,real/train/real_train_00178.jpg,3e9208f547731475ce08f2184f043b84e6c66bbabf8832bbbb179051c2ff05c3,,20260806_142915_eyebrow_roi_seed42_b775dfb93f,2026-08-06T14:38:14.461409+00:00,640,480,,,1,,,,,,
86ca7fb460050f55ff8868fca8f25f299f94e3f860e215ceef267a773bd0989f,,180,0.0,real,train,skipped,insufficient_space_below_eyebrows,/content/drive/MyDrive/AISC DeepFake Çalışmaları/Deneyler/Deney 1 Frame/Real/train/real_train_00180.jpg,Real/train/real_train_00180.jpg,/content/drive/MyDrive/AISC DeepFake Çalışmaları/Deneyler/Nazlıcan/Deney 1/Kaş/real/train/real_train_00180.jpg,real/train/real_train_00180.jpg,f9146e2b7cfae77c12a59c1806e6b542cb28225f4dc184f5f18bdb25dad31c6d,,20260806_142915_eyebrow_roi_seed42_b775dfb93f,2026-08-06T14:38:15.157214+00:00,640,480,,,1,,,,,,
8a4f7c6192ebe2bb822d8255edd8d8b4c3a7e4c000f74d5ed510303359a681c9,,182,0.0,real,train,skipped,insufficient_space_below_eyebrows,/content/drive/MyDrive/AISC DeepFake Çalışmaları/Deneyler/Deney 1 Frame/Real/train/real_train_00182.jpg,Real/train/real_train_00182.jpg,/content/drive/MyDrive/AISC DeepFake Çalışmaları/Deneyler/Nazlıcan/Deney 1/Kaş/real/train/real_train_00182.jpg,real/train/real_train_00182.jpg,136640fff58f28e711ebe9aaf376bc6ec642f0c0372a8a86acef58a5f6d325d0,,20260806_142915_eyebrow_roi_seed42_b775dfb93f,2026-08-06T14:38:15.730374+00:00,1920,1080,,,1,,,,,,
255a28a270772baef5a3fff797659d24ce9d69b0889c36006d3cc8cd950fe576,,183,0.0,real,train,skipped,insufficient_space_below_eyebrows,/content/drive/MyDrive/AISC DeepFake Çalışmaları/Deneyler/Deney 1 Frame/Real/train/real_train_00183.jpg,Real/train/real_train_00183.jpg,/content/drive/MyDrive/AISC DeepFake Çalışmaları/Deneyler/Nazlıcan/Deney 1/Kaş/real/train/real_train_00183.jpg,real/train/real_train_00183.jpg,2e820c54c5d78e2645d08d031c7b55029cf2135aa398c0c0767bc2417089ab32,,20260806_142915_eyebrow_roi_seed42_b775dfb93f,2026-08-06T14:38:16.143466+00:00,1920,1080,,,1,,,,,,
c64347d51497ad48fab6721dddd0b290bf310aa61609ff7de65fea99e0b7a964,,187,0.0,real,train,skipped,insufficient_space_below_eyebrows,/content/drive/MyDrive/AISC DeepFake Çalışmaları/Deneyler/Deney 1 Frame/Real/train/real_train_00187.jpg,Real/train/real_train_00187.jpg,/content/drive/MyDrive/AISC DeepFake Çalışmaları/Deneyler/Nazlıcan/Deney 1/Kaş/real/train/real_train_00187.jpg,real/train/real_train_00187.jpg,3c978cdc4d5c4607e48884fbdd25e276485a49638c944b8790936b7376fdc8eb,,20260806_142915_eyebrow_roi_seed42_b775dfb93f,2026-08-06T14:38:17.625257+00:00,1280,720,,,1,,,,,,
30e09cf243643d41d82ede542dcee831db57b8af6e55a72092ead1160f870e19,,189,0.0,real,train,skipped,insufficient_space_below_eyebrows,/content/drive/MyDrive/AISC DeepFake Çalışmaları/Deneyler/Deney 1 Frame/Real/train/real_train_00189.jpg,Real/train/real_train_00189.jpg,/content/drive/MyDrive/AISC DeepFake Çalışmaları/Deneyler/Nazlıcan/Deney 1/Kaş/real/train/real_train_00189.jpg,real/train/real_train_00189.jpg,9266af9079b16cf0cd846f053736cc685dc80ef454b8f664096657ef208bb8e5,,20260806_142915_eyebrow_roi_seed42_b775dfb93f,2026-08-06T14:38:18.225572+00:00,1920,1080,,,1,,,,,,
b5d0c81e5ed1cae2a86d63d463792da70b20095a21545c89c3ab6f86342130ee,,191,0.0,real,train,skipped,insufficient_space_below_eyebrows,/content/drive/MyDrive/AISC DeepFake Çalışmaları/Deneyler/Deney 1 Frame/Real/train/real_train_00191.jpg,Real/train/real_train_00191.jpg,/content/drive/MyDrive/AISC DeepFake Çalışmaları/Deneyler/Nazlıcan/Deney 1/Kaş/real/train/real_train_00191.jpg,real/train/real_train_00191.jpg,d4e5327e5ba94bf7e07914e78ecf4ab91128d44060dcbeaf340acd35b3eeb3c9,,20260806_142915_eyebrow_roi_seed42_b775dfb93f,2026-08-06T14:38:18.777581+00:00,640,480,,,1,,,,,,
188239a30895ecd85764de7922208d75b3851e8de1f87ddc2b41121f46e7b48a,,196,0.0,real,train,skipped,insufficient_space_below_eyebrows,/content/drive/MyDrive/AISC DeepFake Çalışmaları/Deneyler/Deney 1 Frame/Real/train/real_train_00196.jpg,Real/train/real_train_00196.jpg,/content/drive/MyDrive/AISC DeepFake Çalışmaları/Deneyler/Nazlıcan/Deney 1/Kaş/real/train/real_train_00196.jpg,real/train/real_train_00196.jpg,02d1a50b96998f1e87f887449de2e88b29e8cbd537f09f614068ce3e7466a698,,20260806_142915_eyebrow_roi_seed42_b775dfb93f,2026-08-06T14:38:20.596342+00:00,640,480,,,1,,,,,,
192524d008f0c08708c8fa1e672eaea6a105f7d02e9f362659c76303faf786de,,197,0.0,real,train,skipped,insufficient_space_below_eyebrows,/content/drive/MyDrive/AISC DeepFake Çalışmaları/Deneyler/Deney 1 Frame/Real/train/real_train_00197.jpg,Real/train/real_train_00197.jpg,/content/drive/MyDrive/AISC DeepFake Çalışmaları/Deneyler/Nazlıcan/Deney 1/Kaş/real/train/real_train_00197.jpg,real/train/real_train_00197.jpg,729c7d92b5b883043764c397ef884bcc3d02b63a8d52e1d5640569006242936d,,20260806_142915_eyebrow_roi_seed42_b775dfb93f,2026-08-06T14:38:20.948280+00:00,600,480,,,1,,,,,,
491f2322db847e7274184ee3cca3311fea6772b1b7f59457279bb273a60ed305,,198,0.0,real,train,skipped,insufficient_space_below_eyebrows,/content/drive/MyDrive/AISC DeepFake Çalışmaları/Deneyler/Deney 1 Frame/Real/train/real_train_00198.jpg,Real/train/real_train_00198.jpg,/content/drive/MyDrive/AISC DeepFake Çalışmaları/Deneyler/Nazlıcan/Deney 1/Kaş/real/train/real_train_00198.jpg,real/train/real_train_00198.jpg,2e3f367501e07dbf79dc8afa25d25da41250b0ca67f026d5764b75bcba668d23,,20260806_142915_eyebrow_roi_seed42_b775dfb93f,2026-08-06T14:38:21.342870+00:00,854,480,,,1,,,,,,
72a14d047cdeb1370d4fac01ac4b51e2f220140c59a6809694a749a58a7580d5,,200,0.0,real,train,skipped,insufficient_space_below_eyebrows,/content/drive/MyDrive/AISC DeepFake Çalışmaları/Deneyler/Deney 1 Frame/Real/train/real_train_00200.jpg,Real/train/real_train_00200.jpg,/content/drive/MyDrive/AISC DeepFake Çalışmaları/Deneyler/Nazlıcan/Deney 1/Kaş/real/train/real_train_00200.jpg,real/train/real_train_00200.jpg,2106b71b443aa67d80d014d4cf7c3e802e7f4eedb290ad75e9b38868f28e2c76,,20260806_142915_eyebrow_roi_seed42_b775dfb93f,2026-08-06T14:38:22.068013+00:00,640,480,,,1,,,,,,
de29ba1da2e29655b9a54e10b17e0aa76412aa5f0dd4b9c0281012ea8e5ae07e,,204,0.0,real,train,skipped,insufficient_space_below_eyebrows,/content/drive/MyDrive/AISC DeepFake Çalışmaları/Deneyler/Deney 1 Frame/Real/train/real_train_00204.jpg,Real/train/real_train_00204.jpg,/content/drive/MyDrive/AISC DeepFake Çalışmaları/Deneyler/Nazlıcan/Deney 1/Kaş/real/train/real_train_00204.jpg,real/train/real_train_00204.jpg,c3fe79ad2e3e482da460e344b4fd0081ae4fec5a1498c671200cf455d23b7376,,20260806_142915_eyebrow_roi_seed42_b775dfb93f,2026-08-06T14:38:23.467348+00:00,656,480,,,1,,,,,,
d08c9a1020bd77eed453ff6f036de65341b3629085e0521af5d0c9654b301c67,,208,0.0,real,train,skipped,insufficient_space_below_eyebrows,/content/drive/MyDrive/AISC DeepFake Çalışmaları/Deneyler/Deney 1 Frame/Real/train/real_train_00208.jpg,Real/train/real_train_00208.jpg,/content/drive/MyDrive/AISC DeepFake Çalışmaları/Deneyler/Nazlıcan/Deney 1/Kaş/real/train/real_train_00208.jpg,real/train/real_train_00208.jpg,6bb36941aec1478df63253334a31ccc57647201a78a25356c633d6e9500d7b60,,20260806_142915_eyebrow_roi_seed42_b775dfb93f,2026-08-06T14:38:24.606968+00:00,640,480,,,1,,,,,,
fc283c3e7dd6adc958f8d0b01545c70ff05dcccab4d8ef0de7cbb7c99c6d92ec,,215,0.0,real,train,skipped,insufficient_space_below_eyebrows,/content/drive/MyDrive/AISC DeepFake Çalışmaları/Deneyler/Deney 1 Frame/Real/train/real_train_00215.jpg,Real/train/real_train_00215.jpg,/content/drive/MyDrive/AISC DeepFake Çalışmaları/Deneyler/Nazlıcan/Deney 1/Kaş/real/train/real_train_00215.jpg,real/train/real_train_00215.jpg,d5cb78f7c0d00b1c612cfbd1ea994ed16f889977fbe7d6b122596855836f4b68,,20260806_142915_eyebrow_roi_seed42_b775dfb93f,2026-08-06T14:38:26.741375+00:00,1280,720,,,1,,,,,,
91f3ad8d15806a83c66dd4d33055b09b0d7614a31d7e3f34198b177a608b59d7,,219,0.0,real,train,skipped,insufficient_space_below_eyebrows,/content/drive/MyDrive/AISC DeepFake Çalışmaları/Deneyler/Deney 1 Frame/Real/train/real_train_00219.jpg,Real/train/real_train_00219.jpg,/content/drive/MyDrive/AISC DeepFake Çalışmaları/Deneyler/Nazlıcan/Deney 1/Kaş/real/train/real_train_00219.jpg,real/train/real_train_00219.jpg,10dc5aebaba57e4d62492dd32fcc352547b10ada6bf7ff272385013f3d4b157d,,20260806_142915_eyebrow_roi_seed42_b775dfb93f,2026-08-06T14:38:28.191251+00:00,854,480,,,1,,,,,,
9db6d7205c5c78d852de431fa13470654f5a7edb8e2e80e6ee8dabe9b5b2016b,,222,,real,train,skipped,face_not_found,/content/drive/MyDrive/AISC DeepFake Çalışmaları/Deneyler/Deney 1 Frame/Real/train/real_train_00222.jpg,Real/train/real_train_00222.jpg,/content/drive/MyDrive/AISC DeepFake Çalışmaları/Deneyler/Nazlıcan/Deney 1/Kaş/real/train/real_train_00222.jpg,real/train/real_train_00222.jpg,640cf3b75e696f673bec20e091509f571493f5ecbff3405777f5b0829103c3e5,,20260806_142915_eyebrow_roi_seed42_b775dfb93f,2026-08-06T14:38:29.416748+00:00,640,480,,,0,,,,,,
b284e8ec7cb23b196ffd79ddc6bb40a855909bafb3d82e587b998a8f7eed9871,,227,,real,train,skipped,face_not_found,/content/drive/MyDrive/AISC DeepFake Çalışmaları/Deneyler/Deney 1 Frame/Real/train/real_train_00227.jpg,Real/train/real_train_00227.jpg,/content/drive/MyDrive/AISC DeepFake Çalışmaları/Deneyler/Nazlıcan/Deney 1/Kaş/real/train/real_train_00227.jpg,real/train/real_train_00227.jpg,c850a984a1daebe6cf730a0f7a92b3fca088f570ce3aadc3cd86d62dad88a345,,20260806_142915_eyebrow_roi_seed42_b775dfb93f,2026-08-06T14:38:31.083230+00:00,1280,720,,,0,,,,,,
d396c61ab9ce1c54edd1685cf4ef4c560a7c614b3e0d5413d65a1d3bab46c985,,228,0.0,real,train,skipped,insufficient_space_below_eyebrows,/content/drive/MyDrive/AISC DeepFake Çalışmaları/Deneyler/Deney 1 Frame/Real/train/real_train_00228.jpg,Real/train/real_train_00228.jpg,/content/drive/MyDrive/AISC DeepFake Çalışmaları/Deneyler/Nazlıcan/Deney 1/Kaş/real/train/real_train_00228.jpg,real/train/real_train_00228.jpg,da557d4916e801368ce9d46816ef5b87a1cf4a98e8507a43292da70f86b1bba4,,20260806_142915_eyebrow_roi_seed42_b775dfb93f,2026-08-06T14:38:31.470363+00:00,1280,720,,,1,,,,,,
99d3db91ad33912df31e2ce830e53e14b3724cbd444781caa6357c6e6ca7c575,,237,,real,train,skipped,face_not_found,/content/drive/MyDrive/AISC DeepFake Çalışmaları/Deneyler/Deney 1 Frame/Real/train/real_train_00237.jpg,Real/train/real_train_00237.jpg,/content/drive/MyDrive/AISC DeepFake Çalışmaları/Deneyler/Nazlıcan/Deney 1/Kaş/real/train/real_train_00237.jpg,real/train/real_train_00237.jpg,a9dd96b279ccefee54f50c15bb34d3744049d2c2bdb0e16ee62450a094ebadf5,,20260806_142915_eyebrow_roi_seed42_b775dfb93f,2026-08-06T14:38:35.154910+00:00,1280,720,,,0,,,,,,
074e6e4caa134b50826a50db8c726a5d70f6b6f7d2f3f9ea6b8466db98cb2a0c,,240,0.0,real,train,skipped,insufficient_space_below_eyebrows,/content/drive/MyDrive/AISC DeepFake Çalışmaları/Deneyler/Deney 1 Frame/Real/train/real_train_00240.jpg,Real/train/real_train_00240.jpg,/content/drive/MyDrive/AISC DeepFake Çalışmaları/Deneyler/Nazlıcan/Deney 1/Kaş/real/train/real_train_00240.jpg,real/train/real_train_00240.jpg,6c89a5b962c266aefb5c7bf52f059f3905e38c69bd9fe78800487e5fa7c52e55,,20260806_142915_eyebrow_roi_seed42_b775dfb93f,2026-08-06T14:38:36.120526+00:00,600,480,,,1,,,,,,
59faad1329ec8ac10dead79d4d8e026a876ed28b14fb26312b26dfd46b97b5e0,,249,0.0,real,train,skipped,insufficient_space_below_eyebrows,/content/drive/MyDrive/AISC DeepFake Çalışmaları/Deneyler/Deney 1 Frame/Real/train/real_train_00249.jpg,Real/train/real_train_00249.jpg,/content/drive/MyDrive/AISC DeepFake Çalışmaları/Deneyler/Nazlıcan/Deney 1/Kaş/real/train/real_train_00249.jpg,real/train/real_train_00249.jpg,c04d26c67bdafe697a17ffc1afffedf0fcdf6c1068320d7816a24b5540a61bb7,,20260806_142915_eyebrow_roi_seed42_b775dfb93f,2026-08-06T14:38:39.062650+00:00,1920,1080,,,1,,,,,,
7c66c17d38a0ae5a88156132178ab8fff3d5a763e9ebb39892e19a14fac2c3a3,,251,0.0,real,train,skipped,insufficient_space_below_eyebrows,/content/drive/MyDrive/AISC DeepFake Çalışmaları/Deneyler/Deney 1 Frame/Real/train/real_train_00251.jpg,Real/train/real_train_00251.jpg,/content/drive/MyDrive/AISC DeepFake Çalışmaları/Deneyler/Nazlıcan/Deney 1/Kaş/real/train/real_train_00251.jpg,real/train/real_train_00251.jpg,c037517117ebdfb61effee02311eaa5f1b89ce233a1b04c4d5ac7d0498e255c0,,20260806_142915_eyebrow_roi_seed42_b775dfb93f,2026-08-06T14:38:39.897092+00:00,654,480,,,1,,,,,,
19f2d52ae4532b07461f2cabbc8849b466588469314091b23efb71e6bef19a09,,253,,real,train,skipped,multiple_faces_detected:2,/content/drive/MyDrive/AISC DeepFake Çalışmaları/Deneyler/Deney 1 Frame/Real/train/real_train_00253.jpg,Real/train/real_train_00253.jpg,/content/drive/MyDrive/AISC DeepFake Çalışmaları/Deneyler/Nazlıcan/Deney 1/Kaş/real/train/real_train_00253.jpg,real/train/real_train_00253.jpg,41305dafb9800410dbc64ba9f644719b32372ae6c50d984244019776eb359fd4,,20260806_142915_eyebrow_roi_seed42_b775dfb93f,2026-08-06T14:38:40.479780+00:00,720,480,,,2,,,,,,
309ecd6266e4bcbda5b380fa31c60099a339005a3b7ca47589301cc483aa8c91,,255,0.0,real,train,skipped,insufficient_space_below_eyebrows,/content/drive/MyDrive/AISC DeepFake Çalışmaları/Deneyler/Deney 1 Frame/Real/train/real_train_00255.jpg,Real/train/real_train_00255.jpg,/content/drive/MyDrive/AISC DeepFake Çalışmaları/Deneyler/Nazlıcan/Deney 1/Kaş/real/train/real_train_00255.jpg,real/train/real_train_00255.jpg,481626abd7056a9878253bca4f2179a7d0f2f6fd60da1e7f80c90554578f6b81,,20260806_142915_eyebrow_roi_seed42_b775dfb93f,2026-08-06T14:38:41.224957+00:00,640,480,,,1,,,,,,
4e0032ab41d922860dca13476b72be1874eb8cc4f5f1dcd70f7c49222ae6c89c,,256,0.0,real,train,skipped,insufficient_space_below_eyebrows,/content/drive/MyDrive/AISC DeepFake Çalışmaları/Deneyler/Deney 1 Frame/Real/train/real_train_00256.jpg,Real/train/real_train_00256.jpg,/content/drive/MyDrive/AISC DeepFake Çalışmaları/Deneyler/Nazlıcan/Deney 1/Kaş/real/train/real_train_00256.jpg,real/train/real_train_00256.jpg,170c9c0ef30dd97ef4d06f8a430fa39f1868dc23f0417b50633a06f6de8e4462,,20260806_142915_eyebrow_roi_seed42_b775dfb93f,2026-08-06T14:38:41.489157+00:00,600,480,,,1,,,,,,
31c90a63b2122aebd184fb01314c30ea0d4a027362e8211324320d1a2023c665,,259,0.0,real,train,skipped,insufficient_space_below_eyebrows,/content/drive/MyDrive/AISC DeepFake Çalışmaları/Deneyler/Deney 1 Frame/Real/train/real_train_00259.jpg,Real/train/real_train_00259.jpg,/content/drive/MyDrive/AISC DeepFake Çalışmaları/Deneyler/Nazlıcan/Deney 1/Kaş/real/train/real_train_00259.jpg,real/train/real_train_00259.jpg,3cc3cb9f2cfce05918811cdff62e1df5f6673befea147612a35e95da4a3c4a11,,20260806_142915_eyebrow_roi_seed42_b775dfb93f,2026-08-06T14:38:42.842318+00:00,600,480,,,1,,,,,,
8e7230319f406e41acc8728d23bf930f31e464c78b36212a0aaddf693a0c76e8,,262,0.0,real,train,skipped,insufficient_space_below_eyebrows,/content/drive/MyDrive/AISC DeepFake Çalışmaları/Deneyler/Deney 1 Frame/Real/train/real_train_00262.jpg,Real/train/real_train_00262.jpg,/content/drive/MyDrive/AISC DeepFake Çalışmaları/Deneyler/Nazlıcan/Deney 1/Kaş/real/train/real_train_00262.jpg,real/train/real_train_00262.jpg,e1d9cb71e9a41bdc028a8449483e4cecd7b21c33a2d2b805061aa882ea193f01,,20260806_142915_eyebrow_roi_seed42_b775dfb93f,2026-08-06T14:38:43.865402+00:00,1920,1080,,,1,,,,,,
7df4d78bfe080d34325c182bfd86ee2045bf08f74d1c3e7d2ea7e9d436c4128b,,263,0.0,real,train,skipped,insufficient_space_below_eyebrows,/content/drive/MyDrive/AISC DeepFake Çalışmaları/Deneyler/Deney 1 Frame/Real/train/real_train_00263.jpg,Real/train/real_train_00263.jpg,/content/drive/MyDrive/AISC DeepFake Çalışmaları/Deneyler/Nazlıcan/Deney 1/Kaş/real/train/real_train_00263.jpg,real/train/real_train_00263.jpg,85aaa2a87bf4e20dce59066d9574ecf0b94bf0547295af3c5aecccd6f50567d3,,20260806_142915_eyebrow_roi_seed42_b775dfb93f,2026-08-06T14:38:44.096088+00:00,1280,720,,,1,,,,,,
66551b23d3f7a3cc241d858b0555a803290051d4d5321ed0ed82a35aa96dc2fb,,266,0.0,real,train,skipped,insufficient_space_below_eyebrows,/content/drive/MyDrive/AISC DeepFake Çalışmaları/Deneyler/Deney 1 Frame/Real/train/real_train_00266.jpg,Real/train/real_train_00266.jpg,/content/drive/MyDrive/AISC DeepFake Çalışmaları/Deneyler/Nazlıcan/Deney 1/Kaş/real/train/real_train_00266.jpg,real/train/real_train_00266.jpg,a2984d878975f643ecd6d0dccce6e4a88de794dc22194dfb0d75f339856dadf0,,20260806_142915_eyebrow_roi_seed42_b775dfb93f,2026-08-06T14:38:45.148989+00:00,640,480,,,1,,,,,,
f770d82db93b5092cba559301d8342190ce740ab13c30dba6067052c90258a12,,271,0.0,real,train,skipped,insufficient_space_below_eyebrows,/content/drive/MyDrive/AISC DeepFake Çalışmaları/Deneyler/Deney 1 Frame/Real/train/real_train_00271.jpg,Real/train/real_train_00271.jpg,/content/drive/MyDrive/AISC DeepFake Çalışmaları/Deneyler/Nazlıcan/Deney 1/Kaş/real/train/real_train_00271.jpg,real/train/real_train_00271.jpg,c777cc8dd3757850558e427caa778ee09471f8927473d66ac87a1edd6d632302,,20260806_142915_eyebrow_roi_seed42_b775dfb93f,2026-08-06T14:38:48.773793+00:00,1920,1080,,,1,,,,,,
5c15aee821b5cb4be10bd42d3237fa81fc915a0772356351efae12dad2cbddea,,272,0.0,real,train,skipped,insufficient_space_below_eyebrows,/content/drive/MyDrive/AISC DeepFake Çalışmaları/Deneyler/Deney 1 Frame/Real/train/real_train_00272.jpg,Real/train/real_train_00272.jpg,/content/drive/MyDrive/AISC DeepFake Çalışmaları/Deneyler/Nazlıcan/Deney 1/Kaş/real/train/real_train_00272.jpg,real/train/real_train_00272.jpg,88d90e0e67583f88e5216a5677ae9f39c769cd20925778cffbd8a3b8b957911d,,20260806_142915_eyebrow_roi_seed42_b775dfb93f,2026-08-06T14:38:49.102458+00:00,1280,720,,,1,,,,,,
9ecb7645b90138fe2de412ad99e6a9d99c5ff69dabb12cbaae8431e6d769f632,,273,0.0,real,train,skipped,insufficient_space_below_eyebrows,/content/drive/MyDrive/AISC DeepFake Çalışmaları/Deneyler/Deney 1 Frame/Real/train/real_train_00273.jpg,Real/train/real_train_00273.jpg,/content/drive/MyDrive/AISC DeepFake Çalışmaları/Deneyler/Nazlıcan/Deney 1/Kaş/real/train/real_train_00273.jpg,real/train/real_train_00273.jpg,1ec3743414ba650f1bdd011db361f797a2aa8e6c8ebb37bcde66b533e08fbc0b,,20260806_142915_eyebrow_roi_seed42_b775dfb93f,2026-08-06T14:38:49.457708+00:00,640,480,,,1,,,,,,
3044d15171f318692319e60aa05cfb06b0b10ed1c3918f409c0b40f5e8f395c2,,277,0.0,real,train,skipped,insufficient_space_below_eyebrows,/content/drive/MyDrive/AISC DeepFake Çalışmaları/Deneyler/Deney 1 Frame/Real/train/real_train_00277.jpg,Real/train/real_train_00277.jpg,/content/drive/MyDrive/AISC DeepFake Çalışmaları/Deneyler/Nazlıcan/Deney 1/Kaş/real/train/real_train_00277.jpg,real/train/real_train_00277.jpg,cba8e1d181ac8a76819a1df94c5e49c5dcacebaaa66139796fc98eaae23c3b1c,,20260806_142915_eyebrow_roi_seed42_b775dfb93f,2026-08-06T14:38:51.063986+00:00,640,480,,,1,,,,,,
1b2563e4200ac8ae0a0ad8c91f32fd23400907b79d438173df4a53c83629bb19,,278,0.0,real,train,skipped,insufficient_space_below_eyebrows,/content/drive/MyDrive/AISC DeepFake Çalışmaları/Deneyler/Deney 1 Frame/Real/train/real_train_00278.jpg,Real/train/real_train_00278.jpg,/content/drive/MyDrive/AISC DeepFake Çalışmaları/Deneyler/Nazlıcan/Deney 1/Kaş/real/train/real_train_00278.jpg,real/train/real_train_00278.jpg,64ab14304a1d716adec462a3d076d8b615e99dabb23fddb8370110c699dc3013,,20260806_142915_eyebrow_roi_seed42_b775dfb93f,2026-08-06T14:38:51.447848+00:00,854,480,,,1,,,,,,
60bf6ecd326f018926a6090b30813c9ca24972da1c7b021ccdb6916350d6449c,,281,0.0,real,train,skipped,insufficient_space_below_eyebrows,/content/drive/MyDrive/AISC DeepFake Çalışmaları/Deneyler/Deney 1 Frame/Real/train/real_train_00281.jpg,Real/train/real_train_00281.jpg,/content/drive/MyDrive/AISC DeepFake Çalışmaları/Deneyler/Nazlıcan/Deney 1/Kaş/real/train/real_train_00281.jpg,real/train/real_train_00281.jpg,35e00f4bde04f3e2eb7180cd52d7193730b9789ee89433d41a29892eaa4a8e3a,,20260806_142915_eyebrow_roi_seed42_b775dfb93f,2026-08-06T14:38:52.539384+00:00,640,480,,,1,,,,,,
eec121df11a9595a884d46cb8ba760ba9dfa3444deb9292faa9d8c642a08e613,,282,0.0,real,train,skipped,insufficient_space_below_eyebrows,/content/drive/MyDrive/AISC DeepFake Çalışmaları/Deneyler/Deney 1 Frame/Real/train/real_train_00282.jpg,Real/train/real_train_00282.jpg,/content/drive/MyDrive/AISC DeepFake Çalışmaları/Deneyler/Nazlıcan/Deney 1/Kaş/real/train/real_train_00282.jpg,real/train/real_train_00282.jpg,7eb9bdda469a6114cb2023e373263e7dbc648b483277b4c3d88daa655ab97513,,20260806_142915_eyebrow_roi_seed42_b775dfb93f,2026-08-06T14:38:52.842052+00:00,600,480,,,1,,,,,,
551b7247759d59691feb44b1c8a56e29d396c14c54b3f46a276c1837757d9cf3,,283,0.0,real,train,skipped,insufficient_space_below_eyebrows,/content/drive/MyDrive/AISC DeepFake Çalışmaları/Deneyler/Deney 1 Frame/Real/train/real_train_00283.jpg,Real/train/real_train_00283.jpg,/content/drive/MyDrive/AISC DeepFake Çalışmaları/Deneyler/Nazlıcan/Deney 1/Kaş/real/train/real_train_00283.jpg,real/train/real_train_00283.jpg,4012645f98bfcf79beb8158e5972f42c203950716d8011ae0c8ab1393fd29814,,20260806_142915_eyebrow_roi_seed42_b775dfb93f,2026-08-06T14:38:53.090536+00:00,1920,1080,,,1,,,,,,
083d6c24838225fb58771d9288604ecdbb1a6781b475b685c82cf3043d4e09af,,292,0.0,real,train,skipped,insufficient_space_below_eyebrows,/content/drive/MyDrive/AISC DeepFake Çalışmaları/Deneyler/Deney 1 Frame/Real/train/real_train_00292.jpg,Real/train/real_train_00292.jpg,/content/drive/MyDrive/AISC DeepFake Çalışmaları/Deneyler/Nazlıcan/Deney 1/Kaş/real/train/real_train_00292.jpg,real/train/real_train_00292.jpg,c2194928fb54bac1205bbef63ad15aac535158d93f2e0e76648293ea0bd2f692,,20260806_142915_eyebrow_roi_seed42_b775dfb93f,2026-08-06T14:38:56.086741+00:00,600,480,,,1,,,,,,
1f91af0327f8736c4b888e4452b9827835f0e952f2e0ba2b13add665f334273d,,295,0.0,real,train,skipped,insufficient_space_below_eyebrows,/content/drive/MyDrive/AISC DeepFake Çalışmaları/Deneyler/Deney 1 Frame/Real/train/real_train_00295.jpg,Real/train/real_train_00295.jpg,/content/drive/MyDrive/AISC DeepFake Çalışmaları/Deneyler/Nazlıcan/Deney 1/Kaş/real/train/real_train_00295.jpg,real/train/real_train_00295.jpg,9444df3d216ee348dc16e4d91a9a620f2db2a1dad84dccfea11f5649a5169d96,,20260806_142915_eyebrow_roi_seed42_b775dfb93f,2026-08-06T14:38:57.019191+00:00,640,480,,,1,,,,,,
eee7030fd4b435db047390ccffdab9cf392a7d0aa29896f60b78f6b947fcb0e0,,297,0.0,real,train,skipped,insufficient_space_below_eyebrows,/content/drive/MyDrive/AISC DeepFake Çalışmaları/Deneyler/Deney 1 Frame/Real/train/real_train_00297.jpg,Real/train/real_train_00297.jpg,/content/drive/MyDrive/AISC DeepFake Çalışmaları/Deneyler/Nazlıcan/Deney 1/Kaş/real/train/real_train_00297.jpg,real/train/real_train_00297.jpg,fc848c42a86c0b7b28c33c1be8eecf4b123e42aa0b91b4d28da69bfdf33fe3f8,,20260806_142915_eyebrow_roi_seed42_b775dfb93f,2026-08-06T14:38:58.310566+00:00,1280,720,,,1,,,,,,
9fb6dd21e5f3c85ae24cd5a261de85f25a7b6263ae885c2f6a50a82035a47e98,,298,0.0,real,train,skipped,insufficient_space_below_eyebrows,/content/drive/MyDrive/AISC DeepFake Çalışmaları/Deneyler/Deney 1 Frame/Real/train/real_train_00298.jpg,Real/train/real_train_00298.jpg,/content/drive/MyDrive/AISC DeepFake Çalışmaları/Deneyler/Nazlıcan/Deney 1/Kaş/real/train/real_train_00298.jpg,real/train/real_train_00298.jpg,95e7cc12dd8c00535bd24d1745a2f024d30ad8604f4ff84482da4fedee80d5fd,,20260806_142915_eyebrow_roi_seed42_b775dfb93f,2026-08-06T14:38:58.696558+00:00,640,480,,,1,,,,,,
7fb181dbdbb029f9593c7a4181c8567c5935c582953930254e2cfd6d9927150f,,301,0.0,real,train,skipped,roi_height_too_small:12,/content/drive/MyDrive/AISC DeepFake Çalışmaları/Deneyler/Deney 1 Frame/Real/train/real_train_00301.jpg,Real/train/real_train_00301.jpg,/content/drive/MyDrive/AISC DeepFake Çalışmaları/Deneyler/Nazlıcan/Deney 1/Kaş/real/train/real_train_00301.jpg,real/train/real_train_00301.jpg,45f662f252abd82c92718b03d74621b12a56e92ae83d8ad543355ba44fd2ae10,,20260806_142915_eyebrow_roi_seed42_b775dfb93f,2026-08-06T14:38:59.598576+00:00,602,480,,,1,,,,,,
05bdeffd217a247bbc761f0e2bf52e538311305d4edfd4c0b5c199ea9a6057e0,,303,0.0,real,train,skipped,too_much_eye_inside_roi:0.3438,/content/drive/MyDrive/AISC DeepFake Çalışmaları/Deneyler/Deney 1 Frame/Real/train/real_train_00303.jpg,Real/train/real_train_00303.jpg,/content/drive/MyDrive/AISC DeepFake Çalışmaları/Deneyler/Nazlıcan/Deney 1/Kaş/real/train/real_train_00303.jpg,real/train/real_train_00303.jpg,6b81cbc8d0ae562e8709844f4b04d68c572b399613d30f3853b861def1946ff9,,20260806_142915_eyebrow_roi_seed42_b775dfb93f,2026-08-06T14:39:00.296975+00:00,640,480,,,1,,,,,,
fef265b4d412ce360974d495379a9155aeaafbdb7c9d262b0e4767a4e6cfc57a,,306,0.0,real,train,skipped,insufficient_space_below_eyebrows,/content/drive/MyDrive/AISC DeepFake Çalışmaları/Deneyler/Deney 1 Frame/Real/train/real_train_00306.jpg,Real/train/real_train_00306.jpg,/content/drive/MyDrive/AISC DeepFake Çalışmaları/Deneyler/Nazlıcan/Deney 1/Kaş/real/train/real_train_00306.jpg,real/train/real_train_00306.jpg,04309354d7567f34b8e5e57556935857106b07aa222373efe78e1d83dbb4778e,,20260806_142915_eyebrow_roi_seed42_b775dfb93f,2026-08-06T14:39:01.853774+00:00,640,480,,,1,,,,,,
11494d8afe09705a706850ca3e312fa0584496f0033dbb4d411d328cb619652e,,310,,real,train,skipped,face_not_found,/content/drive/MyDrive/AISC DeepFake Çalışmaları/Deneyler/Deney 1 Frame/Real/train/real_train_00310.jpg,Real/train/real_train_00310.jpg,/content/drive/MyDrive/AISC DeepFake Çalışmaları/Deneyler/Nazlıcan/Deney 1/Kaş/real/train/real_train_00310.jpg,real/train/real_train_00310.jpg,83e4383b65f90031b83d03aa6cd4c1e5d60c7bdea0dcf8e5f5a13c6d94acd51b,,20260806_142915_eyebrow_roi_seed42_b775dfb93f,2026-08-06T14:39:04.389333+00:00,854,480,,,0,,,,,,
3a75c08791d0ad27bad2531c8d65df7e125ba27ad3046e8006127c25c75bf448,,312,0.0,real,train,skipped,insufficient_space_below_eyebrows,/content/drive/MyDrive/AISC DeepFake Çalışmaları/Deneyler/Deney 1 Frame/Real/train/real_train_00312.jpg,Real/train/real_train_00312.jpg,/content/drive/MyDrive/AISC DeepFake Çalışmaları/Deneyler/Nazlıcan/Deney 1/Kaş/real/train/real_train_00312.jpg,real/train/real_train_00312.jpg,0efb5f6e64c0b02f78c3c24d8df4cec8d87e883ba9955c4fff9e95cc24f6ced1,,20260806_142915_eyebrow_roi_seed42_b775dfb93f,2026-08-06T14:39:04.925376+00:00,1920,1080,,,1,,,,,,
038d8177d2d2d91254dfcccc79ab62f4963d49624be34f8c52995cfac0bead6f,,325,0.0,real,train,skipped,insufficient_space_below_eyebrows,/content/drive/MyDrive/AISC DeepFake Çalışmaları/Deneyler/Deney 1 Frame/Real/train/real_train_00325.jpg,Real/train/real_train_00325.jpg,/content/drive/MyDrive/AISC DeepFake Çalışmaları/Deneyler/Nazlıcan/Deney 1/Kaş/real/train/real_train_00325.jpg,real/train/real_train_00325.jpg,17653974d7ef959fad03fddc8ceeb5d92cd5ce30b9c36c34e96612712c8e3e07,,20260806_142915_eyebrow_roi_seed42_b775dfb93f,2026-08-06T14:39:09.637258+00:00,1280,720,,,1,,,,,,
86db886264c15561e5bf97083d7aecbd6e3ad4373da6c9b6bb687d38bf2de0bd,,334,,real,train,skipped,face_not_found,/content/drive/MyDrive/AISC DeepFake Çalışmaları/Deneyler/Deney 1 Frame/Real/train/real_train_00334.jpg,Real/train/real_train_00334.jpg,/content/drive/MyDrive/AISC DeepFake Çalışmaları/Deneyler/Nazlıcan/Deney 1/Kaş/real/train/real_train_00334.jpg,real/train/real_train_00334.jpg,4808f0a9e2589b40d7830178171c63b94506c74632bbc8acc4bde552c5eed538,,20260806_142915_eyebrow_roi_seed42_b775dfb93f,2026-08-06T14:39:12.430648+00:00,1280,720,,,0,,,,,,
676397081328962d1d6316367e7753b84f6410305d5f6f72cfb18a76e1596bac,,338,0.0,real,train,skipped,insufficient_space_below_eyebrows,/content/drive/MyDrive/AISC DeepFake Çalışmaları/Deneyler/Deney 1 Frame/Real/train/real_train_00338.jpg,Real/train/real_train_00338.jpg,/content/drive/MyDrive/AISC DeepFake Çalışmaları/Deneyler/Nazlıcan/Deney 1/Kaş/real/train/real_train_00338.jpg,real/train/real_train_00338.jpg,9e3a43ac12b2f5f67a25dce8ee5b58e8ea65395593b1b11565d33f5572000334,,20260806_142915_eyebrow_roi_seed42_b775dfb93f,2026-08-06T14:39:14.061455+00:00,1280,720,,,1,,,,,,
442927cc47d82c556e845f4f972ef0386bd548252710932b19de7810d643c3ec,,341,0.0,real,train,skipped,insufficient_space_below_eyebrows,/content/drive/MyDrive/AISC DeepFake Çalışmaları/Deneyler/Deney 1 Frame/Real/train/real_train_00341.jpg,Real/train/real_train_00341.jpg,/content/drive/MyDrive/AISC DeepFake Çalışmaları/Deneyler/Nazlıcan/Deney 1/Kaş/real/train/real_train_00341.jpg,real/train/real_train_00341.jpg,8f6e58e8b6795149063ce59ab1a9103c09d7a747b8ea118d0382b2675eb0be6b,,20260806_142915_eyebrow_roi_seed42_b775dfb93f,2026-08-06T14:39:15.173128+00:00,640,480,,,1,,,,,,
04ee740a232d745927fed2aec1ad0dceb1875a70f12c5a1672522a352e270698,,346,0.0,real,train,skipped,insufficient_space_below_eyebrows,/content/drive/MyDrive/AISC DeepFake Çalışmaları/Deneyler/Deney 1 Frame/Real/train/real_train_00346.jpg,Real/train/real_train_00346.jpg,/content/drive/MyDrive/AISC DeepFake Çalışmaları/Deneyler/Nazlıcan/Deney 1/Kaş/real/train/real_train_00346.jpg,real/train/real_train_00346.jpg,aa8e087ce922000e189472bc1751e807dd23fd421f5b52d2182d44f361156a21,,20260806_142915_eyebrow_roi_seed42_b775dfb93f,2026-08-06T14:39:16.966154+00:00,1280,720,,,1,,,,,,
fe5c81932d47220ea02a515e5b156054ec22d9dec5f549e6abc778139761438c,,347,0.0,real,train,skipped,insufficient_space_below_eyebrows,/content/drive/MyDrive/AISC DeepFake Çalışmaları/Deneyler/Deney 1 Frame/Real/train/real_train_00347.jpg,Real/train/real_train_00347.jpg,/content/drive/MyDrive/AISC DeepFake Çalışmaları/Deneyler/Nazlıcan/Deney 1/Kaş/real/train/real_train_00347.jpg,real/train/real_train_00347.jpg,61f5d29a647d9f925155c72f0c4adc521d95f7283e68c816c936120315ec3019,,20260806_142915_eyebrow_roi_seed42_b775dfb93f,2026-08-06T14:39:17.286549+00:00,854,480,,,1,,,,,,
f84c5306682d659badfbbc7a3c6489fcd09ae754f3f37f707f4572a4236702bd,,349,0.0,real,train,skipped,insufficient_space_below_eyebrows,/content/drive/MyDrive/AISC DeepFake Çalışmaları/Deneyler/Deney 1 Frame/Real/train/real_train_00349.jpg,Real/train/real_train_00349.jpg,/content/drive/MyDrive/AISC DeepFake Çalışmaları/Deneyler/Nazlıcan/Deney 1/Kaş/real/train/real_train_00349.jpg,real/train/real_train_00349.jpg,a15b7a24068ec19f9d17b331b01a5a82575bdc056f744f0c3fb66b988bc17c83,,20260806_142915_eyebrow_roi_seed42_b775dfb93f,2026-08-06T14:39:18.056019+00:00,1280,720,,,1,,,,,,
5448abe708972bea90df42bc2e73fca45e181517d4bc92ef1854c54edf8995ef,,351,0.0,real,train,skipped,insufficient_space_below_eyebrows,/content/drive/MyDrive/AISC DeepFake Çalışmaları/Deneyler/Deney 1 Frame/Real/train/real_train_00351.jpg,Real/train/real_train_00351.jpg,/content/drive/MyDrive/AISC DeepFake Çalışmaları/Deneyler/Nazlıcan/Deney 1/Kaş/real/train/real_train_00351.jpg,real/train/real_train_00351.jpg,5cac2d5055d786fe05e473b1ebe126effea849ae06130ca876985af7960e329c,,20260806_142915_eyebrow_roi_seed42_b775dfb93f,2026-08-06T14:39:18.907568+00:00,640,480,,,1,,,,,,
8b6a21dc47832742377118afdef1792ed46b8cc32e353434c138e0f07822c0c3,,352,0.0,real,train,skipped,insufficient_space_below_eyebrows,/content/drive/MyDrive/AISC DeepFake Çalışmaları/Deneyler/Deney 1 Frame/Real/train/real_train_00352.jpg,Real/train/real_train_00352.jpg,/content/drive/MyDrive/AISC DeepFake Çalışmaları/Deneyler/Nazlıcan/Deney 1/Kaş/real/train/real_train_00352.jpg,real/train/real_train_00352.jpg,e5ebbf197df589da6ca72a5bae78bbc46d9a63e172b6265dabbf186f59875f27,,20260806_142915_eyebrow_roi_seed42_b775dfb93f,2026-08-06T14:39:19.215298+00:00,1280,720,,,1,,,,,,
f4bd687aa53127daa4a8475458fae700f816da1d82e2a8eaeb43b6b1427a62f0,,354,0.0,real,train,skipped,insufficient_space_below_eyebrows,/content/drive/MyDrive/AISC DeepFake Çalışmaları/Deneyler/Deney 1 Frame/Real/train/real_train_00354.jpg,Real/train/real_train_00354.jpg,/content/drive/MyDrive/AISC DeepFake Çalışmaları/Deneyler/Nazlıcan/Deney 1/Kaş/real/train/real_train_00354.jpg,real/train/real_train_00354.jpg,74d60e254b8dd6e6a1a09fdc4f4c2296e8843acff11569a5fc7abbf3883cacf8,,20260806_142915_eyebrow_roi_seed42_b775dfb93f,2026-08-06T14:39:19.901499+00:00,654,480,,,1,,,,,,
235eb7b44371a2b027d5d7709ac1890d4b95e7b843daeb9b65e986024a63eb77,,359,,real,train,skipped,multiple_faces_detected:2,/content/drive/MyDrive/AISC DeepFake Çalışmaları/Deneyler/Deney 1 Frame/Real/train/real_train_00359.jpg,Real/train/real_train_00359.jpg,/content/drive/MyDrive/AISC DeepFake Çalışmaları/Deneyler/Nazlıcan/Deney 1/Kaş/real/train/real_train_00359.jpg,real/train/real_train_00359.jpg,a31de8e2d3f986c959ad5efe13eabf8c564196593792389eb1b05463929cff28,,20260806_142915_eyebrow_roi_seed42_b775dfb93f,2026-08-06T14:39:22.681995+00:00,1280,720,,,2,,,,,,
6d1295d548e557543c65ca29bfeec554420bc6004a212f3539f2810fc6a3cfb6,,364,0.0,real,train,skipped,insufficient_space_below_eyebrows,/content/drive/MyDrive/AISC DeepFake Çalışmaları/Deneyler/Deney 1 Frame/Real/train/real_train_00364.jpg,Real/train/real_train_00364.jpg,/content/drive/MyDrive/AISC DeepFake Çalışmaları/Deneyler/Nazlıcan/Deney 1/Kaş/real/train/real_train_00364.jpg,real/train/real_train_00364.jpg,f5377547cc1e4c8af184d7e063a7ce49bb48901423d33452f048bc33a680190c,,20260806_142915_eyebrow_roi_seed42_b775dfb93f,2026-08-06T14:39:24.606108+00:00,656,480,,,1,,,,,,
44af44ae19f3dd0739a5011af2b54c1edf03adeddd48a8fe97510791b7945b3f,,365,0.0,real,train,skipped,insufficient_space_below_eyebrows,/content/drive/MyDrive/AISC DeepFake Çalışmaları/Deneyler/Deney 1 Frame/Real/train/real_train_00365.jpg,Real/train/real_train_00365.jpg,/content/drive/MyDrive/AISC DeepFake Çalışmaları/Deneyler/Nazlıcan/Deney 1/Kaş/real/train/real_train_00365.jpg,real/train/real_train_00365.jpg,4464d7eb0d2047734c45eaffbea885866385c1030c76216ac44ff7f658200e50,,20260806_142915_eyebrow_roi_seed42_b775dfb93f,2026-08-06T14:39:24.836947+00:00,1920,1080,,,1,,,,,,
102ff047d87bf5df8fc31b7674dd573ceb221fdabf2ff3fe83e520974a06c65e,,366,0.0,real,train,skipped,insufficient_space_below_eyebrows,/content/drive/MyDrive/AISC DeepFake Çalışmaları/Deneyler/Deney 1 Frame/Real/train/real_train_00366.jpg,Real/train/real_train_00366.jpg,/content/drive/MyDrive/AISC DeepFake Çalışmaları/Deneyler/Nazlıcan/Deney 1/Kaş/real/train/real_train_00366.jpg,real/train/real_train_00366.jpg,5c03524b8a41986dacfe90ebbdaff2be570abe3b5e7e35f3f4b3d7c2a4ac2b44,,20260806_142915_eyebrow_roi_seed42_b775dfb93f,2026-08-06T14:39:25.144724+00:00,1280,720,,,1,,,,,,
9580d0b9b48f4be2f09969b3ff00312ee9ae392134b4dd33173e9524de9da201,,373,0.0,real,train,skipped,insufficient_space_below_eyebrows,/content/drive/MyDrive/AISC DeepFake Çalışmaları/Deneyler/Deney 1 Frame/Real/train/real_train_00373.jpg,Real/train/real_train_00373.jpg,/content/drive/MyDrive/AISC DeepFake Çalışmaları/Deneyler/Nazlıcan/Deney 1/Kaş/real/train/real_train_00373.jpg,real/train/real_train_00373.jpg,e2d05666937b5bba1113e7563741fcc559636bae37131c13db48a2b1f038a0a5,,20260806_142915_eyebrow_roi_seed42_b775dfb93f,2026-08-06T14:39:27.310244+00:00,656,480,,,1,,,,,,
5fa0c93bc530f5e23c8caf275c8660a663a9d1c2b6a6949dae21cf9f050819ab,,374,0.0,real,train,skipped,insufficient_space_below_eyebrows,/content/drive/MyDrive/AISC DeepFake Çalışmaları/Deneyler/Deney 1 Frame/Real/train/real_train_00374.jpg,Real/train/real_train_00374.jpg,/content/drive/MyDrive/AISC DeepFake Çalışmaları/Deneyler/Nazlıcan/Deney 1/Kaş/real/train/real_train_00374.jpg,real/train/real_train_00374.jpg,bcc8cdcd2f96f81885ae3afcf13eaf3949d1884e7450282c66f4501e3a3da32f,,20260806_142915_eyebrow_roi_seed42_b775dfb93f,2026-08-06T14:39:27.705324+00:00,1920,1080,,,1,,,,,,
1af768e04ff19caab2eaf9f8fd70f501a46d596e79a17bb67b34421d2b5e8f10,,376,0.0,real,train,skipped,insufficient_space_below_eyebrows,/content/drive/MyDrive/AISC DeepFake Çalışmaları/Deneyler/Deney 1 Frame/Real/train/real_train_00376.jpg,Real/train/real_train_00376.jpg,/content/drive/MyDrive/AISC DeepFake Çalışmaları/Deneyler/Nazlıcan/Deney 1/Kaş/real/train/real_train_00376.jpg,real/train/real_train_00376.jpg,bdc378946b94df35e03ab46099890848d188134152a6b41c3567bfb67f36d378,,20260806_142915_eyebrow_roi_seed42_b775dfb93f,2026-08-06T14:39:28.575739+00:00,854,480,,,1,,,,,,
aa0e8c7e22d991fb42989fc75742e6b7f3a296d1847b6b223a6e55f2cc0003eb,,377,0.0,real,train,skipped,insufficient_space_below_eyebrows,/content/drive/MyDrive/AISC DeepFake Çalışmaları/Deneyler/Deney 1 Frame/Real/train/real_train_00377.jpg,Real/train/real_train_00377.jpg,/content/drive/MyDrive/AISC DeepFake Çalışmaları/Deneyler/Nazlıcan/Deney 1/Kaş/real/train/real_train_00377.jpg,real/train/real_train_00377.jpg,712942185283300975e1302b4819db154744105ef63690ef88a9ee5ec702dad4,,20260806_142915_eyebrow_roi_seed42_b775dfb93f,2026-08-06T14:39:28.949609+00:00,1280,720,,,1,,,,,,
19f90b1daec7430ba9b93e39d6dfc17422b29450b33a066974f3961808a09480,,379,0.0,real,train,skipped,insufficient_space_below_eyebrows,/content/drive/MyDrive/AISC DeepFake Çalışmaları/Deneyler/Deney 1 Frame/Real/train/real_train_00379.jpg,Real/train/real_train_00379.jpg,/content/drive/MyDrive/AISC DeepFake Çalışmaları/Deneyler/Nazlıcan/Deney 1/Kaş/real/train/real_train_00379.jpg,real/train/real_train_00379.jpg,886170cc08042269bc28b132f8f1f039b04c751f8e3d5aef1960804e2312cd3f,,20260806_142915_eyebrow_roi_seed42_b775dfb93f,2026-08-06T14:39:29.660822+00:00,854,480,,,1,,,,,,
7018c8c32a41d2672bb195a2f6ba56bbdd672b33ba66e66114452fee01caf3be,,382,0.0,real,train,skipped,insufficient_space_below_eyebrows,/content/drive/MyDrive/AISC DeepFake Çalışmaları/Deneyler/Deney 1 Frame/Real/train/real_train_00382.jpg,Real/train/real_train_00382.jpg,/content/drive/MyDrive/AISC DeepFake Çalışmaları/Deneyler/Nazlıcan/Deney 1/Kaş/real/train/real_train_00382.jpg,real/train/real_train_00382.jpg,d59f9211fa5875b5c26c01f51e5da7c351aee9ba49421eabdda18132b87b8f81,,20260806_142915_eyebrow_roi_seed42_b775dfb93f,2026-08-06T14:39:30.447060+00:00,600,480,,,1,,,,,,
340a2639235ab4910e034b6d8416febaf09852a76d4e8811fba32a2f0a639faf,,383,0.0,real,train,skipped,insufficient_space_below_eyebrows,/content/drive/MyDrive/AISC DeepFake Çalışmaları/Deneyler/Deney 1 Frame/Real/train/real_train_00383.jpg,Real/train/real_train_00383.jpg,/content/drive/MyDrive/AISC DeepFake Çalışmaları/Deneyler/Nazlıcan/Deney 1/Kaş/real/train/real_train_00383.jpg,real/train/real_train_00383.jpg,d25f4800123fc2add470fbf0ac6d225c9dcf5f0fc2777073af56e77fa40ec89b,,20260806_142915_eyebrow_roi_seed42_b775dfb93f,2026-08-06T14:39:30.659470+00:00,1920,1080,,,1,,,,,,
60659de7d03a4b6ce39344c3bbef7becb81cb7393417bcfb685845686a92f906,,384,0.0,real,train,skipped,insufficient_space_below_eyebrows,/content/drive/MyDrive/AISC DeepFake Çalışmaları/Deneyler/Deney 1 Frame/Real/train/real_train_00384.jpg,Real/train/real_train_00384.jpg,/content/drive/MyDrive/AISC DeepFake Çalışmaları/Deneyler/Nazlıcan/Deney 1/Kaş/real/train/real_train_00384.jpg,real/train/real_train_00384.jpg,919e3907c0db2e5a3bcc409a3f67c84b6fe507a8d77d63a80700dd62ca64ee1c,,20260806_142915_eyebrow_roi_seed42_b775dfb93f,2026-08-06T14:39:31.044487+00:00,1280,720,,,1,,,,,,
50c3e90b4777cc7780e860a3fbfffdeb51e800882b1f00b30c25a1e8c448e035,,387,0.0,real,train,skipped,insufficient_space_below_eyebrows,/content/drive/MyDrive/AISC DeepFake Çalışmaları/Deneyler/Deney 1 Frame/Real/train/real_train_00387.jpg,Real/train/real_train_00387.jpg,/content/drive/MyDrive/AISC DeepFake Çalışmaları/Deneyler/Nazlıcan/Deney 1/Kaş/real/train/real_train_00387.jpg,real/train/real_train_00387.jpg,cf28c93faf9ad78b67f8dea2555e5d79ade646bef868d744fbd4b0eab30e9c06,,20260806_142915_eyebrow_roi_seed42_b775dfb93f,2026-08-06T14:39:32.003171+00:00,1280,720,,,1,,,,,,
d024f9b0b5b568c0f3c17db921fdcb1f1a2e4cc386377c7c57d8d071e1b4b237,,390,0.0,real,train,skipped,insufficient_space_below_eyebrows,/content/drive/MyDrive/AISC DeepFake Çalışmaları/Deneyler/Deney 1 Frame/Real/train/real_train_00390.jpg,Real/train/real_train_00390.jpg,/content/drive/MyDrive/AISC DeepFake Çalışmaları/Deneyler/Nazlıcan/Deney 1/Kaş/real/train/real_train_00390.jpg,real/train/real_train_00390.jpg,b381cfc3360df218fd1f707c524117f3f9c44a53a4a374bfffab1e910c5574bf,,20260806_142915_eyebrow_roi_seed42_b775dfb93f,2026-08-06T14:39:32.882566+00:00,720,480,,,1,,,,,,
5b99b8536460ab7c5f2126bb845c6886086b01d697ebb91497c0aa28c1b68862,,393,0.0,real,train,skipped,insufficient_space_below_eyebrows,/content/drive/MyDrive/AISC DeepFake Çalışmaları/Deneyler/Deney 1 Frame/Real/train/real_train_00393.jpg,Real/train/real_train_00393.jpg,/content/drive/MyDrive/AISC DeepFake Çalışmaları/Deneyler/Nazlıcan/Deney 1/Kaş/real/train/real_train_00393.jpg,real/train/real_train_00393.jpg,0921f5d7cef298627be58ae734f1ebcada43dd933c99972c995c437a2ac20c05,,20260806_142915_eyebrow_roi_seed42_b775dfb93f,2026-08-06T14:39:33.657726+00:00,1280,720,,,1,,,,,,
3a780bd4a008ec130a9e24fd65b09e036b2a54fb99a37a3663ea7cede8e0f74c,,396,0.0,real,train,skipped,insufficient_space_below_eyebrows,/content/drive/MyDrive/AISC DeepFake Çalışmaları/Deneyler/Deney 1 Frame/Real/train/real_train_00396.jpg,Real/train/real_train_00396.jpg,/content/drive/MyDrive/AISC DeepFake Çalışmaları/Deneyler/Nazlıcan/Deney 1/Kaş/real/train/real_train_00396.jpg,real/train/real_train_00396.jpg,b5b0cb02f1c2ececa8fe22bc9409e13f57da15b3dec2ee16006386a08b818ff4,,20260806_142915_eyebrow_roi_seed42_b775dfb93f,2026-08-06T14:39:34.763941+00:00,656,480,,,1,,,,,,
1c722b87899834cce135e5087b2f381d171d0e985ef1b28fc524b2652cff29b6,,398,0.0,real,train,skipped,insufficient_space_below_eyebrows,/content/drive/MyDrive/AISC DeepFake Çalışmaları/Deneyler/Deney 1 Frame/Real/train/real_train_00398.jpg,Real/train/real_train_00398.jpg,/content/drive/MyDrive/AISC DeepFake Çalışmaları/Deneyler/Nazlıcan/Deney 1/Kaş/real/train/real_train_00398.jpg,real/train/real_train_00398.jpg,365834ab1eb707141715b89c2e904572478f7c9cb01969ecac202882922b76c6,,20260806_142915_eyebrow_roi_seed42_b775dfb93f,2026-08-06T14:39:35.302773+00:00,1920,1080,,,1,,,,,,
6c77b4be88d9fc1592640c6b09517e2ac0f1d0eb224e9a81c3a208799207ad51,,401,,real,train,skipped,face_not_found,/content/drive/MyDrive/AISC DeepFake Çalışmaları/Deneyler/Deney 1 Frame/Real/train/real_train_00401.jpg,Real/train/real_train_00401.jpg,/content/drive/MyDrive/AISC DeepFake Çalışmaları/Deneyler/Nazlıcan/Deney 1/Kaş/real/train/real_train_00401.jpg,real/train/real_train_00401.jpg,1520c38daabef795fe91664c1b4657db73d8756bca35707ac7e4f4929142fd00,,20260806_142915_eyebrow_roi_seed42_b775dfb93f,2026-08-06T14:39:36.437899+00:00,1280,720,,,0,,,,,,
7d7e5076b7d6ba0f063ad2161b6f7c8b709803224857c1b98edef02497f1ec68,,402,0.0,real,train,skipped,insufficient_space_below_eyebrows,/content/drive/MyDrive/AISC DeepFake Çalışmaları/Deneyler/Deney 1 Frame/Real/train/real_train_00402.jpg,Real/train/real_train_00402.jpg,/content/drive/MyDrive/AISC DeepFake Çalışmaları/Deneyler/Nazlıcan/Deney 1/Kaş/real/train/real_train_00402.jpg,real/train/real_train_00402.jpg,4dea4957d0ea1cb3bd485e5d6d24d5d897ddd488414381b39367f8c438bd6d0e,,20260806_142915_eyebrow_roi_seed42_b775dfb93f,2026-08-06T14:39:36.779701+00:00,1280,720,,,1,,,,,,
7199a7c41b581eb97fcb12a9746ef13c98e39af04454140ba51f42ef2515de53,,404,0.0,real,train,skipped,insufficient_space_below_eyebrows,/content/drive/MyDrive/AISC DeepFake Çalışmaları/Deneyler/Deney 1 Frame/Real/train/real_train_00404.jpg,Real/train/real_train_00404.jpg,/content/drive/MyDrive/AISC DeepFake Çalışmaları/Deneyler/Nazlıcan/Deney 1/Kaş/real/train/real_train_00404.jpg,real/train/real_train_00404.jpg,e0c8c659e6d1ed37dd23be21c9a6f8d520f1b7bd24ecc23cf297bcf06cbe3bbe,,20260806_142915_eyebrow_roi_seed42_b775dfb93f,2026-08-06T14:39:37.632356+00:00,640,480,,,1,,,,,,
7a851a498b75f57da93d5d8565aa5af15f8dadb7c77585b981aaeafc44b152ad,,411,0.0,real,train,skipped,insufficient_space_below_eyebrows,/content/drive/MyDrive/AISC DeepFake Çalışmaları/Deneyler/Deney 1 Frame/Real/train/real_train_00411.jpg,Real/train/real_train_00411.jpg,/content/drive/MyDrive/AISC DeepFake Çalışmaları/Deneyler/Nazlıcan/Deney 1/Kaş/real/train/real_train_00411.jpg,real/train/real_train_00411.jpg,f494231be173e77710b0457ca6420e63dcf7d34c2579d5d07b759c409e00a06b,,20260806_142915_eyebrow_roi_seed42_b775dfb93f,2026-08-06T14:39:40.120476+00:00,654,480,,,1,,,,,,
4584344d0e54a1c4cbfc264ae0d2512ef2a516fbcfff3c5ac94d4ad1f9e46b30,,414,0.0,real,train,skipped,insufficient_space_below_eyebrows,/content/drive/MyDrive/AISC DeepFake Çalışmaları/Deneyler/Deney 1 Frame/Real/train/real_train_00414.jpg,Real/train/real_train_00414.jpg,/content/drive/MyDrive/AISC DeepFake Çalışmaları/Deneyler/Nazlıcan/Deney 1/Kaş/real/train/real_train_00414.jpg,real/train/real_train_00414.jpg,e46f389107e7ef7ff740b9fc3dd426629da831db4023c401daf75d4e902ae122,,20260806_142915_eyebrow_roi_seed42_b775dfb93f,2026-08-06T14:39:41.002528+00:00,854,480,,,1,,,,,,
b4ae58b84e5fca4ef3a98154edb25e727ed977193d0dd9e215911927b42ff30d,,417,0.0,real,train,skipped,insufficient_space_below_eyebrows,/content/drive/MyDrive/AISC DeepFake Çalışmaları/Deneyler/Deney 1 Frame/Real/train/real_train_00417.jpg,Real/train/real_train_00417.jpg,/content/drive/MyDrive/AISC DeepFake Çalışmaları/Deneyler/Nazlıcan/Deney 1/Kaş/real/train/real_train_00417.jpg,real/train/real_train_00417.jpg,e007c837591029c301cf284ebfe1e35eb21bd80c6c93b47c2f71a848008e84f4,,20260806_142915_eyebrow_roi_seed42_b775dfb93f,2026-08-06T14:39:42.288749+00:00,1280,720,,,1,,,,,,
d334634635c6fac5576ff02ac78312cf4efbf346ddf63fd3bdda5ff25c2450b0,,418,0.0,real,train,skipped,insufficient_space_below_eyebrows,/content/drive/MyDrive/AISC DeepFake Çalışmaları/Deneyler/Deney 1 Frame/Real/train/real_train_00418.jpg,Real/train/real_train_00418.jpg,/content/drive/MyDrive/AISC DeepFake Çalışmaları/Deneyler/Nazlıcan/Deney 1/Kaş/real/train/real_train_00418.jpg,real/train/real_train_00418.jpg,77dae7739761f41142ab609a0254fa3e8d557f48a6f9ae8d82138119aa71c89d,,20260806_142915_eyebrow_roi_seed42_b775dfb93f,2026-08-06T14:39:42.652955+00:00,600,480,,,1,,,,,,
23540a000c5a643b2e7e54148b2ebbea21344f099cb9560c4f292928dcad688c,,420,0.0,real,train,skipped,insufficient_space_below_eyebrows,/content/drive/MyDrive/AISC DeepFake Çalışmaları/Deneyler/Deney 1 Frame/Real/train/real_train_00420.jpg,Real/train/real_train_00420.jpg,/content/drive/MyDrive/AISC DeepFake Çalışmaları/Deneyler/Nazlıcan/Deney 1/Kaş/real/train/real_train_00420.jpg,real/train/real_train_00420.jpg,9074c6ff01872700027bbbb0dbe18637e4bba55f246b18d9bb6ea9efd25cb5cf,,20260806_142915_eyebrow_roi_seed42_b775dfb93f,2026-08-06T14:39:43.313808+00:00,640,480,,,1,,,,,,
2f7bea8b99c70a4fe27338593788d82f61ca2e10cfa0f4214e60b048c36600f6,,423,0.0,real,train,skipped,insufficient_space_below_eyebrows,/content/drive/MyDrive/AISC DeepFake Çalışmaları/Deneyler/Deney 1 Frame/Real/train/real_train_00423.jpg,Real/train/real_train_00423.jpg,/content/drive/MyDrive/AISC DeepFake Çalışmaları/Deneyler/Nazlıcan/Deney 1/Kaş/real/train/real_train_00423.jpg,real/train/real_train_00423.jpg,b726c617c5f90dbe5a77270e9ed179bdb5e76e0536c37c79fe8b206dd5b17c07,,20260806_142915_eyebrow_roi_seed42_b775dfb93f,2026-08-06T14:39:44.218202+00:00,640,480,,,1,,,,,,
bb38e5ab8fdfa61e51649b501157807ccdb085941cdf157e8b87d2d291a6957b,,424,0.0,real,train,skipped,insufficient_space_below_eyebrows,/content/drive/MyDrive/AISC DeepFake Çalışmaları/Deneyler/Deney 1 Frame/Real/train/real_train_00424.jpg,Real/train/real_train_00424.jpg,/content/drive/MyDrive/AISC DeepFake Çalışmaları/Deneyler/Nazlıcan/Deney 1/Kaş/real/train/real_train_00424.jpg,real/train/real_train_00424.jpg,17302db8ab3a30457e59ca9422b9b23da9d844118de2a3ba2478455de158eae9,,20260806_142915_eyebrow_roi_seed42_b775dfb93f,2026-08-06T14:39:44.476353+00:00,1280,720,,,1,,,,,,
5bdda94ddfa00ce9f11b7955dccea0e7825c550c75951f980bc3b8629063ac22,,425,0.0,real,train,skipped,insufficient_space_below_eyebrows,/content/drive/MyDrive/AISC DeepFake Çalışmaları/Deneyler/Deney 1 Frame/Real/train/real_train_00425.jpg,Real/train/real_train_00425.jpg,/content/drive/MyDrive/AISC DeepFake Çalışmaları/Deneyler/Nazlıcan/Deney 1/Kaş/real/train/real_train_00425.jpg,real/train/real_train_00425.jpg,f4b79571fb907e2de3e7b07ac86a3a016e1a2a42906e428d8b823a7951e65def,,20260806_142915_eyebrow_roi_seed42_b775dfb93f,2026-08-06T14:39:44.980763+00:00,1280,720,,,1,,,,,,
079e54e60f19d9e631f5cae5e758df8efe4c4837cddcb40c1ec1c9c2f8d9c1bb,,426,0.0,real,train,skipped,insufficient_space_below_eyebrows,/content/drive/MyDrive/AISC DeepFake Çalışmaları/Deneyler/Deney 1 Frame/Real/train/real_train_00426.jpg,Real/train/real_train_00426.jpg,/content/drive/MyDrive/AISC DeepFake Çalışmaları/Deneyler/Nazlıcan/Deney 1/Kaş/real/train/real_train_00426.jpg,real/train/real_train_00426.jpg,14f359fdce3e150e9d65c1a516c3515002b70298f48bc2f2b961334f350d0b72,,20260806_142915_eyebrow_roi_seed42_b775dfb93f,2026-08-06T14:39:45.240855+00:00,1280,720,,,1,,,,,,
5e159b5e23c0f0664c1822d5bdea403c69c0628943227cca6a6fcd4fdb27dc81,,428,0.0,real,train,skipped,insufficient_space_below_eyebrows,/content/drive/MyDrive/AISC DeepFake Çalışmaları/Deneyler/Deney 1 Frame/Real/train/real_train_00428.jpg,Real/train/real_train_00428.jpg,/content/drive/MyDrive/AISC DeepFake Çalışmaları/Deneyler/Nazlıcan/Deney 1/Kaş/real/train/real_train_00428.jpg,real/train/real_train_00428.jpg,e9774b9ad5292f21d634ab67e8e254ed60183a7896279d85db41a6934ac26f23,,20260806_142915_eyebrow_roi_seed42_b775dfb93f,2026-08-06T14:39:45.983032+00:00,640,480,,,1,,,,,,
dc422f896734c53bf409a733d5e68c10f3ade46d39292d4bf61b35415b6d0239,,431,0.0,real,train,skipped,insufficient_space_below_eyebrows,/content/drive/MyDrive/AISC DeepFake Çalışmaları/Deneyler/Deney 1 Frame/Real/train/real_train_00431.jpg,Real/train/real_train_00431.jpg,/content/drive/MyDrive/AISC DeepFake Çalışmaları/Deneyler/Nazlıcan/Deney 1/Kaş/real/train/real_train_00431.jpg,real/train/real_train_00431.jpg,24f87f2102c91db8a9f10df064b6a5db184dbc3a07bbb54ed6f632ba5e232333,,20260806_142915_eyebrow_roi_seed42_b775dfb93f,2026-08-06T14:39:46.932593+00:00,854,480,,,1,,,,,,
73b9251b915aeb3b3e2394dd21dc207d5c04c25544ce77a24c6f373ce84dd8c9,,433,0.0,real,train,skipped,insufficient_space_below_eyebrows,/content/drive/MyDrive/AISC DeepFake Çalışmaları/Deneyler/Deney 1 Frame/Real/train/real_train_00433.jpg,Real/train/real_train_00433.jpg,/content/drive/MyDrive/AISC DeepFake Çalışmaları/Deneyler/Nazlıcan/Deney 1/Kaş/real/train/real_train_00433.jpg,real/train/real_train_00433.jpg,5be4920cf6b798c3f1c92c029c1d1d92692541320ccfb1f2b4fdfb61454810d8,,20260806_142915_eyebrow_roi_seed42_b775dfb93f,2026-08-06T14:39:47.890375+00:00,640,480,,,1,,,,,,
e099373a4078ad3dd2ddd554d55e00b50b6620e0b68ede60e0960cd6c0f62a52,,434,0.0,real,train,skipped,insufficient_space_below_eyebrows,/content/drive/MyDrive/AISC DeepFake Çalışmaları/Deneyler/Deney 1 Frame/Real/train/real_train_00434.jpg,Real/train/real_train_00434.jpg,/content/drive/MyDrive/AISC DeepFake Çalışmaları/Deneyler/Nazlıcan/Deney 1/Kaş/real/train/real_train_00434.jpg,real/train/real_train_00434.jpg,35cb6bc18501dd8b74ccfd4c870a8301e12f40de9be8aae5f9c2e533257f6a86,,20260806_142915_eyebrow_roi_seed42_b775dfb93f,2026-08-06T14:39:48.202179+00:00,1280,720,,,1,,,,,,
572a7d32fae3592541849326ef9f0fbc8e4e489cc6734829d0ee0f1be09308dd,,435,0.0,real,train,skipped,insufficient_space_below_eyebrows,/content/drive/MyDrive/AISC DeepFake Çalışmaları/Deneyler/Deney 1 Frame/Real/train/real_train_00435.jpg,Real/train/real_train_00435.jpg,/content/drive/MyDrive/AISC DeepFake Çalışmaları/Deneyler/Nazlıcan/Deney 1/Kaş/real/train/real_train_00435.jpg,real/train/real_train_00435.jpg,03ab86e8655ea2d134be25ecb1b8bcd9a9775e2ae22b1c25211fa94fcd61a11f,,20260806_142915_eyebrow_roi_seed42_b775dfb93f,2026-08-06T14:39:48.479349+00:00,640,480,,,1,,,,,,
d5636ab334276ef42bee81933abd9e2991e36db18a1ef4dfaeac2a45cdd4037b,,436,0.0,real,train,skipped,insufficient_space_below_eyebrows,/content/drive/MyDrive/AISC DeepFake Çalışmaları/Deneyler/Deney 1 Frame/Real/train/real_train_00436.jpg,Real/train/real_train_00436.jpg,/content/drive/MyDrive/AISC DeepFake Çalışmaları/Deneyler/Nazlıcan/Deney 1/Kaş/real/train/real_train_00436.jpg,real/train/real_train_00436.jpg,b4365c57fcb995e3e50e9f8bf69f8d33eac42c1060d828cc89146344cd55c393,,20260806_142915_eyebrow_roi_seed42_b775dfb93f,2026-08-06T14:39:48.778502+00:00,1920,1080,,,1,,,,,,
86122aeb24505e5bc60daed9790b4ee6060d6722cdfade65151756156fc6a362,,439,0.0,real,train,skipped,insufficient_space_below_eyebrows,/content/drive/MyDrive/AISC DeepFake Çalışmaları/Deneyler/Deney 1 Frame/Real/train/real_train_00439.jpg,Real/train/real_train_00439.jpg,/content/drive/MyDrive/AISC DeepFake Çalışmaları/Deneyler/Nazlıcan/Deney 1/Kaş/real/train/real_train_00439.jpg,real/train/real_train_00439.jpg,3dd1bd0ca14e14a0af905980854e8d162d31862b3d03f8cba8d9f56da3176169,,20260806_142915_eyebrow_roi_seed42_b775dfb93f,2026-08-06T14:39:49.697372+00:00,1920,1080,,,1,,,,,,
91cbd9eaeccd3102cf4d6bb125a9d52286da4c45cf4424062091269c487c1ad1,,447,0.0,real,train,skipped,insufficient_space_below_eyebrows,/content/drive/MyDrive/AISC DeepFake Çalışmaları/Deneyler/Deney 1 Frame/Real/train/real_train_00447.jpg,Real/train/real_train_00447.jpg,/content/drive/MyDrive/AISC DeepFake Çalışmaları/Deneyler/Nazlıcan/Deney 1/Kaş/real/train/real_train_00447.jpg,real/train/real_train_00447.jpg,5f7cb725cf5232c1ca248f7fd3c81eb05c520ff99322d2d03c7bf0874ff57bb7,,20260806_142915_eyebrow_roi_seed42_b775dfb93f,2026-08-06T14:39:52.707347+00:00,1280,720,,,1,,,,,,
7572e355864b9e1abf8e62cba93d261de7e15da2182a44e0533c209eae92f2ad,,453,0.0,real,train,skipped,insufficient_space_below_eyebrows,/content/drive/MyDrive/AISC DeepFake Çalışmaları/Deneyler/Deney 1 Frame/Real/train/real_train_00453.jpg,Real/train/real_train_00453.jpg,/content/drive/MyDrive/AISC DeepFake Çalışmaları/Deneyler/Nazlıcan/Deney 1/Kaş/real/train/real_train_00453.jpg,real/train/real_train_00453.jpg,c443004a22d47a745da86975121e3c913b7021c5cf5c2fa147c259689ea8139a,,20260806_142915_eyebrow_roi_seed42_b775dfb93f,2026-08-06T14:39:55.432698+00:00,1280,720,,,1,,,,,,
6b9160b39fe6be0c2450fbb260fb008ad39dfbd399ad2fe0668102578bb65602,,455,0.0,real,train,skipped,insufficient_space_below_eyebrows,/content/drive/MyDrive/AISC DeepFake Çalışmaları/Deneyler/Deney 1 Frame/Real/train/real_train_00455.jpg,Real/train/real_train_00455.jpg,/content/drive/MyDrive/AISC DeepFake Çalışmaları/Deneyler/Nazlıcan/Deney 1/Kaş/real/train/real_train_00455.jpg,real/train/real_train_00455.jpg,d30233c1e3c697eb4a32789fed601d2e65ca8b4cb78158af23a0d548f9d5eaac,,20260806_142915_eyebrow_roi_seed42_b775dfb93f,2026-08-06T14:39:55.973984+00:00,640,480,,,1,,,,,,
679714c226656caf1755137aab97189e21109e1de457620d23dec20a271b9d5c,,461,0.0,real,train,skipped,insufficient_space_below_eyebrows,/content/drive/MyDrive/AISC DeepFake Çalışmaları/Deneyler/Deney 1 Frame/Real/train/real_train_00461.jpg,Real/train/real_train_00461.jpg,/content/drive/MyDrive/AISC DeepFake Çalışmaları/Deneyler/Nazlıcan/Deney 1/Kaş/real/train/real_train_00461.jpg,real/train/real_train_00461.jpg,cdd1c0f8ca9b993fa55187c69c22844fce1a7fba956e7a09b05f8372693f7915,,20260806_142915_eyebrow_roi_seed42_b775dfb93f,2026-08-06T14:39:58.095292+00:00,1280,720,,,1,,,,,,
b66989f5e913093655e40210d0fcc91da150ab92799b45af684a5e8369f48c30,,470,0.0,real,train,skipped,insufficient_space_below_eyebrows,/content/drive/MyDrive/AISC DeepFake Çalışmaları/Deneyler/Deney 1 Frame/Real/train/real_train_00470.jpg,Real/train/real_train_00470.jpg,/content/drive/MyDrive/AISC DeepFake Çalışmaları/Deneyler/Nazlıcan/Deney 1/Kaş/real/train/real_train_00470.jpg,real/train/real_train_00470.jpg,faeaa00bb48e433956557ebcb4ea49bbb2b3c289877f6ad96078fff3ce73e0ca,,20260806_142915_eyebrow_roi_seed42_b775dfb93f,2026-08-06T14:40:01.906397+00:00,1280,720,,,1,,,,,,
33e7da7dcd1e0be7443f089d3785cc7f492a600248be1a6d357beba9b53688a7,,471,0.0,real,train,skipped,insufficient_space_below_eyebrows,/content/drive/MyDrive/AISC DeepFake Çalışmaları/Deneyler/Deney 1 Frame/Real/train/real_train_00471.jpg,Real/train/real_train_00471.jpg,/content/drive/MyDrive/AISC DeepFake Çalışmaları/Deneyler/Nazlıcan/Deney 1/Kaş/real/train/real_train_00471.jpg,real/train/real_train_00471.jpg,3ea9c6c6d62a7e34bf1878a176d7abf0b9f7c9417e2370744f4b7cb48f98fd4b,,20260806_142915_eyebrow_roi_seed42_b775dfb93f,2026-08-06T14:40:02.492093+00:00,600,480,,,1,,,,,,
43791ea7ec8405e8c9dd6ed588b14d80bf7689ec5cae0c60c5cba3365f925148,,480,0.0,real,train,skipped,insufficient_space_below_eyebrows,/content/drive/MyDrive/AISC DeepFake Çalışmaları/Deneyler/Deney 1 Frame/Real/train/real_train_00480.jpg,Real/train/real_train_00480.jpg,/content/drive/MyDrive/AISC DeepFake Çalışmaları/Deneyler/Nazlıcan/Deney 1/Kaş/real/train/real_train_00480.jpg,real/train/real_train_00480.jpg,0429f7c8291e10d7bfbf04cdd4d08bcc133ca424d0919e5fd0b99f1e51792b35,,20260806_142915_eyebrow_roi_seed42_b775dfb93f,2026-08-06T14:40:05.318611+00:00,854,480,,,1,,,,,,
b6e0c7c2da82d54ab44912f9643b55323a7b25dc043dee2f808135b26674ef02,,482,0.0,real,train,skipped,insufficient_space_below_eyebrows,/content/drive/MyDrive/AISC DeepFake Çalışmaları/Deneyler/Deney 1 Frame/Real/train/real_train_00482.jpg,Real/train/real_train_00482.jpg,/content/drive/MyDrive/AISC DeepFake Çalışmaları/Deneyler/Nazlıcan/Deney 1/Kaş/real/train/real_train_00482.jpg,real/train/real_train_00482.jpg,95de157f61dd6b768f48025c83d11cb7861b4bc6dd5254239efcb9310839b050,,20260806_142915_eyebrow_roi_seed42_b775dfb93f,2026-08-06T14:40:05.899738+00:00,640,480,,,1,,,,,,
3b46d49c463db76423e9db6c65922c009489cc778ddcb90787e4acfd2cd58674,,483,0.0,real,train,skipped,insufficient_space_below_eyebrows,/content/drive/MyDrive/AISC DeepFake Çalışmaları/Deneyler/Deney 1 Frame/Real/train/real_train_00483.jpg,Real/train/real_train_00483.jpg,/content/drive/MyDrive/AISC DeepFake Çalışmaları/Deneyler/Nazlıcan/Deney 1/Kaş/real/train/real_train_00483.jpg,real/train/real_train_00483.jpg,b4a297d63f1e6364823065b27118ae194a87aebb2a37952bf162ffc52ffae7e1,,20260806_142915_eyebrow_roi_seed42_b775dfb93f,2026-08-06T14:40:06.297262+00:00,854,480,,,1,,,,,,
670cfa2cfc0824135c9f5956e534acca9c54ac82c03d6fc7f9572fd6ac127eea,,485,,real,train,skipped,multiple_faces_detected:2,/content/drive/MyDrive/AISC DeepFake Çalışmaları/Deneyler/Deney 1 Frame/Real/train/real_train_00485.jpg,Real/train/real_train_00485.jpg,/content/drive/MyDrive/AISC DeepFake Çalışmaları/Deneyler/Nazlıcan/Deney 1/Kaş/real/train/real_train_00485.jpg,real/train/real_train_00485.jpg,f25680cdf2cc4defabdfd5b3f1b0669883f7dab2b8f5e578d24155195de5da34,,20260806_142915_eyebrow_roi_seed42_b775dfb93f,2026-08-06T14:40:07.134333+00:00,640,480,,,2,,,,,,
aba8abb97898c8224b67731af37bab777c16328734296e3a0d21d2bf28d66856,,488,0.0,real,train,skipped,insufficient_space_below_eyebrows,/content/drive/MyDrive/AISC DeepFake Çalışmaları/Deneyler/Deney 1 Frame/Real/train/real_train_00488.jpg,Real/train/real_train_00488.jpg,/content/drive/MyDrive/AISC DeepFake Çalışmaları/Deneyler/Nazlıcan/Deney 1/Kaş/real/train/real_train_00488.jpg,real/train/real_train_00488.jpg,1bac18307194e128d818241e6630f375fe06dfddf5932d1ed40ad82aa285abee,,20260806_142915_eyebrow_roi_seed42_b775dfb93f,2026-08-06T14:40:07.985013+00:00,600,480,,,1,,,,,,
0a92ec374e2a8163775444a82301e31916bde37abd003a716a4972d798c451c5,,493,0.0,real,train,skipped,insufficient_space_below_eyebrows,/content/drive/MyDrive/AISC DeepFake Çalışmaları/Deneyler/Deney 1 Frame/Real/train/real_train_00493.jpg,Real/train/real_train_00493.jpg,/content/drive/MyDrive/AISC DeepFake Çalışmaları/Deneyler/Nazlıcan/Deney 1/Kaş/real/train/real_train_00493.jpg,real/train/real_train_00493.jpg,cc7a9e3048915bdb9b161c506c3cd8ba2a58eafbdbfcccc638efb584e38cfa81,,20260806_142915_eyebrow_roi_seed42_b775dfb93f,2026-08-06T14:40:09.555590+00:00,640,480,,,1,,,,,,
b05a647990e7f5c3df5efcafc03de5936aa013dcbcddc358ef0d3f39836110ed,,499,0.0,real,train,skipped,insufficient_space_below_eyebrows,/content/drive/MyDrive/AISC DeepFake Çalışmaları/Deneyler/Deney 1 Frame/Real/train/real_train_00499.jpg,Real/train/real_train_00499.jpg,/content/drive/MyDrive/AISC DeepFake Çalışmaları/Deneyler/Nazlıcan/Deney 1/Kaş/real/train/real_train_00499.jpg,real/train/real_train_00499.jpg,905d40cba388d742bf509e99406870b67f7603a4bd446923e7939f40ec94413c,,20260806_142915_eyebrow_roi_seed42_b775dfb93f,2026-08-06T14:40:11.608515+00:00,600,480,,,1,,,,,,
7781ff058907b7c5c7d920a7bc4c2c324c68ef9c9e73c4cc0493aa476e748f11,,500,0.0,real,train,skipped,insufficient_space_below_eyebrows,/content/drive/MyDrive/AISC DeepFake Çalışmaları/Deneyler/Deney 1 Frame/Real/train/real_train_00500.jpg,Real/train/real_train_00500.jpg,/content/drive/MyDrive/AISC DeepFake Çalışmaları/Deneyler/Nazlıcan/Deney 1/Kaş/real/train/real_train_00500.jpg,real/train/real_train_00500.jpg,8158e704843e311a92b7cdeee14b28e3687b42c7f18872ff9094867421738be5,,20260806_142915_eyebrow_roi_seed42_b775dfb93f,2026-08-06T14:40:12.092080+00:00,640,480,,,1,,,,,,
4df3eda15078e4b95595900d7e3e3c10dd27284f8ead736609d62492e6cc43d5,,504,0.0,real,train,skipped,insufficient_space_below_eyebrows,/content/drive/MyDrive/AISC DeepFake Çalışmaları/Deneyler/Deney 1 Frame/Real/train/real_train_00504.jpg,Real/train/real_train_00504.jpg,/content/drive/MyDrive/AISC DeepFake Çalışmaları/Deneyler/Nazlıcan/Deney 1/Kaş/real/train/real_train_00504.jpg,real/train/real_train_00504.jpg,9da2c8074d876f3cb249ceaf44d7c6ad170a0d96d0adff1ac12c65f59147d9c2,,20260806_142915_eyebrow_roi_seed42_b775dfb93f,2026-08-06T14:40:13.482445+00:00,1920,1080,,,1,,,,,,
8b241f9c6afbc737cd95d4f062cb730d036ea02b148efc36b085f5c3129bd07d,,506,0.0,real,train,skipped,insufficient_space_below_eyebrows,/content/drive/MyDrive/AISC DeepFake Çalışmaları/Deneyler/Deney 1 Frame/Real/train/real_train_00506.jpg,Real/train/real_train_00506.jpg,/content/drive/MyDrive/AISC DeepFake Çalışmaları/Deneyler/Nazlıcan/Deney 1/Kaş/real/train/real_train_00506.jpg,real/train/real_train_00506.jpg,bdaf6a0457bdde80f1b0d08a09e8dd10138c08bcf7189522288986269e142abd,,20260806_142915_eyebrow_roi_seed42_b775dfb93f,2026-08-06T14:40:14.064703+00:00,640,480,,,1,,,,,,
377b35a3e45446bae2b9987704d15b46bf57b16c032c6213ba03ddc6f2e56d0d,,510,0.0,real,train,skipped,insufficient_space_below_eyebrows,/content/drive/MyDrive/AISC DeepFake Çalışmaları/Deneyler/Deney 1 Frame/Real/train/real_train_00510.jpg,Real/train/real_train_00510.jpg,/content/drive/MyDrive/AISC DeepFake Çalışmaları/Deneyler/Nazlıcan/Deney 1/Kaş/real/train/real_train_00510.jpg,real/train/real_train_00510.jpg,deb6a106f9d00aafbe52959ae63618d1f01f8c00cacc33cd1d805adc265cce54,,20260806_142915_eyebrow_roi_seed42_b775dfb93f,2026-08-06T14:40:15.641116+00:00,640,480,,,1,,,,,,
cb415eeaf1c44487ee3de92a803fc3b648c68bc6bd7f851473f45a02954677ba,,512,0.0,real,train,skipped,insufficient_space_below_eyebrows,/content/drive/MyDrive/AISC DeepFake Çalışmaları/Deneyler/Deney 1 Frame/Real/train/real_train_00512.jpg,Real/train/real_train_00512.jpg,/content/drive/MyDrive/AISC DeepFake Çalışmaları/Deneyler/Nazlıcan/Deney 1/Kaş/real/train/real_train_00512.jpg,real/train/real_train_00512.jpg,6a3fdab87d176ad4dfd3ce9da666453878281f868c03bab3ec8e1db378549f9a,,20260806_142915_eyebrow_roi_seed42_b775dfb93f,2026-08-06T14:40:16.274472+00:00,1920,1080,,,1,,,,,,
a2d02a375afd44c79880da4738d25cdcedc63a63aaa6d246cb5d8b7aafba4fcd,,513,0.0,real,train,skipped,insufficient_space_below_eyebrows,/content/drive/MyDrive/AISC DeepFake Çalışmaları/Deneyler/Deney 1 Frame/Real/train/real_train_00513.jpg,Real/train/real_train_00513.jpg,/content/drive/MyDrive/AISC DeepFake Çalışmaları/Deneyler/Nazlıcan/Deney 1/Kaş/real/train/real_train_00513.jpg,real/train/real_train_00513.jpg,ce190ced165c0ffa3656dbe9f862027b4dcf1cf078cb81b0b171d681bbc55a6a,,20260806_142915_eyebrow_roi_seed42_b775dfb93f,2026-08-06T14:40:16.530945+00:00,854,480,,,1,,,,,,
abac9fd8e30ab4a49406e3db1905e5b0f4a43568d0475d72562a36665a51cf9e,,514,0.0,real,train,skipped,insufficient_space_below_eyebrows,/content/drive/MyDrive/AISC DeepFake Çalışmaları/Deneyler/Deney 1 Frame/Real/train/real_train_00514.jpg,Real/train/real_train_00514.jpg,/content/drive/MyDrive/AISC DeepFake Çalışmaları/Deneyler/Nazlıcan/Deney 1/Kaş/real/train/real_train_00514.jpg,real/train/real_train_00514.jpg,b1b55e54f1d04b4031dc86e113f50905c03de75f9a0d8434bb73fdfcd0acabb8,,20260806_142915_eyebrow_roi_seed42_b775dfb93f,2026-08-06T14:40:16.759941+00:00,854,480,,,1,,,,,,
d470225f9b0cc8aca885d7f569ab8ab6fd7721444ca1b84fee9b1004b600ea86,,519,0.0,real,train,skipped,insufficient_space_below_eyebrows,/content/drive/MyDrive/AISC DeepFake Çalışmaları/Deneyler/Deney 1 Frame/Real/train/real_train_00519.jpg,Real/train/real_train_00519.jpg,/content/drive/MyDrive/AISC DeepFake Çalışmaları/Deneyler/Nazlıcan/Deney 1/Kaş/real/train/real_train_00519.jpg,real/train/real_train_00519.jpg,7eb5e40a3dc517d97d3efc1425c7bb4878c1f812d1f253d04efa809701396ff5,,20260806_142915_eyebrow_roi_seed42_b775dfb93f,2026-08-06T14:40:18.690426+00:00,1920,1080,,,1,,,,,,
4d60de4229fbe13571c736aea9a37a352e51006e13fae470896112c4b3c386da,,524,0.0,real,train,skipped,insufficient_space_below_eyebrows,/content/drive/MyDrive/AISC DeepFake Çalışmaları/Deneyler/Deney 1 Frame/Real/train/real_train_00524.jpg,Real/train/real_train_00524.jpg,/content/drive/MyDrive/AISC DeepFake Çalışmaları/Deneyler/Nazlıcan/Deney 1/Kaş/real/train/real_train_00524.jpg,real/train/real_train_00524.jpg,f02cbaf160d839b152a0c69dbbcff6fe130094b31f0bdcb3cdbcc6abf4f945aa,,20260806_142915_eyebrow_roi_seed42_b775dfb93f,2026-08-06T14:40:20.371896+00:00,1280,720,,,1,,,,,,
df6b44ce99fc2a6d0f0e3151d405d8c90fd1f42f2def2778e683674af14efea1,,526,0.0,real,train,skipped,insufficient_space_below_eyebrows,/content/drive/MyDrive/AISC DeepFake Çalışmaları/Deneyler/Deney 1 Frame/Real/train/real_train_00526.jpg,Real/train/real_train_00526.jpg,/content/drive/MyDrive/AISC DeepFake Çalışmaları/Deneyler/Nazlıcan/Deney 1/Kaş/real/train/real_train_00526.jpg,real/train/real_train_00526.jpg,0b9d18f787a83cccec1de5676637ede3c11452d61baea7dbd6a8dcc188e6487c,,20260806_142915_eyebrow_roi_seed42_b775dfb93f,2026-08-06T14:40:21.074903+00:00,1280,720,,,1,,,,,,
9cb92f927c34d10a8b4434fdd50a9afcd3c15a22c45ea23c462a6e427caeebb5,,529,0.0,real,train,skipped,insufficient_space_below_eyebrows,/content/drive/MyDrive/AISC DeepFake Çalışmaları/Deneyler/Deney 1 Frame/Real/train/real_train_00529.jpg,Real/train/real_train_00529.jpg,/content/drive/MyDrive/AISC DeepFake Çalışmaları/Deneyler/Nazlıcan/Deney 1/Kaş/real/train/real_train_00529.jpg,real/train/real_train_00529.jpg,496a34b89fda779e456737aefe2c877c68b8e1976840903f4aa6aa3516e01204,,20260806_142915_eyebrow_roi_seed42_b775dfb93f,2026-08-06T14:40:22.304681+00:00,640,480,,,1,,,,,,
a243b8d658f03036ea0fe286f49a8b922ca6f04e6f56a9b73ebb56dbdeeaa236,,531,0.0,real,train,skipped,insufficient_space_below_eyebrows,/content/drive/MyDrive/AISC DeepFake Çalışmaları/Deneyler/Deney 1 Frame/Real/train/real_train_00531.jpg,Real/train/real_train_00531.jpg,/content/drive/MyDrive/AISC DeepFake Çalışmaları/Deneyler/Nazlıcan/Deney 1/Kaş/real/train/real_train_00531.jpg,real/train/real_train_00531.jpg,27b69d9de57b13b380016b73bd36811051e7508a5b7dde1ff62390cab2a093b0,,20260806_142915_eyebrow_roi_seed42_b775dfb93f,2026-08-06T14:40:23.292817+00:00,640,480,,,1,,,,,,
2a53dac96efb00c6b9ff787a61912c180c74a024f76151f3251e43c76d97897d,,532,0.0,real,train,skipped,insufficient_space_below_eyebrows,/content/drive/MyDrive/AISC DeepFake Çalışmaları/Deneyler/Deney 1 Frame/Real/train/real_train_00532.jpg,Real/train/real_train_00532.jpg,/content/drive/MyDrive/AISC DeepFake Çalışmaları/Deneyler/Nazlıcan/Deney 1/Kaş/real/train/real_train_00532.jpg,real/train/real_train_00532.jpg,a7a32bc158ab4227409f17b24e9c9b6b1099edf110f95df76c7fc842fa9c7487,,20260806_142915_eyebrow_roi_seed42_b775dfb93f,2026-08-06T14:40:23.519899+00:00,640,480,,,1,,,,,,
f2db4f248f5955468dff4cf580aade3a2929476fcf48c0dd84de165a53df922b,,533,0.0,real,train,skipped,insufficient_space_below_eyebrows,/content/drive/MyDrive/AISC DeepFake Çalışmaları/Deneyler/Deney 1 Frame/Real/train/real_train_00533.jpg,Real/train/real_train_00533.jpg,/content/drive/MyDrive/AISC DeepFake Çalışmaları/Deneyler/Nazlıcan/Deney 1/Kaş/real/train/real_train_00533.jpg,real/train/real_train_00533.jpg,26f280f5261b8e6897f55a2ec9421aefb63745c632cc6e460faff12eb0f5aede,,20260806_142915_eyebrow_roi_seed42_b775dfb93f,2026-08-06T14:40:23.861951+00:00,600,480,,,1,,,,,,
cd4d35690a1ba425296730329c5537f090ebf3233f8623d0eaf44dc8af93271e,,542,0.0,real,train,skipped,insufficient_space_below_eyebrows,/content/drive/MyDrive/AISC DeepFake Çalışmaları/Deneyler/Deney 1 Frame/Real/train/real_train_00542.jpg,Real/train/real_train_00542.jpg,/content/drive/MyDrive/AISC DeepFake Çalışmaları/Deneyler/Nazlıcan/Deney 1/Kaş/real/train/real_train_00542.jpg,real/train/real_train_00542.jpg,0d59648923b759713fc520c5824a15e653175f372a58115b50178ff41030069c,,20260806_142915_eyebrow_roi_seed42_b775dfb93f,2026-08-06T14:40:27.386712+00:00,640,480,,,1,,,,,,
e6d556825ee60b676ba5688291ca74d077764215ead6f4fea34b5159cdc25ab1,,547,0.0,real,train,skipped,insufficient_space_below_eyebrows,/content/drive/MyDrive/AISC DeepFake Çalışmaları/Deneyler/Deney 1 Frame/Real/train/real_train_00547.jpg,Real/train/real_train_00547.jpg,/content/drive/MyDrive/AISC DeepFake Çalışmaları/Deneyler/Nazlıcan/Deney 1/Kaş/real/train/real_train_00547.jpg,real/train/real_train_00547.jpg,b1d30f780c9dde6746beecfb3d671bc6752519746cd931526f9bd863385ff04e,,20260806_142915_eyebrow_roi_seed42_b775dfb93f,2026-08-06T14:40:28.969770+00:00,1280,720,,,1,,,,,,
99e5751f3179afaa273ded7b2e2dea5a25922c8e4096437516ce4bb64142e061,,550,,real,train,skipped,face_not_found,/content/drive/MyDrive/AISC DeepFake Çalışmaları/Deneyler/Deney 1 Frame/Real/train/real_train_00550.jpg,Real/train/real_train_00550.jpg,/content/drive/MyDrive/AISC DeepFake Çalışmaları/Deneyler/Nazlıcan/Deney 1/Kaş/real/train/real_train_00550.jpg,real/train/real_train_00550.jpg,c9e8d1f13b5039f28d0bc6b153fb01d55f5f1a349b2c8ae97362e4cb3aa989f1,,20260806_142915_eyebrow_roi_seed42_b775dfb93f,2026-08-06T14:40:30.786690+00:00,1280,720,,,0,,,,,,
9e930bcbc95b3e9ee0cfc97f8b6ee91a963f29a3c91646161cd67536eacf4a92,,553,0.0,real,train,skipped,insufficient_space_below_eyebrows,/content/drive/MyDrive/AISC DeepFake Çalışmaları/Deneyler/Deney 1 Frame/Real/train/real_train_00553.jpg,Real/train/real_train_00553.jpg,/content/drive/MyDrive/AISC DeepFake Çalışmaları/Deneyler/Nazlıcan/Deney 1/Kaş/real/train/real_train_00553.jpg,real/train/real_train_00553.jpg,08a22ecfc28d401030c8edc4510ad680e61c14348198917764d0e748c5d77403,,20260806_142915_eyebrow_roi_seed42_b775dfb93f,2026-08-06T14:40:31.864588+00:00,640,480,,,1,,,,,,
53b4d02772fc9247608b864ebe71f7df65baa7638521422a6d1118c30351fb10,,554,0.0,real,train,skipped,insufficient_space_below_eyebrows,/content/drive/MyDrive/AISC DeepFake Çalışmaları/Deneyler/Deney 1 Frame/Real/train/real_train_00554.jpg,Real/train/real_train_00554.jpg,/content/drive/MyDrive/AISC DeepFake Çalışmaları/Deneyler/Nazlıcan/Deney 1/Kaş/real/train/real_train_00554.jpg,real/train/real_train_00554.jpg,67ad348d8189fc4833d13c5e4122ff2b14f91ff5dfb87df4505f34b3f0bf9276,,20260806_142915_eyebrow_roi_seed42_b775dfb93f,2026-08-06T14:40:32.292184+00:00,1280,720,,,1,,,,,,
ac48f0916689dbbd1533cc268ab8c7bab64579b280d81df0a27713c2a1f2b15c,,556,0.0,real,train,skipped,insufficient_space_below_eyebrows,/content/drive/MyDrive/AISC DeepFake Çalışmaları/Deneyler/Deney 1 Frame/Real/train/real_train_00556.jpg,Real/train/real_train_00556.jpg,/content/drive/MyDrive/AISC DeepFake Çalışmaları/Deneyler/Nazlıcan/Deney 1/Kaş/real/train/real_train_00556.jpg,real/train/real_train_00556.jpg,957907bbe90fb634aceab8755906cc1722b7ce18e6e320f603fa58da9a1bc66d,,20260806_142915_eyebrow_roi_seed42_b775dfb93f,2026-08-06T14:40:32.777497+00:00,1920,1080,,,1,,,,,,
f388713883e86340c237f3fb8e781fabb227b695c55b917737ad468e8f895b5a,,560,0.0,real,train,skipped,insufficient_space_below_eyebrows,/content/drive/MyDrive/AISC DeepFake Çalışmaları/Deneyler/Deney 1 Frame/Real/train/real_train_00560.jpg,Real/train/real_train_00560.jpg,/content/drive/MyDrive/AISC DeepFake Çalışmaları/Deneyler/Nazlıcan/Deney 1/Kaş/real/train/real_train_00560.jpg,real/train/real_train_00560.jpg,753af1b99213877159d37fcb7b9d074fe4579b4a275fd21c381ba6e569ed0f91,,20260806_142915_eyebrow_roi_seed42_b775dfb93f,2026-08-06T14:40:34.235873+00:00,1280,720,,,1,,,,,,
7bbeb33d95d3f4624213367c58a3b522de2c6d4c719295c7e1dc706728d49ddf,,564,,real,train,skipped,face_not_found,/content/drive/MyDrive/AISC DeepFake Çalışmaları/Deneyler/Deney 1 Frame/Real/train/real_train_00564.jpg,Real/train/real_train_00564.jpg,/content/drive/MyDrive/AISC DeepFake Çalışmaları/Deneyler/Nazlıcan/Deney 1/Kaş/real/train/real_train_00564.jpg,real/train/real_train_00564.jpg,1363644de616a9733abd3cda7cd8fd6ed1778124ac8da8067546c97c5e9d7c50,,20260806_142915_eyebrow_roi_seed42_b775dfb93f,2026-08-06T14:40:35.421956+00:00,1280,720,,,0,,,,,,
7480a4a319acd36ab3d9735d4401602a2fc84f28ff11794f2cc8fbc4ece2802d,,576,0.0,real,train,skipped,insufficient_space_below_eyebrows,/content/drive/MyDrive/AISC DeepFake Çalışmaları/Deneyler/Deney 1 Frame/Real/train/real_train_00576.jpg,Real/train/real_train_00576.jpg,/content/drive/MyDrive/AISC DeepFake Çalışmaları/Deneyler/Nazlıcan/Deney 1/Kaş/real/train/real_train_00576.jpg,real/train/real_train_00576.jpg,4d66ff3d0a267a3b36cfd986ceb8698979a4d15d27b4111bae1462b59fff221f,,20260806_142915_eyebrow_roi_seed42_b775dfb93f,2026-08-06T14:40:39.819033+00:00,854,480,,,1,,,,,,
7784619a3408e735a7699b3136cc995feb31130f31a3516c759210c1d5f21649,,577,0.0,real,train,skipped,insufficient_space_below_eyebrows,/content/drive/MyDrive/AISC DeepFake Çalışmaları/Deneyler/Deney 1 Frame/Real/train/real_train_00577.jpg,Real/train/real_train_00577.jpg,/content/drive/MyDrive/AISC DeepFake Çalışmaları/Deneyler/Nazlıcan/Deney 1/Kaş/real/train/real_train_00577.jpg,real/train/real_train_00577.jpg,57c172201583548f68e87303f4b96005d0a49c54e14c814ca734dd2258c6ffa7,,20260806_142915_eyebrow_roi_seed42_b775dfb93f,2026-08-06T14:40:40.121234+00:00,640,480,,,1,,,,,,
b9785afbc80b7ea72277908cc887bf136bf761a456b0783894628f5da4373df5,,579,0.0,real,train,skipped,insufficient_space_below_eyebrows,/content/drive/MyDrive/AISC DeepFake Çalışmaları/Deneyler/Deney 1 Frame/Real/train/real_train_00579.jpg,Real/train/real_train_00579.jpg,/content/drive/MyDrive/AISC DeepFake Çalışmaları/Deneyler/Nazlıcan/Deney 1/Kaş/real/train/real_train_00579.jpg,real/train/real_train_00579.jpg,992522708dafe228d09f04e5b36bfaa0221c44f97c65f871da940d22d79c948d,,20260806_142915_eyebrow_roi_seed42_b775dfb93f,2026-08-06T14:40:40.613260+00:00,854,480,,,1,,,,,,
efaa1e4bb6034412b1f7c5e4642c306e70778e17d8f67d56c9140b9e7f5a41de,,580,0.0,real,train,skipped,insufficient_space_below_eyebrows,/content/drive/MyDrive/AISC DeepFake Çalışmaları/Deneyler/Deney 1 Frame/Real/train/real_train_00580.jpg,Real/train/real_train_00580.jpg,/content/drive/MyDrive/AISC DeepFake Çalışmaları/Deneyler/Nazlıcan/Deney 1/Kaş/real/train/real_train_00580.jpg,real/train/real_train_00580.jpg,adbb8d9a26bac3884b1d45596a11e650b96f0e868969c0b5a809529206b230c2,,20260806_142915_eyebrow_roi_seed42_b775dfb93f,2026-08-06T14:40:40.974429+00:00,640,480,,,1,,,,,,
89df996efaee036f2555b98a78273598f9c985a34c2a66d54edbc1e916aa6901,,583,0.0,real,train,skipped,insufficient_space_below_eyebrows,/content/drive/MyDrive/AISC DeepFake Çalışmaları/Deneyler/Deney 1 Frame/Real/train/real_train_00583.jpg,Real/train/real_train_00583.jpg,/content/drive/MyDrive/AISC DeepFake Çalışmaları/Deneyler/Nazlıcan/Deney 1/Kaş/real/train/real_train_00583.jpg,real/train/real_train_00583.jpg,2ba10b1e062d766cb7b42a54fb813759c2f2ce6b7bee34b575a468a8ab756dde,,20260806_142915_eyebrow_roi_seed42_b775dfb93f,2026-08-06T14:40:41.821164+00:00,1280,720,,,1,,,,,,
5da2ef31553d5cb4bc38f5a4317973ec83d9a07f0a797135123c332945f8ecf6,,585,0.0,real,train,skipped,insufficient_space_below_eyebrows,/content/drive/MyDrive/AISC DeepFake Çalışmaları/Deneyler/Deney 1 Frame/Real/train/real_train_00585.jpg,Real/train/real_train_00585.jpg,/content/drive/MyDrive/AISC DeepFake Çalışmaları/Deneyler/Nazlıcan/Deney 1/Kaş/real/train/real_train_00585.jpg,real/train/real_train_00585.jpg,dc05d995719e72ec24cd6cf99bf4a1666c6bdb918eeeae65067af1cb1e48fcfb,,20260806_142915_eyebrow_roi_seed42_b775dfb93f,2026-08-06T14:40:42.491875+00:00,600,480,,,1,,,,,,
99b1e871ca50b4fb5d999df214df19fe7e47a0b4186a0ed92decc210c1a8068a,,586,0.0,real,train,skipped,insufficient_space_below_eyebrows,/content/drive/MyDrive/AISC DeepFake Çalışmaları/Deneyler/Deney 1 Frame/Real/train/real_train_00586.jpg,Real/train/real_train_00586.jpg,/content/drive/MyDrive/AISC DeepFake Çalışmaları/Deneyler/Nazlıcan/Deney 1/Kaş/real/train/real_train_00586.jpg,real/train/real_train_00586.jpg,f3936fa1a971e6e9a9cb0d9c862ab8be75d7ce9e1d5b5416ee397fcce2d7f492,,20260806_142915_eyebrow_roi_seed42_b775dfb93f,2026-08-06T14:40:42.858928+00:00,640,480,,,1,,,,,,
b0e5313dc583903b8f66eca847f911e0f935c724656cc67d75dfd91dc11aaa73,,587,0.0,real,train,skipped,too_much_eye_inside_roi:0.4062,/content/drive/MyDrive/AISC DeepFake Çalışmaları/Deneyler/Deney 1 Frame/Real/train/real_train_00587.jpg,Real/train/real_train_00587.jpg,/content/drive/MyDrive/AISC DeepFake Çalışmaları/Deneyler/Nazlıcan/Deney 1/Kaş/real/train/real_train_00587.jpg,real/train/real_train_00587.jpg,290bd0d42bd6274cd10014b03558adfdd681d6f89616e467618ef0c8352a09f0,,20260806_142915_eyebrow_roi_seed42_b775dfb93f,2026-08-06T14:40:43.187107+00:00,1280,720,,,1,,,,,,
882e53a0558503be3d46275994e222df4aeebe819233546e88e07d8b928ce1b5,,591,0.0,real,train,skipped,insufficient_space_below_eyebrows,/content/drive/MyDrive/AISC DeepFake Çalışmaları/Deneyler/Deney 1 Frame/Real/train/real_train_00591.jpg,Real/train/real_train_00591.jpg,/content/drive/MyDrive/AISC DeepFake Çalışmaları/Deneyler/Nazlıcan/Deney 1/Kaş/real/train/real_train_00591.jpg,real/train/real_train_00591.jpg,8c56f6365fc8b9cc0794de3473ffec1bc8d78ff473164ba6cc84c0bc945c9eba,,20260806_142915_eyebrow_roi_seed42_b775dfb93f,2026-08-06T14:40:44.435499+00:00,640,480,,,1,,,,,,
6f7e46cd4fed207ee12787b1d2b81c834f36c9260d2013723265b2335d5acd58,,592,0.0,real,train,skipped,insufficient_space_below_eyebrows,/content/drive/MyDrive/AISC DeepFake Çalışmaları/Deneyler/Deney 1 Frame/Real/train/real_train_00592.jpg,Real/train/real_train_00592.jpg,/content/drive/MyDrive/AISC DeepFake Çalışmaları/Deneyler/Nazlıcan/Deney 1/Kaş/real/train/real_train_00592.jpg,real/train/real_train_00592.jpg,7046fe10c0d615209348d7ab4feedd2b2988657d286d5dd6f628a2f2d634293e,,20260806_142915_eyebrow_roi_seed42_b775dfb93f,2026-08-06T14:40:44.670763+00:00,1280,720,,,1,,,,,,
9e27ed0a3f675e54d14d18efd73f85adfad175f6fceeb31978a79206b2741961,,593,,real,train,skipped,face_not_found,/content/drive/MyDrive/AISC DeepFake Çalışmaları/Deneyler/Deney 1 Frame/Real/train/real_train_00593.jpg,Real/train/real_train_00593.jpg,/content/drive/MyDrive/AISC DeepFake Çalışmaları/Deneyler/Nazlıcan/Deney 1/Kaş/real/train/real_train_00593.jpg,real/train/real_train_00593.jpg,77c43b239b5bdb6945fece0967c0711c3d54ca0ce8733f23c9de27b3173f0ddd,,20260806_142915_eyebrow_roi_seed42_b775dfb93f,2026-08-06T14:40:44.980957+00:00,854,480,,,0,,,,,,
826d8db0cd8c81ef59001a525db4a210cf55d139826b5445b1018cf792d39c7b,,595,0.0,real,train,skipped,insufficient_space_below_eyebrows,/content/drive/MyDrive/AISC DeepFake Çalışmaları/Deneyler/Deney 1 Frame/Real/train/real_train_00595.jpg,Real/train/real_train_00595.jpg,/content/drive/MyDrive/AISC DeepFake Çalışmaları/Deneyler/Nazlıcan/Deney 1/Kaş/real/train/real_train_00595.jpg,real/train/real_train_00595.jpg,fad539b573735d2b5cb19f6de0877cebc955b3b7517c7776776d781376d9cc69,,20260806_142915_eyebrow_roi_seed42_b775dfb93f,2026-08-06T14:40:45.525209+00:00,600,480,,,1,,,,,,
9101f4d60ac96021f82e4a8215ceb32615ca3389152a828f10f15fbcf53c5534,,597,0.0,real,train,skipped,insufficient_space_below_eyebrows,/content/drive/MyDrive/AISC DeepFake Çalışmaları/Deneyler/Deney 1 Frame/Real/train/real_train_00597.jpg,Real/train/real_train_00597.jpg,/content/drive/MyDrive/AISC DeepFake Çalışmaları/Deneyler/Nazlıcan/Deney 1/Kaş/real/train/real_train_00597.jpg,real/train/real_train_00597.jpg,6b9eebc46a7da5f743dceed97a0306e4ca02d776c19f2a92410ed2c25a2d406c,,20260806_142915_eyebrow_roi_seed42_b775dfb93f,2026-08-06T14:40:46.418614+00:00,1280,720,,,1,,,,,,
8d239dc73c400ab12c63ccc92dabbe6a7da443ac63a2815d81cd9cbde3a3062d,,601,0.0,real,train,skipped,insufficient_space_below_eyebrows,/content/drive/MyDrive/AISC DeepFake Çalışmaları/Deneyler/Deney 1 Frame/Real/train/real_train_00601.jpg,Real/train/real_train_00601.jpg,/content/drive/MyDrive/AISC DeepFake Çalışmaları/Deneyler/Nazlıcan/Deney 1/Kaş/real/train/real_train_00601.jpg,real/train/real_train_00601.jpg,87e2294651fe657128dd7cde484261ec029349f3999ca9178b39ddd85cec52ca,,20260806_142915_eyebrow_roi_seed42_b775dfb93f,2026-08-06T14:40:47.957029+00:00,854,480,,,1,,,,,,
b3fea19cdcce95154f62709b6d8ed77e555e2e84efaa39c4769521c803828788,,603,0.0,real,train,skipped,roi_height_too_small:13,/content/drive/MyDrive/AISC DeepFake Çalışmaları/Deneyler/Deney 1 Frame/Real/train/real_train_00603.jpg,Real/train/real_train_00603.jpg,/content/drive/MyDrive/AISC DeepFake Çalışmaları/Deneyler/Nazlıcan/Deney 1/Kaş/real/train/real_train_00603.jpg,real/train/real_train_00603.jpg,ee49246b8d2ab50dbbeac0f2e8a22a74e8428f3b2b9faeb163136dcb0df4aa1e,,20260806_142915_eyebrow_roi_seed42_b775dfb93f,2026-08-06T14:40:48.757797+00:00,640,480,,,1,,,,,,
e6839a01379f15f132f6fe344c41671213dfae3d8d8ddb0e9dad6aeb63da82d9,,612,0.0,real,train,skipped,insufficient_space_below_eyebrows,/content/drive/MyDrive/AISC DeepFake Çalışmaları/Deneyler/Deney 1 Frame/Real/train/real_train_00612.jpg,Real/train/real_train_00612.jpg,/content/drive/MyDrive/AISC DeepFake Çalışmaları/Deneyler/Nazlıcan/Deney 1/Kaş/real/train/real_train_00612.jpg,real/train/real_train_00612.jpg,150ec30cb62b47edcc855ccd4e7d07cec239d3537e2471f9dbb84310878d8015,,20260806_142915_eyebrow_roi_seed42_b775dfb93f,2026-08-06T14:40:52.003765+00:00,854,480,,,1,,,,,,
23a69e0b5e1782eaf21a7cc42c39be9eecbe2c2f71c2533fc44b07be7ca46c0f,,613,0.0,real,train,skipped,insufficient_space_below_eyebrows,/content/drive/MyDrive/AISC DeepFake Çalışmaları/Deneyler/Deney 1 Frame/Real/train/real_train_00613.jpg,Real/train/real_train_00613.jpg,/content/drive/MyDrive/AISC DeepFake Çalışmaları/Deneyler/Nazlıcan/Deney 1/Kaş/real/train/real_train_00613.jpg,real/train/real_train_00613.jpg,8f429397c1b6fada45203ed15f473677d9747baf3c9fcd5149688af7755896ba,,20260806_142915_eyebrow_roi_seed42_b775dfb93f,2026-08-06T14:40:52.331815+00:00,640,480,,,1,,,,,,
15bb4cb13f4515148bdad7c6d1ecceaa41866a8523e27e2a2c47915491e5bb64,,614,0.0,real,train,skipped,insufficient_space_below_eyebrows,/content/drive/MyDrive/AISC DeepFake Çalışmaları/Deneyler/Deney 1 Frame/Real/train/real_train_00614.jpg,Real/train/real_train_00614.jpg,/content/drive/MyDrive/AISC DeepFake Çalışmaları/Deneyler/Nazlıcan/Deney 1/Kaş/real/train/real_train_00614.jpg,real/train/real_train_00614.jpg,7d972ac4e0185f76d7f13db06cb75b8753d8543f83f04fe523d181d18d65ed02,,20260806_142915_eyebrow_roi_seed42_b775dfb93f,2026-08-06T14:40:52.661846+00:00,1920,1080,,,1,,,,,,
04ae356e9a0203ee17dce601178003f7f2c95eee8db5d49466eacb4eb269c375,,618,0.0,real,train,skipped,insufficient_space_below_eyebrows,/content/drive/MyDrive/AISC DeepFake Çalışmaları/Deneyler/Deney 1 Frame/Real/train/real_train_00618.jpg,Real/train/real_train_00618.jpg,/content/drive/MyDrive/AISC DeepFake Çalışmaları/Deneyler/Nazlıcan/Deney 1/Kaş/real/train/real_train_00618.jpg,real/train/real_train_00618.jpg,dc7fb6daed958f71123ebdbf39be6c7581d909c9fc6dff49557b5c211676b3c6,,20260806_142915_eyebrow_roi_seed42_b775dfb93f,2026-08-06T14:40:54.004028+00:00,640,480,,,1,,,,,,
708f1a470ca60daf47a6a3c48a8a00c7bb0269d4d0b7664f095cd07faee0b2f2,,621,0.0,real,train,skipped,insufficient_space_below_eyebrows,/content/drive/MyDrive/AISC DeepFake Çalışmaları/Deneyler/Deney 1 Frame/Real/train/real_train_00621.jpg,Real/train/real_train_00621.jpg,/content/drive/MyDrive/AISC DeepFake Çalışmaları/Deneyler/Nazlıcan/Deney 1/Kaş/real/train/real_train_00621.jpg,real/train/real_train_00621.jpg,55fc5931761fac60c169c39f932fdfe861916a0226b86777c1a6cd7a545964fa,,20260806_142915_eyebrow_roi_seed42_b775dfb93f,2026-08-06T14:40:55.120592+00:00,656,480,,,1,,,,,,
74bb72f8fa7f6cddcd363bf5993e5acc2267bd6867bb0f4136f9971e5f2786cf,,625,0.0,real,train,skipped,insufficient_space_below_eyebrows,/content/drive/MyDrive/AISC DeepFake Çalışmaları/Deneyler/Deney 1 Frame/Real/train/real_train_00625.jpg,Real/train/real_train_00625.jpg,/content/drive/MyDrive/AISC DeepFake Çalışmaları/Deneyler/Nazlıcan/Deney 1/Kaş/real/train/real_train_00625.jpg,real/train/real_train_00625.jpg,d1bea10e6e7db4226dc97ff7319a56720a79418744e4115c4746586b1fad699d,,20260806_142915_eyebrow_roi_seed42_b775dfb93f,2026-08-06T14:40:56.897831+00:00,600,480,,,1,,,,,,
c32fa87f1aac4ab0760e74a3ff95b592c3aeb7e713d7db436fdb90cce3820988,,629,0.0,real,train,skipped,insufficient_space_below_eyebrows,/content/drive/MyDrive/AISC DeepFake Çalışmaları/Deneyler/Deney 1 Frame/Real/train/real_train_00629.jpg,Real/train/real_train_00629.jpg,/content/drive/MyDrive/AISC DeepFake Çalışmaları/Deneyler/Nazlıcan/Deney 1/Kaş/real/train/real_train_00629.jpg,real/train/real_train_00629.jpg,5deca7c551e0b6216421f5375fd9bf1c6cf4ef53c04153d39fda2fd348fedefa,,20260806_142915_eyebrow_roi_seed42_b775dfb93f,2026-08-06T14:40:57.963906+00:00,640,480,,,1,,,,,,
bb4ee6b65f0a8f2f2aac26cbca2a13b40b77ed56160fed82032d9bb8d0a220f4,,634,0.0,real,train,skipped,insufficient_space_below_eyebrows,/content/drive/MyDrive/AISC DeepFake Çalışmaları/Deneyler/Deney 1 Frame/Real/train/real_train_00634.jpg,Real/train/real_train_00634.jpg,/content/drive/MyDrive/AISC DeepFake Çalışmaları/Deneyler/Nazlıcan/Deney 1/Kaş/real/train/real_train_00634.jpg,real/train/real_train_00634.jpg,f88c46d7f9cfcd5099ce6f31e11eec0375dee263b38862c5ce2c40536cb86503,,20260806_142915_eyebrow_roi_seed42_b775dfb93f,2026-08-06T14:40:59.525210+00:00,1280,720,,,1,,,,,,
931111b7aa0ad7635d9308cfc0e4f7f8895953fcac8493b934447190cbcc6052,,638,0.0,real,train,skipped,roi_height_too_small:13,/content/drive/MyDrive/AISC DeepFake Çalışmaları/Deneyler/Deney 1 Frame/Real/train/real_train_00638.jpg,Real/train/real_train_00638.jpg,/content/drive/MyDrive/AISC DeepFake Çalışmaları/Deneyler/Nazlıcan/Deney 1/Kaş/real/train/real_train_00638.jpg,real/train/real_train_00638.jpg,2b2a29cb1fd01528e52a0d86a475160fc18e18ae9022d6a0ec79b7f88278bebf,,20260806_142915_eyebrow_roi_seed42_b775dfb93f,2026-08-06T14:41:01.725152+00:00,640,480,,,1,,,,,,
d64312eed19dc0a5cfc27b28cb5277da766c2d8f614ccf30a9b0042776866586,,639,0.0,real,train,skipped,insufficient_space_below_eyebrows,/content/drive/MyDrive/AISC DeepFake Çalışmaları/Deneyler/Deney 1 Frame/Real/train/real_train_00639.jpg,Real/train/real_train_00639.jpg,/content/drive/MyDrive/AISC DeepFake Çalışmaları/Deneyler/Nazlıcan/Deney 1/Kaş/real/train/real_train_00639.jpg,real/train/real_train_00639.jpg,4495558461ad9777fc96f32f8827b0f1e2bbd86670fb91d6ec71735c89c832dc,,20260806_142915_eyebrow_roi_seed42_b775dfb93f,2026-08-06T14:41:03.167885+00:00,1280,720,,,1,,,,,,
a4b117d087a90ed4ced11b1edee6fc61d1d939883c1d938ab612c236e7139298,,640,0.0,real,train,skipped,insufficient_space_below_eyebrows,/content/drive/MyDrive/AISC DeepFake Çalışmaları/Deneyler/Deney 1 Frame/Real/train/real_train_00640.jpg,Real/train/real_train_00640.jpg,/content/drive/MyDrive/AISC DeepFake Çalışmaları/Deneyler/Nazlıcan/Deney 1/Kaş/real/train/real_train_00640.jpg,real/train/real_train_00640.jpg,431d5f308e37d7a1f1f310180be9db584844d18dc0095f76cc558cd093aaaef4,,20260806_142915_eyebrow_roi_seed42_b775dfb93f,2026-08-06T14:41:03.791870+00:00,1280,720,,,1,,,,,,
c5b8bbea2f7be16c9066e0ad2885dce06e5d65cbfbd2964b57a4aca747a6dd20,,648,0.0,real,train,skipped,insufficient_space_below_eyebrows,/content/drive/MyDrive/AISC DeepFake Çalışmaları/Deneyler/Deney 1 Frame/Real/train/real_train_00648.jpg,Real/train/real_train_00648.jpg,/content/drive/MyDrive/AISC DeepFake Çalışmaları/Deneyler/Nazlıcan/Deney 1/Kaş/real/train/real_train_00648.jpg,real/train/real_train_00648.jpg,91528bac9f11f0908b51396ab36ef07b605a0ad2e12de4a5d7cde8d3a4355743,,20260806_142915_eyebrow_roi_seed42_b775dfb93f,2026-08-06T14:41:06.896095+00:00,1280,720,,,1,,,,,,
36282ee28240be49e1f706012e6830df60d99e160fe9383736633caea1de9277,,649,,real,train,skipped,face_not_found,/content/drive/MyDrive/AISC DeepFake Çalışmaları/Deneyler/Deney 1 Frame/Real/train/real_train_00649.jpg,Real/train/real_train_00649.jpg,/content/drive/MyDrive/AISC DeepFake Çalışmaları/Deneyler/Nazlıcan/Deney 1/Kaş/real/train/real_train_00649.jpg,real/train/real_train_00649.jpg,25decb21442fd5f2f08b11c439428171204befee6e2edc0a9a19f93acc79caa3,,20260806_142915_eyebrow_roi_seed42_b775dfb93f,2026-08-06T14:41:07.119576+00:00,656,480,,,0,,,,,,
e7125b9d37f3591f1a6d52479a29b197a34c6503cec0165cabea1caa64cbd2b4,,652,0.0,real,train,skipped,insufficient_space_below_eyebrows,/content/drive/MyDrive/AISC DeepFake Çalışmaları/Deneyler/Deney 1 Frame/Real/train/real_train_00652.jpg,Real/train/real_train_00652.jpg,/content/drive/MyDrive/AISC DeepFake Çalışmaları/Deneyler/Nazlıcan/Deney 1/Kaş/real/train/real_train_00652.jpg,real/train/real_train_00652.jpg,97a5fe2884453ebbd6624c5590650116cafadc1118631088a31efd14eb3ff471,,20260806_142915_eyebrow_roi_seed42_b775dfb93f,2026-08-06T14:41:08.144041+00:00,1280,720,,,1,,,,,,
8b702305716134800d03023caa39c8f2eb3b3d3073a9a25372d4079ccafc0370,,653,0.0,real,train,skipped,insufficient_space_below_eyebrows,/content/drive/MyDrive/AISC DeepFake Çalışmaları/Deneyler/Deney 1 Frame/Real/train/real_train_00653.jpg,Real/train/real_train_00653.jpg,/content/drive/MyDrive/AISC DeepFake Çalışmaları/Deneyler/Nazlıcan/Deney 1/Kaş/real/train/real_train_00653.jpg,real/train/real_train_00653.jpg,d5df615d3eaa841698e08e17c80cc7d11442c218d98d6cb00f56933daeec476d,,20260806_142915_eyebrow_roi_seed42_b775dfb93f,2026-08-06T14:41:08.377398+00:00,654,480,,,1,,,,,,
7bb09ea84036fda42070d835f487ee763886e717626273ac4a22721a67fa45e9,,660,0.0,real,train,skipped,insufficient_space_below_eyebrows,/content/drive/MyDrive/AISC DeepFake Çalışmaları/Deneyler/Deney 1 Frame/Real/train/real_train_00660.jpg,Real/train/real_train_00660.jpg,/content/drive/MyDrive/AISC DeepFake Çalışmaları/Deneyler/Nazlıcan/Deney 1/Kaş/real/train/real_train_00660.jpg,real/train/real_train_00660.jpg,c00a6991e0b6125d511b2e4880f7486cfa265f7d8c730efebdfea065716703db,,20260806_142915_eyebrow_roi_seed42_b775dfb93f,2026-08-06T14:41:10.918464+00:00,1920,1080,,,1,,,,,,
46778e6ee51827d02c22494068717b5b5adb6ba458d15608597614abc6f6b83e,,665,0.0,real,train,skipped,insufficient_space_below_eyebrows,/content/drive/MyDrive/AISC DeepFake Çalışmaları/Deneyler/Deney 1 Frame/Real/train/real_train_00665.jpg,Real/train/real_train_00665.jpg,/content/drive/MyDrive/AISC DeepFake Çalışmaları/Deneyler/Nazlıcan/Deney 1/Kaş/real/train/real_train_00665.jpg,real/train/real_train_00665.jpg,928cd00cd83afb924b5b1c7e3f281dfc6a54d97ab4597a57567ebe0381f3778e,,20260806_142915_eyebrow_roi_seed42_b775dfb93f,2026-08-06T14:41:12.774776+00:00,1920,1080,,,1,,,,,,
1d438d1b14e2084595b0885aa4b7cbdc6f6d427568faa2a9247adb245edf3888,,666,0.0,real,train,skipped,insufficient_space_below_eyebrows,/content/drive/MyDrive/AISC DeepFake Çalışmaları/Deneyler/Deney 1 Frame/Real/train/real_train_00666.jpg,Real/train/real_train_00666.jpg,/content/drive/MyDrive/AISC DeepFake Çalışmaları/Deneyler/Nazlıcan/Deney 1/Kaş/real/train/real_train_00666.jpg,real/train/real_train_00666.jpg,415a22a7e5cb50142083c1cafcd192abeafdde5536ae8e61fee9197503e1d715,,20260806_142915_eyebrow_roi_seed42_b775dfb93f,2026-08-06T14:41:13.045881+00:00,640,480,,,1,,,,,,
e7c3e5d307d641eccf9686db8c57fdcd9917fe07245487c0fff9d3b53c269857,,668,0.0,real,train,skipped,insufficient_space_below_eyebrows,/content/drive/MyDrive/AISC DeepFake Çalışmaları/Deneyler/Deney 1 Frame/Real/train/real_train_00668.jpg,Real/train/real_train_00668.jpg,/content/drive/MyDrive/AISC DeepFake Çalışmaları/Deneyler/Nazlıcan/Deney 1/Kaş/real/train/real_train_00668.jpg,real/train/real_train_00668.jpg,3c2f1aa81ca0bfe87d7f355479ce972750f4acf43dae8f9d83cb1a3206c13c86,,20260806_142915_eyebrow_roi_seed42_b775dfb93f,2026-08-06T14:41:13.592932+00:00,1280,720,,,1,,,,,,
34bde99a9787beff60099ffe26585f146fca0684b5b0b50622a247ca9af93fff,,669,0.0,real,train,skipped,insufficient_space_below_eyebrows,/content/drive/MyDrive/AISC DeepFake Çalışmaları/Deneyler/Deney 1 Frame/Real/train/real_train_00669.jpg,Real/train/real_train_00669.jpg,/content/drive/MyDrive/AISC DeepFake Çalışmaları/Deneyler/Nazlıcan/Deney 1/Kaş/real/train/real_train_00669.jpg,real/train/real_train_00669.jpg,d8ed1769e28b58a361d3cc23c74e7f5033e6d60147c2b4c1eae2a022a319325c,,20260806_142915_eyebrow_roi_seed42_b775dfb93f,2026-08-06T14:41:13.844917+00:00,1280,720,,,1,,,,,,
43b5c7d912715ca3ba92a1f05abc362a2f983a541da0806474e1d1dd447e7405,,671,0.0,real,train,skipped,insufficient_space_below_eyebrows,/content/drive/MyDrive/AISC DeepFake Çalışmaları/Deneyler/Deney 1 Frame/Real/train/real_train_00671.jpg,Real/train/real_train_00671.jpg,/content/drive/MyDrive/AISC DeepFake Çalışmaları/Deneyler/Nazlıcan/Deney 1/Kaş/real/train/real_train_00671.jpg,real/train/real_train_00671.jpg,b469337d61c2f45dea0260be71081bdb5d4ae8dda9fc141f265cc20257b052b9,,20260806_142915_eyebrow_roi_seed42_b775dfb93f,2026-08-06T14:41:14.479029+00:00,598,480,,,1,,,,,,
c5b2d2d71f40fedf464022e3f6dfc0db375bf00bcf983aba6b6fbb5d43791b2f,,672,0.0,real,train,skipped,insufficient_space_below_eyebrows,/content/drive/MyDrive/AISC DeepFake Çalışmaları/Deneyler/Deney 1 Frame/Real/train/real_train_00672.jpg,Real/train/real_train_00672.jpg,/content/drive/MyDrive/AISC DeepFake Çalışmaları/Deneyler/Nazlıcan/Deney 1/Kaş/real/train/real_train_00672.jpg,real/train/real_train_00672.jpg,bfe781b6aa25ffe3cb53799e2c1f8fd33b187688b79d84fd589436cef4013bb1,,20260806_142915_eyebrow_roi_seed42_b775dfb93f,2026-08-06T14:41:14.722569+00:00,1280,720,,,1,,,,,,
2ef5574fa8fc7a3df033988699eca61f8ba4cb0805e49096c373e385f52f5a68,,673,0.0,real,train,skipped,insufficient_space_below_eyebrows,/content/drive/MyDrive/AISC DeepFake Çalışmaları/Deneyler/Deney 1 Frame/Real/train/real_train_00673.jpg,Real/train/real_train_00673.jpg,/content/drive/MyDrive/AISC DeepFake Çalışmaları/Deneyler/Nazlıcan/Deney 1/Kaş/real/train/real_train_00673.jpg,real/train/real_train_00673.jpg,4928500f116651843002efb47b45bd3abe2171a3000b04bfd1514e9c3f4f4ca2,,20260806_142915_eyebrow_roi_seed42_b775dfb93f,2026-08-06T14:41:15.039340+00:00,640,480,,,1,,,,,,
12a39cb2842f2d57906946c77f52a67c7694f6603dd4f09cd9343bc6244ffb76,,675,0.0,real,train,skipped,insufficient_space_below_eyebrows,/content/drive/MyDrive/AISC DeepFake Çalışmaları/Deneyler/Deney 1 Frame/Real/train/real_train_00675.jpg,Real/train/real_train_00675.jpg,/content/drive/MyDrive/AISC DeepFake Çalışmaları/Deneyler/Nazlıcan/Deney 1/Kaş/real/train/real_train_00675.jpg,real/train/real_train_00675.jpg,70f100a7ccf97cd45dc131d04b6e7136261fd888967a5c94b3c6aaa1d2cacfe5,,20260806_142915_eyebrow_roi_seed42_b775dfb93f,2026-08-06T14:41:15.875186+00:00,1920,1080,,,1,,,,,,
fb1c0b9a3d82e88fd74f0d6c4f7ded0c2613b793602787d45bbcbf8e92337966,,677,0.0,real,train,skipped,roi_height_too_small:10,/content/drive/MyDrive/AISC DeepFake Çalışmaları/Deneyler/Deney 1 Frame/Real/train/real_train_00677.jpg,Real/train/real_train_00677.jpg,/content/drive/MyDrive/AISC DeepFake Çalışmaları/Deneyler/Nazlıcan/Deney 1/Kaş/real/train/real_train_00677.jpg,real/train/real_train_00677.jpg,bf32a5b3d05532f4b7566f1332952d87398a09cb676ea0fabf1f87575d81bb81,,20260806_142915_eyebrow_roi_seed42_b775dfb93f,2026-08-06T14:41:16.378833+00:00,600,480,,,1,,,,,,
a7978d02521495cd8d36fd4e0ef38d1c55041cf5dbec773cd67909a9d7d64373,,678,0.0,real,train,skipped,insufficient_space_below_eyebrows,/content/drive/MyDrive/AISC DeepFake Çalışmaları/Deneyler/Deney 1 Frame/Real/train/real_train_00678.jpg,Real/train/real_train_00678.jpg,/content/drive/MyDrive/AISC DeepFake Çalışmaları/Deneyler/Nazlıcan/Deney 1/Kaş/real/train/real_train_00678.jpg,real/train/real_train_00678.jpg,8191a7ecc93d07bc5108c7438fd2e570cbb4fa38227f9646e13ef80351b34dd9,,20260806_142915_eyebrow_roi_seed42_b775dfb93f,2026-08-06T14:41:16.718758+00:00,1280,720,,,1,,,,,,
16c0eaff0001b5e28dde639d0dbfc7f53311aaf8280a410bccee514a0dd16ccf,,680,0.0,real,train,skipped,insufficient_space_below_eyebrows,/content/drive/MyDrive/AISC DeepFake Çalışmaları/Deneyler/Deney 1 Frame/Real/train/real_train_00680.jpg,Real/train/real_train_00680.jpg,/content/drive/MyDrive/AISC DeepFake Çalışmaları/Deneyler/Nazlıcan/Deney 1/Kaş/real/train/real_train_00680.jpg,real/train/real_train_00680.jpg,ae0fd4316ed5ca320aac6da7d692154952709fa23f640466c6990bb1aae493e5,,20260806_142915_eyebrow_roi_seed42_b775dfb93f,2026-08-06T14:41:17.178115+00:00,1280,720,,,1,,,,,,
19fa1283e82e0112a6c236ea87e3f134329415b9acda40129a64eb82e15a80de,,683,0.0,real,train,skipped,insufficient_space_below_eyebrows,/content/drive/MyDrive/AISC DeepFake Çalışmaları/Deneyler/Deney 1 Frame/Real/train/real_train_00683.jpg,Real/train/real_train_00683.jpg,/content/drive/MyDrive/AISC DeepFake Çalışmaları/Deneyler/Nazlıcan/Deney 1/Kaş/real/train/real_train_00683.jpg,real/train/real_train_00683.jpg,043f05979826876cab2f1d2022e4d24f65ad5ad5ae215507629be28caccd815b,,20260806_142915_eyebrow_roi_seed42_b775dfb93f,2026-08-06T14:41:18.025968+00:00,854,480,,,1,,,,,,
506a21f36068d130e58b5bdee7e31219a5101a51bb28008b2671e049b5ab51ab,,684,0.0,real,train,skipped,insufficient_space_below_eyebrows,/content/drive/MyDrive/AISC DeepFake Çalışmaları/Deneyler/Deney 1 Frame/Real/train/real_train_00684.jpg,Real/train/real_train_00684.jpg,/content/drive/MyDrive/AISC DeepFake Çalışmaları/Deneyler/Nazlıcan/Deney 1/Kaş/real/train/real_train_00684.jpg,real/train/real_train_00684.jpg,155fe4de4a8e4e57ce0d0cffc14d39fcffd06ca7523705b7d19b503d9249b3bc,,20260806_142915_eyebrow_roi_seed42_b775dfb93f,2026-08-06T14:41:18.238123+00:00,640,480,,,1,,,,,,
9a8ba0b486e363e230f43c7c64a07aa2cf1eb47b0fdb0f277318c90bafd56f89,,687,0.0,real,train,skipped,insufficient_space_below_eyebrows,/content/drive/MyDrive/AISC DeepFake Çalışmaları/Deneyler/Deney 1 Frame/Real/train/real_train_00687.jpg,Real/train/real_train_00687.jpg,/content/drive/MyDrive/AISC DeepFake Çalışmaları/Deneyler/Nazlıcan/Deney 1/Kaş/real/train/real_train_00687.jpg,real/train/real_train_00687.jpg,965747ed0ed4b73496b8a5ef3ba4603da696e233a01d896522a18c4e66a16817,,20260806_142915_eyebrow_roi_seed42_b775dfb93f,2026-08-06T14:41:19.541377+00:00,1920,1080,,,1,,,,,,
b64f16bff338421e8f417eb3c7ed8dba8e7173400a49785174ca0505fa697e8c,,688,0.0,real,train,skipped,insufficient_space_below_eyebrows,/content/drive/MyDrive/AISC DeepFake Çalışmaları/Deneyler/Deney 1 Frame/Real/train/real_train_00688.jpg,Real/train/real_train_00688.jpg,/content/drive/MyDrive/AISC DeepFake Çalışmaları/Deneyler/Nazlıcan/Deney 1/Kaş/real/train/real_train_00688.jpg,real/train/real_train_00688.jpg,c6a2aa72bf957ad6736d0c11b4e49bbbbe056f22f793b80f1fd28ce172918e1f,,20260806_142915_eyebrow_roi_seed42_b775dfb93f,2026-08-06T14:41:19.936983+00:00,1920,1080,,,1,,,,,,
db72a6659d07428522321111a7ddd0c0bda816972c871e75d093b5cf0580c2b1,,693,0.0,real,train,skipped,insufficient_space_below_eyebrows,/content/drive/MyDrive/AISC DeepFake Çalışmaları/Deneyler/Deney 1 Frame/Real/train/real_train_00693.jpg,Real/train/real_train_00693.jpg,/content/drive/MyDrive/AISC DeepFake Çalışmaları/Deneyler/Nazlıcan/Deney 1/Kaş/real/train/real_train_00693.jpg,real/train/real_train_00693.jpg,49fd46503959df01e53b1ae38d03d479b605237d5a720ec5f7c757e5301d2384,,20260806_142915_eyebrow_roi_seed42_b775dfb93f,2026-08-06T14:41:21.684225+00:00,854,480,,,1,,,,,,
bc9c50b6f93c9a2578d99a15a6cafd6cc8a369374a894c93e225132b251e3524,,696,0.0,real,train,skipped,insufficient_space_below_eyebrows,/content/drive/MyDrive/AISC DeepFake Çalışmaları/Deneyler/Deney 1 Frame/Real/train/real_train_00696.jpg,Real/train/real_train_00696.jpg,/content/drive/MyDrive/AISC DeepFake Çalışmaları/Deneyler/Nazlıcan/Deney 1/Kaş/real/train/real_train_00696.jpg,real/train/real_train_00696.jpg,41da43498412049fd9f5d48b345494d56e082b6db1364c322c1b34642bbd6fd0,,20260806_142915_eyebrow_roi_seed42_b775dfb93f,2026-08-06T14:41:22.776106+00:00,1280,720,,,1,,,,,,
ca128922b6d5f5cf420a74b59d5697d601005b553fdf36c4661e694c1a30d0f8,,708,0.0,real,train,skipped,insufficient_space_below_eyebrows,/content/drive/MyDrive/AISC DeepFake Çalışmaları/Deneyler/Deney 1 Frame/Real/train/real_train_00708.jpg,Real/train/real_train_00708.jpg,/content/drive/MyDrive/AISC DeepFake Çalışmaları/Deneyler/Nazlıcan/Deney 1/Kaş/real/train/real_train_00708.jpg,real/train/real_train_00708.jpg,a6a8fed897b403fd31f0d3ce9750f8163763eb03aca00bf9c07575e7f49984ef,,20260806_142915_eyebrow_roi_seed42_b775dfb93f,2026-08-06T14:41:26.673662+00:00,1280,720,,,1,,,,,,
1779b3f0a3dcd06263f4ab95e1ca7ad3f1516a0304a2b3e6913128d4d186c626,,710,0.0,real,train,skipped,insufficient_space_below_eyebrows,/content/drive/MyDrive/AISC DeepFake Çalışmaları/Deneyler/Deney 1 Frame/Real/train/real_train_00710.jpg,Real/train/real_train_00710.jpg,/content/drive/MyDrive/AISC DeepFake Çalışmaları/Deneyler/Nazlıcan/Deney 1/Kaş/real/train/real_train_00710.jpg,real/train/real_train_00710.jpg,1d8d1eeafb0d7c3376cf565838f1699f4e8445ee56fd92714523560fd366d871,,20260806_142915_eyebrow_roi_seed42_b775dfb93f,2026-08-06T14:41:27.579514+00:00,854,480,,,1,,,,,,
05c142e8f9a637e82ff7e8d42693d78e2b7604611f1113432d5ef74e82a7a022,,714,0.0,real,train,skipped,insufficient_space_below_eyebrows,/content/drive/MyDrive/AISC DeepFake Çalışmaları/Deneyler/Deney 1 Frame/Real/train/real_train_00714.jpg,Real/train/real_train_00714.jpg,/content/drive/MyDrive/AISC DeepFake Çalışmaları/Deneyler/Nazlıcan/Deney 1/Kaş/real/train/real_train_00714.jpg,real/train/real_train_00714.jpg,e9c6bc23f862dfa3b08d75974413987aaa27c3d26ca39a82255a823d1f408010,,20260806_142915_eyebrow_roi_seed42_b775dfb93f,2026-08-06T14:41:28.877820+00:00,640,480,,,1,,,,,,
e0917bafd734a28204301a87c52c6ce49a9b97810495923117f190580d0e2129,,717,0.0,real,train,skipped,insufficient_space_below_eyebrows,/content/drive/MyDrive/AISC DeepFake Çalışmaları/Deneyler/Deney 1 Frame/Real/train/real_train_00717.jpg,Real/train/real_train_00717.jpg,/content/drive/MyDrive/AISC DeepFake Çalışmaları/Deneyler/Nazlıcan/Deney 1/Kaş/real/train/real_train_00717.jpg,real/train/real_train_00717.jpg,a7fd846ef309f025a962c81f34fe88292eb6281c4d8a28e4972e9991e63f2c9d,,20260806_142915_eyebrow_roi_seed42_b775dfb93f,2026-08-06T14:41:29.866132+00:00,854,480,,,1,,,,,,
fd16375aca52c9f307e3fc75a78e6eb38ae98605e7f595fde584a1b444765395,,722,,real,train,skipped,multiple_faces_detected:2,/content/drive/MyDrive/AISC DeepFake Çalışmaları/Deneyler/Deney 1 Frame/Real/train/real_train_00722.jpg,Real/train/real_train_00722.jpg,/content/drive/MyDrive/AISC DeepFake Çalışmaları/Deneyler/Nazlıcan/Deney 1/Kaş/real/train/real_train_00722.jpg,real/train/real_train_00722.jpg,8d3ea3b695d11128842aa183e96d6691e3c3895ed8b0b72b218bc33f78e4d13b,,20260806_142915_eyebrow_roi_seed42_b775dfb93f,2026-08-06T14:41:31.870861+00:00,720,480,,,2,,,,,,
3efa42a0bb7e8e131933bcfb2c705421e376b7b55407facd5e6b9f9e0d4134b4,,724,0.0,real,train,skipped,insufficient_space_below_eyebrows,/content/drive/MyDrive/AISC DeepFake Çalışmaları/Deneyler/Deney 1 Frame/Real/train/real_train_00724.jpg,Real/train/real_train_00724.jpg,/content/drive/MyDrive/AISC DeepFake Çalışmaları/Deneyler/Nazlıcan/Deney 1/Kaş/real/train/real_train_00724.jpg,real/train/real_train_00724.jpg,8cb6f29af618c39302047dfda8a9beff681888796b49f4dbd48c0ac99f7cf4ea,,20260806_142915_eyebrow_roi_seed42_b775dfb93f,2026-08-06T14:41:32.497131+00:00,640,480,,,1,,,,,,
e7ecc503b6ae0015a34f4b0816c6895c34326946fa6122e0e372e54f97f6721b,,725,,real,train,skipped,face_not_found,/content/drive/MyDrive/AISC DeepFake Çalışmaları/Deneyler/Deney 1 Frame/Real/train/real_train_00725.jpg,Real/train/real_train_00725.jpg,/content/drive/MyDrive/AISC DeepFake Çalışmaları/Deneyler/Nazlıcan/Deney 1/Kaş/real/train/real_train_00725.jpg,real/train/real_train_00725.jpg,c455296bf7bb39dbabf21936b5388fb19d5a243f69addfcf0e21242266f4223d,,20260806_142915_eyebrow_roi_seed42_b775dfb93f,2026-08-06T14:41:33.069856+00:00,1920,1080,,,0,,,,,,
20e1ca35f66d248f0953ff8e1eb79bd01b8e70eb4aa11857004c13574133fdd1,,727,0.0,real,train,skipped,insufficient_space_below_eyebrows,/content/drive/MyDrive/AISC DeepFake Çalışmaları/Deneyler/Deney 1 Frame/Real/train/real_train_00727.jpg,Real/train/real_train_00727.jpg,/content/drive/MyDrive/AISC DeepFake Çalışmaları/Deneyler/Nazlıcan/Deney 1/Kaş/real/train/real_train_00727.jpg,real/train/real_train_00727.jpg,64e584339ffa544e23f7559097dcc89ee8d2f3234fefea25b669ae242623ee5e,,20260806_142915_eyebrow_roi_seed42_b775dfb93f,2026-08-06T14:41:33.545034+00:00,1920,1080,,,1,,,,,,
ee99982d91bfa47a900a13d696250e943b58711b83480e2f7c89f910c451ae37,,728,0.0,real,train,skipped,insufficient_space_below_eyebrows,/content/drive/MyDrive/AISC DeepFake Çalışmaları/Deneyler/Deney 1 Frame/Real/train/real_train_00728.jpg,Real/train/real_train_00728.jpg,/content/drive/MyDrive/AISC DeepFake Çalışmaları/Deneyler/Nazlıcan/Deney 1/Kaş/real/train/real_train_00728.jpg,real/train/real_train_00728.jpg,a9d91190dba59b84d4813f3ef3ebf15b8c52d621c47c2322fccc1d9502a80e55,,20260806_142915_eyebrow_roi_seed42_b775dfb93f,2026-08-06T14:41:33.934680+00:00,600,480,,,1,,,,,,
960e5016e2e73264174421a97e3f684d39890e50653affa3015933b71a83c616,,729,0.0,real,train,skipped,insufficient_space_below_eyebrows,/content/drive/MyDrive/AISC DeepFake Çalışmaları/Deneyler/Deney 1 Frame/Real/train/real_train_00729.jpg,Real/train/real_train_00729.jpg,/content/drive/MyDrive/AISC DeepFake Çalışmaları/Deneyler/Nazlıcan/Deney 1/Kaş/real/train/real_train_00729.jpg,real/train/real_train_00729.jpg,a286192d9be10e84aa9289b44e9fb27449309c7bcb031fa1c1e99a18c42f6849,,20260806_142915_eyebrow_roi_seed42_b775dfb93f,2026-08-06T14:41:34.177597+00:00,720,480,,,1,,,,,,
95fce5a0c1da88007d2e47bee19f06e0f1da30a8253cf4fc2b9b3591671bad31,,730,,real,train,skipped,face_not_found,/content/drive/MyDrive/AISC DeepFake Çalışmaları/Deneyler/Deney 1 Frame/Real/train/real_train_00730.jpg,Real/train/real_train_00730.jpg,/content/drive/MyDrive/AISC DeepFake Çalışmaları/Deneyler/Nazlıcan/Deney 1/Kaş/real/train/real_train_00730.jpg,real/train/real_train_00730.jpg,16672ff69dd096249ad984847b775b83bfe0e8aacb6c2e5ade12266caa7fa997,,20260806_142915_eyebrow_roi_seed42_b775dfb93f,2026-08-06T14:41:34.406290+00:00,1280,720,,,0,,,,,,
27ecfa954c0b157143914f5084dd28f7a316b55fcc5886b2eba1544e6675f4e9,,735,0.0,real,train,skipped,insufficient_space_below_eyebrows,/content/drive/MyDrive/AISC DeepFake Çalışmaları/Deneyler/Deney 1 Frame/Real/train/real_train_00735.jpg,Real/train/real_train_00735.jpg,/content/drive/MyDrive/AISC DeepFake Çalışmaları/Deneyler/Nazlıcan/Deney 1/Kaş/real/train/real_train_00735.jpg,real/train/real_train_00735.jpg,54aac357dc34d73ab03235f1b32ebeaa428073452c3b940868da744e86deaca3,,20260806_142915_eyebrow_roi_seed42_b775dfb93f,2026-08-06T14:41:36.153752+00:00,640,480,,,1,,,,,,
33fb8648772e27bab75e21c812ffb00000d97290f5e90d91afdc617da9dee0a5,,738,0.0,real,train,skipped,insufficient_space_below_eyebrows,/content/drive/MyDrive/AISC DeepFake Çalışmaları/Deneyler/Deney 1 Frame/Real/train/real_train_00738.jpg,Real/train/real_train_00738.jpg,/content/drive/MyDrive/AISC DeepFake Çalışmaları/Deneyler/Nazlıcan/Deney 1/Kaş/real/train/real_train_00738.jpg,real/train/real_train_00738.jpg,ab896fb44ee953d2ecb1b005507572c07d200588fc7939a8d7de7e5b9a702bd0,,20260806_142915_eyebrow_roi_seed42_b775dfb93f,2026-08-06T14:41:37.242199+00:00,598,480,,,1,,,,,,
fabeea1cae7970ecd6cc732254c1f5187334c0051a5753fcfa605d332939e8f2,,746,0.0,real,train,skipped,insufficient_space_below_eyebrows,/content/drive/MyDrive/AISC DeepFake Çalışmaları/Deneyler/Deney 1 Frame/Real/train/real_train_00746.jpg,Real/train/real_train_00746.jpg,/content/drive/MyDrive/AISC DeepFake Çalışmaları/Deneyler/Nazlıcan/Deney 1/Kaş/real/train/real_train_00746.jpg,real/train/real_train_00746.jpg,44bccaaf67e8596dc2d03148a4f656a058a0c78e60e236f99d1cfd95524895d5,,20260806_142915_eyebrow_roi_seed42_b775dfb93f,2026-08-06T14:41:39.778427+00:00,640,480,,,1,,,,,,
6c9f06b6bfcd3c9e3539092a3cd5c6ceeb3f808d8452f7fd72b7ba6c4e480c54,,751,0.0,real,train,skipped,insufficient_space_below_eyebrows,/content/drive/MyDrive/AISC DeepFake Çalışmaları/Deneyler/Deney 1 Frame/Real/train/real_train_00751.jpg,Real/train/real_train_00751.jpg,/content/drive/MyDrive/AISC DeepFake Çalışmaları/Deneyler/Nazlıcan/Deney 1/Kaş/real/train/real_train_00751.jpg,real/train/real_train_00751.jpg,98729b9c7328bee09ef8a39d98d50cb84bf9255cb1d97fae44f0632763eb1cdf,,20260806_142915_eyebrow_roi_seed42_b775dfb93f,2026-08-06T14:41:41.611374+00:00,640,480,,,1,,,,,,
eb48f96def7690ed74f8262e234cbace415487ed4a08e06aceab6cb9cdbee2d6,,753,0.0,real,train,skipped,insufficient_space_below_eyebrows,/content/drive/MyDrive/AISC DeepFake Çalışmaları/Deneyler/Deney 1 Frame/Real/train/real_train_00753.jpg,Real/train/real_train_00753.jpg,/content/drive/MyDrive/AISC DeepFake Çalışmaları/Deneyler/Nazlıcan/Deney 1/Kaş/real/train/real_train_00753.jpg,real/train/real_train_00753.jpg,9521f40974df89c6c6b38a9cf8c7a86f86b5507f13d5df404edb12df21a86a75,,20260806_142915_eyebrow_roi_seed42_b775dfb93f,2026-08-06T14:41:42.189682+00:00,640,480,,,1,,,,,,
167c56c7261b00af17fc13ebce86495f93d6271663293f857bf614529849b137,,754,0.0,real,train,skipped,insufficient_space_below_eyebrows,/content/drive/MyDrive/AISC DeepFake Çalışmaları/Deneyler/Deney 1 Frame/Real/train/real_train_00754.jpg,Real/train/real_train_00754.jpg,/content/drive/MyDrive/AISC DeepFake Çalışmaları/Deneyler/Nazlıcan/Deney 1/Kaş/real/train/real_train_00754.jpg,real/train/real_train_00754.jpg,40d36d58ca68f5c099e6ffb164ac39ea1031a7763636c25439e39b36b0e880e0,,20260806_142915_eyebrow_roi_seed42_b775dfb93f,2026-08-06T14:41:42.463001+00:00,600,480,,,1,,,,,,
70e7e0f8c9aea6b43205406e5ff9906414a6fb85a029fa07087027bae1d6b2a0,,755,0.0,real,train,skipped,insufficient_space_below_eyebrows,/content/drive/MyDrive/AISC DeepFake Çalışmaları/Deneyler/Deney 1 Frame/Real/train/real_train_00755.jpg,Real/train/real_train_00755.jpg,/content/drive/MyDrive/AISC DeepFake Çalışmaları/Deneyler/Nazlıcan/Deney 1/Kaş/real/train/real_train_00755.jpg,real/train/real_train_00755.jpg,9085840dd7c35755d647fafdc0bdc2e159dfec47f74cff73156d7c12d2eac78b,,20260806_142915_eyebrow_roi_seed42_b775dfb93f,2026-08-06T14:41:42.765185+00:00,1920,1080,,,1,,,,,,
4a88fc8cb9261af6a2d6b76a45c8c0a310fd2a3a0223af2dc394ab7fbb52badb,,756,,real,train,skipped,multiple_faces_detected:2,/content/drive/MyDrive/AISC DeepFake Çalışmaları/Deneyler/Deney 1 Frame/Real/train/real_train_00756.jpg,Real/train/real_train_00756.jpg,/content/drive/MyDrive/AISC DeepFake Çalışmaları/Deneyler/Nazlıcan/Deney 1/Kaş/real/train/real_train_00756.jpg,real/train/real_train_00756.jpg,7178ab58c64020e6ad1eaae972635e0548a2437695ae952193ff0d73f68a7c56,,20260806_142915_eyebrow_roi_seed42_b775dfb93f,2026-08-06T14:41:43.100116+00:00,1280,720,,,2,,,,,,
f6e66684c6d6ef2bfe609d563f1f15c5bbafe57d0a0e1fba38ad3a0fe80602ab,,760,,real,train,skipped,multiple_faces_detected:2,/content/drive/MyDrive/AISC DeepFake Çalışmaları/Deneyler/Deney 1 Frame/Real/train/real_train_00760.jpg,Real/train/real_train_00760.jpg,/content/drive/MyDrive/AISC DeepFake Çalışmaları/Deneyler/Nazlıcan/Deney 1/Kaş/real/train/real_train_00760.jpg,real/train/real_train_00760.jpg,2689555d354b38549ea91947680cfa8115d6741df6bb0c3c139c5c0c55458e28,,20260806_142915_eyebrow_roi_seed42_b775dfb93f,2026-08-06T14:41:44.632345+00:00,720,480,,,2,,,,,,
ddb8538cd66919e0ff3f971b4a5de9a2126ba1a46157eb5e6a17876ac425f299,,761,0.0,real,train,skipped,insufficient_space_below_eyebrows,/content/drive/MyDrive/AISC DeepFake Çalışmaları/Deneyler/Deney 1 Frame/Real/train/real_train_00761.jpg,Real/train/real_train_00761.jpg,/content/drive/MyDrive/AISC DeepFake Çalışmaları/Deneyler/Nazlıcan/Deney 1/Kaş/real/train/real_train_00761.jpg,real/train/real_train_00761.jpg,a0f8146a0edebaef608516f05aea79d78decb03009e25936482ddca71326bc6a,,20260806_142915_eyebrow_roi_seed42_b775dfb93f,2026-08-06T14:41:45.012233+00:00,640,480,,,1,,,,,,
d16c668069312e7853dfbdb29829e188848842183d6656ff668fbcebc7f5ab85,,764,0.0,real,train,skipped,insufficient_space_below_eyebrows,/content/drive/MyDrive/AISC DeepFake Çalışmaları/Deneyler/Deney 1 Frame/Real/train/real_train_00764.jpg,Real/train/real_train_00764.jpg,/content/drive/MyDrive/AISC DeepFake Çalışmaları/Deneyler/Nazlıcan/Deney 1/Kaş/real/train/real_train_00764.jpg,real/train/real_train_00764.jpg,2127322d8d07469dfb82d64e7ed71ad3c5f9da215c1d0a75d641e353bbe24035,,20260806_142915_eyebrow_roi_seed42_b775dfb93f,2026-08-06T14:41:45.805366+00:00,1280,720,,,1,,,,,,
3c7caf53dd5f9220e068862332037e51664d2622379cf4749396c3c145d9cd18,,765,0.0,real,train,skipped,insufficient_space_below_eyebrows,/content/drive/MyDrive/AISC DeepFake Çalışmaları/Deneyler/Deney 1 Frame/Real/train/real_train_00765.jpg,Real/train/real_train_00765.jpg,/content/drive/MyDrive/AISC DeepFake Çalışmaları/Deneyler/Nazlıcan/Deney 1/Kaş/real/train/real_train_00765.jpg,real/train/real_train_00765.jpg,3bb8a0d36386f48a1304db74f66cf1978afda5d726417cf0163b9578d7569f4f,,20260806_142915_eyebrow_roi_seed42_b775dfb93f,2026-08-06T14:41:46.122983+00:00,640,480,,,1,,,,,,
b566cd03a01a92664f3fd552dbe17c1d5a28227e1466a9e7ba63a4c3ddadb718,,768,0.0,real,train,skipped,insufficient_space_below_eyebrows,/content/drive/MyDrive/AISC DeepFake Çalışmaları/Deneyler/Deney 1 Frame/Real/train/real_train_00768.jpg,Real/train/real_train_00768.jpg,/content/drive/MyDrive/AISC DeepFake Çalışmaları/Deneyler/Nazlıcan/Deney 1/Kaş/real/train/real_train_00768.jpg,real/train/real_train_00768.jpg,89a18e5b34e60eaac14d1782c4aecfc60de0d30ebd870f697f75a016b3c084e8,,20260806_142915_eyebrow_roi_seed42_b775dfb93f,2026-08-06T14:41:47.017019+00:00,600,480,,,1,,,,,,
338a48e8e0f7f433d86200117fc517358f30f2fd93524f574b06fb2f89adea29,,773,0.0,real,train,skipped,too_much_eye_inside_roi:0.3125,/content/drive/MyDrive/AISC DeepFake Çalışmaları/Deneyler/Deney 1 Frame/Real/train/real_train_00773.jpg,Real/train/real_train_00773.jpg,/content/drive/MyDrive/AISC DeepFake Çalışmaları/Deneyler/Nazlıcan/Deney 1/Kaş/real/train/real_train_00773.jpg,real/train/real_train_00773.jpg,ddc76dd88d85ca99060800f05fe34a801174b14f87739faa8b508393f97d2e1a,,20260806_142915_eyebrow_roi_seed42_b775dfb93f,2026-08-06T14:41:49.195499+00:00,1920,1080,,,1,,,,,,
3e476fcb3fb5cbed373af422581c92ed4872eaaf018e1449495e01529c8b9908,,779,0.0,real,train,skipped,insufficient_space_below_eyebrows,/content/drive/MyDrive/AISC DeepFake Çalışmaları/Deneyler/Deney 1 Frame/Real/train/real_train_00779.jpg,Real/train/real_train_00779.jpg,/content/drive/MyDrive/AISC DeepFake Çalışmaları/Deneyler/Nazlıcan/Deney 1/Kaş/real/train/real_train_00779.jpg,real/train/real_train_00779.jpg,2d38d7df9d665a4a2fb85e0eb9f6d286e42f5580eaa16e260f15be3dd8b6f1e8,,20260806_142915_eyebrow_roi_seed42_b775dfb93f,2026-08-06T14:41:51.152598+00:00,720,480,,,1,,,,,,
0995f8da656a3ea9c44c67153ab5ece6ca1b1493c5a02e14a8c0df6480169ebf,,784,0.0,real,train,skipped,insufficient_space_below_eyebrows,/content/drive/MyDrive/AISC DeepFake Çalışmaları/Deneyler/Deney 1 Frame/Real/train/real_train_00784.jpg,Real/train/real_train_00784.jpg,/content/drive/MyDrive/AISC DeepFake Çalışmaları/Deneyler/Nazlıcan/Deney 1/Kaş/real/train/real_train_00784.jpg,real/train/real_train_00784.jpg,4796a76cb457c669081916678b3a1ca0ebf99da1348347fee31180a8dd1dfdb3,,20260806_142915_eyebrow_roi_seed42_b775dfb93f,2026-08-06T14:41:53.307697+00:00,1280,720,,,1,,,,,,
4a00dbaf5c90edd9f75ebce0886ac6038f9b409f80ca3a4c113942d4a1ae067b,,785,0.0,real,train,skipped,insufficient_space_below_eyebrows,/content/drive/MyDrive/AISC DeepFake Çalışmaları/Deneyler/Deney 1 Frame/Real/train/real_train_00785.jpg,Real/train/real_train_00785.jpg,/content/drive/MyDrive/AISC DeepFake Çalışmaları/Deneyler/Nazlıcan/Deney 1/Kaş/real/train/real_train_00785.jpg,real/train/real_train_00785.jpg,c1c8683319549a05fa3132ba28a956346e84a29aac88eaef8211cb6d82ffd188,,20260806_142915_eyebrow_roi_seed42_b775dfb93f,2026-08-06T14:41:53.588988+00:00,854,480,,,1,,,,,,
acba87bf4c3832ee051cae506652b9ad81e5403a31605403b7a005a02157a63d,,787,0.0,real,train,skipped,insufficient_space_below_eyebrows,/content/drive/MyDrive/AISC DeepFake Çalışmaları/Deneyler/Deney 1 Frame/Real/train/real_train_00787.jpg,Real/train/real_train_00787.jpg,/content/drive/MyDrive/AISC DeepFake Çalışmaları/Deneyler/Nazlıcan/Deney 1/Kaş/real/train/real_train_00787.jpg,real/train/real_train_00787.jpg,8c38f6f36e4168c0294969372128b18fdfccdd410030bead1d4d4de6326c7700,,20260806_142915_eyebrow_roi_seed42_b775dfb93f,2026-08-06T14:41:54.406688+00:00,640,480,,,1,,,,,,
8578c01ebef5eb26d2e123c38b8f9e6f1942300517006acdac27250cee58a164,,790,0.0,real,train,skipped,insufficient_space_below_eyebrows,/content/drive/MyDrive/AISC DeepFake Çalışmaları/Deneyler/Deney 1 Frame/Real/train/real_train_00790.jpg,Real/train/real_train_00790.jpg,/content/drive/MyDrive/AISC DeepFake Çalışmaları/Deneyler/Nazlıcan/Deney 1/Kaş/real/train/real_train_00790.jpg,real/train/real_train_00790.jpg,53175021124bc349acef7afd098b1112eb668d7eb723bd89cad407d2c376b078,,20260806_142915_eyebrow_roi_seed42_b775dfb93f,2026-08-06T14:41:55.564174+00:00,1280,720,,,1,,,,,,
166759b849cd66d929fd0c94ff9cecfab7b7b852a8741fdbdb223864ff9432f4,,798,0.0,real,train,skipped,insufficient_space_below_eyebrows,/content/drive/MyDrive/AISC DeepFake Çalışmaları/Deneyler/Deney 1 Frame/Real/train/real_train_00798.jpg,Real/train/real_train_00798.jpg,/content/drive/MyDrive/AISC DeepFake Çalışmaları/Deneyler/Nazlıcan/Deney 1/Kaş/real/train/real_train_00798.jpg,real/train/real_train_00798.jpg,7a9efb026c4aa4b6238d1a3c65ce1f35690537e79deff9540b7858d4e2162956,,20260806_142915_eyebrow_roi_seed42_b775dfb93f,2026-08-06T14:41:58.692150+00:00,1920,1080,,,1,,,,,,
fb29aad1c63a3833a9a6a34dbaa13af61f1e1a404addf7d961540941db301843,,799,0.0,real,train,skipped,insufficient_space_below_eyebrows,/content/drive/MyDrive/AISC DeepFake Çalışmaları/Deneyler/Deney 1 Frame/Real/train/real_train_00799.jpg,Real/train/real_train_00799.jpg,/content/drive/MyDrive/AISC DeepFake Çalışmaları/Deneyler/Nazlıcan/Deney 1/Kaş/real/train/real_train_00799.jpg,real/train/real_train_00799.jpg,e866a2633d4fb1728686a44e61740d196e7ffd7b0304b2a87217a9195431ec40,,20260806_142915_eyebrow_roi_seed42_b775dfb93f,2026-08-06T14:41:59.039487+00:00,854,480,,,1,,,,,,
312b51aacf6bfc9a1eae7cf14186efd81f7ec12788974401c51184fb4243ba5a,,800,0.0,real,train,skipped,insufficient_space_below_eyebrows,/content/drive/MyDrive/AISC DeepFake Çalışmaları/Deneyler/Deney 1 Frame/Real/train/real_train_00800.jpg,Real/train/real_train_00800.jpg,/content/drive/MyDrive/AISC DeepFake Çalışmaları/Deneyler/Nazlıcan/Deney 1/Kaş/real/train/real_train_00800.jpg,real/train/real_train_00800.jpg,48641a222eb5833a75085630ac2dc47439370ceee9ff93c4fd70017833b8adf4,,20260806_142915_eyebrow_roi_seed42_b775dfb93f,2026-08-06T14:41:59.756595+00:00,1280,720,,,1,,,,,,
5eaaa48cacfc5b84d6c892298e76f1531e99a30f836c06b5e2ca1c5cdbd39d83,,807,0.0,real,train,skipped,insufficient_space_below_eyebrows,/content/drive/MyDrive/AISC DeepFake Çalışmaları/Deneyler/Deney 1 Frame/Real/train/real_train_00807.jpg,Real/train/real_train_00807.jpg,/content/drive/MyDrive/AISC DeepFake Çalışmaları/Deneyler/Nazlıcan/Deney 1/Kaş/real/train/real_train_00807.jpg,real/train/real_train_00807.jpg,dd7362767c10c93519c70ed6d16616e1c47a6084dd314bea895b305e72e308e4,,20260806_142915_eyebrow_roi_seed42_b775dfb93f,2026-08-06T14:42:02.166904+00:00,1280,720,,,1,,,,,,
e2123c40766f89c195db76d8205099487f5253eabed0c8a6fbd033fdad93cf72,,808,0.0,real,train,skipped,insufficient_space_below_eyebrows,/content/drive/MyDrive/AISC DeepFake Çalışmaları/Deneyler/Deney 1 Frame/Real/train/real_train_00808.jpg,Real/train/real_train_00808.jpg,/content/drive/MyDrive/AISC DeepFake Çalışmaları/Deneyler/Nazlıcan/Deney 1/Kaş/real/train/real_train_00808.jpg,real/train/real_train_00808.jpg,95bfd8c4f721a3682a022ab240e7e5674a606ac92a7e5e5b4db5b6369e2dba1f,,20260806_142915_eyebrow_roi_seed42_b775dfb93f,2026-08-06T14:42:02.420928+00:00,656,480,,,1,,,,,,
90243496fa048b5435e25d3caf00eb5f9a43bd288013f2e37832a6358070a58e,,811,,real,train,skipped,face_not_found,/content/drive/MyDrive/AISC DeepFake Çalışmaları/Deneyler/Deney 1 Frame/Real/train/real_train_00811.jpg,Real/train/real_train_00811.jpg,/content/drive/MyDrive/AISC DeepFake Çalışmaları/Deneyler/Nazlıcan/Deney 1/Kaş/real/train/real_train_00811.jpg,real/train/real_train_00811.jpg,c78feecd200bc893dea9ede2c7618adceff95f690d8277a270f05365e270d011,,20260806_142915_eyebrow_roi_seed42_b775dfb93f,2026-08-06T14:42:03.379379+00:00,1280,720,,,0,,,,,,
8048a9494985479047f8961a512312d53f11760d7afd02697f76cd6a86ea6254,,813,0.0,real,train,skipped,insufficient_space_below_eyebrows,/content/drive/MyDrive/AISC DeepFake Çalışmaları/Deneyler/Deney 1 Frame/Real/train/real_train_00813.jpg,Real/train/real_train_00813.jpg,/content/drive/MyDrive/AISC DeepFake Çalışmaları/Deneyler/Nazlıcan/Deney 1/Kaş/real/train/real_train_00813.jpg,real/train/real_train_00813.jpg,8b69c5cb4d77205bde087f75420107566215488837bafc37315e63e4fe54fe6a,,20260806_142915_eyebrow_roi_seed42_b775dfb93f,2026-08-06T14:42:03.998126+00:00,854,480,,,1,,,,,,
ee15ff134efc8a2509d0a9c3dc12efe998a4fda864e724091da6f23d76ff9d3e,,814,0.0,real,train,skipped,too_much_eye_inside_roi:0.2812,/content/drive/MyDrive/AISC DeepFake Çalışmaları/Deneyler/Deney 1 Frame/Real/train/real_train_00814.jpg,Real/train/real_train_00814.jpg,/content/drive/MyDrive/AISC DeepFake Çalışmaları/Deneyler/Nazlıcan/Deney 1/Kaş/real/train/real_train_00814.jpg,real/train/real_train_00814.jpg,3d38defcb4bf15d599c9f2f3802224502f6c9da960154be79ab323d7a650ee9e,,20260806_142915_eyebrow_roi_seed42_b775dfb93f,2026-08-06T14:42:04.259290+00:00,656,480,,,1,,,,,,
d272ab2187b7c936d00d7e6e7d8f25782814840a77303b1a83a0a5b7c9ca22ce,,817,0.0,real,train,skipped,insufficient_space_below_eyebrows,/content/drive/MyDrive/AISC DeepFake Çalışmaları/Deneyler/Deney 1 Frame/Real/train/real_train_00817.jpg,Real/train/real_train_00817.jpg,/content/drive/MyDrive/AISC DeepFake Çalışmaları/Deneyler/Nazlıcan/Deney 1/Kaş/real/train/real_train_00817.jpg,real/train/real_train_00817.jpg,05dd01f01ded957afe9f895212912fb57ced1b17e596ec4352edd93a3a08f15a,,20260806_142915_eyebrow_roi_seed42_b775dfb93f,2026-08-06T14:42:05.146980+00:00,854,480,,,1,,,,,,
5f28be2448cba9402d4ab1376d3ff11b8c4ab68a189969cf2821da46fae062f5,,820,0.0,real,train,skipped,insufficient_space_below_eyebrows,/content/drive/MyDrive/AISC DeepFake Çalışmaları/Deneyler/Deney 1 Frame/Real/train/real_train_00820.jpg,Real/train/real_train_00820.jpg,/content/drive/MyDrive/AISC DeepFake Çalışmaları/Deneyler/Nazlıcan/Deney 1/Kaş/real/train/real_train_00820.jpg,real/train/real_train_00820.jpg,48f931af1fa677f0d24f54a4cb076304fb7b36675b45e1849667b27a53278548,,20260806_142915_eyebrow_roi_seed42_b775dfb93f,2026-08-06T14:42:06.119168+00:00,656,480,,,1,,,,,,
85c28ffc4612d6d6c3db5fce0ce4789ac1517b849019e93222e9d2735c254fd8,,823,0.0,real,train,skipped,insufficient_space_below_eyebrows,/content/drive/MyDrive/AISC DeepFake Çalışmaları/Deneyler/Deney 1 Frame/Real/train/real_train_00823.jpg,Real/train/real_train_00823.jpg,/content/drive/MyDrive/AISC DeepFake Çalışmaları/Deneyler/Nazlıcan/Deney 1/Kaş/real/train/real_train_00823.jpg,real/train/real_train_00823.jpg,3f6c2eec935a5eedd0a972f0fd86daaefe7cf466455f25054172c805376b1502,,20260806_142915_eyebrow_roi_seed42_b775dfb93f,2026-08-06T14:42:07.102215+00:00,640,480,,,1,,,,,,
baeba2fd1050a3abacb2fa7222ca5bc18f31bda95103d075a1c1ddc0c8e75766,,824,0.0,real,train,skipped,insufficient_space_below_eyebrows,/content/drive/MyDrive/AISC DeepFake Çalışmaları/Deneyler/Deney 1 Frame/Real/train/real_train_00824.jpg,Real/train/real_train_00824.jpg,/content/drive/MyDrive/AISC DeepFake Çalışmaları/Deneyler/Nazlıcan/Deney 1/Kaş/real/train/real_train_00824.jpg,real/train/real_train_00824.jpg,2e1de54dd7d823875f315f8c1a69ca44285fc8252dfe540abe23a672de7b9c38,,20260806_142915_eyebrow_roi_seed42_b775dfb93f,2026-08-06T14:42:07.403750+00:00,640,480,,,1,,,,,,
1ee9bfbf094b7674326fb3fdf5fa30e83bc20e4a93145beac68378bf26ff64b7,,827,0.0,real,train,skipped,insufficient_space_below_eyebrows,/content/drive/MyDrive/AISC DeepFake Çalışmaları/Deneyler/Deney 1 Frame/Real/train/real_train_00827.jpg,Real/train/real_train_00827.jpg,/content/drive/MyDrive/AISC DeepFake Çalışmaları/Deneyler/Nazlıcan/Deney 1/Kaş/real/train/real_train_00827.jpg,real/train/real_train_00827.jpg,a9daa32b105dfa5b82ec1cd7f61804bd8c4bb85684cb44931ba12b1c58c1f7a4,,20260806_142915_eyebrow_roi_seed42_b775dfb93f,2026-08-06T14:42:08.659593+00:00,600,480,,,1,,,,,,
dff92cc1fa67b27388486c72c99aa36d6a5b987f54617567e648d8379d46ae71,,829,,real,train,skipped,face_not_found,/content/drive/MyDrive/AISC DeepFake Çalışmaları/Deneyler/Deney 1 Frame/Real/train/real_train_00829.jpg,Real/train/real_train_00829.jpg,/content/drive/MyDrive/AISC DeepFake Çalışmaları/Deneyler/Nazlıcan/Deney 1/Kaş/real/train/real_train_00829.jpg,real/train/real_train_00829.jpg,88256e4986a4e4e26f4db8e61a02bd668c7b388a64c6e8fbbb640d3221e7b070,,20260806_142915_eyebrow_roi_seed42_b775dfb93f,2026-08-06T14:42:09.430508+00:00,1280,720,,,0,,,,,,
4de6e4928a476c5f68fad275e064a20814dea9524d8ab0d5a8ac075603322326,,830,0.0,real,train,skipped,insufficient_space_below_eyebrows,/content/drive/MyDrive/AISC DeepFake Çalışmaları/Deneyler/Deney 1 Frame/Real/train/real_train_00830.jpg,Real/train/real_train_00830.jpg,/content/drive/MyDrive/AISC DeepFake Çalışmaları/Deneyler/Nazlıcan/Deney 1/Kaş/real/train/real_train_00830.jpg,real/train/real_train_00830.jpg,2e6f76b820c5fa3fd8335676a0ed47fc71a6c18c486de72a7713d795102a3756,,20260806_142915_eyebrow_roi_seed42_b775dfb93f,2026-08-06T14:42:09.779691+00:00,1280,720,,,1,,,,,,
017af7a53890cf66885d2296a843fa951ef5f58f9e24aedcd4f1955febce4d51,,832,0.0,real,train,skipped,insufficient_space_below_eyebrows,/content/drive/MyDrive/AISC DeepFake Çalışmaları/Deneyler/Deney 1 Frame/Real/train/real_train_00832.jpg,Real/train/real_train_00832.jpg,/content/drive/MyDrive/AISC DeepFake Çalışmaları/Deneyler/Nazlıcan/Deney 1/Kaş/real/train/real_train_00832.jpg,real/train/real_train_00832.jpg,b152e6ea7ed6ca2798503cca4f6ce178a2a4023e7e0a43756ea8d2856031b206,,20260806_142915_eyebrow_roi_seed42_b775dfb93f,2026-08-06T14:42:10.450782+00:00,1280,720,,,1,,,,,,
c84b81a12272d455b225439b10d37f0738b3159aede64379bdc5845924f9a53a,,836,0.0,real,train,skipped,insufficient_space_below_eyebrows,/content/drive/MyDrive/AISC DeepFake Çalışmaları/Deneyler/Deney 1 Frame/Real/train/real_train_00836.jpg,Real/train/real_train_00836.jpg,/content/drive/MyDrive/AISC DeepFake Çalışmaları/Deneyler/Nazlıcan/Deney 1/Kaş/real/train/real_train_00836.jpg,real/train/real_train_00836.jpg,e070d3bd31978283485259976e1cce659d52482fa3c01ba54d4ebc372a932590,,20260806_142915_eyebrow_roi_seed42_b775dfb93f,2026-08-06T14:42:11.746594+00:00,640,480,,,1,,,,,,
0f9b816f9a71685786dd3ef444d5e77c6b84d8166e743e48f3e7658e4c85637b,,841,0.0,real,train,skipped,insufficient_space_below_eyebrows,/content/drive/MyDrive/AISC DeepFake Çalışmaları/Deneyler/Deney 1 Frame/Real/train/real_train_00841.jpg,Real/train/real_train_00841.jpg,/content/drive/MyDrive/AISC DeepFake Çalışmaları/Deneyler/Nazlıcan/Deney 1/Kaş/real/train/real_train_00841.jpg,real/train/real_train_00841.jpg,d2ac992f2639edd9349af097c0a84299565591ede658006a86da6df45a2c5da7,,20260806_142915_eyebrow_roi_seed42_b775dfb93f,2026-08-06T14:42:13.458889+00:00,1280,720,,,1,,,,,,
2e4ea204d01af244d4383c3366ae82a41e63be51e9d72661b0e01a3a84c6a799,,845,0.0,real,train,skipped,insufficient_space_below_eyebrows,/content/drive/MyDrive/AISC DeepFake Çalışmaları/Deneyler/Deney 1 Frame/Real/train/real_train_00845.jpg,Real/train/real_train_00845.jpg,/content/drive/MyDrive/AISC DeepFake Çalışmaları/Deneyler/Nazlıcan/Deney 1/Kaş/real/train/real_train_00845.jpg,real/train/real_train_00845.jpg,dfa8798637c095691becdc83b5a6b99ab98c6809d58b2dbdcd10c068a9c48a1d,,20260806_142915_eyebrow_roi_seed42_b775dfb93f,2026-08-06T14:42:14.880980+00:00,1280,720,,,1,,,,,,
e8d989978dadafb20a744cf2d9caa92a75b09372220b48d40b5cb9cf1c8800f4,,849,0.0,real,train,skipped,insufficient_space_below_eyebrows,/content/drive/MyDrive/AISC DeepFake Çalışmaları/Deneyler/Deney 1 Frame/Real/train/real_train_00849.jpg,Real/train/real_train_00849.jpg,/content/drive/MyDrive/AISC DeepFake Çalışmaları/Deneyler/Nazlıcan/Deney 1/Kaş/real/train/real_train_00849.jpg,real/train/real_train_00849.jpg,865f6eb3948208be52dd11d848a1dd4329a918d812de67aac76cdbca94a05745,,20260806_142915_eyebrow_roi_seed42_b775dfb93f,2026-08-06T14:42:16.424969+00:00,640,480,,,1,,,,,,
959468dd58029877a4ea70d216230a6f6c520b246222995e323bf5b20a40ae04,,850,0.0,real,train,skipped,insufficient_space_below_eyebrows,/content/drive/MyDrive/AISC DeepFake Çalışmaları/Deneyler/Deney 1 Frame/Real/train/real_train_00850.jpg,Real/train/real_train_00850.jpg,/content/drive/MyDrive/AISC DeepFake Çalışmaları/Deneyler/Nazlıcan/Deney 1/Kaş/real/train/real_train_00850.jpg,real/train/real_train_00850.jpg,4ea7e08bab4dbab5bb72433e0e27c67874c323d986ee23561282f0bcca8e001e,,20260806_142915_eyebrow_roi_seed42_b775dfb93f,2026-08-06T14:42:16.949135+00:00,1280,720,,,1,,,,,,
03af85743a661d749192ba4261f58a91757b08db5aeac19e0baf537024324a54,,851,0.0,real,train,skipped,roi_height_too_small:11,/content/drive/MyDrive/AISC DeepFake Çalışmaları/Deneyler/Deney 1 Frame/Real/train/real_train_00851.jpg,Real/train/real_train_00851.jpg,/content/drive/MyDrive/AISC DeepFake Çalışmaları/Deneyler/Nazlıcan/Deney 1/Kaş/real/train/real_train_00851.jpg,real/train/real_train_00851.jpg,93030e32a07dc9a8b0d570cdfff3328f27b7ee558cc79482c39d570b3172f22f,,20260806_142915_eyebrow_roi_seed42_b775dfb93f,2026-08-06T14:42:17.475520+00:00,600,480,,,1,,,,,,
f8f037f95f85c5d263ad209845f115a599b2ae3391d1d6366521cb41621fd0a2,,853,,real,train,skipped,multiple_faces_detected:2,/content/drive/MyDrive/AISC DeepFake Çalışmaları/Deneyler/Deney 1 Frame/Real/train/real_train_00853.jpg,Real/train/real_train_00853.jpg,/content/drive/MyDrive/AISC DeepFake Çalışmaları/Deneyler/Nazlıcan/Deney 1/Kaş/real/train/real_train_00853.jpg,real/train/real_train_00853.jpg,bba32213dec5a9678fcdec9fcd899b0645538c026282f6518213cf5b670e73ee,,20260806_142915_eyebrow_roi_seed42_b775dfb93f,2026-08-06T14:42:18.049768+00:00,1280,720,,,2,,,,,,
b9f70eda32d05d2f10905fd1fc5a53e954c465614191b1a1c039511cc33fc6a8,,855,,real,train,skipped,multiple_faces_detected:2,/content/drive/MyDrive/AISC DeepFake Çalışmaları/Deneyler/Deney 1 Frame/Real/train/real_train_00855.jpg,Real/train/real_train_00855.jpg,/content/drive/MyDrive/AISC DeepFake Çalışmaları/Deneyler/Nazlıcan/Deney 1/Kaş/real/train/real_train_00855.jpg,real/train/real_train_00855.jpg,db805175f4fe0f458d2a0f3df7fe424666ba1381d1c63800c85eeafd90ed04db,,20260806_142915_eyebrow_roi_seed42_b775dfb93f,2026-08-06T14:42:18.780095+00:00,1280,720,,,2,,,,,,
4cca386ee1002acafd3ce2a77ac02c8e826b100e2e94c2e904b34bebebe2295d,,857,0.0,real,train,skipped,insufficient_space_below_eyebrows,/content/drive/MyDrive/AISC DeepFake Çalışmaları/Deneyler/Deney 1 Frame/Real/train/real_train_00857.jpg,Real/train/real_train_00857.jpg,/content/drive/MyDrive/AISC DeepFake Çalışmaları/Deneyler/Nazlıcan/Deney 1/Kaş/real/train/real_train_00857.jpg,real/train/real_train_00857.jpg,67c5fc69b0df14f5e91ce01a65089692f0df6fd1e27205c70c9a08c6b76eb127,,20260806_142915_eyebrow_roi_seed42_b775dfb93f,2026-08-06T14:42:19.372534+00:00,600,480,,,1,,,,,,
16e50fab3497c773540765573653044c7fd84edee3b28b1f9379def3a88cae4a,,860,0.0,real,train,skipped,insufficient_space_below_eyebrows,/content/drive/MyDrive/AISC DeepFake Çalışmaları/Deneyler/Deney 1 Frame/Real/train/real_train_00860.jpg,Real/train/real_train_00860.jpg,/content/drive/MyDrive/AISC DeepFake Çalışmaları/Deneyler/Nazlıcan/Deney 1/Kaş/real/train/real_train_00860.jpg,real/train/real_train_00860.jpg,d0f8d5a6c775a29f68f6ad37a76330c92ceaab2d9e567c67bc33f870c78e9dea,,20260806_142915_eyebrow_roi_seed42_b775dfb93f,2026-08-06T14:42:20.414423+00:00,1280,720,,,1,,,,,,
9eef9315153bffc6fe68e65c225f890f3514115993e9ae1a122fd8c8128dc273,,864,0.0,real,train,skipped,insufficient_space_below_eyebrows,/content/drive/MyDrive/AISC DeepFake Çalışmaları/Deneyler/Deney 1 Frame/Real/train/real_train_00864.jpg,Real/train/real_train_00864.jpg,/content/drive/MyDrive/AISC DeepFake Çalışmaları/Deneyler/Nazlıcan/Deney 1/Kaş/real/train/real_train_00864.jpg,real/train/real_train_00864.jpg,432029172de512d6778fbc37bf94ff85f10cd201b4f416f3caf7898eee97132c,,20260806_142915_eyebrow_roi_seed42_b775dfb93f,2026-08-06T14:42:21.791330+00:00,854,480,,,1,,,,,,
1133b2d3c02c51c31e5b08ceb79e00c2c066fa60150c7ccb91804b99adf85c0a,,866,0.0,real,train,skipped,insufficient_space_below_eyebrows,/content/drive/MyDrive/AISC DeepFake Çalışmaları/Deneyler/Deney 1 Frame/Real/train/real_train_00866.jpg,Real/train/real_train_00866.jpg,/content/drive/MyDrive/AISC DeepFake Çalışmaları/Deneyler/Nazlıcan/Deney 1/Kaş/real/train/real_train_00866.jpg,real/train/real_train_00866.jpg,6b53cb97080ad47b451b7c5df675f0c1d8e48b07670f0f51c780f030a34be7fa,,20260806_142915_eyebrow_roi_seed42_b775dfb93f,2026-08-06T14:42:22.253688+00:00,1280,720,,,1,,,,,,
d16fb91b5123af133ffac6095dcc140aca623546e885c2011a8efc6fab442ba0,,871,0.0,real,train,skipped,insufficient_space_below_eyebrows,/content/drive/MyDrive/AISC DeepFake Çalışmaları/Deneyler/Deney 1 Frame/Real/train/real_train_00871.jpg,Real/train/real_train_00871.jpg,/content/drive/MyDrive/AISC DeepFake Çalışmaları/Deneyler/Nazlıcan/Deney 1/Kaş/real/train/real_train_00871.jpg,real/train/real_train_00871.jpg,d5f7a7f9fa6c60104106cf46b8fbdfbf5036d976defd11d875bcd82593bcb0a1,,20260806_142915_eyebrow_roi_seed42_b775dfb93f,2026-08-06T14:42:23.913082+00:00,640,480,,,1,,,,,,
e3bafeb813d6a22176d39edd3e2f3da3be3fcf0201ecb5a283487b6012be410e,,873,0.0,real,train,skipped,insufficient_space_below_eyebrows,/content/drive/MyDrive/AISC DeepFake Çalışmaları/Deneyler/Deney 1 Frame/Real/train/real_train_00873.jpg,Real/train/real_train_00873.jpg,/content/drive/MyDrive/AISC DeepFake Çalışmaları/Deneyler/Nazlıcan/Deney 1/Kaş/real/train/real_train_00873.jpg,real/train/real_train_00873.jpg,8e46018af53170947b595e8d4fcb2d312380d54cd977eac407dc050d04992694,,20260806_142915_eyebrow_roi_seed42_b775dfb93f,2026-08-06T14:42:24.551323+00:00,640,480,,,1,,,,,,
8cda8507c81937d531504a7b5c7e2a9bae36a5b86c78a976870b56bd39a728c1,,874,0.0,real,train,skipped,insufficient_space_below_eyebrows,/content/drive/MyDrive/AISC DeepFake Çalışmaları/Deneyler/Deney 1 Frame/Real/train/real_train_00874.jpg,Real/train/real_train_00874.jpg,/content/drive/MyDrive/AISC DeepFake Çalışmaları/Deneyler/Nazlıcan/Deney 1/Kaş/real/train/real_train_00874.jpg,real/train/real_train_00874.jpg,a67c06732b1f000f88097939af912e3b22aaa557279fea6086a8eda642cd6889,,20260806_142915_eyebrow_roi_seed42_b775dfb93f,2026-08-06T14:42:24.856610+00:00,854,480,,,1,,,,,,
42a215c82958fb0d10fceeda69719669b026638798cad3960f5f77d3c9f933d8,,878,0.0,real,train,skipped,insufficient_space_below_eyebrows,/content/drive/MyDrive/AISC DeepFake Çalışmaları/Deneyler/Deney 1 Frame/Real/train/real_train_00878.jpg,Real/train/real_train_00878.jpg,/content/drive/MyDrive/AISC DeepFake Çalışmaları/Deneyler/Nazlıcan/Deney 1/Kaş/real/train/real_train_00878.jpg,real/train/real_train_00878.jpg,4adee01ae18e4b83fba87ec8e1a2d62127297a8facde108b48317ade31777014,,20260806_142915_eyebrow_roi_seed42_b775dfb93f,2026-08-06T14:42:28.152870+00:00,640,480,,,1,,,,,,
5b3964872195039d15856de2c4d232bc5f20d5d6fb9ca3aec1729c70dd88e22c,,886,0.0,real,train,skipped,insufficient_space_below_eyebrows,/content/drive/MyDrive/AISC DeepFake Çalışmaları/Deneyler/Deney 1 Frame/Real/train/real_train_00886.jpg,Real/train/real_train_00886.jpg,/content/drive/MyDrive/AISC DeepFake Çalışmaları/Deneyler/Nazlıcan/Deney 1/Kaş/real/train/real_train_00886.jpg,real/train/real_train_00886.jpg,d640f3166bdf711d963a82adfd77904eca87913e19bb87c0f1c9b5eddcb6780d,,20260806_142915_eyebrow_roi_seed42_b775dfb93f,2026-08-06T14:42:30.905567+00:00,600,480,,,1,,,,,,
da1c1e772e8b16cad180bdeb632a1781bd766cdbbb3179ffdfe36b42b5e747b0,,889,0.0,real,train,skipped,insufficient_space_below_eyebrows,/content/drive/MyDrive/AISC DeepFake Çalışmaları/Deneyler/Deney 1 Frame/Real/train/real_train_00889.jpg,Real/train/real_train_00889.jpg,/content/drive/MyDrive/AISC DeepFake Çalışmaları/Deneyler/Nazlıcan/Deney 1/Kaş/real/train/real_train_00889.jpg,real/train/real_train_00889.jpg,67db8d2ccfbf8303569ba8e3928c08863ffa5b402e5103e5b96e73bfa1317de8,,20260806_142915_eyebrow_roi_seed42_b775dfb93f,2026-08-06T14:42:32.020815+00:00,854,480,,,1,,,,,,
5f45985c828c8dd25d9e2d61a1c69ce02b6eaea183582f33bb80e4cde2c5e0f9,,892,0.0,real,train,skipped,insufficient_space_below_eyebrows,/content/drive/MyDrive/AISC DeepFake Çalışmaları/Deneyler/Deney 1 Frame/Real/train/real_train_00892.jpg,Real/train/real_train_00892.jpg,/content/drive/MyDrive/AISC DeepFake Çalışmaları/Deneyler/Nazlıcan/Deney 1/Kaş/real/train/real_train_00892.jpg,real/train/real_train_00892.jpg,fbdff7a0b53f3bf94eabd07105006e1952fba6d060244ec90c7889c51d159479,,20260806_142915_eyebrow_roi_seed42_b775dfb93f,2026-08-06T14:42:32.983437+00:00,854,480,,,1,,,,,,
eee33ca5fbb5a9c14af07c33da107b25e8d455094a59fa8b22ac930a9316bd03,,899,0.0,real,train,skipped,insufficient_space_below_eyebrows,/content/drive/MyDrive/AISC DeepFake Çalışmaları/Deneyler/Deney 1 Frame/Real/train/real_train_00899.jpg,Real/train/real_train_00899.jpg,/content/drive/MyDrive/AISC DeepFake Çalışmaları/Deneyler/Nazlıcan/Deney 1/Kaş/real/train/real_train_00899.jpg,real/train/real_train_00899.jpg,064c4ab9fdb57e31f52146ff3583cd38cc84289f42c395d7e14fe4305bcca900,,20260806_142915_eyebrow_roi_seed42_b775dfb93f,2026-08-06T14:42:35.496596+00:00,640,480,,,1,,,,,,
8be8add7b5748cc10c1a89a38c895af48deb29840a20de557b2a0fc2abddbd98,,900,0.0,real,train,skipped,insufficient_space_below_eyebrows,/content/drive/MyDrive/AISC DeepFake Çalışmaları/Deneyler/Deney 1 Frame/Real/train/real_train_00900.jpg,Real/train/real_train_00900.jpg,/content/drive/MyDrive/AISC DeepFake Çalışmaları/Deneyler/Nazlıcan/Deney 1/Kaş/real/train/real_train_00900.jpg,real/train/real_train_00900.jpg,262085f96cbfba99fdbe0b1c9df0378b29654aa8516b92f168fd7b72a2a3c373,,20260806_142915_eyebrow_roi_seed42_b775dfb93f,2026-08-06T14:42:36.191909+00:00,854,480,,,1,,,,,,
98e8eea946416a4c0005521ba98785c6a92322e767bdd8c20616c70f1d984782,,901,0.0,real,train,skipped,insufficient_space_below_eyebrows,/content/drive/MyDrive/AISC DeepFake Çalışmaları/Deneyler/Deney 1 Frame/Real/train/real_train_00901.jpg,Real/train/real_train_00901.jpg,/content/drive/MyDrive/AISC DeepFake Çalışmaları/Deneyler/Nazlıcan/Deney 1/Kaş/real/train/real_train_00901.jpg,real/train/real_train_00901.jpg,86626824244c162b72417559b2d356369f062e8fd7fac9979866bf550aa9139f,,20260806_142915_eyebrow_roi_seed42_b775dfb93f,2026-08-06T14:42:36.430130+00:00,640,480,,,1,,,,,,
44a15dc9b44a2c8343389668250401dc8cdd232a6efff4a3aac777bcc8d4890d,,903,0.0,real,train,skipped,insufficient_space_below_eyebrows,/content/drive/MyDrive/AISC DeepFake Çalışmaları/Deneyler/Deney 1 Frame/Real/train/real_train_00903.jpg,Real/train/real_train_00903.jpg,/content/drive/MyDrive/AISC DeepFake Çalışmaları/Deneyler/Nazlıcan/Deney 1/Kaş/real/train/real_train_00903.jpg,real/train/real_train_00903.jpg,ff52421966b935e6599daf620a08691025eaa0ff4a119d98915207f57d099256,,20260806_142915_eyebrow_roi_seed42_b775dfb93f,2026-08-06T14:42:37.048134+00:00,1920,1080,,,1,,,,,,
c7308ea7c58b2c52bcb46d97cac4c65eba3db46efbb965edb299a62d7f981097,,908,0.0,real,train,skipped,insufficient_space_below_eyebrows,/content/drive/MyDrive/AISC DeepFake Çalışmaları/Deneyler/Deney 1 Frame/Real/train/real_train_00908.jpg,Real/train/real_train_00908.jpg,/content/drive/MyDrive/AISC DeepFake Çalışmaları/Deneyler/Nazlıcan/Deney 1/Kaş/real/train/real_train_00908.jpg,real/train/real_train_00908.jpg,0d516d97e79693a3812e76efcbd0c64150b0e8e3bc85779de9b18c5b77c47fa0,,20260806_142915_eyebrow_roi_seed42_b775dfb93f,2026-08-06T14:42:38.787953+00:00,640,480,,,1,,,,,,
ee1ae35860bb7f5266fec13cbec7fb5ce713a2e0dcec3dc3314f8120b54475f7,,912,0.0,real,train,skipped,insufficient_space_below_eyebrows,/content/drive/MyDrive/AISC DeepFake Çalışmaları/Deneyler/Deney 1 Frame/Real/train/real_train_00912.jpg,Real/train/real_train_00912.jpg,/content/drive/MyDrive/AISC DeepFake Çalışmaları/Deneyler/Nazlıcan/Deney 1/Kaş/real/train/real_train_00912.jpg,real/train/real_train_00912.jpg,db820943ad0063fb052481cc0cff2054601415faab2ca342d341f7a4218d1b24,,20260806_142915_eyebrow_roi_seed42_b775dfb93f,2026-08-06T14:42:40.267485+00:00,640,480,,,1,,,,,,
4c49407709e2d086249ed037fa94aa6e081813da047df6add21374d2421f3b09,,920,0.0,real,train,skipped,insufficient_space_below_eyebrows,/content/drive/MyDrive/AISC DeepFake Çalışmaları/Deneyler/Deney 1 Frame/Real/train/real_train_00920.jpg,Real/train/real_train_00920.jpg,/content/drive/MyDrive/AISC DeepFake Çalışmaları/Deneyler/Nazlıcan/Deney 1/Kaş/real/train/real_train_00920.jpg,real/train/real_train_00920.jpg,83073317133f8f92f8cf95c8fc01ee348584337e7d213449f726ad2121e6450f,,20260806_142915_eyebrow_roi_seed42_b775dfb93f,2026-08-06T14:42:43.094544+00:00,1280,720,,,1,,,,,,
b18fe9b48bcb7fa65c7701cc8168b928b9f165dd319970ad49fdcbad0d50cf09,,922,0.0,real,train,skipped,roi_height_too_small:12,/content/drive/MyDrive/AISC DeepFake Çalışmaları/Deneyler/Deney 1 Frame/Real/train/real_train_00922.jpg,Real/train/real_train_00922.jpg,/content/drive/MyDrive/AISC DeepFake Çalışmaları/Deneyler/Nazlıcan/Deney 1/Kaş/real/train/real_train_00922.jpg,real/train/real_train_00922.jpg,b93611b4617f4553a82c28c7fee45f74869b231f9ffa5386d2c0c97a6000bc4d,,20260806_142915_eyebrow_roi_seed42_b775dfb93f,2026-08-06T14:42:43.846675+00:00,640,480,,,1,,,,,,
3c03aaacfe445ec4690b1871b3da6c441812a70e212e6fe35eb78e4ad44dba2c,,923,0.0,real,train,skipped,insufficient_space_below_eyebrows,/content/drive/MyDrive/AISC DeepFake Çalışmaları/Deneyler/Deney 1 Frame/Real/train/real_train_00923.jpg,Real/train/real_train_00923.jpg,/content/drive/MyDrive/AISC DeepFake Çalışmaları/Deneyler/Nazlıcan/Deney 1/Kaş/real/train/real_train_00923.jpg,real/train/real_train_00923.jpg,c746893f8ee91fb32afff0f585c47dad5ed55fbe38e3691ddb0c989c0c10b6b2,,20260806_142915_eyebrow_roi_seed42_b775dfb93f,2026-08-06T14:42:44.175083+00:00,640,480,,,1,,,,,,
53409f3d2e782a4f9e5191555a0a1f3caddf8b1e017040f7f725ca677b85a820,,930,,real,train,skipped,face_not_found,/content/drive/MyDrive/AISC DeepFake Çalışmaları/Deneyler/Deney 1 Frame/Real/train/real_train_00930.jpg,Real/train/real_train_00930.jpg,/content/drive/MyDrive/AISC DeepFake Çalışmaları/Deneyler/Nazlıcan/Deney 1/Kaş/real/train/real_train_00930.jpg,real/train/real_train_00930.jpg,2885ae013d4a29ebd07436ad0ef2e9a2101dfb6cc2f8caecd22244f0ea9e1f0a,,20260806_142915_eyebrow_roi_seed42_b775dfb93f,2026-08-06T14:42:46.875672+00:00,640,480,,,0,,,,,,
82beeb05dda137cc51b92ea2e274f8352edf93905dbf66966312b9242b17934a,,933,0.0,real,train,skipped,insufficient_space_below_eyebrows,/content/drive/MyDrive/AISC DeepFake Çalışmaları/Deneyler/Deney 1 Frame/Real/train/real_train_00933.jpg,Real/train/real_train_00933.jpg,/content/drive/MyDrive/AISC DeepFake Çalışmaları/Deneyler/Nazlıcan/Deney 1/Kaş/real/train/real_train_00933.jpg,real/train/real_train_00933.jpg,8efc28d5ac4cb74f86ac10ace5bdaf9855b3f1670a222267c1308e0b92009aa7,,20260806_142915_eyebrow_roi_seed42_b775dfb93f,2026-08-06T14:42:48.037898+00:00,640,480,,,1,,,,,,
3d9940cded6756ac0a4957ba98ba21fc380b890f89d47d7bbd48041ecf09ad01,,934,0.0,real,train,skipped,insufficient_space_below_eyebrows,/content/drive/MyDrive/AISC DeepFake Çalışmaları/Deneyler/Deney 1 Frame/Real/train/real_train_00934.jpg,Real/train/real_train_00934.jpg,/content/drive/MyDrive/AISC DeepFake Çalışmaları/Deneyler/Nazlıcan/Deney 1/Kaş/real/train/real_train_00934.jpg,real/train/real_train_00934.jpg,0e692d77bd08f1c6eafc17f2e261cc6794bb0c3b0be37870380b1712ad08d7d2,,20260806_142915_eyebrow_roi_seed42_b775dfb93f,2026-08-06T14:42:48.385197+00:00,854,480,,,1,,,,,,
e34534e7d8f75ff1094d1afa46d7ad2573675b59a6ecc033c8e219040ea3407e,,935,0.0,real,train,skipped,insufficient_space_below_eyebrows,/content/drive/MyDrive/AISC DeepFake Çalışmaları/Deneyler/Deney 1 Frame/Real/train/real_train_00935.jpg,Real/train/real_train_00935.jpg,/content/drive/MyDrive/AISC DeepFake Çalışmaları/Deneyler/Nazlıcan/Deney 1/Kaş/real/train/real_train_00935.jpg,real/train/real_train_00935.jpg,9b3b5a6b8eda00fa3c952da2032a6bf4e115dec5553d03567f4260f229d8a405,,20260806_142915_eyebrow_roi_seed42_b775dfb93f,2026-08-06T14:42:48.670014+00:00,640,480,,,1,,,,,,
d6be354eac762889d704b5c5d89624830dabf076f184130ee157d0523930fde4,,939,0.0,real,train,skipped,insufficient_space_below_eyebrows,/content/drive/MyDrive/AISC DeepFake Çalışmaları/Deneyler/Deney 1 Frame/Real/train/real_train_00939.jpg,Real/train/real_train_00939.jpg,/content/drive/MyDrive/AISC DeepFake Çalışmaları/Deneyler/Nazlıcan/Deney 1/Kaş/real/train/real_train_00939.jpg,real/train/real_train_00939.jpg,3a8c52a1e106d72489a7d381cdd5f48a88239270ba6095c03cbd7529c6e6d0cb,,20260806_142915_eyebrow_roi_seed42_b775dfb93f,2026-08-06T14:42:49.976705+00:00,640,480,,,1,,,,,,
fce3ed8257aacfb6434b4d2017dfd5bb13b4de902bfe671c933b5cc0d951c24c,,943,0.0,real,train,skipped,insufficient_space_below_eyebrows,/content/drive/MyDrive/AISC DeepFake Çalışmaları/Deneyler/Deney 1 Frame/Real/train/real_train_00943.jpg,Real/train/real_train_00943.jpg,/content/drive/MyDrive/AISC DeepFake Çalışmaları/Deneyler/Nazlıcan/Deney 1/Kaş/real/train/real_train_00943.jpg,real/train/real_train_00943.jpg,90f147a4d20831213c04f911307e2a10194bcde2e67d302984b66d1ff8194064,,20260806_142915_eyebrow_roi_seed42_b775dfb93f,2026-08-06T14:42:51.232086+00:00,854,480,,,1,,,,,,
2f4fd8be799cbbc62ab352854f479258f2369d1436f8ae6f46676e13c70147c8,,953,0.0,real,train,skipped,insufficient_space_below_eyebrows,/content/drive/MyDrive/AISC DeepFake Çalışmaları/Deneyler/Deney 1 Frame/Real/train/real_train_00953.jpg,Real/train/real_train_00953.jpg,/content/drive/MyDrive/AISC DeepFake Çalışmaları/Deneyler/Nazlıcan/Deney 1/Kaş/real/train/real_train_00953.jpg,real/train/real_train_00953.jpg,3a55b05867f698894b1554ab8031deebd232b2458d6e6bc8b4620ef3eb0c9a01,,20260806_142915_eyebrow_roi_seed42_b775dfb93f,2026-08-06T14:42:54.531088+00:00,854,480,,,1,,,,,,
b7354f7d9f08879b59a7cf9ed5419addaffbf7451db49b576b34be19eae176f4,,954,0.0,real,train,skipped,insufficient_space_below_eyebrows,/content/drive/MyDrive/AISC DeepFake Çalışmaları/Deneyler/Deney 1 Frame/Real/train/real_train_00954.jpg,Real/train/real_train_00954.jpg,/content/drive/MyDrive/AISC DeepFake Çalışmaları/Deneyler/Nazlıcan/Deney 1/Kaş/real/train/real_train_00954.jpg,real/train/real_train_00954.jpg,409f111c0299490b5f3ffd64e542f5d59c6a4a069f2b57a1f57111724f8f1c82,,20260806_142915_eyebrow_roi_seed42_b775dfb93f,2026-08-06T14:42:54.848577+00:00,1920,1080,,,1,,,,,,
0bb4d9837094c96b3a0864bf36203ee908c4dc5a7e3ce93e8bea888d54e4edce,,955,,real,train,skipped,face_not_found,/content/drive/MyDrive/AISC DeepFake Çalışmaları/Deneyler/Deney 1 Frame/Real/train/real_train_00955.jpg,Real/train/real_train_00955.jpg,/content/drive/MyDrive/AISC DeepFake Çalışmaları/Deneyler/Nazlıcan/Deney 1/Kaş/real/train/real_train_00955.jpg,real/train/real_train_00955.jpg,c0464c671d049ee2a53613f91ba032fc018dfc32c95f77cb06eb528e103d8c60,,20260806_142915_eyebrow_roi_seed42_b775dfb93f,2026-08-06T14:42:55.183817+00:00,1920,1080,,,0,,,,,,
1ef47cf82d66343cde8835f4f7a0f930822430f991ddee0df484c4c1038f7c09,,958,,real,train,skipped,face_not_found,/content/drive/MyDrive/AISC DeepFake Çalışmaları/Deneyler/Deney 1 Frame/Real/train/real_train_00958.jpg,Real/train/real_train_00958.jpg,/content/drive/MyDrive/AISC DeepFake Çalışmaları/Deneyler/Nazlıcan/Deney 1/Kaş/real/train/real_train_00958.jpg,real/train/real_train_00958.jpg,34e2444eb008f8aabbda769b5d92793a4abfa79550ed1dad01238bea1abb5c65,,20260806_142915_eyebrow_roi_seed42_b775dfb93f,2026-08-06T14:42:56.266032+00:00,720,480,,,0,,,,,,
b48857441cc3f1783eef88a653f75f850d73e1b6fcee426202465be8a4f4bae3,,960,0.0,real,train,skipped,insufficient_space_below_eyebrows,/content/drive/MyDrive/AISC DeepFake Çalışmaları/Deneyler/Deney 1 Frame/Real/train/real_train_00960.jpg,Real/train/real_train_00960.jpg,/content/drive/MyDrive/AISC DeepFake Çalışmaları/Deneyler/Nazlıcan/Deney 1/Kaş/real/train/real_train_00960.jpg,real/train/real_train_00960.jpg,bfb203f3df6351f0896a5dd537e8eb205458e4f82b92a6e58e16e1e8b390f06a,,20260806_142915_eyebrow_roi_seed42_b775dfb93f,2026-08-06T14:42:56.823276+00:00,854,480,,,1,,,,,,
18905aa84cc00e28b2dd639a341439223a6d8458ac2a3ad73492a724e5054c0d,,965,0.0,real,train,skipped,insufficient_space_below_eyebrows,/content/drive/MyDrive/AISC DeepFake Çalışmaları/Deneyler/Deney 1 Frame/Real/train/real_train_00965.jpg,Real/train/real_train_00965.jpg,/content/drive/MyDrive/AISC DeepFake Çalışmaları/Deneyler/Nazlıcan/Deney 1/Kaş/real/train/real_train_00965.jpg,real/train/real_train_00965.jpg,bc11bc2dc587120b3c3c83d80a40a8b7d3c2968cfae4276b8e01a63a70340db0,,20260806_142915_eyebrow_roi_seed42_b775dfb93f,2026-08-06T14:42:58.404335+00:00,640,480,,,1,,,,,,
cb708b81995494ac0a5752db81c14485a6d6a0c27d69f2ba6cd3d20873207b11,,966,0.0,real,train,skipped,insufficient_space_below_eyebrows,/content/drive/MyDrive/AISC DeepFake Çalışmaları/Deneyler/Deney 1 Frame/Real/train/real_train_00966.jpg,Real/train/real_train_00966.jpg,/content/drive/MyDrive/AISC DeepFake Çalışmaları/Deneyler/Nazlıcan/Deney 1/Kaş/real/train/real_train_00966.jpg,real/train/real_train_00966.jpg,4b0b59024f145b36cf9f9f7c5f6a6dc63381454ed7acb0660923b485c591d5a7,,20260806_142915_eyebrow_roi_seed42_b775dfb93f,2026-08-06T14:42:58.806515+00:00,1920,1080,,,1,,,,,,
4f3a5c72e93e3330bb148d1aeb339473552de75e8cbf298aa560f7b72ee727b8,,967,0.0,real,train,skipped,insufficient_space_below_eyebrows,/content/drive/MyDrive/AISC DeepFake Çalışmaları/Deneyler/Deney 1 Frame/Real/train/real_train_00967.jpg,Real/train/real_train_00967.jpg,/content/drive/MyDrive/AISC DeepFake Çalışmaları/Deneyler/Nazlıcan/Deney 1/Kaş/real/train/real_train_00967.jpg,real/train/real_train_00967.jpg,e75b59c030c2bfb8b9b7f23fad832671a0ec2fa21c8ec4a8916f24d72a31ad30,,20260806_142915_eyebrow_roi_seed42_b775dfb93f,2026-08-06T14:42:59.012209+00:00,1280,720,,,1,,,,,,
0763c53f625c32ddd133e983f1ed080d426e1e111d2fdea0cd0bf98d55c43588,,972,,real,train,skipped,face_not_found,/content/drive/MyDrive/AISC DeepFake Çalışmaları/Deneyler/Deney 1 Frame/Real/train/real_train_00972.jpg,Real/train/real_train_00972.jpg,/content/drive/MyDrive/AISC DeepFake Çalışmaları/Deneyler/Nazlıcan/Deney 1/Kaş/real/train/real_train_00972.jpg,real/train/real_train_00972.jpg,fc5e24382d419fbe16ce14bc244611b1d7172257fb886c9ce19f8af678130f61,,20260806_142915_eyebrow_roi_seed42_b775dfb93f,2026-08-06T14:43:00.626643+00:00,854,480,,,0,,,,,,
64e243712981179e812d1b22c05ae2ed05adcd4af47bde89cb532cc7e975034f,,974,0.0,real,train,skipped,insufficient_space_below_eyebrows,/content/drive/MyDrive/AISC DeepFake Çalışmaları/Deneyler/Deney 1 Frame/Real/train/real_train_00974.jpg,Real/train/real_train_00974.jpg,/content/drive/MyDrive/AISC DeepFake Çalışmaları/Deneyler/Nazlıcan/Deney 1/Kaş/real/train/real_train_00974.jpg,real/train/real_train_00974.jpg,bb83eb9e9d26c36e9603d398ca049c5f683fa106209eaa1a5143fc3ead733d42,,20260806_142915_eyebrow_roi_seed42_b775dfb93f,2026-08-06T14:43:01.067161+00:00,1280,720,,,1,,,,,,
92d45fd51b72add4612096eafe5ccc3576fb500f9cba60bf186c6aae7b8b7f06,,978,,real,train,skipped,face_not_found,/content/drive/MyDrive/AISC DeepFake Çalışmaları/Deneyler/Deney 1 Frame/Real/train/real_train_00978.jpg,Real/train/real_train_00978.jpg,/content/drive/MyDrive/AISC DeepFake Çalışmaları/Deneyler/Nazlıcan/Deney 1/Kaş/real/train/real_train_00978.jpg,real/train/real_train_00978.jpg,f43a11b89fe7b7f4823b27dc566abdc9ea5260fdda53b89f29100387d7e4caf9,,20260806_142915_eyebrow_roi_seed42_b775dfb93f,2026-08-06T14:43:02.715158+00:00,854,480,,,0,,,,,,
50686226da6b7caa4a757bce1522737bbc6091491ec5ac36a4cc745315d99696,,981,0.0,real,train,skipped,insufficient_space_below_eyebrows,/content/drive/MyDrive/AISC DeepFake Çalışmaları/Deneyler/Deney 1 Frame/Real/train/real_train_00981.jpg,Real/train/real_train_00981.jpg,/content/drive/MyDrive/AISC DeepFake Çalışmaları/Deneyler/Nazlıcan/Deney 1/Kaş/real/train/real_train_00981.jpg,real/train/real_train_00981.jpg,67cd842f2411c5ec90b6bd4ad352c12b6faf4844863111e842b83a128509565c,,20260806_142915_eyebrow_roi_seed42_b775dfb93f,2026-08-06T14:43:03.719048+00:00,656,480,,,1,,,,,,
aaf81677547917b701cd88be5a6af579432e8e81af0d7bc94d4ba100582eca9b,,983,0.0,real,train,skipped,insufficient_space_below_eyebrows,/content/drive/MyDrive/AISC DeepFake Çalışmaları/Deneyler/Deney 1 Frame/Real/train/real_train_00983.jpg,Real/train/real_train_00983.jpg,/content/drive/MyDrive/AISC DeepFake Çalışmaları/Deneyler/Nazlıcan/Deney 1/Kaş/real/train/real_train_00983.jpg,real/train/real_train_00983.jpg,63e02c9a070813e4653ec96afbc09ef2a292528034f3367dd71f732b65af4f84,,20260806_142915_eyebrow_roi_seed42_b775dfb93f,2026-08-06T14:43:04.286610+00:00,640,480,,,1,,,,,,
7443e99f82ca78253bd980875fffa15ca480fb68e99c4831208029ea266b52a1,,987,0.0,real,train,skipped,roi_height_too_small:13,/content/drive/MyDrive/AISC DeepFake Çalışmaları/Deneyler/Deney 1 Frame/Real/train/real_train_00987.jpg,Real/train/real_train_00987.jpg,/content/drive/MyDrive/AISC DeepFake Çalışmaları/Deneyler/Nazlıcan/Deney 1/Kaş/real/train/real_train_00987.jpg,real/train/real_train_00987.jpg,3c5bfc00682344046aea7b1acb322b0f2f0fccda6fe0cc3afbba41b0510b4d42,,20260806_142915_eyebrow_roi_seed42_b775dfb93f,2026-08-06T14:43:05.760089+00:00,640,480,,,1,,,,,,
f340cedfc7ac33518b52ebb8a929e051c57db6703252ccd5eae57ad3feaecb44,,988,0.0,real,train,skipped,insufficient_space_below_eyebrows,/content/drive/MyDrive/AISC DeepFake Çalışmaları/Deneyler/Deney 1 Frame/Real/train/real_train_00988.jpg,Real/train/real_train_00988.jpg,/content/drive/MyDrive/AISC DeepFake Çalışmaları/Deneyler/Nazlıcan/Deney 1/Kaş/real/train/real_train_00988.jpg,real/train/real_train_00988.jpg,097150e768c251dbfdabf7beef2aac429980b6349b5f220f0785a0324018d80c,,20260806_142915_eyebrow_roi_seed42_b775dfb93f,2026-08-06T14:43:06.130043+00:00,854,480,,,1,,,,,,
eabd685c3769694bea919bc8a68395cf4823b3256b7c1795c14a548b61820395,,992,0.0,real,train,skipped,insufficient_space_below_eyebrows,/content/drive/MyDrive/AISC DeepFake Çalışmaları/Deneyler/Deney 1 Frame/Real/train/real_train_00992.jpg,Real/train/real_train_00992.jpg,/content/drive/MyDrive/AISC DeepFake Çalışmaları/Deneyler/Nazlıcan/Deney 1/Kaş/real/train/real_train_00992.jpg,real/train/real_train_00992.jpg,728b3f9461ec38a90ff5fde69b3b6672b5778c1a63c86327684d99f43f4da282,,20260806_142915_eyebrow_roi_seed42_b775dfb93f,2026-08-06T14:43:07.267125+00:00,640,480,,,1,,,,,,
0794bf5a0d8369238bd234efff8334fd2f54942c293f69d1eff1d3bae631415b,,993,0.0,real,train,skipped,too_much_eye_inside_roi:0.4062,/content/drive/MyDrive/AISC DeepFake Çalışmaları/Deneyler/Deney 1 Frame/Real/train/real_train_00993.jpg,Real/train/real_train_00993.jpg,/content/drive/MyDrive/AISC DeepFake Çalışmaları/Deneyler/Nazlıcan/Deney 1/Kaş/real/train/real_train_00993.jpg,real/train/real_train_00993.jpg,0e60201e49df2e3a18757ce83da97a7d5be2e2ffcad2422d0b51b1fef26a9192,,20260806_142915_eyebrow_roi_seed42_b775dfb93f,2026-08-06T14:43:07.666435+00:00,654,480,,,1,,,,,,
aba60fc78e315d36f044aca574f8afe9805d41e48a0a5e6165ff575b44c94c43,,995,0.0,real,train,skipped,insufficient_space_below_eyebrows,/content/drive/MyDrive/AISC DeepFake Çalışmaları/Deneyler/Deney 1 Frame/Real/train/real_train_00995.jpg,Real/train/real_train_00995.jpg,/content/drive/MyDrive/AISC DeepFake Çalışmaları/Deneyler/Nazlıcan/Deney 1/Kaş/real/train/real_train_00995.jpg,real/train/real_train_00995.jpg,52eecf77156d0f22de783c441090b7f22464d1cebdac9288c4104b7549d28e62,,20260806_142915_eyebrow_roi_seed42_b775dfb93f,2026-08-06T14:43:08.409552+00:00,1280,720,,,1,,,,,,
11da24856b8aa8831fa344613330b8a232f90d32434e2e69d87ea88b568ced91,,996,0.0,real,train,skipped,insufficient_space_below_eyebrows,/content/drive/MyDrive/AISC DeepFake Çalışmaları/Deneyler/Deney 1 Frame/Real/train/real_train_00996.jpg,Real/train/real_train_00996.jpg,/content/drive/MyDrive/AISC DeepFake Çalışmaları/Deneyler/Nazlıcan/Deney 1/Kaş/real/train/real_train_00996.jpg,real/train/real_train_00996.jpg,af4cfb46327a8eb9f623fb47b20c4a180a5f1161cb7bcc90f016ff471c975caf,,20260806_142915_eyebrow_roi_seed42_b775dfb93f,2026-08-06T14:43:08.745635+00:00,1280,720,,,1,,,,,,
cebd6096dcc9c87f1aa5154a7ab692c182f24895c5438037df8980092b0ab24e,,998,0.0,real,train,skipped,insufficient_space_below_eyebrows,/content/drive/MyDrive/AISC DeepFake Çalışmaları/Deneyler/Deney 1 Frame/Real/train/real_train_00998.jpg,Real/train/real_train_00998.jpg,/content/drive/MyDrive/AISC DeepFake Çalışmaları/Deneyler/Nazlıcan/Deney 1/Kaş/real/train/real_train_00998.jpg,real/train/real_train_00998.jpg,c91fb30f2e4b14e428322a0c84dd4c0289fa6a20d1f1a9fdc02ced18fc19ef0d,,20260806_142915_eyebrow_roi_seed42_b775dfb93f,2026-08-06T14:43:09.281636+00:00,640,480,,,1,,,,,,
fbdeb6bc80c13b093d0e8466ed9397302d245450df585a023c7b6213708eb650,,1001,0.0,real,train,skipped,insufficient_space_below_eyebrows,/content/drive/MyDrive/AISC DeepFake Çalışmaları/Deneyler/Deney 1 Frame/Real/train/real_train_01001.jpg,Real/train/real_train_01001.jpg,/content/drive/MyDrive/AISC DeepFake Çalışmaları/Deneyler/Nazlıcan/Deney 1/Kaş/real/train/real_train_01001.jpg,real/train/real_train_01001.jpg,05b85dc5198e31a351dc8e6288bae1d956cafb09561f0e0af70b1867ea9b1267,,20260806_142915_eyebrow_roi_seed42_b775dfb93f,2026-08-06T14:43:10.438681+00:00,1280,720,,,1,,,,,,
a061e3d949e3136f0b943f780811dac85e7fd321c6be8bbea4f0bde7cd60016e,,1002,,real,train,skipped,multiple_faces_detected:2,/content/drive/MyDrive/AISC DeepFake Çalışmaları/Deneyler/Deney 1 Frame/Real/train/real_train_01002.jpg,Real/train/real_train_01002.jpg,/content/drive/MyDrive/AISC DeepFake Çalışmaları/Deneyler/Nazlıcan/Deney 1/Kaş/real/train/real_train_01002.jpg,real/train/real_train_01002.jpg,1fd93d3c7baa96b7341cc44c443e5278a76140c194a0ec04d1b4df853f624f53,,20260806_142915_eyebrow_roi_seed42_b775dfb93f,2026-08-06T14:43:10.718646+00:00,640,480,,,2,,,,,,
fbb972d3451c420a4851e7f1df1eb3182e678cf9efa64406b6a3bb3d6d2b4bf5,,1003,0.0,real,train,skipped,insufficient_space_below_eyebrows,/content/drive/MyDrive/AISC DeepFake Çalışmaları/Deneyler/Deney 1 Frame/Real/train/real_train_01003.jpg,Real/train/real_train_01003.jpg,/content/drive/MyDrive/AISC DeepFake Çalışmaları/Deneyler/Nazlıcan/Deney 1/Kaş/real/train/real_train_01003.jpg,real/train/real_train_01003.jpg,6d600f64ac0da93f2a6ff286f16b323688f7c911df86ed0245a166ff780985e5,,20260806_142915_eyebrow_roi_seed42_b775dfb93f,2026-08-06T14:43:11.148010+00:00,1280,720,,,1,,,,,,
a1865bd01d3ab940473952fa6e846a2b84389463fc4907d8fb29ce2b18860f55,,1004,0.0,real,train,skipped,insufficient_space_below_eyebrows,/content/drive/MyDrive/AISC DeepFake Çalışmaları/Deneyler/Deney 1 Frame/Real/train/real_train_01004.jpg,Real/train/real_train_01004.jpg,/content/drive/MyDrive/AISC DeepFake Çalışmaları/Deneyler/Nazlıcan/Deney 1/Kaş/real/train/real_train_01004.jpg,real/train/real_train_01004.jpg,6922a64f8730fb38f7e198e92d8d0b65c4918966e1fd9313675431fb17b1888e,,20260806_142915_eyebrow_roi_seed42_b775dfb93f,2026-08-06T14:43:11.607957+00:00,600,480,,,1,,,,,,
ccd35ed97c1fbba8969be75f755645fcf5b7214bf886f4a31a74eb8288e7ab0d,,1008,0.0,real,train,skipped,insufficient_space_below_eyebrows,/content/drive/MyDrive/AISC DeepFake Çalışmaları/Deneyler/Deney 1 Frame/Real/train/real_train_01008.jpg,Real/train/real_train_01008.jpg,/content/drive/MyDrive/AISC DeepFake Çalışmaları/Deneyler/Nazlıcan/Deney 1/Kaş/real/train/real_train_01008.jpg,real/train/real_train_01008.jpg,b1a243f29120ca5fca10277fa078ea6487a4784e5f43bfac9e84672c9b07d688,,20260806_142915_eyebrow_roi_seed42_b775dfb93f,2026-08-06T14:43:13.157958+00:00,640,480,,,1,,,,,,
1e7bd93ff0c354ceb18f59607dd91d2c3671fe2c912ada396dbf85805725dcd1,,1009,0.0,real,train,skipped,insufficient_space_below_eyebrows,/content/drive/MyDrive/AISC DeepFake Çalışmaları/Deneyler/Deney 1 Frame/Real/train/real_train_01009.jpg,Real/train/real_train_01009.jpg,/content/drive/MyDrive/AISC DeepFake Çalışmaları/Deneyler/Nazlıcan/Deney 1/Kaş/real/train/real_train_01009.jpg,real/train/real_train_01009.jpg,26c06039ed3c0b69ee2c4df53086a0064001e2c72cc6967e4d212fab95a37c97,,20260806_142915_eyebrow_roi_seed42_b775dfb93f,2026-08-06T14:43:13.466364+00:00,720,480,,,1,,,,,,
31136566b446664991000a4bd37dedbd650beca3474073d810e9899d8778c554,,1017,,real,train,skipped,multiple_faces_detected:2,/content/drive/MyDrive/AISC DeepFake Çalışmaları/Deneyler/Deney 1 Frame/Real/train/real_train_01017.jpg,Real/train/real_train_01017.jpg,/content/drive/MyDrive/AISC DeepFake Çalışmaları/Deneyler/Nazlıcan/Deney 1/Kaş/real/train/real_train_01017.jpg,real/train/real_train_01017.jpg,39f6ab4df4e1b0f35dfc9af6969112fbdc9de48725e4fe019ef833b5ea49aad5,,20260806_142915_eyebrow_roi_seed42_b775dfb93f,2026-08-06T14:43:15.753543+00:00,720,480,,,2,,,,,,
f019f3675d455ec1f0eef5f1aea53c0483de88002a270fa273992dcc64f4c819,,1019,0.0,real,train,skipped,insufficient_space_below_eyebrows,/content/drive/MyDrive/AISC DeepFake Çalışmaları/Deneyler/Deney 1 Frame/Real/train/real_train_01019.jpg,Real/train/real_train_01019.jpg,/content/drive/MyDrive/AISC DeepFake Çalışmaları/Deneyler/Nazlıcan/Deney 1/Kaş/real/train/real_train_01019.jpg,real/train/real_train_01019.jpg,7858d01aa70fdfa12450314d2d981b9595940eb1681a1bb521dd0e8f18cb69ee,,20260806_142915_eyebrow_roi_seed42_b775dfb93f,2026-08-06T14:43:16.453984+00:00,640,480,,,1,,,,,,
5f09856308f31ef8c7947d888f3e8f4c62d0fbcb3599847207f940fbd2e3abd4,,1024,0.0,real,train,skipped,insufficient_space_below_eyebrows,/content/drive/MyDrive/AISC DeepFake Çalışmaları/Deneyler/Deney 1 Frame/Real/train/real_train_01024.jpg,Real/train/real_train_01024.jpg,/content/drive/MyDrive/AISC DeepFake Çalışmaları/Deneyler/Nazlıcan/Deney 1/Kaş/real/train/real_train_01024.jpg,real/train/real_train_01024.jpg,a5bd7340113097301c22731a999faada668141b034dddf77a60276044505aadc,,20260806_142915_eyebrow_roi_seed42_b775dfb93f,2026-08-06T14:43:18.177227+00:00,1280,720,,,1,,,,,,
5efb9f7eaf19010a46e1b26153fca1c487366c0e0ed9432ee8dec1c1943a2b00,,1025,0.0,real,train,skipped,insufficient_space_below_eyebrows,/content/drive/MyDrive/AISC DeepFake Çalışmaları/Deneyler/Deney 1 Frame/Real/train/real_train_01025.jpg,Real/train/real_train_01025.jpg,/content/drive/MyDrive/AISC DeepFake Çalışmaları/Deneyler/Nazlıcan/Deney 1/Kaş/real/train/real_train_01025.jpg,real/train/real_train_01025.jpg,4853d698cef5abc2ab1b70f4e3d06c7984f5bf5a74d756d3243be0bf7182b024,,20260806_142915_eyebrow_roi_seed42_b775dfb93f,2026-08-06T14:43:18.732029+00:00,1280,720,,,1,,,,,,
b8ba6b2876bd70e2c86bf9aa36dc288a7a34b80a3d47f2873f381228aa1bf668,,1026,0.0,real,train,skipped,insufficient_space_below_eyebrows,/content/drive/MyDrive/AISC DeepFake Çalışmaları/Deneyler/Deney 1 Frame/Real/train/real_train_01026.jpg,Real/train/real_train_01026.jpg,/content/drive/MyDrive/AISC DeepFake Çalışmaları/Deneyler/Nazlıcan/Deney 1/Kaş/real/train/real_train_01026.jpg,real/train/real_train_01026.jpg,e59ef4cec9af2d2882652dd90196bd006972b75e9eda0b304bba8a63d6b666d8,,20260806_142915_eyebrow_roi_seed42_b775dfb93f,2026-08-06T14:43:18.945018+00:00,654,480,,,1,,,,,,
1dbb8d29179459768d8c1270400881f1f1e38b11a939c958ac3e87a13a312986,,1029,,real,train,skipped,face_not_found,/content/drive/MyDrive/AISC DeepFake Çalışmaları/Deneyler/Deney 1 Frame/Real/train/real_train_01029.jpg,Real/train/real_train_01029.jpg,/content/drive/MyDrive/AISC DeepFake Çalışmaları/Deneyler/Nazlıcan/Deney 1/Kaş/real/train/real_train_01029.jpg,real/train/real_train_01029.jpg,4e0851ce5ccabc797467d380a07263bc424a2886af35ac2fdf97df0abe6c5148,,20260806_142915_eyebrow_roi_seed42_b775dfb93f,2026-08-06T14:43:19.811285+00:00,1280,720,,,0,,,,,,
3013cb10af756f351603ef6f0ad92b6a59dab364211e4fb088dc80d03f2089f4,,1031,0.0,real,train,skipped,insufficient_space_below_eyebrows,/content/drive/MyDrive/AISC DeepFake Çalışmaları/Deneyler/Deney 1 Frame/Real/train/real_train_01031.jpg,Real/train/real_train_01031.jpg,/content/drive/MyDrive/AISC DeepFake Çalışmaları/Deneyler/Nazlıcan/Deney 1/Kaş/real/train/real_train_01031.jpg,real/train/real_train_01031.jpg,2f08816fbca097346d95fbfb17a5b4d1cdd9b35465935fcd605254092fb05d3b,,20260806_142915_eyebrow_roi_seed42_b775dfb93f,2026-08-06T14:43:20.463032+00:00,640,480,,,1,,,,,,
c17918a4ea8746382e0f47ae6bdc700e0c891f71590592cdef6feb56d7ad5008,,1032,0.0,real,train,skipped,insufficient_space_below_eyebrows,/content/drive/MyDrive/AISC DeepFake Çalışmaları/Deneyler/Deney 1 Frame/Real/train/real_train_01032.jpg,Real/train/real_train_01032.jpg,/content/drive/MyDrive/AISC DeepFake Çalışmaları/Deneyler/Nazlıcan/Deney 1/Kaş/real/train/real_train_01032.jpg,real/train/real_train_01032.jpg,5c612905f4d23c6cce3b6f3af3710cbcdd3a56470efb4be1f197d0f9f499323a,,20260806_142915_eyebrow_roi_seed42_b775dfb93f,2026-08-06T14:43:20.804840+00:00,1280,720,,,1,,,,,,
8768cae236a9e9f010602d5aa48632bd6ff2f50d99a2102ca5eb2a36e16b2aec,,1034,0.0,real,train,skipped,insufficient_space_below_eyebrows,/content/drive/MyDrive/AISC DeepFake Çalışmaları/Deneyler/Deney 1 Frame/Real/train/real_train_01034.jpg,Real/train/real_train_01034.jpg,/content/drive/MyDrive/AISC DeepFake Çalışmaları/Deneyler/Nazlıcan/Deney 1/Kaş/real/train/real_train_01034.jpg,real/train/real_train_01034.jpg,cac89388bcb04aeeb99f6bb3040024063d175b396667a8c0a532c46ffdbac35b,,20260806_142915_eyebrow_roi_seed42_b775dfb93f,2026-08-06T14:43:21.458031+00:00,1280,720,,,1,,,,,,
c9d4f17e39d3b5cc6cf24c44bbcd63fc2ccbf969b602d038cfc4211936277866,,1036,0.0,real,train,skipped,insufficient_space_below_eyebrows,/content/drive/MyDrive/AISC DeepFake Çalışmaları/Deneyler/Deney 1 Frame/Real/train/real_train_01036.jpg,Real/train/real_train_01036.jpg,/content/drive/MyDrive/AISC DeepFake Çalışmaları/Deneyler/Nazlıcan/Deney 1/Kaş/real/train/real_train_01036.jpg,real/train/real_train_01036.jpg,f77e7a484761af8e0fdee3134727e32d0e736aca8677d674d3d5855752d627dc,,20260806_142915_eyebrow_roi_seed42_b775dfb93f,2026-08-06T14:43:22.065317+00:00,600,480,,,1,,,,,,
291967361215170d97a89edfe246dbcf1229937ffb06a5c2fd56794e3d1ce015,,1037,0.0,real,train,skipped,insufficient_space_below_eyebrows,/content/drive/MyDrive/AISC DeepFake Çalışmaları/Deneyler/Deney 1 Frame/Real/train/real_train_01037.jpg,Real/train/real_train_01037.jpg,/content/drive/MyDrive/AISC DeepFake Çalışmaları/Deneyler/Nazlıcan/Deney 1/Kaş/real/train/real_train_01037.jpg,real/train/real_train_01037.jpg,cc02ed4400b8ae2808bbb039c3df6fb02dbfba16117f132b923000e8acd08dd1,,20260806_142915_eyebrow_roi_seed42_b775dfb93f,2026-08-06T14:43:22.324781+00:00,600,480,,,1,,,,,,
0b20cc4b731f2657f4551636a2c6eba4896b1ee1556d430ca8604657e4ef4fdf,,1038,0.0,real,train,skipped,insufficient_space_below_eyebrows,/content/drive/MyDrive/AISC DeepFake Çalışmaları/Deneyler/Deney 1 Frame/Real/train/real_train_01038.jpg,Real/train/real_train_01038.jpg,/content/drive/MyDrive/AISC DeepFake Çalışmaları/Deneyler/Nazlıcan/Deney 1/Kaş/real/train/real_train_01038.jpg,real/train/real_train_01038.jpg,ae9901d6cd2ea0f5e3ad1b48444ea34685922a983be08fa78320e457a974eec8,,20260806_142915_eyebrow_roi_seed42_b775dfb93f,2026-08-06T14:43:22.682585+00:00,1280,720,,,1,,,,,,
56f528e70f4e0b7b76dd09baf62e19fdc682d6f4132dae8951773cf14b7976b7,,1040,0.0,real,train,skipped,insufficient_space_below_eyebrows,/content/drive/MyDrive/AISC DeepFake Çalışmaları/Deneyler/Deney 1 Frame/Real/train/real_train_01040.jpg,Real/train/real_train_01040.jpg,/content/drive/MyDrive/AISC DeepFake Çalışmaları/Deneyler/Nazlıcan/Deney 1/Kaş/real/train/real_train_01040.jpg,real/train/real_train_01040.jpg,f223463d0febf69fe2984a75195098e8a25c35c2eed5b331eba88325a0aa6747,,20260806_142915_eyebrow_roi_seed42_b775dfb93f,2026-08-06T14:43:23.522174+00:00,640,480,,,1,,,,,,
0155125324c34c58042ba47065e99112db3a705d423f6aae9aa64eb32cedfc5b,,1043,,real,train,skipped,face_not_found,/content/drive/MyDrive/AISC DeepFake Çalışmaları/Deneyler/Deney 1 Frame/Real/train/real_train_01043.jpg,Real/train/real_train_01043.jpg,/content/drive/MyDrive/AISC DeepFake Çalışmaları/Deneyler/Nazlıcan/Deney 1/Kaş/real/train/real_train_01043.jpg,real/train/real_train_01043.jpg,04904dfa90227985d0e190074e3a2ef32563eb985a0bd7afbb226ae874b7a593,,20260806_142915_eyebrow_roi_seed42_b775dfb93f,2026-08-06T14:43:24.758102+00:00,1280,720,,,0,,,,,,
fb5b126c0c26058f6a29883ed9cb0fb219d3a90ef341e3d05c05a408dd5d5eec,,1044,0.0,real,train,skipped,insufficient_space_below_eyebrows,/content/drive/MyDrive/AISC DeepFake Çalışmaları/Deneyler/Deney 1 Frame/Real/train/real_train_01044.jpg,Real/train/real_train_01044.jpg,/content/drive/MyDrive/AISC DeepFake Çalışmaları/Deneyler/Nazlıcan/Deney 1/Kaş/real/train/real_train_01044.jpg,real/train/real_train_01044.jpg,6747ace1c0b084ef9771605d8f973bfe9d80417beb8f1911ea5ce63b3043f1bf,,20260806_142915_eyebrow_roi_seed42_b775dfb93f,2026-08-06T14:43:25.177727+00:00,600,480,,,1,,,,,,
0167dce08618d13dbbaf0c72397481501cc3fe6740cfe812f1f1264b5d71fabe,,1045,0.0,real,train,skipped,insufficient_space_below_eyebrows,/content/drive/MyDrive/AISC DeepFake Çalışmaları/Deneyler/Deney 1 Frame/Real/train/real_train_01045.jpg,Real/train/real_train_01045.jpg,/content/drive/MyDrive/AISC DeepFake Çalışmaları/Deneyler/Nazlıcan/Deney 1/Kaş/real/train/real_train_01045.jpg,real/train/real_train_01045.jpg,43c033af9b7a0fbf5734c5275ffb7aabd95b026938c9722b3b460179ec793821,,20260806_142915_eyebrow_roi_seed42_b775dfb93f,2026-08-06T14:43:25.213302+00:00,1280,720,,,1,,,,,,
574e65291a53784f0d905e51562a737af4c29c8a3b69fa2afaa515950487a55c,,1052,0.0,real,train,skipped,insufficient_space_below_eyebrows,/content/drive/MyDrive/AISC DeepFake Çalışmaları/Deneyler/Deney 1 Frame/Real/train/real_train_01052.jpg,Real/train/real_train_01052.jpg,/content/drive/MyDrive/AISC DeepFake Çalışmaları/Deneyler/Nazlıcan/Deney 1/Kaş/real/train/real_train_01052.jpg,real/train/real_train_01052.jpg,6490abfad41a20baac4ffe0845cdd83a379862b0d5b3c3685bd9b328f660e1fb,,20260806_142915_eyebrow_roi_seed42_b775dfb93f,2026-08-06T14:43:27.707176+00:00,640,480,,,1,,,,,,
567df1b44da5d26eb3a0559eac790f6a22c4772ca96314ba47e374da2191ba67,,1056,0.0,real,train,skipped,insufficient_space_below_eyebrows,/content/drive/MyDrive/AISC DeepFake Çalışmaları/Deneyler/Deney 1 Frame/Real/train/real_train_01056.jpg,Real/train/real_train_01056.jpg,/content/drive/MyDrive/AISC DeepFake Çalışmaları/Deneyler/Nazlıcan/Deney 1/Kaş/real/train/real_train_01056.jpg,real/train/real_train_01056.jpg,2967fca2b84fe0543fbb8ff59ce7afb10d4a9d5ede906f9b89ae398d5af7c8b1,,20260806_142915_eyebrow_roi_seed42_b775dfb93f,2026-08-06T14:43:29.038310+00:00,656,480,,,1,,,,,,
cdc3a79f16cb19102c12796500ad4744d08f6a240de447296a025c00bf611554,,1060,0.0,real,train,skipped,insufficient_space_below_eyebrows,/content/drive/MyDrive/AISC DeepFake Çalışmaları/Deneyler/Deney 1 Frame/Real/train/real_train_01060.jpg,Real/train/real_train_01060.jpg,/content/drive/MyDrive/AISC DeepFake Çalışmaları/Deneyler/Nazlıcan/Deney 1/Kaş/real/train/real_train_01060.jpg,real/train/real_train_01060.jpg,29fcde4836a4ba62f00dea114b232a7f84919578b9374ff91714c2d24aeafac5,,20260806_142915_eyebrow_roi_seed42_b775dfb93f,2026-08-06T14:43:30.501871+00:00,600,480,,,1,,,,,,
a63b84aaec39b165d338b0619fb80dd3cc8d5ac5ce836ef27623f96021a13658,,1063,0.0,real,train,skipped,insufficient_space_below_eyebrows,/content/drive/MyDrive/AISC DeepFake Çalışmaları/Deneyler/Deney 1 Frame/Real/train/real_train_01063.jpg,Real/train/real_train_01063.jpg,/content/drive/MyDrive/AISC DeepFake Çalışmaları/Deneyler/Nazlıcan/Deney 1/Kaş/real/train/real_train_01063.jpg,real/train/real_train_01063.jpg,dfa20de1f7e370244760a483463a6fd35617c3aa9eb881aa2d1b1a6ba517bd7a,,20260806_142915_eyebrow_roi_seed42_b775dfb93f,2026-08-06T14:43:31.384269+00:00,600,480,,,1,,,,,,
e66c106f6eda2aa5ecb89018833ccc0b91652cd3d559d1f888c3a0a8f3f19055,,1064,0.0,real,train,skipped,insufficient_space_below_eyebrows,/content/drive/MyDrive/AISC DeepFake Çalışmaları/Deneyler/Deney 1 Frame/Real/train/real_train_01064.jpg,Real/train/real_train_01064.jpg,/content/drive/MyDrive/AISC DeepFake Çalışmaları/Deneyler/Nazlıcan/Deney 1/Kaş/real/train/real_train_01064.jpg,real/train/real_train_01064.jpg,8b3e31320843697ff714f92e6c809e34003036aabb19a3d705a7929b683a072a,,20260806_142915_eyebrow_roi_seed42_b775dfb93f,2026-08-06T14:43:31.683082+00:00,656,480,,,1,,,,,,
5768259df4b843f530d866247ec3dfb8679d597e689682dae1afe650b66f2991,,1066,0.0,real,train,skipped,insufficient_space_below_eyebrows,/content/drive/MyDrive/AISC DeepFake Çalışmaları/Deneyler/Deney 1 Frame/Real/train/real_train_01066.jpg,Real/train/real_train_01066.jpg,/content/drive/MyDrive/AISC DeepFake Çalışmaları/Deneyler/Nazlıcan/Deney 1/Kaş/real/train/real_train_01066.jpg,real/train/real_train_01066.jpg,e4b2c1156c40ff1237fa0176bbde34b04c74e861ea519f950c51651544bc2f72,,20260806_142915_eyebrow_roi_seed42_b775dfb93f,2026-08-06T14:43:32.294958+00:00,656,480,,,1,,,,,,
53be0d3f3d91bf2e056d409a8f40ebe1e62546e942d92b378a012e24bda2f450,,1067,0.0,real,train,skipped,insufficient_space_below_eyebrows,/content/drive/MyDrive/AISC DeepFake Çalışmaları/Deneyler/Deney 1 Frame/Real/train/real_train_01067.jpg,Real/train/real_train_01067.jpg,/content/drive/MyDrive/AISC DeepFake Çalışmaları/Deneyler/Nazlıcan/Deney 1/Kaş/real/train/real_train_01067.jpg,real/train/real_train_01067.jpg,32f334a4c3d76737eb6e74d5d56df8423b6b4dd8b026ba273d48edef5a293f3a,,20260806_142915_eyebrow_roi_seed42_b775dfb93f,2026-08-06T14:43:32.536745+00:00,854,480,,,1,,,,,,
a5899afd58cdde1fbd41915d0cd3b839e51c797d7d56e4035c9fe504248d41bb,,1071,,real,train,skipped,face_not_found,/content/drive/MyDrive/AISC DeepFake Çalışmaları/Deneyler/Deney 1 Frame/Real/train/real_train_01071.jpg,Real/train/real_train_01071.jpg,/content/drive/MyDrive/AISC DeepFake Çalışmaları/Deneyler/Nazlıcan/Deney 1/Kaş/real/train/real_train_01071.jpg,real/train/real_train_01071.jpg,612bc7b5b79de97f371621e1fc413409186934725caf1e745371c108d2dee99d,,20260806_142915_eyebrow_roi_seed42_b775dfb93f,2026-08-06T14:43:33.866395+00:00,854,480,,,0,,,,,,
590fc85a738fe93334340c72eec511574133f7a9ada11c568fbe6be6eb729f9a,,1074,0.0,real,train,skipped,insufficient_space_below_eyebrows,/content/drive/MyDrive/AISC DeepFake Çalışmaları/Deneyler/Deney 1 Frame/Real/train/real_train_01074.jpg,Real/train/real_train_01074.jpg,/content/drive/MyDrive/AISC DeepFake Çalışmaları/Deneyler/Nazlıcan/Deney 1/Kaş/real/train/real_train_01074.jpg,real/train/real_train_01074.jpg,0d31d90fc94e28c4911ed81efb5c7ac9114d2ebc65924de23bda374ddf36b098,,20260806_142915_eyebrow_roi_seed42_b775dfb93f,2026-08-06T14:43:34.767373+00:00,854,480,,,1,,,,,,
f256bafa8d0eee68f186d8e6ce352e64d32731de594bdf9a9ee58a78cf5977e7,,1075,0.0,real,train,skipped,insufficient_space_below_eyebrows,/content/drive/MyDrive/AISC DeepFake Çalışmaları/Deneyler/Deney 1 Frame/Real/train/real_train_01075.jpg,Real/train/real_train_01075.jpg,/content/drive/MyDrive/AISC DeepFake Çalışmaları/Deneyler/Nazlıcan/Deney 1/Kaş/real/train/real_train_01075.jpg,real/train/real_train_01075.jpg,5aac3acc6f64305ffeb19eb3c278711d73951217fe0151c0cd19e0af1d9a9761,,20260806_142915_eyebrow_roi_seed42_b775dfb93f,2026-08-06T14:43:35.242344+00:00,600,480,,,1,,,,,,
030e2c8d97298a9a91d930200befa55051f575c40f809bad8bce229e69f6e33f,,1079,0.0,real,train,skipped,insufficient_space_below_eyebrows,/content/drive/MyDrive/AISC DeepFake Çalışmaları/Deneyler/Deney 1 Frame/Real/train/real_train_01079.jpg,Real/train/real_train_01079.jpg,/content/drive/MyDrive/AISC DeepFake Çalışmaları/Deneyler/Nazlıcan/Deney 1/Kaş/real/train/real_train_01079.jpg,real/train/real_train_01079.jpg,b3d023b3a473aa2dff78ec493c3d66376f035d725ebb60ea6bb4908199984a24,,20260806_142915_eyebrow_roi_seed42_b775dfb93f,2026-08-06T14:43:36.266629+00:00,640,480,,,1,,,,,,
aa7902655d9c2e5b109500ca310f09b7f90f2b7cae962a0250a0313aff97bbdf,,1082,0.0,real,train,skipped,insufficient_space_below_eyebrows,/content/drive/MyDrive/AISC DeepFake Çalışmaları/Deneyler/Deney 1 Frame/Real/train/real_train_01082.jpg,Real/train/real_train_01082.jpg,/content/drive/MyDrive/AISC DeepFake Çalışmaları/Deneyler/Nazlıcan/Deney 1/Kaş/real/train/real_train_01082.jpg,real/train/real_train_01082.jpg,cb30c001e6c2296c0e1ee522fe417c46e91d8c7ad1c96c538b91c2dae993c819,,20260806_142915_eyebrow_roi_seed42_b775dfb93f,2026-08-06T14:43:37.270993+00:00,854,480,,,1,,,,,,
d18044048519504058cf6ed946e078dfea2e8ca48e76d4d8d4adb6b94e95a6b3,,1083,0.0,real,train,skipped,insufficient_space_below_eyebrows,/content/drive/MyDrive/AISC DeepFake Çalışmaları/Deneyler/Deney 1 Frame/Real/train/real_train_01083.jpg,Real/train/real_train_01083.jpg,/content/drive/MyDrive/AISC DeepFake Çalışmaları/Deneyler/Nazlıcan/Deney 1/Kaş/real/train/real_train_01083.jpg,real/train/real_train_01083.jpg,c9353ca7f7211b9fcd6b8256d49ccda6a8368e035856514eebcc95dd44a64669,,20260806_142915_eyebrow_roi_seed42_b775dfb93f,2026-08-06T14:43:37.497223+00:00,1280,720,,,1,,,,,,
dfcb02ed608dd94e9561a85cc5ccc5b68ea8825dceee0098554f41a9e5fa2ea4,,1086,0.0,real,train,skipped,insufficient_space_below_eyebrows,/content/drive/MyDrive/AISC DeepFake Çalışmaları/Deneyler/Deney 1 Frame/Real/train/real_train_01086.jpg,Real/train/real_train_01086.jpg,/content/drive/MyDrive/AISC DeepFake Çalışmaları/Deneyler/Nazlıcan/Deney 1/Kaş/real/train/real_train_01086.jpg,real/train/real_train_01086.jpg,d05e0d725adaf3c9cf2439d77d8acfc34abb1a7966ca4d7cc309429d11716c0d,,20260806_142915_eyebrow_roi_seed42_b775dfb93f,2026-08-06T14:43:37.994228+00:00,640,480,,,1,,,,,,
f8ad92d2e20d34746b1ff42aa3e6c98931ac3a103166f7ebaf2bdeb759f5fef0,,1090,0.0,real,train,skipped,insufficient_space_below_eyebrows,/content/drive/MyDrive/AISC DeepFake Çalışmaları/Deneyler/Deney 1 Frame/Real/train/real_train_01090.jpg,Real/train/real_train_01090.jpg,/content/drive/MyDrive/AISC DeepFake Çalışmaları/Deneyler/Nazlıcan/Deney 1/Kaş/real/train/real_train_01090.jpg,real/train/real_train_01090.jpg,def979d1936ecaa0961f11f159863b2bacd0a5a6c90a6efb71faf1d3914fe583,,20260806_142915_eyebrow_roi_seed42_b775dfb93f,2026-08-06T14:43:39.480189+00:00,654,480,,,1,,,,,,
df5d5727a8aba08dd2cc0fc026c3cdfadd6235cdb6088e5e0e3c89deeb77065f,,1091,0.0,real,train,skipped,insufficient_space_below_eyebrows,/content/drive/MyDrive/AISC DeepFake Çalışmaları/Deneyler/Deney 1 Frame/Real/train/real_train_01091.jpg,Real/train/real_train_01091.jpg,/content/drive/MyDrive/AISC DeepFake Çalışmaları/Deneyler/Nazlıcan/Deney 1/Kaş/real/train/real_train_01091.jpg,real/train/real_train_01091.jpg,5317a45fa9c94bcd2bb1677d2e57f5a2beb129c32d47f60d4656fa8c82f80d18,,20260806_142915_eyebrow_roi_seed42_b775dfb93f,2026-08-06T14:43:39.838313+00:00,640,480,,,1,,,,,,
34ce4150d4466fa1e01ad3570b4a7644374a040b66a5504d0e12169becb77b1e,,1093,0.0,real,train,skipped,insufficient_space_below_eyebrows,/content/drive/MyDrive/AISC DeepFake Çalışmaları/Deneyler/Deney 1 Frame/Real/train/real_train_01093.jpg,Real/train/real_train_01093.jpg,/content/drive/MyDrive/AISC DeepFake Çalışmaları/Deneyler/Nazlıcan/Deney 1/Kaş/real/train/real_train_01093.jpg,real/train/real_train_01093.jpg,6da47507bf6edba10bd4e36b21ba37ab5c7d371a9b5bb312ff3da34a220f806d,,20260806_142915_eyebrow_roi_seed42_b775dfb93f,2026-08-06T14:43:40.467904+00:00,600,480,,,1,,,,,,
be004032be1c8485648fc0b37ceda6404ea0654c4045537b808897343eeb6da4,,1096,0.0,real,train,skipped,insufficient_space_below_eyebrows,/content/drive/MyDrive/AISC DeepFake Çalışmaları/Deneyler/Deney 1 Frame/Real/train/real_train_01096.jpg,Real/train/real_train_01096.jpg,/content/drive/MyDrive/AISC DeepFake Çalışmaları/Deneyler/Nazlıcan/Deney 1/Kaş/real/train/real_train_01096.jpg,real/train/real_train_01096.jpg,2bd061b7755c6ca90f8cd440033d055719246bf3c2ec77f6d3cb5922010f7d3d,,20260806_142915_eyebrow_roi_seed42_b775dfb93f,2026-08-06T14:43:41.960468+00:00,1280,720,,,1,,,,,,
7797f2aff07a501f057e7acebe84efd9f34acf865b083c43ff586b1280cd0ec2,,1098,0.0,real,train,skipped,insufficient_space_below_eyebrows,/content/drive/MyDrive/AISC DeepFake Çalışmaları/Deneyler/Deney 1 Frame/Real/train/real_train_01098.jpg,Real/train/real_train_01098.jpg,/content/drive/MyDrive/AISC DeepFake Çalışmaları/Deneyler/Nazlıcan/Deney 1/Kaş/real/train/real_train_01098.jpg,real/train/real_train_01098.jpg,4742a882e969b99c485b2a8449961732744e75983e897439b76e60c3b31be79e,,20260806_142915_eyebrow_roi_seed42_b775dfb93f,2026-08-06T14:43:42.683702+00:00,640,480,,,1,,,,,,
8873b15d65d13b07422d9a0aeb5880bcb58890f2a83f138cdae0ddca32193c9f,,1103,0.0,real,train,skipped,insufficient_space_below_eyebrows,/content/drive/MyDrive/AISC DeepFake Çalışmaları/Deneyler/Deney 1 Frame/Real/train/real_train_01103.jpg,Real/train/real_train_01103.jpg,/content/drive/MyDrive/AISC DeepFake Çalışmaları/Deneyler/Nazlıcan/Deney 1/Kaş/real/train/real_train_01103.jpg,real/train/real_train_01103.jpg,623ad96414a013a9ea621269afbead9ed2455eab1190aba0723426eebf8c758d,,20260806_142915_eyebrow_roi_seed42_b775dfb93f,2026-08-06T14:43:44.551998+00:00,1920,1080,,,1,,,,,,
8b5d828e0bb7d725c200b916c179eaaf40c9982ecbd31a8cbdaccc0fcdc88f90,,1105,0.0,real,train,skipped,insufficient_space_below_eyebrows,/content/drive/MyDrive/AISC DeepFake Çalışmaları/Deneyler/Deney 1 Frame/Real/train/real_train_01105.jpg,Real/train/real_train_01105.jpg,/content/drive/MyDrive/AISC DeepFake Çalışmaları/Deneyler/Nazlıcan/Deney 1/Kaş/real/train/real_train_01105.jpg,real/train/real_train_01105.jpg,f2e3161edd700b1c289ae5171c133160cd6120f57e3d8eb73e10c56c3839bc73,,20260806_142915_eyebrow_roi_seed42_b775dfb93f,2026-08-06T14:43:45.256222+00:00,720,480,,,1,,,,,,
e7638f610a4821d9436909a6d05d0f723483706752701e4392cd944636609002,,1106,0.0,real,train,skipped,insufficient_space_below_eyebrows,/content/drive/MyDrive/AISC DeepFake Çalışmaları/Deneyler/Deney 1 Frame/Real/train/real_train_01106.jpg,Real/train/real_train_01106.jpg,/content/drive/MyDrive/AISC DeepFake Çalışmaları/Deneyler/Nazlıcan/Deney 1/Kaş/real/train/real_train_01106.jpg,real/train/real_train_01106.jpg,47bca75710c89dc9223dab7d0f584ffc6a98f5e5f950124d4d52430068950675,,20260806_142915_eyebrow_roi_seed42_b775dfb93f,2026-08-06T14:43:45.571068+00:00,1280,720,,,1,,,,,,
8074311d5102e3a4e13fdba9947115ec9a4e0c333e432fe8e78a2abd56be934f,,1107,0.0,real,train,skipped,insufficient_space_below_eyebrows,/content/drive/MyDrive/AISC DeepFake Çalışmaları/Deneyler/Deney 1 Frame/Real/train/real_train_01107.jpg,Real/train/real_train_01107.jpg,/content/drive/MyDrive/AISC DeepFake Çalışmaları/Deneyler/Nazlıcan/Deney 1/Kaş/real/train/real_train_01107.jpg,real/train/real_train_01107.jpg,65bd5765c018c6181bb3e28c72622eac9bb29de8c8535247a4bf10fc7ea1479b,,20260806_142915_eyebrow_roi_seed42_b775dfb93f,2026-08-06T14:43:45.874849+00:00,1280,720,,,1,,,,,,
0ba43657483d44ab811da9775fd90a860af682a3be405979a4a8fc9f8d35274a,,1109,0.0,real,train,skipped,insufficient_space_below_eyebrows,/content/drive/MyDrive/AISC DeepFake Çalışmaları/Deneyler/Deney 1 Frame/Real/train/real_train_01109.jpg,Real/train/real_train_01109.jpg,/content/drive/MyDrive/AISC DeepFake Çalışmaları/Deneyler/Nazlıcan/Deney 1/Kaş/real/train/real_train_01109.jpg,real/train/real_train_01109.jpg,9c9e33836ea5180469ffe1d8e8c5e72b5bc2de1d4de3e862eb0b6a00c6600a29,,20260806_142915_eyebrow_roi_seed42_b775dfb93f,2026-08-06T14:43:46.355249+00:00,854,480,,,1,,,,,,
0a5bed672328c88dd1c6e4e1033ddea568df32fbb83b1d6a39e701df10926143,,1110,0.0,real,train,skipped,insufficient_space_below_eyebrows,/content/drive/MyDrive/AISC DeepFake Çalışmaları/Deneyler/Deney 1 Frame/Real/train/real_train_01110.jpg,Real/train/real_train_01110.jpg,/content/drive/MyDrive/AISC DeepFake Çalışmaları/Deneyler/Nazlıcan/Deney 1/Kaş/real/train/real_train_01110.jpg,real/train/real_train_01110.jpg,d217e3454a5211d6ebea66a96801de34a0853064f47802ac9dc98ee37c3a3c42,,20260806_142915_eyebrow_roi_seed42_b775dfb93f,2026-08-06T14:43:46.752940+00:00,640,480,,,1,,,,,,
a96ff52b279ca1f504aaf6c36050dbac63049d0fad66382186996e65f2fedf1c,,1111,0.0,real,train,skipped,insufficient_space_below_eyebrows,/content/drive/MyDrive/AISC DeepFake Çalışmaları/Deneyler/Deney 1 Frame/Real/train/real_train_01111.jpg,Real/train/real_train_01111.jpg,/content/drive/MyDrive/AISC DeepFake Çalışmaları/Deneyler/Nazlıcan/Deney 1/Kaş/real/train/real_train_01111.jpg,real/train/real_train_01111.jpg,e4a221d4cc70ce47ab6bdafd82d29a368b3749f6a5c4c7f717047e1d68b2e617,,20260806_142915_eyebrow_roi_seed42_b775dfb93f,2026-08-06T14:43:47.020781+00:00,1920,1080,,,1,,,,,,
51bc5b4850ac6d54468b9e48f180bb9df0941d0973118e75ab8639b2ed9af94a,,1115,0.0,real,train,skipped,insufficient_space_below_eyebrows,/content/drive/MyDrive/AISC DeepFake Çalışmaları/Deneyler/Deney 1 Frame/Real/train/real_train_01115.jpg,Real/train/real_train_01115.jpg,/content/drive/MyDrive/AISC DeepFake Çalışmaları/Deneyler/Nazlıcan/Deney 1/Kaş/real/train/real_train_01115.jpg,real/train/real_train_01115.jpg,8ab473d3b51e493ea59726e7df58ab90eb2578df2754d72352f69fe49f270fb7,,20260806_142915_eyebrow_roi_seed42_b775dfb93f,2026-08-06T14:43:48.808279+00:00,1280,720,,,1,,,,,,
cf0028ac13b9d4cab2bccd72f11ff335f716956e623cab6c8335f99f79cc372f,,1117,0.0,real,train,skipped,insufficient_space_below_eyebrows,/content/drive/MyDrive/AISC DeepFake Çalışmaları/Deneyler/Deney 1 Frame/Real/train/real_train_01117.jpg,Real/train/real_train_01117.jpg,/content/drive/MyDrive/AISC DeepFake Çalışmaları/Deneyler/Nazlıcan/Deney 1/Kaş/real/train/real_train_01117.jpg,real/train/real_train_01117.jpg,a63a641fd0bf712ae7fa81080c144830f4fbf5d8d9027c65cc2b71215b42de53,,20260806_142915_eyebrow_roi_seed42_b775dfb93f,2026-08-06T14:43:49.354963+00:00,600,480,,,1,,,,,,
faaed1f5ea7df4f11ec80592ce623c98eea3bbec4200e76ec67d1929667af203,,1118,0.0,real,train,skipped,insufficient_space_below_eyebrows,/content/drive/MyDrive/AISC DeepFake Çalışmaları/Deneyler/Deney 1 Frame/Real/train/real_train_01118.jpg,Real/train/real_train_01118.jpg,/content/drive/MyDrive/AISC DeepFake Çalışmaları/Deneyler/Nazlıcan/Deney 1/Kaş/real/train/real_train_01118.jpg,real/train/real_train_01118.jpg,29caad0da43867b8d1b91ce17f9f0053946289dbbdd5ea1b719ee7017620deb6,,20260806_142915_eyebrow_roi_seed42_b775dfb93f,2026-08-06T14:43:49.696711+00:00,1920,1080,,,1,,,,,,
aac3e7bfffb330a438455366cfe2cdaa3adeaafc5b20e78027c1c6a4fa325b25,,1121,0.0,real,train,skipped,insufficient_space_below_eyebrows,/content/drive/MyDrive/AISC DeepFake Çalışmaları/Deneyler/Deney 1 Frame/Real/train/real_train_01121.jpg,Real/train/real_train_01121.jpg,/content/drive/MyDrive/AISC DeepFake Çalışmaları/Deneyler/Nazlıcan/Deney 1/Kaş/real/train/real_train_01121.jpg,real/train/real_train_01121.jpg,c7175fac5ccbad6ef8e7fd13fde9f6ad8bafa10a0a0acc6a7ec4c8959ecd5017,,20260806_142915_eyebrow_roi_seed42_b775dfb93f,2026-08-06T14:43:50.710096+00:00,640,480,,,1,,,,,,
2ed735bc45e320d40474b80ee6490fc69c1d71c64d42b997f72f60f90497aba4,,1123,0.0,real,train,skipped,insufficient_space_below_eyebrows,/content/drive/MyDrive/AISC DeepFake Çalışmaları/Deneyler/Deney 1 Frame/Real/train/real_train_01123.jpg,Real/train/real_train_01123.jpg,/content/drive/MyDrive/AISC DeepFake Çalışmaları/Deneyler/Nazlıcan/Deney 1/Kaş/real/train/real_train_01123.jpg,real/train/real_train_01123.jpg,7cf213d369166a93c97768a01c7deb00f8d82ac6db72cacb199608b597b273f1,,20260806_142915_eyebrow_roi_seed42_b775dfb93f,2026-08-06T14:43:51.212048+00:00,1280,720,,,1,,,,,,
fdb3f7a3b3cd8c0cd4b705732efe5953707906c7e0a5afc1da374155e449ffe0,,1125,0.0,real,train,skipped,insufficient_space_below_eyebrows,/content/drive/MyDrive/AISC DeepFake Çalışmaları/Deneyler/Deney 1 Frame/Real/train/real_train_01125.jpg,Real/train/real_train_01125.jpg,/content/drive/MyDrive/AISC DeepFake Çalışmaları/Deneyler/Nazlıcan/Deney 1/Kaş/real/train/real_train_01125.jpg,real/train/real_train_01125.jpg,63635692cf388650cd7552c18e9485c33ea54726e8fb8be3ffac61bedc4d803d,,20260806_142915_eyebrow_roi_seed42_b775dfb93f,2026-08-06T14:43:52.201140+00:00,640,480,,,1,,,,,,
f56b0044a64e76cbd89f5a7393386ff44b58f2a16f8e8534d7d3a58625a5c3d8,,1128,0.0,real,train,skipped,insufficient_space_below_eyebrows,/content/drive/MyDrive/AISC DeepFake Çalışmaları/Deneyler/Deney 1 Frame/Real/train/real_train_01128.jpg,Real/train/real_train_01128.jpg,/content/drive/MyDrive/AISC DeepFake Çalışmaları/Deneyler/Nazlıcan/Deney 1/Kaş/real/train/real_train_01128.jpg,real/train/real_train_01128.jpg,49e213cba7620688a08db613691eb40d3d2c3c184f701f620616d2eadf13945d,,20260806_142915_eyebrow_roi_seed42_b775dfb93f,2026-08-06T14:43:53.966122+00:00,600,480,,,1,,,,,,
b5576c020b27b0d7b1ad81986f2822d30ac0f08e1c3deb41c391c521914728ae,,1130,,real,train,skipped,face_not_found,/content/drive/MyDrive/AISC DeepFake Çalışmaları/Deneyler/Deney 1 Frame/Real/train/real_train_01130.jpg,Real/train/real_train_01130.jpg,/content/drive/MyDrive/AISC DeepFake Çalışmaları/Deneyler/Nazlıcan/Deney 1/Kaş/real/train/real_train_01130.jpg,real/train/real_train_01130.jpg,d7c2c34e888f14ec4548a28ccb8f02773215d4a7685e74c8fcd8f0ac1b1f4210,,20260806_142915_eyebrow_roi_seed42_b775dfb93f,2026-08-06T14:43:54.605247+00:00,1280,720,,,0,,,,,,
1cf1ef78e97019c209cc7a5bf426d9754363eca525d49c44f8f19a81b0eb926f,,1135,0.0,real,train,skipped,insufficient_space_below_eyebrows,/content/drive/MyDrive/AISC DeepFake Çalışmaları/Deneyler/Deney 1 Frame/Real/train/real_train_01135.jpg,Real/train/real_train_01135.jpg,/content/drive/MyDrive/AISC DeepFake Çalışmaları/Deneyler/Nazlıcan/Deney 1/Kaş/real/train/real_train_01135.jpg,real/train/real_train_01135.jpg,fc6ae0a506a9fba473057e0184fa3d3e4256dbe118e6b4dd1d87e9384d499c35,,20260806_142915_eyebrow_roi_seed42_b775dfb93f,2026-08-06T14:43:56.093280+00:00,854,480,,,1,,,,,,
904695b59af99caeaf0473802f75f485a6c1de2e2331aff5fab7a43a477b0460,,1145,0.0,real,train,skipped,insufficient_space_below_eyebrows,/content/drive/MyDrive/AISC DeepFake Çalışmaları/Deneyler/Deney 1 Frame/Real/train/real_train_01145.jpg,Real/train/real_train_01145.jpg,/content/drive/MyDrive/AISC DeepFake Çalışmaları/Deneyler/Nazlıcan/Deney 1/Kaş/real/train/real_train_01145.jpg,real/train/real_train_01145.jpg,b1294fe0a690643c2a9da7640f3cc8f12c9afbd63c98a29fe82e7dc1b2167a8d,,20260806_142915_eyebrow_roi_seed42_b775dfb93f,2026-08-06T14:44:00.319883+00:00,640,480,,,1,,,,,,
d79da86bcf824e78a00fa7968f421dd066bb03ea659973dd5860f64c508dd5f3,,1146,0.0,real,train,skipped,insufficient_space_below_eyebrows,/content/drive/MyDrive/AISC DeepFake Çalışmaları/Deneyler/Deney 1 Frame/Real/train/real_train_01146.jpg,Real/train/real_train_01146.jpg,/content/drive/MyDrive/AISC DeepFake Çalışmaları/Deneyler/Nazlıcan/Deney 1/Kaş/real/train/real_train_01146.jpg,real/train/real_train_01146.jpg,1b1126cfc96de28145fdb589ce3ec460e6e6239a1e56f47d40e19919e851d456,,20260806_142915_eyebrow_roi_seed42_b775dfb93f,2026-08-06T14:44:00.541931+00:00,1280,720,,,1,,,,,,
a4382b0eb6e8eefd22c6448765121a95a0b1f3bff63444ffe77a85557c4b264e,,1147,0.0,real,train,skipped,insufficient_space_below_eyebrows,/content/drive/MyDrive/AISC DeepFake Çalışmaları/Deneyler/Deney 1 Frame/Real/train/real_train_01147.jpg,Real/train/real_train_01147.jpg,/content/drive/MyDrive/AISC DeepFake Çalışmaları/Deneyler/Nazlıcan/Deney 1/Kaş/real/train/real_train_01147.jpg,real/train/real_train_01147.jpg,912d8ef509123818034d346bd074de41620d2f7b35dc0935d6a591d664c5430c,,20260806_142915_eyebrow_roi_seed42_b775dfb93f,2026-08-06T14:44:01.110451+00:00,1280,720,,,1,,,,,,
154fee968638de5f0f1df8343b32396c55a5b14d9d92c67fdaadf0a833142a18,,1148,0.0,real,train,skipped,insufficient_space_below_eyebrows,/content/drive/MyDrive/AISC DeepFake Çalışmaları/Deneyler/Deney 1 Frame/Real/train/real_train_01148.jpg,Real/train/real_train_01148.jpg,/content/drive/MyDrive/AISC DeepFake Çalışmaları/Deneyler/Nazlıcan/Deney 1/Kaş/real/train/real_train_01148.jpg,real/train/real_train_01148.jpg,0fb16553daafe3e5b89c7cde1a3c42d217f8f7c54315c8f011ca447c5c305d97,,20260806_142915_eyebrow_roi_seed42_b775dfb93f,2026-08-06T14:44:01.543378+00:00,640,480,,,1,,,,,,
3eb9edb24c1a944ca559f310c97242973ce02c719a5c165febdf4694df72ba8d,,1150,0.0,real,train,skipped,insufficient_space_below_eyebrows,/content/drive/MyDrive/AISC DeepFake Çalışmaları/Deneyler/Deney 1 Frame/Real/train/real_train_01150.jpg,Real/train/real_train_01150.jpg,/content/drive/MyDrive/AISC DeepFake Çalışmaları/Deneyler/Nazlıcan/Deney 1/Kaş/real/train/real_train_01150.jpg,real/train/real_train_01150.jpg,7ee6c50fc9fb7fb7d433e163b9d41d87c6d7e1bdb0b509741d9e3d3b457cde79,,20260806_142915_eyebrow_roi_seed42_b775dfb93f,2026-08-06T14:44:02.150139+00:00,598,480,,,1,,,,,,
ab633643348055f110fe3ac2a6a3eb100c0ce1b005dabd4708e0ffba9d7e7e84,,1158,0.0,real,train,skipped,insufficient_space_below_eyebrows,/content/drive/MyDrive/AISC DeepFake Çalışmaları/Deneyler/Deney 1 Frame/Real/train/real_train_01158.jpg,Real/train/real_train_01158.jpg,/content/drive/MyDrive/AISC DeepFake Çalışmaları/Deneyler/Nazlıcan/Deney 1/Kaş/real/train/real_train_01158.jpg,real/train/real_train_01158.jpg,10af53368aa4f62188db6933e8215cea5a7f9148544784f86794f85a60ab6e62,,20260806_142915_eyebrow_roi_seed42_b775dfb93f,2026-08-06T14:44:06.572276+00:00,960,720,,,1,,,,,,
a7203359d5a37afbbd36f8e9c1c5b77b820fd80cbd7ab47d263cf83475a71093,,1159,0.0,real,train,skipped,roi_height_too_small:13,/content/drive/MyDrive/AISC DeepFake Çalışmaları/Deneyler/Deney 1 Frame/Real/train/real_train_01159.jpg,Real/train/real_train_01159.jpg,/content/drive/MyDrive/AISC DeepFake Çalışmaları/Deneyler/Nazlıcan/Deney 1/Kaş/real/train/real_train_01159.jpg,real/train/real_train_01159.jpg,2c68470f4fd6567541ff3fcfb56adc8bfff7a1d2ad4e8cebd6cccdd53e82ef0c,,20260806_142915_eyebrow_roi_seed42_b775dfb93f,2026-08-06T14:44:06.909234+00:00,656,480,,,1,,,,,,
634ca2778fc748c351110cafe4a94c9af2913a36ac079150a228d2277addf5cb,,1164,0.0,real,train,skipped,insufficient_space_below_eyebrows,/content/drive/MyDrive/AISC DeepFake Çalışmaları/Deneyler/Deney 1 Frame/Real/train/real_train_01164.jpg,Real/train/real_train_01164.jpg,/content/drive/MyDrive/AISC DeepFake Çalışmaları/Deneyler/Nazlıcan/Deney 1/Kaş/real/train/real_train_01164.jpg,real/train/real_train_01164.jpg,a1cb10ec8869997a148b17c9a7807a9c1ad46ec7ae7296c62c46ef5c828d8150,,20260806_142915_eyebrow_roi_seed42_b775dfb93f,2026-08-06T14:44:08.492429+00:00,640,480,,,1,,,,,,
f7a3fcf0d17c8057352513d4e12f6533db640f41bd48911ffbfebf44ab92e083,,1166,0.0,real,train,skipped,insufficient_space_below_eyebrows,/content/drive/MyDrive/AISC DeepFake Çalışmaları/Deneyler/Deney 1 Frame/Real/train/real_train_01166.jpg,Real/train/real_train_01166.jpg,/content/drive/MyDrive/AISC DeepFake Çalışmaları/Deneyler/Nazlıcan/Deney 1/Kaş/real/train/real_train_01166.jpg,real/train/real_train_01166.jpg,b2c6dc5951acd61876d37ee955fed05594615e8767ee6db6d5b5d51c95c92cd8,,20260806_142915_eyebrow_roi_seed42_b775dfb93f,2026-08-06T14:44:09.008818+00:00,1280,720,,,1,,,,,,
b155ff1dde21c3db19f8376bb5b5d38f4883e38df309a9ac4831af714ea79422,,1167,,real,train,skipped,face_not_found,/content/drive/MyDrive/AISC DeepFake Çalışmaları/Deneyler/Deney 1 Frame/Real/train/real_train_01167.jpg,Real/train/real_train_01167.jpg,/content/drive/MyDrive/AISC DeepFake Çalışmaları/Deneyler/Nazlıcan/Deney 1/Kaş/real/train/real_train_01167.jpg,real/train/real_train_01167.jpg,0dfc17ed7a3ec416dbc99dc265d2bcf8aa8e9405af873fc2c41fc3e0d7f0ffb0,,20260806_142915_eyebrow_roi_seed42_b775dfb93f,2026-08-06T14:44:09.420275+00:00,1280,720,,,0,,,,,,
03edfb83106d4294eb8debe87f73f1cf98c65f40b02179a39249d86b36e06986,,1168,0.0,real,train,skipped,insufficient_space_below_eyebrows,/content/drive/MyDrive/AISC DeepFake Çalışmaları/Deneyler/Deney 1 Frame/Real/train/real_train_01168.jpg,Real/train/real_train_01168.jpg,/content/drive/MyDrive/AISC DeepFake Çalışmaları/Deneyler/Nazlıcan/Deney 1/Kaş/real/train/real_train_01168.jpg,real/train/real_train_01168.jpg,ff825f1c397d1adf256d4cc16aaefcbe386f42c59952c1bbba9c1d700b2daa05,,20260806_142915_eyebrow_roi_seed42_b775dfb93f,2026-08-06T14:44:09.755805+00:00,640,480,,,1,,,,,,
115c467d336abd2b0018e894c24ffac30839f7f3c6c917984f7508dcf472e7d6,,1176,0.0,real,train,skipped,insufficient_space_below_eyebrows,/content/drive/MyDrive/AISC DeepFake Çalışmaları/Deneyler/Deney 1 Frame/Real/train/real_train_01176.jpg,Real/train/real_train_01176.jpg,/content/drive/MyDrive/AISC DeepFake Çalışmaları/Deneyler/Nazlıcan/Deney 1/Kaş/real/train/real_train_01176.jpg,real/train/real_train_01176.jpg,503f84917a4acc32da0fde4b532d9ffd6f4806e8382696abe01f82704a4eaea4,,20260806_142915_eyebrow_roi_seed42_b775dfb93f,2026-08-06T14:44:13.065442+00:00,1280,720,,,1,,,,,,
4a32b78bab53f5c98cd09566a905aeeb0560b54471d5ce8d334f4f4b236f9def,,1177,0.0,real,train,skipped,insufficient_space_below_eyebrows,/content/drive/MyDrive/AISC DeepFake Çalışmaları/Deneyler/Deney 1 Frame/Real/train/real_train_01177.jpg,Real/train/real_train_01177.jpg,/content/drive/MyDrive/AISC DeepFake Çalışmaları/Deneyler/Nazlıcan/Deney 1/Kaş/real/train/real_train_01177.jpg,real/train/real_train_01177.jpg,3025b6c94159bf92959e8e359aa82f19bd0704ed098e6ef5ea7e16d07281b8eb,,20260806_142915_eyebrow_roi_seed42_b775dfb93f,2026-08-06T14:44:13.356027+00:00,1280,720,,,1,,,,,,
0881aca751cbca2121f87532d25de604a0f99e98e036d0329c6ab94b71a39fae,,1183,0.0,real,train,skipped,insufficient_space_below_eyebrows,/content/drive/MyDrive/AISC DeepFake Çalışmaları/Deneyler/Deney 1 Frame/Real/train/real_train_01183.jpg,Real/train/real_train_01183.jpg,/content/drive/MyDrive/AISC DeepFake Çalışmaları/Deneyler/Nazlıcan/Deney 1/Kaş/real/train/real_train_01183.jpg,real/train/real_train_01183.jpg,95d04c169f2297ad52decc4472eed52f3d0caee714d0a7a5cbcc36c39ab47740,,20260806_142915_eyebrow_roi_seed42_b775dfb93f,2026-08-06T14:44:15.005938+00:00,640,480,,,1,,,,,,
eb5fb4769fa1384ede778918c66d72fc181d4606332fdcfe9bf162799d94b324,,1184,0.0,real,train,skipped,insufficient_space_below_eyebrows,/content/drive/MyDrive/AISC DeepFake Çalışmaları/Deneyler/Deney 1 Frame/Real/train/real_train_01184.jpg,Real/train/real_train_01184.jpg,/content/drive/MyDrive/AISC DeepFake Çalışmaları/Deneyler/Nazlıcan/Deney 1/Kaş/real/train/real_train_01184.jpg,real/train/real_train_01184.jpg,1e68b63f243b295b510484fb177234b682b632877e88ba7314a67a38d73cb44c,,20260806_142915_eyebrow_roi_seed42_b775dfb93f,2026-08-06T14:44:15.192389+00:00,1920,1080,,,1,,,,,,
ab6631adbc1358d3f6ca700f83bfa7f1c1f24a1e09ecdf5ba4228456c6018857,,1185,0.0,real,train,skipped,insufficient_space_below_eyebrows,/content/drive/MyDrive/AISC DeepFake Çalışmaları/Deneyler/Deney 1 Frame/Real/train/real_train_01185.jpg,Real/train/real_train_01185.jpg,/content/drive/MyDrive/AISC DeepFake Çalışmaları/Deneyler/Nazlıcan/Deney 1/Kaş/real/train/real_train_01185.jpg,real/train/real_train_01185.jpg,f9ea3a07133eb357ca5d502ab7b75a53121afd3875ea87511a57be0cf919d0fc,,20260806_142915_eyebrow_roi_seed42_b775dfb93f,2026-08-06T14:44:15.562147+00:00,1280,720,,,1,,,,,,
b16758296f2b8ba07258213c4652dff271ac5a7840923a7a0fe856398eb6b4c4,,1194,0.0,real,train,skipped,insufficient_space_below_eyebrows,/content/drive/MyDrive/AISC DeepFake Çalışmaları/Deneyler/Deney 1 Frame/Real/train/real_train_01194.jpg,Real/train/real_train_01194.jpg,/content/drive/MyDrive/AISC DeepFake Çalışmaları/Deneyler/Nazlıcan/Deney 1/Kaş/real/train/real_train_01194.jpg,real/train/real_train_01194.jpg,c1c39902319628cc567e0ad1a9b378d28e1994e352b3058610ee7dacb6855d33,,20260806_142915_eyebrow_roi_seed42_b775dfb93f,2026-08-06T14:44:18.628034+00:00,640,480,,,1,,,,,,
751634d3f6b9e32df9e06693d60a3212030a9f4d41cb3be1c33b3a160cba6d72,,0,0.0,real,val,skipped,insufficient_space_below_eyebrows,/content/drive/MyDrive/AISC DeepFake Çalışmaları/Deneyler/Deney 1 Frame/Real/val/real_val_00000.jpg,Real/val/real_val_00000.jpg,/content/drive/MyDrive/AISC DeepFake Çalışmaları/Deneyler/Nazlıcan/Deney 1/Kaş/real/val/real_val_00000.jpg,real/val/real_val_00000.jpg,c3f3d9139efada18b7e16960a5adb3e79512a87ead4e0fe930225911af552812,,20260806_142915_eyebrow_roi_seed42_b775dfb93f,2026-08-06T14:44:20.521911+00:00,1280,720,,,1,,,,,,
262106d85c131b1caae4119ea16f5e95faf4828ee6b9b52fccc779f1fc90a877,,1,0.0,real,val,skipped,insufficient_space_below_eyebrows,/content/drive/MyDrive/AISC DeepFake Çalışmaları/Deneyler/Deney 1 Frame/Real/val/real_val_00001.jpg,Real/val/real_val_00001.jpg,/content/drive/MyDrive/AISC DeepFake Çalışmaları/Deneyler/Nazlıcan/Deney 1/Kaş/real/val/real_val_00001.jpg,real/val/real_val_00001.jpg,38edc2b939840dce45897bdafe42750aa74816652f7117bdf6c0cbe9d9d5ed16,,20260806_142915_eyebrow_roi_seed42_b775dfb93f,2026-08-06T14:44:20.808658+00:00,640,480,,,1,,,,,,
70c29047fdf04a994cfcf27c3609c1fa7a8cbcd52c0827965f7eb0d3a791bb49,,10,0.0,real,val,skipped,insufficient_space_below_eyebrows,/content/drive/MyDrive/AISC DeepFake Çalışmaları/Deneyler/Deney 1 Frame/Real/val/real_val_00010.jpg,Real/val/real_val_00010.jpg,/content/drive/MyDrive/AISC DeepFake Çalışmaları/Deneyler/Nazlıcan/Deney 1/Kaş/real/val/real_val_00010.jpg,real/val/real_val_00010.jpg,f68c7addca79a3a41df12468a5f08335caea105f0c69bd7aaf677a6894d3b48f,,20260806_142915_eyebrow_roi_seed42_b775dfb93f,2026-08-06T14:44:25.675142+00:00,600,480,,,1,,,,,,
4ba7d90fc30f7e255fc51118ebfdc40333745a72c222960c320a1f2837067fa4,,13,0.0,real,val,skipped,insufficient_space_below_eyebrows,/content/drive/MyDrive/AISC DeepFake Çalışmaları/Deneyler/Deney 1 Frame/Real/val/real_val_00013.jpg,Real/val/real_val_00013.jpg,/content/drive/MyDrive/AISC DeepFake Çalışmaları/Deneyler/Nazlıcan/Deney 1/Kaş/real/val/real_val_00013.jpg,real/val/real_val_00013.jpg,1dd24c6b02def9a82140701e0adcfd56534a85565e296755089fce9ed16f4935,,20260806_142915_eyebrow_roi_seed42_b775dfb93f,2026-08-06T14:44:26.471926+00:00,656,480,,,1,,,,,,
b5630f693430d55bf5cfdb51ee0b434eb86e57b3c006f90493f13b96b2f99b4e,,14,0.0,real,val,skipped,insufficient_space_below_eyebrows,/content/drive/MyDrive/AISC DeepFake Çalışmaları/Deneyler/Deney 1 Frame/Real/val/real_val_00014.jpg,Real/val/real_val_00014.jpg,/content/drive/MyDrive/AISC DeepFake Çalışmaları/Deneyler/Nazlıcan/Deney 1/Kaş/real/val/real_val_00014.jpg,real/val/real_val_00014.jpg,e24729843be50f47495a41cdeef7832dd5572742f067fd0abbaf220168052e99,,20260806_142915_eyebrow_roi_seed42_b775dfb93f,2026-08-06T14:44:26.704943+00:00,854,480,,,1,,,,,,
a040c3bb6dcecbcd971bd13b9c92741d8ca06ecc1c5ccd2876ae1018eeb1a385,,17,0.0,real,val,skipped,insufficient_space_below_eyebrows,/content/drive/MyDrive/AISC DeepFake Çalışmaları/Deneyler/Deney 1 Frame/Real/val/real_val_00017.jpg,Real/val/real_val_00017.jpg,/content/drive/MyDrive/AISC DeepFake Çalışmaları/Deneyler/Nazlıcan/Deney 1/Kaş/real/val/real_val_00017.jpg,real/val/real_val_00017.jpg,c5a2ed98e9a2bc0fcbf1f0b0f1b91770861aedb2bdc2705d3e98ce152f5ce643,,20260806_142915_eyebrow_roi_seed42_b775dfb93f,2026-08-06T14:44:28.230220+00:00,1280,720,,,1,,,,,,
f2f48aa319179ee9f39904fd12fef0efab0b0f421239f52eaa55eb425efe3349,,18,0.0,real,val,skipped,insufficient_space_below_eyebrows,/content/drive/MyDrive/AISC DeepFake Çalışmaları/Deneyler/Deney 1 Frame/Real/val/real_val_00018.jpg,Real/val/real_val_00018.jpg,/content/drive/MyDrive/AISC DeepFake Çalışmaları/Deneyler/Nazlıcan/Deney 1/Kaş/real/val/real_val_00018.jpg,real/val/real_val_00018.jpg,5f65946f808d18bd08455367a6b85d6d9e91b15e7dba6b6e034d0e2255708df7,,20260806_142915_eyebrow_roi_seed42_b775dfb93f,2026-08-06T14:44:28.522101+00:00,1920,1080,,,1,,,,,,
1ad7254b02fc71dbb3614ef7ff134faa3f571a0924fc79eb9e9602e38aed1943,,29,0.0,real,val,skipped,insufficient_space_below_eyebrows,/content/drive/MyDrive/AISC DeepFake Çalışmaları/Deneyler/Deney 1 Frame/Real/val/real_val_00029.jpg,Real/val/real_val_00029.jpg,/content/drive/MyDrive/AISC DeepFake Çalışmaları/Deneyler/Nazlıcan/Deney 1/Kaş/real/val/real_val_00029.jpg,real/val/real_val_00029.jpg,c2fa553f236d31d245d6f0abb0c38c0b6dfa350e9f8700013caac572c81cf1c4,,20260806_142915_eyebrow_roi_seed42_b775dfb93f,2026-08-06T14:44:31.946480+00:00,1280,720,,,1,,,,,,
9e14734f57f32ef278a1122b8f08a9c2e8977c08d9ea830ace354ee274ace330,,30,0.0,real,val,skipped,insufficient_space_below_eyebrows,/content/drive/MyDrive/AISC DeepFake Çalışmaları/Deneyler/Deney 1 Frame/Real/val/real_val_00030.jpg,Real/val/real_val_00030.jpg,/content/drive/MyDrive/AISC DeepFake Çalışmaları/Deneyler/Nazlıcan/Deney 1/Kaş/real/val/real_val_00030.jpg,real/val/real_val_00030.jpg,34d0f0bc9ca617df5f4932f436d0057315ec474efc448e9e9a300e293c9dfff8,,20260806_142915_eyebrow_roi_seed42_b775dfb93f,2026-08-06T14:44:32.287243+00:00,642,480,,,1,,,,,,
4ca103541910a267ff29c5bce8404aa88bdac2196d47c47c0ce87f90fbb5b838,,33,0.0,real,val,skipped,insufficient_space_below_eyebrows,/content/drive/MyDrive/AISC DeepFake Çalışmaları/Deneyler/Deney 1 Frame/Real/val/real_val_00033.jpg,Real/val/real_val_00033.jpg,/content/drive/MyDrive/AISC DeepFake Çalışmaları/Deneyler/Nazlıcan/Deney 1/Kaş/real/val/real_val_00033.jpg,real/val/real_val_00033.jpg,dbe5c7c2888030c3826614d7020b3b4992ba012721340544188b6305727b0c4e,,20260806_142915_eyebrow_roi_seed42_b775dfb93f,2026-08-06T14:44:33.185466+00:00,640,480,,,1,,,,,,
df9c9ce5eee33a7f22fc6f746a8c9adffdb3c8fdfd7370df5bd7b998035d2967,,37,0.0,real,val,skipped,insufficient_space_below_eyebrows,/content/drive/MyDrive/AISC DeepFake Çalışmaları/Deneyler/Deney 1 Frame/Real/val/real_val_00037.jpg,Real/val/real_val_00037.jpg,/content/drive/MyDrive/AISC DeepFake Çalışmaları/Deneyler/Nazlıcan/Deney 1/Kaş/real/val/real_val_00037.jpg,real/val/real_val_00037.jpg,455a85d37cb56f590dbb8ce77f26516f0df783cfceec1b106051b2eeb50ad744,,20260806_142915_eyebrow_roi_seed42_b775dfb93f,2026-08-06T14:44:34.602085+00:00,720,480,,,1,,,,,,
b82af0481769a6280b4b56cbaab9a8fc62abf1a78643717f17d707039d3d7507,,46,0.0,real,val,skipped,insufficient_space_below_eyebrows,/content/drive/MyDrive/AISC DeepFake Çalışmaları/Deneyler/Deney 1 Frame/Real/val/real_val_00046.jpg,Real/val/real_val_00046.jpg,/content/drive/MyDrive/AISC DeepFake Çalışmaları/Deneyler/Nazlıcan/Deney 1/Kaş/real/val/real_val_00046.jpg,real/val/real_val_00046.jpg,31276f4c8844244a742ad1e3b97724c964d82dd6f3611648b1f27e62d62dfa30,,20260806_142915_eyebrow_roi_seed42_b775dfb93f,2026-08-06T14:44:37.772965+00:00,1280,720,,,1,,,,,,
e0d304b52f64cde1300c98d9814074ee3cd734fdd2136848817b6f3bb483172e,,57,0.0,real,val,skipped,insufficient_space_below_eyebrows,/content/drive/MyDrive/AISC DeepFake Çalışmaları/Deneyler/Deney 1 Frame/Real/val/real_val_00057.jpg,Real/val/real_val_00057.jpg,/content/drive/MyDrive/AISC DeepFake Çalışmaları/Deneyler/Nazlıcan/Deney 1/Kaş/real/val/real_val_00057.jpg,real/val/real_val_00057.jpg,b361e1f2dddc1ec3421590a705ee4a87c0b70275b02a6c218b72ee49862ad152,,20260806_142915_eyebrow_roi_seed42_b775dfb93f,2026-08-06T14:44:41.778467+00:00,656,480,,,1,,,,,,
4fa53e6e079af8a3a545912eeb08adccdff805e4f75915e77433fdbe402f5166,,63,0.0,real,val,skipped,insufficient_space_below_eyebrows,/content/drive/MyDrive/AISC DeepFake Çalışmaları/Deneyler/Deney 1 Frame/Real/val/real_val_00063.jpg,Real/val/real_val_00063.jpg,/content/drive/MyDrive/AISC DeepFake Çalışmaları/Deneyler/Nazlıcan/Deney 1/Kaş/real/val/real_val_00063.jpg,real/val/real_val_00063.jpg,cb2ad2b4a4545a2dc1035f548b65d8388eccb48d4df4294d0b6695790de8f6fd,,20260806_142915_eyebrow_roi_seed42_b775dfb93f,2026-08-06T14:44:43.418951+00:00,656,480,,,1,,,,,,
ec4be1f0e11b366f5603e6962af43ad63ed25ecdc63665ee1dc1bbd5fe7594f0,,65,0.0,real,val,skipped,insufficient_space_below_eyebrows,/content/drive/MyDrive/AISC DeepFake Çalışmaları/Deneyler/Deney 1 Frame/Real/val/real_val_00065.jpg,Real/val/real_val_00065.jpg,/content/drive/MyDrive/AISC DeepFake Çalışmaları/Deneyler/Nazlıcan/Deney 1/Kaş/real/val/real_val_00065.jpg,real/val/real_val_00065.jpg,bdbba710cd8c1037f8417c0b8e87c75e35a6af463559d84fcb4c10e265223ad2,,20260806_142915_eyebrow_roi_seed42_b775dfb93f,2026-08-06T14:44:43.726396+00:00,720,480,,,1,,,,,,
9a4155341b6c389a8feeb8c5134be1bd7fad84247ca5cf1a011941ab68618cd1,,72,0.0,real,val,skipped,insufficient_space_below_eyebrows,/content/drive/MyDrive/AISC DeepFake Çalışmaları/Deneyler/Deney 1 Frame/Real/val/real_val_00072.jpg,Real/val/real_val_00072.jpg,/content/drive/MyDrive/AISC DeepFake Çalışmaları/Deneyler/Nazlıcan/Deney 1/Kaş/real/val/real_val_00072.jpg,real/val/real_val_00072.jpg,ef0d1efde9da5e3b806776ad06ae05a23f359a604de6925cfd6775a1a616b413,,20260806_142915_eyebrow_roi_seed42_b775dfb93f,2026-08-06T14:44:45.993449+00:00,656,480,,,1,,,,,,
72421083f55cd58563742938c4cedb584f91642d89bdc641ac1a0bf5fca147ab,,75,0.0,real,val,skipped,insufficient_space_below_eyebrows,/content/drive/MyDrive/AISC DeepFake Çalışmaları/Deneyler/Deney 1 Frame/Real/val/real_val_00075.jpg,Real/val/real_val_00075.jpg,/content/drive/MyDrive/AISC DeepFake Çalışmaları/Deneyler/Nazlıcan/Deney 1/Kaş/real/val/real_val_00075.jpg,real/val/real_val_00075.jpg,4f64de9651fda944dc020e55fd9d8401bc2b4828ebc90b2cb425ee647e8c7057,,20260806_142915_eyebrow_roi_seed42_b775dfb93f,2026-08-06T14:44:47.253258+00:00,1280,720,,,1,,,,,,
bd2db681d52686b9d33eed15e87c9e9039a57d26c09f182303467fc547880626,,78,0.0,real,val,skipped,insufficient_space_below_eyebrows,/content/drive/MyDrive/AISC DeepFake Çalışmaları/Deneyler/Deney 1 Frame/Real/val/real_val_00078.jpg,Real/val/real_val_00078.jpg,/content/drive/MyDrive/AISC DeepFake Çalışmaları/Deneyler/Nazlıcan/Deney 1/Kaş/real/val/real_val_00078.jpg,real/val/real_val_00078.jpg,ec21a0cab3c42f0b131ed983ce374fd1d6f421f4965f5d8b72553e0d8b700002,,20260806_142915_eyebrow_roi_seed42_b775dfb93f,2026-08-06T14:44:48.144465+00:00,600,480,,,1,,,,,,
e63299a3f6934b752d7fd0bef49813b24114a624843619299cd6effa9b584ebd,,83,0.0,real,val,skipped,insufficient_space_below_eyebrows,/content/drive/MyDrive/AISC DeepFake Çalışmaları/Deneyler/Deney 1 Frame/Real/val/real_val_00083.jpg,Real/val/real_val_00083.jpg,/content/drive/MyDrive/AISC DeepFake Çalışmaları/Deneyler/Nazlıcan/Deney 1/Kaş/real/val/real_val_00083.jpg,real/val/real_val_00083.jpg,d3374f6492d1df02882e9b0941785d372136812878bfed185d1d2c292e61af62,,20260806_142915_eyebrow_roi_seed42_b775dfb93f,2026-08-06T14:44:49.599880+00:00,656,480,,,1,,,,,,
517fe0c27d50783d1dc04bdf6ac9c6209a7a3d1217121b85e2a47a88ac29700e,,86,0.0,real,val,skipped,insufficient_space_below_eyebrows,/content/drive/MyDrive/AISC DeepFake Çalışmaları/Deneyler/Deney 1 Frame/Real/val/real_val_00086.jpg,Real/val/real_val_00086.jpg,/content/drive/MyDrive/AISC DeepFake Çalışmaları/Deneyler/Nazlıcan/Deney 1/Kaş/real/val/real_val_00086.jpg,real/val/real_val_00086.jpg,b83b26266ce59a5a66c793b22a0b0867bed20ed8d5ce0137a2278f6370a0e4ac,,20260806_142915_eyebrow_roi_seed42_b775dfb93f,2026-08-06T14:44:50.133302+00:00,640,480,,,1,,,,,,
6d934123a0b1de07df1fcf7efee9cf47b0df7d8514e2fc3fe37d83172641a381,,89,,real,val,skipped,multiple_faces_detected:2,/content/drive/MyDrive/AISC DeepFake Çalışmaları/Deneyler/Deney 1 Frame/Real/val/real_val_00089.jpg,Real/val/real_val_00089.jpg,/content/drive/MyDrive/AISC DeepFake Çalışmaları/Deneyler/Nazlıcan/Deney 1/Kaş/real/val/real_val_00089.jpg,real/val/real_val_00089.jpg,e1b72e9cbb1f03e6986f9d73c617db43915814c92c90f2e62e055a81c154d9ce,,20260806_142915_eyebrow_roi_seed42_b775dfb93f,2026-08-06T14:44:51.085683+00:00,1920,1080,,,2,,,,,,
ef2b0a03273486e83e30a4635415d855aa7170b0ac2b14811d7ec3ad9c90a3c7,,97,,real,val,skipped,multiple_faces_detected:2,/content/drive/MyDrive/AISC DeepFake Çalışmaları/Deneyler/Deney 1 Frame/Real/val/real_val_00097.jpg,Real/val/real_val_00097.jpg,/content/drive/MyDrive/AISC DeepFake Çalışmaları/Deneyler/Nazlıcan/Deney 1/Kaş/real/val/real_val_00097.jpg,real/val/real_val_00097.jpg,d0f99352995c5d40ff8cb302488151fc65b741c2db633d514458001431214f26,,20260806_142915_eyebrow_roi_seed42_b775dfb93f,2026-08-06T14:44:53.865227+00:00,1920,1080,,,2,,,,,,
e3a5c62b42e656fd0cc8bdb8ac00a5ef09ce23eefa4be2639e5f7c639bb9eca0,,100,0.0,real,val,skipped,insufficient_space_below_eyebrows,/content/drive/MyDrive/AISC DeepFake Çalışmaları/Deneyler/Deney 1 Frame/Real/val/real_val_00100.jpg,Real/val/real_val_00100.jpg,/content/drive/MyDrive/AISC DeepFake Çalışmaları/Deneyler/Nazlıcan/Deney 1/Kaş/real/val/real_val_00100.jpg,real/val/real_val_00100.jpg,a2f6b369adc4e53e7e90318acb94175f1170a15a8e08e6a94993c4971cd6dbce,,20260806_142915_eyebrow_roi_seed42_b775dfb93f,2026-08-06T14:44:55.016638+00:00,854,480,,,1,,,,,,
b1c285dcbef5f5941a7a2599c68476575b19c486a797cdd5a03201b2dece28ae,,101,0.0,real,val,skipped,insufficient_space_below_eyebrows,/content/drive/MyDrive/AISC DeepFake Çalışmaları/Deneyler/Deney 1 Frame/Real/val/real_val_00101.jpg,Real/val/real_val_00101.jpg,/content/drive/MyDrive/AISC DeepFake Çalışmaları/Deneyler/Nazlıcan/Deney 1/Kaş/real/val/real_val_00101.jpg,real/val/real_val_00101.jpg,40d357da1ff71e1fe60aa93c4af6ce5fd6fa1d16114077a75cf59811bd241588,,20260806_142915_eyebrow_roi_seed42_b775dfb93f,2026-08-06T14:44:55.245643+00:00,1280,720,,,1,,,,,,
433c89ba9b140bd4f38b8152e4b55ab2b3bdf95015124e00f2bb0c40ed437bbc,,107,0.0,real,val,skipped,insufficient_space_below_eyebrows,/content/drive/MyDrive/AISC DeepFake Çalışmaları/Deneyler/Deney 1 Frame/Real/val/real_val_00107.jpg,Real/val/real_val_00107.jpg,/content/drive/MyDrive/AISC DeepFake Çalışmaları/Deneyler/Nazlıcan/Deney 1/Kaş/real/val/real_val_00107.jpg,real/val/real_val_00107.jpg,1651f87615a68d9742a82e896f409f980f60ab6d655c4f284d011725a8adf157,,20260806_142915_eyebrow_roi_seed42_b775dfb93f,2026-08-06T14:44:56.978315+00:00,640,480,,,1,,,,,,
041fed1794cfd269dcfd09b9c16126149ef1b6657bf89f38433331493b81229e,,110,0.0,real,val,skipped,insufficient_space_below_eyebrows,/content/drive/MyDrive/AISC DeepFake Çalışmaları/Deneyler/Deney 1 Frame/Real/val/real_val_00110.jpg,Real/val/real_val_00110.jpg,/content/drive/MyDrive/AISC DeepFake Çalışmaları/Deneyler/Nazlıcan/Deney 1/Kaş/real/val/real_val_00110.jpg,real/val/real_val_00110.jpg,5ed46a11f1551903fa30ec67a39660fbb296f7712eaafee496476fc0c5934d1a,,20260806_142915_eyebrow_roi_seed42_b775dfb93f,2026-08-06T14:44:57.989353+00:00,854,480,,,1,,,,,,
9d009640e46cb1689add677c77e9d98f01ed724dfe2c3660dd23dd4185d166ac,,117,0.0,real,val,skipped,insufficient_space_below_eyebrows,/content/drive/MyDrive/AISC DeepFake Çalışmaları/Deneyler/Deney 1 Frame/Real/val/real_val_00117.jpg,Real/val/real_val_00117.jpg,/content/drive/MyDrive/AISC DeepFake Çalışmaları/Deneyler/Nazlıcan/Deney 1/Kaş/real/val/real_val_00117.jpg,real/val/real_val_00117.jpg,a2e0bcc845e69411709d7ed8c9514576f132649fa397950ec840ee1f9c71e4b0,,20260806_142915_eyebrow_roi_seed42_b775dfb93f,2026-08-06T14:45:00.381223+00:00,640,480,,,1,,,,,,
3d139877420a6162a713fb830676229109d5e59710a14603dabb5e97bef28685,,119,0.0,real,val,skipped,insufficient_space_below_eyebrows,/content/drive/MyDrive/AISC DeepFake Çalışmaları/Deneyler/Deney 1 Frame/Real/val/real_val_00119.jpg,Real/val/real_val_00119.jpg,/content/drive/MyDrive/AISC DeepFake Çalışmaları/Deneyler/Nazlıcan/Deney 1/Kaş/real/val/real_val_00119.jpg,real/val/real_val_00119.jpg,ee1a0cf3845e87dd7f7c87a43ac886321d765592510720e3630ea52469f2ffc8,,20260806_142915_eyebrow_roi_seed42_b775dfb93f,2026-08-06T14:45:00.907636+00:00,854,480,,,1,,,,,,
a6527f066d19d009925878f85a95536a0f51282d821c647ddd31188ac49a2e66,,121,0.0,real,val,skipped,right_eye_center_inside_roi,/content/drive/MyDrive/AISC DeepFake Çalışmaları/Deneyler/Deney 1 Frame/Real/val/real_val_00121.jpg,Real/val/real_val_00121.jpg,/content/drive/MyDrive/AISC DeepFake Çalışmaları/Deneyler/Nazlıcan/Deney 1/Kaş/real/val/real_val_00121.jpg,real/val/real_val_00121.jpg,8482ecc464f83b2b182b02f9813502cf62b182cc79bc6be2485c5d69c379178b,,20260806_142915_eyebrow_roi_seed42_b775dfb93f,2026-08-06T14:45:01.478444+00:00,656,480,,,1,,,,,,
170d56cddbe96bdb164fe571d0f07e9011e5aa48ed93b0c3d0f193875b6b89a5,,122,0.0,real,val,skipped,insufficient_space_below_eyebrows,/content/drive/MyDrive/AISC DeepFake Çalışmaları/Deneyler/Deney 1 Frame/Real/val/real_val_00122.jpg,Real/val/real_val_00122.jpg,/content/drive/MyDrive/AISC DeepFake Çalışmaları/Deneyler/Nazlıcan/Deney 1/Kaş/real/val/real_val_00122.jpg,real/val/real_val_00122.jpg,0e756f6cf1d38733111ea547e0c3b9e2f7bbd7437a15cf4734187d1aef2be315,,20260806_142915_eyebrow_roi_seed42_b775dfb93f,2026-08-06T14:45:01.916499+00:00,1280,720,,,1,,,,,,
992fbc4d2ff8406538abed0d50e052b06d5eb94513a5c2492aeea1bbc9992ad7,,123,0.0,real,val,skipped,insufficient_space_below_eyebrows,/content/drive/MyDrive/AISC DeepFake Çalışmaları/Deneyler/Deney 1 Frame/Real/val/real_val_00123.jpg,Real/val/real_val_00123.jpg,/content/drive/MyDrive/AISC DeepFake Çalışmaları/Deneyler/Nazlıcan/Deney 1/Kaş/real/val/real_val_00123.jpg,real/val/real_val_00123.jpg,3178f71e7da5613f52680473331a595f3405e124bd45b389a1f34731ce079436,,20260806_142915_eyebrow_roi_seed42_b775dfb93f,2026-08-06T14:45:02.290137+00:00,640,480,,,1,,,,,,
c68e3ef801694d0c9cc4d7fa2169a44b2a25e124227c0fbe0adb7d3a289f62b5,,125,0.0,real,val,skipped,insufficient_space_below_eyebrows,/content/drive/MyDrive/AISC DeepFake Çalışmaları/Deneyler/Deney 1 Frame/Real/val/real_val_00125.jpg,Real/val/real_val_00125.jpg,/content/drive/MyDrive/AISC DeepFake Çalışmaları/Deneyler/Nazlıcan/Deney 1/Kaş/real/val/real_val_00125.jpg,real/val/real_val_00125.jpg,801e03b398ed5bcb07d951331dd4f7733926ab665086b145ccda1e8236a6d5db,,20260806_142915_eyebrow_roi_seed42_b775dfb93f,2026-08-06T14:45:02.971658+00:00,1280,720,,,1,,,,,,
9515af25eb640870d5880a1845f39e574216089dac093f56bef2904cf2c65c1a,,128,0.0,real,val,skipped,insufficient_space_below_eyebrows,/content/drive/MyDrive/AISC DeepFake Çalışmaları/Deneyler/Deney 1 Frame/Real/val/real_val_00128.jpg,Real/val/real_val_00128.jpg,/content/drive/MyDrive/AISC DeepFake Çalışmaları/Deneyler/Nazlıcan/Deney 1/Kaş/real/val/real_val_00128.jpg,real/val/real_val_00128.jpg,ed870190228b71d79f5ec3bb0498610eb98d36252b760456997f966b6ac8ac9e,,20260806_142915_eyebrow_roi_seed42_b775dfb93f,2026-08-06T14:45:04.157209+00:00,1280,720,,,1,,,,,,
bcea621c9f437978c60d67acfaa3e6deba7cb3d5f7126ea4c052d95b55160582,,129,0.0,real,val,skipped,insufficient_space_below_eyebrows,/content/drive/MyDrive/AISC DeepFake Çalışmaları/Deneyler/Deney 1 Frame/Real/val/real_val_00129.jpg,Real/val/real_val_00129.jpg,/content/drive/MyDrive/AISC DeepFake Çalışmaları/Deneyler/Nazlıcan/Deney 1/Kaş/real/val/real_val_00129.jpg,real/val/real_val_00129.jpg,bc95127178c4bff01cf5b630754177f184a7c73761a336161376280f3cd26a5f,,20260806_142915_eyebrow_roi_seed42_b775dfb93f,2026-08-06T14:45:04.421274+00:00,854,480,,,1,,,,,,
556fb1780a5f84bf496fef6455f47364440f35ed21ac0cc66bfe0bde7c627857,,130,0.0,real,val,skipped,insufficient_space_below_eyebrows,/content/drive/MyDrive/AISC DeepFake Çalışmaları/Deneyler/Deney 1 Frame/Real/val/real_val_00130.jpg,Real/val/real_val_00130.jpg,/content/drive/MyDrive/AISC DeepFake Çalışmaları/Deneyler/Nazlıcan/Deney 1/Kaş/real/val/real_val_00130.jpg,real/val/real_val_00130.jpg,d4d2e234ac84df12f88a3e244fc46cf212ea766e7e6d3d4adad1fa06bd376478,,20260806_142915_eyebrow_roi_seed42_b775dfb93f,2026-08-06T14:45:04.783835+00:00,1280,720,,,1,,,,,,
9821f5e445de70ae55efcabe576f2630248c80faa7d22d0dd5b897ee66d27c8a,,131,0.0,real,val,skipped,insufficient_space_below_eyebrows,/content/drive/MyDrive/AISC DeepFake Çalışmaları/Deneyler/Deney 1 Frame/Real/val/real_val_00131.jpg,Real/val/real_val_00131.jpg,/content/drive/MyDrive/AISC DeepFake Çalışmaları/Deneyler/Nazlıcan/Deney 1/Kaş/real/val/real_val_00131.jpg,real/val/real_val_00131.jpg,7ae77421a02224cb4557dbe3cda528e9c896264a8a3e5493713f194b3e6f888c,,20260806_142915_eyebrow_roi_seed42_b775dfb93f,2026-08-06T14:45:05.159972+00:00,656,480,,,1,,,,,,
667ea9d756e49885d6ffd3adbb8d5f0c520ca59a473436ffd4741f0a6da06c67,,133,0.0,real,val,skipped,insufficient_space_below_eyebrows,/content/drive/MyDrive/AISC DeepFake Çalışmaları/Deneyler/Deney 1 Frame/Real/val/real_val_00133.jpg,Real/val/real_val_00133.jpg,/content/drive/MyDrive/AISC DeepFake Çalışmaları/Deneyler/Nazlıcan/Deney 1/Kaş/real/val/real_val_00133.jpg,real/val/real_val_00133.jpg,9bf62d4244b85aa83a3d92da98cd02134e4b42718197c5e0d33be59115d858d2,,20260806_142915_eyebrow_roi_seed42_b775dfb93f,2026-08-06T14:45:06.047287+00:00,1280,720,,,1,,,,,,
3210751417fcf3c1044f9d5e05b91adb0ab264d6f0154a001377aafa6b44e63a,,134,0.0,real,val,skipped,insufficient_space_below_eyebrows,/content/drive/MyDrive/AISC DeepFake Çalışmaları/Deneyler/Deney 1 Frame/Real/val/real_val_00134.jpg,Real/val/real_val_00134.jpg,/content/drive/MyDrive/AISC DeepFake Çalışmaları/Deneyler/Nazlıcan/Deney 1/Kaş/real/val/real_val_00134.jpg,real/val/real_val_00134.jpg,4696d41710548ba57ef34766dc429cab24bc4ea4040877ac04ec131de038f75e,,20260806_142915_eyebrow_roi_seed42_b775dfb93f,2026-08-06T14:45:06.275509+00:00,854,480,,,1,,,,,,
779507c18a608448b0a946615710983170f24c3c4ab13fd559bbe354c7846d66,,140,0.0,real,val,skipped,insufficient_space_below_eyebrows,/content/drive/MyDrive/AISC DeepFake Çalışmaları/Deneyler/Deney 1 Frame/Real/val/real_val_00140.jpg,Real/val/real_val_00140.jpg,/content/drive/MyDrive/AISC DeepFake Çalışmaları/Deneyler/Nazlıcan/Deney 1/Kaş/real/val/real_val_00140.jpg,real/val/real_val_00140.jpg,500019783e7d74be983e120725d29ce1908aaa88faeb8476d040e44d2a5df89a,,20260806_142915_eyebrow_roi_seed42_b775dfb93f,2026-08-06T14:45:07.929739+00:00,1280,720,,,1,,,,,,
3e3a6ebcba90b593c0374c2472beec1e29570fb5e4812c013b725642b3875596,,141,0.0,real,val,skipped,insufficient_space_below_eyebrows,/content/drive/MyDrive/AISC DeepFake Çalışmaları/Deneyler/Deney 1 Frame/Real/val/real_val_00141.jpg,Real/val/real_val_00141.jpg,/content/drive/MyDrive/AISC DeepFake Çalışmaları/Deneyler/Nazlıcan/Deney 1/Kaş/real/val/real_val_00141.jpg,real/val/real_val_00141.jpg,ea97c1064671629e93140b71ba8f65edf30e45f9f71cec0550d6f1e4892e20b9,,20260806_142915_eyebrow_roi_seed42_b775dfb93f,2026-08-06T14:45:08.382520+00:00,640,480,,,1,,,,,,
ce9f5e7ec21639a6afa30a719799f86ca199d12525162c269c21f985bf7f29d3,,142,0.0,real,val,skipped,insufficient_space_below_eyebrows,/content/drive/MyDrive/AISC DeepFake Çalışmaları/Deneyler/Deney 1 Frame/Real/val/real_val_00142.jpg,Real/val/real_val_00142.jpg,/content/drive/MyDrive/AISC DeepFake Çalışmaları/Deneyler/Nazlıcan/Deney 1/Kaş/real/val/real_val_00142.jpg,real/val/real_val_00142.jpg,51bba6df81f3e1885212ab88ba85630faaf13ae9e472faa91fd307023268a11c,,20260806_142915_eyebrow_roi_seed42_b775dfb93f,2026-08-06T14:45:08.595495+00:00,644,480,,,1,,,,,,
b2a97c799dccd8635b46e8aaedd4a105ced3876909388e734da34f3c4c305e6e,,145,0.0,real,val,skipped,insufficient_space_below_eyebrows,/content/drive/MyDrive/AISC DeepFake Çalışmaları/Deneyler/Deney 1 Frame/Real/val/real_val_00145.jpg,Real/val/real_val_00145.jpg,/content/drive/MyDrive/AISC DeepFake Çalışmaları/Deneyler/Nazlıcan/Deney 1/Kaş/real/val/real_val_00145.jpg,real/val/real_val_00145.jpg,f50bb8f11204db576b028ac87be90f57c7f9ef6e182d7d9860679ef19c2c377e,,20260806_142915_eyebrow_roi_seed42_b775dfb93f,2026-08-06T14:45:09.406360+00:00,1280,720,,,1,,,,,,
46b3eeb66b52e71cb862e6d1d65d382aec35658466c205bd54b03c1835fe0f5f,,148,,real,val,skipped,multiple_faces_detected:2,/content/drive/MyDrive/AISC DeepFake Çalışmaları/Deneyler/Deney 1 Frame/Real/val/real_val_00148.jpg,Real/val/real_val_00148.jpg,/content/drive/MyDrive/AISC DeepFake Çalışmaları/Deneyler/Nazlıcan/Deney 1/Kaş/real/val/real_val_00148.jpg,real/val/real_val_00148.jpg,862a114ef35a5c9c5e0a154b914b1ddd165ea5e62ee92cf3d5ebdc08a355a087,,20260806_142915_eyebrow_roi_seed42_b775dfb93f,2026-08-06T14:45:10.556809+00:00,656,480,,,2,,,,,,
d8fa010cdb714748793fa5ee5f272a87988572764dd9ccd1a9df16f61b8d3b3c,,149,0.0,real,val,skipped,insufficient_space_below_eyebrows,/content/drive/MyDrive/AISC DeepFake Çalışmaları/Deneyler/Deney 1 Frame/Real/val/real_val_00149.jpg,Real/val/real_val_00149.jpg,/content/drive/MyDrive/AISC DeepFake Çalışmaları/Deneyler/Nazlıcan/Deney 1/Kaş/real/val/real_val_00149.jpg,real/val/real_val_00149.jpg,deed2519d8d3015f961ff1c1943c2b89ae91f0386d423602fa7fba68e9c85d9b,,20260806_142915_eyebrow_roi_seed42_b775dfb93f,2026-08-06T14:45:10.914244+00:00,720,480,,,1,,,,,,
