path,class_name,label,split,video_id
/content/drive/MyDrive/AISC DeepFake Çalışmaları/Deneyler/Nazlıcan/Deney 1/Kaş/real/train/real_train_00000.jpg,real,0,train,real_train_00000
/content/drive/MyDrive/AISC DeepFake Çalışmaları/Deneyler/Nazlıcan/Deney 1/Kaş/real/train/real_train_00001.jpg,real,0,train,real_train_00001
/content/drive/MyDrive/AISC DeepFake Çalışmaları/Deneyler/Nazlıcan/Deney 1/Kaş/real/train/real_train_00002.jpg,real,0,train,real_train_00002
/content/drive/MyDrive/AISC DeepFake Çalışmaları/Deneyler/Nazlıcan/Deney 1/Kaş/real/train/real_train_00004.jpg,real,0,train,real_train_00004
/content/drive/MyDrive/AISC DeepFake Çalışmaları/Deneyler/Nazlıcan/Deney 1/Kaş/real/train/real_train_00005.jpg,real,0,train,real_train_00005
/content/drive/MyDrive/AISC DeepFake Çalışmaları/Deneyler/Nazlıcan/Deney 1/Kaş/real/train/real_train_00006.jpg,real,0,train,real_train_00006
/content/drive/MyDrive/AISC DeepFake Çalışmaları/Deneyler/Nazlıcan/Deney 1/Kaş/real/train/real_train_00008.jpg,real,0,train,real_train_00008
/content/drive/MyDrive/AISC DeepFake Çalışmaları/Deneyler/Nazlıcan/Deney 1/Kaş/real/train/real_train_00010.jpg,real,0,train,real_train_00010
/content/drive/MyDrive/AISC DeepFake Çalışmaları/Deneyler/Nazlıcan/Deney 1/Kaş/real/train/real_train_00012.jpg,real,0,train,real_train_00012
/content/drive/MyDrive/AISC DeepFake Çalışmaları/Deneyler/Nazlıcan/Deney 1/Kaş/real/train/real_train_00013.jpg,real,0,train,real_train_00013
/content/drive/MyDrive/AISC DeepFake Çalışmaları/Deneyler/Nazlıcan/Deney 1/Kaş/real/train/real_train_00016.jpg,real,0,train,real_train_00016
/content/drive/MyDrive/AISC DeepFake Çalışmaları/Deneyler/Nazlıcan/Deney 1/Kaş/real/train/real_train_00017.jpg,real,0,train,real_train_00017
/content/drive/MyDrive/AISC DeepFake Çalışmaları/Deneyler/Nazlıcan/Deney 1/Kaş/real/train/real_train_00019.jpg,real,0,train,real_train_00019
/content/drive/MyDrive/AISC DeepFake Çalışmaları/Deneyler/Nazlıcan/Deney 1/Kaş/real/train/real_train_00021.jpg,real,0,train,real_train_00021
/content/drive/MyDrive/AISC DeepFake Çalışmaları/Deneyler/Nazlıcan/Deney 1/Kaş/real/train/real_train_00023.jpg,real,0,train,real_train_00023
/content/drive/MyDrive/AISC DeepFake Çalışmaları/Deneyler/Nazlıcan/Deney 1/Kaş/real/train/real_train_00025.jpg,real,0,train,real_train_00025
/content/drive/MyDrive/AISC DeepFake Çalışmaları/Deneyler/Nazlıcan/Deney 1/Kaş/real/train/real_train_00027.jpg,real,0,train,real_train_00027
/content/drive/MyDrive/AISC DeepFake Çalışmaları/Deneyler/Nazlıcan/Deney 1/Kaş/real/train/real_train_00028.jpg,real,0,train,real_train_00028
/content/drive/MyDrive/AISC DeepFake Çalışmaları/Deneyler/Nazlıcan/Deney 1/Kaş/real/train/real_train_00029.jpg,real,0,train,real_train_00029
/content/drive/MyDrive/AISC DeepFake Çalışmaları/Deneyler/Nazlıcan/Deney 1/Kaş/real/train/real_train_00031.jpg,real,0,train,real_train_00031
/content/drive/MyDrive/AISC DeepFake Çalışmaları/Deneyler/Nazlıcan/Deney 1/Kaş/real/train/real_train_00035.jpg,real,0,train,real_train_00035
/content/drive/MyDrive/AISC DeepFake Çalışmaları/Deneyler/Nazlıcan/Deney 1/Kaş/real/train/real_train_00036.jpg,real,0,train,real_train_00036
/content/drive/MyDrive/AISC DeepFake Çalışmaları/Deneyler/Nazlıcan/Deney 1/Kaş/real/train/real_train_00037.jpg,real,0,train,real_train_00037
/content/drive/MyDrive/AISC DeepFake Çalışmaları/Deneyler/Nazlıcan/Deney 1/Kaş/real/train/real_train_00040.jpg,real,0,train,real_train_00040
/content/drive/MyDrive/AISC DeepFake Çalışmaları/Deneyler/Nazlıcan/Deney 1/Kaş/real/train/real_train_00042.jpg,real,0,train,real_train_00042
/content/drive/MyDrive/AISC DeepFake Çalışmaları/Deneyler/Nazlıcan/Deney 1/Kaş/real/train/real_train_00043.jpg,real,0,train,real_train_00043
/content/drive/MyDrive/AISC DeepFake Çalışmaları/Deneyler/Nazlıcan/Deney 1/Kaş/real/train/real_train_00044.jpg,real,0,train,real_train_00044
/content/drive/MyDrive/AISC DeepFake Çalışmaları/Deneyler/Nazlıcan/Deney 1/Kaş/real/train/real_train_00045.jpg,real,0,train,real_train_00045
/content/drive/MyDrive/AISC DeepFake Çalışmaları/Deneyler/Nazlıcan/Deney 1/Kaş/real/train/real_train_00046.jpg,real,0,train,real_train_00046
/content/drive/MyDrive/AISC DeepFake Çalışmaları/Deneyler/Nazlıcan/Deney 1/Kaş/real/train/real_train_00047.jpg,real,0,train,real_train_00047
/content/drive/MyDrive/AISC DeepFake Çalışmaları/Deneyler/Nazlıcan/Deney 1/Kaş/real/train/real_train_00048.jpg,real,0,train,real_train_00048
/content/drive/MyDrive/AISC DeepFake Çalışmaları/Deneyler/Nazlıcan/Deney 1/Kaş/real/train/real_train_00050.jpg,real,0,train,real_train_00050
/content/drive/MyDrive/AISC DeepFake Çalışmaları/Deneyler/Nazlıcan/Deney 1/Kaş/real/train/real_train_00051.jpg,real,0,train,real_train_00051
/content/drive/MyDrive/AISC DeepFake Çalışmaları/Deneyler/Nazlıcan/Deney 1/Kaş/real/train/real_train_00056.jpg,real,0,train,real_train_00056
/content/drive/MyDrive/AISC DeepFake Çalışmaları/Deneyler/Nazlıcan/Deney 1/Kaş/real/train/real_train_00059.jpg,real,0,train,real_train_00059
/content/drive/MyDrive/AISC DeepFake Çalışmaları/Deneyler/Nazlıcan/Deney 1/Kaş/real/train/real_train_00060.jpg,real,0,train,real_train_00060
/content/drive/MyDrive/AISC DeepFake Çalışmaları/Deneyler/Nazlıcan/Deney 1/Kaş/real/train/real_train_00061.jpg,real,0,train,real_train_00061
/content/drive/MyDrive/AISC DeepFake Çalışmaları/Deneyler/Nazlıcan/Deney 1/Kaş/real/train/real_train_00062.jpg,real,0,train,real_train_00062
/content/drive/MyDrive/AISC DeepFake Çalışmaları/Deneyler/Nazlıcan/Deney 1/Kaş/real/train/real_train_00063.jpg,real,0,train,real_train_00063
/content/drive/MyDrive/AISC DeepFake Çalışmaları/Deneyler/Nazlıcan/Deney 1/Kaş/real/train/real_train_00065.jpg,real,0,train,real_train_00065
/content/drive/MyDrive/AISC DeepFake Çalışmaları/Deneyler/Nazlıcan/Deney 1/Kaş/real/train/real_train_00066.jpg,real,0,train,real_train_00066
/content/drive/MyDrive/AISC DeepFake Çalışmaları/Deneyler/Nazlıcan/Deney 1/Kaş/real/train/real_train_00069.jpg,real,0,train,real_train_00069
/content/drive/MyDrive/AISC DeepFake Çalışmaları/Deneyler/Nazlıcan/Deney 1/Kaş/real/train/real_train_00071.jpg,real,0,train,real_train_00071
/content/drive/MyDrive/AISC DeepFake Çalışmaları/Deneyler/Nazlıcan/Deney 1/Kaş/real/train/real_train_00072.jpg,real,0,train,real_train_00072
/content/drive/MyDrive/AISC DeepFake Çalışmaları/Deneyler/Nazlıcan/Deney 1/Kaş/real/train/real_train_00076.jpg,real,0,train,real_train_00076
/content/drive/MyDrive/AISC DeepFake Çalışmaları/Deneyler/Nazlıcan/Deney 1/Kaş/real/train/real_train_00077.jpg,real,0,train,real_train_00077
/content/drive/MyDrive/AISC DeepFake Çalışmaları/Deneyler/Nazlıcan/Deney 1/Kaş/real/train/real_train_00078.jpg,real,0,train,real_train_00078
/content/drive/MyDrive/AISC DeepFake Çalışmaları/Deneyler/Nazlıcan/Deney 1/Kaş/real/train/real_train_00082.jpg,real,0,train,real_train_00082
/content/drive/MyDrive/AISC DeepFake Çalışmaları/Deneyler/Nazlıcan/Deney 1/Kaş/real/train/real_train_00083.jpg,real,0,train,real_train_00083
/content/drive/MyDrive/AISC DeepFake Çalışmaları/Deneyler/Nazlıcan/Deney 1/Kaş/real/train/real_train_00085.jpg,real,0,train,real_train_00085
/content/drive/MyDrive/AISC DeepFake Çalışmaları/Deneyler/Nazlıcan/Deney 1/Kaş/real/train/real_train_00086.jpg,real,0,train,real_train_00086
/content/drive/MyDrive/AISC DeepFake Çalışmaları/Deneyler/Nazlıcan/Deney 1/Kaş/real/train/real_train_00088.jpg,real,0,train,real_train_00088
/content/drive/MyDrive/AISC DeepFake Çalışmaları/Deneyler/Nazlıcan/Deney 1/Kaş/real/train/real_train_00089.jpg,real,0,train,real_train_00089
/content/drive/MyDrive/AISC DeepFake Çalışmaları/Deneyler/Nazlıcan/Deney 1/Kaş/real/train/real_train_00090.jpg,real,0,train,real_train_00090
/content/drive/MyDrive/AISC DeepFake Çalışmaları/Deneyler/Nazlıcan/Deney 1/Kaş/real/train/real_train_00092.jpg,real,0,train,real_train_00092
/content/drive/MyDrive/AISC DeepFake Çalışmaları/Deneyler/Nazlıcan/Deney 1/Kaş/real/train/real_train_00093.jpg,real,0,train,real_train_00093
/content/drive/MyDrive/AISC DeepFake Çalışmaları/Deneyler/Nazlıcan/Deney 1/Kaş/real/train/real_train_00096.jpg,real,0,train,real_train_00096
/content/drive/MyDrive/AISC DeepFake Çalışmaları/Deneyler/Nazlıcan/Deney 1/Kaş/real/train/real_train_00099.jpg,real,0,train,real_train_00099
/content/drive/MyDrive/AISC DeepFake Çalışmaları/Deneyler/Nazlıcan/Deney 1/Kaş/real/train/real_train_00100.jpg,real,0,train,real_train_00100
/content/drive/MyDrive/AISC DeepFake Çalışmaları/Deneyler/Nazlıcan/Deney 1/Kaş/real/train/real_train_00104.jpg,real,0,train,real_train_00104
/content/drive/MyDrive/AISC DeepFake Çalışmaları/Deneyler/Nazlıcan/Deney 1/Kaş/real/train/real_train_00105.jpg,real,0,train,real_train_00105
/content/drive/MyDrive/AISC DeepFake Çalışmaları/Deneyler/Nazlıcan/Deney 1/Kaş/real/train/real_train_00107.jpg,real,0,train,real_train_00107
/content/drive/MyDrive/AISC DeepFake Çalışmaları/Deneyler/Nazlıcan/Deney 1/Kaş/real/train/real_train_00108.jpg,real,0,train,real_train_00108
/content/drive/MyDrive/AISC DeepFake Çalışmaları/Deneyler/Nazlıcan/Deney 1/Kaş/real/train/real_train_00110.jpg,real,0,train,real_train_00110
/content/drive/MyDrive/AISC DeepFake Çalışmaları/Deneyler/Nazlıcan/Deney 1/Kaş/real/train/real_train_00112.jpg,real,0,train,real_train_00112
/content/drive/MyDrive/AISC DeepFake Çalışmaları/Deneyler/Nazlıcan/Deney 1/Kaş/real/train/real_train_00113.jpg,real,0,train,real_train_00113
/content/drive/MyDrive/AISC DeepFake Çalışmaları/Deneyler/Nazlıcan/Deney 1/Kaş/real/train/real_train_00114.jpg,real,0,train,real_train_00114
/content/drive/MyDrive/AISC DeepFake Çalışmaları/Deneyler/Nazlıcan/Deney 1/Kaş/real/train/real_train_00115.jpg,real,0,train,real_train_00115
/content/drive/MyDrive/AISC DeepFake Çalışmaları/Deneyler/Nazlıcan/Deney 1/Kaş/real/train/real_train_00116.jpg,real,0,train,real_train_00116
/content/drive/MyDrive/AISC DeepFake Çalışmaları/Deneyler/Nazlıcan/Deney 1/Kaş/real/train/real_train_00117.jpg,real,0,train,real_train_00117
/content/drive/MyDrive/AISC DeepFake Çalışmaları/Deneyler/Nazlıcan/Deney 1/Kaş/real/train/real_train_00119.jpg,real,0,train,real_train_00119
/content/drive/MyDrive/AISC DeepFake Çalışmaları/Deneyler/Nazlıcan/Deney 1/Kaş/real/train/real_train_00120.jpg,real,0,train,real_train_00120
/content/drive/MyDrive/AISC DeepFake Çalışmaları/Deneyler/Nazlıcan/Deney 1/Kaş/real/train/real_train_00122.jpg,real,0,train,real_train_00122
/content/drive/MyDrive/AISC DeepFake Çalışmaları/Deneyler/Nazlıcan/Deney 1/Kaş/real/train/real_train_00123.jpg,real,0,train,real_train_00123
/content/drive/MyDrive/AISC DeepFake Çalışmaları/Deneyler/Nazlıcan/Deney 1/Kaş/real/train/real_train_00124.jpg,real,0,train,real_train_00124
/content/drive/MyDrive/AISC DeepFake Çalışmaları/Deneyler/Nazlıcan/Deney 1/Kaş/real/train/real_train_00125.jpg,real,0,train,real_train_00125
/content/drive/MyDrive/AISC DeepFake Çalışmaları/Deneyler/Nazlıcan/Deney 1/Kaş/real/train/real_train_00126.jpg,real,0,train,real_train_00126
/content/drive/MyDrive/AISC DeepFake Çalışmaları/Deneyler/Nazlıcan/Deney 1/Kaş/real/train/real_train_00127.jpg,real,0,train,real_train_00127
/content/drive/MyDrive/AISC DeepFake Çalışmaları/Deneyler/Nazlıcan/Deney 1/Kaş/real/train/real_train_00128.jpg,real,0,train,real_train_00128
/content/drive/MyDrive/AISC DeepFake Çalışmaları/Deneyler/Nazlıcan/Deney 1/Kaş/real/train/real_train_00132.jpg,real,0,train,real_train_00132
/content/drive/MyDrive/AISC DeepFake Çalışmaları/Deneyler/Nazlıcan/Deney 1/Kaş/real/train/real_train_00133.jpg,real,0,train,real_train_00133
/content/drive/MyDrive/AISC DeepFake Çalışmaları/Deneyler/Nazlıcan/Deney 1/Kaş/real/train/real_train_00136.jpg,real,0,train,real_train_00136
/content/drive/MyDrive/AISC DeepFake Çalışmaları/Deneyler/Nazlıcan/Deney 1/Kaş/real/train/real_train_00138.jpg,real,0,train,real_train_00138
/content/drive/MyDrive/AISC DeepFake Çalışmaları/Deneyler/Nazlıcan/Deney 1/Kaş/real/train/real_train_00139.jpg,real,0,train,real_train_00139
/content/drive/MyDrive/AISC DeepFake Çalışmaları/Deneyler/Nazlıcan/Deney 1/Kaş/real/train/real_train_00141.jpg,real,0,train,real_train_00141
/content/drive/MyDrive/AISC DeepFake Çalışmaları/Deneyler/Nazlıcan/Deney 1/Kaş/real/train/real_train_00142.jpg,real,0,train,real_train_00142
/content/drive/MyDrive/AISC DeepFake Çalışmaları/Deneyler/Nazlıcan/Deney 1/Kaş/real/train/real_train_00143.jpg,real,0,train,real_train_00143
/content/drive/MyDrive/AISC DeepFake Çalışmaları/Deneyler/Nazlıcan/Deney 1/Kaş/real/train/real_train_00144.jpg,real,0,train,real_train_00144
/content/drive/MyDrive/AISC DeepFake Çalışmaları/Deneyler/Nazlıcan/Deney 1/Kaş/real/train/real_train_00145.jpg,real,0,train,real_train_00145
/content/drive/MyDrive/AISC DeepFake Çalışmaları/Deneyler/Nazlıcan/Deney 1/Kaş/real/train/real_train_00146.jpg,real,0,train,real_train_00146
/content/drive/MyDrive/AISC DeepFake Çalışmaları/Deneyler/Nazlıcan/Deney 1/Kaş/real/train/real_train_00147.jpg,real,0,train,real_train_00147
/content/drive/MyDrive/AISC DeepFake Çalışmaları/Deneyler/Nazlıcan/Deney 1/Kaş/real/train/real_train_00148.jpg,real,0,train,real_train_00148
/content/drive/MyDrive/AISC DeepFake Çalışmaları/Deneyler/Nazlıcan/Deney 1/Kaş/real/train/real_train_00149.jpg,real,0,train,real_train_00149
/content/drive/MyDrive/AISC DeepFake Çalışmaları/Deneyler/Nazlıcan/Deney 1/Kaş/real/train/real_train_00150.jpg,real,0,train,real_train_00150
/content/drive/MyDrive/AISC DeepFake Çalışmaları/Deneyler/Nazlıcan/Deney 1/Kaş/real/train/real_train_00151.jpg,real,0,train,real_train_00151
/content/drive/MyDrive/AISC DeepFake Çalışmaları/Deneyler/Nazlıcan/Deney 1/Kaş/real/train/real_train_00152.jpg,real,0,train,real_train_00152
/content/drive/MyDrive/AISC DeepFake Çalışmaları/Deneyler/Nazlıcan/Deney 1/Kaş/real/train/real_train_00153.jpg,real,0,train,real_train_00153
/content/drive/MyDrive/AISC DeepFake Çalışmaları/Deneyler/Nazlıcan/Deney 1/Kaş/real/train/real_train_00154.jpg,real,0,train,real_train_00154
/content/drive/MyDrive/AISC DeepFake Çalışmaları/Deneyler/Nazlıcan/Deney 1/Kaş/real/train/real_train_00155.jpg,real,0,train,real_train_00155
/content/drive/MyDrive/AISC DeepFake Çalışmaları/Deneyler/Nazlıcan/Deney 1/Kaş/real/train/real_train_00156.jpg,real,0,train,real_train_00156
/content/drive/MyDrive/AISC DeepFake Çalışmaları/Deneyler/Nazlıcan/Deney 1/Kaş/real/train/real_train_00160.jpg,real,0,train,real_train_00160
/content/drive/MyDrive/AISC DeepFake Çalışmaları/Deneyler/Nazlıcan/Deney 1/Kaş/real/train/real_train_00161.jpg,real,0,train,real_train_00161
/content/drive/MyDrive/AISC DeepFake Çalışmaları/Deneyler/Nazlıcan/Deney 1/Kaş/real/train/real_train_00162.jpg,real,0,train,real_train_00162
/content/drive/MyDrive/AISC DeepFake Çalışmaları/Deneyler/Nazlıcan/Deney 1/Kaş/real/train/real_train_00163.jpg,real,0,train,real_train_00163
/content/drive/MyDrive/AISC DeepFake Çalışmaları/Deneyler/Nazlıcan/Deney 1/Kaş/real/train/real_train_00164.jpg,real,0,train,real_train_00164
/content/drive/MyDrive/AISC DeepFake Çalışmaları/Deneyler/Nazlıcan/Deney 1/Kaş/real/train/real_train_00165.jpg,real,0,train,real_train_00165
/content/drive/MyDrive/AISC DeepFake Çalışmaları/Deneyler/Nazlıcan/Deney 1/Kaş/real/train/real_train_00168.jpg,real,0,train,real_train_00168
/content/drive/MyDrive/AISC DeepFake Çalışmaları/Deneyler/Nazlıcan/Deney 1/Kaş/real/train/real_train_00170.jpg,real,0,train,real_train_00170
/content/drive/MyDrive/AISC DeepFake Çalışmaları/Deneyler/Nazlıcan/Deney 1/Kaş/real/train/real_train_00171.jpg,real,0,train,real_train_00171
/content/drive/MyDrive/AISC DeepFake Çalışmaları/Deneyler/Nazlıcan/Deney 1/Kaş/real/train/real_train_00172.jpg,real,0,train,real_train_00172
/content/drive/MyDrive/AISC DeepFake Çalışmaları/Deneyler/Nazlıcan/Deney 1/Kaş/real/train/real_train_00174.jpg,real,0,train,real_train_00174
/content/drive/MyDrive/AISC DeepFake Çalışmaları/Deneyler/Nazlıcan/Deney 1/Kaş/real/train/real_train_00175.jpg,real,0,train,real_train_00175
/content/drive/MyDrive/AISC DeepFake Çalışmaları/Deneyler/Nazlıcan/Deney 1/Kaş/real/train/real_train_00177.jpg,real,0,train,real_train_00177
/content/drive/MyDrive/AISC DeepFake Çalışmaları/Deneyler/Nazlıcan/Deney 1/Kaş/real/train/real_train_00179.jpg,real,0,train,real_train_00179
/content/drive/MyDrive/AISC DeepFake Çalışmaları/Deneyler/Nazlıcan/Deney 1/Kaş/real/train/real_train_00181.jpg,real,0,train,real_train_00181
/content/drive/MyDrive/AISC DeepFake Çalışmaları/Deneyler/Nazlıcan/Deney 1/Kaş/real/train/real_train_00184.jpg,real,0,train,real_train_00184
/content/drive/MyDrive/AISC DeepFake Çalışmaları/Deneyler/Nazlıcan/Deney 1/Kaş/real/train/real_train_00185.jpg,real,0,train,real_train_00185
/content/drive/MyDrive/AISC DeepFake Çalışmaları/Deneyler/Nazlıcan/Deney 1/Kaş/real/train/real_train_00186.jpg,real,0,train,real_train_00186
/content/drive/MyDrive/AISC DeepFake Çalışmaları/Deneyler/Nazlıcan/Deney 1/Kaş/real/train/real_train_00188.jpg,real,0,train,real_train_00188
/content/drive/MyDrive/AISC DeepFake Çalışmaları/Deneyler/Nazlıcan/Deney 1/Kaş/real/train/real_train_00190.jpg,real,0,train,real_train_00190
/content/drive/MyDrive/AISC DeepFake Çalışmaları/Deneyler/Nazlıcan/Deney 1/Kaş/real/train/real_train_00192.jpg,real,0,train,real_train_00192
/content/drive/MyDrive/AISC DeepFake Çalışmaları/Deneyler/Nazlıcan/Deney 1/Kaş/real/train/real_train_00193.jpg,real,0,train,real_train_00193
/content/drive/MyDrive/AISC DeepFake Çalışmaları/Deneyler/Nazlıcan/Deney 1/Kaş/real/train/real_train_00194.jpg,real,0,train,real_train_00194
/content/drive/MyDrive/AISC DeepFake Çalışmaları/Deneyler/Nazlıcan/Deney 1/Kaş/real/train/real_train_00195.jpg,real,0,train,real_train_00195
/content/drive/MyDrive/AISC DeepFake Çalışmaları/Deneyler/Nazlıcan/Deney 1/Kaş/real/train/real_train_00199.jpg,real,0,train,real_train_00199
/content/drive/MyDrive/AISC DeepFake Çalışmaları/Deneyler/Nazlıcan/Deney 1/Kaş/real/train/real_train_00201.jpg,real,0,train,real_train_00201
/content/drive/MyDrive/AISC DeepFake Çalışmaları/Deneyler/Nazlıcan/Deney 1/Kaş/real/train/real_train_00202.jpg,real,0,train,real_train_00202
/content/drive/MyDrive/AISC DeepFake Çalışmaları/Deneyler/Nazlıcan/Deney 1/Kaş/real/train/real_train_00203.jpg,real,0,train,real_train_00203
/content/drive/MyDrive/AISC DeepFake Çalışmaları/Deneyler/Nazlıcan/Deney 1/Kaş/real/train/real_train_00205.jpg,real,0,train,real_train_00205
/content/drive/MyDrive/AISC DeepFake Çalışmaları/Deneyler/Nazlıcan/Deney 1/Kaş/real/train/real_train_00206.jpg,real,0,train,real_train_00206
/content/drive/MyDrive/AISC DeepFake Çalışmaları/Deneyler/Nazlıcan/Deney 1/Kaş/real/train/real_train_00207.jpg,real,0,train,real_train_00207
/content/drive/MyDrive/AISC DeepFake Çalışmaları/Deneyler/Nazlıcan/Deney 1/Kaş/real/train/real_train_00209.jpg,real,0,train,real_train_00209
/content/drive/MyDrive/AISC DeepFake Çalışmaları/Deneyler/Nazlıcan/Deney 1/Kaş/real/train/real_train_00210.jpg,real,0,train,real_train_00210
/content/drive/MyDrive/AISC DeepFake Çalışmaları/Deneyler/Nazlıcan/Deney 1/Kaş/real/train/real_train_00211.jpg,real,0,train,real_train_00211
/content/drive/MyDrive/AISC DeepFake Çalışmaları/Deneyler/Nazlıcan/Deney 1/Kaş/real/train/real_train_00212.jpg,real,0,train,real_train_00212
/content/drive/MyDrive/AISC DeepFake Çalışmaları/Deneyler/Nazlıcan/Deney 1/Kaş/real/train/real_train_00213.jpg,real,0,train,real_train_00213
/content/drive/MyDrive/AISC DeepFake Çalışmaları/Deneyler/Nazlıcan/Deney 1/Kaş/real/train/real_train_00214.jpg,real,0,train,real_train_00214
/content/drive/MyDrive/AISC DeepFake Çalışmaları/Deneyler/Nazlıcan/Deney 1/Kaş/real/train/real_train_00216.jpg,real,0,train,real_train_00216
/content/drive/MyDrive/AISC DeepFake Çalışmaları/Deneyler/Nazlıcan/Deney 1/Kaş/real/train/real_train_00217.jpg,real,0,train,real_train_00217
/content/drive/MyDrive/AISC DeepFake Çalışmaları/Deneyler/Nazlıcan/Deney 1/Kaş/real/train/real_train_00218.jpg,real,0,train,real_train_00218
/content/drive/MyDrive/AISC DeepFake Çalışmaları/Deneyler/Nazlıcan/Deney 1/Kaş/real/train/real_train_00220.jpg,real,0,train,real_train_00220
/content/drive/MyDrive/AISC DeepFake Çalışmaları/Deneyler/Nazlıcan/Deney 1/Kaş/real/train/real_train_00221.jpg,real,0,train,real_train_00221
/content/drive/MyDrive/AISC DeepFake Çalışmaları/Deneyler/Nazlıcan/Deney 1/Kaş/real/train/real_train_00223.jpg,real,0,train,real_train_00223
/content/drive/MyDrive/AISC DeepFake Çalışmaları/Deneyler/Nazlıcan/Deney 1/Kaş/real/train/real_train_00224.jpg,real,0,train,real_train_00224
/content/drive/MyDrive/AISC DeepFake Çalışmaları/Deneyler/Nazlıcan/Deney 1/Kaş/real/train/real_train_00225.jpg,real,0,train,real_train_00225
/content/drive/MyDrive/AISC DeepFake Çalışmaları/Deneyler/Nazlıcan/Deney 1/Kaş/real/train/real_train_00226.jpg,real,0,train,real_train_00226
/content/drive/MyDrive/AISC DeepFake Çalışmaları/Deneyler/Nazlıcan/Deney 1/Kaş/real/train/real_train_00229.jpg,real,0,train,real_train_00229
/content/drive/MyDrive/AISC DeepFake Çalışmaları/Deneyler/Nazlıcan/Deney 1/Kaş/real/train/real_train_00230.jpg,real,0,train,real_train_00230
/content/drive/MyDrive/AISC DeepFake Çalışmaları/Deneyler/Nazlıcan/Deney 1/Kaş/real/train/real_train_00231.jpg,real,0,train,real_train_00231
/content/drive/MyDrive/AISC DeepFake Çalışmaları/Deneyler/Nazlıcan/Deney 1/Kaş/real/train/real_train_00232.jpg,real,0,train,real_train_00232
/content/drive/MyDrive/AISC DeepFake Çalışmaları/Deneyler/Nazlıcan/Deney 1/Kaş/real/train/real_train_00233.jpg,real,0,train,real_train_00233
/content/drive/MyDrive/AISC DeepFake Çalışmaları/Deneyler/Nazlıcan/Deney 1/Kaş/real/train/real_train_00234.jpg,real,0,train,real_train_00234
/content/drive/MyDrive/AISC DeepFake Çalışmaları/Deneyler/Nazlıcan/Deney 1/Kaş/real/train/real_train_00235.jpg,real,0,train,real_train_00235
/content/drive/MyDrive/AISC DeepFake Çalışmaları/Deneyler/Nazlıcan/Deney 1/Kaş/real/train/real_train_00236.jpg,real,0,train,real_train_00236
/content/drive/MyDrive/AISC DeepFake Çalışmaları/Deneyler/Nazlıcan/Deney 1/Kaş/real/train/real_train_00238.jpg,real,0,train,real_train_00238
/content/drive/MyDrive/AISC DeepFake Çalışmaları/Deneyler/Nazlıcan/Deney 1/Kaş/real/train/real_train_00239.jpg,real,0,train,real_train_00239
/content/drive/MyDrive/AISC DeepFake Çalışmaları/Deneyler/Nazlıcan/Deney 1/Kaş/real/train/real_train_00241.jpg,real,0,train,real_train_00241
/content/drive/MyDrive/AISC DeepFake Çalışmaları/Deneyler/Nazlıcan/Deney 1/Kaş/real/train/real_train_00242.jpg,real,0,train,real_train_00242
/content/drive/MyDrive/AISC DeepFake Çalışmaları/Deneyler/Nazlıcan/Deney 1/Kaş/real/train/real_train_00243.jpg,real,0,train,real_train_00243
/content/drive/MyDrive/AISC DeepFake Çalışmaları/Deneyler/Nazlıcan/Deney 1/Kaş/real/train/real_train_00244.jpg,real,0,train,real_train_00244
/content/drive/MyDrive/AISC DeepFake Çalışmaları/Deneyler/Nazlıcan/Deney 1/Kaş/real/train/real_train_00245.jpg,real,0,train,real_train_00245
/content/drive/MyDrive/AISC DeepFake Çalışmaları/Deneyler/Nazlıcan/Deney 1/Kaş/real/train/real_train_00246.jpg,real,0,train,real_train_00246
/content/drive/MyDrive/AISC DeepFake Çalışmaları/Deneyler/Nazlıcan/Deney 1/Kaş/real/train/real_train_00247.jpg,real,0,train,real_train_00247
/content/drive/MyDrive/AISC DeepFake Çalışmaları/Deneyler/Nazlıcan/Deney 1/Kaş/real/train/real_train_00248.jpg,real,0,train,real_train_00248
/content/drive/MyDrive/AISC DeepFake Çalışmaları/Deneyler/Nazlıcan/Deney 1/Kaş/real/train/real_train_00250.jpg,real,0,train,real_train_00250
/content/drive/MyDrive/AISC DeepFake Çalışmaları/Deneyler/Nazlıcan/Deney 1/Kaş/real/train/real_train_00252.jpg,real,0,train,real_train_00252
/content/drive/MyDrive/AISC DeepFake Çalışmaları/Deneyler/Nazlıcan/Deney 1/Kaş/real/train/real_train_00254.jpg,real,0,train,real_train_00254
/content/drive/MyDrive/AISC DeepFake Çalışmaları/Deneyler/Nazlıcan/Deney 1/Kaş/real/train/real_train_00257.jpg,real,0,train,real_train_00257
/content/drive/MyDrive/AISC DeepFake Çalışmaları/Deneyler/Nazlıcan/Deney 1/Kaş/real/train/real_train_00258.jpg,real,0,train,real_train_00258
/content/drive/MyDrive/AISC DeepFake Çalışmaları/Deneyler/Nazlıcan/Deney 1/Kaş/real/train/real_train_00260.jpg,real,0,train,real_train_00260
/content/drive/MyDrive/AISC DeepFake Çalışmaları/Deneyler/Nazlıcan/Deney 1/Kaş/real/train/real_train_00261.jpg,real,0,train,real_train_00261
/content/drive/MyDrive/AISC DeepFake Çalışmaları/Deneyler/Nazlıcan/Deney 1/Kaş/real/train/real_train_00264.jpg,real,0,train,real_train_00264
/content/drive/MyDrive/AISC DeepFake Çalışmaları/Deneyler/Nazlıcan/Deney 1/Kaş/real/train/real_train_00265.jpg,real,0,train,real_train_00265
/content/drive/MyDrive/AISC DeepFake Çalışmaları/Deneyler/Nazlıcan/Deney 1/Kaş/real/train/real_train_00267.jpg,real,0,train,real_train_00267
/content/drive/MyDrive/AISC DeepFake Çalışmaları/Deneyler/Nazlıcan/Deney 1/Kaş/real/train/real_train_00268.jpg,real,0,train,real_train_00268
/content/drive/MyDrive/AISC DeepFake Çalışmaları/Deneyler/Nazlıcan/Deney 1/Kaş/real/train/real_train_00269.jpg,real,0,train,real_train_00269
/content/drive/MyDrive/AISC DeepFake Çalışmaları/Deneyler/Nazlıcan/Deney 1/Kaş/real/train/real_train_00270.jpg,real,0,train,real_train_00270
/content/drive/MyDrive/AISC DeepFake Çalışmaları/Deneyler/Nazlıcan/Deney 1/Kaş/real/train/real_train_00274.jpg,real,0,train,real_train_00274
/content/drive/MyDrive/AISC DeepFake Çalışmaları/Deneyler/Nazlıcan/Deney 1/Kaş/real/train/real_train_00275.jpg,real,0,train,real_train_00275
/content/drive/MyDrive/AISC DeepFake Çalışmaları/Deneyler/Nazlıcan/Deney 1/Kaş/real/train/real_train_00276.jpg,real,0,train,real_train_00276
/content/drive/MyDrive/AISC DeepFake Çalışmaları/Deneyler/Nazlıcan/Deney 1/Kaş/real/train/real_train_00279.jpg,real,0,train,real_train_00279
/content/drive/MyDrive/AISC DeepFake Çalışmaları/Deneyler/Nazlıcan/Deney 1/Kaş/real/train/real_train_00280.jpg,real,0,train,real_train_00280
/content/drive/MyDrive/AISC DeepFake Çalışmaları/Deneyler/Nazlıcan/Deney 1/Kaş/real/train/real_train_00284.jpg,real,0,train,real_train_00284
/content/drive/MyDrive/AISC DeepFake Çalışmaları/Deneyler/Nazlıcan/Deney 1/Kaş/real/train/real_train_00285.jpg,real,0,train,real_train_00285
/content/drive/MyDrive/AISC DeepFake Çalışmaları/Deneyler/Nazlıcan/Deney 1/Kaş/real/train/real_train_00286.jpg,real,0,train,real_train_00286
/content/drive/MyDrive/AISC DeepFake Çalışmaları/Deneyler/Nazlıcan/Deney 1/Kaş/real/train/real_train_00287.jpg,real,0,train,real_train_00287
/content/drive/MyDrive/AISC DeepFake Çalışmaları/Deneyler/Nazlıcan/Deney 1/Kaş/real/train/real_train_00288.jpg,real,0,train,real_train_00288
/content/drive/MyDrive/AISC DeepFake Çalışmaları/Deneyler/Nazlıcan/Deney 1/Kaş/real/train/real_train_00289.jpg,real,0,train,real_train_00289
/content/drive/MyDrive/AISC DeepFake Çalışmaları/Deneyler/Nazlıcan/Deney 1/Kaş/real/train/real_train_00290.jpg,real,0,train,real_train_00290
/content/drive/MyDrive/AISC DeepFake Çalışmaları/Deneyler/Nazlıcan/Deney 1/Kaş/real/train/real_train_00291.jpg,real,0,train,real_train_00291
/content/drive/MyDrive/AISC DeepFake Çalışmaları/Deneyler/Nazlıcan/Deney 1/Kaş/real/train/real_train_00293.jpg,real,0,train,real_train_00293
/content/drive/MyDrive/AISC DeepFake Çalışmaları/Deneyler/Nazlıcan/Deney 1/Kaş/real/train/real_train_00294.jpg,real,0,train,real_train_00294
/content/drive/MyDrive/AISC DeepFake Çalışmaları/Deneyler/Nazlıcan/Deney 1/Kaş/real/train/real_train_00296.jpg,real,0,train,real_train_00296
/content/drive/MyDrive/AISC DeepFake Çalışmaları/Deneyler/Nazlıcan/Deney 1/Kaş/real/train/real_train_00299.jpg,real,0,train,real_train_00299
/content/drive/MyDrive/AISC DeepFake Çalışmaları/Deneyler/Nazlıcan/Deney 1/Kaş/real/train/real_train_00300.jpg,real,0,train,real_train_00300
/content/drive/MyDrive/AISC DeepFake Çalışmaları/Deneyler/Nazlıcan/Deney 1/Kaş/real/train/real_train_00302.jpg,real,0,train,real_train_00302
/content/drive/MyDrive/AISC DeepFake Çalışmaları/Deneyler/Nazlıcan/Deney 1/Kaş/real/train/real_train_00304.jpg,real,0,train,real_train_00304
/content/drive/MyDrive/AISC DeepFake Çalışmaları/Deneyler/Nazlıcan/Deney 1/Kaş/real/train/real_train_00305.jpg,real,0,train,real_train_00305
/content/drive/MyDrive/AISC DeepFake Çalışmaları/Deneyler/Nazlıcan/Deney 1/Kaş/real/train/real_train_00307.jpg,real,0,train,real_train_00307
/content/drive/MyDrive/AISC DeepFake Çalışmaları/Deneyler/Nazlıcan/Deney 1/Kaş/real/train/real_train_00308.jpg,real,0,train,real_train_00308
/content/drive/MyDrive/AISC DeepFake Çalışmaları/Deneyler/Nazlıcan/Deney 1/Kaş/real/train/real_train_00309.jpg,real,0,train,real_train_00309
/content/drive/MyDrive/AISC DeepFake Çalışmaları/Deneyler/Nazlıcan/Deney 1/Kaş/real/train/real_train_00311.jpg,real,0,train,real_train_00311
/content/drive/MyDrive/AISC DeepFake Çalışmaları/Deneyler/Nazlıcan/Deney 1/Kaş/real/train/real_train_00313.jpg,real,0,train,real_train_00313
/content/drive/MyDrive/AISC DeepFake Çalışmaları/Deneyler/Nazlıcan/Deney 1/Kaş/real/train/real_train_00314.jpg,real,0,train,real_train_00314
/content/drive/MyDrive/AISC DeepFake Çalışmaları/Deneyler/Nazlıcan/Deney 1/Kaş/real/train/real_train_00315.jpg,real,0,train,real_train_00315
/content/drive/MyDrive/AISC DeepFake Çalışmaları/Deneyler/Nazlıcan/Deney 1/Kaş/real/train/real_train_00316.jpg,real,0,train,real_train_00316
/content/drive/MyDrive/AISC DeepFake Çalışmaları/Deneyler/Nazlıcan/Deney 1/Kaş/real/train/real_train_00317.jpg,real,0,train,real_train_00317
/content/drive/MyDrive/AISC DeepFake Çalışmaları/Deneyler/Nazlıcan/Deney 1/Kaş/real/train/real_train_00318.jpg,real,0,train,real_train_00318
/content/drive/MyDrive/AISC DeepFake Çalışmaları/Deneyler/Nazlıcan/Deney 1/Kaş/real/train/real_train_00319.jpg,real,0,train,real_train_00319
/content/drive/MyDrive/AISC DeepFake Çalışmaları/Deneyler/Nazlıcan/Deney 1/Kaş/real/train/real_train_00320.jpg,real,0,train,real_train_00320
/content/drive/MyDrive/AISC DeepFake Çalışmaları/Deneyler/Nazlıcan/Deney 1/Kaş/real/train/real_train_00321.jpg,real,0,train,real_train_00321
/content/drive/MyDrive/AISC DeepFake Çalışmaları/Deneyler/Nazlıcan/Deney 1/Kaş/real/train/real_train_00322.jpg,real,0,train,real_train_00322
/content/drive/MyDrive/AISC DeepFake Çalışmaları/Deneyler/Nazlıcan/Deney 1/Kaş/real/train/real_train_00323.jpg,real,0,train,real_train_00323
/content/drive/MyDrive/AISC DeepFake Çalışmaları/Deneyler/Nazlıcan/Deney 1/Kaş/real/train/real_train_00324.jpg,real,0,train,real_train_00324
/content/drive/MyDrive/AISC DeepFake Çalışmaları/Deneyler/Nazlıcan/Deney 1/Kaş/real/train/real_train_00326.jpg,real,0,train,real_train_00326
/content/drive/MyDrive/AISC DeepFake Çalışmaları/Deneyler/Nazlıcan/Deney 1/Kaş/real/train/real_train_00327.jpg,real,0,train,real_train_00327
/content/drive/MyDrive/AISC DeepFake Çalışmaları/Deneyler/Nazlıcan/Deney 1/Kaş/real/train/real_train_00328.jpg,real,0,train,real_train_00328
/content/drive/MyDrive/AISC DeepFake Çalışmaları/Deneyler/Nazlıcan/Deney 1/Kaş/real/train/real_train_00329.jpg,real,0,train,real_train_00329
/content/drive/MyDrive/AISC DeepFake Çalışmaları/Deneyler/Nazlıcan/Deney 1/Kaş/real/train/real_train_00330.jpg,real,0,train,real_train_00330
/content/drive/MyDrive/AISC DeepFake Çalışmaları/Deneyler/Nazlıcan/Deney 1/Kaş/real/train/real_train_00331.jpg,real,0,train,real_train_00331
/content/drive/MyDrive/AISC DeepFake Çalışmaları/Deneyler/Nazlıcan/Deney 1/Kaş/real/train/real_train_00332.jpg,real,0,train,real_train_00332
/content/drive/MyDrive/AISC DeepFake Çalışmaları/Deneyler/Nazlıcan/Deney 1/Kaş/real/train/real_train_00333.jpg,real,0,train,real_train_00333
/content/drive/MyDrive/AISC DeepFake Çalışmaları/Deneyler/Nazlıcan/Deney 1/Kaş/real/train/real_train_00335.jpg,real,0,train,real_train_00335
/content/drive/MyDrive/AISC DeepFake Çalışmaları/Deneyler/Nazlıcan/Deney 1/Kaş/real/train/real_train_00336.jpg,real,0,train,real_train_00336
/content/drive/MyDrive/AISC DeepFake Çalışmaları/Deneyler/Nazlıcan/Deney 1/Kaş/real/train/real_train_00337.jpg,real,0,train,real_train_00337
/content/drive/MyDrive/AISC DeepFake Çalışmaları/Deneyler/Nazlıcan/Deney 1/Kaş/real/train/real_train_00339.jpg,real,0,train,real_train_00339
/content/drive/MyDrive/AISC DeepFake Çalışmaları/Deneyler/Nazlıcan/Deney 1/Kaş/real/train/real_train_00340.jpg,real,0,train,real_train_00340
/content/drive/MyDrive/AISC DeepFake Çalışmaları/Deneyler/Nazlıcan/Deney 1/Kaş/real/train/real_train_00342.jpg,real,0,train,real_train_00342
/content/drive/MyDrive/AISC DeepFake Çalışmaları/Deneyler/Nazlıcan/Deney 1/Kaş/real/train/real_train_00343.jpg,real,0,train,real_train_00343
/content/drive/MyDrive/AISC DeepFake Çalışmaları/Deneyler/Nazlıcan/Deney 1/Kaş/real/train/real_train_00344.jpg,real,0,train,real_train_00344
/content/drive/MyDrive/AISC DeepFake Çalışmaları/Deneyler/Nazlıcan/Deney 1/Kaş/real/train/real_train_00345.jpg,real,0,train,real_train_00345
/content/drive/MyDrive/AISC DeepFake Çalışmaları/Deneyler/Nazlıcan/Deney 1/Kaş/real/train/real_train_00348.jpg,real,0,train,real_train_00348
/content/drive/MyDrive/AISC DeepFake Çalışmaları/Deneyler/Nazlıcan/Deney 1/Kaş/real/train/real_train_00350.jpg,real,0,train,real_train_00350
/content/drive/MyDrive/AISC DeepFake Çalışmaları/Deneyler/Nazlıcan/Deney 1/Kaş/real/train/real_train_00353.jpg,real,0,train,real_train_00353
/content/drive/MyDrive/AISC DeepFake Çalışmaları/Deneyler/Nazlıcan/Deney 1/Kaş/real/train/real_train_00355.jpg,real,0,train,real_train_00355
/content/drive/MyDrive/AISC DeepFake Çalışmaları/Deneyler/Nazlıcan/Deney 1/Kaş/real/train/real_train_00356.jpg,real,0,train,real_train_00356
/content/drive/MyDrive/AISC DeepFake Çalışmaları/Deneyler/Nazlıcan/Deney 1/Kaş/real/train/real_train_00357.jpg,real,0,train,real_train_00357
/content/drive/MyDrive/AISC DeepFake Çalışmaları/Deneyler/Nazlıcan/Deney 1/Kaş/real/train/real_train_00358.jpg,real,0,train,real_train_00358
/content/drive/MyDrive/AISC DeepFake Çalışmaları/Deneyler/Nazlıcan/Deney 1/Kaş/real/train/real_train_00360.jpg,real,0,train,real_train_00360
/content/drive/MyDrive/AISC DeepFake Çalışmaları/Deneyler/Nazlıcan/Deney 1/Kaş/real/train/real_train_00361.jpg,real,0,train,real_train_00361
/content/drive/MyDrive/AISC DeepFake Çalışmaları/Deneyler/Nazlıcan/Deney 1/Kaş/real/train/real_train_00362.jpg,real,0,train,real_train_00362
/content/drive/MyDrive/AISC DeepFake Çalışmaları/Deneyler/Nazlıcan/Deney 1/Kaş/real/train/real_train_00363.jpg,real,0,train,real_train_00363
/content/drive/MyDrive/AISC DeepFake Çalışmaları/Deneyler/Nazlıcan/Deney 1/Kaş/real/train/real_train_00367.jpg,real,0,train,real_train_00367
/content/drive/MyDrive/AISC DeepFake Çalışmaları/Deneyler/Nazlıcan/Deney 1/Kaş/real/train/real_train_00368.jpg,real,0,train,real_train_00368
/content/drive/MyDrive/AISC DeepFake Çalışmaları/Deneyler/Nazlıcan/Deney 1/Kaş/real/train/real_train_00369.jpg,real,0,train,real_train_00369
/content/drive/MyDrive/AISC DeepFake Çalışmaları/Deneyler/Nazlıcan/Deney 1/Kaş/real/train/real_train_00370.jpg,real,0,train,real_train_00370
/content/drive/MyDrive/AISC DeepFake Çalışmaları/Deneyler/Nazlıcan/Deney 1/Kaş/real/train/real_train_00371.jpg,real,0,train,real_train_00371
/content/drive/MyDrive/AISC DeepFake Çalışmaları/Deneyler/Nazlıcan/Deney 1/Kaş/real/train/real_train_00372.jpg,real,0,train,real_train_00372
/content/drive/MyDrive/AISC DeepFake Çalışmaları/Deneyler/Nazlıcan/Deney 1/Kaş/real/train/real_train_00375.jpg,real,0,train,real_train_00375
/content/drive/MyDrive/AISC DeepFake Çalışmaları/Deneyler/Nazlıcan/Deney 1/Kaş/real/train/real_train_00378.jpg,real,0,train,real_train_00378
/content/drive/MyDrive/AISC DeepFake Çalışmaları/Deneyler/Nazlıcan/Deney 1/Kaş/real/train/real_train_00380.jpg,real,0,train,real_train_00380
/content/drive/MyDrive/AISC DeepFake Çalışmaları/Deneyler/Nazlıcan/Deney 1/Kaş/real/train/real_train_00381.jpg,real,0,train,real_train_00381
/content/drive/MyDrive/AISC DeepFake Çalışmaları/Deneyler/Nazlıcan/Deney 1/Kaş/real/train/real_train_00385.jpg,real,0,train,real_train_00385
/content/drive/MyDrive/AISC DeepFake Çalışmaları/Deneyler/Nazlıcan/Deney 1/Kaş/real/train/real_train_00386.jpg,real,0,train,real_train_00386
/content/drive/MyDrive/AISC DeepFake Çalışmaları/Deneyler/Nazlıcan/Deney 1/Kaş/real/train/real_train_00388.jpg,real,0,train,real_train_00388
/content/drive/MyDrive/AISC DeepFake Çalışmaları/Deneyler/Nazlıcan/Deney 1/Kaş/real/train/real_train_00389.jpg,real,0,train,real_train_00389
/content/drive/MyDrive/AISC DeepFake Çalışmaları/Deneyler/Nazlıcan/Deney 1/Kaş/real/train/real_train_00391.jpg,real,0,train,real_train_00391
/content/drive/MyDrive/AISC DeepFake Çalışmaları/Deneyler/Nazlıcan/Deney 1/Kaş/real/train/real_train_00392.jpg,real,0,train,real_train_00392
/content/drive/MyDrive/AISC DeepFake Çalışmaları/Deneyler/Nazlıcan/Deney 1/Kaş/real/train/real_train_00394.jpg,real,0,train,real_train_00394
/content/drive/MyDrive/AISC DeepFake Çalışmaları/Deneyler/Nazlıcan/Deney 1/Kaş/real/train/real_train_00395.jpg,real,0,train,real_train_00395
/content/drive/MyDrive/AISC DeepFake Çalışmaları/Deneyler/Nazlıcan/Deney 1/Kaş/real/train/real_train_00397.jpg,real,0,train,real_train_00397
/content/drive/MyDrive/AISC DeepFake Çalışmaları/Deneyler/Nazlıcan/Deney 1/Kaş/real/train/real_train_00399.jpg,real,0,train,real_train_00399
/content/drive/MyDrive/AISC DeepFake Çalışmaları/Deneyler/Nazlıcan/Deney 1/Kaş/real/train/real_train_00400.jpg,real,0,train,real_train_00400
/content/drive/MyDrive/AISC DeepFake Çalışmaları/Deneyler/Nazlıcan/Deney 1/Kaş/real/train/real_train_00403.jpg,real,0,train,real_train_00403
/content/drive/MyDrive/AISC DeepFake Çalışmaları/Deneyler/Nazlıcan/Deney 1/Kaş/real/train/real_train_00405.jpg,real,0,train,real_train_00405
/content/drive/MyDrive/AISC DeepFake Çalışmaları/Deneyler/Nazlıcan/Deney 1/Kaş/real/train/real_train_00406.jpg,real,0,train,real_train_00406
/content/drive/MyDrive/AISC DeepFake Çalışmaları/Deneyler/Nazlıcan/Deney 1/Kaş/real/train/real_train_00407.jpg,real,0,train,real_train_00407
/content/drive/MyDrive/AISC DeepFake Çalışmaları/Deneyler/Nazlıcan/Deney 1/Kaş/real/train/real_train_00408.jpg,real,0,train,real_train_00408
/content/drive/MyDrive/AISC DeepFake Çalışmaları/Deneyler/Nazlıcan/Deney 1/Kaş/real/train/real_train_00409.jpg,real,0,train,real_train_00409
/content/drive/MyDrive/AISC DeepFake Çalışmaları/Deneyler/Nazlıcan/Deney 1/Kaş/real/train/real_train_00410.jpg,real,0,train,real_train_00410
/content/drive/MyDrive/AISC DeepFake Çalışmaları/Deneyler/Nazlıcan/Deney 1/Kaş/real/train/real_train_00412.jpg,real,0,train,real_train_00412
/content/drive/MyDrive/AISC DeepFake Çalışmaları/Deneyler/Nazlıcan/Deney 1/Kaş/real/train/real_train_00413.jpg,real,0,train,real_train_00413
/content/drive/MyDrive/AISC DeepFake Çalışmaları/Deneyler/Nazlıcan/Deney 1/Kaş/real/train/real_train_00415.jpg,real,0,train,real_train_00415
/content/drive/MyDrive/AISC DeepFake Çalışmaları/Deneyler/Nazlıcan/Deney 1/Kaş/real/train/real_train_00416.jpg,real,0,train,real_train_00416
/content/drive/MyDrive/AISC DeepFake Çalışmaları/Deneyler/Nazlıcan/Deney 1/Kaş/real/train/real_train_00419.jpg,real,0,train,real_train_00419
/content/drive/MyDrive/AISC DeepFake Çalışmaları/Deneyler/Nazlıcan/Deney 1/Kaş/real/train/real_train_00421.jpg,real,0,train,real_train_00421
/content/drive/MyDrive/AISC DeepFake Çalışmaları/Deneyler/Nazlıcan/Deney 1/Kaş/real/train/real_train_00422.jpg,real,0,train,real_train_00422
/content/drive/MyDrive/AISC DeepFake Çalışmaları/Deneyler/Nazlıcan/Deney 1/Kaş/real/train/real_train_00427.jpg,real,0,train,real_train_00427
/content/drive/MyDrive/AISC DeepFake Çalışmaları/Deneyler/Nazlıcan/Deney 1/Kaş/real/train/real_train_00429.jpg,real,0,train,real_train_00429
/content/drive/MyDrive/AISC DeepFake Çalışmaları/Deneyler/Nazlıcan/Deney 1/Kaş/real/train/real_train_00430.jpg,real,0,train,real_train_00430
/content/drive/MyDrive/AISC DeepFake Çalışmaları/Deneyler/Nazlıcan/Deney 1/Kaş/real/train/real_train_00432.jpg,real,0,train,real_train_00432
/content/drive/MyDrive/AISC DeepFake Çalışmaları/Deneyler/Nazlıcan/Deney 1/Kaş/real/train/real_train_00437.jpg,real,0,train,real_train_00437
/content/drive/MyDrive/AISC DeepFake Çalışmaları/Deneyler/Nazlıcan/Deney 1/Kaş/real/train/real_train_00438.jpg,real,0,train,real_train_00438
/content/drive/MyDrive/AISC DeepFake Çalışmaları/Deneyler/Nazlıcan/Deney 1/Kaş/real/train/real_train_00440.jpg,real,0,train,real_train_00440
/content/drive/MyDrive/AISC DeepFake Çalışmaları/Deneyler/Nazlıcan/Deney 1/Kaş/real/train/real_train_00441.jpg,real,0,train,real_train_00441
/content/drive/MyDrive/AISC DeepFake Çalışmaları/Deneyler/Nazlıcan/Deney 1/Kaş/real/train/real_train_00442.jpg,real,0,train,real_train_00442
/content/drive/MyDrive/AISC DeepFake Çalışmaları/Deneyler/Nazlıcan/Deney 1/Kaş/real/train/real_train_00443.jpg,real,0,train,real_train_00443
/content/drive/MyDrive/AISC DeepFake Çalışmaları/Deneyler/Nazlıcan/Deney 1/Kaş/real/train/real_train_00444.jpg,real,0,train,real_train_00444
/content/drive/MyDrive/AISC DeepFake Çalışmaları/Deneyler/Nazlıcan/Deney 1/Kaş/real/train/real_train_00445.jpg,real,0,train,real_train_00445
/content/drive/MyDrive/AISC DeepFake Çalışmaları/Deneyler/Nazlıcan/Deney 1/Kaş/real/train/real_train_00446.jpg,real,0,train,real_train_00446
/content/drive/MyDrive/AISC DeepFake Çalışmaları/Deneyler/Nazlıcan/Deney 1/Kaş/real/train/real_train_00448.jpg,real,0,train,real_train_00448
/content/drive/MyDrive/AISC DeepFake Çalışmaları/Deneyler/Nazlıcan/Deney 1/Kaş/real/train/real_train_00449.jpg,real,0,train,real_train_00449
/content/drive/MyDrive/AISC DeepFake Çalışmaları/Deneyler/Nazlıcan/Deney 1/Kaş/real/train/real_train_00450.jpg,real,0,train,real_train_00450
/content/drive/MyDrive/AISC DeepFake Çalışmaları/Deneyler/Nazlıcan/Deney 1/Kaş/real/train/real_train_00451.jpg,real,0,train,real_train_00451
/content/drive/MyDrive/AISC DeepFake Çalışmaları/Deneyler/Nazlıcan/Deney 1/Kaş/real/train/real_train_00452.jpg,real,0,train,real_train_00452
/content/drive/MyDrive/AISC DeepFake Çalışmaları/Deneyler/Nazlıcan/Deney 1/Kaş/real/train/real_train_00454.jpg,real,0,train,real_train_00454
/content/drive/MyDrive/AISC DeepFake Çalışmaları/Deneyler/Nazlıcan/Deney 1/Kaş/real/train/real_train_00456.jpg,real,0,train,real_train_00456
/content/drive/MyDrive/AISC DeepFake Çalışmaları/Deneyler/Nazlıcan/Deney 1/Kaş/real/train/real_train_00457.jpg,real,0,train,real_train_00457
/content/drive/MyDrive/AISC DeepFake Çalışmaları/Deneyler/Nazlıcan/Deney 1/Kaş/real/train/real_train_00458.jpg,real,0,train,real_train_00458
/content/drive/MyDrive/AISC DeepFake Çalışmaları/Deneyler/Nazlıcan/Deney 1/Kaş/real/train/real_train_00459.jpg,real,0,train,real_train_00459
/content/drive/MyDrive/AISC DeepFake Çalışmaları/Deneyler/Nazlıcan/Deney 1/Kaş/real/train/real_train_00460.jpg,real,0,train,real_train_00460
/content/drive/MyDrive/AISC DeepFake Çalışmaları/Deneyler/Nazlıcan/Deney 1/Kaş/real/train/real_train_00462.jpg,real,0,train,real_train_00462
/content/drive/MyDrive/AISC DeepFake Çalışmaları/Deneyler/Nazlıcan/Deney 1/Kaş/real/train/real_train_00463.jpg,real,0,train,real_train_00463
/content/drive/MyDrive/AISC DeepFake Çalışmaları/Deneyler/Nazlıcan/Deney 1/Kaş/real/train/real_train_00464.jpg,real,0,train,real_train_00464
/content/drive/MyDrive/AISC DeepFake Çalışmaları/Deneyler/Nazlıcan/Deney 1/Kaş/real/train/real_train_00465.jpg,real,0,train,real_train_00465
/content/drive/MyDrive/AISC DeepFake Çalışmaları/Deneyler/Nazlıcan/Deney 1/Kaş/real/train/real_train_00466.jpg,real,0,train,real_train_00466
/content/drive/MyDrive/AISC DeepFake Çalışmaları/Deneyler/Nazlıcan/Deney 1/Kaş/real/train/real_train_00467.jpg,real,0,train,real_train_00467
/content/drive/MyDrive/AISC DeepFake Çalışmaları/Deneyler/Nazlıcan/Deney 1/Kaş/real/train/real_train_00468.jpg,real,0,train,real_train_00468
/content/drive/MyDrive/AISC DeepFake Çalışmaları/Deneyler/Nazlıcan/Deney 1/Kaş/real/train/real_train_00469.jpg,real,0,train,real_train_00469
/content/drive/MyDrive/AISC DeepFake Çalışmaları/Deneyler/Nazlıcan/Deney 1/Kaş/real/train/real_train_00472.jpg,real,0,train,real_train_00472
/content/drive/MyDrive/AISC DeepFake Çalışmaları/Deneyler/Nazlıcan/Deney 1/Kaş/real/train/real_train_00473.jpg,real,0,train,real_train_00473
/content/drive/MyDrive/AISC DeepFake Çalışmaları/Deneyler/Nazlıcan/Deney 1/Kaş/real/train/real_train_00474.jpg,real,0,train,real_train_00474
/content/drive/MyDrive/AISC DeepFake Çalışmaları/Deneyler/Nazlıcan/Deney 1/Kaş/real/train/real_train_00475.jpg,real,0,train,real_train_00475
/content/drive/MyDrive/AISC DeepFake Çalışmaları/Deneyler/Nazlıcan/Deney 1/Kaş/real/train/real_train_00476.jpg,real,0,train,real_train_00476
/content/drive/MyDrive/AISC DeepFake Çalışmaları/Deneyler/Nazlıcan/Deney 1/Kaş/real/train/real_train_00477.jpg,real,0,train,real_train_00477
/content/drive/MyDrive/AISC DeepFake Çalışmaları/Deneyler/Nazlıcan/Deney 1/Kaş/real/train/real_train_00478.jpg,real,0,train,real_train_00478
/content/drive/MyDrive/AISC DeepFake Çalışmaları/Deneyler/Nazlıcan/Deney 1/Kaş/real/train/real_train_00479.jpg,real,0,train,real_train_00479
/content/drive/MyDrive/AISC DeepFake Çalışmaları/Deneyler/Nazlıcan/Deney 1/Kaş/real/train/real_train_00481.jpg,real,0,train,real_train_00481
/content/drive/MyDrive/AISC DeepFake Çalışmaları/Deneyler/Nazlıcan/Deney 1/Kaş/real/train/real_train_00484.jpg,real,0,train,real_train_00484
/content/drive/MyDrive/AISC DeepFake Çalışmaları/Deneyler/Nazlıcan/Deney 1/Kaş/real/train/real_train_00486.jpg,real,0,train,real_train_00486
/content/drive/MyDrive/AISC DeepFake Çalışmaları/Deneyler/Nazlıcan/Deney 1/Kaş/real/train/real_train_00487.jpg,real,0,train,real_train_00487
/content/drive/MyDrive/AISC DeepFake Çalışmaları/Deneyler/Nazlıcan/Deney 1/Kaş/real/train/real_train_00489.jpg,real,0,train,real_train_00489
/content/drive/MyDrive/AISC DeepFake Çalışmaları/Deneyler/Nazlıcan/Deney 1/Kaş/real/train/real_train_00490.jpg,real,0,train,real_train_00490
/content/drive/MyDrive/AISC DeepFake Çalışmaları/Deneyler/Nazlıcan/Deney 1/Kaş/real/train/real_train_00491.jpg,real,0,train,real_train_00491
/content/drive/MyDrive/AISC DeepFake Çalışmaları/Deneyler/Nazlıcan/Deney 1/Kaş/real/train/real_train_00492.jpg,real,0,train,real_train_00492
/content/drive/MyDrive/AISC DeepFake Çalışmaları/Deneyler/Nazlıcan/Deney 1/Kaş/real/train/real_train_00494.jpg,real,0,train,real_train_00494
/content/drive/MyDrive/AISC DeepFake Çalışmaları/Deneyler/Nazlıcan/Deney 1/Kaş/real/train/real_train_00495.jpg,real,0,train,real_train_00495
/content/drive/MyDrive/AISC DeepFake Çalışmaları/Deneyler/Nazlıcan/Deney 1/Kaş/real/train/real_train_00496.jpg,real,0,train,real_train_00496
/content/drive/MyDrive/AISC DeepFake Çalışmaları/Deneyler/Nazlıcan/Deney 1/Kaş/real/train/real_train_00497.jpg,real,0,train,real_train_00497
/content/drive/MyDrive/AISC DeepFake Çalışmaları/Deneyler/Nazlıcan/Deney 1/Kaş/real/train/real_train_00498.jpg,real,0,train,real_train_00498
/content/drive/MyDrive/AISC DeepFake Çalışmaları/Deneyler/Nazlıcan/Deney 1/Kaş/real/train/real_train_00501.jpg,real,0,train,real_train_00501
/content/drive/MyDrive/AISC DeepFake Çalışmaları/Deneyler/Nazlıcan/Deney 1/Kaş/real/train/real_train_00502.jpg,real,0,train,real_train_00502
/content/drive/MyDrive/AISC DeepFake Çalışmaları/Deneyler/Nazlıcan/Deney 1/Kaş/real/train/real_train_00503.jpg,real,0,train,real_train_00503
/content/drive/MyDrive/AISC DeepFake Çalışmaları/Deneyler/Nazlıcan/Deney 1/Kaş/real/train/real_train_00505.jpg,real,0,train,real_train_00505
/content/drive/MyDrive/AISC DeepFake Çalışmaları/Deneyler/Nazlıcan/Deney 1/Kaş/real/train/real_train_00507.jpg,real,0,train,real_train_00507
/content/drive/MyDrive/AISC DeepFake Çalışmaları/Deneyler/Nazlıcan/Deney 1/Kaş/real/train/real_train_00508.jpg,real,0,train,real_train_00508
/content/drive/MyDrive/AISC DeepFake Çalışmaları/Deneyler/Nazlıcan/Deney 1/Kaş/real/train/real_train_00509.jpg,real,0,train,real_train_00509
/content/drive/MyDrive/AISC DeepFake Çalışmaları/Deneyler/Nazlıcan/Deney 1/Kaş/real/train/real_train_00511.jpg,real,0,train,real_train_00511
/content/drive/MyDrive/AISC DeepFake Çalışmaları/Deneyler/Nazlıcan/Deney 1/Kaş/real/train/real_train_00515.jpg,real,0,train,real_train_00515
/content/drive/MyDrive/AISC DeepFake Çalışmaları/Deneyler/Nazlıcan/Deney 1/Kaş/real/train/real_train_00516.jpg,real,0,train,real_train_00516
/content/drive/MyDrive/AISC DeepFake Çalışmaları/Deneyler/Nazlıcan/Deney 1/Kaş/real/train/real_train_00517.jpg,real,0,train,real_train_00517
/content/drive/MyDrive/AISC DeepFake Çalışmaları/Deneyler/Nazlıcan/Deney 1/Kaş/real/train/real_train_00518.jpg,real,0,train,real_train_00518
/content/drive/MyDrive/AISC DeepFake Çalışmaları/Deneyler/Nazlıcan/Deney 1/Kaş/real/train/real_train_00520.jpg,real,0,train,real_train_00520
/content/drive/MyDrive/AISC DeepFake Çalışmaları/Deneyler/Nazlıcan/Deney 1/Kaş/real/train/real_train_00521.jpg,real,0,train,real_train_00521
/content/drive/MyDrive/AISC DeepFake Çalışmaları/Deneyler/Nazlıcan/Deney 1/Kaş/real/train/real_train_00522.jpg,real,0,train,real_train_00522
/content/drive/MyDrive/AISC DeepFake Çalışmaları/Deneyler/Nazlıcan/Deney 1/Kaş/real/train/real_train_00523.jpg,real,0,train,real_train_00523
/content/drive/MyDrive/AISC DeepFake Çalışmaları/Deneyler/Nazlıcan/Deney 1/Kaş/real/train/real_train_00525.jpg,real,0,train,real_train_00525
/content/drive/MyDrive/AISC DeepFake Çalışmaları/Deneyler/Nazlıcan/Deney 1/Kaş/real/train/real_train_00527.jpg,real,0,train,real_train_00527
/content/drive/MyDrive/AISC DeepFake Çalışmaları/Deneyler/Nazlıcan/Deney 1/Kaş/real/train/real_train_00528.jpg,real,0,train,real_train_00528
/content/drive/MyDrive/AISC DeepFake Çalışmaları/Deneyler/Nazlıcan/Deney 1/Kaş/real/train/real_train_00530.jpg,real,0,train,real_train_00530
/content/drive/MyDrive/AISC DeepFake Çalışmaları/Deneyler/Nazlıcan/Deney 1/Kaş/real/train/real_train_00534.jpg,real,0,train,real_train_00534
/content/drive/MyDrive/AISC DeepFake Çalışmaları/Deneyler/Nazlıcan/Deney 1/Kaş/real/train/real_train_00535.jpg,real,0,train,real_train_00535
/content/drive/MyDrive/AISC DeepFake Çalışmaları/Deneyler/Nazlıcan/Deney 1/Kaş/real/train/real_train_00536.jpg,real,0,train,real_train_00536
/content/drive/MyDrive/AISC DeepFake Çalışmaları/Deneyler/Nazlıcan/Deney 1/Kaş/real/train/real_train_00537.jpg,real,0,train,real_train_00537
/content/drive/MyDrive/AISC DeepFake Çalışmaları/Deneyler/Nazlıcan/Deney 1/Kaş/real/train/real_train_00538.jpg,real,0,train,real_train_00538
/content/drive/MyDrive/AISC DeepFake Çalışmaları/Deneyler/Nazlıcan/Deney 1/Kaş/real/train/real_train_00539.jpg,real,0,train,real_train_00539
/content/drive/MyDrive/AISC DeepFake Çalışmaları/Deneyler/Nazlıcan/Deney 1/Kaş/real/train/real_train_00540.jpg,real,0,train,real_train_00540
/content/drive/MyDrive/AISC DeepFake Çalışmaları/Deneyler/Nazlıcan/Deney 1/Kaş/real/train/real_train_00541.jpg,real,0,train,real_train_00541
/content/drive/MyDrive/AISC DeepFake Çalışmaları/Deneyler/Nazlıcan/Deney 1/Kaş/real/train/real_train_00543.jpg,real,0,train,real_train_00543
/content/drive/MyDrive/AISC DeepFake Çalışmaları/Deneyler/Nazlıcan/Deney 1/Kaş/real/train/real_train_00544.jpg,real,0,train,real_train_00544
/content/drive/MyDrive/AISC DeepFake Çalışmaları/Deneyler/Nazlıcan/Deney 1/Kaş/real/train/real_train_00545.jpg,real,0,train,real_train_00545
/content/drive/MyDrive/AISC DeepFake Çalışmaları/Deneyler/Nazlıcan/Deney 1/Kaş/real/train/real_train_00546.jpg,real,0,train,real_train_00546
/content/drive/MyDrive/AISC DeepFake Çalışmaları/Deneyler/Nazlıcan/Deney 1/Kaş/real/train/real_train_00548.jpg,real,0,train,real_train_00548
/content/drive/MyDrive/AISC DeepFake Çalışmaları/Deneyler/Nazlıcan/Deney 1/Kaş/real/train/real_train_00549.jpg,real,0,train,real_train_00549
/content/drive/MyDrive/AISC DeepFake Çalışmaları/Deneyler/Nazlıcan/Deney 1/Kaş/real/train/real_train_00551.jpg,real,0,train,real_train_00551
/content/drive/MyDrive/AISC DeepFake Çalışmaları/Deneyler/Nazlıcan/Deney 1/Kaş/real/train/real_train_00552.jpg,real,0,train,real_train_00552
/content/drive/MyDrive/AISC DeepFake Çalışmaları/Deneyler/Nazlıcan/Deney 1/Kaş/real/train/real_train_00555.jpg,real,0,train,real_train_00555
/content/drive/MyDrive/AISC DeepFake Çalışmaları/Deneyler/Nazlıcan/Deney 1/Kaş/real/train/real_train_00557.jpg,real,0,train,real_train_00557
/content/drive/MyDrive/AISC DeepFake Çalışmaları/Deneyler/Nazlıcan/Deney 1/Kaş/real/train/real_train_00558.jpg,real,0,train,real_train_00558
/content/drive/MyDrive/AISC DeepFake Çalışmaları/Deneyler/Nazlıcan/Deney 1/Kaş/real/train/real_train_00559.jpg,real,0,train,real_train_00559
/content/drive/MyDrive/AISC DeepFake Çalışmaları/Deneyler/Nazlıcan/Deney 1/Kaş/real/train/real_train_00561.jpg,real,0,train,real_train_00561
/content/drive/MyDrive/AISC DeepFake Çalışmaları/Deneyler/Nazlıcan/Deney 1/Kaş/real/train/real_train_00562.jpg,real,0,train,real_train_00562
/content/drive/MyDrive/AISC DeepFake Çalışmaları/Deneyler/Nazlıcan/Deney 1/Kaş/real/train/real_train_00563.jpg,real,0,train,real_train_00563
/content/drive/MyDrive/AISC DeepFake Çalışmaları/Deneyler/Nazlıcan/Deney 1/Kaş/real/train/real_train_00565.jpg,real,0,train,real_train_00565
/content/drive/MyDrive/AISC DeepFake Çalışmaları/Deneyler/Nazlıcan/Deney 1/Kaş/real/train/real_train_00566.jpg,real,0,train,real_train_00566
/content/drive/MyDrive/AISC DeepFake Çalışmaları/Deneyler/Nazlıcan/Deney 1/Kaş/real/train/real_train_00567.jpg,real,0,train,real_train_00567
/content/drive/MyDrive/AISC DeepFake Çalışmaları/Deneyler/Nazlıcan/Deney 1/Kaş/real/train/real_train_00568.jpg,real,0,train,real_train_00568
/content/drive/MyDrive/AISC DeepFake Çalışmaları/Deneyler/Nazlıcan/Deney 1/Kaş/real/train/real_train_00569.jpg,real,0,train,real_train_00569
/content/drive/MyDrive/AISC DeepFake Çalışmaları/Deneyler/Nazlıcan/Deney 1/Kaş/real/train/real_train_00570.jpg,real,0,train,real_train_00570
/content/drive/MyDrive/AISC DeepFake Çalışmaları/Deneyler/Nazlıcan/Deney 1/Kaş/real/train/real_train_00571.jpg,real,0,train,real_train_00571
/content/drive/MyDrive/AISC DeepFake Çalışmaları/Deneyler/Nazlıcan/Deney 1/Kaş/real/train/real_train_00572.jpg,real,0,train,real_train_00572
/content/drive/MyDrive/AISC DeepFake Çalışmaları/Deneyler/Nazlıcan/Deney 1/Kaş/real/train/real_train_00573.jpg,real,0,train,real_train_00573
/content/drive/MyDrive/AISC DeepFake Çalışmaları/Deneyler/Nazlıcan/Deney 1/Kaş/real/train/real_train_00574.jpg,real,0,train,real_train_00574
/content/drive/MyDrive/AISC DeepFake Çalışmaları/Deneyler/Nazlıcan/Deney 1/Kaş/real/train/real_train_00575.jpg,real,0,train,real_train_00575
/content/drive/MyDrive/AISC DeepFake Çalışmaları/Deneyler/Nazlıcan/Deney 1/Kaş/real/train/real_train_00578.jpg,real,0,train,real_train_00578
/content/drive/MyDrive/AISC DeepFake Çalışmaları/Deneyler/Nazlıcan/Deney 1/Kaş/real/train/real_train_00581.jpg,real,0,train,real_train_00581
/content/drive/MyDrive/AISC DeepFake Çalışmaları/Deneyler/Nazlıcan/Deney 1/Kaş/real/train/real_train_00582.jpg,real,0,train,real_train_00582
/content/drive/MyDrive/AISC DeepFake Çalışmaları/Deneyler/Nazlıcan/Deney 1/Kaş/real/train/real_train_00584.jpg,real,0,train,real_train_00584
/content/drive/MyDrive/AISC DeepFake Çalışmaları/Deneyler/Nazlıcan/Deney 1/Kaş/real/train/real_train_00588.jpg,real,0,train,real_train_00588
/content/drive/MyDrive/AISC DeepFake Çalışmaları/Deneyler/Nazlıcan/Deney 1/Kaş/real/train/real_train_00589.jpg,real,0,train,real_train_00589
/content/drive/MyDrive/AISC DeepFake Çalışmaları/Deneyler/Nazlıcan/Deney 1/Kaş/real/train/real_train_00590.jpg,real,0,train,real_train_00590
/content/drive/MyDrive/AISC DeepFake Çalışmaları/Deneyler/Nazlıcan/Deney 1/Kaş/real/train/real_train_00594.jpg,real,0,train,real_train_00594
/content/drive/MyDrive/AISC DeepFake Çalışmaları/Deneyler/Nazlıcan/Deney 1/Kaş/real/train/real_train_00596.jpg,real,0,train,real_train_00596
/content/drive/MyDrive/AISC DeepFake Çalışmaları/Deneyler/Nazlıcan/Deney 1/Kaş/real/train/real_train_00598.jpg,real,0,train,real_train_00598
/content/drive/MyDrive/AISC DeepFake Çalışmaları/Deneyler/Nazlıcan/Deney 1/Kaş/real/train/real_train_00599.jpg,real,0,train,real_train_00599
/content/drive/MyDrive/AISC DeepFake Çalışmaları/Deneyler/Nazlıcan/Deney 1/Kaş/real/train/real_train_00600.jpg,real,0,train,real_train_00600
/content/drive/MyDrive/AISC DeepFake Çalışmaları/Deneyler/Nazlıcan/Deney 1/Kaş/real/train/real_train_00602.jpg,real,0,train,real_train_00602
/content/drive/MyDrive/AISC DeepFake Çalışmaları/Deneyler/Nazlıcan/Deney 1/Kaş/real/train/real_train_00604.jpg,real,0,train,real_train_00604
/content/drive/MyDrive/AISC DeepFake Çalışmaları/Deneyler/Nazlıcan/Deney 1/Kaş/real/train/real_train_00605.jpg,real,0,train,real_train_00605
/content/drive/MyDrive/AISC DeepFake Çalışmaları/Deneyler/Nazlıcan/Deney 1/Kaş/real/train/real_train_00606.jpg,real,0,train,real_train_00606
/content/drive/MyDrive/AISC DeepFake Çalışmaları/Deneyler/Nazlıcan/Deney 1/Kaş/real/train/real_train_00607.jpg,real,0,train,real_train_00607
/content/drive/MyDrive/AISC DeepFake Çalışmaları/Deneyler/Nazlıcan/Deney 1/Kaş/real/train/real_train_00608.jpg,real,0,train,real_train_00608
/content/drive/MyDrive/AISC DeepFake Çalışmaları/Deneyler/Nazlıcan/Deney 1/Kaş/real/train/real_train_00609.jpg,real,0,train,real_train_00609
/content/drive/MyDrive/AISC DeepFake Çalışmaları/Deneyler/Nazlıcan/Deney 1/Kaş/real/train/real_train_00610.jpg,real,0,train,real_train_00610
/content/drive/MyDrive/AISC DeepFake Çalışmaları/Deneyler/Nazlıcan/Deney 1/Kaş/real/train/real_train_00611.jpg,real,0,train,real_train_00611
/content/drive/MyDrive/AISC DeepFake Çalışmaları/Deneyler/Nazlıcan/Deney 1/Kaş/real/train/real_train_00615.jpg,real,0,train,real_train_00615
/content/drive/MyDrive/AISC DeepFake Çalışmaları/Deneyler/Nazlıcan/Deney 1/Kaş/real/train/real_train_00616.jpg,real,0,train,real_train_00616
/content/drive/MyDrive/AISC DeepFake Çalışmaları/Deneyler/Nazlıcan/Deney 1/Kaş/real/train/real_train_00617.jpg,real,0,train,real_train_00617
/content/drive/MyDrive/AISC DeepFake Çalışmaları/Deneyler/Nazlıcan/Deney 1/Kaş/real/train/real_train_00619.jpg,real,0,train,real_train_00619
/content/drive/MyDrive/AISC DeepFake Çalışmaları/Deneyler/Nazlıcan/Deney 1/Kaş/real/train/real_train_00620.jpg,real,0,train,real_train_00620
/content/drive/MyDrive/AISC DeepFake Çalışmaları/Deneyler/Nazlıcan/Deney 1/Kaş/real/train/real_train_00622.jpg,real,0,train,real_train_00622
/content/drive/MyDrive/AISC DeepFake Çalışmaları/Deneyler/Nazlıcan/Deney 1/Kaş/real/train/real_train_00623.jpg,real,0,train,real_train_00623
/content/drive/MyDrive/AISC DeepFake Çalışmaları/Deneyler/Nazlıcan/Deney 1/Kaş/real/train/real_train_00624.jpg,real,0,train,real_train_00624
/content/drive/MyDrive/AISC DeepFake Çalışmaları/Deneyler/Nazlıcan/Deney 1/Kaş/real/train/real_train_00626.jpg,real,0,train,real_train_00626
/content/drive/MyDrive/AISC DeepFake Çalışmaları/Deneyler/Nazlıcan/Deney 1/Kaş/real/train/real_train_00627.jpg,real,0,train,real_train_00627
/content/drive/MyDrive/AISC DeepFake Çalışmaları/Deneyler/Nazlıcan/Deney 1/Kaş/real/train/real_train_00628.jpg,real,0,train,real_train_00628
/content/drive/MyDrive/AISC DeepFake Çalışmaları/Deneyler/Nazlıcan/Deney 1/Kaş/real/train/real_train_00630.jpg,real,0,train,real_train_00630
/content/drive/MyDrive/AISC DeepFake Çalışmaları/Deneyler/Nazlıcan/Deney 1/Kaş/real/train/real_train_00631.jpg,real,0,train,real_train_00631
/content/drive/MyDrive/AISC DeepFake Çalışmaları/Deneyler/Nazlıcan/Deney 1/Kaş/real/train/real_train_00632.jpg,real,0,train,real_train_00632
/content/drive/MyDrive/AISC DeepFake Çalışmaları/Deneyler/Nazlıcan/Deney 1/Kaş/real/train/real_train_00633.jpg,real,0,train,real_train_00633
/content/drive/MyDrive/AISC DeepFake Çalışmaları/Deneyler/Nazlıcan/Deney 1/Kaş/real/train/real_train_00635.jpg,real,0,train,real_train_00635
/content/drive/MyDrive/AISC DeepFake Çalışmaları/Deneyler/Nazlıcan/Deney 1/Kaş/real/train/real_train_00636.jpg,real,0,train,real_train_00636
/content/drive/MyDrive/AISC DeepFake Çalışmaları/Deneyler/Nazlıcan/Deney 1/Kaş/real/train/real_train_00637.jpg,real,0,train,real_train_00637
/content/drive/MyDrive/AISC DeepFake Çalışmaları/Deneyler/Nazlıcan/Deney 1/Kaş/real/train/real_train_00641.jpg,real,0,train,real_train_00641
/content/drive/MyDrive/AISC DeepFake Çalışmaları/Deneyler/Nazlıcan/Deney 1/Kaş/real/train/real_train_00642.jpg,real,0,train,real_train_00642
/content/drive/MyDrive/AISC DeepFake Çalışmaları/Deneyler/Nazlıcan/Deney 1/Kaş/real/train/real_train_00643.jpg,real,0,train,real_train_00643
/content/drive/MyDrive/AISC DeepFake Çalışmaları/Deneyler/Nazlıcan/Deney 1/Kaş/real/train/real_train_00644.jpg,real,0,train,real_train_00644
/content/drive/MyDrive/AISC DeepFake Çalışmaları/Deneyler/Nazlıcan/Deney 1/Kaş/real/train/real_train_00645.jpg,real,0,train,real_train_00645
/content/drive/MyDrive/AISC DeepFake Çalışmaları/Deneyler/Nazlıcan/Deney 1/Kaş/real/train/real_train_00646.jpg,real,0,train,real_train_00646
/content/drive/MyDrive/AISC DeepFake Çalışmaları/Deneyler/Nazlıcan/Deney 1/Kaş/real/train/real_train_00647.jpg,real,0,train,real_train_00647
/content/drive/MyDrive/AISC DeepFake Çalışmaları/Deneyler/Nazlıcan/Deney 1/Kaş/real/train/real_train_00650.jpg,real,0,train,real_train_00650
/content/drive/MyDrive/AISC DeepFake Çalışmaları/Deneyler/Nazlıcan/Deney 1/Kaş/real/train/real_train_00651.jpg,real,0,train,real_train_00651
/content/drive/MyDrive/AISC DeepFake Çalışmaları/Deneyler/Nazlıcan/Deney 1/Kaş/real/train/real_train_00654.jpg,real,0,train,real_train_00654
/content/drive/MyDrive/AISC DeepFake Çalışmaları/Deneyler/Nazlıcan/Deney 1/Kaş/real/train/real_train_00655.jpg,real,0,train,real_train_00655
/content/drive/MyDrive/AISC DeepFake Çalışmaları/Deneyler/Nazlıcan/Deney 1/Kaş/real/train/real_train_00656.jpg,real,0,train,real_train_00656
/content/drive/MyDrive/AISC DeepFake Çalışmaları/Deneyler/Nazlıcan/Deney 1/Kaş/real/train/real_train_00657.jpg,real,0,train,real_train_00657
/content/drive/MyDrive/AISC DeepFake Çalışmaları/Deneyler/Nazlıcan/Deney 1/Kaş/real/train/real_train_00658.jpg,real,0,train,real_train_00658
/content/drive/MyDrive/AISC DeepFake Çalışmaları/Deneyler/Nazlıcan/Deney 1/Kaş/real/train/real_train_00659.jpg,real,0,train,real_train_00659
/content/drive/MyDrive/AISC DeepFake Çalışmaları/Deneyler/Nazlıcan/Deney 1/Kaş/real/train/real_train_00661.jpg,real,0,train,real_train_00661
/content/drive/MyDrive/AISC DeepFake Çalışmaları/Deneyler/Nazlıcan/Deney 1/Kaş/real/train/real_train_00662.jpg,real,0,train,real_train_00662
/content/drive/MyDrive/AISC DeepFake Çalışmaları/Deneyler/Nazlıcan/Deney 1/Kaş/real/train/real_train_00663.jpg,real,0,train,real_train_00663
/content/drive/MyDrive/AISC DeepFake Çalışmaları/Deneyler/Nazlıcan/Deney 1/Kaş/real/train/real_train_00664.jpg,real,0,train,real_train_00664
/content/drive/MyDrive/AISC DeepFake Çalışmaları/Deneyler/Nazlıcan/Deney 1/Kaş/real/train/real_train_00667.jpg,real,0,train,real_train_00667
/content/drive/MyDrive/AISC DeepFake Çalışmaları/Deneyler/Nazlıcan/Deney 1/Kaş/real/train/real_train_00670.jpg,real,0,train,real_train_00670
/content/drive/MyDrive/AISC DeepFake Çalışmaları/Deneyler/Nazlıcan/Deney 1/Kaş/real/train/real_train_00674.jpg,real,0,train,real_train_00674
/content/drive/MyDrive/AISC DeepFake Çalışmaları/Deneyler/Nazlıcan/Deney 1/Kaş/real/train/real_train_00676.jpg,real,0,train,real_train_00676
/content/drive/MyDrive/AISC DeepFake Çalışmaları/Deneyler/Nazlıcan/Deney 1/Kaş/real/train/real_train_00679.jpg,real,0,train,real_train_00679
/content/drive/MyDrive/AISC DeepFake Çalışmaları/Deneyler/Nazlıcan/Deney 1/Kaş/real/train/real_train_00681.jpg,real,0,train,real_train_00681
/content/drive/MyDrive/AISC DeepFake Çalışmaları/Deneyler/Nazlıcan/Deney 1/Kaş/real/train/real_train_00682.jpg,real,0,train,real_train_00682
/content/drive/MyDrive/AISC DeepFake Çalışmaları/Deneyler/Nazlıcan/Deney 1/Kaş/real/train/real_train_00685.jpg,real,0,train,real_train_00685
/content/drive/MyDrive/AISC DeepFake Çalışmaları/Deneyler/Nazlıcan/Deney 1/Kaş/real/train/real_train_00686.jpg,real,0,train,real_train_00686
/content/drive/MyDrive/AISC DeepFake Çalışmaları/Deneyler/Nazlıcan/Deney 1/Kaş/real/train/real_train_00689.jpg,real,0,train,real_train_00689
/content/drive/MyDrive/AISC DeepFake Çalışmaları/Deneyler/Nazlıcan/Deney 1/Kaş/real/train/real_train_00690.jpg,real,0,train,real_train_00690
/content/drive/MyDrive/AISC DeepFake Çalışmaları/Deneyler/Nazlıcan/Deney 1/Kaş/real/train/real_train_00691.jpg,real,0,train,real_train_00691
/content/drive/MyDrive/AISC DeepFake Çalışmaları/Deneyler/Nazlıcan/Deney 1/Kaş/real/train/real_train_00692.jpg,real,0,train,real_train_00692
/content/drive/MyDrive/AISC DeepFake Çalışmaları/Deneyler/Nazlıcan/Deney 1/Kaş/real/train/real_train_00694.jpg,real,0,train,real_train_00694
/content/drive/MyDrive/AISC DeepFake Çalışmaları/Deneyler/Nazlıcan/Deney 1/Kaş/real/train/real_train_00695.jpg,real,0,train,real_train_00695
/content/drive/MyDrive/AISC DeepFake Çalışmaları/Deneyler/Nazlıcan/Deney 1/Kaş/real/train/real_train_00697.jpg,real,0,train,real_train_00697
/content/drive/MyDrive/AISC DeepFake Çalışmaları/Deneyler/Nazlıcan/Deney 1/Kaş/real/train/real_train_00698.jpg,real,0,train,real_train_00698
/content/drive/MyDrive/AISC DeepFake Çalışmaları/Deneyler/Nazlıcan/Deney 1/Kaş/real/train/real_train_00699.jpg,real,0,train,real_train_00699
/content/drive/MyDrive/AISC DeepFake Çalışmaları/Deneyler/Nazlıcan/Deney 1/Kaş/real/train/real_train_00700.jpg,real,0,train,real_train_00700
/content/drive/MyDrive/AISC DeepFake Çalışmaları/Deneyler/Nazlıcan/Deney 1/Kaş/real/train/real_train_00701.jpg,real,0,train,real_train_00701
/content/drive/MyDrive/AISC DeepFake Çalışmaları/Deneyler/Nazlıcan/Deney 1/Kaş/real/train/real_train_00702.jpg,real,0,train,real_train_00702
/content/drive/MyDrive/AISC DeepFake Çalışmaları/Deneyler/Nazlıcan/Deney 1/Kaş/real/train/real_train_00703.jpg,real,0,train,real_train_00703
/content/drive/MyDrive/AISC DeepFake Çalışmaları/Deneyler/Nazlıcan/Deney 1/Kaş/real/train/real_train_00704.jpg,real,0,train,real_train_00704
/content/drive/MyDrive/AISC DeepFake Çalışmaları/Deneyler/Nazlıcan/Deney 1/Kaş/real/train/real_train_00705.jpg,real,0,train,real_train_00705
/content/drive/MyDrive/AISC DeepFake Çalışmaları/Deneyler/Nazlıcan/Deney 1/Kaş/real/train/real_train_00706.jpg,real,0,train,real_train_00706
/content/drive/MyDrive/AISC DeepFake Çalışmaları/Deneyler/Nazlıcan/Deney 1/Kaş/real/train/real_train_00707.jpg,real,0,train,real_train_00707
/content/drive/MyDrive/AISC DeepFake Çalışmaları/Deneyler/Nazlıcan/Deney 1/Kaş/real/train/real_train_00709.jpg,real,0,train,real_train_00709
/content/drive/MyDrive/AISC DeepFake Çalışmaları/Deneyler/Nazlıcan/Deney 1/Kaş/real/train/real_train_00711.jpg,real,0,train,real_train_00711
/content/drive/MyDrive/AISC DeepFake Çalışmaları/Deneyler/Nazlıcan/Deney 1/Kaş/real/train/real_train_00712.jpg,real,0,train,real_train_00712
/content/drive/MyDrive/AISC DeepFake Çalışmaları/Deneyler/Nazlıcan/Deney 1/Kaş/real/train/real_train_00713.jpg,real,0,train,real_train_00713
/content/drive/MyDrive/AISC DeepFake Çalışmaları/Deneyler/Nazlıcan/Deney 1/Kaş/real/train/real_train_00715.jpg,real,0,train,real_train_00715
/content/drive/MyDrive/AISC DeepFake Çalışmaları/Deneyler/Nazlıcan/Deney 1/Kaş/real/train/real_train_00716.jpg,real,0,train,real_train_00716
/content/drive/MyDrive/AISC DeepFake Çalışmaları/Deneyler/Nazlıcan/Deney 1/Kaş/real/train/real_train_00718.jpg,real,0,train,real_train_00718
/content/drive/MyDrive/AISC DeepFake Çalışmaları/Deneyler/Nazlıcan/Deney 1/Kaş/real/train/real_train_00719.jpg,real,0,train,real_train_00719
/content/drive/MyDrive/AISC DeepFake Çalışmaları/Deneyler/Nazlıcan/Deney 1/Kaş/real/train/real_train_00720.jpg,real,0,train,real_train_00720
/content/drive/MyDrive/AISC DeepFake Çalışmaları/Deneyler/Nazlıcan/Deney 1/Kaş/real/train/real_train_00721.jpg,real,0,train,real_train_00721
/content/drive/MyDrive/AISC DeepFake Çalışmaları/Deneyler/Nazlıcan/Deney 1/Kaş/real/train/real_train_00723.jpg,real,0,train,real_train_00723
/content/drive/MyDrive/AISC DeepFake Çalışmaları/Deneyler/Nazlıcan/Deney 1/Kaş/real/train/real_train_00726.jpg,real,0,train,real_train_00726
/content/drive/MyDrive/AISC DeepFake Çalışmaları/Deneyler/Nazlıcan/Deney 1/Kaş/real/train/real_train_00731.jpg,real,0,train,real_train_00731
/content/drive/MyDrive/AISC DeepFake Çalışmaları/Deneyler/Nazlıcan/Deney 1/Kaş/real/train/real_train_00732.jpg,real,0,train,real_train_00732
/content/drive/MyDrive/AISC DeepFake Çalışmaları/Deneyler/Nazlıcan/Deney 1/Kaş/real/train/real_train_00733.jpg,real,0,train,real_train_00733
/content/drive/MyDrive/AISC DeepFake Çalışmaları/Deneyler/Nazlıcan/Deney 1/Kaş/real/train/real_train_00734.jpg,real,0,train,real_train_00734
/content/drive/MyDrive/AISC DeepFake Çalışmaları/Deneyler/Nazlıcan/Deney 1/Kaş/real/train/real_train_00736.jpg,real,0,train,real_train_00736
/content/drive/MyDrive/AISC DeepFake Çalışmaları/Deneyler/Nazlıcan/Deney 1/Kaş/real/train/real_train_00737.jpg,real,0,train,real_train_00737
/content/drive/MyDrive/AISC DeepFake Çalışmaları/Deneyler/Nazlıcan/Deney 1/Kaş/real/train/real_train_00739.jpg,real,0,train,real_train_00739
/content/drive/MyDrive/AISC DeepFake Çalışmaları/Deneyler/Nazlıcan/Deney 1/Kaş/real/train/real_train_00740.jpg,real,0,train,real_train_00740
/content/drive/MyDrive/AISC DeepFake Çalışmaları/Deneyler/Nazlıcan/Deney 1/Kaş/real/train/real_train_00741.jpg,real,0,train,real_train_00741
/content/drive/MyDrive/AISC DeepFake Çalışmaları/Deneyler/Nazlıcan/Deney 1/Kaş/real/train/real_train_00742.jpg,real,0,train,real_train_00742
/content/drive/MyDrive/AISC DeepFake Çalışmaları/Deneyler/Nazlıcan/Deney 1/Kaş/real/train/real_train_00743.jpg,real,0,train,real_train_00743
/content/drive/MyDrive/AISC DeepFake Çalışmaları/Deneyler/Nazlıcan/Deney 1/Kaş/real/train/real_train_00744.jpg,real,0,train,real_train_00744
/content/drive/MyDrive/AISC DeepFake Çalışmaları/Deneyler/Nazlıcan/Deney 1/Kaş/real/train/real_train_00745.jpg,real,0,train,real_train_00745
/content/drive/MyDrive/AISC DeepFake Çalışmaları/Deneyler/Nazlıcan/Deney 1/Kaş/real/train/real_train_00747.jpg,real,0,train,real_train_00747
/content/drive/MyDrive/AISC DeepFake Çalışmaları/Deneyler/Nazlıcan/Deney 1/Kaş/real/train/real_train_00748.jpg,real,0,train,real_train_00748
/content/drive/MyDrive/AISC DeepFake Çalışmaları/Deneyler/Nazlıcan/Deney 1/Kaş/real/train/real_train_00749.jpg,real,0,train,real_train_00749
/content/drive/MyDrive/AISC DeepFake Çalışmaları/Deneyler/Nazlıcan/Deney 1/Kaş/real/train/real_train_00750.jpg,real,0,train,real_train_00750
/content/drive/MyDrive/AISC DeepFake Çalışmaları/Deneyler/Nazlıcan/Deney 1/Kaş/real/train/real_train_00752.jpg,real,0,train,real_train_00752
/content/drive/MyDrive/AISC DeepFake Çalışmaları/Deneyler/Nazlıcan/Deney 1/Kaş/real/train/real_train_00757.jpg,real,0,train,real_train_00757
/content/drive/MyDrive/AISC DeepFake Çalışmaları/Deneyler/Nazlıcan/Deney 1/Kaş/real/train/real_train_00758.jpg,real,0,train,real_train_00758
/content/drive/MyDrive/AISC DeepFake Çalışmaları/Deneyler/Nazlıcan/Deney 1/Kaş/real/train/real_train_00759.jpg,real,0,train,real_train_00759
/content/drive/MyDrive/AISC DeepFake Çalışmaları/Deneyler/Nazlıcan/Deney 1/Kaş/real/train/real_train_00762.jpg,real,0,train,real_train_00762
/content/drive/MyDrive/AISC DeepFake Çalışmaları/Deneyler/Nazlıcan/Deney 1/Kaş/real/train/real_train_00763.jpg,real,0,train,real_train_00763
/content/drive/MyDrive/AISC DeepFake Çalışmaları/Deneyler/Nazlıcan/Deney 1/Kaş/real/train/real_train_00766.jpg,real,0,train,real_train_00766
/content/drive/MyDrive/AISC DeepFake Çalışmaları/Deneyler/Nazlıcan/Deney 1/Kaş/real/train/real_train_00767.jpg,real,0,train,real_train_00767
/content/drive/MyDrive/AISC DeepFake Çalışmaları/Deneyler/Nazlıcan/Deney 1/Kaş/real/train/real_train_00769.jpg,real,0,train,real_train_00769
/content/drive/MyDrive/AISC DeepFake Çalışmaları/Deneyler/Nazlıcan/Deney 1/Kaş/real/train/real_train_00770.jpg,real,0,train,real_train_00770
/content/drive/MyDrive/AISC DeepFake Çalışmaları/Deneyler/Nazlıcan/Deney 1/Kaş/real/train/real_train_00771.jpg,real,0,train,real_train_00771
/content/drive/MyDrive/AISC DeepFake Çalışmaları/Deneyler/Nazlıcan/Deney 1/Kaş/real/train/real_train_00772.jpg,real,0,train,real_train_00772
/content/drive/MyDrive/AISC DeepFake Çalışmaları/Deneyler/Nazlıcan/Deney 1/Kaş/real/train/real_train_00774.jpg,real,0,train,real_train_00774
/content/drive/MyDrive/AISC DeepFake Çalışmaları/Deneyler/Nazlıcan/Deney 1/Kaş/real/train/real_train_00775.jpg,real,0,train,real_train_00775
/content/drive/MyDrive/AISC DeepFake Çalışmaları/Deneyler/Nazlıcan/Deney 1/Kaş/real/train/real_train_00776.jpg,real,0,train,real_train_00776
/content/drive/MyDrive/AISC DeepFake Çalışmaları/Deneyler/Nazlıcan/Deney 1/Kaş/real/train/real_train_00777.jpg,real,0,train,real_train_00777
/content/drive/MyDrive/AISC DeepFake Çalışmaları/Deneyler/Nazlıcan/Deney 1/Kaş/real/train/real_train_00778.jpg,real,0,train,real_train_00778
/content/drive/MyDrive/AISC DeepFake Çalışmaları/Deneyler/Nazlıcan/Deney 1/Kaş/real/train/real_train_00780.jpg,real,0,train,real_train_00780
/content/drive/MyDrive/AISC DeepFake Çalışmaları/Deneyler/Nazlıcan/Deney 1/Kaş/real/train/real_train_00781.jpg,real,0,train,real_train_00781
/content/drive/MyDrive/AISC DeepFake Çalışmaları/Deneyler/Nazlıcan/Deney 1/Kaş/real/train/real_train_00782.jpg,real,0,train,real_train_00782
/content/drive/MyDrive/AISC DeepFake Çalışmaları/Deneyler/Nazlıcan/Deney 1/Kaş/real/train/real_train_00783.jpg,real,0,train,real_train_00783
/content/drive/MyDrive/AISC DeepFake Çalışmaları/Deneyler/Nazlıcan/Deney 1/Kaş/real/train/real_train_00786.jpg,real,0,train,real_train_00786
/content/drive/MyDrive/AISC DeepFake Çalışmaları/Deneyler/Nazlıcan/Deney 1/Kaş/real/train/real_train_00788.jpg,real,0,train,real_train_00788
/content/drive/MyDrive/AISC DeepFake Çalışmaları/Deneyler/Nazlıcan/Deney 1/Kaş/real/train/real_train_00789.jpg,real,0,train,real_train_00789
/content/drive/MyDrive/AISC DeepFake Çalışmaları/Deneyler/Nazlıcan/Deney 1/Kaş/real/train/real_train_00791.jpg,real,0,train,real_train_00791
/content/drive/MyDrive/AISC DeepFake Çalışmaları/Deneyler/Nazlıcan/Deney 1/Kaş/real/train/real_train_00792.jpg,real,0,train,real_train_00792
/content/drive/MyDrive/AISC DeepFake Çalışmaları/Deneyler/Nazlıcan/Deney 1/Kaş/real/train/real_train_00793.jpg,real,0,train,real_train_00793
/content/drive/MyDrive/AISC DeepFake Çalışmaları/Deneyler/Nazlıcan/Deney 1/Kaş/real/train/real_train_00794.jpg,real,0,train,real_train_00794
/content/drive/MyDrive/AISC DeepFake Çalışmaları/Deneyler/Nazlıcan/Deney 1/Kaş/real/train/real_train_00795.jpg,real,0,train,real_train_00795
/content/drive/MyDrive/AISC DeepFake Çalışmaları/Deneyler/Nazlıcan/Deney 1/Kaş/real/train/real_train_00796.jpg,real,0,train,real_train_00796
/content/drive/MyDrive/AISC DeepFake Çalışmaları/Deneyler/Nazlıcan/Deney 1/Kaş/real/train/real_train_00797.jpg,real,0,train,real_train_00797
/content/drive/MyDrive/AISC DeepFake Çalışmaları/Deneyler/Nazlıcan/Deney 1/Kaş/real/train/real_train_00801.jpg,real,0,train,real_train_00801
/content/drive/MyDrive/AISC DeepFake Çalışmaları/Deneyler/Nazlıcan/Deney 1/Kaş/real/train/real_train_00802.jpg,real,0,train,real_train_00802
/content/drive/MyDrive/AISC DeepFake Çalışmaları/Deneyler/Nazlıcan/Deney 1/Kaş/real/train/real_train_00803.jpg,real,0,train,real_train_00803
/content/drive/MyDrive/AISC DeepFake Çalışmaları/Deneyler/Nazlıcan/Deney 1/Kaş/real/train/real_train_00804.jpg,real,0,train,real_train_00804
/content/drive/MyDrive/AISC DeepFake Çalışmaları/Deneyler/Nazlıcan/Deney 1/Kaş/real/train/real_train_00805.jpg,real,0,train,real_train_00805
/content/drive/MyDrive/AISC DeepFake Çalışmaları/Deneyler/Nazlıcan/Deney 1/Kaş/real/train/real_train_00806.jpg,real,0,train,real_train_00806
/content/drive/MyDrive/AISC DeepFake Çalışmaları/Deneyler/Nazlıcan/Deney 1/Kaş/real/train/real_train_00809.jpg,real,0,train,real_train_00809
/content/drive/MyDrive/AISC DeepFake Çalışmaları/Deneyler/Nazlıcan/Deney 1/Kaş/real/train/real_train_00810.jpg,real,0,train,real_train_00810
/content/drive/MyDrive/AISC DeepFake Çalışmaları/Deneyler/Nazlıcan/Deney 1/Kaş/real/train/real_train_00812.jpg,real,0,train,real_train_00812
/content/drive/MyDrive/AISC DeepFake Çalışmaları/Deneyler/Nazlıcan/Deney 1/Kaş/real/train/real_train_00815.jpg,real,0,train,real_train_00815
/content/drive/MyDrive/AISC DeepFake Çalışmaları/Deneyler/Nazlıcan/Deney 1/Kaş/real/train/real_train_00816.jpg,real,0,train,real_train_00816
/content/drive/MyDrive/AISC DeepFake Çalışmaları/Deneyler/Nazlıcan/Deney 1/Kaş/real/train/real_train_00818.jpg,real,0,train,real_train_00818
/content/drive/MyDrive/AISC DeepFake Çalışmaları/Deneyler/Nazlıcan/Deney 1/Kaş/real/train/real_train_00819.jpg,real,0,train,real_train_00819
/content/drive/MyDrive/AISC DeepFake Çalışmaları/Deneyler/Nazlıcan/Deney 1/Kaş/real/train/real_train_00821.jpg,real,0,train,real_train_00821
/content/drive/MyDrive/AISC DeepFake Çalışmaları/Deneyler/Nazlıcan/Deney 1/Kaş/real/train/real_train_00822.jpg,real,0,train,real_train_00822
/content/drive/MyDrive/AISC DeepFake Çalışmaları/Deneyler/Nazlıcan/Deney 1/Kaş/real/train/real_train_00825.jpg,real,0,train,real_train_00825
/content/drive/MyDrive/AISC DeepFake Çalışmaları/Deneyler/Nazlıcan/Deney 1/Kaş/real/train/real_train_00826.jpg,real,0,train,real_train_00826
/content/drive/MyDrive/AISC DeepFake Çalışmaları/Deneyler/Nazlıcan/Deney 1/Kaş/real/train/real_train_00828.jpg,real,0,train,real_train_00828
/content/drive/MyDrive/AISC DeepFake Çalışmaları/Deneyler/Nazlıcan/Deney 1/Kaş/real/train/real_train_00831.jpg,real,0,train,real_train_00831
/content/drive/MyDrive/AISC DeepFake Çalışmaları/Deneyler/Nazlıcan/Deney 1/Kaş/real/train/real_train_00833.jpg,real,0,train,real_train_00833
/content/drive/MyDrive/AISC DeepFake Çalışmaları/Deneyler/Nazlıcan/Deney 1/Kaş/real/train/real_train_00834.jpg,real,0,train,real_train_00834
/content/drive/MyDrive/AISC DeepFake Çalışmaları/Deneyler/Nazlıcan/Deney 1/Kaş/real/train/real_train_00835.jpg,real,0,train,real_train_00835
/content/drive/MyDrive/AISC DeepFake Çalışmaları/Deneyler/Nazlıcan/Deney 1/Kaş/real/train/real_train_00837.jpg,real,0,train,real_train_00837
/content/drive/MyDrive/AISC DeepFake Çalışmaları/Deneyler/Nazlıcan/Deney 1/Kaş/real/train/real_train_00838.jpg,real,0,train,real_train_00838
/content/drive/MyDrive/AISC DeepFake Çalışmaları/Deneyler/Nazlıcan/Deney 1/Kaş/real/train/real_train_00839.jpg,real,0,train,real_train_00839
/content/drive/MyDrive/AISC DeepFake Çalışmaları/Deneyler/Nazlıcan/Deney 1/Kaş/real/train/real_train_00840.jpg,real,0,train,real_train_00840
/content/drive/MyDrive/AISC DeepFake Çalışmaları/Deneyler/Nazlıcan/Deney 1/Kaş/real/train/real_train_00842.jpg,real,0,train,real_train_00842
/content/drive/MyDrive/AISC DeepFake Çalışmaları/Deneyler/Nazlıcan/Deney 1/Kaş/real/train/real_train_00843.jpg,real,0,train,real_train_00843
/content/drive/MyDrive/AISC DeepFake Çalışmaları/Deneyler/Nazlıcan/Deney 1/Kaş/real/train/real_train_00844.jpg,real,0,train,real_train_00844
/content/drive/MyDrive/AISC DeepFake Çalışmaları/Deneyler/Nazlıcan/Deney 1/Kaş/real/train/real_train_00846.jpg,real,0,train,real_train_00846
/content/drive/MyDrive/AISC DeepFake Çalışmaları/Deneyler/Nazlıcan/Deney 1/Kaş/real/train/real_train_00847.jpg,real,0,train,real_train_00847
/content/drive/MyDrive/AISC DeepFake Çalışmaları/Deneyler/Nazlıcan/Deney 1/Kaş/real/train/real_train_00848.jpg,real,0,train,real_train_00848
/content/drive/MyDrive/AISC DeepFake Çalışmaları/Deneyler/Nazlıcan/Deney 1/Kaş/real/train/real_train_00852.jpg,real,0,train,real_train_00852
/content/drive/MyDrive/AISC DeepFake Çalışmaları/Deneyler/Nazlıcan/Deney 1/Kaş/real/train/real_train_00854.jpg,real,0,train,real_train_00854
/content/drive/MyDrive/AISC DeepFake Çalışmaları/Deneyler/Nazlıcan/Deney 1/Kaş/real/train/real_train_00856.jpg,real,0,train,real_train_00856
/content/drive/MyDrive/AISC DeepFake Çalışmaları/Deneyler/Nazlıcan/Deney 1/Kaş/real/train/real_train_00858.jpg,real,0,train,real_train_00858
/content/drive/MyDrive/AISC DeepFake Çalışmaları/Deneyler/Nazlıcan/Deney 1/Kaş/real/train/real_train_00859.jpg,real,0,train,real_train_00859
/content/drive/MyDrive/AISC DeepFake Çalışmaları/Deneyler/Nazlıcan/Deney 1/Kaş/real/train/real_train_00861.jpg,real,0,train,real_train_00861
/content/drive/MyDrive/AISC DeepFake Çalışmaları/Deneyler/Nazlıcan/Deney 1/Kaş/real/train/real_train_00862.jpg,real,0,train,real_train_00862
/content/drive/MyDrive/AISC DeepFake Çalışmaları/Deneyler/Nazlıcan/Deney 1/Kaş/real/train/real_train_00863.jpg,real,0,train,real_train_00863
/content/drive/MyDrive/AISC DeepFake Çalışmaları/Deneyler/Nazlıcan/Deney 1/Kaş/real/train/real_train_00865.jpg,real,0,train,real_train_00865
/content/drive/MyDrive/AISC DeepFake Çalışmaları/Deneyler/Nazlıcan/Deney 1/Kaş/real/train/real_train_00867.jpg,real,0,train,real_train_00867
/content/drive/MyDrive/AISC DeepFake Çalışmaları/Deneyler/Nazlıcan/Deney 1/Kaş/real/train/real_train_00868.jpg,real,0,train,real_train_00868
/content/drive/MyDrive/AISC DeepFake Çalışmaları/Deneyler/Nazlıcan/Deney 1/Kaş/real/train/real_train_00869.jpg,real,0,train,real_train_00869
/content/drive/MyDrive/AISC DeepFake Çalışmaları/Deneyler/Nazlıcan/Deney 1/Kaş/real/train/real_train_00870.jpg,real,0,train,real_train_00870
/content/drive/MyDrive/AISC DeepFake Çalışmaları/Deneyler/Nazlıcan/Deney 1/Kaş/real/train/real_train_00872.jpg,real,0,train,real_train_00872
/content/drive/MyDrive/AISC DeepFake Çalışmaları/Deneyler/Nazlıcan/Deney 1/Kaş/real/train/real_train_00875.jpg,real,0,train,real_train_00875
/content/drive/MyDrive/AISC DeepFake Çalışmaları/Deneyler/Nazlıcan/Deney 1/Kaş/real/train/real_train_00876.jpg,real,0,train,real_train_00876
/content/drive/MyDrive/AISC DeepFake Çalışmaları/Deneyler/Nazlıcan/Deney 1/Kaş/real/train/real_train_00877.jpg,real,0,train,real_train_00877
/content/drive/MyDrive/AISC DeepFake Çalışmaları/Deneyler/Nazlıcan/Deney 1/Kaş/real/train/real_train_00879.jpg,real,0,train,real_train_00879
/content/drive/MyDrive/AISC DeepFake Çalışmaları/Deneyler/Nazlıcan/Deney 1/Kaş/real/train/real_train_00880.jpg,real,0,train,real_train_00880
/content/drive/MyDrive/AISC DeepFake Çalışmaları/Deneyler/Nazlıcan/Deney 1/Kaş/real/train/real_train_00881.jpg,real,0,train,real_train_00881
/content/drive/MyDrive/AISC DeepFake Çalışmaları/Deneyler/Nazlıcan/Deney 1/Kaş/real/train/real_train_00882.jpg,real,0,train,real_train_00882
/content/drive/MyDrive/AISC DeepFake Çalışmaları/Deneyler/Nazlıcan/Deney 1/Kaş/real/train/real_train_00883.jpg,real,0,train,real_train_00883
/content/drive/MyDrive/AISC DeepFake Çalışmaları/Deneyler/Nazlıcan/Deney 1/Kaş/real/train/real_train_00884.jpg,real,0,train,real_train_00884
/content/drive/MyDrive/AISC DeepFake Çalışmaları/Deneyler/Nazlıcan/Deney 1/Kaş/real/train/real_train_00885.jpg,real,0,train,real_train_00885
/content/drive/MyDrive/AISC DeepFake Çalışmaları/Deneyler/Nazlıcan/Deney 1/Kaş/real/train/real_train_00887.jpg,real,0,train,real_train_00887
/content/drive/MyDrive/AISC DeepFake Çalışmaları/Deneyler/Nazlıcan/Deney 1/Kaş/real/train/real_train_00888.jpg,real,0,train,real_train_00888
/content/drive/MyDrive/AISC DeepFake Çalışmaları/Deneyler/Nazlıcan/Deney 1/Kaş/real/train/real_train_00890.jpg,real,0,train,real_train_00890
/content/drive/MyDrive/AISC DeepFake Çalışmaları/Deneyler/Nazlıcan/Deney 1/Kaş/real/train/real_train_00891.jpg,real,0,train,real_train_00891
/content/drive/MyDrive/AISC DeepFake Çalışmaları/Deneyler/Nazlıcan/Deney 1/Kaş/real/train/real_train_00893.jpg,real,0,train,real_train_00893
/content/drive/MyDrive/AISC DeepFake Çalışmaları/Deneyler/Nazlıcan/Deney 1/Kaş/real/train/real_train_00894.jpg,real,0,train,real_train_00894
/content/drive/MyDrive/AISC DeepFake Çalışmaları/Deneyler/Nazlıcan/Deney 1/Kaş/real/train/real_train_00895.jpg,real,0,train,real_train_00895
/content/drive/MyDrive/AISC DeepFake Çalışmaları/Deneyler/Nazlıcan/Deney 1/Kaş/real/train/real_train_00896.jpg,real,0,train,real_train_00896
/content/drive/MyDrive/AISC DeepFake Çalışmaları/Deneyler/Nazlıcan/Deney 1/Kaş/real/train/real_train_00897.jpg,real,0,train,real_train_00897
/content/drive/MyDrive/AISC DeepFake Çalışmaları/Deneyler/Nazlıcan/Deney 1/Kaş/real/train/real_train_00898.jpg,real,0,train,real_train_00898
/content/drive/MyDrive/AISC DeepFake Çalışmaları/Deneyler/Nazlıcan/Deney 1/Kaş/real/train/real_train_00902.jpg,real,0,train,real_train_00902
/content/drive/MyDrive/AISC DeepFake Çalışmaları/Deneyler/Nazlıcan/Deney 1/Kaş/real/train/real_train_00904.jpg,real,0,train,real_train_00904
/content/drive/MyDrive/AISC DeepFake Çalışmaları/Deneyler/Nazlıcan/Deney 1/Kaş/real/train/real_train_00905.jpg,real,0,train,real_train_00905
/content/drive/MyDrive/AISC DeepFake Çalışmaları/Deneyler/Nazlıcan/Deney 1/Kaş/real/train/real_train_00906.jpg,real,0,train,real_train_00906
/content/drive/MyDrive/AISC DeepFake Çalışmaları/Deneyler/Nazlıcan/Deney 1/Kaş/real/train/real_train_00907.jpg,real,0,train,real_train_00907
/content/drive/MyDrive/AISC DeepFake Çalışmaları/Deneyler/Nazlıcan/Deney 1/Kaş/real/train/real_train_00909.jpg,real,0,train,real_train_00909
/content/drive/MyDrive/AISC DeepFake Çalışmaları/Deneyler/Nazlıcan/Deney 1/Kaş/real/train/real_train_00910.jpg,real,0,train,real_train_00910
/content/drive/MyDrive/AISC DeepFake Çalışmaları/Deneyler/Nazlıcan/Deney 1/Kaş/real/train/real_train_00911.jpg,real,0,train,real_train_00911
/content/drive/MyDrive/AISC DeepFake Çalışmaları/Deneyler/Nazlıcan/Deney 1/Kaş/real/train/real_train_00913.jpg,real,0,train,real_train_00913
/content/drive/MyDrive/AISC DeepFake Çalışmaları/Deneyler/Nazlıcan/Deney 1/Kaş/real/train/real_train_00914.jpg,real,0,train,real_train_00914
/content/drive/MyDrive/AISC DeepFake Çalışmaları/Deneyler/Nazlıcan/Deney 1/Kaş/real/train/real_train_00915.jpg,real,0,train,real_train_00915
/content/drive/MyDrive/AISC DeepFake Çalışmaları/Deneyler/Nazlıcan/Deney 1/Kaş/real/train/real_train_00916.jpg,real,0,train,real_train_00916
/content/drive/MyDrive/AISC DeepFake Çalışmaları/Deneyler/Nazlıcan/Deney 1/Kaş/real/train/real_train_00917.jpg,real,0,train,real_train_00917
/content/drive/MyDrive/AISC DeepFake Çalışmaları/Deneyler/Nazlıcan/Deney 1/Kaş/real/train/real_train_00918.jpg,real,0,train,real_train_00918
/content/drive/MyDrive/AISC DeepFake Çalışmaları/Deneyler/Nazlıcan/Deney 1/Kaş/real/train/real_train_00919.jpg,real,0,train,real_train_00919
/content/drive/MyDrive/AISC DeepFake Çalışmaları/Deneyler/Nazlıcan/Deney 1/Kaş/real/train/real_train_00921.jpg,real,0,train,real_train_00921
/content/drive/MyDrive/AISC DeepFake Çalışmaları/Deneyler/Nazlıcan/Deney 1/Kaş/real/train/real_train_00924.jpg,real,0,train,real_train_00924
/content/drive/MyDrive/AISC DeepFake Çalışmaları/Deneyler/Nazlıcan/Deney 1/Kaş/real/train/real_train_00925.jpg,real,0,train,real_train_00925
/content/drive/MyDrive/AISC DeepFake Çalışmaları/Deneyler/Nazlıcan/Deney 1/Kaş/real/train/real_train_00926.jpg,real,0,train,real_train_00926
/content/drive/MyDrive/AISC DeepFake Çalışmaları/Deneyler/Nazlıcan/Deney 1/Kaş/real/train/real_train_00927.jpg,real,0,train,real_train_00927
/content/drive/MyDrive/AISC DeepFake Çalışmaları/Deneyler/Nazlıcan/Deney 1/Kaş/real/train/real_train_00928.jpg,real,0,train,real_train_00928
/content/drive/MyDrive/AISC DeepFake Çalışmaları/Deneyler/Nazlıcan/Deney 1/Kaş/real/train/real_train_00929.jpg,real,0,train,real_train_00929
/content/drive/MyDrive/AISC DeepFake Çalışmaları/Deneyler/Nazlıcan/Deney 1/Kaş/real/train/real_train_00931.jpg,real,0,train,real_train_00931
/content/drive/MyDrive/AISC DeepFake Çalışmaları/Deneyler/Nazlıcan/Deney 1/Kaş/real/train/real_train_00932.jpg,real,0,train,real_train_00932
/content/drive/MyDrive/AISC DeepFake Çalışmaları/Deneyler/Nazlıcan/Deney 1/Kaş/real/train/real_train_00936.jpg,real,0,train,real_train_00936
/content/drive/MyDrive/AISC DeepFake Çalışmaları/Deneyler/Nazlıcan/Deney 1/Kaş/real/train/real_train_00937.jpg,real,0,train,real_train_00937
/content/drive/MyDrive/AISC DeepFake Çalışmaları/Deneyler/Nazlıcan/Deney 1/Kaş/real/train/real_train_00938.jpg,real,0,train,real_train_00938
/content/drive/MyDrive/AISC DeepFake Çalışmaları/Deneyler/Nazlıcan/Deney 1/Kaş/real/train/real_train_00940.jpg,real,0,train,real_train_00940
/content/drive/MyDrive/AISC DeepFake Çalışmaları/Deneyler/Nazlıcan/Deney 1/Kaş/real/train/real_train_00941.jpg,real,0,train,real_train_00941
/content/drive/MyDrive/AISC DeepFake Çalışmaları/Deneyler/Nazlıcan/Deney 1/Kaş/real/train/real_train_00942.jpg,real,0,train,real_train_00942
/content/drive/MyDrive/AISC DeepFake Çalışmaları/Deneyler/Nazlıcan/Deney 1/Kaş/real/train/real_train_00944.jpg,real,0,train,real_train_00944
/content/drive/MyDrive/AISC DeepFake Çalışmaları/Deneyler/Nazlıcan/Deney 1/Kaş/real/train/real_train_00945.jpg,real,0,train,real_train_00945
/content/drive/MyDrive/AISC DeepFake Çalışmaları/Deneyler/Nazlıcan/Deney 1/Kaş/real/train/real_train_00946.jpg,real,0,train,real_train_00946
/content/drive/MyDrive/AISC DeepFake Çalışmaları/Deneyler/Nazlıcan/Deney 1/Kaş/real/train/real_train_00947.jpg,real,0,train,real_train_00947
/content/drive/MyDrive/AISC DeepFake Çalışmaları/Deneyler/Nazlıcan/Deney 1/Kaş/real/train/real_train_00948.jpg,real,0,train,real_train_00948
/content/drive/MyDrive/AISC DeepFake Çalışmaları/Deneyler/Nazlıcan/Deney 1/Kaş/real/train/real_train_00949.jpg,real,0,train,real_train_00949
/content/drive/MyDrive/AISC DeepFake Çalışmaları/Deneyler/Nazlıcan/Deney 1/Kaş/real/train/real_train_00950.jpg,real,0,train,real_train_00950
/content/drive/MyDrive/AISC DeepFake Çalışmaları/Deneyler/Nazlıcan/Deney 1/Kaş/real/train/real_train_00951.jpg,real,0,train,real_train_00951
/content/drive/MyDrive/AISC DeepFake Çalışmaları/Deneyler/Nazlıcan/Deney 1/Kaş/real/train/real_train_00952.jpg,real,0,train,real_train_00952
/content/drive/MyDrive/AISC DeepFake Çalışmaları/Deneyler/Nazlıcan/Deney 1/Kaş/real/train/real_train_00956.jpg,real,0,train,real_train_00956
/content/drive/MyDrive/AISC DeepFake Çalışmaları/Deneyler/Nazlıcan/Deney 1/Kaş/real/train/real_train_00957.jpg,real,0,train,real_train_00957
/content/drive/MyDrive/AISC DeepFake Çalışmaları/Deneyler/Nazlıcan/Deney 1/Kaş/real/train/real_train_00959.jpg,real,0,train,real_train_00959
/content/drive/MyDrive/AISC DeepFake Çalışmaları/Deneyler/Nazlıcan/Deney 1/Kaş/real/train/real_train_00961.jpg,real,0,train,real_train_00961
/content/drive/MyDrive/AISC DeepFake Çalışmaları/Deneyler/Nazlıcan/Deney 1/Kaş/real/train/real_train_00962.jpg,real,0,train,real_train_00962
/content/drive/MyDrive/AISC DeepFake Çalışmaları/Deneyler/Nazlıcan/Deney 1/Kaş/real/train/real_train_00963.jpg,real,0,train,real_train_00963
/content/drive/MyDrive/AISC DeepFake Çalışmaları/Deneyler/Nazlıcan/Deney 1/Kaş/real/train/real_train_00964.jpg,real,0,train,real_train_00964
/content/drive/MyDrive/AISC DeepFake Çalışmaları/Deneyler/Nazlıcan/Deney 1/Kaş/real/train/real_train_00968.jpg,real,0,train,real_train_00968
/content/drive/MyDrive/AISC DeepFake Çalışmaları/Deneyler/Nazlıcan/Deney 1/Kaş/real/train/real_train_00969.jpg,real,0,train,real_train_00969
/content/drive/MyDrive/AISC DeepFake Çalışmaları/Deneyler/Nazlıcan/Deney 1/Kaş/real/train/real_train_00970.jpg,real,0,train,real_train_00970
/content/drive/MyDrive/AISC DeepFake Çalışmaları/Deneyler/Nazlıcan/Deney 1/Kaş/real/train/real_train_00971.jpg,real,0,train,real_train_00971
/content/drive/MyDrive/AISC DeepFake Çalışmaları/Deneyler/Nazlıcan/Deney 1/Kaş/real/train/real_train_00973.jpg,real,0,train,real_train_00973
/content/drive/MyDrive/AISC DeepFake Çalışmaları/Deneyler/Nazlıcan/Deney 1/Kaş/real/train/real_train_00975.jpg,real,0,train,real_train_00975
/content/drive/MyDrive/AISC DeepFake Çalışmaları/Deneyler/Nazlıcan/Deney 1/Kaş/real/train/real_train_00976.jpg,real,0,train,real_train_00976
/content/drive/MyDrive/AISC DeepFake Çalışmaları/Deneyler/Nazlıcan/Deney 1/Kaş/real/train/real_train_00977.jpg,real,0,train,real_train_00977
/content/drive/MyDrive/AISC DeepFake Çalışmaları/Deneyler/Nazlıcan/Deney 1/Kaş/real/train/real_train_00979.jpg,real,0,train,real_train_00979
/content/drive/MyDrive/AISC DeepFake Çalışmaları/Deneyler/Nazlıcan/Deney 1/Kaş/real/train/real_train_00980.jpg,real,0,train,real_train_00980
/content/drive/MyDrive/AISC DeepFake Çalışmaları/Deneyler/Nazlıcan/Deney 1/Kaş/real/train/real_train_00982.jpg,real,0,train,real_train_00982
/content/drive/MyDrive/AISC DeepFake Çalışmaları/Deneyler/Nazlıcan/Deney 1/Kaş/real/train/real_train_00984.jpg,real,0,train,real_train_00984
/content/drive/MyDrive/AISC DeepFake Çalışmaları/Deneyler/Nazlıcan/Deney 1/Kaş/real/train/real_train_00985.jpg,real,0,train,real_train_00985
/content/drive/MyDrive/AISC DeepFake Çalışmaları/Deneyler/Nazlıcan/Deney 1/Kaş/real/train/real_train_00986.jpg,real,0,train,real_train_00986
/content/drive/MyDrive/AISC DeepFake Çalışmaları/Deneyler/Nazlıcan/Deney 1/Kaş/real/train/real_train_00989.jpg,real,0,train,real_train_00989
/content/drive/MyDrive/AISC DeepFake Çalışmaları/Deneyler/Nazlıcan/Deney 1/Kaş/real/train/real_train_00990.jpg,real,0,train,real_train_00990
/content/drive/MyDrive/AISC DeepFake Çalışmaları/Deneyler/Nazlıcan/Deney 1/Kaş/real/train/real_train_00991.jpg,real,0,train,real_train_00991
/content/drive/MyDrive/AISC DeepFake Çalışmaları/Deneyler/Nazlıcan/Deney 1/Kaş/real/train/real_train_00994.jpg,real,0,train,real_train_00994
/content/drive/MyDrive/AISC DeepFake Çalışmaları/Deneyler/Nazlıcan/Deney 1/Kaş/real/train/real_train_00997.jpg,real,0,train,real_train_00997
/content/drive/MyDrive/AISC DeepFake Çalışmaları/Deneyler/Nazlıcan/Deney 1/Kaş/real/train/real_train_00999.jpg,real,0,train,real_train_00999
/content/drive/MyDrive/AISC DeepFake Çalışmaları/Deneyler/Nazlıcan/Deney 1/Kaş/real/train/real_train_01000.jpg,real,0,train,real_train_01000
/content/drive/MyDrive/AISC DeepFake Çalışmaları/Deneyler/Nazlıcan/Deney 1/Kaş/real/train/real_train_01005.jpg,real,0,train,real_train_01005
/content/drive/MyDrive/AISC DeepFake Çalışmaları/Deneyler/Nazlıcan/Deney 1/Kaş/real/train/real_train_01006.jpg,real,0,train,real_train_01006
/content/drive/MyDrive/AISC DeepFake Çalışmaları/Deneyler/Nazlıcan/Deney 1/Kaş/real/train/real_train_01007.jpg,real,0,train,real_train_01007
/content/drive/MyDrive/AISC DeepFake Çalışmaları/Deneyler/Nazlıcan/Deney 1/Kaş/real/train/real_train_01010.jpg,real,0,train,real_train_01010
/content/drive/MyDrive/AISC DeepFake Çalışmaları/Deneyler/Nazlıcan/Deney 1/Kaş/real/train/real_train_01011.jpg,real,0,train,real_train_01011
/content/drive/MyDrive/AISC DeepFake Çalışmaları/Deneyler/Nazlıcan/Deney 1/Kaş/real/train/real_train_01012.jpg,real,0,train,real_train_01012
/content/drive/MyDrive/AISC DeepFake Çalışmaları/Deneyler/Nazlıcan/Deney 1/Kaş/real/train/real_train_01013.jpg,real,0,train,real_train_01013
/content/drive/MyDrive/AISC DeepFake Çalışmaları/Deneyler/Nazlıcan/Deney 1/Kaş/real/train/real_train_01014.jpg,real,0,train,real_train_01014
/content/drive/MyDrive/AISC DeepFake Çalışmaları/Deneyler/Nazlıcan/Deney 1/Kaş/real/train/real_train_01015.jpg,real,0,train,real_train_01015
/content/drive/MyDrive/AISC DeepFake Çalışmaları/Deneyler/Nazlıcan/Deney 1/Kaş/real/train/real_train_01016.jpg,real,0,train,real_train_01016
/content/drive/MyDrive/AISC DeepFake Çalışmaları/Deneyler/Nazlıcan/Deney 1/Kaş/real/train/real_train_01018.jpg,real,0,train,real_train_01018
/content/drive/MyDrive/AISC DeepFake Çalışmaları/Deneyler/Nazlıcan/Deney 1/Kaş/real/train/real_train_01020.jpg,real,0,train,real_train_01020
/content/drive/MyDrive/AISC DeepFake Çalışmaları/Deneyler/Nazlıcan/Deney 1/Kaş/real/train/real_train_01021.jpg,real,0,train,real_train_01021
/content/drive/MyDrive/AISC DeepFake Çalışmaları/Deneyler/Nazlıcan/Deney 1/Kaş/real/train/real_train_01022.jpg,real,0,train,real_train_01022
/content/drive/MyDrive/AISC DeepFake Çalışmaları/Deneyler/Nazlıcan/Deney 1/Kaş/real/train/real_train_01023.jpg,real,0,train,real_train_01023
/content/drive/MyDrive/AISC DeepFake Çalışmaları/Deneyler/Nazlıcan/Deney 1/Kaş/real/train/real_train_01027.jpg,real,0,train,real_train_01027
/content/drive/MyDrive/AISC DeepFake Çalışmaları/Deneyler/Nazlıcan/Deney 1/Kaş/real/train/real_train_01028.jpg,real,0,train,real_train_01028
/content/drive/MyDrive/AISC DeepFake Çalışmaları/Deneyler/Nazlıcan/Deney 1/Kaş/real/train/real_train_01030.jpg,real,0,train,real_train_01030
/content/drive/MyDrive/AISC DeepFake Çalışmaları/Deneyler/Nazlıcan/Deney 1/Kaş/real/train/real_train_01033.jpg,real,0,train,real_train_01033
/content/drive/MyDrive/AISC DeepFake Çalışmaları/Deneyler/Nazlıcan/Deney 1/Kaş/real/train/real_train_01035.jpg,real,0,train,real_train_01035
/content/drive/MyDrive/AISC DeepFake Çalışmaları/Deneyler/Nazlıcan/Deney 1/Kaş/real/train/real_train_01039.jpg,real,0,train,real_train_01039
/content/drive/MyDrive/AISC DeepFake Çalışmaları/Deneyler/Nazlıcan/Deney 1/Kaş/real/train/real_train_01041.jpg,real,0,train,real_train_01041
/content/drive/MyDrive/AISC DeepFake Çalışmaları/Deneyler/Nazlıcan/Deney 1/Kaş/real/train/real_train_01042.jpg,real,0,train,real_train_01042
/content/drive/MyDrive/AISC DeepFake Çalışmaları/Deneyler/Nazlıcan/Deney 1/Kaş/real/train/real_train_01046.jpg,real,0,train,real_train_01046
/content/drive/MyDrive/AISC DeepFake Çalışmaları/Deneyler/Nazlıcan/Deney 1/Kaş/real/train/real_train_01047.jpg,real,0,train,real_train_01047
/content/drive/MyDrive/AISC DeepFake Çalışmaları/Deneyler/Nazlıcan/Deney 1/Kaş/real/train/real_train_01048.jpg,real,0,train,real_train_01048
/content/drive/MyDrive/AISC DeepFake Çalışmaları/Deneyler/Nazlıcan/Deney 1/Kaş/real/train/real_train_01049.jpg,real,0,train,real_train_01049
/content/drive/MyDrive/AISC DeepFake Çalışmaları/Deneyler/Nazlıcan/Deney 1/Kaş/real/train/real_train_01050.jpg,real,0,train,real_train_01050
/content/drive/MyDrive/AISC DeepFake Çalışmaları/Deneyler/Nazlıcan/Deney 1/Kaş/real/train/real_train_01051.jpg,real,0,train,real_train_01051
/content/drive/MyDrive/AISC DeepFake Çalışmaları/Deneyler/Nazlıcan/Deney 1/Kaş/real/train/real_train_01053.jpg,real,0,train,real_train_01053
/content/drive/MyDrive/AISC DeepFake Çalışmaları/Deneyler/Nazlıcan/Deney 1/Kaş/real/train/real_train_01054.jpg,real,0,train,real_train_01054
/content/drive/MyDrive/AISC DeepFake Çalışmaları/Deneyler/Nazlıcan/Deney 1/Kaş/real/train/real_train_01055.jpg,real,0,train,real_train_01055
/content/drive/MyDrive/AISC DeepFake Çalışmaları/Deneyler/Nazlıcan/Deney 1/Kaş/real/train/real_train_01057.jpg,real,0,train,real_train_01057
/content/drive/MyDrive/AISC DeepFake Çalışmaları/Deneyler/Nazlıcan/Deney 1/Kaş/real/train/real_train_01058.jpg,real,0,train,real_train_01058
/content/drive/MyDrive/AISC DeepFake Çalışmaları/Deneyler/Nazlıcan/Deney 1/Kaş/real/train/real_train_01059.jpg,real,0,train,real_train_01059
/content/drive/MyDrive/AISC DeepFake Çalışmaları/Deneyler/Nazlıcan/Deney 1/Kaş/real/train/real_train_01061.jpg,real,0,train,real_train_01061
/content/drive/MyDrive/AISC DeepFake Çalışmaları/Deneyler/Nazlıcan/Deney 1/Kaş/real/train/real_train_01062.jpg,real,0,train,real_train_01062
/content/drive/MyDrive/AISC DeepFake Çalışmaları/Deneyler/Nazlıcan/Deney 1/Kaş/real/train/real_train_01065.jpg,real,0,train,real_train_01065
/content/drive/MyDrive/AISC DeepFake Çalışmaları/Deneyler/Nazlıcan/Deney 1/Kaş/real/train/real_train_01068.jpg,real,0,train,real_train_01068
/content/drive/MyDrive/AISC DeepFake Çalışmaları/Deneyler/Nazlıcan/Deney 1/Kaş/real/train/real_train_01069.jpg,real,0,train,real_train_01069
/content/drive/MyDrive/AISC DeepFake Çalışmaları/Deneyler/Nazlıcan/Deney 1/Kaş/real/train/real_train_01070.jpg,real,0,train,real_train_01070
/content/drive/MyDrive/AISC DeepFake Çalışmaları/Deneyler/Nazlıcan/Deney 1/Kaş/real/train/real_train_01072.jpg,real,0,train,real_train_01072
/content/drive/MyDrive/AISC DeepFake Çalışmaları/Deneyler/Nazlıcan/Deney 1/Kaş/real/train/real_train_01073.jpg,real,0,train,real_train_01073
/content/drive/MyDrive/AISC DeepFake Çalışmaları/Deneyler/Nazlıcan/Deney 1/Kaş/real/train/real_train_01076.jpg,real,0,train,real_train_01076
/content/drive/MyDrive/AISC DeepFake Çalışmaları/Deneyler/Nazlıcan/Deney 1/Kaş/real/train/real_train_01077.jpg,real,0,train,real_train_01077
/content/drive/MyDrive/AISC DeepFake Çalışmaları/Deneyler/Nazlıcan/Deney 1/Kaş/real/train/real_train_01078.jpg,real,0,train,real_train_01078
/content/drive/MyDrive/AISC DeepFake Çalışmaları/Deneyler/Nazlıcan/Deney 1/Kaş/real/train/real_train_01080.jpg,real,0,train,real_train_01080
/content/drive/MyDrive/AISC DeepFake Çalışmaları/Deneyler/Nazlıcan/Deney 1/Kaş/real/train/real_train_01081.jpg,real,0,train,real_train_01081
/content/drive/MyDrive/AISC DeepFake Çalışmaları/Deneyler/Nazlıcan/Deney 1/Kaş/real/train/real_train_01084.jpg,real,0,train,real_train_01084
/content/drive/MyDrive/AISC DeepFake Çalışmaları/Deneyler/Nazlıcan/Deney 1/Kaş/real/train/real_train_01085.jpg,real,0,train,real_train_01085
/content/drive/MyDrive/AISC DeepFake Çalışmaları/Deneyler/Nazlıcan/Deney 1/Kaş/real/train/real_train_01087.jpg,real,0,train,real_train_01087
/content/drive/MyDrive/AISC DeepFake Çalışmaları/Deneyler/Nazlıcan/Deney 1/Kaş/real/train/real_train_01088.jpg,real,0,train,real_train_01088
/content/drive/MyDrive/AISC DeepFake Çalışmaları/Deneyler/Nazlıcan/Deney 1/Kaş/real/train/real_train_01089.jpg,real,0,train,real_train_01089
/content/drive/MyDrive/AISC DeepFake Çalışmaları/Deneyler/Nazlıcan/Deney 1/Kaş/real/train/real_train_01092.jpg,real,0,train,real_train_01092
/content/drive/MyDrive/AISC DeepFake Çalışmaları/Deneyler/Nazlıcan/Deney 1/Kaş/real/train/real_train_01094.jpg,real,0,train,real_train_01094
/content/drive/MyDrive/AISC DeepFake Çalışmaları/Deneyler/Nazlıcan/Deney 1/Kaş/real/train/real_train_01095.jpg,real,0,train,real_train_01095
/content/drive/MyDrive/AISC DeepFake Çalışmaları/Deneyler/Nazlıcan/Deney 1/Kaş/real/train/real_train_01097.jpg,real,0,train,real_train_01097
/content/drive/MyDrive/AISC DeepFake Çalışmaları/Deneyler/Nazlıcan/Deney 1/Kaş/real/train/real_train_01099.jpg,real,0,train,real_train_01099
/content/drive/MyDrive/AISC DeepFake Çalışmaları/Deneyler/Nazlıcan/Deney 1/Kaş/real/train/real_train_01100.jpg,real,0,train,real_train_01100
/content/drive/MyDrive/AISC DeepFake Çalışmaları/Deneyler/Nazlıcan/Deney 1/Kaş/real/train/real_train_01101.jpg,real,0,train,real_train_01101
/content/drive/MyDrive/AISC DeepFake Çalışmaları/Deneyler/Nazlıcan/Deney 1/Kaş/real/train/real_train_01102.jpg,real,0,train,real_train_01102
/content/drive/MyDrive/AISC DeepFake Çalışmaları/Deneyler/Nazlıcan/Deney 1/Kaş/real/train/real_train_01104.jpg,real,0,train,real_train_01104
/content/drive/MyDrive/AISC DeepFake Çalışmaları/Deneyler/Nazlıcan/Deney 1/Kaş/real/train/real_train_01108.jpg,real,0,train,real_train_01108
/content/drive/MyDrive/AISC DeepFake Çalışmaları/Deneyler/Nazlıcan/Deney 1/Kaş/real/train/real_train_01112.jpg,real,0,train,real_train_01112
/content/drive/MyDrive/AISC DeepFake Çalışmaları/Deneyler/Nazlıcan/Deney 1/Kaş/real/train/real_train_01113.jpg,real,0,train,real_train_01113
/content/drive/MyDrive/AISC DeepFake Çalışmaları/Deneyler/Nazlıcan/Deney 1/Kaş/real/train/real_train_01114.jpg,real,0,train,real_train_01114
/content/drive/MyDrive/AISC DeepFake Çalışmaları/Deneyler/Nazlıcan/Deney 1/Kaş/real/train/real_train_01116.jpg,real,0,train,real_train_01116
/content/drive/MyDrive/AISC DeepFake Çalışmaları/Deneyler/Nazlıcan/Deney 1/Kaş/real/train/real_train_01119.jpg,real,0,train,real_train_01119
/content/drive/MyDrive/AISC DeepFake Çalışmaları/Deneyler/Nazlıcan/Deney 1/Kaş/real/train/real_train_01120.jpg,real,0,train,real_train_01120
/content/drive/MyDrive/AISC DeepFake Çalışmaları/Deneyler/Nazlıcan/Deney 1/Kaş/real/train/real_train_01122.jpg,real,0,train,real_train_01122
/content/drive/MyDrive/AISC DeepFake Çalışmaları/Deneyler/Nazlıcan/Deney 1/Kaş/real/train/real_train_01124.jpg,real,0,train,real_train_01124
/content/drive/MyDrive/AISC DeepFake Çalışmaları/Deneyler/Nazlıcan/Deney 1/Kaş/real/train/real_train_01126.jpg,real,0,train,real_train_01126
/content/drive/MyDrive/AISC DeepFake Çalışmaları/Deneyler/Nazlıcan/Deney 1/Kaş/real/train/real_train_01127.jpg,real,0,train,real_train_01127
/content/drive/MyDrive/AISC DeepFake Çalışmaları/Deneyler/Nazlıcan/Deney 1/Kaş/real/train/real_train_01129.jpg,real,0,train,real_train_01129
/content/drive/MyDrive/AISC DeepFake Çalışmaları/Deneyler/Nazlıcan/Deney 1/Kaş/real/train/real_train_01131.jpg,real,0,train,real_train_01131
/content/drive/MyDrive/AISC DeepFake Çalışmaları/Deneyler/Nazlıcan/Deney 1/Kaş/real/train/real_train_01132.jpg,real,0,train,real_train_01132
/content/drive/MyDrive/AISC DeepFake Çalışmaları/Deneyler/Nazlıcan/Deney 1/Kaş/real/train/real_train_01133.jpg,real,0,train,real_train_01133
/content/drive/MyDrive/AISC DeepFake Çalışmaları/Deneyler/Nazlıcan/Deney 1/Kaş/real/train/real_train_01134.jpg,real,0,train,real_train_01134
/content/drive/MyDrive/AISC DeepFake Çalışmaları/Deneyler/Nazlıcan/Deney 1/Kaş/real/train/real_train_01136.jpg,real,0,train,real_train_01136
/content/drive/MyDrive/AISC DeepFake Çalışmaları/Deneyler/Nazlıcan/Deney 1/Kaş/real/train/real_train_01137.jpg,real,0,train,real_train_01137
/content/drive/MyDrive/AISC DeepFake Çalışmaları/Deneyler/Nazlıcan/Deney 1/Kaş/real/train/real_train_01138.jpg,real,0,train,real_train_01138
/content/drive/MyDrive/AISC DeepFake Çalışmaları/Deneyler/Nazlıcan/Deney 1/Kaş/real/train/real_train_01139.jpg,real,0,train,real_train_01139
/content/drive/MyDrive/AISC DeepFake Çalışmaları/Deneyler/Nazlıcan/Deney 1/Kaş/real/train/real_train_01140.jpg,real,0,train,real_train_01140
/content/drive/MyDrive/AISC DeepFake Çalışmaları/Deneyler/Nazlıcan/Deney 1/Kaş/real/train/real_train_01141.jpg,real,0,train,real_train_01141
/content/drive/MyDrive/AISC DeepFake Çalışmaları/Deneyler/Nazlıcan/Deney 1/Kaş/real/train/real_train_01142.jpg,real,0,train,real_train_01142
/content/drive/MyDrive/AISC DeepFake Çalışmaları/Deneyler/Nazlıcan/Deney 1/Kaş/real/train/real_train_01143.jpg,real,0,train,real_train_01143
/content/drive/MyDrive/AISC DeepFake Çalışmaları/Deneyler/Nazlıcan/Deney 1/Kaş/real/train/real_train_01144.jpg,real,0,train,real_train_01144
/content/drive/MyDrive/AISC DeepFake Çalışmaları/Deneyler/Nazlıcan/Deney 1/Kaş/real/train/real_train_01149.jpg,real,0,train,real_train_01149
/content/drive/MyDrive/AISC DeepFake Çalışmaları/Deneyler/Nazlıcan/Deney 1/Kaş/real/train/real_train_01151.jpg,real,0,train,real_train_01151
/content/drive/MyDrive/AISC DeepFake Çalışmaları/Deneyler/Nazlıcan/Deney 1/Kaş/real/train/real_train_01152.jpg,real,0,train,real_train_01152
/content/drive/MyDrive/AISC DeepFake Çalışmaları/Deneyler/Nazlıcan/Deney 1/Kaş/real/train/real_train_01153.jpg,real,0,train,real_train_01153
/content/drive/MyDrive/AISC DeepFake Çalışmaları/Deneyler/Nazlıcan/Deney 1/Kaş/real/train/real_train_01154.jpg,real,0,train,real_train_01154
/content/drive/MyDrive/AISC DeepFake Çalışmaları/Deneyler/Nazlıcan/Deney 1/Kaş/real/train/real_train_01155.jpg,real,0,train,real_train_01155
/content/drive/MyDrive/AISC DeepFake Çalışmaları/Deneyler/Nazlıcan/Deney 1/Kaş/real/train/real_train_01156.jpg,real,0,train,real_train_01156
/content/drive/MyDrive/AISC DeepFake Çalışmaları/Deneyler/Nazlıcan/Deney 1/Kaş/real/train/real_train_01157.jpg,real,0,train,real_train_01157
/content/drive/MyDrive/AISC DeepFake Çalışmaları/Deneyler/Nazlıcan/Deney 1/Kaş/real/train/real_train_01160.jpg,real,0,train,real_train_01160
/content/drive/MyDrive/AISC DeepFake Çalışmaları/Deneyler/Nazlıcan/Deney 1/Kaş/real/train/real_train_01161.jpg,real,0,train,real_train_01161
/content/drive/MyDrive/AISC DeepFake Çalışmaları/Deneyler/Nazlıcan/Deney 1/Kaş/real/train/real_train_01162.jpg,real,0,train,real_train_01162
/content/drive/MyDrive/AISC DeepFake Çalışmaları/Deneyler/Nazlıcan/Deney 1/Kaş/real/train/real_train_01163.jpg,real,0,train,real_train_01163
/content/drive/MyDrive/AISC DeepFake Çalışmaları/Deneyler/Nazlıcan/Deney 1/Kaş/real/train/real_train_01165.jpg,real,0,train,real_train_01165
/content/drive/MyDrive/AISC DeepFake Çalışmaları/Deneyler/Nazlıcan/Deney 1/Kaş/real/train/real_train_01169.jpg,real,0,train,real_train_01169
/content/drive/MyDrive/AISC DeepFake Çalışmaları/Deneyler/Nazlıcan/Deney 1/Kaş/real/train/real_train_01170.jpg,real,0,train,real_train_01170
/content/drive/MyDrive/AISC DeepFake Çalışmaları/Deneyler/Nazlıcan/Deney 1/Kaş/real/train/real_train_01171.jpg,real,0,train,real_train_01171
/content/drive/MyDrive/AISC DeepFake Çalışmaları/Deneyler/Nazlıcan/Deney 1/Kaş/real/train/real_train_01172.jpg,real,0,train,real_train_01172
/content/drive/MyDrive/AISC DeepFake Çalışmaları/Deneyler/Nazlıcan/Deney 1/Kaş/real/train/real_train_01173.jpg,real,0,train,real_train_01173
/content/drive/MyDrive/AISC DeepFake Çalışmaları/Deneyler/Nazlıcan/Deney 1/Kaş/real/train/real_train_01174.jpg,real,0,train,real_train_01174
/content/drive/MyDrive/AISC DeepFake Çalışmaları/Deneyler/Nazlıcan/Deney 1/Kaş/real/train/real_train_01175.jpg,real,0,train,real_train_01175
/content/drive/MyDrive/AISC DeepFake Çalışmaları/Deneyler/Nazlıcan/Deney 1/Kaş/real/train/real_train_01178.jpg,real,0,train,real_train_01178
/content/drive/MyDrive/AISC DeepFake Çalışmaları/Deneyler/Nazlıcan/Deney 1/Kaş/real/train/real_train_01179.jpg,real,0,train,real_train_01179
/content/drive/MyDrive/AISC DeepFake Çalışmaları/Deneyler/Nazlıcan/Deney 1/Kaş/real/train/real_train_01180.jpg,real,0,train,real_train_01180
/content/drive/MyDrive/AISC DeepFake Çalışmaları/Deneyler/Nazlıcan/Deney 1/Kaş/real/train/real_train_01181.jpg,real,0,train,real_train_01181
/content/drive/MyDrive/AISC DeepFake Çalışmaları/Deneyler/Nazlıcan/Deney 1/Kaş/real/train/real_train_01182.jpg,real,0,train,real_train_01182
/content/drive/MyDrive/AISC DeepFake Çalışmaları/Deneyler/Nazlıcan/Deney 1/Kaş/real/train/real_train_01186.jpg,real,0,train,real_train_01186
/content/drive/MyDrive/AISC DeepFake Çalışmaları/Deneyler/Nazlıcan/Deney 1/Kaş/real/train/real_train_01187.jpg,real,0,train,real_train_01187
/content/drive/MyDrive/AISC DeepFake Çalışmaları/Deneyler/Nazlıcan/Deney 1/Kaş/real/train/real_train_01188.jpg,real,0,train,real_train_01188
/content/drive/MyDrive/AISC DeepFake Çalışmaları/Deneyler/Nazlıcan/Deney 1/Kaş/real/train/real_train_01189.jpg,real,0,train,real_train_01189
/content/drive/MyDrive/AISC DeepFake Çalışmaları/Deneyler/Nazlıcan/Deney 1/Kaş/real/train/real_train_01190.jpg,real,0,train,real_train_01190
/content/drive/MyDrive/AISC DeepFake Çalışmaları/Deneyler/Nazlıcan/Deney 1/Kaş/real/train/real_train_01191.jpg,real,0,train,real_train_01191
/content/drive/MyDrive/AISC DeepFake Çalışmaları/Deneyler/Nazlıcan/Deney 1/Kaş/real/train/real_train_01192.jpg,real,0,train,real_train_01192
/content/drive/MyDrive/AISC DeepFake Çalışmaları/Deneyler/Nazlıcan/Deney 1/Kaş/real/train/real_train_01193.jpg,real,0,train,real_train_01193
/content/drive/MyDrive/AISC DeepFake Çalışmaları/Deneyler/Nazlıcan/Deney 1/Kaş/real/train/real_train_01195.jpg,real,0,train,real_train_01195
/content/drive/MyDrive/AISC DeepFake Çalışmaları/Deneyler/Nazlıcan/Deney 1/Kaş/real/train/real_train_01196.jpg,real,0,train,real_train_01196
/content/drive/MyDrive/AISC DeepFake Çalışmaları/Deneyler/Nazlıcan/Deney 1/Kaş/real/train/real_train_01197.jpg,real,0,train,real_train_01197
/content/drive/MyDrive/AISC DeepFake Çalışmaları/Deneyler/Nazlıcan/Deney 1/Kaş/real/train/real_train_01198.jpg,real,0,train,real_train_01198
/content/drive/MyDrive/AISC DeepFake Çalışmaları/Deneyler/Nazlıcan/Deney 1/Kaş/real/train/real_train_01199.jpg,real,0,train,real_train_01199
/content/drive/MyDrive/AISC DeepFake Çalışmaları/Deneyler/Nazlıcan/Deney 1/Kaş/real/val/real_val_00002.jpg,real,0,val,real_val_00002
/content/drive/MyDrive/AISC DeepFake Çalışmaları/Deneyler/Nazlıcan/Deney 1/Kaş/real/val/real_val_00003.jpg,real,0,val,real_val_00003
/content/drive/MyDrive/AISC DeepFake Çalışmaları/Deneyler/Nazlıcan/Deney 1/Kaş/real/val/real_val_00004.jpg,real,0,val,real_val_00004
/content/drive/MyDrive/AISC DeepFake Çalışmaları/Deneyler/Nazlıcan/Deney 1/Kaş/real/val/real_val_00005.jpg,real,0,val,real_val_00005
/content/drive/MyDrive/AISC DeepFake Çalışmaları/Deneyler/Nazlıcan/Deney 1/Kaş/real/val/real_val_00006.jpg,real,0,val,real_val_00006
/content/drive/MyDrive/AISC DeepFake Çalışmaları/Deneyler/Nazlıcan/Deney 1/Kaş/real/val/real_val_00007.jpg,real,0,val,real_val_00007
/content/drive/MyDrive/AISC DeepFake Çalışmaları/Deneyler/Nazlıcan/Deney 1/Kaş/real/val/real_val_00008.jpg,real,0,val,real_val_00008
/content/drive/MyDrive/AISC DeepFake Çalışmaları/Deneyler/Nazlıcan/Deney 1/Kaş/real/val/real_val_00009.jpg,real,0,val,real_val_00009
/content/drive/MyDrive/AISC DeepFake Çalışmaları/Deneyler/Nazlıcan/Deney 1/Kaş/real/val/real_val_00011.jpg,real,0,val,real_val_00011
/content/drive/MyDrive/AISC DeepFake Çalışmaları/Deneyler/Nazlıcan/Deney 1/Kaş/real/val/real_val_00012.jpg,real,0,val,real_val_00012
/content/drive/MyDrive/AISC DeepFake Çalışmaları/Deneyler/Nazlıcan/Deney 1/Kaş/real/val/real_val_00015.jpg,real,0,val,real_val_00015
/content/drive/MyDrive/AISC DeepFake Çalışmaları/Deneyler/Nazlıcan/Deney 1/Kaş/real/val/real_val_00016.jpg,real,0,val,real_val_00016
/content/drive/MyDrive/AISC DeepFake Çalışmaları/Deneyler/Nazlıcan/Deney 1/Kaş/real/val/real_val_00019.jpg,real,0,val,real_val_00019
/content/drive/MyDrive/AISC DeepFake Çalışmaları/Deneyler/Nazlıcan/Deney 1/Kaş/real/val/real_val_00020.jpg,real,0,val,real_val_00020
/content/drive/MyDrive/AISC DeepFake Çalışmaları/Deneyler/Nazlıcan/Deney 1/Kaş/real/val/real_val_00021.jpg,real,0,val,real_val_00021
/content/drive/MyDrive/AISC DeepFake Çalışmaları/Deneyler/Nazlıcan/Deney 1/Kaş/real/val/real_val_00022.jpg,real,0,val,real_val_00022
/content/drive/MyDrive/AISC DeepFake Çalışmaları/Deneyler/Nazlıcan/Deney 1/Kaş/real/val/real_val_00023.jpg,real,0,val,real_val_00023
/content/drive/MyDrive/AISC DeepFake Çalışmaları/Deneyler/Nazlıcan/Deney 1/Kaş/real/val/real_val_00024.jpg,real,0,val,real_val_00024
/content/drive/MyDrive/AISC DeepFake Çalışmaları/Deneyler/Nazlıcan/Deney 1/Kaş/real/val/real_val_00025.jpg,real,0,val,real_val_00025
/content/drive/MyDrive/AISC DeepFake Çalışmaları/Deneyler/Nazlıcan/Deney 1/Kaş/real/val/real_val_00026.jpg,real,0,val,real_val_00026
/content/drive/MyDrive/AISC DeepFake Çalışmaları/Deneyler/Nazlıcan/Deney 1/Kaş/real/val/real_val_00027.jpg,real,0,val,real_val_00027
/content/drive/MyDrive/AISC DeepFake Çalışmaları/Deneyler/Nazlıcan/Deney 1/Kaş/real/val/real_val_00028.jpg,real,0,val,real_val_00028
/content/drive/MyDrive/AISC DeepFake Çalışmaları/Deneyler/Nazlıcan/Deney 1/Kaş/real/val/real_val_00031.jpg,real,0,val,real_val_00031
/content/drive/MyDrive/AISC DeepFake Çalışmaları/Deneyler/Nazlıcan/Deney 1/Kaş/real/val/real_val_00032.jpg,real,0,val,real_val_00032
/content/drive/MyDrive/AISC DeepFake Çalışmaları/Deneyler/Nazlıcan/Deney 1/Kaş/real/val/real_val_00034.jpg,real,0,val,real_val_00034
/content/drive/MyDrive/AISC DeepFake Çalışmaları/Deneyler/Nazlıcan/Deney 1/Kaş/real/val/real_val_00035.jpg,real,0,val,real_val_00035
/content/drive/MyDrive/AISC DeepFake Çalışmaları/Deneyler/Nazlıcan/Deney 1/Kaş/real/val/real_val_00036.jpg,real,0,val,real_val_00036
/content/drive/MyDrive/AISC DeepFake Çalışmaları/Deneyler/Nazlıcan/Deney 1/Kaş/real/val/real_val_00038.jpg,real,0,val,real_val_00038
/content/drive/MyDrive/AISC DeepFake Çalışmaları/Deneyler/Nazlıcan/Deney 1/Kaş/real/val/real_val_00039.jpg,real,0,val,real_val_00039
/content/drive/MyDrive/AISC DeepFake Çalışmaları/Deneyler/Nazlıcan/Deney 1/Kaş/real/val/real_val_00040.jpg,real,0,val,real_val_00040
/content/drive/MyDrive/AISC DeepFake Çalışmaları/Deneyler/Nazlıcan/Deney 1/Kaş/real/val/real_val_00041.jpg,real,0,val,real_val_00041
/content/drive/MyDrive/AISC DeepFake Çalışmaları/Deneyler/Nazlıcan/Deney 1/Kaş/real/val/real_val_00042.jpg,real,0,val,real_val_00042
/content/drive/MyDrive/AISC DeepFake Çalışmaları/Deneyler/Nazlıcan/Deney 1/Kaş/real/val/real_val_00043.jpg,real,0,val,real_val_00043
/content/drive/MyDrive/AISC DeepFake Çalışmaları/Deneyler/Nazlıcan/Deney 1/Kaş/real/val/real_val_00044.jpg,real,0,val,real_val_00044
/content/drive/MyDrive/AISC DeepFake Çalışmaları/Deneyler/Nazlıcan/Deney 1/Kaş/real/val/real_val_00045.jpg,real,0,val,real_val_00045
/content/drive/MyDrive/AISC DeepFake Çalışmaları/Deneyler/Nazlıcan/Deney 1/Kaş/real/val/real_val_00047.jpg,real,0,val,real_val_00047
/content/drive/MyDrive/AISC DeepFake Çalışmaları/Deneyler/Nazlıcan/Deney 1/Kaş/real/val/real_val_00048.jpg,real,0,val,real_val_00048
/content/drive/MyDrive/AISC DeepFake Çalışmaları/Deneyler/Nazlıcan/Deney 1/Kaş/real/val/real_val_00049.jpg,real,0,val,real_val_00049
/content/drive/MyDrive/AISC DeepFake Çalışmaları/Deneyler/Nazlıcan/Deney 1/Kaş/real/val/real_val_00050.jpg,real,0,val,real_val_00050
/content/drive/MyDrive/AISC DeepFake Çalışmaları/Deneyler/Nazlıcan/Deney 1/Kaş/real/val/real_val_00051.jpg,real,0,val,real_val_00051
/content/drive/MyDrive/AISC DeepFake Çalışmaları/Deneyler/Nazlıcan/Deney 1/Kaş/real/val/real_val_00052.jpg,real,0,val,real_val_00052
/content/drive/MyDrive/AISC DeepFake Çalışmaları/Deneyler/Nazlıcan/Deney 1/Kaş/real/val/real_val_00053.jpg,real,0,val,real_val_00053
/content/drive/MyDrive/AISC DeepFake Çalışmaları/Deneyler/Nazlıcan/Deney 1/Kaş/real/val/real_val_00054.jpg,real,0,val,real_val_00054
/content/drive/MyDrive/AISC DeepFake Çalışmaları/Deneyler/Nazlıcan/Deney 1/Kaş/real/val/real_val_00055.jpg,real,0,val,real_val_00055
/content/drive/MyDrive/AISC DeepFake Çalışmaları/Deneyler/Nazlıcan/Deney 1/Kaş/real/val/real_val_00056.jpg,real,0,val,real_val_00056
/content/drive/MyDrive/AISC DeepFake Çalışmaları/Deneyler/Nazlıcan/Deney 1/Kaş/real/val/real_val_00058.jpg,real,0,val,real_val_00058
/content/drive/MyDrive/AISC DeepFake Çalışmaları/Deneyler/Nazlıcan/Deney 1/Kaş/real/val/real_val_00059.jpg,real,0,val,real_val_00059
/content/drive/MyDrive/AISC DeepFake Çalışmaları/Deneyler/Nazlıcan/Deney 1/Kaş/real/val/real_val_00060.jpg,real,0,val,real_val_00060
/content/drive/MyDrive/AISC DeepFake Çalışmaları/Deneyler/Nazlıcan/Deney 1/Kaş/real/val/real_val_00061.jpg,real,0,val,real_val_00061
/content/drive/MyDrive/AISC DeepFake Çalışmaları/Deneyler/Nazlıcan/Deney 1/Kaş/real/val/real_val_00062.jpg,real,0,val,real_val_00062
/content/drive/MyDrive/AISC DeepFake Çalışmaları/Deneyler/Nazlıcan/Deney 1/Kaş/real/val/real_val_00064.jpg,real,0,val,real_val_00064
/content/drive/MyDrive/AISC DeepFake Çalışmaları/Deneyler/Nazlıcan/Deney 1/Kaş/real/val/real_val_00066.jpg,real,0,val,real_val_00066
/content/drive/MyDrive/AISC DeepFake Çalışmaları/Deneyler/Nazlıcan/Deney 1/Kaş/real/val/real_val_00067.jpg,real,0,val,real_val_00067
/content/drive/MyDrive/AISC DeepFake Çalışmaları/Deneyler/Nazlıcan/Deney 1/Kaş/real/val/real_val_00068.jpg,real,0,val,real_val_00068
/content/drive/MyDrive/AISC DeepFake Çalışmaları/Deneyler/Nazlıcan/Deney 1/Kaş/real/val/real_val_00069.jpg,real,0,val,real_val_00069
/content/drive/MyDrive/AISC DeepFake Çalışmaları/Deneyler/Nazlıcan/Deney 1/Kaş/real/val/real_val_00070.jpg,real,0,val,real_val_00070
/content/drive/MyDrive/AISC DeepFake Çalışmaları/Deneyler/Nazlıcan/Deney 1/Kaş/real/val/real_val_00071.jpg,real,0,val,real_val_00071
/content/drive/MyDrive/AISC DeepFake Çalışmaları/Deneyler/Nazlıcan/Deney 1/Kaş/real/val/real_val_00073.jpg,real,0,val,real_val_00073
/content/drive/MyDrive/AISC DeepFake Çalışmaları/Deneyler/Nazlıcan/Deney 1/Kaş/real/val/real_val_00074.jpg,real,0,val,real_val_00074
/content/drive/MyDrive/AISC DeepFake Çalışmaları/Deneyler/Nazlıcan/Deney 1/Kaş/real/val/real_val_00076.jpg,real,0,val,real_val_00076
/content/drive/MyDrive/AISC DeepFake Çalışmaları/Deneyler/Nazlıcan/Deney 1/Kaş/real/val/real_val_00077.jpg,real,0,val,real_val_00077
/content/drive/MyDrive/AISC DeepFake Çalışmaları/Deneyler/Nazlıcan/Deney 1/Kaş/real/val/real_val_00079.jpg,real,0,val,real_val_00079
/content/drive/MyDrive/AISC DeepFake Çalışmaları/Deneyler/Nazlıcan/Deney 1/Kaş/real/val/real_val_00080.jpg,real,0,val,real_val_00080
/content/drive/MyDrive/AISC DeepFake Çalışmaları/Deneyler/Nazlıcan/Deney 1/Kaş/real/val/real_val_00081.jpg,real,0,val,real_val_00081
/content/drive/MyDrive/AISC DeepFake Çalışmaları/Deneyler/Nazlıcan/Deney 1/Kaş/real/val/real_val_00082.jpg,real,0,val,real_val_00082
/content/drive/MyDrive/AISC DeepFake Çalışmaları/Deneyler/Nazlıcan/Deney 1/Kaş/real/val/real_val_00084.jpg,real,0,val,real_val_00084
/content/drive/MyDrive/AISC DeepFake Çalışmaları/Deneyler/Nazlıcan/Deney 1/Kaş/real/val/real_val_00085.jpg,real,0,val,real_val_00085
/content/drive/MyDrive/AISC DeepFake Çalışmaları/Deneyler/Nazlıcan/Deney 1/Kaş/real/val/real_val_00087.jpg,real,0,val,real_val_00087
/content/drive/MyDrive/AISC DeepFake Çalışmaları/Deneyler/Nazlıcan/Deney 1/Kaş/real/val/real_val_00088.jpg,real,0,val,real_val_00088
/content/drive/MyDrive/AISC DeepFake Çalışmaları/Deneyler/Nazlıcan/Deney 1/Kaş/real/val/real_val_00090.jpg,real,0,val,real_val_00090
/content/drive/MyDrive/AISC DeepFake Çalışmaları/Deneyler/Nazlıcan/Deney 1/Kaş/real/val/real_val_00091.jpg,real,0,val,real_val_00091
/content/drive/MyDrive/AISC DeepFake Çalışmaları/Deneyler/Nazlıcan/Deney 1/Kaş/real/val/real_val_00092.jpg,real,0,val,real_val_00092
/content/drive/MyDrive/AISC DeepFake Çalışmaları/Deneyler/Nazlıcan/Deney 1/Kaş/real/val/real_val_00093.jpg,real,0,val,real_val_00093
/content/drive/MyDrive/AISC DeepFake Çalışmaları/Deneyler/Nazlıcan/Deney 1/Kaş/real/val/real_val_00094.jpg,real,0,val,real_val_00094
/content/drive/MyDrive/AISC DeepFake Çalışmaları/Deneyler/Nazlıcan/Deney 1/Kaş/real/val/real_val_00095.jpg,real,0,val,real_val_00095
/content/drive/MyDrive/AISC DeepFake Çalışmaları/Deneyler/Nazlıcan/Deney 1/Kaş/real/val/real_val_00096.jpg,real,0,val,real_val_00096
/content/drive/MyDrive/AISC DeepFake Çalışmaları/Deneyler/Nazlıcan/Deney 1/Kaş/real/val/real_val_00098.jpg,real,0,val,real_val_00098
/content/drive/MyDrive/AISC DeepFake Çalışmaları/Deneyler/Nazlıcan/Deney 1/Kaş/real/val/real_val_00099.jpg,real,0,val,real_val_00099
/content/drive/MyDrive/AISC DeepFake Çalışmaları/Deneyler/Nazlıcan/Deney 1/Kaş/real/val/real_val_00102.jpg,real,0,val,real_val_00102
/content/drive/MyDrive/AISC DeepFake Çalışmaları/Deneyler/Nazlıcan/Deney 1/Kaş/real/val/real_val_00103.jpg,real,0,val,real_val_00103
/content/drive/MyDrive/AISC DeepFake Çalışmaları/Deneyler/Nazlıcan/Deney 1/Kaş/real/val/real_val_00104.jpg,real,0,val,real_val_00104
/content/drive/MyDrive/AISC DeepFake Çalışmaları/Deneyler/Nazlıcan/Deney 1/Kaş/real/val/real_val_00105.jpg,real,0,val,real_val_00105
/content/drive/MyDrive/AISC DeepFake Çalışmaları/Deneyler/Nazlıcan/Deney 1/Kaş/real/val/real_val_00106.jpg,real,0,val,real_val_00106
/content/drive/MyDrive/AISC DeepFake Çalışmaları/Deneyler/Nazlıcan/Deney 1/Kaş/real/val/real_val_00108.jpg,real,0,val,real_val_00108
/content/drive/MyDrive/AISC DeepFake Çalışmaları/Deneyler/Nazlıcan/Deney 1/Kaş/real/val/real_val_00109.jpg,real,0,val,real_val_00109
/content/drive/MyDrive/AISC DeepFake Çalışmaları/Deneyler/Nazlıcan/Deney 1/Kaş/real/val/real_val_00111.jpg,real,0,val,real_val_00111
/content/drive/MyDrive/AISC DeepFake Çalışmaları/Deneyler/Nazlıcan/Deney 1/Kaş/real/val/real_val_00112.jpg,real,0,val,real_val_00112
/content/drive/MyDrive/AISC DeepFake Çalışmaları/Deneyler/Nazlıcan/Deney 1/Kaş/real/val/real_val_00113.jpg,real,0,val,real_val_00113
/content/drive/MyDrive/AISC DeepFake Çalışmaları/Deneyler/Nazlıcan/Deney 1/Kaş/real/val/real_val_00114.jpg,real,0,val,real_val_00114
/content/drive/MyDrive/AISC DeepFake Çalışmaları/Deneyler/Nazlıcan/Deney 1/Kaş/real/val/real_val_00115.jpg,real,0,val,real_val_00115
/content/drive/MyDrive/AISC DeepFake Çalışmaları/Deneyler/Nazlıcan/Deney 1/Kaş/real/val/real_val_00116.jpg,real,0,val,real_val_00116
/content/drive/MyDrive/AISC DeepFake Çalışmaları/Deneyler/Nazlıcan/Deney 1/Kaş/real/val/real_val_00118.jpg,real,0,val,real_val_00118
/content/drive/MyDrive/AISC DeepFake Çalışmaları/Deneyler/Nazlıcan/Deney 1/Kaş/real/val/real_val_00120.jpg,real,0,val,real_val_00120
/content/drive/MyDrive/AISC DeepFake Çalışmaları/Deneyler/Nazlıcan/Deney 1/Kaş/real/val/real_val_00124.jpg,real,0,val,real_val_00124
/content/drive/MyDrive/AISC DeepFake Çalışmaları/Deneyler/Nazlıcan/Deney 1/Kaş/real/val/real_val_00126.jpg,real,0,val,real_val_00126
/content/drive/MyDrive/AISC DeepFake Çalışmaları/Deneyler/Nazlıcan/Deney 1/Kaş/real/val/real_val_00127.jpg,real,0,val,real_val_00127
/content/drive/MyDrive/AISC DeepFake Çalışmaları/Deneyler/Nazlıcan/Deney 1/Kaş/real/val/real_val_00132.jpg,real,0,val,real_val_00132
/content/drive/MyDrive/AISC DeepFake Çalışmaları/Deneyler/Nazlıcan/Deney 1/Kaş/real/val/real_val_00135.jpg,real,0,val,real_val_00135
/content/drive/MyDrive/AISC DeepFake Çalışmaları/Deneyler/Nazlıcan/Deney 1/Kaş/real/val/real_val_00136.jpg,real,0,val,real_val_00136
/content/drive/MyDrive/AISC DeepFake Çalışmaları/Deneyler/Nazlıcan/Deney 1/Kaş/real/val/real_val_00137.jpg,real,0,val,real_val_00137
/content/drive/MyDrive/AISC DeepFake Çalışmaları/Deneyler/Nazlıcan/Deney 1/Kaş/real/val/real_val_00138.jpg,real,0,val,real_val_00138
/content/drive/MyDrive/AISC DeepFake Çalışmaları/Deneyler/Nazlıcan/Deney 1/Kaş/real/val/real_val_00139.jpg,real,0,val,real_val_00139
/content/drive/MyDrive/AISC DeepFake Çalışmaları/Deneyler/Nazlıcan/Deney 1/Kaş/real/val/real_val_00143.jpg,real,0,val,real_val_00143
/content/drive/MyDrive/AISC DeepFake Çalışmaları/Deneyler/Nazlıcan/Deney 1/Kaş/real/val/real_val_00144.jpg,real,0,val,real_val_00144
/content/drive/MyDrive/AISC DeepFake Çalışmaları/Deneyler/Nazlıcan/Deney 1/Kaş/real/val/real_val_00146.jpg,real,0,val,real_val_00146
/content/drive/MyDrive/AISC DeepFake Çalışmaları/Deneyler/Nazlıcan/Deney 1/Kaş/real/val/real_val_00147.jpg,real,0,val,real_val_00147
/content/drive/MyDrive/AISC DeepFake Çalışmaları/Deneyler/Nazlıcan/Deney 1/Kaş/real/test/real_test_00002.jpg,real,0,test,real_test_00002
/content/drive/MyDrive/AISC DeepFake Çalışmaları/Deneyler/Nazlıcan/Deney 1/Kaş/real/test/real_test_00003.jpg,real,0,test,real_test_00003
/content/drive/MyDrive/AISC DeepFake Çalışmaları/Deneyler/Nazlıcan/Deney 1/Kaş/real/test/real_test_00004.jpg,real,0,test,real_test_00004
/content/drive/MyDrive/AISC DeepFake Çalışmaları/Deneyler/Nazlıcan/Deney 1/Kaş/real/test/real_test_00005.jpg,real,0,test,real_test_00005
/content/drive/MyDrive/AISC DeepFake Çalışmaları/Deneyler/Nazlıcan/Deney 1/Kaş/real/test/real_test_00006.jpg,real,0,test,real_test_00006
/content/drive/MyDrive/AISC DeepFake Çalışmaları/Deneyler/Nazlıcan/Deney 1/Kaş/real/test/real_test_00008.jpg,real,0,test,real_test_00008
/content/drive/MyDrive/AISC DeepFake Çalışmaları/Deneyler/Nazlıcan/Deney 1/Kaş/real/test/real_test_00009.jpg,real,0,test,real_test_00009
/content/drive/MyDrive/AISC DeepFake Çalışmaları/Deneyler/Nazlıcan/Deney 1/Kaş/real/test/real_test_00010.jpg,real,0,test,real_test_00010
/content/drive/MyDrive/AISC DeepFake Çalışmaları/Deneyler/Nazlıcan/Deney 1/Kaş/real/test/real_test_00011.jpg,real,0,test,real_test_00011
/content/drive/MyDrive/AISC DeepFake Çalışmaları/Deneyler/Nazlıcan/Deney 1/Kaş/real/test/real_test_00013.jpg,real,0,test,real_test_00013
/content/drive/MyDrive/AISC DeepFake Çalışmaları/Deneyler/Nazlıcan/Deney 1/Kaş/real/test/real_test_00014.jpg,real,0,test,real_test_00014
/content/drive/MyDrive/AISC DeepFake Çalışmaları/Deneyler/Nazlıcan/Deney 1/Kaş/real/test/real_test_00015.jpg,real,0,test,real_test_00015
/content/drive/MyDrive/AISC DeepFake Çalışmaları/Deneyler/Nazlıcan/Deney 1/Kaş/real/test/real_test_00016.jpg,real,0,test,real_test_00016
/content/drive/MyDrive/AISC DeepFake Çalışmaları/Deneyler/Nazlıcan/Deney 1/Kaş/real/test/real_test_00018.jpg,real,0,test,real_test_00018
/content/drive/MyDrive/AISC DeepFake Çalışmaları/Deneyler/Nazlıcan/Deney 1/Kaş/real/test/real_test_00019.jpg,real,0,test,real_test_00019
/content/drive/MyDrive/AISC DeepFake Çalışmaları/Deneyler/Nazlıcan/Deney 1/Kaş/real/test/real_test_00020.jpg,real,0,test,real_test_00020
/content/drive/MyDrive/AISC DeepFake Çalışmaları/Deneyler/Nazlıcan/Deney 1/Kaş/real/test/real_test_00025.jpg,real,0,test,real_test_00025
/content/drive/MyDrive/AISC DeepFake Çalışmaları/Deneyler/Nazlıcan/Deney 1/Kaş/real/test/real_test_00027.jpg,real,0,test,real_test_00027
/content/drive/MyDrive/AISC DeepFake Çalışmaları/Deneyler/Nazlıcan/Deney 1/Kaş/real/test/real_test_00029.jpg,real,0,test,real_test_00029
/content/drive/MyDrive/AISC DeepFake Çalışmaları/Deneyler/Nazlıcan/Deney 1/Kaş/real/test/real_test_00031.jpg,real,0,test,real_test_00031
/content/drive/MyDrive/AISC DeepFake Çalışmaları/Deneyler/Nazlıcan/Deney 1/Kaş/real/test/real_test_00032.jpg,real,0,test,real_test_00032
/content/drive/MyDrive/AISC DeepFake Çalışmaları/Deneyler/Nazlıcan/Deney 1/Kaş/real/test/real_test_00033.jpg,real,0,test,real_test_00033
/content/drive/MyDrive/AISC DeepFake Çalışmaları/Deneyler/Nazlıcan/Deney 1/Kaş/real/test/real_test_00034.jpg,real,0,test,real_test_00034
/content/drive/MyDrive/AISC DeepFake Çalışmaları/Deneyler/Nazlıcan/Deney 1/Kaş/real/test/real_test_00036.jpg,real,0,test,real_test_00036
/content/drive/MyDrive/AISC DeepFake Çalışmaları/Deneyler/Nazlıcan/Deney 1/Kaş/real/test/real_test_00038.jpg,real,0,test,real_test_00038
/content/drive/MyDrive/AISC DeepFake Çalışmaları/Deneyler/Nazlıcan/Deney 1/Kaş/real/test/real_test_00039.jpg,real,0,test,real_test_00039
/content/drive/MyDrive/AISC DeepFake Çalışmaları/Deneyler/Nazlıcan/Deney 1/Kaş/real/test/real_test_00040.jpg,real,0,test,real_test_00040
/content/drive/MyDrive/AISC DeepFake Çalışmaları/Deneyler/Nazlıcan/Deney 1/Kaş/real/test/real_test_00044.jpg,real,0,test,real_test_00044
/content/drive/MyDrive/AISC DeepFake Çalışmaları/Deneyler/Nazlıcan/Deney 1/Kaş/real/test/real_test_00046.jpg,real,0,test,real_test_00046
/content/drive/MyDrive/AISC DeepFake Çalışmaları/Deneyler/Nazlıcan/Deney 1/Kaş/real/test/real_test_00048.jpg,real,0,test,real_test_00048
/content/drive/MyDrive/AISC DeepFake Çalışmaları/Deneyler/Nazlıcan/Deney 1/Kaş/real/test/real_test_00049.jpg,real,0,test,real_test_00049
/content/drive/MyDrive/AISC DeepFake Çalışmaları/Deneyler/Nazlıcan/Deney 1/Kaş/real/test/real_test_00052.jpg,real,0,test,real_test_00052
/content/drive/MyDrive/AISC DeepFake Çalışmaları/Deneyler/Nazlıcan/Deney 1/Kaş/real/test/real_test_00053.jpg,real,0,test,real_test_00053
/content/drive/MyDrive/AISC DeepFake Çalışmaları/Deneyler/Nazlıcan/Deney 1/Kaş/real/test/real_test_00054.jpg,real,0,test,real_test_00054
/content/drive/MyDrive/AISC DeepFake Çalışmaları/Deneyler/Nazlıcan/Deney 1/Kaş/real/test/real_test_00055.jpg,real,0,test,real_test_00055
/content/drive/MyDrive/AISC DeepFake Çalışmaları/Deneyler/Nazlıcan/Deney 1/Kaş/real/test/real_test_00056.jpg,real,0,test,real_test_00056
/content/drive/MyDrive/AISC DeepFake Çalışmaları/Deneyler/Nazlıcan/Deney 1/Kaş/real/test/real_test_00057.jpg,real,0,test,real_test_00057
/content/drive/MyDrive/AISC DeepFake Çalışmaları/Deneyler/Nazlıcan/Deney 1/Kaş/real/test/real_test_00059.jpg,real,0,test,real_test_00059
/content/drive/MyDrive/AISC DeepFake Çalışmaları/Deneyler/Nazlıcan/Deney 1/Kaş/real/test/real_test_00060.jpg,real,0,test,real_test_00060
/content/drive/MyDrive/AISC DeepFake Çalışmaları/Deneyler/Nazlıcan/Deney 1/Kaş/real/test/real_test_00061.jpg,real,0,test,real_test_00061
/content/drive/MyDrive/AISC DeepFake Çalışmaları/Deneyler/Nazlıcan/Deney 1/Kaş/real/test/real_test_00064.jpg,real,0,test,real_test_00064
/content/drive/MyDrive/AISC DeepFake Çalışmaları/Deneyler/Nazlıcan/Deney 1/Kaş/real/test/real_test_00069.jpg,real,0,test,real_test_00069
/content/drive/MyDrive/AISC DeepFake Çalışmaları/Deneyler/Nazlıcan/Deney 1/Kaş/real/test/real_test_00070.jpg,real,0,test,real_test_00070
/content/drive/MyDrive/AISC DeepFake Çalışmaları/Deneyler/Nazlıcan/Deney 1/Kaş/real/test/real_test_00071.jpg,real,0,test,real_test_00071
/content/drive/MyDrive/AISC DeepFake Çalışmaları/Deneyler/Nazlıcan/Deney 1/Kaş/real/test/real_test_00072.jpg,real,0,test,real_test_00072
/content/drive/MyDrive/AISC DeepFake Çalışmaları/Deneyler/Nazlıcan/Deney 1/Kaş/real/test/real_test_00073.jpg,real,0,test,real_test_00073
/content/drive/MyDrive/AISC DeepFake Çalışmaları/Deneyler/Nazlıcan/Deney 1/Kaş/real/test/real_test_00076.jpg,real,0,test,real_test_00076
/content/drive/MyDrive/AISC DeepFake Çalışmaları/Deneyler/Nazlıcan/Deney 1/Kaş/real/test/real_test_00078.jpg,real,0,test,real_test_00078
/content/drive/MyDrive/AISC DeepFake Çalışmaları/Deneyler/Nazlıcan/Deney 1/Kaş/real/test/real_test_00080.jpg,real,0,test,real_test_00080
/content/drive/MyDrive/AISC DeepFake Çalışmaları/Deneyler/Nazlıcan/Deney 1/Kaş/real/test/real_test_00082.jpg,real,0,test,real_test_00082
/content/drive/MyDrive/AISC DeepFake Çalışmaları/Deneyler/Nazlıcan/Deney 1/Kaş/real/test/real_test_00083.jpg,real,0,test,real_test_00083
/content/drive/MyDrive/AISC DeepFake Çalışmaları/Deneyler/Nazlıcan/Deney 1/Kaş/real/test/real_test_00085.jpg,real,0,test,real_test_00085
/content/drive/MyDrive/AISC DeepFake Çalışmaları/Deneyler/Nazlıcan/Deney 1/Kaş/real/test/real_test_00086.jpg,real,0,test,real_test_00086
/content/drive/MyDrive/AISC DeepFake Çalışmaları/Deneyler/Nazlıcan/Deney 1/Kaş/real/test/real_test_00087.jpg,real,0,test,real_test_00087
/content/drive/MyDrive/AISC DeepFake Çalışmaları/Deneyler/Nazlıcan/Deney 1/Kaş/real/test/real_test_00088.jpg,real,0,test,real_test_00088
/content/drive/MyDrive/AISC DeepFake Çalışmaları/Deneyler/Nazlıcan/Deney 1/Kaş/real/test/real_test_00089.jpg,real,0,test,real_test_00089
/content/drive/MyDrive/AISC DeepFake Çalışmaları/Deneyler/Nazlıcan/Deney 1/Kaş/real/test/real_test_00090.jpg,real,0,test,real_test_00090
/content/drive/MyDrive/AISC DeepFake Çalışmaları/Deneyler/Nazlıcan/Deney 1/Kaş/real/test/real_test_00091.jpg,real,0,test,real_test_00091
/content/drive/MyDrive/AISC DeepFake Çalışmaları/Deneyler/Nazlıcan/Deney 1/Kaş/real/test/real_test_00096.jpg,real,0,test,real_test_00096
/content/drive/MyDrive/AISC DeepFake Çalışmaları/Deneyler/Nazlıcan/Deney 1/Kaş/real/test/real_test_00097.jpg,real,0,test,real_test_00097
/content/drive/MyDrive/AISC DeepFake Çalışmaları/Deneyler/Nazlıcan/Deney 1/Kaş/real/test/real_test_00098.jpg,real,0,test,real_test_00098
/content/drive/MyDrive/AISC DeepFake Çalışmaları/Deneyler/Nazlıcan/Deney 1/Kaş/real/test/real_test_00099.jpg,real,0,test,real_test_00099
/content/drive/MyDrive/AISC DeepFake Çalışmaları/Deneyler/Nazlıcan/Deney 1/Kaş/real/test/real_test_00101.jpg,real,0,test,real_test_00101
/content/drive/MyDrive/AISC DeepFake Çalışmaları/Deneyler/Nazlıcan/Deney 1/Kaş/real/test/real_test_00102.jpg,real,0,test,real_test_00102
/content/drive/MyDrive/AISC DeepFake Çalışmaları/Deneyler/Nazlıcan/Deney 1/Kaş/real/test/real_test_00103.jpg,real,0,test,real_test_00103
/content/drive/MyDrive/AISC DeepFake Çalışmaları/Deneyler/Nazlıcan/Deney 1/Kaş/real/test/real_test_00104.jpg,real,0,test,real_test_00104
/content/drive/MyDrive/AISC DeepFake Çalışmaları/Deneyler/Nazlıcan/Deney 1/Kaş/real/test/real_test_00105.jpg,real,0,test,real_test_00105
/content/drive/MyDrive/AISC DeepFake Çalışmaları/Deneyler/Nazlıcan/Deney 1/Kaş/real/test/real_test_00106.jpg,real,0,test,real_test_00106
/content/drive/MyDrive/AISC DeepFake Çalışmaları/Deneyler/Nazlıcan/Deney 1/Kaş/real/test/real_test_00107.jpg,real,0,test,real_test_00107
/content/drive/MyDrive/AISC DeepFake Çalışmaları/Deneyler/Nazlıcan/Deney 1/Kaş/real/test/real_test_00108.jpg,real,0,test,real_test_00108
/content/drive/MyDrive/AISC DeepFake Çalışmaları/Deneyler/Nazlıcan/Deney 1/Kaş/real/test/real_test_00110.jpg,real,0,test,real_test_00110
/content/drive/MyDrive/AISC DeepFake Çalışmaları/Deneyler/Nazlıcan/Deney 1/Kaş/real/test/real_test_00111.jpg,real,0,test,real_test_00111
/content/drive/MyDrive/AISC DeepFake Çalışmaları/Deneyler/Nazlıcan/Deney 1/Kaş/real/test/real_test_00114.jpg,real,0,test,real_test_00114
/content/drive/MyDrive/AISC DeepFake Çalışmaları/Deneyler/Nazlıcan/Deney 1/Kaş/real/test/real_test_00115.jpg,real,0,test,real_test_00115
/content/drive/MyDrive/AISC DeepFake Çalışmaları/Deneyler/Nazlıcan/Deney 1/Kaş/real/test/real_test_00117.jpg,real,0,test,real_test_00117
/content/drive/MyDrive/AISC DeepFake Çalışmaları/Deneyler/Nazlıcan/Deney 1/Kaş/real/test/real_test_00119.jpg,real,0,test,real_test_00119
/content/drive/MyDrive/AISC DeepFake Çalışmaları/Deneyler/Nazlıcan/Deney 1/Kaş/real/test/real_test_00120.jpg,real,0,test,real_test_00120
/content/drive/MyDrive/AISC DeepFake Çalışmaları/Deneyler/Nazlıcan/Deney 1/Kaş/real/test/real_test_00121.jpg,real,0,test,real_test_00121
/content/drive/MyDrive/AISC DeepFake Çalışmaları/Deneyler/Nazlıcan/Deney 1/Kaş/real/test/real_test_00122.jpg,real,0,test,real_test_00122
/content/drive/MyDrive/AISC DeepFake Çalışmaları/Deneyler/Nazlıcan/Deney 1/Kaş/real/test/real_test_00123.jpg,real,0,test,real_test_00123
/content/drive/MyDrive/AISC DeepFake Çalışmaları/Deneyler/Nazlıcan/Deney 1/Kaş/real/test/real_test_00125.jpg,real,0,test,real_test_00125
/content/drive/MyDrive/AISC DeepFake Çalışmaları/Deneyler/Nazlıcan/Deney 1/Kaş/real/test/real_test_00126.jpg,real,0,test,real_test_00126
/content/drive/MyDrive/AISC DeepFake Çalışmaları/Deneyler/Nazlıcan/Deney 1/Kaş/real/test/real_test_00127.jpg,real,0,test,real_test_00127
/content/drive/MyDrive/AISC DeepFake Çalışmaları/Deneyler/Nazlıcan/Deney 1/Kaş/real/test/real_test_00128.jpg,real,0,test,real_test_00128
/content/drive/MyDrive/AISC DeepFake Çalışmaları/Deneyler/Nazlıcan/Deney 1/Kaş/real/test/real_test_00129.jpg,real,0,test,real_test_00129
/content/drive/MyDrive/AISC DeepFake Çalışmaları/Deneyler/Nazlıcan/Deney 1/Kaş/real/test/real_test_00130.jpg,real,0,test,real_test_00130
/content/drive/MyDrive/AISC DeepFake Çalışmaları/Deneyler/Nazlıcan/Deney 1/Kaş/real/test/real_test_00132.jpg,real,0,test,real_test_00132
/content/drive/MyDrive/AISC DeepFake Çalışmaları/Deneyler/Nazlıcan/Deney 1/Kaş/real/test/real_test_00133.jpg,real,0,test,real_test_00133
/content/drive/MyDrive/AISC DeepFake Çalışmaları/Deneyler/Nazlıcan/Deney 1/Kaş/real/test/real_test_00134.jpg,real,0,test,real_test_00134
/content/drive/MyDrive/AISC DeepFake Çalışmaları/Deneyler/Nazlıcan/Deney 1/Kaş/real/test/real_test_00137.jpg,real,0,test,real_test_00137
/content/drive/MyDrive/AISC DeepFake Çalışmaları/Deneyler/Nazlıcan/Deney 1/Kaş/real/test/real_test_00138.jpg,real,0,test,real_test_00138
/content/drive/MyDrive/AISC DeepFake Çalışmaları/Deneyler/Nazlıcan/Deney 1/Kaş/real/test/real_test_00139.jpg,real,0,test,real_test_00139
/content/drive/MyDrive/AISC DeepFake Çalışmaları/Deneyler/Nazlıcan/Deney 1/Kaş/real/test/real_test_00140.jpg,real,0,test,real_test_00140
/content/drive/MyDrive/AISC DeepFake Çalışmaları/Deneyler/Nazlıcan/Deney 1/Kaş/real/test/real_test_00141.jpg,real,0,test,real_test_00141
/content/drive/MyDrive/AISC DeepFake Çalışmaları/Deneyler/Nazlıcan/Deney 1/Kaş/real/test/real_test_00142.jpg,real,0,test,real_test_00142
/content/drive/MyDrive/AISC DeepFake Çalışmaları/Deneyler/Nazlıcan/Deney 1/Kaş/real/test/real_test_00143.jpg,real,0,test,real_test_00143
/content/drive/MyDrive/AISC DeepFake Çalışmaları/Deneyler/Nazlıcan/Deney 1/Kaş/real/test/real_test_00144.jpg,real,0,test,real_test_00144
/content/drive/MyDrive/AISC DeepFake Çalışmaları/Deneyler/Nazlıcan/Deney 1/Kaş/real/test/real_test_00145.jpg,real,0,test,real_test_00145
/content/drive/MyDrive/AISC DeepFake Çalışmaları/Deneyler/Nazlıcan/Deney 1/Kaş/real/test/real_test_00146.jpg,real,0,test,real_test_00146
/content/drive/MyDrive/AISC DeepFake Çalışmaları/Deneyler/Nazlıcan/Deney 1/Kaş/real/test/real_test_00147.jpg,real,0,test,real_test_00147
/content/drive/MyDrive/AISC DeepFake Çalışmaları/Deneyler/Nazlıcan/Deney 1/Kaş/real/test/real_test_00149.jpg,real,0,test,real_test_00149
/content/drive/MyDrive/AISC DeepFake Çalışmaları/Deneyler/Nazlıcan/Deney 1/Kaş/fake/train/fake_train_00003.jpg,fake,1,train,fake_train_00003
/content/drive/MyDrive/AISC DeepFake Çalışmaları/Deneyler/Nazlıcan/Deney 1/Kaş/fake/train/fake_train_00004.jpg,fake,1,train,fake_train_00004
/content/drive/MyDrive/AISC DeepFake Çalışmaları/Deneyler/Nazlıcan/Deney 1/Kaş/fake/train/fake_train_00005.jpg,fake,1,train,fake_train_00005
/content/drive/MyDrive/AISC DeepFake Çalışmaları/Deneyler/Nazlıcan/Deney 1/Kaş/fake/train/fake_train_00009.jpg,fake,1,train,fake_train_00009
/content/drive/MyDrive/AISC DeepFake Çalışmaları/Deneyler/Nazlıcan/Deney 1/Kaş/fake/train/fake_train_00011.jpg,fake,1,train,fake_train_00011
/content/drive/MyDrive/AISC DeepFake Çalışmaları/Deneyler/Nazlıcan/Deney 1/Kaş/fake/train/fake_train_00012.jpg,fake,1,train,fake_train_00012
/content/drive/MyDrive/AISC DeepFake Çalışmaları/Deneyler/Nazlıcan/Deney 1/Kaş/fake/train/fake_train_00013.jpg,fake,1,train,fake_train_00013
/content/drive/MyDrive/AISC DeepFake Çalışmaları/Deneyler/Nazlıcan/Deney 1/Kaş/fake/train/fake_train_00014.jpg,fake,1,train,fake_train_00014
/content/drive/MyDrive/AISC DeepFake Çalışmaları/Deneyler/Nazlıcan/Deney 1/Kaş/fake/train/fake_train_00016.jpg,fake,1,train,fake_train_00016
/content/drive/MyDrive/AISC DeepFake Çalışmaları/Deneyler/Nazlıcan/Deney 1/Kaş/fake/train/fake_train_00018.jpg,fake,1,train,fake_train_00018
/content/drive/MyDrive/AISC DeepFake Çalışmaları/Deneyler/Nazlıcan/Deney 1/Kaş/fake/train/fake_train_00021.jpg,fake,1,train,fake_train_00021
/content/drive/MyDrive/AISC DeepFake Çalışmaları/Deneyler/Nazlıcan/Deney 1/Kaş/fake/train/fake_train_00023.jpg,fake,1,train,fake_train_00023
/content/drive/MyDrive/AISC DeepFake Çalışmaları/Deneyler/Nazlıcan/Deney 1/Kaş/fake/train/fake_train_00024.jpg,fake,1,train,fake_train_00024
/content/drive/MyDrive/AISC DeepFake Çalışmaları/Deneyler/Nazlıcan/Deney 1/Kaş/fake/train/fake_train_00025.jpg,fake,1,train,fake_train_00025
/content/drive/MyDrive/AISC DeepFake Çalışmaları/Deneyler/Nazlıcan/Deney 1/Kaş/fake/train/fake_train_00026.jpg,fake,1,train,fake_train_00026
/content/drive/MyDrive/AISC DeepFake Çalışmaları/Deneyler/Nazlıcan/Deney 1/Kaş/fake/train/fake_train_00027.jpg,fake,1,train,fake_train_00027
/content/drive/MyDrive/AISC DeepFake Çalışmaları/Deneyler/Nazlıcan/Deney 1/Kaş/fake/train/fake_train_00032.jpg,fake,1,train,fake_train_00032
/content/drive/MyDrive/AISC DeepFake Çalışmaları/Deneyler/Nazlıcan/Deney 1/Kaş/fake/train/fake_train_00034.jpg,fake,1,train,fake_train_00034
/content/drive/MyDrive/AISC DeepFake Çalışmaları/Deneyler/Nazlıcan/Deney 1/Kaş/fake/train/fake_train_00035.jpg,fake,1,train,fake_train_00035
/content/drive/MyDrive/AISC DeepFake Çalışmaları/Deneyler/Nazlıcan/Deney 1/Kaş/fake/train/fake_train_00037.jpg,fake,1,train,fake_train_00037
/content/drive/MyDrive/AISC DeepFake Çalışmaları/Deneyler/Nazlıcan/Deney 1/Kaş/fake/train/fake_train_00038.jpg,fake,1,train,fake_train_00038
/content/drive/MyDrive/AISC DeepFake Çalışmaları/Deneyler/Nazlıcan/Deney 1/Kaş/fake/train/fake_train_00040.jpg,fake,1,train,fake_train_00040
/content/drive/MyDrive/AISC DeepFake Çalışmaları/Deneyler/Nazlıcan/Deney 1/Kaş/fake/train/fake_train_00041.jpg,fake,1,train,fake_train_00041
/content/drive/MyDrive/AISC DeepFake Çalışmaları/Deneyler/Nazlıcan/Deney 1/Kaş/fake/train/fake_train_00042.jpg,fake,1,train,fake_train_00042
/content/drive/MyDrive/AISC DeepFake Çalışmaları/Deneyler/Nazlıcan/Deney 1/Kaş/fake/train/fake_train_00043.jpg,fake,1,train,fake_train_00043
/content/drive/MyDrive/AISC DeepFake Çalışmaları/Deneyler/Nazlıcan/Deney 1/Kaş/fake/train/fake_train_00045.jpg,fake,1,train,fake_train_00045
/content/drive/MyDrive/AISC DeepFake Çalışmaları/Deneyler/Nazlıcan/Deney 1/Kaş/fake/train/fake_train_00049.jpg,fake,1,train,fake_train_00049
/content/drive/MyDrive/AISC DeepFake Çalışmaları/Deneyler/Nazlıcan/Deney 1/Kaş/fake/train/fake_train_00050.jpg,fake,1,train,fake_train_00050
/content/drive/MyDrive/AISC DeepFake Çalışmaları/Deneyler/Nazlıcan/Deney 1/Kaş/fake/train/fake_train_00051.jpg,fake,1,train,fake_train_00051
/content/drive/MyDrive/AISC DeepFake Çalışmaları/Deneyler/Nazlıcan/Deney 1/Kaş/fake/train/fake_train_00052.jpg,fake,1,train,fake_train_00052
/content/drive/MyDrive/AISC DeepFake Çalışmaları/Deneyler/Nazlıcan/Deney 1/Kaş/fake/train/fake_train_00054.jpg,fake,1,train,fake_train_00054
/content/drive/MyDrive/AISC DeepFake Çalışmaları/Deneyler/Nazlıcan/Deney 1/Kaş/fake/train/fake_train_00055.jpg,fake,1,train,fake_train_00055
/content/drive/MyDrive/AISC DeepFake Çalışmaları/Deneyler/Nazlıcan/Deney 1/Kaş/fake/train/fake_train_00056.jpg,fake,1,train,fake_train_00056
/content/drive/MyDrive/AISC DeepFake Çalışmaları/Deneyler/Nazlıcan/Deney 1/Kaş/fake/train/fake_train_00057.jpg,fake,1,train,fake_train_00057
/content/drive/MyDrive/AISC DeepFake Çalışmaları/Deneyler/Nazlıcan/Deney 1/Kaş/fake/train/fake_train_00059.jpg,fake,1,train,fake_train_00059
/content/drive/MyDrive/AISC DeepFake Çalışmaları/Deneyler/Nazlıcan/Deney 1/Kaş/fake/train/fake_train_00060.jpg,fake,1,train,fake_train_00060
/content/drive/MyDrive/AISC DeepFake Çalışmaları/Deneyler/Nazlıcan/Deney 1/Kaş/fake/train/fake_train_00061.jpg,fake,1,train,fake_train_00061
/content/drive/MyDrive/AISC DeepFake Çalışmaları/Deneyler/Nazlıcan/Deney 1/Kaş/fake/train/fake_train_00063.jpg,fake,1,train,fake_train_00063
/content/drive/MyDrive/AISC DeepFake Çalışmaları/Deneyler/Nazlıcan/Deney 1/Kaş/fake/train/fake_train_00064.jpg,fake,1,train,fake_train_00064
/content/drive/MyDrive/AISC DeepFake Çalışmaları/Deneyler/Nazlıcan/Deney 1/Kaş/fake/train/fake_train_00066.jpg,fake,1,train,fake_train_00066
/content/drive/MyDrive/AISC DeepFake Çalışmaları/Deneyler/Nazlıcan/Deney 1/Kaş/fake/train/fake_train_00067.jpg,fake,1,train,fake_train_00067
/content/drive/MyDrive/AISC DeepFake Çalışmaları/Deneyler/Nazlıcan/Deney 1/Kaş/fake/train/fake_train_00068.jpg,fake,1,train,fake_train_00068
/content/drive/MyDrive/AISC DeepFake Çalışmaları/Deneyler/Nazlıcan/Deney 1/Kaş/fake/train/fake_train_00069.jpg,fake,1,train,fake_train_00069
/content/drive/MyDrive/AISC DeepFake Çalışmaları/Deneyler/Nazlıcan/Deney 1/Kaş/fake/train/fake_train_00071.jpg,fake,1,train,fake_train_00071
/content/drive/MyDrive/AISC DeepFake Çalışmaları/Deneyler/Nazlıcan/Deney 1/Kaş/fake/train/fake_train_00073.jpg,fake,1,train,fake_train_00073
/content/drive/MyDrive/AISC DeepFake Çalışmaları/Deneyler/Nazlıcan/Deney 1/Kaş/fake/train/fake_train_00074.jpg,fake,1,train,fake_train_00074
/content/drive/MyDrive/AISC DeepFake Çalışmaları/Deneyler/Nazlıcan/Deney 1/Kaş/fake/train/fake_train_00075.jpg,fake,1,train,fake_train_00075
/content/drive/MyDrive/AISC DeepFake Çalışmaları/Deneyler/Nazlıcan/Deney 1/Kaş/fake/train/fake_train_00076.jpg,fake,1,train,fake_train_00076
/content/drive/MyDrive/AISC DeepFake Çalışmaları/Deneyler/Nazlıcan/Deney 1/Kaş/fake/train/fake_train_00077.jpg,fake,1,train,fake_train_00077
/content/drive/MyDrive/AISC DeepFake Çalışmaları/Deneyler/Nazlıcan/Deney 1/Kaş/fake/train/fake_train_00078.jpg,fake,1,train,fake_train_00078
/content/drive/MyDrive/AISC DeepFake Çalışmaları/Deneyler/Nazlıcan/Deney 1/Kaş/fake/train/fake_train_00079.jpg,fake,1,train,fake_train_00079
/content/drive/MyDrive/AISC DeepFake Çalışmaları/Deneyler/Nazlıcan/Deney 1/Kaş/fake/train/fake_train_00082.jpg,fake,1,train,fake_train_00082
/content/drive/MyDrive/AISC DeepFake Çalışmaları/Deneyler/Nazlıcan/Deney 1/Kaş/fake/train/fake_train_00083.jpg,fake,1,train,fake_train_00083
/content/drive/MyDrive/AISC DeepFake Çalışmaları/Deneyler/Nazlıcan/Deney 1/Kaş/fake/train/fake_train_00088.jpg,fake,1,train,fake_train_00088
/content/drive/MyDrive/AISC DeepFake Çalışmaları/Deneyler/Nazlıcan/Deney 1/Kaş/fake/train/fake_train_00090.jpg,fake,1,train,fake_train_00090
/content/drive/MyDrive/AISC DeepFake Çalışmaları/Deneyler/Nazlıcan/Deney 1/Kaş/fake/train/fake_train_00091.jpg,fake,1,train,fake_train_00091
/content/drive/MyDrive/AISC DeepFake Çalışmaları/Deneyler/Nazlıcan/Deney 1/Kaş/fake/train/fake_train_00092.jpg,fake,1,train,fake_train_00092
/content/drive/MyDrive/AISC DeepFake Çalışmaları/Deneyler/Nazlıcan/Deney 1/Kaş/fake/train/fake_train_00093.jpg,fake,1,train,fake_train_00093
/content/drive/MyDrive/AISC DeepFake Çalışmaları/Deneyler/Nazlıcan/Deney 1/Kaş/fake/train/fake_train_00094.jpg,fake,1,train,fake_train_00094
/content/drive/MyDrive/AISC DeepFake Çalışmaları/Deneyler/Nazlıcan/Deney 1/Kaş/fake/train/fake_train_00098.jpg,fake,1,train,fake_train_00098
/content/drive/MyDrive/AISC DeepFake Çalışmaları/Deneyler/Nazlıcan/Deney 1/Kaş/fake/train/fake_train_00100.jpg,fake,1,train,fake_train_00100
/content/drive/MyDrive/AISC DeepFake Çalışmaları/Deneyler/Nazlıcan/Deney 1/Kaş/fake/train/fake_train_00101.jpg,fake,1,train,fake_train_00101
/content/drive/MyDrive/AISC DeepFake Çalışmaları/Deneyler/Nazlıcan/Deney 1/Kaş/fake/train/fake_train_00102.jpg,fake,1,train,fake_train_00102
/content/drive/MyDrive/AISC DeepFake Çalışmaları/Deneyler/Nazlıcan/Deney 1/Kaş/fake/train/fake_train_00103.jpg,fake,1,train,fake_train_00103
/content/drive/MyDrive/AISC DeepFake Çalışmaları/Deneyler/Nazlıcan/Deney 1/Kaş/fake/train/fake_train_00104.jpg,fake,1,train,fake_train_00104
/content/drive/MyDrive/AISC DeepFake Çalışmaları/Deneyler/Nazlıcan/Deney 1/Kaş/fake/train/fake_train_00105.jpg,fake,1,train,fake_train_00105
/content/drive/MyDrive/AISC DeepFake Çalışmaları/Deneyler/Nazlıcan/Deney 1/Kaş/fake/train/fake_train_00108.jpg,fake,1,train,fake_train_00108
/content/drive/MyDrive/AISC DeepFake Çalışmaları/Deneyler/Nazlıcan/Deney 1/Kaş/fake/train/fake_train_00111.jpg,fake,1,train,fake_train_00111
/content/drive/MyDrive/AISC DeepFake Çalışmaları/Deneyler/Nazlıcan/Deney 1/Kaş/fake/train/fake_train_00112.jpg,fake,1,train,fake_train_00112
/content/drive/MyDrive/AISC DeepFake Çalışmaları/Deneyler/Nazlıcan/Deney 1/Kaş/fake/train/fake_train_00113.jpg,fake,1,train,fake_train_00113
/content/drive/MyDrive/AISC DeepFake Çalışmaları/Deneyler/Nazlıcan/Deney 1/Kaş/fake/train/fake_train_00114.jpg,fake,1,train,fake_train_00114
/content/drive/MyDrive/AISC DeepFake Çalışmaları/Deneyler/Nazlıcan/Deney 1/Kaş/fake/train/fake_train_00115.jpg,fake,1,train,fake_train_00115
/content/drive/MyDrive/AISC DeepFake Çalışmaları/Deneyler/Nazlıcan/Deney 1/Kaş/fake/train/fake_train_00117.jpg,fake,1,train,fake_train_00117
/content/drive/MyDrive/AISC DeepFake Çalışmaları/Deneyler/Nazlıcan/Deney 1/Kaş/fake/train/fake_train_00118.jpg,fake,1,train,fake_train_00118
/content/drive/MyDrive/AISC DeepFake Çalışmaları/Deneyler/Nazlıcan/Deney 1/Kaş/fake/train/fake_train_00120.jpg,fake,1,train,fake_train_00120
/content/drive/MyDrive/AISC DeepFake Çalışmaları/Deneyler/Nazlıcan/Deney 1/Kaş/fake/train/fake_train_00122.jpg,fake,1,train,fake_train_00122
/content/drive/MyDrive/AISC DeepFake Çalışmaları/Deneyler/Nazlıcan/Deney 1/Kaş/fake/train/fake_train_00124.jpg,fake,1,train,fake_train_00124
/content/drive/MyDrive/AISC DeepFake Çalışmaları/Deneyler/Nazlıcan/Deney 1/Kaş/fake/train/fake_train_00125.jpg,fake,1,train,fake_train_00125
/content/drive/MyDrive/AISC DeepFake Çalışmaları/Deneyler/Nazlıcan/Deney 1/Kaş/fake/train/fake_train_00126.jpg,fake,1,train,fake_train_00126
/content/drive/MyDrive/AISC DeepFake Çalışmaları/Deneyler/Nazlıcan/Deney 1/Kaş/fake/train/fake_train_00127.jpg,fake,1,train,fake_train_00127
/content/drive/MyDrive/AISC DeepFake Çalışmaları/Deneyler/Nazlıcan/Deney 1/Kaş/fake/train/fake_train_00128.jpg,fake,1,train,fake_train_00128
/content/drive/MyDrive/AISC DeepFake Çalışmaları/Deneyler/Nazlıcan/Deney 1/Kaş/fake/train/fake_train_00131.jpg,fake,1,train,fake_train_00131
/content/drive/MyDrive/AISC DeepFake Çalışmaları/Deneyler/Nazlıcan/Deney 1/Kaş/fake/train/fake_train_00133.jpg,fake,1,train,fake_train_00133
/content/drive/MyDrive/AISC DeepFake Çalışmaları/Deneyler/Nazlıcan/Deney 1/Kaş/fake/train/fake_train_00134.jpg,fake,1,train,fake_train_00134
/content/drive/MyDrive/AISC DeepFake Çalışmaları/Deneyler/Nazlıcan/Deney 1/Kaş/fake/train/fake_train_00135.jpg,fake,1,train,fake_train_00135
/content/drive/MyDrive/AISC DeepFake Çalışmaları/Deneyler/Nazlıcan/Deney 1/Kaş/fake/train/fake_train_00136.jpg,fake,1,train,fake_train_00136
/content/drive/MyDrive/AISC DeepFake Çalışmaları/Deneyler/Nazlıcan/Deney 1/Kaş/fake/train/fake_train_00138.jpg,fake,1,train,fake_train_00138
/content/drive/MyDrive/AISC DeepFake Çalışmaları/Deneyler/Nazlıcan/Deney 1/Kaş/fake/train/fake_train_00139.jpg,fake,1,train,fake_train_00139
/content/drive/MyDrive/AISC DeepFake Çalışmaları/Deneyler/Nazlıcan/Deney 1/Kaş/fake/train/fake_train_00140.jpg,fake,1,train,fake_train_00140
/content/drive/MyDrive/AISC DeepFake Çalışmaları/Deneyler/Nazlıcan/Deney 1/Kaş/fake/train/fake_train_00142.jpg,fake,1,train,fake_train_00142
/content/drive/MyDrive/AISC DeepFake Çalışmaları/Deneyler/Nazlıcan/Deney 1/Kaş/fake/train/fake_train_00143.jpg,fake,1,train,fake_train_00143
/content/drive/MyDrive/AISC DeepFake Çalışmaları/Deneyler/Nazlıcan/Deney 1/Kaş/fake/train/fake_train_00144.jpg,fake,1,train,fake_train_00144
/content/drive/MyDrive/AISC DeepFake Çalışmaları/Deneyler/Nazlıcan/Deney 1/Kaş/fake/train/fake_train_00147.jpg,fake,1,train,fake_train_00147
/content/drive/MyDrive/AISC DeepFake Çalışmaları/Deneyler/Nazlıcan/Deney 1/Kaş/fake/train/fake_train_00148.jpg,fake,1,train,fake_train_00148
/content/drive/MyDrive/AISC DeepFake Çalışmaları/Deneyler/Nazlıcan/Deney 1/Kaş/fake/train/fake_train_00150.jpg,fake,1,train,fake_train_00150
/content/drive/MyDrive/AISC DeepFake Çalışmaları/Deneyler/Nazlıcan/Deney 1/Kaş/fake/train/fake_train_00151.jpg,fake,1,train,fake_train_00151
/content/drive/MyDrive/AISC DeepFake Çalışmaları/Deneyler/Nazlıcan/Deney 1/Kaş/fake/train/fake_train_00154.jpg,fake,1,train,fake_train_00154
/content/drive/MyDrive/AISC DeepFake Çalışmaları/Deneyler/Nazlıcan/Deney 1/Kaş/fake/train/fake_train_00155.jpg,fake,1,train,fake_train_00155
/content/drive/MyDrive/AISC DeepFake Çalışmaları/Deneyler/Nazlıcan/Deney 1/Kaş/fake/train/fake_train_00160.jpg,fake,1,train,fake_train_00160
/content/drive/MyDrive/AISC DeepFake Çalışmaları/Deneyler/Nazlıcan/Deney 1/Kaş/fake/train/fake_train_00162.jpg,fake,1,train,fake_train_00162
/content/drive/MyDrive/AISC DeepFake Çalışmaları/Deneyler/Nazlıcan/Deney 1/Kaş/fake/train/fake_train_00163.jpg,fake,1,train,fake_train_00163
/content/drive/MyDrive/AISC DeepFake Çalışmaları/Deneyler/Nazlıcan/Deney 1/Kaş/fake/train/fake_train_00164.jpg,fake,1,train,fake_train_00164
/content/drive/MyDrive/AISC DeepFake Çalışmaları/Deneyler/Nazlıcan/Deney 1/Kaş/fake/train/fake_train_00165.jpg,fake,1,train,fake_train_00165
/content/drive/MyDrive/AISC DeepFake Çalışmaları/Deneyler/Nazlıcan/Deney 1/Kaş/fake/train/fake_train_00169.jpg,fake,1,train,fake_train_00169
/content/drive/MyDrive/AISC DeepFake Çalışmaları/Deneyler/Nazlıcan/Deney 1/Kaş/fake/train/fake_train_00170.jpg,fake,1,train,fake_train_00170
/content/drive/MyDrive/AISC DeepFake Çalışmaları/Deneyler/Nazlıcan/Deney 1/Kaş/fake/train/fake_train_00172.jpg,fake,1,train,fake_train_00172
/content/drive/MyDrive/AISC DeepFake Çalışmaları/Deneyler/Nazlıcan/Deney 1/Kaş/fake/train/fake_train_00173.jpg,fake,1,train,fake_train_00173
/content/drive/MyDrive/AISC DeepFake Çalışmaları/Deneyler/Nazlıcan/Deney 1/Kaş/fake/train/fake_train_00174.jpg,fake,1,train,fake_train_00174
/content/drive/MyDrive/AISC DeepFake Çalışmaları/Deneyler/Nazlıcan/Deney 1/Kaş/fake/train/fake_train_00176.jpg,fake,1,train,fake_train_00176
/content/drive/MyDrive/AISC DeepFake Çalışmaları/Deneyler/Nazlıcan/Deney 1/Kaş/fake/train/fake_train_00177.jpg,fake,1,train,fake_train_00177
/content/drive/MyDrive/AISC DeepFake Çalışmaları/Deneyler/Nazlıcan/Deney 1/Kaş/fake/train/fake_train_00179.jpg,fake,1,train,fake_train_00179
/content/drive/MyDrive/AISC DeepFake Çalışmaları/Deneyler/Nazlıcan/Deney 1/Kaş/fake/train/fake_train_00180.jpg,fake,1,train,fake_train_00180
/content/drive/MyDrive/AISC DeepFake Çalışmaları/Deneyler/Nazlıcan/Deney 1/Kaş/fake/train/fake_train_00181.jpg,fake,1,train,fake_train_00181
/content/drive/MyDrive/AISC DeepFake Çalışmaları/Deneyler/Nazlıcan/Deney 1/Kaş/fake/train/fake_train_00183.jpg,fake,1,train,fake_train_00183
/content/drive/MyDrive/AISC DeepFake Çalışmaları/Deneyler/Nazlıcan/Deney 1/Kaş/fake/train/fake_train_00185.jpg,fake,1,train,fake_train_00185
/content/drive/MyDrive/AISC DeepFake Çalışmaları/Deneyler/Nazlıcan/Deney 1/Kaş/fake/train/fake_train_00186.jpg,fake,1,train,fake_train_00186
/content/drive/MyDrive/AISC DeepFake Çalışmaları/Deneyler/Nazlıcan/Deney 1/Kaş/fake/train/fake_train_00189.jpg,fake,1,train,fake_train_00189
/content/drive/MyDrive/AISC DeepFake Çalışmaları/Deneyler/Nazlıcan/Deney 1/Kaş/fake/train/fake_train_00191.jpg,fake,1,train,fake_train_00191
/content/drive/MyDrive/AISC DeepFake Çalışmaları/Deneyler/Nazlıcan/Deney 1/Kaş/fake/train/fake_train_00192.jpg,fake,1,train,fake_train_00192
/content/drive/MyDrive/AISC DeepFake Çalışmaları/Deneyler/Nazlıcan/Deney 1/Kaş/fake/train/fake_train_00195.jpg,fake,1,train,fake_train_00195
/content/drive/MyDrive/AISC DeepFake Çalışmaları/Deneyler/Nazlıcan/Deney 1/Kaş/fake/train/fake_train_00197.jpg,fake,1,train,fake_train_00197
/content/drive/MyDrive/AISC DeepFake Çalışmaları/Deneyler/Nazlıcan/Deney 1/Kaş/fake/train/fake_train_00198.jpg,fake,1,train,fake_train_00198
/content/drive/MyDrive/AISC DeepFake Çalışmaları/Deneyler/Nazlıcan/Deney 1/Kaş/fake/train/fake_train_00201.jpg,fake,1,train,fake_train_00201
/content/drive/MyDrive/AISC DeepFake Çalışmaları/Deneyler/Nazlıcan/Deney 1/Kaş/fake/train/fake_train_00202.jpg,fake,1,train,fake_train_00202
/content/drive/MyDrive/AISC DeepFake Çalışmaları/Deneyler/Nazlıcan/Deney 1/Kaş/fake/train/fake_train_00203.jpg,fake,1,train,fake_train_00203
/content/drive/MyDrive/AISC DeepFake Çalışmaları/Deneyler/Nazlıcan/Deney 1/Kaş/fake/train/fake_train_00204.jpg,fake,1,train,fake_train_00204
/content/drive/MyDrive/AISC DeepFake Çalışmaları/Deneyler/Nazlıcan/Deney 1/Kaş/fake/train/fake_train_00206.jpg,fake,1,train,fake_train_00206
/content/drive/MyDrive/AISC DeepFake Çalışmaları/Deneyler/Nazlıcan/Deney 1/Kaş/fake/train/fake_train_00207.jpg,fake,1,train,fake_train_00207
/content/drive/MyDrive/AISC DeepFake Çalışmaları/Deneyler/Nazlıcan/Deney 1/Kaş/fake/train/fake_train_00209.jpg,fake,1,train,fake_train_00209
/content/drive/MyDrive/AISC DeepFake Çalışmaları/Deneyler/Nazlıcan/Deney 1/Kaş/fake/train/fake_train_00211.jpg,fake,1,train,fake_train_00211
/content/drive/MyDrive/AISC DeepFake Çalışmaları/Deneyler/Nazlıcan/Deney 1/Kaş/fake/train/fake_train_00212.jpg,fake,1,train,fake_train_00212
/content/drive/MyDrive/AISC DeepFake Çalışmaları/Deneyler/Nazlıcan/Deney 1/Kaş/fake/train/fake_train_00213.jpg,fake,1,train,fake_train_00213
/content/drive/MyDrive/AISC DeepFake Çalışmaları/Deneyler/Nazlıcan/Deney 1/Kaş/fake/train/fake_train_00215.jpg,fake,1,train,fake_train_00215
/content/drive/MyDrive/AISC DeepFake Çalışmaları/Deneyler/Nazlıcan/Deney 1/Kaş/fake/train/fake_train_00216.jpg,fake,1,train,fake_train_00216
/content/drive/MyDrive/AISC DeepFake Çalışmaları/Deneyler/Nazlıcan/Deney 1/Kaş/fake/train/fake_train_00218.jpg,fake,1,train,fake_train_00218
/content/drive/MyDrive/AISC DeepFake Çalışmaları/Deneyler/Nazlıcan/Deney 1/Kaş/fake/train/fake_train_00219.jpg,fake,1,train,fake_train_00219
/content/drive/MyDrive/AISC DeepFake Çalışmaları/Deneyler/Nazlıcan/Deney 1/Kaş/fake/train/fake_train_00220.jpg,fake,1,train,fake_train_00220
/content/drive/MyDrive/AISC DeepFake Çalışmaları/Deneyler/Nazlıcan/Deney 1/Kaş/fake/train/fake_train_00222.jpg,fake,1,train,fake_train_00222
/content/drive/MyDrive/AISC DeepFake Çalışmaları/Deneyler/Nazlıcan/Deney 1/Kaş/fake/train/fake_train_00224.jpg,fake,1,train,fake_train_00224
/content/drive/MyDrive/AISC DeepFake Çalışmaları/Deneyler/Nazlıcan/Deney 1/Kaş/fake/train/fake_train_00225.jpg,fake,1,train,fake_train_00225
/content/drive/MyDrive/AISC DeepFake Çalışmaları/Deneyler/Nazlıcan/Deney 1/Kaş/fake/train/fake_train_00227.jpg,fake,1,train,fake_train_00227
/content/drive/MyDrive/AISC DeepFake Çalışmaları/Deneyler/Nazlıcan/Deney 1/Kaş/fake/train/fake_train_00228.jpg,fake,1,train,fake_train_00228
/content/drive/MyDrive/AISC DeepFake Çalışmaları/Deneyler/Nazlıcan/Deney 1/Kaş/fake/train/fake_train_00229.jpg,fake,1,train,fake_train_00229
/content/drive/MyDrive/AISC DeepFake Çalışmaları/Deneyler/Nazlıcan/Deney 1/Kaş/fake/train/fake_train_00231.jpg,fake,1,train,fake_train_00231
/content/drive/MyDrive/AISC DeepFake Çalışmaları/Deneyler/Nazlıcan/Deney 1/Kaş/fake/train/fake_train_00232.jpg,fake,1,train,fake_train_00232
/content/drive/MyDrive/AISC DeepFake Çalışmaları/Deneyler/Nazlıcan/Deney 1/Kaş/fake/train/fake_train_00233.jpg,fake,1,train,fake_train_00233
/content/drive/MyDrive/AISC DeepFake Çalışmaları/Deneyler/Nazlıcan/Deney 1/Kaş/fake/train/fake_train_00236.jpg,fake,1,train,fake_train_00236
/content/drive/MyDrive/AISC DeepFake Çalışmaları/Deneyler/Nazlıcan/Deney 1/Kaş/fake/train/fake_train_00237.jpg,fake,1,train,fake_train_00237
/content/drive/MyDrive/AISC DeepFake Çalışmaları/Deneyler/Nazlıcan/Deney 1/Kaş/fake/train/fake_train_00238.jpg,fake,1,train,fake_train_00238
/content/drive/MyDrive/AISC DeepFake Çalışmaları/Deneyler/Nazlıcan/Deney 1/Kaş/fake/train/fake_train_00239.jpg,fake,1,train,fake_train_00239
/content/drive/MyDrive/AISC DeepFake Çalışmaları/Deneyler/Nazlıcan/Deney 1/Kaş/fake/train/fake_train_00241.jpg,fake,1,train,fake_train_00241
/content/drive/MyDrive/AISC DeepFake Çalışmaları/Deneyler/Nazlıcan/Deney 1/Kaş/fake/train/fake_train_00242.jpg,fake,1,train,fake_train_00242
/content/drive/MyDrive/AISC DeepFake Çalışmaları/Deneyler/Nazlıcan/Deney 1/Kaş/fake/train/fake_train_00243.jpg,fake,1,train,fake_train_00243
/content/drive/MyDrive/AISC DeepFake Çalışmaları/Deneyler/Nazlıcan/Deney 1/Kaş/fake/train/fake_train_00244.jpg,fake,1,train,fake_train_00244
/content/drive/MyDrive/AISC DeepFake Çalışmaları/Deneyler/Nazlıcan/Deney 1/Kaş/fake/train/fake_train_00245.jpg,fake,1,train,fake_train_00245
/content/drive/MyDrive/AISC DeepFake Çalışmaları/Deneyler/Nazlıcan/Deney 1/Kaş/fake/train/fake_train_00246.jpg,fake,1,train,fake_train_00246
/content/drive/MyDrive/AISC DeepFake Çalışmaları/Deneyler/Nazlıcan/Deney 1/Kaş/fake/train/fake_train_00247.jpg,fake,1,train,fake_train_00247
/content/drive/MyDrive/AISC DeepFake Çalışmaları/Deneyler/Nazlıcan/Deney 1/Kaş/fake/train/fake_train_00249.jpg,fake,1,train,fake_train_00249
/content/drive/MyDrive/AISC DeepFake Çalışmaları/Deneyler/Nazlıcan/Deney 1/Kaş/fake/train/fake_train_00250.jpg,fake,1,train,fake_train_00250
/content/drive/MyDrive/AISC DeepFake Çalışmaları/Deneyler/Nazlıcan/Deney 1/Kaş/fake/train/fake_train_00252.jpg,fake,1,train,fake_train_00252
/content/drive/MyDrive/AISC DeepFake Çalışmaları/Deneyler/Nazlıcan/Deney 1/Kaş/fake/train/fake_train_00253.jpg,fake,1,train,fake_train_00253
/content/drive/MyDrive/AISC DeepFake Çalışmaları/Deneyler/Nazlıcan/Deney 1/Kaş/fake/train/fake_train_00255.jpg,fake,1,train,fake_train_00255
/content/drive/MyDrive/AISC DeepFake Çalışmaları/Deneyler/Nazlıcan/Deney 1/Kaş/fake/train/fake_train_00257.jpg,fake,1,train,fake_train_00257
/content/drive/MyDrive/AISC DeepFake Çalışmaları/Deneyler/Nazlıcan/Deney 1/Kaş/fake/train/fake_train_00260.jpg,fake,1,train,fake_train_00260
/content/drive/MyDrive/AISC DeepFake Çalışmaları/Deneyler/Nazlıcan/Deney 1/Kaş/fake/train/fake_train_00262.jpg,fake,1,train,fake_train_00262
/content/drive/MyDrive/AISC DeepFake Çalışmaları/Deneyler/Nazlıcan/Deney 1/Kaş/fake/train/fake_train_00263.jpg,fake,1,train,fake_train_00263
/content/drive/MyDrive/AISC DeepFake Çalışmaları/Deneyler/Nazlıcan/Deney 1/Kaş/fake/train/fake_train_00264.jpg,fake,1,train,fake_train_00264
/content/drive/MyDrive/AISC DeepFake Çalışmaları/Deneyler/Nazlıcan/Deney 1/Kaş/fake/train/fake_train_00266.jpg,fake,1,train,fake_train_00266
/content/drive/MyDrive/AISC DeepFake Çalışmaları/Deneyler/Nazlıcan/Deney 1/Kaş/fake/train/fake_train_00267.jpg,fake,1,train,fake_train_00267
/content/drive/MyDrive/AISC DeepFake Çalışmaları/Deneyler/Nazlıcan/Deney 1/Kaş/fake/train/fake_train_00268.jpg,fake,1,train,fake_train_00268
/content/drive/MyDrive/AISC DeepFake Çalışmaları/Deneyler/Nazlıcan/Deney 1/Kaş/fake/train/fake_train_00271.jpg,fake,1,train,fake_train_00271
/content/drive/MyDrive/AISC DeepFake Çalışmaları/Deneyler/Nazlıcan/Deney 1/Kaş/fake/train/fake_train_00272.jpg,fake,1,train,fake_train_00272
/content/drive/MyDrive/AISC DeepFake Çalışmaları/Deneyler/Nazlıcan/Deney 1/Kaş/fake/train/fake_train_00273.jpg,fake,1,train,fake_train_00273
/content/drive/MyDrive/AISC DeepFake Çalışmaları/Deneyler/Nazlıcan/Deney 1/Kaş/fake/train/fake_train_00274.jpg,fake,1,train,fake_train_00274
/content/drive/MyDrive/AISC DeepFake Çalışmaları/Deneyler/Nazlıcan/Deney 1/Kaş/fake/train/fake_train_00275.jpg,fake,1,train,fake_train_00275
/content/drive/MyDrive/AISC DeepFake Çalışmaları/Deneyler/Nazlıcan/Deney 1/Kaş/fake/train/fake_train_00276.jpg,fake,1,train,fake_train_00276
/content/drive/MyDrive/AISC DeepFake Çalışmaları/Deneyler/Nazlıcan/Deney 1/Kaş/fake/train/fake_train_00278.jpg,fake,1,train,fake_train_00278
/content/drive/MyDrive/AISC DeepFake Çalışmaları/Deneyler/Nazlıcan/Deney 1/Kaş/fake/train/fake_train_00279.jpg,fake,1,train,fake_train_00279
/content/drive/MyDrive/AISC DeepFake Çalışmaları/Deneyler/Nazlıcan/Deney 1/Kaş/fake/train/fake_train_00280.jpg,fake,1,train,fake_train_00280
/content/drive/MyDrive/AISC DeepFake Çalışmaları/Deneyler/Nazlıcan/Deney 1/Kaş/fake/train/fake_train_00281.jpg,fake,1,train,fake_train_00281
/content/drive/MyDrive/AISC DeepFake Çalışmaları/Deneyler/Nazlıcan/Deney 1/Kaş/fake/train/fake_train_00283.jpg,fake,1,train,fake_train_00283
/content/drive/MyDrive/AISC DeepFake Çalışmaları/Deneyler/Nazlıcan/Deney 1/Kaş/fake/train/fake_train_00285.jpg,fake,1,train,fake_train_00285
/content/drive/MyDrive/AISC DeepFake Çalışmaları/Deneyler/Nazlıcan/Deney 1/Kaş/fake/train/fake_train_00286.jpg,fake,1,train,fake_train_00286
/content/drive/MyDrive/AISC DeepFake Çalışmaları/Deneyler/Nazlıcan/Deney 1/Kaş/fake/train/fake_train_00288.jpg,fake,1,train,fake_train_00288
/content/drive/MyDrive/AISC DeepFake Çalışmaları/Deneyler/Nazlıcan/Deney 1/Kaş/fake/train/fake_train_00290.jpg,fake,1,train,fake_train_00290
/content/drive/MyDrive/AISC DeepFake Çalışmaları/Deneyler/Nazlıcan/Deney 1/Kaş/fake/train/fake_train_00292.jpg,fake,1,train,fake_train_00292
/content/drive/MyDrive/AISC DeepFake Çalışmaları/Deneyler/Nazlıcan/Deney 1/Kaş/fake/train/fake_train_00297.jpg,fake,1,train,fake_train_00297
/content/drive/MyDrive/AISC DeepFake Çalışmaları/Deneyler/Nazlıcan/Deney 1/Kaş/fake/train/fake_train_00298.jpg,fake,1,train,fake_train_00298
/content/drive/MyDrive/AISC DeepFake Çalışmaları/Deneyler/Nazlıcan/Deney 1/Kaş/fake/train/fake_train_00300.jpg,fake,1,train,fake_train_00300
/content/drive/MyDrive/AISC DeepFake Çalışmaları/Deneyler/Nazlıcan/Deney 1/Kaş/fake/train/fake_train_00301.jpg,fake,1,train,fake_train_00301
/content/drive/MyDrive/AISC DeepFake Çalışmaları/Deneyler/Nazlıcan/Deney 1/Kaş/fake/train/fake_train_00302.jpg,fake,1,train,fake_train_00302
/content/drive/MyDrive/AISC DeepFake Çalışmaları/Deneyler/Nazlıcan/Deney 1/Kaş/fake/train/fake_train_00303.jpg,fake,1,train,fake_train_00303
/content/drive/MyDrive/AISC DeepFake Çalışmaları/Deneyler/Nazlıcan/Deney 1/Kaş/fake/train/fake_train_00305.jpg,fake,1,train,fake_train_00305
/content/drive/MyDrive/AISC DeepFake Çalışmaları/Deneyler/Nazlıcan/Deney 1/Kaş/fake/train/fake_train_00306.jpg,fake,1,train,fake_train_00306
/content/drive/MyDrive/AISC DeepFake Çalışmaları/Deneyler/Nazlıcan/Deney 1/Kaş/fake/train/fake_train_00307.jpg,fake,1,train,fake_train_00307
/content/drive/MyDrive/AISC DeepFake Çalışmaları/Deneyler/Nazlıcan/Deney 1/Kaş/fake/train/fake_train_00310.jpg,fake,1,train,fake_train_00310
/content/drive/MyDrive/AISC DeepFake Çalışmaları/Deneyler/Nazlıcan/Deney 1/Kaş/fake/train/fake_train_00311.jpg,fake,1,train,fake_train_00311
/content/drive/MyDrive/AISC DeepFake Çalışmaları/Deneyler/Nazlıcan/Deney 1/Kaş/fake/train/fake_train_00312.jpg,fake,1,train,fake_train_00312
/content/drive/MyDrive/AISC DeepFake Çalışmaları/Deneyler/Nazlıcan/Deney 1/Kaş/fake/train/fake_train_00313.jpg,fake,1,train,fake_train_00313
/content/drive/MyDrive/AISC DeepFake Çalışmaları/Deneyler/Nazlıcan/Deney 1/Kaş/fake/train/fake_train_00314.jpg,fake,1,train,fake_train_00314
/content/drive/MyDrive/AISC DeepFake Çalışmaları/Deneyler/Nazlıcan/Deney 1/Kaş/fake/train/fake_train_00315.jpg,fake,1,train,fake_train_00315
/content/drive/MyDrive/AISC DeepFake Çalışmaları/Deneyler/Nazlıcan/Deney 1/Kaş/fake/train/fake_train_00317.jpg,fake,1,train,fake_train_00317
/content/drive/MyDrive/AISC DeepFake Çalışmaları/Deneyler/Nazlıcan/Deney 1/Kaş/fake/train/fake_train_00318.jpg,fake,1,train,fake_train_00318
/content/drive/MyDrive/AISC DeepFake Çalışmaları/Deneyler/Nazlıcan/Deney 1/Kaş/fake/train/fake_train_00320.jpg,fake,1,train,fake_train_00320
/content/drive/MyDrive/AISC DeepFake Çalışmaları/Deneyler/Nazlıcan/Deney 1/Kaş/fake/train/fake_train_00321.jpg,fake,1,train,fake_train_00321
/content/drive/MyDrive/AISC DeepFake Çalışmaları/Deneyler/Nazlıcan/Deney 1/Kaş/fake/train/fake_train_00322.jpg,fake,1,train,fake_train_00322
/content/drive/MyDrive/AISC DeepFake Çalışmaları/Deneyler/Nazlıcan/Deney 1/Kaş/fake/train/fake_train_00323.jpg,fake,1,train,fake_train_00323
/content/drive/MyDrive/AISC DeepFake Çalışmaları/Deneyler/Nazlıcan/Deney 1/Kaş/fake/train/fake_train_00325.jpg,fake,1,train,fake_train_00325
/content/drive/MyDrive/AISC DeepFake Çalışmaları/Deneyler/Nazlıcan/Deney 1/Kaş/fake/train/fake_train_00326.jpg,fake,1,train,fake_train_00326
/content/drive/MyDrive/AISC DeepFake Çalışmaları/Deneyler/Nazlıcan/Deney 1/Kaş/fake/train/fake_train_00327.jpg,fake,1,train,fake_train_00327
/content/drive/MyDrive/AISC DeepFake Çalışmaları/Deneyler/Nazlıcan/Deney 1/Kaş/fake/train/fake_train_00329.jpg,fake,1,train,fake_train_00329
/content/drive/MyDrive/AISC DeepFake Çalışmaları/Deneyler/Nazlıcan/Deney 1/Kaş/fake/train/fake_train_00331.jpg,fake,1,train,fake_train_00331
/content/drive/MyDrive/AISC DeepFake Çalışmaları/Deneyler/Nazlıcan/Deney 1/Kaş/fake/train/fake_train_00333.jpg,fake,1,train,fake_train_00333
/content/drive/MyDrive/AISC DeepFake Çalışmaları/Deneyler/Nazlıcan/Deney 1/Kaş/fake/train/fake_train_00334.jpg,fake,1,train,fake_train_00334
/content/drive/MyDrive/AISC DeepFake Çalışmaları/Deneyler/Nazlıcan/Deney 1/Kaş/fake/train/fake_train_00335.jpg,fake,1,train,fake_train_00335
/content/drive/MyDrive/AISC DeepFake Çalışmaları/Deneyler/Nazlıcan/Deney 1/Kaş/fake/train/fake_train_00336.jpg,fake,1,train,fake_train_00336
/content/drive/MyDrive/AISC DeepFake Çalışmaları/Deneyler/Nazlıcan/Deney 1/Kaş/fake/train/fake_train_00337.jpg,fake,1,train,fake_train_00337
/content/drive/MyDrive/AISC DeepFake Çalışmaları/Deneyler/Nazlıcan/Deney 1/Kaş/fake/train/fake_train_00340.jpg,fake,1,train,fake_train_00340
/content/drive/MyDrive/AISC DeepFake Çalışmaları/Deneyler/Nazlıcan/Deney 1/Kaş/fake/train/fake_train_00342.jpg,fake,1,train,fake_train_00342
/content/drive/MyDrive/AISC DeepFake Çalışmaları/Deneyler/Nazlıcan/Deney 1/Kaş/fake/train/fake_train_00344.jpg,fake,1,train,fake_train_00344
/content/drive/MyDrive/AISC DeepFake Çalışmaları/Deneyler/Nazlıcan/Deney 1/Kaş/fake/train/fake_train_00345.jpg,fake,1,train,fake_train_00345
/content/drive/MyDrive/AISC DeepFake Çalışmaları/Deneyler/Nazlıcan/Deney 1/Kaş/fake/train/fake_train_00347.jpg,fake,1,train,fake_train_00347
/content/drive/MyDrive/AISC DeepFake Çalışmaları/Deneyler/Nazlıcan/Deney 1/Kaş/fake/train/fake_train_00348.jpg,fake,1,train,fake_train_00348
/content/drive/MyDrive/AISC DeepFake Çalışmaları/Deneyler/Nazlıcan/Deney 1/Kaş/fake/train/fake_train_00351.jpg,fake,1,train,fake_train_00351
/content/drive/MyDrive/AISC DeepFake Çalışmaları/Deneyler/Nazlıcan/Deney 1/Kaş/fake/train/fake_train_00352.jpg,fake,1,train,fake_train_00352
/content/drive/MyDrive/AISC DeepFake Çalışmaları/Deneyler/Nazlıcan/Deney 1/Kaş/fake/train/fake_train_00356.jpg,fake,1,train,fake_train_00356
/content/drive/MyDrive/AISC DeepFake Çalışmaları/Deneyler/Nazlıcan/Deney 1/Kaş/fake/train/fake_train_00357.jpg,fake,1,train,fake_train_00357
/content/drive/MyDrive/AISC DeepFake Çalışmaları/Deneyler/Nazlıcan/Deney 1/Kaş/fake/train/fake_train_00358.jpg,fake,1,train,fake_train_00358
/content/drive/MyDrive/AISC DeepFake Çalışmaları/Deneyler/Nazlıcan/Deney 1/Kaş/fake/train/fake_train_00359.jpg,fake,1,train,fake_train_00359
/content/drive/MyDrive/AISC DeepFake Çalışmaları/Deneyler/Nazlıcan/Deney 1/Kaş/fake/train/fake_train_00360.jpg,fake,1,train,fake_train_00360
/content/drive/MyDrive/AISC DeepFake Çalışmaları/Deneyler/Nazlıcan/Deney 1/Kaş/fake/train/fake_train_00361.jpg,fake,1,train,fake_train_00361
/content/drive/MyDrive/AISC DeepFake Çalışmaları/Deneyler/Nazlıcan/Deney 1/Kaş/fake/train/fake_train_00362.jpg,fake,1,train,fake_train_00362
/content/drive/MyDrive/AISC DeepFake Çalışmaları/Deneyler/Nazlıcan/Deney 1/Kaş/fake/train/fake_train_00363.jpg,fake,1,train,fake_train_00363
/content/drive/MyDrive/AISC DeepFake Çalışmaları/Deneyler/Nazlıcan/Deney 1/Kaş/fake/train/fake_train_00364.jpg,fake,1,train,fake_train_00364
/content/drive/MyDrive/AISC DeepFake Çalışmaları/Deneyler/Nazlıcan/Deney 1/Kaş/fake/train/fake_train_00365.jpg,fake,1,train,fake_train_00365
/content/drive/MyDrive/AISC DeepFake Çalışmaları/Deneyler/Nazlıcan/Deney 1/Kaş/fake/train/fake_train_00367.jpg,fake,1,train,fake_train_00367
/content/drive/MyDrive/AISC DeepFake Çalışmaları/Deneyler/Nazlıcan/Deney 1/Kaş/fake/train/fake_train_00368.jpg,fake,1,train,fake_train_00368
/content/drive/MyDrive/AISC DeepFake Çalışmaları/Deneyler/Nazlıcan/Deney 1/Kaş/fake/train/fake_train_00369.jpg,fake,1,train,fake_train_00369
/content/drive/MyDrive/AISC DeepFake Çalışmaları/Deneyler/Nazlıcan/Deney 1/Kaş/fake/train/fake_train_00371.jpg,fake,1,train,fake_train_00371
/content/drive/MyDrive/AISC DeepFake Çalışmaları/Deneyler/Nazlıcan/Deney 1/Kaş/fake/train/fake_train_00372.jpg,fake,1,train,fake_train_00372
/content/drive/MyDrive/AISC DeepFake Çalışmaları/Deneyler/Nazlıcan/Deney 1/Kaş/fake/train/fake_train_00373.jpg,fake,1,train,fake_train_00373
/content/drive/MyDrive/AISC DeepFake Çalışmaları/Deneyler/Nazlıcan/Deney 1/Kaş/fake/train/fake_train_00375.jpg,fake,1,train,fake_train_00375
/content/drive/MyDrive/AISC DeepFake Çalışmaları/Deneyler/Nazlıcan/Deney 1/Kaş/fake/train/fake_train_00377.jpg,fake,1,train,fake_train_00377
/content/drive/MyDrive/AISC DeepFake Çalışmaları/Deneyler/Nazlıcan/Deney 1/Kaş/fake/train/fake_train_00378.jpg,fake,1,train,fake_train_00378
/content/drive/MyDrive/AISC DeepFake Çalışmaları/Deneyler/Nazlıcan/Deney 1/Kaş/fake/train/fake_train_00380.jpg,fake,1,train,fake_train_00380
/content/drive/MyDrive/AISC DeepFake Çalışmaları/Deneyler/Nazlıcan/Deney 1/Kaş/fake/train/fake_train_00382.jpg,fake,1,train,fake_train_00382
/content/drive/MyDrive/AISC DeepFake Çalışmaları/Deneyler/Nazlıcan/Deney 1/Kaş/fake/train/fake_train_00383.jpg,fake,1,train,fake_train_00383
/content/drive/MyDrive/AISC DeepFake Çalışmaları/Deneyler/Nazlıcan/Deney 1/Kaş/fake/train/fake_train_00384.jpg,fake,1,train,fake_train_00384
/content/drive/MyDrive/AISC DeepFake Çalışmaları/Deneyler/Nazlıcan/Deney 1/Kaş/fake/train/fake_train_00387.jpg,fake,1,train,fake_train_00387
/content/drive/MyDrive/AISC DeepFake Çalışmaları/Deneyler/Nazlıcan/Deney 1/Kaş/fake/train/fake_train_00389.jpg,fake,1,train,fake_train_00389
/content/drive/MyDrive/AISC DeepFake Çalışmaları/Deneyler/Nazlıcan/Deney 1/Kaş/fake/train/fake_train_00390.jpg,fake,1,train,fake_train_00390
/content/drive/MyDrive/AISC DeepFake Çalışmaları/Deneyler/Nazlıcan/Deney 1/Kaş/fake/train/fake_train_00392.jpg,fake,1,train,fake_train_00392
/content/drive/MyDrive/AISC DeepFake Çalışmaları/Deneyler/Nazlıcan/Deney 1/Kaş/fake/train/fake_train_00393.jpg,fake,1,train,fake_train_00393
/content/drive/MyDrive/AISC DeepFake Çalışmaları/Deneyler/Nazlıcan/Deney 1/Kaş/fake/train/fake_train_00395.jpg,fake,1,train,fake_train_00395
/content/drive/MyDrive/AISC DeepFake Çalışmaları/Deneyler/Nazlıcan/Deney 1/Kaş/fake/train/fake_train_00397.jpg,fake,1,train,fake_train_00397
/content/drive/MyDrive/AISC DeepFake Çalışmaları/Deneyler/Nazlıcan/Deney 1/Kaş/fake/train/fake_train_00401.jpg,fake,1,train,fake_train_00401
/content/drive/MyDrive/AISC DeepFake Çalışmaları/Deneyler/Nazlıcan/Deney 1/Kaş/fake/train/fake_train_00402.jpg,fake,1,train,fake_train_00402
/content/drive/MyDrive/AISC DeepFake Çalışmaları/Deneyler/Nazlıcan/Deney 1/Kaş/fake/train/fake_train_00403.jpg,fake,1,train,fake_train_00403
/content/drive/MyDrive/AISC DeepFake Çalışmaları/Deneyler/Nazlıcan/Deney 1/Kaş/fake/train/fake_train_00404.jpg,fake,1,train,fake_train_00404
/content/drive/MyDrive/AISC DeepFake Çalışmaları/Deneyler/Nazlıcan/Deney 1/Kaş/fake/train/fake_train_00405.jpg,fake,1,train,fake_train_00405
/content/drive/MyDrive/AISC DeepFake Çalışmaları/Deneyler/Nazlıcan/Deney 1/Kaş/fake/train/fake_train_00406.jpg,fake,1,train,fake_train_00406
/content/drive/MyDrive/AISC DeepFake Çalışmaları/Deneyler/Nazlıcan/Deney 1/Kaş/fake/train/fake_train_00407.jpg,fake,1,train,fake_train_00407
/content/drive/MyDrive/AISC DeepFake Çalışmaları/Deneyler/Nazlıcan/Deney 1/Kaş/fake/train/fake_train_00409.jpg,fake,1,train,fake_train_00409
/content/drive/MyDrive/AISC DeepFake Çalışmaları/Deneyler/Nazlıcan/Deney 1/Kaş/fake/train/fake_train_00410.jpg,fake,1,train,fake_train_00410
/content/drive/MyDrive/AISC DeepFake Çalışmaları/Deneyler/Nazlıcan/Deney 1/Kaş/fake/train/fake_train_00411.jpg,fake,1,train,fake_train_00411
/content/drive/MyDrive/AISC DeepFake Çalışmaları/Deneyler/Nazlıcan/Deney 1/Kaş/fake/train/fake_train_00412.jpg,fake,1,train,fake_train_00412
/content/drive/MyDrive/AISC DeepFake Çalışmaları/Deneyler/Nazlıcan/Deney 1/Kaş/fake/train/fake_train_00413.jpg,fake,1,train,fake_train_00413
/content/drive/MyDrive/AISC DeepFake Çalışmaları/Deneyler/Nazlıcan/Deney 1/Kaş/fake/train/fake_train_00414.jpg,fake,1,train,fake_train_00414
/content/drive/MyDrive/AISC DeepFake Çalışmaları/Deneyler/Nazlıcan/Deney 1/Kaş/fake/train/fake_train_00416.jpg,fake,1,train,fake_train_00416
/content/drive/MyDrive/AISC DeepFake Çalışmaları/Deneyler/Nazlıcan/Deney 1/Kaş/fake/train/fake_train_00417.jpg,fake,1,train,fake_train_00417
/content/drive/MyDrive/AISC DeepFake Çalışmaları/Deneyler/Nazlıcan/Deney 1/Kaş/fake/train/fake_train_00419.jpg,fake,1,train,fake_train_00419
/content/drive/MyDrive/AISC DeepFake Çalışmaları/Deneyler/Nazlıcan/Deney 1/Kaş/fake/train/fake_train_00420.jpg,fake,1,train,fake_train_00420
/content/drive/MyDrive/AISC DeepFake Çalışmaları/Deneyler/Nazlıcan/Deney 1/Kaş/fake/train/fake_train_00421.jpg,fake,1,train,fake_train_00421
/content/drive/MyDrive/AISC DeepFake Çalışmaları/Deneyler/Nazlıcan/Deney 1/Kaş/fake/train/fake_train_00422.jpg,fake,1,train,fake_train_00422
/content/drive/MyDrive/AISC DeepFake Çalışmaları/Deneyler/Nazlıcan/Deney 1/Kaş/fake/train/fake_train_00423.jpg,fake,1,train,fake_train_00423
/content/drive/MyDrive/AISC DeepFake Çalışmaları/Deneyler/Nazlıcan/Deney 1/Kaş/fake/train/fake_train_00425.jpg,fake,1,train,fake_train_00425
/content/drive/MyDrive/AISC DeepFake Çalışmaları/Deneyler/Nazlıcan/Deney 1/Kaş/fake/train/fake_train_00427.jpg,fake,1,train,fake_train_00427
/content/drive/MyDrive/AISC DeepFake Çalışmaları/Deneyler/Nazlıcan/Deney 1/Kaş/fake/train/fake_train_00429.jpg,fake,1,train,fake_train_00429
/content/drive/MyDrive/AISC DeepFake Çalışmaları/Deneyler/Nazlıcan/Deney 1/Kaş/fake/train/fake_train_00430.jpg,fake,1,train,fake_train_00430
/content/drive/MyDrive/AISC DeepFake Çalışmaları/Deneyler/Nazlıcan/Deney 1/Kaş/fake/train/fake_train_00431.jpg,fake,1,train,fake_train_00431
/content/drive/MyDrive/AISC DeepFake Çalışmaları/Deneyler/Nazlıcan/Deney 1/Kaş/fake/train/fake_train_00432.jpg,fake,1,train,fake_train_00432
/content/drive/MyDrive/AISC DeepFake Çalışmaları/Deneyler/Nazlıcan/Deney 1/Kaş/fake/train/fake_train_00433.jpg,fake,1,train,fake_train_00433
/content/drive/MyDrive/AISC DeepFake Çalışmaları/Deneyler/Nazlıcan/Deney 1/Kaş/fake/train/fake_train_00434.jpg,fake,1,train,fake_train_00434
/content/drive/MyDrive/AISC DeepFake Çalışmaları/Deneyler/Nazlıcan/Deney 1/Kaş/fake/train/fake_train_00436.jpg,fake,1,train,fake_train_00436
/content/drive/MyDrive/AISC DeepFake Çalışmaları/Deneyler/Nazlıcan/Deney 1/Kaş/fake/train/fake_train_00437.jpg,fake,1,train,fake_train_00437
/content/drive/MyDrive/AISC DeepFake Çalışmaları/Deneyler/Nazlıcan/Deney 1/Kaş/fake/train/fake_train_00438.jpg,fake,1,train,fake_train_00438
/content/drive/MyDrive/AISC DeepFake Çalışmaları/Deneyler/Nazlıcan/Deney 1/Kaş/fake/train/fake_train_00439.jpg,fake,1,train,fake_train_00439
/content/drive/MyDrive/AISC DeepFake Çalışmaları/Deneyler/Nazlıcan/Deney 1/Kaş/fake/train/fake_train_00440.jpg,fake,1,train,fake_train_00440
/content/drive/MyDrive/AISC DeepFake Çalışmaları/Deneyler/Nazlıcan/Deney 1/Kaş/fake/train/fake_train_00441.jpg,fake,1,train,fake_train_00441
/content/drive/MyDrive/AISC DeepFake Çalışmaları/Deneyler/Nazlıcan/Deney 1/Kaş/fake/train/fake_train_00442.jpg,fake,1,train,fake_train_00442
/content/drive/MyDrive/AISC DeepFake Çalışmaları/Deneyler/Nazlıcan/Deney 1/Kaş/fake/train/fake_train_00443.jpg,fake,1,train,fake_train_00443
/content/drive/MyDrive/AISC DeepFake Çalışmaları/Deneyler/Nazlıcan/Deney 1/Kaş/fake/train/fake_train_00444.jpg,fake,1,train,fake_train_00444
/content/drive/MyDrive/AISC DeepFake Çalışmaları/Deneyler/Nazlıcan/Deney 1/Kaş/fake/train/fake_train_00445.jpg,fake,1,train,fake_train_00445
/content/drive/MyDrive/AISC DeepFake Çalışmaları/Deneyler/Nazlıcan/Deney 1/Kaş/fake/train/fake_train_00446.jpg,fake,1,train,fake_train_00446
/content/drive/MyDrive/AISC DeepFake Çalışmaları/Deneyler/Nazlıcan/Deney 1/Kaş/fake/train/fake_train_00451.jpg,fake,1,train,fake_train_00451
/content/drive/MyDrive/AISC DeepFake Çalışmaları/Deneyler/Nazlıcan/Deney 1/Kaş/fake/train/fake_train_00454.jpg,fake,1,train,fake_train_00454
/content/drive/MyDrive/AISC DeepFake Çalışmaları/Deneyler/Nazlıcan/Deney 1/Kaş/fake/train/fake_train_00457.jpg,fake,1,train,fake_train_00457
/content/drive/MyDrive/AISC DeepFake Çalışmaları/Deneyler/Nazlıcan/Deney 1/Kaş/fake/train/fake_train_00461.jpg,fake,1,train,fake_train_00461
/content/drive/MyDrive/AISC DeepFake Çalışmaları/Deneyler/Nazlıcan/Deney 1/Kaş/fake/train/fake_train_00464.jpg,fake,1,train,fake_train_00464
/content/drive/MyDrive/AISC DeepFake Çalışmaları/Deneyler/Nazlıcan/Deney 1/Kaş/fake/train/fake_train_00465.jpg,fake,1,train,fake_train_00465
/content/drive/MyDrive/AISC DeepFake Çalışmaları/Deneyler/Nazlıcan/Deney 1/Kaş/fake/train/fake_train_00466.jpg,fake,1,train,fake_train_00466
/content/drive/MyDrive/AISC DeepFake Çalışmaları/Deneyler/Nazlıcan/Deney 1/Kaş/fake/train/fake_train_00467.jpg,fake,1,train,fake_train_00467
/content/drive/MyDrive/AISC DeepFake Çalışmaları/Deneyler/Nazlıcan/Deney 1/Kaş/fake/train/fake_train_00470.jpg,fake,1,train,fake_train_00470
/content/drive/MyDrive/AISC DeepFake Çalışmaları/Deneyler/Nazlıcan/Deney 1/Kaş/fake/train/fake_train_00471.jpg,fake,1,train,fake_train_00471
/content/drive/MyDrive/AISC DeepFake Çalışmaları/Deneyler/Nazlıcan/Deney 1/Kaş/fake/train/fake_train_00472.jpg,fake,1,train,fake_train_00472
/content/drive/MyDrive/AISC DeepFake Çalışmaları/Deneyler/Nazlıcan/Deney 1/Kaş/fake/train/fake_train_00474.jpg,fake,1,train,fake_train_00474
/content/drive/MyDrive/AISC DeepFake Çalışmaları/Deneyler/Nazlıcan/Deney 1/Kaş/fake/train/fake_train_00475.jpg,fake,1,train,fake_train_00475
/content/drive/MyDrive/AISC DeepFake Çalışmaları/Deneyler/Nazlıcan/Deney 1/Kaş/fake/train/fake_train_00477.jpg,fake,1,train,fake_train_00477
/content/drive/MyDrive/AISC DeepFake Çalışmaları/Deneyler/Nazlıcan/Deney 1/Kaş/fake/train/fake_train_00478.jpg,fake,1,train,fake_train_00478
/content/drive/MyDrive/AISC DeepFake Çalışmaları/Deneyler/Nazlıcan/Deney 1/Kaş/fake/train/fake_train_00479.jpg,fake,1,train,fake_train_00479
/content/drive/MyDrive/AISC DeepFake Çalışmaları/Deneyler/Nazlıcan/Deney 1/Kaş/fake/train/fake_train_00481.jpg,fake,1,train,fake_train_00481
/content/drive/MyDrive/AISC DeepFake Çalışmaları/Deneyler/Nazlıcan/Deney 1/Kaş/fake/train/fake_train_00482.jpg,fake,1,train,fake_train_00482
/content/drive/MyDrive/AISC DeepFake Çalışmaları/Deneyler/Nazlıcan/Deney 1/Kaş/fake/train/fake_train_00484.jpg,fake,1,train,fake_train_00484
/content/drive/MyDrive/AISC DeepFake Çalışmaları/Deneyler/Nazlıcan/Deney 1/Kaş/fake/train/fake_train_00486.jpg,fake,1,train,fake_train_00486
/content/drive/MyDrive/AISC DeepFake Çalışmaları/Deneyler/Nazlıcan/Deney 1/Kaş/fake/train/fake_train_00487.jpg,fake,1,train,fake_train_00487
/content/drive/MyDrive/AISC DeepFake Çalışmaları/Deneyler/Nazlıcan/Deney 1/Kaş/fake/train/fake_train_00490.jpg,fake,1,train,fake_train_00490
/content/drive/MyDrive/AISC DeepFake Çalışmaları/Deneyler/Nazlıcan/Deney 1/Kaş/fake/train/fake_train_00493.jpg,fake,1,train,fake_train_00493
/content/drive/MyDrive/AISC DeepFake Çalışmaları/Deneyler/Nazlıcan/Deney 1/Kaş/fake/train/fake_train_00494.jpg,fake,1,train,fake_train_00494
/content/drive/MyDrive/AISC DeepFake Çalışmaları/Deneyler/Nazlıcan/Deney 1/Kaş/fake/train/fake_train_00495.jpg,fake,1,train,fake_train_00495
/content/drive/MyDrive/AISC DeepFake Çalışmaları/Deneyler/Nazlıcan/Deney 1/Kaş/fake/train/fake_train_00496.jpg,fake,1,train,fake_train_00496
/content/drive/MyDrive/AISC DeepFake Çalışmaları/Deneyler/Nazlıcan/Deney 1/Kaş/fake/train/fake_train_00497.jpg,fake,1,train,fake_train_00497
/content/drive/MyDrive/AISC DeepFake Çalışmaları/Deneyler/Nazlıcan/Deney 1/Kaş/fake/train/fake_train_00498.jpg,fake,1,train,fake_train_00498
/content/drive/MyDrive/AISC DeepFake Çalışmaları/Deneyler/Nazlıcan/Deney 1/Kaş/fake/train/fake_train_00499.jpg,fake,1,train,fake_train_00499
/content/drive/MyDrive/AISC DeepFake Çalışmaları/Deneyler/Nazlıcan/Deney 1/Kaş/fake/train/fake_train_00500.jpg,fake,1,train,fake_train_00500
/content/drive/MyDrive/AISC DeepFake Çalışmaları/Deneyler/Nazlıcan/Deney 1/Kaş/fake/train/fake_train_00501.jpg,fake,1,train,fake_train_00501
/content/drive/MyDrive/AISC DeepFake Çalışmaları/Deneyler/Nazlıcan/Deney 1/Kaş/fake/train/fake_train_00503.jpg,fake,1,train,fake_train_00503
/content/drive/MyDrive/AISC DeepFake Çalışmaları/Deneyler/Nazlıcan/Deney 1/Kaş/fake/train/fake_train_00504.jpg,fake,1,train,fake_train_00504
/content/drive/MyDrive/AISC DeepFake Çalışmaları/Deneyler/Nazlıcan/Deney 1/Kaş/fake/train/fake_train_00505.jpg,fake,1,train,fake_train_00505
/content/drive/MyDrive/AISC DeepFake Çalışmaları/Deneyler/Nazlıcan/Deney 1/Kaş/fake/train/fake_train_00507.jpg,fake,1,train,fake_train_00507
/content/drive/MyDrive/AISC DeepFake Çalışmaları/Deneyler/Nazlıcan/Deney 1/Kaş/fake/train/fake_train_00508.jpg,fake,1,train,fake_train_00508
/content/drive/MyDrive/AISC DeepFake Çalışmaları/Deneyler/Nazlıcan/Deney 1/Kaş/fake/train/fake_train_00515.jpg,fake,1,train,fake_train_00515
/content/drive/MyDrive/AISC DeepFake Çalışmaları/Deneyler/Nazlıcan/Deney 1/Kaş/fake/train/fake_train_00516.jpg,fake,1,train,fake_train_00516
/content/drive/MyDrive/AISC DeepFake Çalışmaları/Deneyler/Nazlıcan/Deney 1/Kaş/fake/train/fake_train_00517.jpg,fake,1,train,fake_train_00517
/content/drive/MyDrive/AISC DeepFake Çalışmaları/Deneyler/Nazlıcan/Deney 1/Kaş/fake/train/fake_train_00519.jpg,fake,1,train,fake_train_00519
/content/drive/MyDrive/AISC DeepFake Çalışmaları/Deneyler/Nazlıcan/Deney 1/Kaş/fake/train/fake_train_00521.jpg,fake,1,train,fake_train_00521
/content/drive/MyDrive/AISC DeepFake Çalışmaları/Deneyler/Nazlıcan/Deney 1/Kaş/fake/train/fake_train_00522.jpg,fake,1,train,fake_train_00522
/content/drive/MyDrive/AISC DeepFake Çalışmaları/Deneyler/Nazlıcan/Deney 1/Kaş/fake/train/fake_train_00524.jpg,fake,1,train,fake_train_00524
/content/drive/MyDrive/AISC DeepFake Çalışmaları/Deneyler/Nazlıcan/Deney 1/Kaş/fake/train/fake_train_00525.jpg,fake,1,train,fake_train_00525
/content/drive/MyDrive/AISC DeepFake Çalışmaları/Deneyler/Nazlıcan/Deney 1/Kaş/fake/train/fake_train_00528.jpg,fake,1,train,fake_train_00528
/content/drive/MyDrive/AISC DeepFake Çalışmaları/Deneyler/Nazlıcan/Deney 1/Kaş/fake/train/fake_train_00530.jpg,fake,1,train,fake_train_00530
/content/drive/MyDrive/AISC DeepFake Çalışmaları/Deneyler/Nazlıcan/Deney 1/Kaş/fake/train/fake_train_00531.jpg,fake,1,train,fake_train_00531
/content/drive/MyDrive/AISC DeepFake Çalışmaları/Deneyler/Nazlıcan/Deney 1/Kaş/fake/train/fake_train_00533.jpg,fake,1,train,fake_train_00533
/content/drive/MyDrive/AISC DeepFake Çalışmaları/Deneyler/Nazlıcan/Deney 1/Kaş/fake/train/fake_train_00534.jpg,fake,1,train,fake_train_00534
/content/drive/MyDrive/AISC DeepFake Çalışmaları/Deneyler/Nazlıcan/Deney 1/Kaş/fake/train/fake_train_00536.jpg,fake,1,train,fake_train_00536
/content/drive/MyDrive/AISC DeepFake Çalışmaları/Deneyler/Nazlıcan/Deney 1/Kaş/fake/train/fake_train_00537.jpg,fake,1,train,fake_train_00537
/content/drive/MyDrive/AISC DeepFake Çalışmaları/Deneyler/Nazlıcan/Deney 1/Kaş/fake/train/fake_train_00539.jpg,fake,1,train,fake_train_00539
/content/drive/MyDrive/AISC DeepFake Çalışmaları/Deneyler/Nazlıcan/Deney 1/Kaş/fake/train/fake_train_00540.jpg,fake,1,train,fake_train_00540
/content/drive/MyDrive/AISC DeepFake Çalışmaları/Deneyler/Nazlıcan/Deney 1/Kaş/fake/train/fake_train_00543.jpg,fake,1,train,fake_train_00543
/content/drive/MyDrive/AISC DeepFake Çalışmaları/Deneyler/Nazlıcan/Deney 1/Kaş/fake/train/fake_train_00544.jpg,fake,1,train,fake_train_00544
/content/drive/MyDrive/AISC DeepFake Çalışmaları/Deneyler/Nazlıcan/Deney 1/Kaş/fake/train/fake_train_00545.jpg,fake,1,train,fake_train_00545
/content/drive/MyDrive/AISC DeepFake Çalışmaları/Deneyler/Nazlıcan/Deney 1/Kaş/fake/train/fake_train_00546.jpg,fake,1,train,fake_train_00546
/content/drive/MyDrive/AISC DeepFake Çalışmaları/Deneyler/Nazlıcan/Deney 1/Kaş/fake/train/fake_train_00547.jpg,fake,1,train,fake_train_00547
/content/drive/MyDrive/AISC DeepFake Çalışmaları/Deneyler/Nazlıcan/Deney 1/Kaş/fake/train/fake_train_00548.jpg,fake,1,train,fake_train_00548
/content/drive/MyDrive/AISC DeepFake Çalışmaları/Deneyler/Nazlıcan/Deney 1/Kaş/fake/train/fake_train_00549.jpg,fake,1,train,fake_train_00549
/content/drive/MyDrive/AISC DeepFake Çalışmaları/Deneyler/Nazlıcan/Deney 1/Kaş/fake/train/fake_train_00551.jpg,fake,1,train,fake_train_00551
/content/drive/MyDrive/AISC DeepFake Çalışmaları/Deneyler/Nazlıcan/Deney 1/Kaş/fake/train/fake_train_00552.jpg,fake,1,train,fake_train_00552
/content/drive/MyDrive/AISC DeepFake Çalışmaları/Deneyler/Nazlıcan/Deney 1/Kaş/fake/train/fake_train_00556.jpg,fake,1,train,fake_train_00556
/content/drive/MyDrive/AISC DeepFake Çalışmaları/Deneyler/Nazlıcan/Deney 1/Kaş/fake/train/fake_train_00557.jpg,fake,1,train,fake_train_00557
/content/drive/MyDrive/AISC DeepFake Çalışmaları/Deneyler/Nazlıcan/Deney 1/Kaş/fake/train/fake_train_00558.jpg,fake,1,train,fake_train_00558
/content/drive/MyDrive/AISC DeepFake Çalışmaları/Deneyler/Nazlıcan/Deney 1/Kaş/fake/train/fake_train_00559.jpg,fake,1,train,fake_train_00559
/content/drive/MyDrive/AISC DeepFake Çalışmaları/Deneyler/Nazlıcan/Deney 1/Kaş/fake/train/fake_train_00560.jpg,fake,1,train,fake_train_00560
/content/drive/MyDrive/AISC DeepFake Çalışmaları/Deneyler/Nazlıcan/Deney 1/Kaş/fake/train/fake_train_00564.jpg,fake,1,train,fake_train_00564
/content/drive/MyDrive/AISC DeepFake Çalışmaları/Deneyler/Nazlıcan/Deney 1/Kaş/fake/train/fake_train_00567.jpg,fake,1,train,fake_train_00567
/content/drive/MyDrive/AISC DeepFake Çalışmaları/Deneyler/Nazlıcan/Deney 1/Kaş/fake/train/fake_train_00570.jpg,fake,1,train,fake_train_00570
/content/drive/MyDrive/AISC DeepFake Çalışmaları/Deneyler/Nazlıcan/Deney 1/Kaş/fake/train/fake_train_00571.jpg,fake,1,train,fake_train_00571
/content/drive/MyDrive/AISC DeepFake Çalışmaları/Deneyler/Nazlıcan/Deney 1/Kaş/fake/train/fake_train_00572.jpg,fake,1,train,fake_train_00572
/content/drive/MyDrive/AISC DeepFake Çalışmaları/Deneyler/Nazlıcan/Deney 1/Kaş/fake/train/fake_train_00573.jpg,fake,1,train,fake_train_00573
/content/drive/MyDrive/AISC DeepFake Çalışmaları/Deneyler/Nazlıcan/Deney 1/Kaş/fake/train/fake_train_00574.jpg,fake,1,train,fake_train_00574
/content/drive/MyDrive/AISC DeepFake Çalışmaları/Deneyler/Nazlıcan/Deney 1/Kaş/fake/train/fake_train_00576.jpg,fake,1,train,fake_train_00576
/content/drive/MyDrive/AISC DeepFake Çalışmaları/Deneyler/Nazlıcan/Deney 1/Kaş/fake/train/fake_train_00579.jpg,fake,1,train,fake_train_00579
/content/drive/MyDrive/AISC DeepFake Çalışmaları/Deneyler/Nazlıcan/Deney 1/Kaş/fake/train/fake_train_00580.jpg,fake,1,train,fake_train_00580
/content/drive/MyDrive/AISC DeepFake Çalışmaları/Deneyler/Nazlıcan/Deney 1/Kaş/fake/train/fake_train_00582.jpg,fake,1,train,fake_train_00582
/content/drive/MyDrive/AISC DeepFake Çalışmaları/Deneyler/Nazlıcan/Deney 1/Kaş/fake/train/fake_train_00584.jpg,fake,1,train,fake_train_00584
/content/drive/MyDrive/AISC DeepFake Çalışmaları/Deneyler/Nazlıcan/Deney 1/Kaş/fake/train/fake_train_00586.jpg,fake,1,train,fake_train_00586
/content/drive/MyDrive/AISC DeepFake Çalışmaları/Deneyler/Nazlıcan/Deney 1/Kaş/fake/train/fake_train_00589.jpg,fake,1,train,fake_train_00589
/content/drive/MyDrive/AISC DeepFake Çalışmaları/Deneyler/Nazlıcan/Deney 1/Kaş/fake/train/fake_train_00590.jpg,fake,1,train,fake_train_00590
/content/drive/MyDrive/AISC DeepFake Çalışmaları/Deneyler/Nazlıcan/Deney 1/Kaş/fake/train/fake_train_00591.jpg,fake,1,train,fake_train_00591
/content/drive/MyDrive/AISC DeepFake Çalışmaları/Deneyler/Nazlıcan/Deney 1/Kaş/fake/train/fake_train_00592.jpg,fake,1,train,fake_train_00592
/content/drive/MyDrive/AISC DeepFake Çalışmaları/Deneyler/Nazlıcan/Deney 1/Kaş/fake/train/fake_train_00593.jpg,fake,1,train,fake_train_00593
/content/drive/MyDrive/AISC DeepFake Çalışmaları/Deneyler/Nazlıcan/Deney 1/Kaş/fake/train/fake_train_00594.jpg,fake,1,train,fake_train_00594
/content/drive/MyDrive/AISC DeepFake Çalışmaları/Deneyler/Nazlıcan/Deney 1/Kaş/fake/train/fake_train_00595.jpg,fake,1,train,fake_train_00595
/content/drive/MyDrive/AISC DeepFake Çalışmaları/Deneyler/Nazlıcan/Deney 1/Kaş/fake/train/fake_train_00596.jpg,fake,1,train,fake_train_00596
/content/drive/MyDrive/AISC DeepFake Çalışmaları/Deneyler/Nazlıcan/Deney 1/Kaş/fake/train/fake_train_00597.jpg,fake,1,train,fake_train_00597
/content/drive/MyDrive/AISC DeepFake Çalışmaları/Deneyler/Nazlıcan/Deney 1/Kaş/fake/train/fake_train_00598.jpg,fake,1,train,fake_train_00598
/content/drive/MyDrive/AISC DeepFake Çalışmaları/Deneyler/Nazlıcan/Deney 1/Kaş/fake/train/fake_train_00599.jpg,fake,1,train,fake_train_00599
/content/drive/MyDrive/AISC DeepFake Çalışmaları/Deneyler/Nazlıcan/Deney 1/Kaş/fake/train/fake_train_00600.jpg,fake,1,train,fake_train_00600
/content/drive/MyDrive/AISC DeepFake Çalışmaları/Deneyler/Nazlıcan/Deney 1/Kaş/fake/train/fake_train_00603.jpg,fake,1,train,fake_train_00603
/content/drive/MyDrive/AISC DeepFake Çalışmaları/Deneyler/Nazlıcan/Deney 1/Kaş/fake/train/fake_train_00605.jpg,fake,1,train,fake_train_00605
/content/drive/MyDrive/AISC DeepFake Çalışmaları/Deneyler/Nazlıcan/Deney 1/Kaş/fake/train/fake_train_00606.jpg,fake,1,train,fake_train_00606
/content/drive/MyDrive/AISC DeepFake Çalışmaları/Deneyler/Nazlıcan/Deney 1/Kaş/fake/train/fake_train_00608.jpg,fake,1,train,fake_train_00608
/content/drive/MyDrive/AISC DeepFake Çalışmaları/Deneyler/Nazlıcan/Deney 1/Kaş/fake/train/fake_train_00609.jpg,fake,1,train,fake_train_00609
/content/drive/MyDrive/AISC DeepFake Çalışmaları/Deneyler/Nazlıcan/Deney 1/Kaş/fake/train/fake_train_00610.jpg,fake,1,train,fake_train_00610
/content/drive/MyDrive/AISC DeepFake Çalışmaları/Deneyler/Nazlıcan/Deney 1/Kaş/fake/train/fake_train_00613.jpg,fake,1,train,fake_train_00613
/content/drive/MyDrive/AISC DeepFake Çalışmaları/Deneyler/Nazlıcan/Deney 1/Kaş/fake/train/fake_train_00614.jpg,fake,1,train,fake_train_00614
/content/drive/MyDrive/AISC DeepFake Çalışmaları/Deneyler/Nazlıcan/Deney 1/Kaş/fake/train/fake_train_00615.jpg,fake,1,train,fake_train_00615
/content/drive/MyDrive/AISC DeepFake Çalışmaları/Deneyler/Nazlıcan/Deney 1/Kaş/fake/train/fake_train_00617.jpg,fake,1,train,fake_train_00617
/content/drive/MyDrive/AISC DeepFake Çalışmaları/Deneyler/Nazlıcan/Deney 1/Kaş/fake/train/fake_train_00618.jpg,fake,1,train,fake_train_00618
/content/drive/MyDrive/AISC DeepFake Çalışmaları/Deneyler/Nazlıcan/Deney 1/Kaş/fake/train/fake_train_00619.jpg,fake,1,train,fake_train_00619
/content/drive/MyDrive/AISC DeepFake Çalışmaları/Deneyler/Nazlıcan/Deney 1/Kaş/fake/train/fake_train_00621.jpg,fake,1,train,fake_train_00621
/content/drive/MyDrive/AISC DeepFake Çalışmaları/Deneyler/Nazlıcan/Deney 1/Kaş/fake/train/fake_train_00622.jpg,fake,1,train,fake_train_00622
/content/drive/MyDrive/AISC DeepFake Çalışmaları/Deneyler/Nazlıcan/Deney 1/Kaş/fake/train/fake_train_00623.jpg,fake,1,train,fake_train_00623
/content/drive/MyDrive/AISC DeepFake Çalışmaları/Deneyler/Nazlıcan/Deney 1/Kaş/fake/train/fake_train_00624.jpg,fake,1,train,fake_train_00624
/content/drive/MyDrive/AISC DeepFake Çalışmaları/Deneyler/Nazlıcan/Deney 1/Kaş/fake/train/fake_train_00625.jpg,fake,1,train,fake_train_00625
/content/drive/MyDrive/AISC DeepFake Çalışmaları/Deneyler/Nazlıcan/Deney 1/Kaş/fake/train/fake_train_00628.jpg,fake,1,train,fake_train_00628
/content/drive/MyDrive/AISC DeepFake Çalışmaları/Deneyler/Nazlıcan/Deney 1/Kaş/fake/train/fake_train_00629.jpg,fake,1,train,fake_train_00629
/content/drive/MyDrive/AISC DeepFake Çalışmaları/Deneyler/Nazlıcan/Deney 1/Kaş/fake/train/fake_train_00630.jpg,fake,1,train,fake_train_00630
/content/drive/MyDrive/AISC DeepFake Çalışmaları/Deneyler/Nazlıcan/Deney 1/Kaş/fake/train/fake_train_00632.jpg,fake,1,train,fake_train_00632
/content/drive/MyDrive/AISC DeepFake Çalışmaları/Deneyler/Nazlıcan/Deney 1/Kaş/fake/train/fake_train_00633.jpg,fake,1,train,fake_train_00633
/content/drive/MyDrive/AISC DeepFake Çalışmaları/Deneyler/Nazlıcan/Deney 1/Kaş/fake/train/fake_train_00634.jpg,fake,1,train,fake_train_00634
/content/drive/MyDrive/AISC DeepFake Çalışmaları/Deneyler/Nazlıcan/Deney 1/Kaş/fake/train/fake_train_00637.jpg,fake,1,train,fake_train_00637
/content/drive/MyDrive/AISC DeepFake Çalışmaları/Deneyler/Nazlıcan/Deney 1/Kaş/fake/train/fake_train_00640.jpg,fake,1,train,fake_train_00640
/content/drive/MyDrive/AISC DeepFake Çalışmaları/Deneyler/Nazlıcan/Deney 1/Kaş/fake/train/fake_train_00641.jpg,fake,1,train,fake_train_00641
/content/drive/MyDrive/AISC DeepFake Çalışmaları/Deneyler/Nazlıcan/Deney 1/Kaş/fake/train/fake_train_00643.jpg,fake,1,train,fake_train_00643
/content/drive/MyDrive/AISC DeepFake Çalışmaları/Deneyler/Nazlıcan/Deney 1/Kaş/fake/train/fake_train_00646.jpg,fake,1,train,fake_train_00646
/content/drive/MyDrive/AISC DeepFake Çalışmaları/Deneyler/Nazlıcan/Deney 1/Kaş/fake/train/fake_train_00647.jpg,fake,1,train,fake_train_00647
/content/drive/MyDrive/AISC DeepFake Çalışmaları/Deneyler/Nazlıcan/Deney 1/Kaş/fake/train/fake_train_00651.jpg,fake,1,train,fake_train_00651
/content/drive/MyDrive/AISC DeepFake Çalışmaları/Deneyler/Nazlıcan/Deney 1/Kaş/fake/train/fake_train_00653.jpg,fake,1,train,fake_train_00653
/content/drive/MyDrive/AISC DeepFake Çalışmaları/Deneyler/Nazlıcan/Deney 1/Kaş/fake/train/fake_train_00655.jpg,fake,1,train,fake_train_00655
/content/drive/MyDrive/AISC DeepFake Çalışmaları/Deneyler/Nazlıcan/Deney 1/Kaş/fake/train/fake_train_00656.jpg,fake,1,train,fake_train_00656
/content/drive/MyDrive/AISC DeepFake Çalışmaları/Deneyler/Nazlıcan/Deney 1/Kaş/fake/train/fake_train_00657.jpg,fake,1,train,fake_train_00657
/content/drive/MyDrive/AISC DeepFake Çalışmaları/Deneyler/Nazlıcan/Deney 1/Kaş/fake/train/fake_train_00658.jpg,fake,1,train,fake_train_00658
/content/drive/MyDrive/AISC DeepFake Çalışmaları/Deneyler/Nazlıcan/Deney 1/Kaş/fake/train/fake_train_00659.jpg,fake,1,train,fake_train_00659
/content/drive/MyDrive/AISC DeepFake Çalışmaları/Deneyler/Nazlıcan/Deney 1/Kaş/fake/train/fake_train_00660.jpg,fake,1,train,fake_train_00660
/content/drive/MyDrive/AISC DeepFake Çalışmaları/Deneyler/Nazlıcan/Deney 1/Kaş/fake/train/fake_train_00661.jpg,fake,1,train,fake_train_00661
/content/drive/MyDrive/AISC DeepFake Çalışmaları/Deneyler/Nazlıcan/Deney 1/Kaş/fake/train/fake_train_00662.jpg,fake,1,train,fake_train_00662
/content/drive/MyDrive/AISC DeepFake Çalışmaları/Deneyler/Nazlıcan/Deney 1/Kaş/fake/train/fake_train_00663.jpg,fake,1,train,fake_train_00663
/content/drive/MyDrive/AISC DeepFake Çalışmaları/Deneyler/Nazlıcan/Deney 1/Kaş/fake/train/fake_train_00664.jpg,fake,1,train,fake_train_00664
/content/drive/MyDrive/AISC DeepFake Çalışmaları/Deneyler/Nazlıcan/Deney 1/Kaş/fake/train/fake_train_00665.jpg,fake,1,train,fake_train_00665
/content/drive/MyDrive/AISC DeepFake Çalışmaları/Deneyler/Nazlıcan/Deney 1/Kaş/fake/train/fake_train_00666.jpg,fake,1,train,fake_train_00666
/content/drive/MyDrive/AISC DeepFake Çalışmaları/Deneyler/Nazlıcan/Deney 1/Kaş/fake/train/fake_train_00668.jpg,fake,1,train,fake_train_00668
/content/drive/MyDrive/AISC DeepFake Çalışmaları/Deneyler/Nazlıcan/Deney 1/Kaş/fake/train/fake_train_00670.jpg,fake,1,train,fake_train_00670
/content/drive/MyDrive/AISC DeepFake Çalışmaları/Deneyler/Nazlıcan/Deney 1/Kaş/fake/train/fake_train_00671.jpg,fake,1,train,fake_train_00671
/content/drive/MyDrive/AISC DeepFake Çalışmaları/Deneyler/Nazlıcan/Deney 1/Kaş/fake/train/fake_train_00672.jpg,fake,1,train,fake_train_00672
/content/drive/MyDrive/AISC DeepFake Çalışmaları/Deneyler/Nazlıcan/Deney 1/Kaş/fake/train/fake_train_00673.jpg,fake,1,train,fake_train_00673
/content/drive/MyDrive/AISC DeepFake Çalışmaları/Deneyler/Nazlıcan/Deney 1/Kaş/fake/train/fake_train_00674.jpg,fake,1,train,fake_train_00674
/content/drive/MyDrive/AISC DeepFake Çalışmaları/Deneyler/Nazlıcan/Deney 1/Kaş/fake/train/fake_train_00675.jpg,fake,1,train,fake_train_00675
/content/drive/MyDrive/AISC DeepFake Çalışmaları/Deneyler/Nazlıcan/Deney 1/Kaş/fake/train/fake_train_00676.jpg,fake,1,train,fake_train_00676
/content/drive/MyDrive/AISC DeepFake Çalışmaları/Deneyler/Nazlıcan/Deney 1/Kaş/fake/train/fake_train_00678.jpg,fake,1,train,fake_train_00678
/content/drive/MyDrive/AISC DeepFake Çalışmaları/Deneyler/Nazlıcan/Deney 1/Kaş/fake/train/fake_train_00679.jpg,fake,1,train,fake_train_00679
/content/drive/MyDrive/AISC DeepFake Çalışmaları/Deneyler/Nazlıcan/Deney 1/Kaş/fake/train/fake_train_00681.jpg,fake,1,train,fake_train_00681
/content/drive/MyDrive/AISC DeepFake Çalışmaları/Deneyler/Nazlıcan/Deney 1/Kaş/fake/train/fake_train_00682.jpg,fake,1,train,fake_train_00682
/content/drive/MyDrive/AISC DeepFake Çalışmaları/Deneyler/Nazlıcan/Deney 1/Kaş/fake/train/fake_train_00683.jpg,fake,1,train,fake_train_00683
/content/drive/MyDrive/AISC DeepFake Çalışmaları/Deneyler/Nazlıcan/Deney 1/Kaş/fake/train/fake_train_00684.jpg,fake,1,train,fake_train_00684
/content/drive/MyDrive/AISC DeepFake Çalışmaları/Deneyler/Nazlıcan/Deney 1/Kaş/fake/train/fake_train_00686.jpg,fake,1,train,fake_train_00686
/content/drive/MyDrive/AISC DeepFake Çalışmaları/Deneyler/Nazlıcan/Deney 1/Kaş/fake/train/fake_train_00687.jpg,fake,1,train,fake_train_00687
/content/drive/MyDrive/AISC DeepFake Çalışmaları/Deneyler/Nazlıcan/Deney 1/Kaş/fake/train/fake_train_00688.jpg,fake,1,train,fake_train_00688
/content/drive/MyDrive/AISC DeepFake Çalışmaları/Deneyler/Nazlıcan/Deney 1/Kaş/fake/train/fake_train_00694.jpg,fake,1,train,fake_train_00694
/content/drive/MyDrive/AISC DeepFake Çalışmaları/Deneyler/Nazlıcan/Deney 1/Kaş/fake/train/fake_train_00696.jpg,fake,1,train,fake_train_00696
/content/drive/MyDrive/AISC DeepFake Çalışmaları/Deneyler/Nazlıcan/Deney 1/Kaş/fake/train/fake_train_00698.jpg,fake,1,train,fake_train_00698
/content/drive/MyDrive/AISC DeepFake Çalışmaları/Deneyler/Nazlıcan/Deney 1/Kaş/fake/train/fake_train_00700.jpg,fake,1,train,fake_train_00700
/content/drive/MyDrive/AISC DeepFake Çalışmaları/Deneyler/Nazlıcan/Deney 1/Kaş/fake/train/fake_train_00704.jpg,fake,1,train,fake_train_00704
/content/drive/MyDrive/AISC DeepFake Çalışmaları/Deneyler/Nazlıcan/Deney 1/Kaş/fake/train/fake_train_00706.jpg,fake,1,train,fake_train_00706
/content/drive/MyDrive/AISC DeepFake Çalışmaları/Deneyler/Nazlıcan/Deney 1/Kaş/fake/train/fake_train_00708.jpg,fake,1,train,fake_train_00708
/content/drive/MyDrive/AISC DeepFake Çalışmaları/Deneyler/Nazlıcan/Deney 1/Kaş/fake/train/fake_train_00709.jpg,fake,1,train,fake_train_00709
/content/drive/MyDrive/AISC DeepFake Çalışmaları/Deneyler/Nazlıcan/Deney 1/Kaş/fake/train/fake_train_00710.jpg,fake,1,train,fake_train_00710
/content/drive/MyDrive/AISC DeepFake Çalışmaları/Deneyler/Nazlıcan/Deney 1/Kaş/fake/train/fake_train_00711.jpg,fake,1,train,fake_train_00711
/content/drive/MyDrive/AISC DeepFake Çalışmaları/Deneyler/Nazlıcan/Deney 1/Kaş/fake/train/fake_train_00713.jpg,fake,1,train,fake_train_00713
/content/drive/MyDrive/AISC DeepFake Çalışmaları/Deneyler/Nazlıcan/Deney 1/Kaş/fake/train/fake_train_00714.jpg,fake,1,train,fake_train_00714
/content/drive/MyDrive/AISC DeepFake Çalışmaları/Deneyler/Nazlıcan/Deney 1/Kaş/fake/train/fake_train_00715.jpg,fake,1,train,fake_train_00715
/content/drive/MyDrive/AISC DeepFake Çalışmaları/Deneyler/Nazlıcan/Deney 1/Kaş/fake/train/fake_train_00716.jpg,fake,1,train,fake_train_00716
/content/drive/MyDrive/AISC DeepFake Çalışmaları/Deneyler/Nazlıcan/Deney 1/Kaş/fake/train/fake_train_00718.jpg,fake,1,train,fake_train_00718
/content/drive/MyDrive/AISC DeepFake Çalışmaları/Deneyler/Nazlıcan/Deney 1/Kaş/fake/train/fake_train_00719.jpg,fake,1,train,fake_train_00719
/content/drive/MyDrive/AISC DeepFake Çalışmaları/Deneyler/Nazlıcan/Deney 1/Kaş/fake/train/fake_train_00722.jpg,fake,1,train,fake_train_00722
/content/drive/MyDrive/AISC DeepFake Çalışmaları/Deneyler/Nazlıcan/Deney 1/Kaş/fake/train/fake_train_00723.jpg,fake,1,train,fake_train_00723
/content/drive/MyDrive/AISC DeepFake Çalışmaları/Deneyler/Nazlıcan/Deney 1/Kaş/fake/train/fake_train_00724.jpg,fake,1,train,fake_train_00724
/content/drive/MyDrive/AISC DeepFake Çalışmaları/Deneyler/Nazlıcan/Deney 1/Kaş/fake/train/fake_train_00726.jpg,fake,1,train,fake_train_00726
/content/drive/MyDrive/AISC DeepFake Çalışmaları/Deneyler/Nazlıcan/Deney 1/Kaş/fake/train/fake_train_00729.jpg,fake,1,train,fake_train_00729
/content/drive/MyDrive/AISC DeepFake Çalışmaları/Deneyler/Nazlıcan/Deney 1/Kaş/fake/train/fake_train_00730.jpg,fake,1,train,fake_train_00730
/content/drive/MyDrive/AISC DeepFake Çalışmaları/Deneyler/Nazlıcan/Deney 1/Kaş/fake/train/fake_train_00732.jpg,fake,1,train,fake_train_00732
/content/drive/MyDrive/AISC DeepFake Çalışmaları/Deneyler/Nazlıcan/Deney 1/Kaş/fake/train/fake_train_00733.jpg,fake,1,train,fake_train_00733
/content/drive/MyDrive/AISC DeepFake Çalışmaları/Deneyler/Nazlıcan/Deney 1/Kaş/fake/train/fake_train_00735.jpg,fake,1,train,fake_train_00735
/content/drive/MyDrive/AISC DeepFake Çalışmaları/Deneyler/Nazlıcan/Deney 1/Kaş/fake/train/fake_train_00736.jpg,fake,1,train,fake_train_00736
/content/drive/MyDrive/AISC DeepFake Çalışmaları/Deneyler/Nazlıcan/Deney 1/Kaş/fake/train/fake_train_00737.jpg,fake,1,train,fake_train_00737
/content/drive/MyDrive/AISC DeepFake Çalışmaları/Deneyler/Nazlıcan/Deney 1/Kaş/fake/train/fake_train_00738.jpg,fake,1,train,fake_train_00738
/content/drive/MyDrive/AISC DeepFake Çalışmaları/Deneyler/Nazlıcan/Deney 1/Kaş/fake/train/fake_train_00739.jpg,fake,1,train,fake_train_00739
/content/drive/MyDrive/AISC DeepFake Çalışmaları/Deneyler/Nazlıcan/Deney 1/Kaş/fake/train/fake_train_00740.jpg,fake,1,train,fake_train_00740
/content/drive/MyDrive/AISC DeepFake Çalışmaları/Deneyler/Nazlıcan/Deney 1/Kaş/fake/train/fake_train_00741.jpg,fake,1,train,fake_train_00741
/content/drive/MyDrive/AISC DeepFake Çalışmaları/Deneyler/Nazlıcan/Deney 1/Kaş/fake/train/fake_train_00744.jpg,fake,1,train,fake_train_00744
/content/drive/MyDrive/AISC DeepFake Çalışmaları/Deneyler/Nazlıcan/Deney 1/Kaş/fake/train/fake_train_00748.jpg,fake,1,train,fake_train_00748
/content/drive/MyDrive/AISC DeepFake Çalışmaları/Deneyler/Nazlıcan/Deney 1/Kaş/fake/train/fake_train_00749.jpg,fake,1,train,fake_train_00749
/content/drive/MyDrive/AISC DeepFake Çalışmaları/Deneyler/Nazlıcan/Deney 1/Kaş/fake/train/fake_train_00751.jpg,fake,1,train,fake_train_00751
/content/drive/MyDrive/AISC DeepFake Çalışmaları/Deneyler/Nazlıcan/Deney 1/Kaş/fake/train/fake_train_00752.jpg,fake,1,train,fake_train_00752
/content/drive/MyDrive/AISC DeepFake Çalışmaları/Deneyler/Nazlıcan/Deney 1/Kaş/fake/train/fake_train_00753.jpg,fake,1,train,fake_train_00753
/content/drive/MyDrive/AISC DeepFake Çalışmaları/Deneyler/Nazlıcan/Deney 1/Kaş/fake/train/fake_train_00755.jpg,fake,1,train,fake_train_00755
/content/drive/MyDrive/AISC DeepFake Çalışmaları/Deneyler/Nazlıcan/Deney 1/Kaş/fake/train/fake_train_00756.jpg,fake,1,train,fake_train_00756
/content/drive/MyDrive/AISC DeepFake Çalışmaları/Deneyler/Nazlıcan/Deney 1/Kaş/fake/train/fake_train_00757.jpg,fake,1,train,fake_train_00757
/content/drive/MyDrive/AISC DeepFake Çalışmaları/Deneyler/Nazlıcan/Deney 1/Kaş/fake/train/fake_train_00758.jpg,fake,1,train,fake_train_00758
/content/drive/MyDrive/AISC DeepFake Çalışmaları/Deneyler/Nazlıcan/Deney 1/Kaş/fake/train/fake_train_00759.jpg,fake,1,train,fake_train_00759
/content/drive/MyDrive/AISC DeepFake Çalışmaları/Deneyler/Nazlıcan/Deney 1/Kaş/fake/train/fake_train_00760.jpg,fake,1,train,fake_train_00760
/content/drive/MyDrive/AISC DeepFake Çalışmaları/Deneyler/Nazlıcan/Deney 1/Kaş/fake/train/fake_train_00761.jpg,fake,1,train,fake_train_00761
/content/drive/MyDrive/AISC DeepFake Çalışmaları/Deneyler/Nazlıcan/Deney 1/Kaş/fake/train/fake_train_00762.jpg,fake,1,train,fake_train_00762
/content/drive/MyDrive/AISC DeepFake Çalışmaları/Deneyler/Nazlıcan/Deney 1/Kaş/fake/train/fake_train_00763.jpg,fake,1,train,fake_train_00763
/content/drive/MyDrive/AISC DeepFake Çalışmaları/Deneyler/Nazlıcan/Deney 1/Kaş/fake/train/fake_train_00764.jpg,fake,1,train,fake_train_00764
/content/drive/MyDrive/AISC DeepFake Çalışmaları/Deneyler/Nazlıcan/Deney 1/Kaş/fake/train/fake_train_00766.jpg,fake,1,train,fake_train_00766
/content/drive/MyDrive/AISC DeepFake Çalışmaları/Deneyler/Nazlıcan/Deney 1/Kaş/fake/train/fake_train_00767.jpg,fake,1,train,fake_train_00767
/content/drive/MyDrive/AISC DeepFake Çalışmaları/Deneyler/Nazlıcan/Deney 1/Kaş/fake/train/fake_train_00770.jpg,fake,1,train,fake_train_00770
/content/drive/MyDrive/AISC DeepFake Çalışmaları/Deneyler/Nazlıcan/Deney 1/Kaş/fake/train/fake_train_00771.jpg,fake,1,train,fake_train_00771
/content/drive/MyDrive/AISC DeepFake Çalışmaları/Deneyler/Nazlıcan/Deney 1/Kaş/fake/train/fake_train_00772.jpg,fake,1,train,fake_train_00772
/content/drive/MyDrive/AISC DeepFake Çalışmaları/Deneyler/Nazlıcan/Deney 1/Kaş/fake/train/fake_train_00773.jpg,fake,1,train,fake_train_00773
/content/drive/MyDrive/AISC DeepFake Çalışmaları/Deneyler/Nazlıcan/Deney 1/Kaş/fake/train/fake_train_00774.jpg,fake,1,train,fake_train_00774
/content/drive/MyDrive/AISC DeepFake Çalışmaları/Deneyler/Nazlıcan/Deney 1/Kaş/fake/train/fake_train_00775.jpg,fake,1,train,fake_train_00775
/content/drive/MyDrive/AISC DeepFake Çalışmaları/Deneyler/Nazlıcan/Deney 1/Kaş/fake/train/fake_train_00776.jpg,fake,1,train,fake_train_00776
/content/drive/MyDrive/AISC DeepFake Çalışmaları/Deneyler/Nazlıcan/Deney 1/Kaş/fake/train/fake_train_00777.jpg,fake,1,train,fake_train_00777
/content/drive/MyDrive/AISC DeepFake Çalışmaları/Deneyler/Nazlıcan/Deney 1/Kaş/fake/train/fake_train_00778.jpg,fake,1,train,fake_train_00778
/content/drive/MyDrive/AISC DeepFake Çalışmaları/Deneyler/Nazlıcan/Deney 1/Kaş/fake/train/fake_train_00780.jpg,fake,1,train,fake_train_00780
/content/drive/MyDrive/AISC DeepFake Çalışmaları/Deneyler/Nazlıcan/Deney 1/Kaş/fake/train/fake_train_00781.jpg,fake,1,train,fake_train_00781
/content/drive/MyDrive/AISC DeepFake Çalışmaları/Deneyler/Nazlıcan/Deney 1/Kaş/fake/train/fake_train_00785.jpg,fake,1,train,fake_train_00785
/content/drive/MyDrive/AISC DeepFake Çalışmaları/Deneyler/Nazlıcan/Deney 1/Kaş/fake/train/fake_train_00786.jpg,fake,1,train,fake_train_00786
/content/drive/MyDrive/AISC DeepFake Çalışmaları/Deneyler/Nazlıcan/Deney 1/Kaş/fake/train/fake_train_00787.jpg,fake,1,train,fake_train_00787
/content/drive/MyDrive/AISC DeepFake Çalışmaları/Deneyler/Nazlıcan/Deney 1/Kaş/fake/train/fake_train_00790.jpg,fake,1,train,fake_train_00790
/content/drive/MyDrive/AISC DeepFake Çalışmaları/Deneyler/Nazlıcan/Deney 1/Kaş/fake/train/fake_train_00791.jpg,fake,1,train,fake_train_00791
/content/drive/MyDrive/AISC DeepFake Çalışmaları/Deneyler/Nazlıcan/Deney 1/Kaş/fake/train/fake_train_00792.jpg,fake,1,train,fake_train_00792
/content/drive/MyDrive/AISC DeepFake Çalışmaları/Deneyler/Nazlıcan/Deney 1/Kaş/fake/train/fake_train_00793.jpg,fake,1,train,fake_train_00793
/content/drive/MyDrive/AISC DeepFake Çalışmaları/Deneyler/Nazlıcan/Deney 1/Kaş/fake/train/fake_train_00794.jpg,fake,1,train,fake_train_00794
/content/drive/MyDrive/AISC DeepFake Çalışmaları/Deneyler/Nazlıcan/Deney 1/Kaş/fake/train/fake_train_00795.jpg,fake,1,train,fake_train_00795
/content/drive/MyDrive/AISC DeepFake Çalışmaları/Deneyler/Nazlıcan/Deney 1/Kaş/fake/train/fake_train_00796.jpg,fake,1,train,fake_train_00796
/content/drive/MyDrive/AISC DeepFake Çalışmaları/Deneyler/Nazlıcan/Deney 1/Kaş/fake/train/fake_train_00797.jpg,fake,1,train,fake_train_00797
/content/drive/MyDrive/AISC DeepFake Çalışmaları/Deneyler/Nazlıcan/Deney 1/Kaş/fake/train/fake_train_00799.jpg,fake,1,train,fake_train_00799
/content/drive/MyDrive/AISC DeepFake Çalışmaları/Deneyler/Nazlıcan/Deney 1/Kaş/fake/train/fake_train_00800.jpg,fake,1,train,fake_train_00800
/content/drive/MyDrive/AISC DeepFake Çalışmaları/Deneyler/Nazlıcan/Deney 1/Kaş/fake/train/fake_train_00801.jpg,fake,1,train,fake_train_00801
/content/drive/MyDrive/AISC DeepFake Çalışmaları/Deneyler/Nazlıcan/Deney 1/Kaş/fake/train/fake_train_00802.jpg,fake,1,train,fake_train_00802
/content/drive/MyDrive/AISC DeepFake Çalışmaları/Deneyler/Nazlıcan/Deney 1/Kaş/fake/train/fake_train_00805.jpg,fake,1,train,fake_train_00805
/content/drive/MyDrive/AISC DeepFake Çalışmaları/Deneyler/Nazlıcan/Deney 1/Kaş/fake/train/fake_train_00806.jpg,fake,1,train,fake_train_00806
/content/drive/MyDrive/AISC DeepFake Çalışmaları/Deneyler/Nazlıcan/Deney 1/Kaş/fake/train/fake_train_00808.jpg,fake,1,train,fake_train_00808
/content/drive/MyDrive/AISC DeepFake Çalışmaları/Deneyler/Nazlıcan/Deney 1/Kaş/fake/train/fake_train_00810.jpg,fake,1,train,fake_train_00810
/content/drive/MyDrive/AISC DeepFake Çalışmaları/Deneyler/Nazlıcan/Deney 1/Kaş/fake/train/fake_train_00811.jpg,fake,1,train,fake_train_00811
/content/drive/MyDrive/AISC DeepFake Çalışmaları/Deneyler/Nazlıcan/Deney 1/Kaş/fake/train/fake_train_00813.jpg,fake,1,train,fake_train_00813
/content/drive/MyDrive/AISC DeepFake Çalışmaları/Deneyler/Nazlıcan/Deney 1/Kaş/fake/train/fake_train_00814.jpg,fake,1,train,fake_train_00814
/content/drive/MyDrive/AISC DeepFake Çalışmaları/Deneyler/Nazlıcan/Deney 1/Kaş/fake/train/fake_train_00815.jpg,fake,1,train,fake_train_00815
/content/drive/MyDrive/AISC DeepFake Çalışmaları/Deneyler/Nazlıcan/Deney 1/Kaş/fake/train/fake_train_00816.jpg,fake,1,train,fake_train_00816
/content/drive/MyDrive/AISC DeepFake Çalışmaları/Deneyler/Nazlıcan/Deney 1/Kaş/fake/train/fake_train_00817.jpg,fake,1,train,fake_train_00817
/content/drive/MyDrive/AISC DeepFake Çalışmaları/Deneyler/Nazlıcan/Deney 1/Kaş/fake/train/fake_train_00818.jpg,fake,1,train,fake_train_00818
/content/drive/MyDrive/AISC DeepFake Çalışmaları/Deneyler/Nazlıcan/Deney 1/Kaş/fake/train/fake_train_00822.jpg,fake,1,train,fake_train_00822
/content/drive/MyDrive/AISC DeepFake Çalışmaları/Deneyler/Nazlıcan/Deney 1/Kaş/fake/train/fake_train_00824.jpg,fake,1,train,fake_train_00824
/content/drive/MyDrive/AISC DeepFake Çalışmaları/Deneyler/Nazlıcan/Deney 1/Kaş/fake/train/fake_train_00826.jpg,fake,1,train,fake_train_00826
/content/drive/MyDrive/AISC DeepFake Çalışmaları/Deneyler/Nazlıcan/Deney 1/Kaş/fake/train/fake_train_00827.jpg,fake,1,train,fake_train_00827
/content/drive/MyDrive/AISC DeepFake Çalışmaları/Deneyler/Nazlıcan/Deney 1/Kaş/fake/train/fake_train_00828.jpg,fake,1,train,fake_train_00828
/content/drive/MyDrive/AISC DeepFake Çalışmaları/Deneyler/Nazlıcan/Deney 1/Kaş/fake/train/fake_train_00829.jpg,fake,1,train,fake_train_00829
/content/drive/MyDrive/AISC DeepFake Çalışmaları/Deneyler/Nazlıcan/Deney 1/Kaş/fake/train/fake_train_00833.jpg,fake,1,train,fake_train_00833
/content/drive/MyDrive/AISC DeepFake Çalışmaları/Deneyler/Nazlıcan/Deney 1/Kaş/fake/train/fake_train_00834.jpg,fake,1,train,fake_train_00834
/content/drive/MyDrive/AISC DeepFake Çalışmaları/Deneyler/Nazlıcan/Deney 1/Kaş/fake/train/fake_train_00836.jpg,fake,1,train,fake_train_00836
/content/drive/MyDrive/AISC DeepFake Çalışmaları/Deneyler/Nazlıcan/Deney 1/Kaş/fake/train/fake_train_00837.jpg,fake,1,train,fake_train_00837
/content/drive/MyDrive/AISC DeepFake Çalışmaları/Deneyler/Nazlıcan/Deney 1/Kaş/fake/train/fake_train_00838.jpg,fake,1,train,fake_train_00838
/content/drive/MyDrive/AISC DeepFake Çalışmaları/Deneyler/Nazlıcan/Deney 1/Kaş/fake/train/fake_train_00839.jpg,fake,1,train,fake_train_00839
/content/drive/MyDrive/AISC DeepFake Çalışmaları/Deneyler/Nazlıcan/Deney 1/Kaş/fake/train/fake_train_00841.jpg,fake,1,train,fake_train_00841
/content/drive/MyDrive/AISC DeepFake Çalışmaları/Deneyler/Nazlıcan/Deney 1/Kaş/fake/train/fake_train_00842.jpg,fake,1,train,fake_train_00842
/content/drive/MyDrive/AISC DeepFake Çalışmaları/Deneyler/Nazlıcan/Deney 1/Kaş/fake/train/fake_train_00844.jpg,fake,1,train,fake_train_00844
/content/drive/MyDrive/AISC DeepFake Çalışmaları/Deneyler/Nazlıcan/Deney 1/Kaş/fake/train/fake_train_00847.jpg,fake,1,train,fake_train_00847
/content/drive/MyDrive/AISC DeepFake Çalışmaları/Deneyler/Nazlıcan/Deney 1/Kaş/fake/train/fake_train_00848.jpg,fake,1,train,fake_train_00848
/content/drive/MyDrive/AISC DeepFake Çalışmaları/Deneyler/Nazlıcan/Deney 1/Kaş/fake/train/fake_train_00850.jpg,fake,1,train,fake_train_00850
/content/drive/MyDrive/AISC DeepFake Çalışmaları/Deneyler/Nazlıcan/Deney 1/Kaş/fake/train/fake_train_00851.jpg,fake,1,train,fake_train_00851
/content/drive/MyDrive/AISC DeepFake Çalışmaları/Deneyler/Nazlıcan/Deney 1/Kaş/fake/train/fake_train_00852.jpg,fake,1,train,fake_train_00852
/content/drive/MyDrive/AISC DeepFake Çalışmaları/Deneyler/Nazlıcan/Deney 1/Kaş/fake/train/fake_train_00853.jpg,fake,1,train,fake_train_00853
/content/drive/MyDrive/AISC DeepFake Çalışmaları/Deneyler/Nazlıcan/Deney 1/Kaş/fake/train/fake_train_00854.jpg,fake,1,train,fake_train_00854
/content/drive/MyDrive/AISC DeepFake Çalışmaları/Deneyler/Nazlıcan/Deney 1/Kaş/fake/train/fake_train_00856.jpg,fake,1,train,fake_train_00856
/content/drive/MyDrive/AISC DeepFake Çalışmaları/Deneyler/Nazlıcan/Deney 1/Kaş/fake/train/fake_train_00857.jpg,fake,1,train,fake_train_00857
/content/drive/MyDrive/AISC DeepFake Çalışmaları/Deneyler/Nazlıcan/Deney 1/Kaş/fake/train/fake_train_00858.jpg,fake,1,train,fake_train_00858
/content/drive/MyDrive/AISC DeepFake Çalışmaları/Deneyler/Nazlıcan/Deney 1/Kaş/fake/train/fake_train_00859.jpg,fake,1,train,fake_train_00859
/content/drive/MyDrive/AISC DeepFake Çalışmaları/Deneyler/Nazlıcan/Deney 1/Kaş/fake/train/fake_train_00861.jpg,fake,1,train,fake_train_00861
/content/drive/MyDrive/AISC DeepFake Çalışmaları/Deneyler/Nazlıcan/Deney 1/Kaş/fake/train/fake_train_00862.jpg,fake,1,train,fake_train_00862
/content/drive/MyDrive/AISC DeepFake Çalışmaları/Deneyler/Nazlıcan/Deney 1/Kaş/fake/train/fake_train_00865.jpg,fake,1,train,fake_train_00865
/content/drive/MyDrive/AISC DeepFake Çalışmaları/Deneyler/Nazlıcan/Deney 1/Kaş/fake/train/fake_train_00867.jpg,fake,1,train,fake_train_00867
/content/drive/MyDrive/AISC DeepFake Çalışmaları/Deneyler/Nazlıcan/Deney 1/Kaş/fake/train/fake_train_00868.jpg,fake,1,train,fake_train_00868
/content/drive/MyDrive/AISC DeepFake Çalışmaları/Deneyler/Nazlıcan/Deney 1/Kaş/fake/train/fake_train_00870.jpg,fake,1,train,fake_train_00870
/content/drive/MyDrive/AISC DeepFake Çalışmaları/Deneyler/Nazlıcan/Deney 1/Kaş/fake/train/fake_train_00871.jpg,fake,1,train,fake_train_00871
/content/drive/MyDrive/AISC DeepFake Çalışmaları/Deneyler/Nazlıcan/Deney 1/Kaş/fake/train/fake_train_00872.jpg,fake,1,train,fake_train_00872
/content/drive/MyDrive/AISC DeepFake Çalışmaları/Deneyler/Nazlıcan/Deney 1/Kaş/fake/train/fake_train_00873.jpg,fake,1,train,fake_train_00873
/content/drive/MyDrive/AISC DeepFake Çalışmaları/Deneyler/Nazlıcan/Deney 1/Kaş/fake/train/fake_train_00874.jpg,fake,1,train,fake_train_00874
/content/drive/MyDrive/AISC DeepFake Çalışmaları/Deneyler/Nazlıcan/Deney 1/Kaş/fake/train/fake_train_00876.jpg,fake,1,train,fake_train_00876
/content/drive/MyDrive/AISC DeepFake Çalışmaları/Deneyler/Nazlıcan/Deney 1/Kaş/fake/train/fake_train_00879.jpg,fake,1,train,fake_train_00879
/content/drive/MyDrive/AISC DeepFake Çalışmaları/Deneyler/Nazlıcan/Deney 1/Kaş/fake/train/fake_train_00880.jpg,fake,1,train,fake_train_00880
/content/drive/MyDrive/AISC DeepFake Çalışmaları/Deneyler/Nazlıcan/Deney 1/Kaş/fake/train/fake_train_00881.jpg,fake,1,train,fake_train_00881
/content/drive/MyDrive/AISC DeepFake Çalışmaları/Deneyler/Nazlıcan/Deney 1/Kaş/fake/train/fake_train_00882.jpg,fake,1,train,fake_train_00882
/content/drive/MyDrive/AISC DeepFake Çalışmaları/Deneyler/Nazlıcan/Deney 1/Kaş/fake/train/fake_train_00883.jpg,fake,1,train,fake_train_00883
/content/drive/MyDrive/AISC DeepFake Çalışmaları/Deneyler/Nazlıcan/Deney 1/Kaş/fake/train/fake_train_00885.jpg,fake,1,train,fake_train_00885
/content/drive/MyDrive/AISC DeepFake Çalışmaları/Deneyler/Nazlıcan/Deney 1/Kaş/fake/train/fake_train_00886.jpg,fake,1,train,fake_train_00886
/content/drive/MyDrive/AISC DeepFake Çalışmaları/Deneyler/Nazlıcan/Deney 1/Kaş/fake/train/fake_train_00887.jpg,fake,1,train,fake_train_00887
/content/drive/MyDrive/AISC DeepFake Çalışmaları/Deneyler/Nazlıcan/Deney 1/Kaş/fake/train/fake_train_00889.jpg,fake,1,train,fake_train_00889
/content/drive/MyDrive/AISC DeepFake Çalışmaları/Deneyler/Nazlıcan/Deney 1/Kaş/fake/train/fake_train_00890.jpg,fake,1,train,fake_train_00890
/content/drive/MyDrive/AISC DeepFake Çalışmaları/Deneyler/Nazlıcan/Deney 1/Kaş/fake/train/fake_train_00891.jpg,fake,1,train,fake_train_00891
/content/drive/MyDrive/AISC DeepFake Çalışmaları/Deneyler/Nazlıcan/Deney 1/Kaş/fake/train/fake_train_00892.jpg,fake,1,train,fake_train_00892
/content/drive/MyDrive/AISC DeepFake Çalışmaları/Deneyler/Nazlıcan/Deney 1/Kaş/fake/train/fake_train_00893.jpg,fake,1,train,fake_train_00893
/content/drive/MyDrive/AISC DeepFake Çalışmaları/Deneyler/Nazlıcan/Deney 1/Kaş/fake/train/fake_train_00895.jpg,fake,1,train,fake_train_00895
/content/drive/MyDrive/AISC DeepFake Çalışmaları/Deneyler/Nazlıcan/Deney 1/Kaş/fake/train/fake_train_00896.jpg,fake,1,train,fake_train_00896
/content/drive/MyDrive/AISC DeepFake Çalışmaları/Deneyler/Nazlıcan/Deney 1/Kaş/fake/train/fake_train_00897.jpg,fake,1,train,fake_train_00897
/content/drive/MyDrive/AISC DeepFake Çalışmaları/Deneyler/Nazlıcan/Deney 1/Kaş/fake/train/fake_train_00902.jpg,fake,1,train,fake_train_00902
/content/drive/MyDrive/AISC DeepFake Çalışmaları/Deneyler/Nazlıcan/Deney 1/Kaş/fake/train/fake_train_00903.jpg,fake,1,train,fake_train_00903
/content/drive/MyDrive/AISC DeepFake Çalışmaları/Deneyler/Nazlıcan/Deney 1/Kaş/fake/train/fake_train_00904.jpg,fake,1,train,fake_train_00904
/content/drive/MyDrive/AISC DeepFake Çalışmaları/Deneyler/Nazlıcan/Deney 1/Kaş/fake/train/fake_train_00906.jpg,fake,1,train,fake_train_00906
/content/drive/MyDrive/AISC DeepFake Çalışmaları/Deneyler/Nazlıcan/Deney 1/Kaş/fake/train/fake_train_00908.jpg,fake,1,train,fake_train_00908
/content/drive/MyDrive/AISC DeepFake Çalışmaları/Deneyler/Nazlıcan/Deney 1/Kaş/fake/train/fake_train_00909.jpg,fake,1,train,fake_train_00909
/content/drive/MyDrive/AISC DeepFake Çalışmaları/Deneyler/Nazlıcan/Deney 1/Kaş/fake/train/fake_train_00910.jpg,fake,1,train,fake_train_00910
/content/drive/MyDrive/AISC DeepFake Çalışmaları/Deneyler/Nazlıcan/Deney 1/Kaş/fake/train/fake_train_00912.jpg,fake,1,train,fake_train_00912
/content/drive/MyDrive/AISC DeepFake Çalışmaları/Deneyler/Nazlıcan/Deney 1/Kaş/fake/train/fake_train_00915.jpg,fake,1,train,fake_train_00915
/content/drive/MyDrive/AISC DeepFake Çalışmaları/Deneyler/Nazlıcan/Deney 1/Kaş/fake/train/fake_train_00918.jpg,fake,1,train,fake_train_00918
/content/drive/MyDrive/AISC DeepFake Çalışmaları/Deneyler/Nazlıcan/Deney 1/Kaş/fake/train/fake_train_00919.jpg,fake,1,train,fake_train_00919
/content/drive/MyDrive/AISC DeepFake Çalışmaları/Deneyler/Nazlıcan/Deney 1/Kaş/fake/train/fake_train_00921.jpg,fake,1,train,fake_train_00921
/content/drive/MyDrive/AISC DeepFake Çalışmaları/Deneyler/Nazlıcan/Deney 1/Kaş/fake/train/fake_train_00922.jpg,fake,1,train,fake_train_00922
/content/drive/MyDrive/AISC DeepFake Çalışmaları/Deneyler/Nazlıcan/Deney 1/Kaş/fake/train/fake_train_00925.jpg,fake,1,train,fake_train_00925
/content/drive/MyDrive/AISC DeepFake Çalışmaları/Deneyler/Nazlıcan/Deney 1/Kaş/fake/train/fake_train_00927.jpg,fake,1,train,fake_train_00927
/content/drive/MyDrive/AISC DeepFake Çalışmaları/Deneyler/Nazlıcan/Deney 1/Kaş/fake/train/fake_train_00928.jpg,fake,1,train,fake_train_00928
/content/drive/MyDrive/AISC DeepFake Çalışmaları/Deneyler/Nazlıcan/Deney 1/Kaş/fake/train/fake_train_00929.jpg,fake,1,train,fake_train_00929
/content/drive/MyDrive/AISC DeepFake Çalışmaları/Deneyler/Nazlıcan/Deney 1/Kaş/fake/train/fake_train_00930.jpg,fake,1,train,fake_train_00930
/content/drive/MyDrive/AISC DeepFake Çalışmaları/Deneyler/Nazlıcan/Deney 1/Kaş/fake/train/fake_train_00931.jpg,fake,1,train,fake_train_00931
/content/drive/MyDrive/AISC DeepFake Çalışmaları/Deneyler/Nazlıcan/Deney 1/Kaş/fake/train/fake_train_00932.jpg,fake,1,train,fake_train_00932
/content/drive/MyDrive/AISC DeepFake Çalışmaları/Deneyler/Nazlıcan/Deney 1/Kaş/fake/train/fake_train_00934.jpg,fake,1,train,fake_train_00934
/content/drive/MyDrive/AISC DeepFake Çalışmaları/Deneyler/Nazlıcan/Deney 1/Kaş/fake/train/fake_train_00935.jpg,fake,1,train,fake_train_00935
/content/drive/MyDrive/AISC DeepFake Çalışmaları/Deneyler/Nazlıcan/Deney 1/Kaş/fake/train/fake_train_00938.jpg,fake,1,train,fake_train_00938
/content/drive/MyDrive/AISC DeepFake Çalışmaları/Deneyler/Nazlıcan/Deney 1/Kaş/fake/train/fake_train_00939.jpg,fake,1,train,fake_train_00939
/content/drive/MyDrive/AISC DeepFake Çalışmaları/Deneyler/Nazlıcan/Deney 1/Kaş/fake/train/fake_train_00941.jpg,fake,1,train,fake_train_00941
/content/drive/MyDrive/AISC DeepFake Çalışmaları/Deneyler/Nazlıcan/Deney 1/Kaş/fake/train/fake_train_00942.jpg,fake,1,train,fake_train_00942
/content/drive/MyDrive/AISC DeepFake Çalışmaları/Deneyler/Nazlıcan/Deney 1/Kaş/fake/train/fake_train_00943.jpg,fake,1,train,fake_train_00943
/content/drive/MyDrive/AISC DeepFake Çalışmaları/Deneyler/Nazlıcan/Deney 1/Kaş/fake/train/fake_train_00944.jpg,fake,1,train,fake_train_00944
/content/drive/MyDrive/AISC DeepFake Çalışmaları/Deneyler/Nazlıcan/Deney 1/Kaş/fake/train/fake_train_00945.jpg,fake,1,train,fake_train_00945
/content/drive/MyDrive/AISC DeepFake Çalışmaları/Deneyler/Nazlıcan/Deney 1/Kaş/fake/train/fake_train_00947.jpg,fake,1,train,fake_train_00947
/content/drive/MyDrive/AISC DeepFake Çalışmaları/Deneyler/Nazlıcan/Deney 1/Kaş/fake/train/fake_train_00949.jpg,fake,1,train,fake_train_00949
/content/drive/MyDrive/AISC DeepFake Çalışmaları/Deneyler/Nazlıcan/Deney 1/Kaş/fake/train/fake_train_00950.jpg,fake,1,train,fake_train_00950
/content/drive/MyDrive/AISC DeepFake Çalışmaları/Deneyler/Nazlıcan/Deney 1/Kaş/fake/train/fake_train_00952.jpg,fake,1,train,fake_train_00952
/content/drive/MyDrive/AISC DeepFake Çalışmaları/Deneyler/Nazlıcan/Deney 1/Kaş/fake/train/fake_train_00953.jpg,fake,1,train,fake_train_00953
/content/drive/MyDrive/AISC DeepFake Çalışmaları/Deneyler/Nazlıcan/Deney 1/Kaş/fake/train/fake_train_00954.jpg,fake,1,train,fake_train_00954
/content/drive/MyDrive/AISC DeepFake Çalışmaları/Deneyler/Nazlıcan/Deney 1/Kaş/fake/train/fake_train_00959.jpg,fake,1,train,fake_train_00959
/content/drive/MyDrive/AISC DeepFake Çalışmaları/Deneyler/Nazlıcan/Deney 1/Kaş/fake/train/fake_train_00961.jpg,fake,1,train,fake_train_00961
/content/drive/MyDrive/AISC DeepFake Çalışmaları/Deneyler/Nazlıcan/Deney 1/Kaş/fake/train/fake_train_00962.jpg,fake,1,train,fake_train_00962
/content/drive/MyDrive/AISC DeepFake Çalışmaları/Deneyler/Nazlıcan/Deney 1/Kaş/fake/train/fake_train_00963.jpg,fake,1,train,fake_train_00963
/content/drive/MyDrive/AISC DeepFake Çalışmaları/Deneyler/Nazlıcan/Deney 1/Kaş/fake/train/fake_train_00965.jpg,fake,1,train,fake_train_00965
/content/drive/MyDrive/AISC DeepFake Çalışmaları/Deneyler/Nazlıcan/Deney 1/Kaş/fake/train/fake_train_00968.jpg,fake,1,train,fake_train_00968
/content/drive/MyDrive/AISC DeepFake Çalışmaları/Deneyler/Nazlıcan/Deney 1/Kaş/fake/train/fake_train_00969.jpg,fake,1,train,fake_train_00969
/content/drive/MyDrive/AISC DeepFake Çalışmaları/Deneyler/Nazlıcan/Deney 1/Kaş/fake/train/fake_train_00970.jpg,fake,1,train,fake_train_00970
/content/drive/MyDrive/AISC DeepFake Çalışmaları/Deneyler/Nazlıcan/Deney 1/Kaş/fake/train/fake_train_00972.jpg,fake,1,train,fake_train_00972
/content/drive/MyDrive/AISC DeepFake Çalışmaları/Deneyler/Nazlıcan/Deney 1/Kaş/fake/train/fake_train_00973.jpg,fake,1,train,fake_train_00973
/content/drive/MyDrive/AISC DeepFake Çalışmaları/Deneyler/Nazlıcan/Deney 1/Kaş/fake/train/fake_train_00975.jpg,fake,1,train,fake_train_00975
/content/drive/MyDrive/AISC DeepFake Çalışmaları/Deneyler/Nazlıcan/Deney 1/Kaş/fake/train/fake_train_00977.jpg,fake,1,train,fake_train_00977
/content/drive/MyDrive/AISC DeepFake Çalışmaları/Deneyler/Nazlıcan/Deney 1/Kaş/fake/train/fake_train_00979.jpg,fake,1,train,fake_train_00979
/content/drive/MyDrive/AISC DeepFake Çalışmaları/Deneyler/Nazlıcan/Deney 1/Kaş/fake/train/fake_train_00981.jpg,fake,1,train,fake_train_00981
/content/drive/MyDrive/AISC DeepFake Çalışmaları/Deneyler/Nazlıcan/Deney 1/Kaş/fake/train/fake_train_00983.jpg,fake,1,train,fake_train_00983
/content/drive/MyDrive/AISC DeepFake Çalışmaları/Deneyler/Nazlıcan/Deney 1/Kaş/fake/train/fake_train_00984.jpg,fake,1,train,fake_train_00984
/content/drive/MyDrive/AISC DeepFake Çalışmaları/Deneyler/Nazlıcan/Deney 1/Kaş/fake/train/fake_train_00985.jpg,fake,1,train,fake_train_00985
/content/drive/MyDrive/AISC DeepFake Çalışmaları/Deneyler/Nazlıcan/Deney 1/Kaş/fake/train/fake_train_00987.jpg,fake,1,train,fake_train_00987
/content/drive/MyDrive/AISC DeepFake Çalışmaları/Deneyler/Nazlıcan/Deney 1/Kaş/fake/train/fake_train_00988.jpg,fake,1,train,fake_train_00988
/content/drive/MyDrive/AISC DeepFake Çalışmaları/Deneyler/Nazlıcan/Deney 1/Kaş/fake/train/fake_train_00990.jpg,fake,1,train,fake_train_00990
/content/drive/MyDrive/AISC DeepFake Çalışmaları/Deneyler/Nazlıcan/Deney 1/Kaş/fake/train/fake_train_00993.jpg,fake,1,train,fake_train_00993
/content/drive/MyDrive/AISC DeepFake Çalışmaları/Deneyler/Nazlıcan/Deney 1/Kaş/fake/train/fake_train_00995.jpg,fake,1,train,fake_train_00995
/content/drive/MyDrive/AISC DeepFake Çalışmaları/Deneyler/Nazlıcan/Deney 1/Kaş/fake/train/fake_train_00996.jpg,fake,1,train,fake_train_00996
/content/drive/MyDrive/AISC DeepFake Çalışmaları/Deneyler/Nazlıcan/Deney 1/Kaş/fake/train/fake_train_00997.jpg,fake,1,train,fake_train_00997
/content/drive/MyDrive/AISC DeepFake Çalışmaları/Deneyler/Nazlıcan/Deney 1/Kaş/fake/train/fake_train_00998.jpg,fake,1,train,fake_train_00998
/content/drive/MyDrive/AISC DeepFake Çalışmaları/Deneyler/Nazlıcan/Deney 1/Kaş/fake/train/fake_train_00999.jpg,fake,1,train,fake_train_00999
/content/drive/MyDrive/AISC DeepFake Çalışmaları/Deneyler/Nazlıcan/Deney 1/Kaş/fake/train/fake_train_01002.jpg,fake,1,train,fake_train_01002
/content/drive/MyDrive/AISC DeepFake Çalışmaları/Deneyler/Nazlıcan/Deney 1/Kaş/fake/train/fake_train_01004.jpg,fake,1,train,fake_train_01004
/content/drive/MyDrive/AISC DeepFake Çalışmaları/Deneyler/Nazlıcan/Deney 1/Kaş/fake/train/fake_train_01005.jpg,fake,1,train,fake_train_01005
/content/drive/MyDrive/AISC DeepFake Çalışmaları/Deneyler/Nazlıcan/Deney 1/Kaş/fake/train/fake_train_01006.jpg,fake,1,train,fake_train_01006
/content/drive/MyDrive/AISC DeepFake Çalışmaları/Deneyler/Nazlıcan/Deney 1/Kaş/fake/train/fake_train_01008.jpg,fake,1,train,fake_train_01008
/content/drive/MyDrive/AISC DeepFake Çalışmaları/Deneyler/Nazlıcan/Deney 1/Kaş/fake/train/fake_train_01009.jpg,fake,1,train,fake_train_01009
/content/drive/MyDrive/AISC DeepFake Çalışmaları/Deneyler/Nazlıcan/Deney 1/Kaş/fake/train/fake_train_01010.jpg,fake,1,train,fake_train_01010
/content/drive/MyDrive/AISC DeepFake Çalışmaları/Deneyler/Nazlıcan/Deney 1/Kaş/fake/train/fake_train_01011.jpg,fake,1,train,fake_train_01011
/content/drive/MyDrive/AISC DeepFake Çalışmaları/Deneyler/Nazlıcan/Deney 1/Kaş/fake/train/fake_train_01014.jpg,fake,1,train,fake_train_01014
/content/drive/MyDrive/AISC DeepFake Çalışmaları/Deneyler/Nazlıcan/Deney 1/Kaş/fake/train/fake_train_01015.jpg,fake,1,train,fake_train_01015
/content/drive/MyDrive/AISC DeepFake Çalışmaları/Deneyler/Nazlıcan/Deney 1/Kaş/fake/train/fake_train_01016.jpg,fake,1,train,fake_train_01016
/content/drive/MyDrive/AISC DeepFake Çalışmaları/Deneyler/Nazlıcan/Deney 1/Kaş/fake/train/fake_train_01018.jpg,fake,1,train,fake_train_01018
/content/drive/MyDrive/AISC DeepFake Çalışmaları/Deneyler/Nazlıcan/Deney 1/Kaş/fake/train/fake_train_01019.jpg,fake,1,train,fake_train_01019
/content/drive/MyDrive/AISC DeepFake Çalışmaları/Deneyler/Nazlıcan/Deney 1/Kaş/fake/train/fake_train_01021.jpg,fake,1,train,fake_train_01021
/content/drive/MyDrive/AISC DeepFake Çalışmaları/Deneyler/Nazlıcan/Deney 1/Kaş/fake/train/fake_train_01023.jpg,fake,1,train,fake_train_01023
/content/drive/MyDrive/AISC DeepFake Çalışmaları/Deneyler/Nazlıcan/Deney 1/Kaş/fake/train/fake_train_01025.jpg,fake,1,train,fake_train_01025
/content/drive/MyDrive/AISC DeepFake Çalışmaları/Deneyler/Nazlıcan/Deney 1/Kaş/fake/train/fake_train_01027.jpg,fake,1,train,fake_train_01027
/content/drive/MyDrive/AISC DeepFake Çalışmaları/Deneyler/Nazlıcan/Deney 1/Kaş/fake/train/fake_train_01028.jpg,fake,1,train,fake_train_01028
/content/drive/MyDrive/AISC DeepFake Çalışmaları/Deneyler/Nazlıcan/Deney 1/Kaş/fake/train/fake_train_01030.jpg,fake,1,train,fake_train_01030
/content/drive/MyDrive/AISC DeepFake Çalışmaları/Deneyler/Nazlıcan/Deney 1/Kaş/fake/train/fake_train_01031.jpg,fake,1,train,fake_train_01031
/content/drive/MyDrive/AISC DeepFake Çalışmaları/Deneyler/Nazlıcan/Deney 1/Kaş/fake/train/fake_train_01035.jpg,fake,1,train,fake_train_01035
/content/drive/MyDrive/AISC DeepFake Çalışmaları/Deneyler/Nazlıcan/Deney 1/Kaş/fake/train/fake_train_01036.jpg,fake,1,train,fake_train_01036
/content/drive/MyDrive/AISC DeepFake Çalışmaları/Deneyler/Nazlıcan/Deney 1/Kaş/fake/train/fake_train_01037.jpg,fake,1,train,fake_train_01037
/content/drive/MyDrive/AISC DeepFake Çalışmaları/Deneyler/Nazlıcan/Deney 1/Kaş/fake/train/fake_train_01038.jpg,fake,1,train,fake_train_01038
/content/drive/MyDrive/AISC DeepFake Çalışmaları/Deneyler/Nazlıcan/Deney 1/Kaş/fake/train/fake_train_01039.jpg,fake,1,train,fake_train_01039
/content/drive/MyDrive/AISC DeepFake Çalışmaları/Deneyler/Nazlıcan/Deney 1/Kaş/fake/train/fake_train_01040.jpg,fake,1,train,fake_train_01040
/content/drive/MyDrive/AISC DeepFake Çalışmaları/Deneyler/Nazlıcan/Deney 1/Kaş/fake/train/fake_train_01042.jpg,fake,1,train,fake_train_01042
/content/drive/MyDrive/AISC DeepFake Çalışmaları/Deneyler/Nazlıcan/Deney 1/Kaş/fake/train/fake_train_01043.jpg,fake,1,train,fake_train_01043
/content/drive/MyDrive/AISC DeepFake Çalışmaları/Deneyler/Nazlıcan/Deney 1/Kaş/fake/train/fake_train_01044.jpg,fake,1,train,fake_train_01044
/content/drive/MyDrive/AISC DeepFake Çalışmaları/Deneyler/Nazlıcan/Deney 1/Kaş/fake/train/fake_train_01046.jpg,fake,1,train,fake_train_01046
/content/drive/MyDrive/AISC DeepFake Çalışmaları/Deneyler/Nazlıcan/Deney 1/Kaş/fake/train/fake_train_01047.jpg,fake,1,train,fake_train_01047
/content/drive/MyDrive/AISC DeepFake Çalışmaları/Deneyler/Nazlıcan/Deney 1/Kaş/fake/train/fake_train_01048.jpg,fake,1,train,fake_train_01048
/content/drive/MyDrive/AISC DeepFake Çalışmaları/Deneyler/Nazlıcan/Deney 1/Kaş/fake/train/fake_train_01050.jpg,fake,1,train,fake_train_01050
/content/drive/MyDrive/AISC DeepFake Çalışmaları/Deneyler/Nazlıcan/Deney 1/Kaş/fake/train/fake_train_01051.jpg,fake,1,train,fake_train_01051
/content/drive/MyDrive/AISC DeepFake Çalışmaları/Deneyler/Nazlıcan/Deney 1/Kaş/fake/train/fake_train_01052.jpg,fake,1,train,fake_train_01052
/content/drive/MyDrive/AISC DeepFake Çalışmaları/Deneyler/Nazlıcan/Deney 1/Kaş/fake/train/fake_train_01053.jpg,fake,1,train,fake_train_01053
/content/drive/MyDrive/AISC DeepFake Çalışmaları/Deneyler/Nazlıcan/Deney 1/Kaş/fake/train/fake_train_01054.jpg,fake,1,train,fake_train_01054
/content/drive/MyDrive/AISC DeepFake Çalışmaları/Deneyler/Nazlıcan/Deney 1/Kaş/fake/train/fake_train_01057.jpg,fake,1,train,fake_train_01057
/content/drive/MyDrive/AISC DeepFake Çalışmaları/Deneyler/Nazlıcan/Deney 1/Kaş/fake/train/fake_train_01060.jpg,fake,1,train,fake_train_01060
/content/drive/MyDrive/AISC DeepFake Çalışmaları/Deneyler/Nazlıcan/Deney 1/Kaş/fake/train/fake_train_01061.jpg,fake,1,train,fake_train_01061
/content/drive/MyDrive/AISC DeepFake Çalışmaları/Deneyler/Nazlıcan/Deney 1/Kaş/fake/train/fake_train_01062.jpg,fake,1,train,fake_train_01062
/content/drive/MyDrive/AISC DeepFake Çalışmaları/Deneyler/Nazlıcan/Deney 1/Kaş/fake/train/fake_train_01064.jpg,fake,1,train,fake_train_01064
/content/drive/MyDrive/AISC DeepFake Çalışmaları/Deneyler/Nazlıcan/Deney 1/Kaş/fake/train/fake_train_01065.jpg,fake,1,train,fake_train_01065
/content/drive/MyDrive/AISC DeepFake Çalışmaları/Deneyler/Nazlıcan/Deney 1/Kaş/fake/train/fake_train_01066.jpg,fake,1,train,fake_train_01066
/content/drive/MyDrive/AISC DeepFake Çalışmaları/Deneyler/Nazlıcan/Deney 1/Kaş/fake/train/fake_train_01067.jpg,fake,1,train,fake_train_01067
/content/drive/MyDrive/AISC DeepFake Çalışmaları/Deneyler/Nazlıcan/Deney 1/Kaş/fake/train/fake_train_01070.jpg,fake,1,train,fake_train_01070
/content/drive/MyDrive/AISC DeepFake Çalışmaları/Deneyler/Nazlıcan/Deney 1/Kaş/fake/train/fake_train_01072.jpg,fake,1,train,fake_train_01072
/content/drive/MyDrive/AISC DeepFake Çalışmaları/Deneyler/Nazlıcan/Deney 1/Kaş/fake/train/fake_train_01073.jpg,fake,1,train,fake_train_01073
/content/drive/MyDrive/AISC DeepFake Çalışmaları/Deneyler/Nazlıcan/Deney 1/Kaş/fake/train/fake_train_01074.jpg,fake,1,train,fake_train_01074
/content/drive/MyDrive/AISC DeepFake Çalışmaları/Deneyler/Nazlıcan/Deney 1/Kaş/fake/train/fake_train_01075.jpg,fake,1,train,fake_train_01075
/content/drive/MyDrive/AISC DeepFake Çalışmaları/Deneyler/Nazlıcan/Deney 1/Kaş/fake/train/fake_train_01077.jpg,fake,1,train,fake_train_01077
/content/drive/MyDrive/AISC DeepFake Çalışmaları/Deneyler/Nazlıcan/Deney 1/Kaş/fake/train/fake_train_01078.jpg,fake,1,train,fake_train_01078
/content/drive/MyDrive/AISC DeepFake Çalışmaları/Deneyler/Nazlıcan/Deney 1/Kaş/fake/train/fake_train_01079.jpg,fake,1,train,fake_train_01079
/content/drive/MyDrive/AISC DeepFake Çalışmaları/Deneyler/Nazlıcan/Deney 1/Kaş/fake/train/fake_train_01080.jpg,fake,1,train,fake_train_01080
/content/drive/MyDrive/AISC DeepFake Çalışmaları/Deneyler/Nazlıcan/Deney 1/Kaş/fake/train/fake_train_01081.jpg,fake,1,train,fake_train_01081
/content/drive/MyDrive/AISC DeepFake Çalışmaları/Deneyler/Nazlıcan/Deney 1/Kaş/fake/train/fake_train_01082.jpg,fake,1,train,fake_train_01082
/content/drive/MyDrive/AISC DeepFake Çalışmaları/Deneyler/Nazlıcan/Deney 1/Kaş/fake/train/fake_train_01083.jpg,fake,1,train,fake_train_01083
/content/drive/MyDrive/AISC DeepFake Çalışmaları/Deneyler/Nazlıcan/Deney 1/Kaş/fake/train/fake_train_01084.jpg,fake,1,train,fake_train_01084
/content/drive/MyDrive/AISC DeepFake Çalışmaları/Deneyler/Nazlıcan/Deney 1/Kaş/fake/train/fake_train_01086.jpg,fake,1,train,fake_train_01086
/content/drive/MyDrive/AISC DeepFake Çalışmaları/Deneyler/Nazlıcan/Deney 1/Kaş/fake/train/fake_train_01087.jpg,fake,1,train,fake_train_01087
/content/drive/MyDrive/AISC DeepFake Çalışmaları/Deneyler/Nazlıcan/Deney 1/Kaş/fake/train/fake_train_01089.jpg,fake,1,train,fake_train_01089
/content/drive/MyDrive/AISC DeepFake Çalışmaları/Deneyler/Nazlıcan/Deney 1/Kaş/fake/train/fake_train_01091.jpg,fake,1,train,fake_train_01091
/content/drive/MyDrive/AISC DeepFake Çalışmaları/Deneyler/Nazlıcan/Deney 1/Kaş/fake/train/fake_train_01092.jpg,fake,1,train,fake_train_01092
/content/drive/MyDrive/AISC DeepFake Çalışmaları/Deneyler/Nazlıcan/Deney 1/Kaş/fake/train/fake_train_01093.jpg,fake,1,train,fake_train_01093
/content/drive/MyDrive/AISC DeepFake Çalışmaları/Deneyler/Nazlıcan/Deney 1/Kaş/fake/train/fake_train_01094.jpg,fake,1,train,fake_train_01094
/content/drive/MyDrive/AISC DeepFake Çalışmaları/Deneyler/Nazlıcan/Deney 1/Kaş/fake/train/fake_train_01099.jpg,fake,1,train,fake_train_01099
/content/drive/MyDrive/AISC DeepFake Çalışmaları/Deneyler/Nazlıcan/Deney 1/Kaş/fake/train/fake_train_01100.jpg,fake,1,train,fake_train_01100
/content/drive/MyDrive/AISC DeepFake Çalışmaları/Deneyler/Nazlıcan/Deney 1/Kaş/fake/train/fake_train_01103.jpg,fake,1,train,fake_train_01103
/content/drive/MyDrive/AISC DeepFake Çalışmaları/Deneyler/Nazlıcan/Deney 1/Kaş/fake/train/fake_train_01106.jpg,fake,1,train,fake_train_01106
/content/drive/MyDrive/AISC DeepFake Çalışmaları/Deneyler/Nazlıcan/Deney 1/Kaş/fake/train/fake_train_01108.jpg,fake,1,train,fake_train_01108
/content/drive/MyDrive/AISC DeepFake Çalışmaları/Deneyler/Nazlıcan/Deney 1/Kaş/fake/train/fake_train_01109.jpg,fake,1,train,fake_train_01109
/content/drive/MyDrive/AISC DeepFake Çalışmaları/Deneyler/Nazlıcan/Deney 1/Kaş/fake/train/fake_train_01110.jpg,fake,1,train,fake_train_01110
/content/drive/MyDrive/AISC DeepFake Çalışmaları/Deneyler/Nazlıcan/Deney 1/Kaş/fake/train/fake_train_01111.jpg,fake,1,train,fake_train_01111
/content/drive/MyDrive/AISC DeepFake Çalışmaları/Deneyler/Nazlıcan/Deney 1/Kaş/fake/train/fake_train_01113.jpg,fake,1,train,fake_train_01113
/content/drive/MyDrive/AISC DeepFake Çalışmaları/Deneyler/Nazlıcan/Deney 1/Kaş/fake/train/fake_train_01115.jpg,fake,1,train,fake_train_01115
/content/drive/MyDrive/AISC DeepFake Çalışmaları/Deneyler/Nazlıcan/Deney 1/Kaş/fake/train/fake_train_01116.jpg,fake,1,train,fake_train_01116
/content/drive/MyDrive/AISC DeepFake Çalışmaları/Deneyler/Nazlıcan/Deney 1/Kaş/fake/train/fake_train_01117.jpg,fake,1,train,fake_train_01117
/content/drive/MyDrive/AISC DeepFake Çalışmaları/Deneyler/Nazlıcan/Deney 1/Kaş/fake/train/fake_train_01120.jpg,fake,1,train,fake_train_01120
/content/drive/MyDrive/AISC DeepFake Çalışmaları/Deneyler/Nazlıcan/Deney 1/Kaş/fake/train/fake_train_01121.jpg,fake,1,train,fake_train_01121
/content/drive/MyDrive/AISC DeepFake Çalışmaları/Deneyler/Nazlıcan/Deney 1/Kaş/fake/train/fake_train_01122.jpg,fake,1,train,fake_train_01122
/content/drive/MyDrive/AISC DeepFake Çalışmaları/Deneyler/Nazlıcan/Deney 1/Kaş/fake/train/fake_train_01123.jpg,fake,1,train,fake_train_01123
/content/drive/MyDrive/AISC DeepFake Çalışmaları/Deneyler/Nazlıcan/Deney 1/Kaş/fake/train/fake_train_01124.jpg,fake,1,train,fake_train_01124
/content/drive/MyDrive/AISC DeepFake Çalışmaları/Deneyler/Nazlıcan/Deney 1/Kaş/fake/train/fake_train_01126.jpg,fake,1,train,fake_train_01126
/content/drive/MyDrive/AISC DeepFake Çalışmaları/Deneyler/Nazlıcan/Deney 1/Kaş/fake/train/fake_train_01128.jpg,fake,1,train,fake_train_01128
/content/drive/MyDrive/AISC DeepFake Çalışmaları/Deneyler/Nazlıcan/Deney 1/Kaş/fake/train/fake_train_01129.jpg,fake,1,train,fake_train_01129
/content/drive/MyDrive/AISC DeepFake Çalışmaları/Deneyler/Nazlıcan/Deney 1/Kaş/fake/train/fake_train_01131.jpg,fake,1,train,fake_train_01131
/content/drive/MyDrive/AISC DeepFake Çalışmaları/Deneyler/Nazlıcan/Deney 1/Kaş/fake/train/fake_train_01132.jpg,fake,1,train,fake_train_01132
/content/drive/MyDrive/AISC DeepFake Çalışmaları/Deneyler/Nazlıcan/Deney 1/Kaş/fake/train/fake_train_01134.jpg,fake,1,train,fake_train_01134
/content/drive/MyDrive/AISC DeepFake Çalışmaları/Deneyler/Nazlıcan/Deney 1/Kaş/fake/train/fake_train_01135.jpg,fake,1,train,fake_train_01135
/content/drive/MyDrive/AISC DeepFake Çalışmaları/Deneyler/Nazlıcan/Deney 1/Kaş/fake/train/fake_train_01140.jpg,fake,1,train,fake_train_01140
/content/drive/MyDrive/AISC DeepFake Çalışmaları/Deneyler/Nazlıcan/Deney 1/Kaş/fake/train/fake_train_01141.jpg,fake,1,train,fake_train_01141
/content/drive/MyDrive/AISC DeepFake Çalışmaları/Deneyler/Nazlıcan/Deney 1/Kaş/fake/train/fake_train_01142.jpg,fake,1,train,fake_train_01142
/content/drive/MyDrive/AISC DeepFake Çalışmaları/Deneyler/Nazlıcan/Deney 1/Kaş/fake/train/fake_train_01146.jpg,fake,1,train,fake_train_01146
/content/drive/MyDrive/AISC DeepFake Çalışmaları/Deneyler/Nazlıcan/Deney 1/Kaş/fake/train/fake_train_01147.jpg,fake,1,train,fake_train_01147
/content/drive/MyDrive/AISC DeepFake Çalışmaları/Deneyler/Nazlıcan/Deney 1/Kaş/fake/train/fake_train_01148.jpg,fake,1,train,fake_train_01148
/content/drive/MyDrive/AISC DeepFake Çalışmaları/Deneyler/Nazlıcan/Deney 1/Kaş/fake/train/fake_train_01149.jpg,fake,1,train,fake_train_01149
/content/drive/MyDrive/AISC DeepFake Çalışmaları/Deneyler/Nazlıcan/Deney 1/Kaş/fake/train/fake_train_01150.jpg,fake,1,train,fake_train_01150
/content/drive/MyDrive/AISC DeepFake Çalışmaları/Deneyler/Nazlıcan/Deney 1/Kaş/fake/train/fake_train_01151.jpg,fake,1,train,fake_train_01151
/content/drive/MyDrive/AISC DeepFake Çalışmaları/Deneyler/Nazlıcan/Deney 1/Kaş/fake/train/fake_train_01152.jpg,fake,1,train,fake_train_01152
/content/drive/MyDrive/AISC DeepFake Çalışmaları/Deneyler/Nazlıcan/Deney 1/Kaş/fake/train/fake_train_01154.jpg,fake,1,train,fake_train_01154
/content/drive/MyDrive/AISC DeepFake Çalışmaları/Deneyler/Nazlıcan/Deney 1/Kaş/fake/train/fake_train_01155.jpg,fake,1,train,fake_train_01155
/content/drive/MyDrive/AISC DeepFake Çalışmaları/Deneyler/Nazlıcan/Deney 1/Kaş/fake/train/fake_train_01156.jpg,fake,1,train,fake_train_01156
/content/drive/MyDrive/AISC DeepFake Çalışmaları/Deneyler/Nazlıcan/Deney 1/Kaş/fake/train/fake_train_01157.jpg,fake,1,train,fake_train_01157
/content/drive/MyDrive/AISC DeepFake Çalışmaları/Deneyler/Nazlıcan/Deney 1/Kaş/fake/train/fake_train_01158.jpg,fake,1,train,fake_train_01158
/content/drive/MyDrive/AISC DeepFake Çalışmaları/Deneyler/Nazlıcan/Deney 1/Kaş/fake/train/fake_train_01161.jpg,fake,1,train,fake_train_01161
/content/drive/MyDrive/AISC DeepFake Çalışmaları/Deneyler/Nazlıcan/Deney 1/Kaş/fake/train/fake_train_01162.jpg,fake,1,train,fake_train_01162
/content/drive/MyDrive/AISC DeepFake Çalışmaları/Deneyler/Nazlıcan/Deney 1/Kaş/fake/train/fake_train_01164.jpg,fake,1,train,fake_train_01164
/content/drive/MyDrive/AISC DeepFake Çalışmaları/Deneyler/Nazlıcan/Deney 1/Kaş/fake/train/fake_train_01167.jpg,fake,1,train,fake_train_01167
/content/drive/MyDrive/AISC DeepFake Çalışmaları/Deneyler/Nazlıcan/Deney 1/Kaş/fake/train/fake_train_01168.jpg,fake,1,train,fake_train_01168
/content/drive/MyDrive/AISC DeepFake Çalışmaları/Deneyler/Nazlıcan/Deney 1/Kaş/fake/train/fake_train_01169.jpg,fake,1,train,fake_train_01169
/content/drive/MyDrive/AISC DeepFake Çalışmaları/Deneyler/Nazlıcan/Deney 1/Kaş/fake/train/fake_train_01171.jpg,fake,1,train,fake_train_01171
/content/drive/MyDrive/AISC DeepFake Çalışmaları/Deneyler/Nazlıcan/Deney 1/Kaş/fake/train/fake_train_01172.jpg,fake,1,train,fake_train_01172
/content/drive/MyDrive/AISC DeepFake Çalışmaları/Deneyler/Nazlıcan/Deney 1/Kaş/fake/train/fake_train_01173.jpg,fake,1,train,fake_train_01173
/content/drive/MyDrive/AISC DeepFake Çalışmaları/Deneyler/Nazlıcan/Deney 1/Kaş/fake/train/fake_train_01175.jpg,fake,1,train,fake_train_01175
/content/drive/MyDrive/AISC DeepFake Çalışmaları/Deneyler/Nazlıcan/Deney 1/Kaş/fake/train/fake_train_01176.jpg,fake,1,train,fake_train_01176
/content/drive/MyDrive/AISC DeepFake Çalışmaları/Deneyler/Nazlıcan/Deney 1/Kaş/fake/train/fake_train_01179.jpg,fake,1,train,fake_train_01179
/content/drive/MyDrive/AISC DeepFake Çalışmaları/Deneyler/Nazlıcan/Deney 1/Kaş/fake/train/fake_train_01181.jpg,fake,1,train,fake_train_01181
/content/drive/MyDrive/AISC DeepFake Çalışmaları/Deneyler/Nazlıcan/Deney 1/Kaş/fake/train/fake_train_01182.jpg,fake,1,train,fake_train_01182
/content/drive/MyDrive/AISC DeepFake Çalışmaları/Deneyler/Nazlıcan/Deney 1/Kaş/fake/train/fake_train_01183.jpg,fake,1,train,fake_train_01183
/content/drive/MyDrive/AISC DeepFake Çalışmaları/Deneyler/Nazlıcan/Deney 1/Kaş/fake/train/fake_train_01184.jpg,fake,1,train,fake_train_01184
/content/drive/MyDrive/AISC DeepFake Çalışmaları/Deneyler/Nazlıcan/Deney 1/Kaş/fake/train/fake_train_01185.jpg,fake,1,train,fake_train_01185
/content/drive/MyDrive/AISC DeepFake Çalışmaları/Deneyler/Nazlıcan/Deney 1/Kaş/fake/train/fake_train_01186.jpg,fake,1,train,fake_train_01186
/content/drive/MyDrive/AISC DeepFake Çalışmaları/Deneyler/Nazlıcan/Deney 1/Kaş/fake/train/fake_train_01188.jpg,fake,1,train,fake_train_01188
/content/drive/MyDrive/AISC DeepFake Çalışmaları/Deneyler/Nazlıcan/Deney 1/Kaş/fake/train/fake_train_01189.jpg,fake,1,train,fake_train_01189
/content/drive/MyDrive/AISC DeepFake Çalışmaları/Deneyler/Nazlıcan/Deney 1/Kaş/fake/train/fake_train_01191.jpg,fake,1,train,fake_train_01191
/content/drive/MyDrive/AISC DeepFake Çalışmaları/Deneyler/Nazlıcan/Deney 1/Kaş/fake/train/fake_train_01192.jpg,fake,1,train,fake_train_01192
/content/drive/MyDrive/AISC DeepFake Çalışmaları/Deneyler/Nazlıcan/Deney 1/Kaş/fake/train/fake_train_01195.jpg,fake,1,train,fake_train_01195
/content/drive/MyDrive/AISC DeepFake Çalışmaları/Deneyler/Nazlıcan/Deney 1/Kaş/fake/train/fake_train_01196.jpg,fake,1,train,fake_train_01196
/content/drive/MyDrive/AISC DeepFake Çalışmaları/Deneyler/Nazlıcan/Deney 1/Kaş/fake/train/fake_train_01198.jpg,fake,1,train,fake_train_01198
/content/drive/MyDrive/AISC DeepFake Çalışmaları/Deneyler/Nazlıcan/Deney 1/Kaş/fake/train/fake_train_01199.jpg,fake,1,train,fake_train_01199
/content/drive/MyDrive/AISC DeepFake Çalışmaları/Deneyler/Nazlıcan/Deney 1/Kaş/fake/val/fake_val_00000.jpg,fake,1,val,fake_val_00000
/content/drive/MyDrive/AISC DeepFake Çalışmaları/Deneyler/Nazlıcan/Deney 1/Kaş/fake/val/fake_val_00002.jpg,fake,1,val,fake_val_00002
/content/drive/MyDrive/AISC DeepFake Çalışmaları/Deneyler/Nazlıcan/Deney 1/Kaş/fake/val/fake_val_00005.jpg,fake,1,val,fake_val_00005
/content/drive/MyDrive/AISC DeepFake Çalışmaları/Deneyler/Nazlıcan/Deney 1/Kaş/fake/val/fake_val_00006.jpg,fake,1,val,fake_val_00006
/content/drive/MyDrive/AISC DeepFake Çalışmaları/Deneyler/Nazlıcan/Deney 1/Kaş/fake/val/fake_val_00007.jpg,fake,1,val,fake_val_00007
/content/drive/MyDrive/AISC DeepFake Çalışmaları/Deneyler/Nazlıcan/Deney 1/Kaş/fake/val/fake_val_00008.jpg,fake,1,val,fake_val_00008
/content/drive/MyDrive/AISC DeepFake Çalışmaları/Deneyler/Nazlıcan/Deney 1/Kaş/fake/val/fake_val_00010.jpg,fake,1,val,fake_val_00010
/content/drive/MyDrive/AISC DeepFake Çalışmaları/Deneyler/Nazlıcan/Deney 1/Kaş/fake/val/fake_val_00012.jpg,fake,1,val,fake_val_00012
/content/drive/MyDrive/AISC DeepFake Çalışmaları/Deneyler/Nazlıcan/Deney 1/Kaş/fake/val/fake_val_00014.jpg,fake,1,val,fake_val_00014
/content/drive/MyDrive/AISC DeepFake Çalışmaları/Deneyler/Nazlıcan/Deney 1/Kaş/fake/val/fake_val_00015.jpg,fake,1,val,fake_val_00015
/content/drive/MyDrive/AISC DeepFake Çalışmaları/Deneyler/Nazlıcan/Deney 1/Kaş/fake/val/fake_val_00018.jpg,fake,1,val,fake_val_00018
/content/drive/MyDrive/AISC DeepFake Çalışmaları/Deneyler/Nazlıcan/Deney 1/Kaş/fake/val/fake_val_00019.jpg,fake,1,val,fake_val_00019
/content/drive/MyDrive/AISC DeepFake Çalışmaları/Deneyler/Nazlıcan/Deney 1/Kaş/fake/val/fake_val_00023.jpg,fake,1,val,fake_val_00023
/content/drive/MyDrive/AISC DeepFake Çalışmaları/Deneyler/Nazlıcan/Deney 1/Kaş/fake/val/fake_val_00024.jpg,fake,1,val,fake_val_00024
/content/drive/MyDrive/AISC DeepFake Çalışmaları/Deneyler/Nazlıcan/Deney 1/Kaş/fake/val/fake_val_00026.jpg,fake,1,val,fake_val_00026
/content/drive/MyDrive/AISC DeepFake Çalışmaları/Deneyler/Nazlıcan/Deney 1/Kaş/fake/val/fake_val_00027.jpg,fake,1,val,fake_val_00027
/content/drive/MyDrive/AISC DeepFake Çalışmaları/Deneyler/Nazlıcan/Deney 1/Kaş/fake/val/fake_val_00030.jpg,fake,1,val,fake_val_00030
/content/drive/MyDrive/AISC DeepFake Çalışmaları/Deneyler/Nazlıcan/Deney 1/Kaş/fake/val/fake_val_00031.jpg,fake,1,val,fake_val_00031
/content/drive/MyDrive/AISC DeepFake Çalışmaları/Deneyler/Nazlıcan/Deney 1/Kaş/fake/val/fake_val_00032.jpg,fake,1,val,fake_val_00032
/content/drive/MyDrive/AISC DeepFake Çalışmaları/Deneyler/Nazlıcan/Deney 1/Kaş/fake/val/fake_val_00033.jpg,fake,1,val,fake_val_00033
/content/drive/MyDrive/AISC DeepFake Çalışmaları/Deneyler/Nazlıcan/Deney 1/Kaş/fake/val/fake_val_00035.jpg,fake,1,val,fake_val_00035
/content/drive/MyDrive/AISC DeepFake Çalışmaları/Deneyler/Nazlıcan/Deney 1/Kaş/fake/val/fake_val_00036.jpg,fake,1,val,fake_val_00036
/content/drive/MyDrive/AISC DeepFake Çalışmaları/Deneyler/Nazlıcan/Deney 1/Kaş/fake/val/fake_val_00037.jpg,fake,1,val,fake_val_00037
/content/drive/MyDrive/AISC DeepFake Çalışmaları/Deneyler/Nazlıcan/Deney 1/Kaş/fake/val/fake_val_00038.jpg,fake,1,val,fake_val_00038
/content/drive/MyDrive/AISC DeepFake Çalışmaları/Deneyler/Nazlıcan/Deney 1/Kaş/fake/val/fake_val_00039.jpg,fake,1,val,fake_val_00039
/content/drive/MyDrive/AISC DeepFake Çalışmaları/Deneyler/Nazlıcan/Deney 1/Kaş/fake/val/fake_val_00040.jpg,fake,1,val,fake_val_00040
/content/drive/MyDrive/AISC DeepFake Çalışmaları/Deneyler/Nazlıcan/Deney 1/Kaş/fake/val/fake_val_00042.jpg,fake,1,val,fake_val_00042
/content/drive/MyDrive/AISC DeepFake Çalışmaları/Deneyler/Nazlıcan/Deney 1/Kaş/fake/val/fake_val_00043.jpg,fake,1,val,fake_val_00043
/content/drive/MyDrive/AISC DeepFake Çalışmaları/Deneyler/Nazlıcan/Deney 1/Kaş/fake/val/fake_val_00045.jpg,fake,1,val,fake_val_00045
/content/drive/MyDrive/AISC DeepFake Çalışmaları/Deneyler/Nazlıcan/Deney 1/Kaş/fake/val/fake_val_00046.jpg,fake,1,val,fake_val_00046
/content/drive/MyDrive/AISC DeepFake Çalışmaları/Deneyler/Nazlıcan/Deney 1/Kaş/fake/val/fake_val_00047.jpg,fake,1,val,fake_val_00047
/content/drive/MyDrive/AISC DeepFake Çalışmaları/Deneyler/Nazlıcan/Deney 1/Kaş/fake/val/fake_val_00051.jpg,fake,1,val,fake_val_00051
/content/drive/MyDrive/AISC DeepFake Çalışmaları/Deneyler/Nazlıcan/Deney 1/Kaş/fake/val/fake_val_00052.jpg,fake,1,val,fake_val_00052
/content/drive/MyDrive/AISC DeepFake Çalışmaları/Deneyler/Nazlıcan/Deney 1/Kaş/fake/val/fake_val_00053.jpg,fake,1,val,fake_val_00053
/content/drive/MyDrive/AISC DeepFake Çalışmaları/Deneyler/Nazlıcan/Deney 1/Kaş/fake/val/fake_val_00055.jpg,fake,1,val,fake_val_00055
/content/drive/MyDrive/AISC DeepFake Çalışmaları/Deneyler/Nazlıcan/Deney 1/Kaş/fake/val/fake_val_00057.jpg,fake,1,val,fake_val_00057
/content/drive/MyDrive/AISC DeepFake Çalışmaları/Deneyler/Nazlıcan/Deney 1/Kaş/fake/val/fake_val_00058.jpg,fake,1,val,fake_val_00058
/content/drive/MyDrive/AISC DeepFake Çalışmaları/Deneyler/Nazlıcan/Deney 1/Kaş/fake/val/fake_val_00059.jpg,fake,1,val,fake_val_00059
/content/drive/MyDrive/AISC DeepFake Çalışmaları/Deneyler/Nazlıcan/Deney 1/Kaş/fake/val/fake_val_00061.jpg,fake,1,val,fake_val_00061
/content/drive/MyDrive/AISC DeepFake Çalışmaları/Deneyler/Nazlıcan/Deney 1/Kaş/fake/val/fake_val_00062.jpg,fake,1,val,fake_val_00062
/content/drive/MyDrive/AISC DeepFake Çalışmaları/Deneyler/Nazlıcan/Deney 1/Kaş/fake/val/fake_val_00066.jpg,fake,1,val,fake_val_00066
/content/drive/MyDrive/AISC DeepFake Çalışmaları/Deneyler/Nazlıcan/Deney 1/Kaş/fake/val/fake_val_00068.jpg,fake,1,val,fake_val_00068
/content/drive/MyDrive/AISC DeepFake Çalışmaları/Deneyler/Nazlıcan/Deney 1/Kaş/fake/val/fake_val_00070.jpg,fake,1,val,fake_val_00070
/content/drive/MyDrive/AISC DeepFake Çalışmaları/Deneyler/Nazlıcan/Deney 1/Kaş/fake/val/fake_val_00074.jpg,fake,1,val,fake_val_00074
/content/drive/MyDrive/AISC DeepFake Çalışmaları/Deneyler/Nazlıcan/Deney 1/Kaş/fake/val/fake_val_00075.jpg,fake,1,val,fake_val_00075
/content/drive/MyDrive/AISC DeepFake Çalışmaları/Deneyler/Nazlıcan/Deney 1/Kaş/fake/val/fake_val_00077.jpg,fake,1,val,fake_val_00077
/content/drive/MyDrive/AISC DeepFake Çalışmaları/Deneyler/Nazlıcan/Deney 1/Kaş/fake/val/fake_val_00079.jpg,fake,1,val,fake_val_00079
/content/drive/MyDrive/AISC DeepFake Çalışmaları/Deneyler/Nazlıcan/Deney 1/Kaş/fake/val/fake_val_00080.jpg,fake,1,val,fake_val_00080
/content/drive/MyDrive/AISC DeepFake Çalışmaları/Deneyler/Nazlıcan/Deney 1/Kaş/fake/val/fake_val_00081.jpg,fake,1,val,fake_val_00081
/content/drive/MyDrive/AISC DeepFake Çalışmaları/Deneyler/Nazlıcan/Deney 1/Kaş/fake/val/fake_val_00083.jpg,fake,1,val,fake_val_00083
/content/drive/MyDrive/AISC DeepFake Çalışmaları/Deneyler/Nazlıcan/Deney 1/Kaş/fake/val/fake_val_00084.jpg,fake,1,val,fake_val_00084
/content/drive/MyDrive/AISC DeepFake Çalışmaları/Deneyler/Nazlıcan/Deney 1/Kaş/fake/val/fake_val_00085.jpg,fake,1,val,fake_val_00085
/content/drive/MyDrive/AISC DeepFake Çalışmaları/Deneyler/Nazlıcan/Deney 1/Kaş/fake/val/fake_val_00088.jpg,fake,1,val,fake_val_00088
/content/drive/MyDrive/AISC DeepFake Çalışmaları/Deneyler/Nazlıcan/Deney 1/Kaş/fake/val/fake_val_00090.jpg,fake,1,val,fake_val_00090
/content/drive/MyDrive/AISC DeepFake Çalışmaları/Deneyler/Nazlıcan/Deney 1/Kaş/fake/val/fake_val_00091.jpg,fake,1,val,fake_val_00091
/content/drive/MyDrive/AISC DeepFake Çalışmaları/Deneyler/Nazlıcan/Deney 1/Kaş/fake/val/fake_val_00092.jpg,fake,1,val,fake_val_00092
/content/drive/MyDrive/AISC DeepFake Çalışmaları/Deneyler/Nazlıcan/Deney 1/Kaş/fake/val/fake_val_00093.jpg,fake,1,val,fake_val_00093
/content/drive/MyDrive/AISC DeepFake Çalışmaları/Deneyler/Nazlıcan/Deney 1/Kaş/fake/val/fake_val_00094.jpg,fake,1,val,fake_val_00094
/content/drive/MyDrive/AISC DeepFake Çalışmaları/Deneyler/Nazlıcan/Deney 1/Kaş/fake/val/fake_val_00095.jpg,fake,1,val,fake_val_00095
/content/drive/MyDrive/AISC DeepFake Çalışmaları/Deneyler/Nazlıcan/Deney 1/Kaş/fake/val/fake_val_00100.jpg,fake,1,val,fake_val_00100
/content/drive/MyDrive/AISC DeepFake Çalışmaları/Deneyler/Nazlıcan/Deney 1/Kaş/fake/val/fake_val_00101.jpg,fake,1,val,fake_val_00101
/content/drive/MyDrive/AISC DeepFake Çalışmaları/Deneyler/Nazlıcan/Deney 1/Kaş/fake/val/fake_val_00103.jpg,fake,1,val,fake_val_00103
/content/drive/MyDrive/AISC DeepFake Çalışmaları/Deneyler/Nazlıcan/Deney 1/Kaş/fake/val/fake_val_00104.jpg,fake,1,val,fake_val_00104
/content/drive/MyDrive/AISC DeepFake Çalışmaları/Deneyler/Nazlıcan/Deney 1/Kaş/fake/val/fake_val_00105.jpg,fake,1,val,fake_val_00105
/content/drive/MyDrive/AISC DeepFake Çalışmaları/Deneyler/Nazlıcan/Deney 1/Kaş/fake/val/fake_val_00106.jpg,fake,1,val,fake_val_00106
/content/drive/MyDrive/AISC DeepFake Çalışmaları/Deneyler/Nazlıcan/Deney 1/Kaş/fake/val/fake_val_00107.jpg,fake,1,val,fake_val_00107
/content/drive/MyDrive/AISC DeepFake Çalışmaları/Deneyler/Nazlıcan/Deney 1/Kaş/fake/val/fake_val_00108.jpg,fake,1,val,fake_val_00108
/content/drive/MyDrive/AISC DeepFake Çalışmaları/Deneyler/Nazlıcan/Deney 1/Kaş/fake/val/fake_val_00109.jpg,fake,1,val,fake_val_00109
/content/drive/MyDrive/AISC DeepFake Çalışmaları/Deneyler/Nazlıcan/Deney 1/Kaş/fake/val/fake_val_00110.jpg,fake,1,val,fake_val_00110
/content/drive/MyDrive/AISC DeepFake Çalışmaları/Deneyler/Nazlıcan/Deney 1/Kaş/fake/val/fake_val_00111.jpg,fake,1,val,fake_val_00111
/content/drive/MyDrive/AISC DeepFake Çalışmaları/Deneyler/Nazlıcan/Deney 1/Kaş/fake/val/fake_val_00112.jpg,fake,1,val,fake_val_00112
/content/drive/MyDrive/AISC DeepFake Çalışmaları/Deneyler/Nazlıcan/Deney 1/Kaş/fake/val/fake_val_00114.jpg,fake,1,val,fake_val_00114
/content/drive/MyDrive/AISC DeepFake Çalışmaları/Deneyler/Nazlıcan/Deney 1/Kaş/fake/val/fake_val_00116.jpg,fake,1,val,fake_val_00116
/content/drive/MyDrive/AISC DeepFake Çalışmaları/Deneyler/Nazlıcan/Deney 1/Kaş/fake/val/fake_val_00118.jpg,fake,1,val,fake_val_00118
/content/drive/MyDrive/AISC DeepFake Çalışmaları/Deneyler/Nazlıcan/Deney 1/Kaş/fake/val/fake_val_00119.jpg,fake,1,val,fake_val_00119
/content/drive/MyDrive/AISC DeepFake Çalışmaları/Deneyler/Nazlıcan/Deney 1/Kaş/fake/val/fake_val_00121.jpg,fake,1,val,fake_val_00121
/content/drive/MyDrive/AISC DeepFake Çalışmaları/Deneyler/Nazlıcan/Deney 1/Kaş/fake/val/fake_val_00122.jpg,fake,1,val,fake_val_00122
/content/drive/MyDrive/AISC DeepFake Çalışmaları/Deneyler/Nazlıcan/Deney 1/Kaş/fake/val/fake_val_00123.jpg,fake,1,val,fake_val_00123
/content/drive/MyDrive/AISC DeepFake Çalışmaları/Deneyler/Nazlıcan/Deney 1/Kaş/fake/val/fake_val_00124.jpg,fake,1,val,fake_val_00124
/content/drive/MyDrive/AISC DeepFake Çalışmaları/Deneyler/Nazlıcan/Deney 1/Kaş/fake/val/fake_val_00125.jpg,fake,1,val,fake_val_00125
/content/drive/MyDrive/AISC DeepFake Çalışmaları/Deneyler/Nazlıcan/Deney 1/Kaş/fake/val/fake_val_00126.jpg,fake,1,val,fake_val_00126
/content/drive/MyDrive/AISC DeepFake Çalışmaları/Deneyler/Nazlıcan/Deney 1/Kaş/fake/val/fake_val_00128.jpg,fake,1,val,fake_val_00128
/content/drive/MyDrive/AISC DeepFake Çalışmaları/Deneyler/Nazlıcan/Deney 1/Kaş/fake/val/fake_val_00129.jpg,fake,1,val,fake_val_00129
/content/drive/MyDrive/AISC DeepFake Çalışmaları/Deneyler/Nazlıcan/Deney 1/Kaş/fake/val/fake_val_00131.jpg,fake,1,val,fake_val_00131
/content/drive/MyDrive/AISC DeepFake Çalışmaları/Deneyler/Nazlıcan/Deney 1/Kaş/fake/val/fake_val_00132.jpg,fake,1,val,fake_val_00132
/content/drive/MyDrive/AISC DeepFake Çalışmaları/Deneyler/Nazlıcan/Deney 1/Kaş/fake/val/fake_val_00133.jpg,fake,1,val,fake_val_00133
/content/drive/MyDrive/AISC DeepFake Çalışmaları/Deneyler/Nazlıcan/Deney 1/Kaş/fake/val/fake_val_00134.jpg,fake,1,val,fake_val_00134
/content/drive/MyDrive/AISC DeepFake Çalışmaları/Deneyler/Nazlıcan/Deney 1/Kaş/fake/val/fake_val_00135.jpg,fake,1,val,fake_val_00135
/content/drive/MyDrive/AISC DeepFake Çalışmaları/Deneyler/Nazlıcan/Deney 1/Kaş/fake/val/fake_val_00137.jpg,fake,1,val,fake_val_00137
/content/drive/MyDrive/AISC DeepFake Çalışmaları/Deneyler/Nazlıcan/Deney 1/Kaş/fake/val/fake_val_00138.jpg,fake,1,val,fake_val_00138
/content/drive/MyDrive/AISC DeepFake Çalışmaları/Deneyler/Nazlıcan/Deney 1/Kaş/fake/val/fake_val_00139.jpg,fake,1,val,fake_val_00139
/content/drive/MyDrive/AISC DeepFake Çalışmaları/Deneyler/Nazlıcan/Deney 1/Kaş/fake/val/fake_val_00141.jpg,fake,1,val,fake_val_00141
/content/drive/MyDrive/AISC DeepFake Çalışmaları/Deneyler/Nazlıcan/Deney 1/Kaş/fake/val/fake_val_00142.jpg,fake,1,val,fake_val_00142
/content/drive/MyDrive/AISC DeepFake Çalışmaları/Deneyler/Nazlıcan/Deney 1/Kaş/fake/val/fake_val_00144.jpg,fake,1,val,fake_val_00144
/content/drive/MyDrive/AISC DeepFake Çalışmaları/Deneyler/Nazlıcan/Deney 1/Kaş/fake/val/fake_val_00145.jpg,fake,1,val,fake_val_00145
/content/drive/MyDrive/AISC DeepFake Çalışmaları/Deneyler/Nazlıcan/Deney 1/Kaş/fake/val/fake_val_00146.jpg,fake,1,val,fake_val_00146
/content/drive/MyDrive/AISC DeepFake Çalışmaları/Deneyler/Nazlıcan/Deney 1/Kaş/fake/val/fake_val_00147.jpg,fake,1,val,fake_val_00147
/content/drive/MyDrive/AISC DeepFake Çalışmaları/Deneyler/Nazlıcan/Deney 1/Kaş/fake/val/fake_val_00148.jpg,fake,1,val,fake_val_00148
/content/drive/MyDrive/AISC DeepFake Çalışmaları/Deneyler/Nazlıcan/Deney 1/Kaş/fake/test/fake_test_00000.jpg,fake,1,test,fake_test_00000
/content/drive/MyDrive/AISC DeepFake Çalışmaları/Deneyler/Nazlıcan/Deney 1/Kaş/fake/test/fake_test_00001.jpg,fake,1,test,fake_test_00001
/content/drive/MyDrive/AISC DeepFake Çalışmaları/Deneyler/Nazlıcan/Deney 1/Kaş/fake/test/fake_test_00002.jpg,fake,1,test,fake_test_00002
/content/drive/MyDrive/AISC DeepFake Çalışmaları/Deneyler/Nazlıcan/Deney 1/Kaş/fake/test/fake_test_00003.jpg,fake,1,test,fake_test_00003
/content/drive/MyDrive/AISC DeepFake Çalışmaları/Deneyler/Nazlıcan/Deney 1/Kaş/fake/test/fake_test_00005.jpg,fake,1,test,fake_test_00005
/content/drive/MyDrive/AISC DeepFake Çalışmaları/Deneyler/Nazlıcan/Deney 1/Kaş/fake/test/fake_test_00007.jpg,fake,1,test,fake_test_00007
/content/drive/MyDrive/AISC DeepFake Çalışmaları/Deneyler/Nazlıcan/Deney 1/Kaş/fake/test/fake_test_00009.jpg,fake,1,test,fake_test_00009
/content/drive/MyDrive/AISC DeepFake Çalışmaları/Deneyler/Nazlıcan/Deney 1/Kaş/fake/test/fake_test_00011.jpg,fake,1,test,fake_test_00011
/content/drive/MyDrive/AISC DeepFake Çalışmaları/Deneyler/Nazlıcan/Deney 1/Kaş/fake/test/fake_test_00013.jpg,fake,1,test,fake_test_00013
/content/drive/MyDrive/AISC DeepFake Çalışmaları/Deneyler/Nazlıcan/Deney 1/Kaş/fake/test/fake_test_00014.jpg,fake,1,test,fake_test_00014
/content/drive/MyDrive/AISC DeepFake Çalışmaları/Deneyler/Nazlıcan/Deney 1/Kaş/fake/test/fake_test_00015.jpg,fake,1,test,fake_test_00015
/content/drive/MyDrive/AISC DeepFake Çalışmaları/Deneyler/Nazlıcan/Deney 1/Kaş/fake/test/fake_test_00016.jpg,fake,1,test,fake_test_00016
/content/drive/MyDrive/AISC DeepFake Çalışmaları/Deneyler/Nazlıcan/Deney 1/Kaş/fake/test/fake_test_00017.jpg,fake,1,test,fake_test_00017
/content/drive/MyDrive/AISC DeepFake Çalışmaları/Deneyler/Nazlıcan/Deney 1/Kaş/fake/test/fake_test_00019.jpg,fake,1,test,fake_test_00019
/content/drive/MyDrive/AISC DeepFake Çalışmaları/Deneyler/Nazlıcan/Deney 1/Kaş/fake/test/fake_test_00020.jpg,fake,1,test,fake_test_00020
/content/drive/MyDrive/AISC DeepFake Çalışmaları/Deneyler/Nazlıcan/Deney 1/Kaş/fake/test/fake_test_00024.jpg,fake,1,test,fake_test_00024
/content/drive/MyDrive/AISC DeepFake Çalışmaları/Deneyler/Nazlıcan/Deney 1/Kaş/fake/test/fake_test_00025.jpg,fake,1,test,fake_test_00025
/content/drive/MyDrive/AISC DeepFake Çalışmaları/Deneyler/Nazlıcan/Deney 1/Kaş/fake/test/fake_test_00026.jpg,fake,1,test,fake_test_00026
/content/drive/MyDrive/AISC DeepFake Çalışmaları/Deneyler/Nazlıcan/Deney 1/Kaş/fake/test/fake_test_00027.jpg,fake,1,test,fake_test_00027
/content/drive/MyDrive/AISC DeepFake Çalışmaları/Deneyler/Nazlıcan/Deney 1/Kaş/fake/test/fake_test_00029.jpg,fake,1,test,fake_test_00029
/content/drive/MyDrive/AISC DeepFake Çalışmaları/Deneyler/Nazlıcan/Deney 1/Kaş/fake/test/fake_test_00030.jpg,fake,1,test,fake_test_00030
/content/drive/MyDrive/AISC DeepFake Çalışmaları/Deneyler/Nazlıcan/Deney 1/Kaş/fake/test/fake_test_00031.jpg,fake,1,test,fake_test_00031
/content/drive/MyDrive/AISC DeepFake Çalışmaları/Deneyler/Nazlıcan/Deney 1/Kaş/fake/test/fake_test_00033.jpg,fake,1,test,fake_test_00033
/content/drive/MyDrive/AISC DeepFake Çalışmaları/Deneyler/Nazlıcan/Deney 1/Kaş/fake/test/fake_test_00034.jpg,fake,1,test,fake_test_00034
/content/drive/MyDrive/AISC DeepFake Çalışmaları/Deneyler/Nazlıcan/Deney 1/Kaş/fake/test/fake_test_00038.jpg,fake,1,test,fake_test_00038
/content/drive/MyDrive/AISC DeepFake Çalışmaları/Deneyler/Nazlıcan/Deney 1/Kaş/fake/test/fake_test_00040.jpg,fake,1,test,fake_test_00040
/content/drive/MyDrive/AISC DeepFake Çalışmaları/Deneyler/Nazlıcan/Deney 1/Kaş/fake/test/fake_test_00041.jpg,fake,1,test,fake_test_00041
/content/drive/MyDrive/AISC DeepFake Çalışmaları/Deneyler/Nazlıcan/Deney 1/Kaş/fake/test/fake_test_00043.jpg,fake,1,test,fake_test_00043
/content/drive/MyDrive/AISC DeepFake Çalışmaları/Deneyler/Nazlıcan/Deney 1/Kaş/fake/test/fake_test_00044.jpg,fake,1,test,fake_test_00044
/content/drive/MyDrive/AISC DeepFake Çalışmaları/Deneyler/Nazlıcan/Deney 1/Kaş/fake/test/fake_test_00048.jpg,fake,1,test,fake_test_00048
/content/drive/MyDrive/AISC DeepFake Çalışmaları/Deneyler/Nazlıcan/Deney 1/Kaş/fake/test/fake_test_00049.jpg,fake,1,test,fake_test_00049
/content/drive/MyDrive/AISC DeepFake Çalışmaları/Deneyler/Nazlıcan/Deney 1/Kaş/fake/test/fake_test_00050.jpg,fake,1,test,fake_test_00050
/content/drive/MyDrive/AISC DeepFake Çalışmaları/Deneyler/Nazlıcan/Deney 1/Kaş/fake/test/fake_test_00051.jpg,fake,1,test,fake_test_00051
/content/drive/MyDrive/AISC DeepFake Çalışmaları/Deneyler/Nazlıcan/Deney 1/Kaş/fake/test/fake_test_00053.jpg,fake,1,test,fake_test_00053
/content/drive/MyDrive/AISC DeepFake Çalışmaları/Deneyler/Nazlıcan/Deney 1/Kaş/fake/test/fake_test_00056.jpg,fake,1,test,fake_test_00056
/content/drive/MyDrive/AISC DeepFake Çalışmaları/Deneyler/Nazlıcan/Deney 1/Kaş/fake/test/fake_test_00057.jpg,fake,1,test,fake_test_00057
/content/drive/MyDrive/AISC DeepFake Çalışmaları/Deneyler/Nazlıcan/Deney 1/Kaş/fake/test/fake_test_00058.jpg,fake,1,test,fake_test_00058
/content/drive/MyDrive/AISC DeepFake Çalışmaları/Deneyler/Nazlıcan/Deney 1/Kaş/fake/test/fake_test_00061.jpg,fake,1,test,fake_test_00061
/content/drive/MyDrive/AISC DeepFake Çalışmaları/Deneyler/Nazlıcan/Deney 1/Kaş/fake/test/fake_test_00064.jpg,fake,1,test,fake_test_00064
/content/drive/MyDrive/AISC DeepFake Çalışmaları/Deneyler/Nazlıcan/Deney 1/Kaş/fake/test/fake_test_00068.jpg,fake,1,test,fake_test_00068
/content/drive/MyDrive/AISC DeepFake Çalışmaları/Deneyler/Nazlıcan/Deney 1/Kaş/fake/test/fake_test_00073.jpg,fake,1,test,fake_test_00073
/content/drive/MyDrive/AISC DeepFake Çalışmaları/Deneyler/Nazlıcan/Deney 1/Kaş/fake/test/fake_test_00076.jpg,fake,1,test,fake_test_00076
/content/drive/MyDrive/AISC DeepFake Çalışmaları/Deneyler/Nazlıcan/Deney 1/Kaş/fake/test/fake_test_00077.jpg,fake,1,test,fake_test_00077
/content/drive/MyDrive/AISC DeepFake Çalışmaları/Deneyler/Nazlıcan/Deney 1/Kaş/fake/test/fake_test_00078.jpg,fake,1,test,fake_test_00078
/content/drive/MyDrive/AISC DeepFake Çalışmaları/Deneyler/Nazlıcan/Deney 1/Kaş/fake/test/fake_test_00079.jpg,fake,1,test,fake_test_00079
/content/drive/MyDrive/AISC DeepFake Çalışmaları/Deneyler/Nazlıcan/Deney 1/Kaş/fake/test/fake_test_00080.jpg,fake,1,test,fake_test_00080
/content/drive/MyDrive/AISC DeepFake Çalışmaları/Deneyler/Nazlıcan/Deney 1/Kaş/fake/test/fake_test_00082.jpg,fake,1,test,fake_test_00082
/content/drive/MyDrive/AISC DeepFake Çalışmaları/Deneyler/Nazlıcan/Deney 1/Kaş/fake/test/fake_test_00083.jpg,fake,1,test,fake_test_00083
/content/drive/MyDrive/AISC DeepFake Çalışmaları/Deneyler/Nazlıcan/Deney 1/Kaş/fake/test/fake_test_00084.jpg,fake,1,test,fake_test_00084
/content/drive/MyDrive/AISC DeepFake Çalışmaları/Deneyler/Nazlıcan/Deney 1/Kaş/fake/test/fake_test_00085.jpg,fake,1,test,fake_test_00085
/content/drive/MyDrive/AISC DeepFake Çalışmaları/Deneyler/Nazlıcan/Deney 1/Kaş/fake/test/fake_test_00086.jpg,fake,1,test,fake_test_00086
/content/drive/MyDrive/AISC DeepFake Çalışmaları/Deneyler/Nazlıcan/Deney 1/Kaş/fake/test/fake_test_00088.jpg,fake,1,test,fake_test_00088
/content/drive/MyDrive/AISC DeepFake Çalışmaları/Deneyler/Nazlıcan/Deney 1/Kaş/fake/test/fake_test_00089.jpg,fake,1,test,fake_test_00089
/content/drive/MyDrive/AISC DeepFake Çalışmaları/Deneyler/Nazlıcan/Deney 1/Kaş/fake/test/fake_test_00090.jpg,fake,1,test,fake_test_00090
/content/drive/MyDrive/AISC DeepFake Çalışmaları/Deneyler/Nazlıcan/Deney 1/Kaş/fake/test/fake_test_00091.jpg,fake,1,test,fake_test_00091
/content/drive/MyDrive/AISC DeepFake Çalışmaları/Deneyler/Nazlıcan/Deney 1/Kaş/fake/test/fake_test_00093.jpg,fake,1,test,fake_test_00093
/content/drive/MyDrive/AISC DeepFake Çalışmaları/Deneyler/Nazlıcan/Deney 1/Kaş/fake/test/fake_test_00094.jpg,fake,1,test,fake_test_00094
/content/drive/MyDrive/AISC DeepFake Çalışmaları/Deneyler/Nazlıcan/Deney 1/Kaş/fake/test/fake_test_00095.jpg,fake,1,test,fake_test_00095
/content/drive/MyDrive/AISC DeepFake Çalışmaları/Deneyler/Nazlıcan/Deney 1/Kaş/fake/test/fake_test_00097.jpg,fake,1,test,fake_test_00097
/content/drive/MyDrive/AISC DeepFake Çalışmaları/Deneyler/Nazlıcan/Deney 1/Kaş/fake/test/fake_test_00098.jpg,fake,1,test,fake_test_00098
/content/drive/MyDrive/AISC DeepFake Çalışmaları/Deneyler/Nazlıcan/Deney 1/Kaş/fake/test/fake_test_00099.jpg,fake,1,test,fake_test_00099
/content/drive/MyDrive/AISC DeepFake Çalışmaları/Deneyler/Nazlıcan/Deney 1/Kaş/fake/test/fake_test_00100.jpg,fake,1,test,fake_test_00100
/content/drive/MyDrive/AISC DeepFake Çalışmaları/Deneyler/Nazlıcan/Deney 1/Kaş/fake/test/fake_test_00101.jpg,fake,1,test,fake_test_00101
/content/drive/MyDrive/AISC DeepFake Çalışmaları/Deneyler/Nazlıcan/Deney 1/Kaş/fake/test/fake_test_00103.jpg,fake,1,test,fake_test_00103
/content/drive/MyDrive/AISC DeepFake Çalışmaları/Deneyler/Nazlıcan/Deney 1/Kaş/fake/test/fake_test_00104.jpg,fake,1,test,fake_test_00104
/content/drive/MyDrive/AISC DeepFake Çalışmaları/Deneyler/Nazlıcan/Deney 1/Kaş/fake/test/fake_test_00107.jpg,fake,1,test,fake_test_00107
/content/drive/MyDrive/AISC DeepFake Çalışmaları/Deneyler/Nazlıcan/Deney 1/Kaş/fake/test/fake_test_00109.jpg,fake,1,test,fake_test_00109
/content/drive/MyDrive/AISC DeepFake Çalışmaları/Deneyler/Nazlıcan/Deney 1/Kaş/fake/test/fake_test_00113.jpg,fake,1,test,fake_test_00113
/content/drive/MyDrive/AISC DeepFake Çalışmaları/Deneyler/Nazlıcan/Deney 1/Kaş/fake/test/fake_test_00114.jpg,fake,1,test,fake_test_00114
/content/drive/MyDrive/AISC DeepFake Çalışmaları/Deneyler/Nazlıcan/Deney 1/Kaş/fake/test/fake_test_00115.jpg,fake,1,test,fake_test_00115
/content/drive/MyDrive/AISC DeepFake Çalışmaları/Deneyler/Nazlıcan/Deney 1/Kaş/fake/test/fake_test_00116.jpg,fake,1,test,fake_test_00116
/content/drive/MyDrive/AISC DeepFake Çalışmaları/Deneyler/Nazlıcan/Deney 1/Kaş/fake/test/fake_test_00117.jpg,fake,1,test,fake_test_00117
/content/drive/MyDrive/AISC DeepFake Çalışmaları/Deneyler/Nazlıcan/Deney 1/Kaş/fake/test/fake_test_00118.jpg,fake,1,test,fake_test_00118
/content/drive/MyDrive/AISC DeepFake Çalışmaları/Deneyler/Nazlıcan/Deney 1/Kaş/fake/test/fake_test_00119.jpg,fake,1,test,fake_test_00119
/content/drive/MyDrive/AISC DeepFake Çalışmaları/Deneyler/Nazlıcan/Deney 1/Kaş/fake/test/fake_test_00120.jpg,fake,1,test,fake_test_00120
/content/drive/MyDrive/AISC DeepFake Çalışmaları/Deneyler/Nazlıcan/Deney 1/Kaş/fake/test/fake_test_00124.jpg,fake,1,test,fake_test_00124
/content/drive/MyDrive/AISC DeepFake Çalışmaları/Deneyler/Nazlıcan/Deney 1/Kaş/fake/test/fake_test_00125.jpg,fake,1,test,fake_test_00125
/content/drive/MyDrive/AISC DeepFake Çalışmaları/Deneyler/Nazlıcan/Deney 1/Kaş/fake/test/fake_test_00126.jpg,fake,1,test,fake_test_00126
/content/drive/MyDrive/AISC DeepFake Çalışmaları/Deneyler/Nazlıcan/Deney 1/Kaş/fake/test/fake_test_00129.jpg,fake,1,test,fake_test_00129
/content/drive/MyDrive/AISC DeepFake Çalışmaları/Deneyler/Nazlıcan/Deney 1/Kaş/fake/test/fake_test_00130.jpg,fake,1,test,fake_test_00130
/content/drive/MyDrive/AISC DeepFake Çalışmaları/Deneyler/Nazlıcan/Deney 1/Kaş/fake/test/fake_test_00131.jpg,fake,1,test,fake_test_00131
/content/drive/MyDrive/AISC DeepFake Çalışmaları/Deneyler/Nazlıcan/Deney 1/Kaş/fake/test/fake_test_00132.jpg,fake,1,test,fake_test_00132
/content/drive/MyDrive/AISC DeepFake Çalışmaları/Deneyler/Nazlıcan/Deney 1/Kaş/fake/test/fake_test_00133.jpg,fake,1,test,fake_test_00133
/content/drive/MyDrive/AISC DeepFake Çalışmaları/Deneyler/Nazlıcan/Deney 1/Kaş/fake/test/fake_test_00136.jpg,fake,1,test,fake_test_00136
/content/drive/MyDrive/AISC DeepFake Çalışmaları/Deneyler/Nazlıcan/Deney 1/Kaş/fake/test/fake_test_00137.jpg,fake,1,test,fake_test_00137
/content/drive/MyDrive/AISC DeepFake Çalışmaları/Deneyler/Nazlıcan/Deney 1/Kaş/fake/test/fake_test_00138.jpg,fake,1,test,fake_test_00138
/content/drive/MyDrive/AISC DeepFake Çalışmaları/Deneyler/Nazlıcan/Deney 1/Kaş/fake/test/fake_test_00139.jpg,fake,1,test,fake_test_00139
/content/drive/MyDrive/AISC DeepFake Çalışmaları/Deneyler/Nazlıcan/Deney 1/Kaş/fake/test/fake_test_00140.jpg,fake,1,test,fake_test_00140
/content/drive/MyDrive/AISC DeepFake Çalışmaları/Deneyler/Nazlıcan/Deney 1/Kaş/fake/test/fake_test_00141.jpg,fake,1,test,fake_test_00141
/content/drive/MyDrive/AISC DeepFake Çalışmaları/Deneyler/Nazlıcan/Deney 1/Kaş/fake/test/fake_test_00142.jpg,fake,1,test,fake_test_00142
/content/drive/MyDrive/AISC DeepFake Çalışmaları/Deneyler/Nazlıcan/Deney 1/Kaş/fake/test/fake_test_00143.jpg,fake,1,test,fake_test_00143
/content/drive/MyDrive/AISC DeepFake Çalışmaları/Deneyler/Nazlıcan/Deney 1/Kaş/fake/test/fake_test_00144.jpg,fake,1,test,fake_test_00144
/content/drive/MyDrive/AISC DeepFake Çalışmaları/Deneyler/Nazlıcan/Deney 1/Kaş/fake/test/fake_test_00146.jpg,fake,1,test,fake_test_00146
/content/drive/MyDrive/AISC DeepFake Çalışmaları/Deneyler/Nazlıcan/Deney 1/Kaş/fake/test/fake_test_00148.jpg,fake,1,test,fake_test_00148
/content/drive/MyDrive/AISC DeepFake Çalışmaları/Deneyler/Nazlıcan/Deney 1/Kaş/fake/test/fake_test_00149.jpg,fake,1,test,fake_test_00149
