file_name,label,source_video,source_group,split_group,original_split,split,sha256,orijinal_yol
real_train_00000.jpg,real,477,real_video::477,component::c4c50cf91876abd0,train,train,2774f079f069c44c6f8f7c5359d85dc4494d32556fa092728fa7ad5e0563fac2,/content/drive/MyDrive/AISC DeepFake Çalışmaları/FaceForensics_Projesi/real_frames/train/477/frame_000005.jpg
real_train_00001.jpg,real,471,real_video::471,component::bcd2de865e5ce98a,train,train,86c6c72be0aadb5ffa0cd7bda1a13e06e9c199a80696a85c55e55de52c3cd424,/content/drive/MyDrive/AISC DeepFake Çalışmaları/FaceForensics_Projesi/real_frames/train/471/frame_000000.jpg
real_train_00002.jpg,real,751,real_video::751,component::5706a6071d27d581,train,train,607cebb44274fda739b611f2d3560c292d10f232dcb4962754c0baf16f7090bd,/content/drive/MyDrive/AISC DeepFake Çalışmaları/FaceForensics_Projesi/real_frames/train/751/frame_000014.jpg
real_train_00004.jpg,real,413,real_video::413,component::96358fc7f4f6aa2b,train,train,1ca809254c4a112ee7d1c6b264f252f66b39349053ec2c178920a705fdd55498,/content/drive/MyDrive/AISC DeepFake Çalışmaları/FaceForensics_Projesi/real_frames/train/413/frame_000004.jpg
real_train_00005.jpg,real,620,real_video::620,component::5cc15356c3542946,train,val,8a36c2c6a301e9ffcb68c1894229bbb8273b4dfcddf59c13f128cb5173cc602d,/content/drive/MyDrive/AISC DeepFake Çalışmaları/FaceForensics_Projesi/real_frames/train/620/frame_000013.jpg
real_train_00006.jpg,real,691,real_video::691,component::1c950c411c60fa90,train,train,c6df82430158c3e6e061815cf4c8ceadc0d7fb55bc523e4b999402c38c2f3fda,/content/drive/MyDrive/AISC DeepFake Çalışmaları/FaceForensics_Projesi/real_frames/train/691/frame_000023.jpg
real_train_00008.jpg,real,607,real_video::607,component::92dd812c01ca6e74,train,train,eede9a4b355875497d56d3d898afc8cc92d9cabd57c03f569410b0532523f19f,/content/drive/MyDrive/AISC DeepFake Çalışmaları/FaceForensics_Projesi/real_frames/train/607/frame_000014.jpg
real_train_00010.jpg,real,886,real_video::886,component::249d5a4ca3b7a381,train,train,7169accf835b152876803f96d0fff2853684a38ba89a9e279e7479988e3100ef,/content/drive/MyDrive/AISC DeepFake Çalışmaları/FaceForensics_Projesi/real_frames/train/886/frame_000019.jpg
real_train_00012.jpg,real,178,real_video::178,component::939b51cd34fed505,train,train,7e89ba193f1b32cc7ef583e881fcafa2d88a4b5bf97cab501cbf37eae3075c74,/content/drive/MyDrive/AISC DeepFake Çalışmaları/FaceForensics_Projesi/real_frames/train/178/frame_000019.jpg
real_train_00013.jpg,real,893,real_video::893,component::7faeb31bfe594f3f,train,train,45513a3b35133c631ae5dcab6a988ded3b429db79bf9f0dc373ee07e3e1e94bb,/content/drive/MyDrive/AISC DeepFake Çalışmaları/FaceForensics_Projesi/real_frames/train/893/frame_000018.jpg
real_train_00016.jpg,real,075,real_video::075,component::9df4396595baf3ac,train,train,9249a2a53b8940911dbce611f4a75eaf27b815ee7e3d6d45aead12573ca18844,/content/drive/MyDrive/AISC DeepFake Çalışmaları/FaceForensics_Projesi/real_frames/train/075/frame_000028.jpg
real_train_00017.jpg,real,533,real_video::533,component::ec424f2590c2ca01,train,train,01be46bf3cdc64cc6e40f8ef3854c8191be22b4b2be571da8dd1b190aa6e5c51,/content/drive/MyDrive/AISC DeepFake Çalışmaları/FaceForensics_Projesi/real_frames/train/533/frame_000019.jpg
real_train_00019.jpg,real,871,real_video::871,component::e492fede2573fd41,train,train,aa40e45a5e040ec587fcc02b984029b2247157b305203a555e5cc1a1bac16805,/content/drive/MyDrive/AISC DeepFake Çalışmaları/FaceForensics_Projesi/real_frames/train/871/frame_000004.jpg
real_train_00021.jpg,real,760,real_video::760,component::b8b533b3131e7d4f,train,val,967a2d7e70ceca82938f55ed8eb584039365173a10e949fda1b8df2e28fe677b,/content/drive/MyDrive/AISC DeepFake Çalışmaları/FaceForensics_Projesi/real_frames/train/760/frame_000005.jpg
real_train_00023.jpg,real,201,real_video::201,component::6b7f776bae21e472,train,train,e8ca65884e72b3fdf1ca575ccc602802260f1ad0aa2ee3fec6553da42bc602b2,/content/drive/MyDrive/AISC DeepFake Çalışmaları/FaceForensics_Projesi/real_frames/train/201/frame_000044.jpg
real_train_00025.jpg,real,392,real_video::392,component::20ea230a4cc01bd0,train,test,9c2c8eaa9315025898549c05bb1cb5aba8f13ac8ad9ccbba45d8c25d3a1b18f9,/content/drive/MyDrive/AISC DeepFake Çalışmaları/FaceForensics_Projesi/real_frames/train/392/frame_000051.jpg
real_train_00027.jpg,real,325,real_video::325,component::ea122749a800d131,train,train,4e622be247dea01b7dce1acc0de5dcd55e02490873b80b08a3d24a72b69386b7,/content/drive/MyDrive/AISC DeepFake Çalışmaları/FaceForensics_Projesi/real_frames/train/325/frame_000038.jpg
real_train_00028.jpg,real,463,real_video::463,component::941188d84ff9e998,train,train,40b8f9c7d41c6b86f3ab14aff8b84adcbfc7d96556bd72ac7f3524dcae6c007d,/content/drive/MyDrive/AISC DeepFake Çalışmaları/FaceForensics_Projesi/real_frames/train/463/frame_000017.jpg
real_train_00029.jpg,real,318,real_video::318,component::61a88ac8743ddb5c,train,train,bcc533b33b88573a3053654835f7cf65d1778f56bf9838771388b4bcec8696cb,/content/drive/MyDrive/AISC DeepFake Çalışmaları/FaceForensics_Projesi/real_frames/train/318/frame_000027.jpg
real_train_00031.jpg,real,012,real_video::012,component::03bcd0f457492622,train,val,a197691e8983e0063c828585beb4b8d7515029cb6146af5ced3c54efe2d11882,/content/drive/MyDrive/AISC DeepFake Çalışmaları/FaceForensics_Projesi/real_frames/train/012/frame_000013.jpg
real_train_00035.jpg,real,609,real_video::609,component::201feaee373bc382,train,test,0f42d7c463c23bbd0622ff6eabf3e1bbdc2dda3095d7eba8ece05fda9d70404e,/content/drive/MyDrive/AISC DeepFake Çalışmaları/FaceForensics_Projesi/real_frames/train/609/frame_000011.jpg
real_train_00036.jpg,real,430,real_video::430,component::9bfdc8205d9adb05,train,train,80b763194646a394dc6c8628087f9d87452d35dbddb8e16015f62720f4338bdc,/content/drive/MyDrive/AISC DeepFake Çalışmaları/FaceForensics_Projesi/real_frames/train/430/frame_000010.jpg
real_train_00037.jpg,real,795,real_video::795,component::046814369d077d52,train,train,c1d9f7204c04405e7f4a3bdcca35a8a4c40ef326e5af6e7c5064b4f9c63c88a6,/content/drive/MyDrive/AISC DeepFake Çalışmaları/FaceForensics_Projesi/real_frames/train/795/frame_000026.jpg
real_train_00040.jpg,real,579,real_video::579,component::34c034c3b4240766,train,train,e99796f6cfb8faf28b2d21cf6e3afb2d06f71fbbc56a0dcede338877d39d158e,/content/drive/MyDrive/AISC DeepFake Çalışmaları/FaceForensics_Projesi/real_frames/train/579/frame_000009.jpg
real_train_00042.jpg,real,125,real_video::125,component::22d3c7c6b25eed98,train,test,4eef30b39b7521f7ea4c6bac027bbfdd2556f83b03fafec837fe18892623e165,/content/drive/MyDrive/AISC DeepFake Çalışmaları/FaceForensics_Projesi/real_frames/train/125/frame_000020.jpg
real_train_00043.jpg,real,391,real_video::391,component::45ee6f744eb8119e,train,train,8a2df7ca299e823abb98b375493937e31c4d91241e11d30d15e3dc4d154e1ab6,/content/drive/MyDrive/AISC DeepFake Çalışmaları/FaceForensics_Projesi/real_frames/train/391/frame_000002.jpg
real_train_00044.jpg,real,236,real_video::236,component::c9dbb35ee83986a9,train,train,9fff9a7b240308a8d5384d5bdbdd9a753e85556cb96615449bcce4a16c58085f,/content/drive/MyDrive/AISC DeepFake Çalışmaları/FaceForensics_Projesi/real_frames/train/236/frame_000004.jpg
real_train_00045.jpg,real,091,real_video::091,component::3cd6355ae613ff63,train,train,d8e9c7b7e8929300f9016b38da3fb71a99b40d935e3754d23c108a7f17aa7258,/content/drive/MyDrive/AISC DeepFake Çalışmaları/FaceForensics_Projesi/real_frames/train/091/frame_000006.jpg
real_train_00046.jpg,real,493,real_video::493,component::99dc96c96eef0291,train,train,e28ca748ff6f11c57f1cfb48e71da3be43ccac2c3c798d23cfa85aa518223f67,/content/drive/MyDrive/AISC DeepFake Çalışmaları/FaceForensics_Projesi/real_frames/train/493/frame_000004.jpg
real_train_00047.jpg,real,593,real_video::593,component::f0a90e1d6e51e86f,train,train,717258607f8a1a53037c8f00c6193dcb28e2406d56e0e6fb1cc87af41f370119,/content/drive/MyDrive/AISC DeepFake Çalışmaları/FaceForensics_Projesi/real_frames/train/593/frame_000025.jpg
real_train_00048.jpg,real,752,real_video::752,component::f0f984bb45db5d6f,train,train,9e6b3a0e13211f8090b26be0eb8bfb53a6c378e1173e63a2e1c702dd399ac521,/content/drive/MyDrive/AISC DeepFake Çalışmaları/FaceForensics_Projesi/real_frames/train/752/frame_000043.jpg
real_train_00050.jpg,real,486,real_video::486,component::909995786d131da1,train,train,68bce04962567d97474118efdbd52a35101372aaf5517abad829b2cf047b981e,/content/drive/MyDrive/AISC DeepFake Çalışmaları/FaceForensics_Projesi/real_frames/train/486/frame_000029.jpg
real_train_00051.jpg,real,403,real_video::403,component::b8f02b2ab6c36afc,train,train,0087e1ec9a4915014d1a4ce2370f079867f8c6892d9e34d22ea715b399e72bef,/content/drive/MyDrive/AISC DeepFake Çalışmaları/FaceForensics_Projesi/real_frames/train/403/frame_000010.jpg
real_train_00056.jpg,real,596,real_video::596,component::143230b8d0465ca9,train,train,5253e1bf4f55dd56498a2b24182dec14ebaaeb42ab4ffafb040f7b78e0147f0c,/content/drive/MyDrive/AISC DeepFake Çalışmaları/FaceForensics_Projesi/real_frames/train/596/frame_000015.jpg
real_train_00059.jpg,real,054,real_video::054,component::6233be08f4f181be,train,val,5e3ba99ce37af13c33be32a2649f752659900143166e62d8e56d9ce836f6cc05,/content/drive/MyDrive/AISC DeepFake Çalışmaları/FaceForensics_Projesi/real_frames/train/054/frame_000009.jpg
real_train_00060.jpg,real,989,real_video::989,component::b21231d4101b8414,train,test,3610dab7585bd8271ac39b3838126228be44add82cd4057b25734df037f26a8c,/content/drive/MyDrive/AISC DeepFake Çalışmaları/FaceForensics_Projesi/real_frames/train/989/frame_000000.jpg
real_train_00061.jpg,real,609,real_video::609,component::201feaee373bc382,train,test,a7879ce266f6763ed87a887b9a94da11c3d71ad4cba60c2ce3298f5ae6acd761,/content/drive/MyDrive/AISC DeepFake Çalışmaları/FaceForensics_Projesi/real_frames/train/609/frame_000009.jpg
real_train_00062.jpg,real,283,real_video::283,component::090af0697cff5f7e,train,train,87dde2b89bbb27c9c7c1320f7374caa62007e6a0f972025838966f30034ded8e,/content/drive/MyDrive/AISC DeepFake Çalışmaları/FaceForensics_Projesi/real_frames/train/283/frame_000023.jpg
real_train_00063.jpg,real,519,real_video::519,component::3b9ff39b8423a9d2,train,train,c02f3682f05d70c2ebc62a00f26d7b722c4765d1e5ffbddfad1adde2884f0ccb,/content/drive/MyDrive/AISC DeepFake Çalışmaları/FaceForensics_Projesi/real_frames/train/519/frame_000008.jpg
real_train_00065.jpg,real,987,real_video::987,component::d1506b92ffed0bd4,train,train,3356214fd0b75aefccaa461fd42a6503cde60dcaa3a15533b259762ac772a76a,/content/drive/MyDrive/AISC DeepFake Çalışmaları/FaceForensics_Projesi/real_frames/train/987/frame_000017.jpg
real_train_00066.jpg,real,780,real_video::780,component::02e4a417a1c6f9da,train,test,63b039175cb78051e461e6d231c24e64ee2440eab8faf2a835e25699b9e906cf,/content/drive/MyDrive/AISC DeepFake Çalışmaları/FaceForensics_Projesi/real_frames/train/780/frame_000020.jpg
real_train_00069.jpg,real,859,real_video::859,component::ca37c26620465636,train,train,27f7e7e03445a9b0146c5c8bb9fd84a8e344ed2400856610414a839849e4fea6,/content/drive/MyDrive/AISC DeepFake Çalışmaları/FaceForensics_Projesi/real_frames/train/859/frame_000008.jpg
real_train_00071.jpg,real,107,real_video::107,component::b93329b63afbe0c4,train,train,44c3f7587c63089b98ac11bc012b6ca92d816e01837d3d4e6be1be0db01a34f6,/content/drive/MyDrive/AISC DeepFake Çalışmaları/FaceForensics_Projesi/real_frames/train/107/frame_000001.jpg
real_train_00072.jpg,real,012,real_video::012,component::03bcd0f457492622,train,val,6babade7bc2d317f961a4696d882bcd1527f22fb561c9363f2f7f8e0f730846a,/content/drive/MyDrive/AISC DeepFake Çalışmaları/FaceForensics_Projesi/real_frames/train/012/frame_000002.jpg
real_train_00076.jpg,real,590,real_video::590,component::51784677858f6f3e,train,train,6e8298dcaf0594f5fbc1cf7fde81898835546b2d8dce014656bd93963709e36c,/content/drive/MyDrive/AISC DeepFake Çalışmaları/FaceForensics_Projesi/real_frames/train/590/frame_000009.jpg
real_train_00077.jpg,real,231,real_video::231,component::d7fd15e64e499780,train,train,9f6453cf566179ec019d74b464fb91fe5ce111ac8f27b9c61a18f559fcaae52e,/content/drive/MyDrive/AISC DeepFake Çalışmaları/FaceForensics_Projesi/real_frames/train/231/frame_000023.jpg
real_train_00078.jpg,real,578,real_video::578,component::2192771a302dc9ce,train,val,5878e7a056e2e2cf940624697f84a9ef490f95f713465a2fc6b190c45f30924d,/content/drive/MyDrive/AISC DeepFake Çalışmaları/FaceForensics_Projesi/real_frames/train/578/frame_000017.jpg
real_train_00082.jpg,real,573,real_video::573,component::f451fa01c33224da,train,train,b0f30e279bee69362f8eab9126e9def1317f317be78cf9c04331baaeb852738b,/content/drive/MyDrive/AISC DeepFake Çalışmaları/FaceForensics_Projesi/real_frames/train/573/frame_000013.jpg
real_train_00083.jpg,real,769,real_video::769,component::d8805c95e4543a34,train,train,37d8d36afe124c583a7d424ea463c6cb4d52ef0b7a518013ecf3d31a3ba1d5e6,/content/drive/MyDrive/AISC DeepFake Çalışmaları/FaceForensics_Projesi/real_frames/train/769/frame_000016.jpg
real_train_00085.jpg,real,959,real_video::959,component::cdcebb1deeae2e6c,train,train,e815bc1c64da682732c83fab7ac36a9be9d8ad3b2a21f66af82e211fb74b0dec,/content/drive/MyDrive/AISC DeepFake Çalışmaları/FaceForensics_Projesi/real_frames/train/959/frame_000005.jpg
real_train_00086.jpg,real,477,real_video::477,component::c4c50cf91876abd0,train,train,c4e078c2a2455db2c9ab5e4f2b3988a29079584fb689fe0f48ece7179eb2c688,/content/drive/MyDrive/AISC DeepFake Çalışmaları/FaceForensics_Projesi/real_frames/train/477/frame_000012.jpg
real_train_00088.jpg,real,625,real_video::625,component::1e053444d58d9795,train,test,abc83110b67f4302261914b73b71a4d5a6e6cf5ec45fed0c3e2c3b8bcbe79f1c,/content/drive/MyDrive/AISC DeepFake Çalışmaları/FaceForensics_Projesi/real_frames/train/625/frame_000012.jpg
real_train_00089.jpg,real,393,real_video::393,component::9536af0f90d73a20,train,train,f7eaf367ccb9b78e963cf8e403cd07e5edf1db3498514154612a1d6e1bf12f29,/content/drive/MyDrive/AISC DeepFake Çalışmaları/FaceForensics_Projesi/real_frames/train/393/frame_000000.jpg
real_train_00090.jpg,real,749,real_video::749,component::d2504a2b10cdcff2,train,train,62504edc8e59f577602869b1f5b94c848deccb47dcd2575d44faedd2f7293670,/content/drive/MyDrive/AISC DeepFake Çalışmaları/FaceForensics_Projesi/real_frames/train/749/frame_000009.jpg
real_train_00092.jpg,real,626,real_video::626,component::e9baf0add0fe8107,train,train,838235f30a43ba4b68a78fae81a90aa8b87d013a3482b4e399ba40bc76f837af,/content/drive/MyDrive/AISC DeepFake Çalışmaları/FaceForensics_Projesi/real_frames/train/626/frame_000025.jpg
real_train_00093.jpg,real,279,real_video::279,component::229c54c7225329e5,train,train,4ffada32ea6d9b35368cbab3279656b401b47673c933979c356d606e08a11daa,/content/drive/MyDrive/AISC DeepFake Çalışmaları/FaceForensics_Projesi/real_frames/train/279/frame_000004.jpg
real_train_00096.jpg,real,244,real_video::244,component::65c346b02c1b4588,train,train,163e09d8dd1078d7c2ae82e9a849f64891f7736be5be12101ca872d79ab3b218,/content/drive/MyDrive/AISC DeepFake Çalışmaları/FaceForensics_Projesi/real_frames/train/244/frame_000015.jpg
real_train_00099.jpg,real,783,real_video::783,component::4fc971cced193b9a,train,train,33fc259b7e5141b173b8ce15dfeb1ec8600ac506ad8d725bd63afc36b40fc6bc,/content/drive/MyDrive/AISC DeepFake Çalışmaları/FaceForensics_Projesi/real_frames/train/783/frame_000006.jpg
real_train_00100.jpg,real,512,real_video::512,component::e67a3b0dd5edeb62,train,test,25bd41c4118a71a84f445b5083b45c264b12dbc9f69fd1d588412f1d96c7a33e,/content/drive/MyDrive/AISC DeepFake Çalışmaları/FaceForensics_Projesi/real_frames/train/512/frame_000014.jpg
real_train_00104.jpg,real,554,real_video::554,component::0a5469dc6629eb93,train,train,52f99ed4942fc62d175349aecbc86d5f4ee9b138e60c0eda27ec01339817ec5a,/content/drive/MyDrive/AISC DeepFake Çalışmaları/FaceForensics_Projesi/real_frames/train/554/frame_000006.jpg
real_train_00105.jpg,real,316,real_video::316,component::3e1f706e4eaa5aa0,train,train,da8289c5ac485dbc026a45aa1804b1896ebfff0ed0dfd87b6c05440c30cb5725,/content/drive/MyDrive/AISC DeepFake Çalışmaları/FaceForensics_Projesi/real_frames/train/316/frame_000009.jpg
real_train_00107.jpg,real,107,real_video::107,component::b93329b63afbe0c4,train,train,12a66a822ba9ff9404fd5baf7816b24fcb52dd7882a65184b2a1c80356a34286,/content/drive/MyDrive/AISC DeepFake Çalışmaları/FaceForensics_Projesi/real_frames/train/107/frame_000017.jpg
real_train_00108.jpg,real,091,real_video::091,component::3cd6355ae613ff63,train,train,fa373746dfe799f7522e4c680a7012124bfd44c9904fd63f6d50dfddaca2e6df,/content/drive/MyDrive/AISC DeepFake Çalışmaları/FaceForensics_Projesi/real_frames/train/091/frame_000025.jpg
real_train_00110.jpg,real,299,real_video::299,component::c5cd4f1486c4a011,train,val,b6e8d0bea124b35d6830f45523f9504114e2d011ba1bf789ea7ea7c3b6d8673e,/content/drive/MyDrive/AISC DeepFake Çalışmaları/FaceForensics_Projesi/real_frames/train/299/frame_000005.jpg
real_train_00112.jpg,real,627,real_video::627,component::69a9d9098b5b24a9,train,val,219b2907b8bf07b36e5f182525748609da46c45c0af3f6ba3268ed53686d9fa7,/content/drive/MyDrive/AISC DeepFake Çalışmaları/FaceForensics_Projesi/real_frames/train/627/frame_000014.jpg
real_train_00113.jpg,real,659,real_video::659,component::81998fe297a83b70,train,train,7d8e4138d13c9c9c6daa514b2f37abec0b089f8503522b551a09bbf0a4dd45c5,/content/drive/MyDrive/AISC DeepFake Çalışmaları/FaceForensics_Projesi/real_frames/train/659/frame_000011.jpg
real_train_00114.jpg,real,950,real_video::950,component::3e1d9950b21878f0,train,val,426f7df73eecf4ad51707d86e5cddbdf088b8e45589cd70dfa7d58d4a190c287,/content/drive/MyDrive/AISC DeepFake Çalışmaları/FaceForensics_Projesi/real_frames/train/950/frame_000022.jpg
real_train_00115.jpg,real,345,real_video::345,component::212e959e55f03821,train,val,4779d9bb7c913bc4536a895b5857854850a39fc11554e93a81509e88308fdb7b,/content/drive/MyDrive/AISC DeepFake Çalışmaları/FaceForensics_Projesi/real_frames/train/345/frame_000008.jpg
real_train_00116.jpg,real,715,real_video::715,component::a382285d7fd36efe,train,train,87ced1af03a0910f7e1fa3a04b75519db7c80ef4eecf719aeeee8ad753d1cb00,/content/drive/MyDrive/AISC DeepFake Çalışmaları/FaceForensics_Projesi/real_frames/train/715/frame_000036.jpg
real_train_00117.jpg,real,375,real_video::375,component::3d5c3804d252c68c,train,train,e2e2728de7f0b50b4df2f520cf1a9b48700948e13f15e0a83939c067fd8e7a8f,/content/drive/MyDrive/AISC DeepFake Çalışmaları/FaceForensics_Projesi/real_frames/train/375/frame_000012.jpg
real_train_00119.jpg,real,707,real_video::707,component::5b25e6bd6d4c5fd7,train,train,ffbb54cbedfe1f6cf94b4157ce6c50d0942526715f441e2bfc645d0edb995f5c,/content/drive/MyDrive/AISC DeepFake Çalışmaları/FaceForensics_Projesi/real_frames/train/707/frame_000021.jpg
real_train_00120.jpg,real,317,real_video::317,component::94aa0dd7ac9cdaa7,train,train,3217d1aed1ea524b648e61edde2bcd0cbb491c3d0626f1220d2a71f4a0c1e3d3,/content/drive/MyDrive/AISC DeepFake Çalışmaları/FaceForensics_Projesi/real_frames/train/317/frame_000006.jpg
real_train_00122.jpg,real,803,real_video::803,component::a18606f7a73990d2,train,train,6f1335b7f5982221dc5418951bc84da181492f6dddbe98d53b7faed5447bd737,/content/drive/MyDrive/AISC DeepFake Çalışmaları/FaceForensics_Projesi/real_frames/train/803/frame_000007.jpg
real_train_00123.jpg,real,847,real_video::847,component::69c07b6ba38cbe0f,train,train,6d83fbfd8ab3d0cf3cab281e05a991e9e1f486859a58e431dbc9a428301df14b,/content/drive/MyDrive/AISC DeepFake Çalışmaları/FaceForensics_Projesi/real_frames/train/847/frame_000014.jpg
real_train_00124.jpg,real,329,real_video::329,component::005613f4ff4729a1,train,train,9d4e6c5504a131a49fb66da91d01e3de19cd4283f04e2eb2ac11f9dd4f4b90a9,/content/drive/MyDrive/AISC DeepFake Çalışmaları/FaceForensics_Projesi/real_frames/train/329/frame_000000.jpg
real_train_00125.jpg,real,621,real_video::621,component::f2159413ad4ae84e,train,train,06e0949d1cba45b647d44ee9b62868bd2eb6ad0c6dbdd93727310d45b9a38113,/content/drive/MyDrive/AISC DeepFake Çalışmaları/FaceForensics_Projesi/real_frames/train/621/frame_000008.jpg
real_train_00126.jpg,real,575,real_video::575,component::7da9b5fc6c316f04,train,train,55558b735897143aad3cbbfb5975974d6783503a2b9cd5fd904f142d97801640,/content/drive/MyDrive/AISC DeepFake Çalışmaları/FaceForensics_Projesi/real_frames/train/575/frame_000031.jpg
real_train_00127.jpg,real,201,real_video::201,component::6b7f776bae21e472,train,train,6cd2dd2bb79f387386d3fbfbef11b25e59dfe0d09864c27a43ee71375c23161c,/content/drive/MyDrive/AISC DeepFake Çalışmaları/FaceForensics_Projesi/real_frames/train/201/frame_000041.jpg
real_train_00128.jpg,real,606,real_video::606,component::dd1676eb44aeb3e4,train,train,aa9d0649efd5586950fb6688c46c8b429671b30b593600f4b8ddea4bcd8e7ab9,/content/drive/MyDrive/AISC DeepFake Çalışmaları/FaceForensics_Projesi/real_frames/train/606/frame_000020.jpg
real_train_00132.jpg,real,937,real_video::937,component::ef96832e9ec34791,train,test,d96ace594eb384445e7189930a9966422a4c47562d9f797a26b0abbc16f8bbe8,/content/drive/MyDrive/AISC DeepFake Çalışmaları/FaceForensics_Projesi/real_frames/train/937/frame_000023.jpg
real_train_00133.jpg,real,771,real_video::771,component::117e5c9768ea0fcf,train,train,ae64ddc65a7bb1524a071a8b853c1ccf88d6b04d164f8cc34d5863ee8f3f8878,/content/drive/MyDrive/AISC DeepFake Çalışmaları/FaceForensics_Projesi/real_frames/train/771/frame_000036.jpg
real_train_00136.jpg,real,417,real_video::417,component::642ec270a3abdf36,train,train,b077dbee39bf71d4fa50f253885a0e7a389c04e80c58698264a9792226d0519f,/content/drive/MyDrive/AISC DeepFake Çalışmaları/FaceForensics_Projesi/real_frames/train/417/frame_000003.jpg
real_train_00138.jpg,real,447,real_video::447,component::794a6bddff4c61c7,train,train,c7836a7ca92c031e013caf733429d5906cb33808d9410cd71c489c56840132c3,/content/drive/MyDrive/AISC DeepFake Çalışmaları/FaceForensics_Projesi/real_frames/train/447/frame_000014.jpg
real_train_00139.jpg,real,856,real_video::856,component::527342b649e6f2e3,train,test,af54afb3344bac4a0bab3ce97498032932d920f529a0a25b6bf972d20b4d0254,/content/drive/MyDrive/AISC DeepFake Çalışmaları/FaceForensics_Projesi/real_frames/train/856/frame_000047.jpg
real_train_00141.jpg,real,398,real_video::398,component::10bbbc5576cfcd42,train,train,a0e51375dfb3c692ec7c95f4ba3d81f629f2b046120f6ce6a13dfd6056914d26,/content/drive/MyDrive/AISC DeepFake Çalışmaları/FaceForensics_Projesi/real_frames/train/398/frame_000028.jpg
real_train_00142.jpg,real,226,real_video::226,component::cb732187272d6935,train,train,2993167ae273c19566f54199e0e64b39cfb64dfd2532c58c31b68baf46a2ad32,/content/drive/MyDrive/AISC DeepFake Çalışmaları/FaceForensics_Projesi/real_frames/train/226/frame_000013.jpg
real_train_00143.jpg,real,069,real_video::069,component::574801d88e11cfc6,train,test,1b86afc5add6c290ede39463cb6e6b3f6af461603072422e83d70f6021f8b1a8,/content/drive/MyDrive/AISC DeepFake Çalışmaları/FaceForensics_Projesi/real_frames/train/069/frame_000036.jpg
real_train_00144.jpg,real,282,real_video::282,component::ab128c325bdae5bb,train,train,5b57f4e6c7a9d6ad3a01acbc699c43fad0ffe8dfbce89a314fb32df6ca867ace,/content/drive/MyDrive/AISC DeepFake Çalışmaları/FaceForensics_Projesi/real_frames/train/282/frame_000025.jpg
real_train_00145.jpg,real,236,real_video::236,component::c9dbb35ee83986a9,train,train,ffe8349f0305712c8376bdb2bc534d8e6ada27d126703cf5a4cf5deaa0e2488a,/content/drive/MyDrive/AISC DeepFake Çalışmaları/FaceForensics_Projesi/real_frames/train/236/frame_000003.jpg
real_train_00146.jpg,real,941,real_video::941,component::c79b1b0123240e80,train,train,c3185b4949edc534e3b686310b4e21daf56f54356b947a79da482a886b6a60ce,/content/drive/MyDrive/AISC DeepFake Çalışmaları/FaceForensics_Projesi/real_frames/train/941/frame_000026.jpg
real_train_00147.jpg,real,538,real_video::538,component::f4eb54fa009c0e6e,train,train,5a6c67c587829a7a1b7599bc33be991577fa0beeeca3f000db63a0c3c7a0e310,/content/drive/MyDrive/AISC DeepFake Çalışmaları/FaceForensics_Projesi/real_frames/train/538/frame_000027.jpg
real_train_00148.jpg,real,821,real_video::821,component::57f2ed0a4a58e7df,train,train,477d973e3dd36f9f6941230d90b2cef492feae5999898d02e02c2b65fcd049d4,/content/drive/MyDrive/AISC DeepFake Çalışmaları/FaceForensics_Projesi/real_frames/train/821/frame_000010.jpg
real_train_00149.jpg,real,187,real_video::187,component::625cf0db08a731dd,train,train,8699cb97b00cf246663fc0b6b320aec114f6809c047019957d5ed412ed92549e,/content/drive/MyDrive/AISC DeepFake Çalışmaları/FaceForensics_Projesi/real_frames/train/187/frame_000041.jpg
real_train_00150.jpg,real,037,real_video::037,component::b43dfa8bea370b54,train,train,d4585a5a5ed44c283c157a3724260138a6abb37564ff45be660d344e6de3f6ec,/content/drive/MyDrive/AISC DeepFake Çalışmaları/FaceForensics_Projesi/real_frames/train/037/frame_000019.jpg
real_train_00151.jpg,real,742,real_video::742,component::f802bee787ff71ef,train,train,d4c9a32fa86cc8a9ddbd6598d6b8a15569b798147d781c789a70ee47e2a121f6,/content/drive/MyDrive/AISC DeepFake Çalışmaları/FaceForensics_Projesi/real_frames/train/742/frame_000018.jpg
real_train_00152.jpg,real,778,real_video::778,component::84d7c78ebce87205,train,train,401c1244cab1cb6fed6be519b5f8cb94d4ca96180a7d4956a8f2790f792b6946,/content/drive/MyDrive/AISC DeepFake Çalışmaları/FaceForensics_Projesi/real_frames/train/778/frame_000012.jpg
real_train_00153.jpg,real,016,real_video::016,component::db30f1bdc3aba7b8,train,train,191d16b034533359d4b3473be2d3db99aa7fa7b22d2dcbe57a1516057b60a4e5,/content/drive/MyDrive/AISC DeepFake Çalışmaları/FaceForensics_Projesi/real_frames/train/016/frame_000028.jpg
real_train_00154.jpg,real,678,real_video::678,component::0e53ad6e0b5d3635,train,train,3599250a076e0453a53b6b7a28873e82afa342ff399949aa810a90945699ee4b,/content/drive/MyDrive/AISC DeepFake Çalışmaları/FaceForensics_Projesi/real_frames/train/678/frame_000018.jpg
real_train_00155.jpg,real,607,real_video::607,component::92dd812c01ca6e74,train,train,2f1976fa43a5e5bf3ee1d127763c64a6f409916208d795ffc8c5799a764d39f8,/content/drive/MyDrive/AISC DeepFake Çalışmaları/FaceForensics_Projesi/real_frames/train/607/frame_000011.jpg
real_train_00156.jpg,real,771,real_video::771,component::117e5c9768ea0fcf,train,train,16393781965a3e2904f79f1d3c84a81fbf48564f2fd19d72669841b19125e01b,/content/drive/MyDrive/AISC DeepFake Çalışmaları/FaceForensics_Projesi/real_frames/train/771/frame_000033.jpg
real_train_00160.jpg,real,864,real_video::864,component::07bece13395dbc28,train,train,6b698e38359f48ec4c255620a6b10ee93c0234e064ea5026871a07a2ffdad3b8,/content/drive/MyDrive/AISC DeepFake Çalışmaları/FaceForensics_Projesi/real_frames/train/864/frame_000015.jpg
real_train_00161.jpg,real,101,real_video::101,component::75380b3049771585,train,test,b718418564e280664220874d29b833dbfad88b7679ec24adaae2bccc3611b056,/content/drive/MyDrive/AISC DeepFake Çalışmaları/FaceForensics_Projesi/real_frames/train/101/frame_000051.jpg
real_train_00162.jpg,real,407,real_video::407,component::d613c3d99ef4eb2a,train,train,0780560d08ec0e817b914c0c9270b8942e4b9a80976adbf0986f17523bd3fdf9,/content/drive/MyDrive/AISC DeepFake Çalışmaları/FaceForensics_Projesi/real_frames/train/407/frame_000019.jpg
real_train_00163.jpg,real,810,real_video::810,component::e83d7290cdb2bebe,train,train,31d559e77d7fd83dd48a2f63fbbe225975cad0f8d2a9a56f974687561948c2b3,/content/drive/MyDrive/AISC DeepFake Çalışmaları/FaceForensics_Projesi/real_frames/train/810/frame_000003.jpg
real_train_00164.jpg,real,292,real_video::292,component::aa3ca0bab67d3dd5,train,train,923b0d9f6083d57b95e64a0dababf8091874f5ed40427941acb983ab8d54154a,/content/drive/MyDrive/AISC DeepFake Çalışmaları/FaceForensics_Projesi/real_frames/train/292/frame_000012.jpg
real_train_00165.jpg,real,197,real_video::197,component::81118694f9a597f3,train,train,a430ebb684f31bd41b679ad09d540113199ca43edc65c4960d747186d95256f2,/content/drive/MyDrive/AISC DeepFake Çalışmaları/FaceForensics_Projesi/real_frames/train/197/frame_000023.jpg
real_train_00168.jpg,real,892,real_video::892,component::527bd4fd97e6fc2a,train,train,7e43fa404e5850ea59e06e9e89a712c676825d0cac85340a6655c2437281e84a,/content/drive/MyDrive/AISC DeepFake Çalışmaları/FaceForensics_Projesi/real_frames/train/892/frame_000010.jpg
real_train_00170.jpg,real,775,real_video::775,component::709f8ea5e050d56b,train,test,5aced2e5089e7158c177b3b91f5a66370f25da883f8316453361720965304d67,/content/drive/MyDrive/AISC DeepFake Çalışmaları/FaceForensics_Projesi/real_frames/train/775/frame_000005.jpg
real_train_00171.jpg,real,372,real_video::372,component::c71ceab0f238abf6,train,train,cb7b9c72c9c4fa6684e6a1291961d098a13eeafba4923cd4b066d7ffefa5eb74,/content/drive/MyDrive/AISC DeepFake Çalışmaları/FaceForensics_Projesi/real_frames/train/372/frame_000024.jpg
real_train_00172.jpg,real,684,real_video::684,component::4bae47bd773a5dc3,train,train,1af1bee08cdf0424679544c1584e03c2cd4bb8e9e0a460160b7f10a153f0923e,/content/drive/MyDrive/AISC DeepFake Çalışmaları/FaceForensics_Projesi/real_frames/train/684/frame_000016.jpg
real_train_00174.jpg,real,066,real_video::066,component::ff299203e9ec3f8b,train,val,55e7c001895c173533fa5c626eb943d5545c8e162d5c909057edc6a06cd46246,/content/drive/MyDrive/AISC DeepFake Çalışmaları/FaceForensics_Projesi/real_frames/train/066/frame_000000.jpg
real_train_00175.jpg,real,873,real_video::873,component::c6b065e43dc39980,train,val,e1bb874d6a3c836ec1098ab038afa08f21e051005a38e2c20335961d743f955d,/content/drive/MyDrive/AISC DeepFake Çalışmaları/FaceForensics_Projesi/real_frames/train/873/frame_000014.jpg
real_train_00177.jpg,real,263,real_video::263,component::1798b7a669d80f08,train,train,c3fdf2b4f57620f41cc59ec1a3410449718b7d1a88e8b5fbbdfdc63f5bfa1f22,/content/drive/MyDrive/AISC DeepFake Çalışmaları/FaceForensics_Projesi/real_frames/train/263/frame_000011.jpg
real_train_00179.jpg,real,321,real_video::321,component::413033d2cd8be9d7,train,val,8f3980dc1383c184eb48dd626289c1a93c2c12e9fc866081ebc451703a3b0a33,/content/drive/MyDrive/AISC DeepFake Çalışmaları/FaceForensics_Projesi/real_frames/train/321/frame_000009.jpg
real_train_00181.jpg,real,590,real_video::590,component::51784677858f6f3e,train,train,ffbd20afbd1e85a3a18d076b11600f929208f9af8d5d1bedda8cbe2d7313dd5d,/content/drive/MyDrive/AISC DeepFake Çalışmaları/FaceForensics_Projesi/real_frames/train/590/frame_000019.jpg
real_train_00184.jpg,real,461,real_video::461,component::26570c74cbe53ffb,train,train,5062a6b9c52818dba38f5e29f98a8b437fad8dc16bc9e678c3c036ebfb3ebf9f,/content/drive/MyDrive/AISC DeepFake Çalışmaları/FaceForensics_Projesi/real_frames/train/461/frame_000026.jpg
real_train_00185.jpg,real,453,real_video::453,component::eaf23fc7b7e62035,train,train,a1553740f999f65828d458eafdbb8689f683d41c357f7cfaed1141015fa5865b,/content/drive/MyDrive/AISC DeepFake Çalışmaları/FaceForensics_Projesi/real_frames/train/453/frame_000017.jpg
real_train_00186.jpg,real,441,real_video::441,component::0e697ba9924d721c,train,train,6c64a225238636528fce5427a27b58266256cb1e755f0b72293b2bbc656930ec,/content/drive/MyDrive/AISC DeepFake Çalışmaları/FaceForensics_Projesi/real_frames/train/441/frame_000009.jpg
real_train_00188.jpg,real,251,real_video::251,component::f5be18b21aca37f5,train,train,2442a8563acb889cab43fcf9c9bbd6eaf93816555ba213bef1af9d721205f387,/content/drive/MyDrive/AISC DeepFake Çalışmaları/FaceForensics_Projesi/real_frames/train/251/frame_000010.jpg
real_train_00190.jpg,real,452,real_video::452,component::4c7f53b82c37ceab,train,train,2e35895b55d2f99e49d0acfcaa5c432f670d8f3f20efe5a0a1fd47f9425d7cc7,/content/drive/MyDrive/AISC DeepFake Çalışmaları/FaceForensics_Projesi/real_frames/train/452/frame_000021.jpg
real_train_00192.jpg,real,957,real_video::957,component::1101ed7241460c3b,train,train,d2eb645739d10400b1e75efa629ea6b176b256435808ae896d6efa0336ef3c6c,/content/drive/MyDrive/AISC DeepFake Çalışmaları/FaceForensics_Projesi/real_frames/train/957/frame_000012.jpg
real_train_00193.jpg,real,726,real_video::726,component::adb525533dc41419,train,train,8f3cc6f749dcb88b5f1c4c88e811c33f9bf67bac699a9f48ec326443f61ef277,/content/drive/MyDrive/AISC DeepFake Çalışmaları/FaceForensics_Projesi/real_frames/train/726/frame_000018.jpg
real_train_00194.jpg,real,001,real_video::001,component::9c97a22fe3e68c93,train,train,3abecd6b8ebedf82ac74573984e6d187da20b09ac7b89e614920546f6ea13816,/content/drive/MyDrive/AISC DeepFake Çalışmaları/FaceForensics_Projesi/real_frames/train/001/frame_000021.jpg
real_train_00195.jpg,real,951,real_video::951,component::49303894e033c433,train,test,f031f32f665381136b18e53915e64dcf733d9f3a2ce4b0fa54face76fdee84ab,/content/drive/MyDrive/AISC DeepFake Çalışmaları/FaceForensics_Projesi/real_frames/train/951/frame_000037.jpg
real_train_00199.jpg,real,510,real_video::510,component::d760327ddc076e9b,train,train,b670a29f1f57dd26d63d2109a5b30f29a455c45d308bfc3969c4196d08ff4f78,/content/drive/MyDrive/AISC DeepFake Çalışmaları/FaceForensics_Projesi/real_frames/train/510/frame_000006.jpg
real_train_00201.jpg,real,007,real_video::007,component::fe3baeeaa17e1b61,train,val,7a36a4f355fcb1b1351209dd02df9183ab08f3488450f2383784c7d0a9c7863a,/content/drive/MyDrive/AISC DeepFake Çalışmaları/FaceForensics_Projesi/real_frames/train/007/frame_000028.jpg
real_train_00202.jpg,real,823,real_video::823,component::0b855d59ce342347,train,train,8f268c6a7f826e1647e9c5f6681fc2ab4b36daa22aff4320873430a71cf1734d,/content/drive/MyDrive/AISC DeepFake Çalışmaları/FaceForensics_Projesi/real_frames/train/823/frame_000010.jpg
real_train_00203.jpg,real,201,real_video::201,component::6b7f776bae21e472,train,train,ea3df8e680322de3c5c40fcade4bfdbd44c2553ed73fb250c602a72071abec7e,/content/drive/MyDrive/AISC DeepFake Çalışmaları/FaceForensics_Projesi/real_frames/train/201/frame_000034.jpg
real_train_00205.jpg,real,945,real_video::945,component::f9eb9f5d701acfee,train,val,12b10204ad23895e8c030a1ad68ac47cb3081c7ce094ba4dadf27a08cef55119,/content/drive/MyDrive/AISC DeepFake Çalışmaları/FaceForensics_Projesi/real_frames/train/945/frame_000011.jpg
real_train_00206.jpg,real,288,real_video::288,component::6faf06323a9b44a2,train,train,7db246be37c7590eada672c40abb2fc6cf8825b1338a7ac463bdac57ed251c93,/content/drive/MyDrive/AISC DeepFake Çalışmaları/FaceForensics_Projesi/real_frames/train/288/frame_000031.jpg
real_train_00207.jpg,real,177,real_video::177,component::8b17ac2718e46888,train,train,f63378d34e4c3d587c2ede6fbb4f6686896be849bf11f7c1c1e10887049790c6,/content/drive/MyDrive/AISC DeepFake Çalışmaları/FaceForensics_Projesi/real_frames/train/177/frame_000003.jpg
real_train_00209.jpg,real,144,real_video::144,component::855b8929ed91f707,train,val,beec42e101a48a96b86dc3a47ca14e1eb5f567ae8aed08b222560d2843fe73f3,/content/drive/MyDrive/AISC DeepFake Çalışmaları/FaceForensics_Projesi/real_frames/train/144/frame_000015.jpg
real_train_00210.jpg,real,818,real_video::818,component::3aaae788386b0f42,train,val,cc3f3cfc421347c072f6cd99351fa69b9f0bd65f5cbae4bcbcda6404612e3669,/content/drive/MyDrive/AISC DeepFake Çalışmaları/FaceForensics_Projesi/real_frames/train/818/frame_000012.jpg
real_train_00211.jpg,real,917,real_video::917,component::5b7c2fc63a685cf0,train,test,9db60740c735068bdbc27b1eaf2e3469b258ce9b93c532e185d5cbd8bbf192e6,/content/drive/MyDrive/AISC DeepFake Çalışmaları/FaceForensics_Projesi/real_frames/train/917/frame_000009.jpg
real_train_00212.jpg,real,266,real_video::266,component::cadd93e48d137433,train,train,6a52f6b488e6ecb3d01eadd642df58a84bcee76cd74c3cafd02ce4ffc9468605,/content/drive/MyDrive/AISC DeepFake Çalışmaları/FaceForensics_Projesi/real_frames/train/266/frame_000004.jpg
real_train_00213.jpg,real,918,real_video::918,component::f64c31df87066179,train,train,deb380413e4c02884f4ec57c15b1b50ceb6274d216ddb3ffd7a042285518a9dc,/content/drive/MyDrive/AISC DeepFake Çalışmaları/FaceForensics_Projesi/real_frames/train/918/frame_000004.jpg
real_train_00214.jpg,real,903,real_video::903,component::ba4b583a36433844,train,train,8c741adaaa78ee9e1e1b3361cdf75abcbcb86c812996f9fb44e136633645096d,/content/drive/MyDrive/AISC DeepFake Çalışmaları/FaceForensics_Projesi/real_frames/train/903/frame_000018.jpg
real_train_00216.jpg,real,588,real_video::588,component::95da04a8d910b686,train,train,c9c614bc52f89dd3040c6c917f2a4da0935ed3fa34eb19fbd94d9b8ed4590203,/content/drive/MyDrive/AISC DeepFake Çalışmaları/FaceForensics_Projesi/real_frames/train/588/frame_000017.jpg
real_train_00217.jpg,real,197,real_video::197,component::81118694f9a597f3,train,train,e3d1ad96e6e69cebd331718e0ca59bb31e91bf7e6536487d4b476ddcd02996be,/content/drive/MyDrive/AISC DeepFake Çalışmaları/FaceForensics_Projesi/real_frames/train/197/frame_000022.jpg
real_train_00218.jpg,real,242,real_video::242,component::846886dc5c56d07a,train,train,37923f301bd7921457052599627ca373e141321b56adb5357468a8ef1dcbaa8d,/content/drive/MyDrive/AISC DeepFake Çalışmaları/FaceForensics_Projesi/real_frames/train/242/frame_000002.jpg
real_train_00220.jpg,real,123,real_video::123,component::abe95519059eff62,train,train,bfbe91f3b9558aa5bd78e2336214cc3c92997f5255800252cfbf44f33ac32f54,/content/drive/MyDrive/AISC DeepFake Çalışmaları/FaceForensics_Projesi/real_frames/train/123/frame_000022.jpg
real_train_00221.jpg,real,851,real_video::851,component::acfb639d03bb463f,train,train,1f11d6835802b4b990c9f060b88259ddb13fee9092bd4a9a37d06aea5d47d3ad,/content/drive/MyDrive/AISC DeepFake Çalışmaları/FaceForensics_Projesi/real_frames/train/851/frame_000015.jpg
real_train_00223.jpg,real,829,real_video::829,component::666685b38554eca0,train,train,83993efde2ed5bef74e49500a25d19733298ecbf777904fa1d48991df311b378,/content/drive/MyDrive/AISC DeepFake Çalışmaları/FaceForensics_Projesi/real_frames/train/829/frame_000038.jpg
real_train_00224.jpg,real,378,real_video::378,component::f479c1bd63956753,train,train,a2a5f8d107289b0b4253401e31da08312c0013ca8121a4ac821b3282fe34b2f4,/content/drive/MyDrive/AISC DeepFake Çalışmaları/FaceForensics_Projesi/real_frames/train/378/frame_000001.jpg
real_train_00225.jpg,real,666,real_video::666,component::9c9ddf414914a036,train,train,7e15366fb3927d696820299c908582e3945b09b3ff5e2feec20b8dabdd2784cf,/content/drive/MyDrive/AISC DeepFake Çalışmaları/FaceForensics_Projesi/real_frames/train/666/frame_000010.jpg
real_train_00226.jpg,real,435,real_video::435,component::49313b1565acb36b,train,train,5ad4a369e74a6528da81723c330b0e12103f2870f4211abf8c1de4846ab9b4b5,/content/drive/MyDrive/AISC DeepFake Çalışmaları/FaceForensics_Projesi/real_frames/train/435/frame_000024.jpg
real_train_00229.jpg,real,831,real_video::831,component::a5e6b436fdd11bb3,train,train,7f9a58b009bb395cd608eaebafb815edd0ed25f0cbfccd8399fb8fa036609c89,/content/drive/MyDrive/AISC DeepFake Çalışmaları/FaceForensics_Projesi/real_frames/train/831/frame_000007.jpg
real_train_00230.jpg,real,626,real_video::626,component::e9baf0add0fe8107,train,train,6abcafd4229b96328c38894eed4979e7a438f6bc7e6d9ebc93ad8c474fab61b5,/content/drive/MyDrive/AISC DeepFake Çalışmaları/FaceForensics_Projesi/real_frames/train/626/frame_000007.jpg
real_train_00231.jpg,real,514,real_video::514,component::7e68c1f11837ed67,train,train,0ddfe37ddcc536edb8c5b457168cac47672a9ddc287482d8e2eaeed865a5ea83,/content/drive/MyDrive/AISC DeepFake Çalışmaları/FaceForensics_Projesi/real_frames/train/514/frame_000016.jpg
real_train_00232.jpg,real,645,real_video::645,component::89e2555d5f15ecd6,train,test,ae6e319f7a40a57ea0af15b5c88ccc15ef8da599f04bc244f734fe604dd86222,/content/drive/MyDrive/AISC DeepFake Çalışmaları/FaceForensics_Projesi/real_frames/train/645/frame_000019.jpg
real_train_00233.jpg,real,829,real_video::829,component::666685b38554eca0,train,train,eaad4307be20e61ca0a4893d9efba1973f338186e4a68551fb83592ba760a1da,/content/drive/MyDrive/AISC DeepFake Çalışmaları/FaceForensics_Projesi/real_frames/train/829/frame_000002.jpg
real_train_00234.jpg,real,316,real_video::316,component::3e1f706e4eaa5aa0,train,train,3f105af78d2bbd4e3250c8327f78b82452dbfea0fa53d4cebb1ece5683cfec41,/content/drive/MyDrive/AISC DeepFake Çalışmaları/FaceForensics_Projesi/real_frames/train/316/frame_000007.jpg
real_train_00235.jpg,real,242,real_video::242,component::846886dc5c56d07a,train,train,2b86da17196996681852fda1b921293694fbde65f7998d1d8eed048e5fdcb4a9,/content/drive/MyDrive/AISC DeepFake Çalışmaları/FaceForensics_Projesi/real_frames/train/242/frame_000007.jpg
real_train_00236.jpg,real,592,real_video::592,component::6c35d7cfaf8238d2,train,train,f14990ddd726b769f47de949342f49f35ef259588bf368ea18bbd1069e3b7bcf,/content/drive/MyDrive/AISC DeepFake Çalışmaları/FaceForensics_Projesi/real_frames/train/592/frame_000003.jpg
real_train_00238.jpg,real,247,real_video::247,component::87be0d3bb296a596,train,test,7c817ca90e31ce2f735063bcd68eb3e620d4b0f296ec185fb3d12295f170ac77,/content/drive/MyDrive/AISC DeepFake Çalışmaları/FaceForensics_Projesi/real_frames/train/247/frame_000009.jpg
real_train_00239.jpg,real,151,real_video::151,component::9fef426f6ea5fadb,train,train,490c75b6afce15d79d42587a13a0408ba1055a4ce6cca447e0cc9d8b1cc0d95a,/content/drive/MyDrive/AISC DeepFake Çalışmaları/FaceForensics_Projesi/real_frames/train/151/frame_000001.jpg
real_train_00241.jpg,real,035,real_video::035,component::fe15392a896f0fb2,train,test,1f86659bfeb4bee69e4e078172053e41f622dfec9da5b3ecd1227d5fd67c50e8,/content/drive/MyDrive/AISC DeepFake Çalışmaları/FaceForensics_Projesi/real_frames/train/035/frame_000021.jpg
real_train_00242.jpg,real,724,real_video::724,component::3b80ff7b3180f97a,train,train,a357524f7a0e305443c710885beb4baedcea3673711dc5872384e7af89f68dce,/content/drive/MyDrive/AISC DeepFake Çalışmaları/FaceForensics_Projesi/real_frames/train/724/frame_000015.jpg
real_train_00243.jpg,real,157,real_video::157,component::7c1f310af1a0ad24,train,train,00f9e60116505c9ed6699141b3747ca873aa00f6ef44161847abb667bfb515e6,/content/drive/MyDrive/AISC DeepFake Çalışmaları/FaceForensics_Projesi/real_frames/train/157/frame_000025.jpg
real_train_00244.jpg,real,036,real_video::036,component::8fb6b48c04979eaa,train,train,1fbb77d3781e9d263009e82cb3e27b6c78063410e63175e2a8e7dc7166093f95,/content/drive/MyDrive/AISC DeepFake Çalışmaları/FaceForensics_Projesi/real_frames/train/036/frame_000013.jpg
real_train_00245.jpg,real,400,real_video::400,component::2761bc6be86fe17d,train,train,d687aeabd5817c51205ff5a754e698c5d67a1d69d708221d2e0c85efbaca223a,/content/drive/MyDrive/AISC DeepFake Çalışmaları/FaceForensics_Projesi/real_frames/train/400/frame_000011.jpg
real_train_00246.jpg,real,635,real_video::635,component::b87cbf57b727c4ff,train,train,26d070e87549fc0f82beb688db032037a0c1a3784d7cbc8b27c6ed0603ab102e,/content/drive/MyDrive/AISC DeepFake Çalışmaları/FaceForensics_Projesi/real_frames/train/635/frame_000022.jpg
real_train_00247.jpg,real,164,real_video::164,component::8a3536f0d6ec0230,train,train,bc801d578309d844f9489efff308058610320fa3ac6e28a4578d817dc26c40c6,/content/drive/MyDrive/AISC DeepFake Çalışmaları/FaceForensics_Projesi/real_frames/train/164/frame_000046.jpg
real_train_00248.jpg,real,019,real_video::019,component::83c446c829b36842,train,train,7c6c4797d593ca201f099a2c1dd14c749ca362aaf1c653f802c426679df8c280,/content/drive/MyDrive/AISC DeepFake Çalışmaları/FaceForensics_Projesi/real_frames/train/019/frame_000053.jpg
real_train_00250.jpg,real,253,real_video::253,component::9bc52b1f110d6b82,train,train,79a74b299a521c6f25ea1d33386e162975a3671bd960d7baf4cfed25b5185647,/content/drive/MyDrive/AISC DeepFake Çalışmaları/FaceForensics_Projesi/real_frames/train/253/frame_000007.jpg
real_train_00252.jpg,real,144,real_video::144,component::855b8929ed91f707,train,val,349b41cb10383e20db60202ff49dbc4d2417e5956ac970a122171bc5b96542c4,/content/drive/MyDrive/AISC DeepFake Çalışmaları/FaceForensics_Projesi/real_frames/train/144/frame_000000.jpg
real_train_00254.jpg,real,364,real_video::364,component::5450d67378535474,train,train,f1c6a426b5155ef0dbdd8b8ceca2c99cdc03bb43b9c8a2acd943cfcc248f8550,/content/drive/MyDrive/AISC DeepFake Çalışmaları/FaceForensics_Projesi/real_frames/train/364/frame_000016.jpg
real_train_00257.jpg,real,596,real_video::596,component::143230b8d0465ca9,train,train,90ae50800e06c438db5e4c6dad558f06c2ae2af0c84da23d5f571ee3aa04553c,/content/drive/MyDrive/AISC DeepFake Çalışmaları/FaceForensics_Projesi/real_frames/train/596/frame_000002.jpg
real_train_00258.jpg,real,413,real_video::413,component::96358fc7f4f6aa2b,train,train,8446e7e4a26d47f39a665415b1af586deb97a780e0325e745bd4a544beccf5c3,/content/drive/MyDrive/AISC DeepFake Çalışmaları/FaceForensics_Projesi/real_frames/train/413/frame_000014.jpg
real_train_00260.jpg,real,594,real_video::594,component::22e37589fdc51b6e,train,test,54a57f7f568aef3556ab8873c86cd78c653048b23096f92116a8386a73fcdbdc,/content/drive/MyDrive/AISC DeepFake Çalışmaları/FaceForensics_Projesi/real_frames/train/594/frame_000010.jpg
real_train_00261.jpg,real,137,real_video::137,component::6eac97d12dcdadd5,train,train,7f977b3fca0c32421b0028e37eb56291eba481790c29c0be32f75fff9c1b0bec,/content/drive/MyDrive/AISC DeepFake Çalışmaları/FaceForensics_Projesi/real_frames/train/137/frame_000024.jpg
real_train_00264.jpg,real,729,real_video::729,component::e55a7620a28965f7,train,val,b1502f37848cd2c11db86d972fc9c93f6bd74d169d53587dcc8483eb23f92455,/content/drive/MyDrive/AISC DeepFake Çalışmaları/FaceForensics_Projesi/real_frames/train/729/frame_000033.jpg
real_train_00265.jpg,real,689,real_video::689,component::ebbc8750304a8e5a,train,train,265624d0ca608ceec09eff18c582ae2c5955b0af04240bc4a45a93f0be856507,/content/drive/MyDrive/AISC DeepFake Çalışmaları/FaceForensics_Projesi/real_frames/train/689/frame_000006.jpg
real_train_00267.jpg,real,751,real_video::751,component::5706a6071d27d581,train,train,d721f5c5a912b23004a42b62afe92e1589042fa66beac82294642378af57be8d,/content/drive/MyDrive/AISC DeepFake Çalışmaları/FaceForensics_Projesi/real_frames/train/751/frame_000002.jpg
real_train_00268.jpg,real,468,real_video::468,component::ab8fabaf7d967c72,train,test,e3f4bae9d3abe9c174c1a6ad350c3283968dd0451801065262368f728ab84630,/content/drive/MyDrive/AISC DeepFake Çalışmaları/FaceForensics_Projesi/real_frames/train/468/frame_000019.jpg
real_train_00269.jpg,real,083,real_video::083,component::9a2719cbcb930f4c,train,train,f2cb66c7c00cf0977526bb0185ce81d1ec738680156446e7b9fb60c866d743d4,/content/drive/MyDrive/AISC DeepFake Çalışmaları/FaceForensics_Projesi/real_frames/train/083/frame_000012.jpg
real_train_00270.jpg,real,520,real_video::520,component::11e170b00d8c2582,train,train,c9637891382df991667b41920034bba3623d838436fa1b94893d32c0a6dca4fc,/content/drive/MyDrive/AISC DeepFake Çalışmaları/FaceForensics_Projesi/real_frames/train/520/frame_000002.jpg
real_train_00274.jpg,real,823,real_video::823,component::0b855d59ce342347,train,train,bfafccfefc0b91aff0758b5b96ca7b8a8eda62a13a3eacfb3df31ee521708565,/content/drive/MyDrive/AISC DeepFake Çalışmaları/FaceForensics_Projesi/real_frames/train/823/frame_000021.jpg
real_train_00275.jpg,real,165,real_video::165,component::fc510ff8df622dc9,train,val,c21871fe73890a53550fff3a937f46e53512db2a8f5986c5176bd3b9dfdcbaff,/content/drive/MyDrive/AISC DeepFake Çalışmaları/FaceForensics_Projesi/real_frames/train/165/frame_000012.jpg
real_train_00276.jpg,real,555,real_video::555,component::0f79f7781bada05a,train,train,f522dbf2139b473444c8e8a4fbda34ff61a299942d125f4f0fbe6775de1ef8d8,/content/drive/MyDrive/AISC DeepFake Çalışmaları/FaceForensics_Projesi/real_frames/train/555/frame_000018.jpg
real_train_00279.jpg,real,889,real_video::889,component::c78abafa4be785ab,train,train,813dac985b2a67ff6e3bd08ef52e9255b51db17e2f7191f87078f5f5437744e9,/content/drive/MyDrive/AISC DeepFake Çalışmaları/FaceForensics_Projesi/real_frames/train/889/frame_000013.jpg
real_train_00280.jpg,real,426,real_video::426,component::67802d002966b1c5,train,val,e6365096ef898fd4c071918a2890b79bc077547317ed9bf3266b8f70116f3ee4,/content/drive/MyDrive/AISC DeepFake Çalışmaları/FaceForensics_Projesi/real_frames/train/426/frame_000007.jpg
real_train_00284.jpg,real,002,real_video::002,component::7ab5dce70a701055,train,train,1bb1da9e2826ca67ca422023cdead4447c33d962ba8ad5267a851ddc57a46470,/content/drive/MyDrive/AISC DeepFake Çalışmaları/FaceForensics_Projesi/real_frames/train/002/frame_000022.jpg
real_train_00285.jpg,real,197,real_video::197,component::81118694f9a597f3,train,train,41b48ef8badd22632766d7858305717f09e353da324975302651d3e5f31874bc,/content/drive/MyDrive/AISC DeepFake Çalışmaları/FaceForensics_Projesi/real_frames/train/197/frame_000029.jpg
real_train_00286.jpg,real,301,real_video::301,component::724607dc48cf0873,train,train,d6e5123727f778cf804d203bf312be9cc01fbd02166188fa5ef21a311c86a18d,/content/drive/MyDrive/AISC DeepFake Çalışmaları/FaceForensics_Projesi/real_frames/train/301/frame_000019.jpg
real_train_00287.jpg,real,083,real_video::083,component::9a2719cbcb930f4c,train,train,3a383a5a8af5be53fff1fcf88ca1796540b82d2ac33ec3d8943f86dc7df7bd25,/content/drive/MyDrive/AISC DeepFake Çalışmaları/FaceForensics_Projesi/real_frames/train/083/frame_000019.jpg
real_train_00288.jpg,real,524,real_video::524,component::c720156bf833c1c5,train,train,ba2032442090258e0aaadbd61ea384b68f52c4bf4a68c99d154fc2740d56ba65,/content/drive/MyDrive/AISC DeepFake Çalışmaları/FaceForensics_Projesi/real_frames/train/524/frame_000024.jpg
real_train_00289.jpg,real,809,real_video::809,component::c20cd2fefea91f2e,train,val,f8f0a9abd509c99f97b3721eb3e978bd21e02ac9830b4dff40a028570599e9e1,/content/drive/MyDrive/AISC DeepFake Çalışmaları/FaceForensics_Projesi/real_frames/train/809/frame_000016.jpg
real_train_00290.jpg,real,844,real_video::844,component::3f3c85ff54d87ba7,train,train,19716ae66e6c62b3dbc69088370bde8b94e58c5a15e320906da01943670023e1,/content/drive/MyDrive/AISC DeepFake Çalışmaları/FaceForensics_Projesi/real_frames/train/844/frame_000016.jpg
real_train_00291.jpg,real,892,real_video::892,component::527bd4fd97e6fc2a,train,train,eae5b94f0769c951d46d866db6e2e82d3bb9e13891bb9d435ea0177a109d7906,/content/drive/MyDrive/AISC DeepFake Çalışmaları/FaceForensics_Projesi/real_frames/train/892/frame_000013.jpg
real_train_00293.jpg,real,942,real_video::942,component::d1204cd1add3cf96,train,train,4093114e47ef3aa918d7e0abee1c77f4aa8e96997704eb22c33e28a4aad59daa,/content/drive/MyDrive/AISC DeepFake Çalışmaları/FaceForensics_Projesi/real_frames/train/942/frame_000017.jpg
real_train_00294.jpg,real,989,real_video::989,component::b21231d4101b8414,train,test,c0aa2d4624a8bccf1fbf5dfac4bc16d99f2c79286dafc49c158028264c5623f3,/content/drive/MyDrive/AISC DeepFake Çalışmaları/FaceForensics_Projesi/real_frames/train/989/frame_000041.jpg
real_train_00296.jpg,real,629,real_video::629,component::d0a95bb48e9cb596,train,test,a2de2d30a83b007d4229040fa8d68ea8cb76f375979fbae9a0e1fa1d0ffe217b,/content/drive/MyDrive/AISC DeepFake Çalışmaları/FaceForensics_Projesi/real_frames/train/629/frame_000027.jpg
real_train_00299.jpg,real,253,real_video::253,component::9bc52b1f110d6b82,train,train,3b1ad1471d4b64f13f31ee6b284cdcdaf73570949ee3e6e8865651c825aea445,/content/drive/MyDrive/AISC DeepFake Çalışmaları/FaceForensics_Projesi/real_frames/train/253/frame_000015.jpg
real_train_00300.jpg,real,975,real_video::975,component::f0859162d884df6a,train,train,6320b1f88e21c554903b58bbadb55dcb1e1b57a08862352aaa4921af16f59ce7,/content/drive/MyDrive/AISC DeepFake Çalışmaları/FaceForensics_Projesi/real_frames/train/975/frame_000000.jpg
real_train_00302.jpg,real,799,real_video::799,component::61b4000fe58a4148,train,train,d37e27be1d5fe6c6a183207381e73d7d3ac45f72cef39c9cdcf166e2c1391239,/content/drive/MyDrive/AISC DeepFake Çalışmaları/FaceForensics_Projesi/real_frames/train/799/frame_000011.jpg
real_train_00304.jpg,real,669,real_video::669,component::5ee78e08d968c79e,train,train,b68a260be731360684ac0ec8d205e6902515f7e99aadbf68c30ecdfbf844896c,/content/drive/MyDrive/AISC DeepFake Çalışmaları/FaceForensics_Projesi/real_frames/train/669/frame_000008.jpg
real_train_00305.jpg,real,599,real_video::599,component::12e526f59188877f,train,train,560d84a5de435c749c6f77b55cb7c6752e9b7c1c30d8bf3f39bacb49a0908383,/content/drive/MyDrive/AISC DeepFake Çalışmaları/FaceForensics_Projesi/real_frames/train/599/frame_000009.jpg
real_train_00307.jpg,real,563,real_video::563,component::3bd5b374f2e7e7a0,train,train,422e5dd6ac474f4945508a34ec0ada113f6da7f405f807caa981f8c2837fa040,/content/drive/MyDrive/AISC DeepFake Çalışmaları/FaceForensics_Projesi/real_frames/train/563/frame_000008.jpg
real_train_00308.jpg,real,878,real_video::878,component::93c7c8a5887e9bd6,train,val,d0ef8819342730f2b0beb9e4372db7318c905f74fa0aa2960c1ef5405f3834bb,/content/drive/MyDrive/AISC DeepFake Çalışmaları/FaceForensics_Projesi/real_frames/train/878/frame_000017.jpg
real_train_00309.jpg,real,297,real_video::297,component::a88a29705bf76d40,train,train,998ff839da883cd08ece3a2f3f9cb2d0542208c7fccdc65cd1630abb0f2044cc,/content/drive/MyDrive/AISC DeepFake Çalışmaları/FaceForensics_Projesi/real_frames/train/297/frame_000011.jpg
real_train_00311.jpg,real,596,real_video::596,component::143230b8d0465ca9,train,train,e9beabd8a6bf897181b72328822b51e64e7edc5a0709c6666e0449e584bf89c4,/content/drive/MyDrive/AISC DeepFake Çalışmaları/FaceForensics_Projesi/real_frames/train/596/frame_000012.jpg
real_train_00313.jpg,real,317,real_video::317,component::94aa0dd7ac9cdaa7,train,train,d24954d53518a1960d21f757b544a14a0f282395cf0430e0ba0de6bcb65a2da9,/content/drive/MyDrive/AISC DeepFake Çalışmaları/FaceForensics_Projesi/real_frames/train/317/frame_000030.jpg
real_train_00314.jpg,real,086,real_video::086,component::07cb16e7f99828d1,train,train,3224e770bc936b38472cfeb090219b63ca35c5578fb88c05521f77ec657cd3dd,/content/drive/MyDrive/AISC DeepFake Çalışmaları/FaceForensics_Projesi/real_frames/train/086/frame_000020.jpg
real_train_00315.jpg,real,493,real_video::493,component::99dc96c96eef0291,train,train,fc4f30b76a1fe68255e80993677892ccdc07bb2347b3f18873e89fd6710fd728,/content/drive/MyDrive/AISC DeepFake Çalışmaları/FaceForensics_Projesi/real_frames/train/493/frame_000021.jpg
real_train_00316.jpg,real,596,real_video::596,component::143230b8d0465ca9,train,train,2f3362e25bc46f03f58c1dceea85596f72cc65520821c38d82e532db7a94616a,/content/drive/MyDrive/AISC DeepFake Çalışmaları/FaceForensics_Projesi/real_frames/train/596/frame_000020.jpg
real_train_00317.jpg,real,602,real_video::602,component::8f2bfc6cb9fc356c,train,train,7d5785342af46e16b51b6ff68404e6a83e8b70c1ca5efa5793a90c14a6031a4c,/content/drive/MyDrive/AISC DeepFake Çalışmaları/FaceForensics_Projesi/real_frames/train/602/frame_000008.jpg
real_train_00318.jpg,real,208,real_video::208,component::e3c15e553ee444fb,train,train,5d8917aa65f63ede0da68dc02f8475791aed95784f575e0d09d42deae5388262,/content/drive/MyDrive/AISC DeepFake Çalışmaları/FaceForensics_Projesi/real_frames/train/208/frame_000011.jpg
real_train_00319.jpg,real,466,real_video::466,component::165e1715e49cbc27,train,train,9acb5eadd838a858a95ade4bdbf03899d4eacb4f4b2ac9c8fa45329540274d76,/content/drive/MyDrive/AISC DeepFake Çalışmaları/FaceForensics_Projesi/real_frames/train/466/frame_000011.jpg
real_train_00320.jpg,real,676,real_video::676,component::8caa3ad9e9bfcb20,train,train,d0c3c5f64c421b08c16c7fe1ceb1f7dbde46a8492cbf60ffb8f2f7afd9bbdef8,/content/drive/MyDrive/AISC DeepFake Çalışmaları/FaceForensics_Projesi/real_frames/train/676/frame_000010.jpg
real_train_00321.jpg,real,131,real_video::131,component::3b82b2029df9e4ce,train,train,d1aa01f6292d554f89a4b248b262ff8e14f60da8255cdcce42145ad7f6e2d59f,/content/drive/MyDrive/AISC DeepFake Çalışmaları/FaceForensics_Projesi/real_frames/train/131/frame_000016.jpg
real_train_00322.jpg,real,007,real_video::007,component::fe3baeeaa17e1b61,train,val,ae72eea494c3626eafe08c2a14a91aa6fdb960fa64b20fae61c4e40888fd2c64,/content/drive/MyDrive/AISC DeepFake Çalışmaları/FaceForensics_Projesi/real_frames/train/007/frame_000021.jpg
real_train_00323.jpg,real,472,real_video::472,component::32a3ab62930ea29a,train,val,7e92f1c34aac2ea6e60f749c276a2e59cc84928102ee48d3a8abfb767f942818,/content/drive/MyDrive/AISC DeepFake Çalışmaları/FaceForensics_Projesi/real_frames/train/472/frame_000026.jpg
real_train_00324.jpg,real,201,real_video::201,component::6b7f776bae21e472,train,train,26216e7f09aeb2f74c36579abdfca624b1eb177c19fca9dcb2d513fb99d82293,/content/drive/MyDrive/AISC DeepFake Çalışmaları/FaceForensics_Projesi/real_frames/train/201/frame_000016.jpg
real_train_00326.jpg,real,371,real_video::371,component::23e8994998a17b67,train,train,3f5040c658e713980c69b1f9a6a9479dffc530b18c1d9ad5623b682674b2b291,/content/drive/MyDrive/AISC DeepFake Çalışmaları/FaceForensics_Projesi/real_frames/train/371/frame_000004.jpg
real_train_00327.jpg,real,494,real_video::494,component::1fbd0ee859ef93ac,train,train,612dbece334183d0989aba1cce9fcb5718f51baf7fdaf202d0f87d1813b16a63,/content/drive/MyDrive/AISC DeepFake Çalışmaları/FaceForensics_Projesi/real_frames/train/494/frame_000012.jpg
real_train_00328.jpg,real,312,real_video::312,component::5ba17113a8f1abaf,train,test,9543bb2fbab223b9ac87436194903e65ee0eaa739ae34579287382865591bfba,/content/drive/MyDrive/AISC DeepFake Çalışmaları/FaceForensics_Projesi/real_frames/train/312/frame_000015.jpg
real_train_00329.jpg,real,320,real_video::320,component::43384cbf6188debc,train,train,752f76ee18557e8c9b3ed2f6cec0f38ad8f364e848417ab01090dd9debf6cd8d,/content/drive/MyDrive/AISC DeepFake Çalışmaları/FaceForensics_Projesi/real_frames/train/320/frame_000003.jpg
real_train_00330.jpg,real,396,real_video::396,component::9feb524b24dde596,train,train,ca2ed179f08a98c2ab676f687dd8b774daca3bc6e3d57a5fdda234f3a8d74234,/content/drive/MyDrive/AISC DeepFake Çalışmaları/FaceForensics_Projesi/real_frames/train/396/frame_000023.jpg
real_train_00331.jpg,real,138,real_video::138,component::4ec8d12f7082de8c,train,train,2309fc478dbdb7c6feba4355db64432e4c742fea59df0db53736da120741fe1e,/content/drive/MyDrive/AISC DeepFake Çalışmaları/FaceForensics_Projesi/real_frames/train/138/frame_000008.jpg
real_train_00332.jpg,real,486,real_video::486,component::909995786d131da1,train,train,75c327b1e631b6a2fa5313e3870c6391c4fe8fb4c159b741b0686030fdbc0a4e,/content/drive/MyDrive/AISC DeepFake Çalışmaları/FaceForensics_Projesi/real_frames/train/486/frame_000032.jpg
real_train_00333.jpg,real,190,real_video::190,component::87bbd51e9c709a72,train,train,bb5bec6bfe9addf4bb0deb3942162d0410dad5a9ad3635d3c756f48e310cfbe5,/content/drive/MyDrive/AISC DeepFake Çalışmaları/FaceForensics_Projesi/real_frames/train/190/frame_000005.jpg
real_train_00335.jpg,real,331,real_video::331,component::125586833bdc7646,train,train,0e2c444be3c54dacc221bea610167ee0585a201fc1f399d2ffe70f422762dc89,/content/drive/MyDrive/AISC DeepFake Çalışmaları/FaceForensics_Projesi/real_frames/train/331/frame_000021.jpg
real_train_00336.jpg,real,267,real_video::267,component::9e94039968fd8c39,train,train,a4a5176cccca50fbfc7197fd026e9dccfca27fb5673acfc3c266b2d50ba6376d,/content/drive/MyDrive/AISC DeepFake Çalışmaları/FaceForensics_Projesi/real_frames/train/267/frame_000013.jpg
real_train_00337.jpg,real,392,real_video::392,component::20ea230a4cc01bd0,train,test,66232b640417ab176bc1893bc5bf3bb7d5b5d2c4e8dee76e375ec464c7371708,/content/drive/MyDrive/AISC DeepFake Çalışmaları/FaceForensics_Projesi/real_frames/train/392/frame_000008.jpg
real_train_00339.jpg,real,989,real_video::989,component::b21231d4101b8414,train,test,eb1f3301d776532f3b14b9609a574cc44e589b8085dd1d6f4014e569399fa6f4,/content/drive/MyDrive/AISC DeepFake Çalışmaları/FaceForensics_Projesi/real_frames/train/989/frame_000022.jpg
real_train_00340.jpg,real,253,real_video::253,component::9bc52b1f110d6b82,train,train,0c6ae1db21baef6dc0de102b331273c22827e4b2b37a36d7619ed988624ba4da,/content/drive/MyDrive/AISC DeepFake Çalışmaları/FaceForensics_Projesi/real_frames/train/253/frame_000017.jpg
real_train_00342.jpg,real,844,real_video::844,component::3f3c85ff54d87ba7,train,train,f4f0addc471ce0892263db9d2e685551139f19e7f5f6c424ac3f0a4304148453,/content/drive/MyDrive/AISC DeepFake Çalışmaları/FaceForensics_Projesi/real_frames/train/844/frame_000009.jpg
real_train_00343.jpg,real,484,real_video::484,component::81413a7a4b22ec41,train,val,152cfc593474330f565942e121afcd8fa9799dae1d1a3a4cffe51e207abd864c,/content/drive/MyDrive/AISC DeepFake Çalışmaları/FaceForensics_Projesi/real_frames/train/484/frame_000007.jpg
real_train_00344.jpg,real,975,real_video::975,component::f0859162d884df6a,train,train,c7c92964e8c8d8c6cc55894ba1633d1f6f44a70c055b4123faed5163ef00281d,/content/drive/MyDrive/AISC DeepFake Çalışmaları/FaceForensics_Projesi/real_frames/train/975/frame_000005.jpg
real_train_00345.jpg,real,628,real_video::628,component::7b8402d18aca5028,train,train,d001a0ed2739ad7762b6a77c68ea8266e119a30483be6ac3471c1c4e5cf4b33d,/content/drive/MyDrive/AISC DeepFake Çalışmaları/FaceForensics_Projesi/real_frames/train/628/frame_000021.jpg
real_train_00348.jpg,real,391,real_video::391,component::45ee6f744eb8119e,train,train,514a39747fc03458946eeece3f487d9cb71c469d1ba7f86eea38960be52fd9c0,/content/drive/MyDrive/AISC DeepFake Çalışmaları/FaceForensics_Projesi/real_frames/train/391/frame_000010.jpg
real_train_00350.jpg,real,924,real_video::924,component::64514af94ad4aca5,train,train,8e4e5017f9f7af15bfe4bc619d2211ab0c23a99a55697439e0cb0333b5d1a284,/content/drive/MyDrive/AISC DeepFake Çalışmaları/FaceForensics_Projesi/real_frames/train/924/frame_000034.jpg
real_train_00353.jpg,real,201,real_video::201,component::6b7f776bae21e472,train,train,7d0cb214034720493c8d738e09ab1dc132d572b2ba265cbf20bb2a3e4f589eb3,/content/drive/MyDrive/AISC DeepFake Çalışmaları/FaceForensics_Projesi/real_frames/train/201/frame_000037.jpg
real_train_00355.jpg,real,641,real_video::641,component::ee28c4b797153a4a,train,val,a7a9518c838f70afbd62e0077aa7b71113a2ae9f3f21528869cb05cc79682c85,/content/drive/MyDrive/AISC DeepFake Çalışmaları/FaceForensics_Projesi/real_frames/train/641/frame_000012.jpg
real_train_00356.jpg,real,170,real_video::170,component::3161a22a46501cf5,train,train,002517d6511f12155aa387fdc48277b0befd3f74589e96bbc03ca0e4ec1d4ec0,/content/drive/MyDrive/AISC DeepFake Çalışmaları/FaceForensics_Projesi/real_frames/train/170/frame_000001.jpg
real_train_00357.jpg,real,009,real_video::009,component::4cf36a68fbfeb2b5,train,train,72428d05c928ccd7c93f7f44f4b539b03f966c08a8b4a0f418ab1eb0d7bac75d,/content/drive/MyDrive/AISC DeepFake Çalışmaları/FaceForensics_Projesi/real_frames/train/009/frame_000017.jpg
real_train_00358.jpg,real,715,real_video::715,component::a382285d7fd36efe,train,train,778cec2b5a30023c72805e734085b5dab508c7ed97b3e44baebb85c0610d9dfa,/content/drive/MyDrive/AISC DeepFake Çalışmaları/FaceForensics_Projesi/real_frames/train/715/frame_000040.jpg
real_train_00360.jpg,real,626,real_video::626,component::e9baf0add0fe8107,train,train,1809794f518cdc4d9437bbf1e7fca27f96123d54991f77d35f615b8a1ff40138,/content/drive/MyDrive/AISC DeepFake Çalışmaları/FaceForensics_Projesi/real_frames/train/626/frame_000033.jpg
real_train_00361.jpg,real,193,real_video::193,component::5c1f7c7e4f9431a6,train,train,e7e93895348652080c0dfe4a64768a8cccd145861ef91ed1d47d9dd83dc363e1,/content/drive/MyDrive/AISC DeepFake Çalışmaları/FaceForensics_Projesi/real_frames/train/193/frame_000008.jpg
real_train_00362.jpg,real,951,real_video::951,component::49303894e033c433,train,test,ce34cec17b890b2b9f62b9783135395cda6875ab336b14b7234088b252b02c8d,/content/drive/MyDrive/AISC DeepFake Çalışmaları/FaceForensics_Projesi/real_frames/train/951/frame_000004.jpg
real_train_00363.jpg,real,815,real_video::815,component::ee2f05ec47dfa4fd,train,train,fe45ad1d7e9d3b3fc424cd9d779ad3ed02baa4b3cc6e3ddf7e0dd16a8b85c192,/content/drive/MyDrive/AISC DeepFake Çalışmaları/FaceForensics_Projesi/real_frames/train/815/frame_000018.jpg
real_train_00367.jpg,real,356,real_video::356,component::9f1508bdff53acb1,train,train,aeec545aaa6ba09878ae38cb916bba3e1334aa0d0d6c12546db912f40d7c87c6,/content/drive/MyDrive/AISC DeepFake Çalışmaları/FaceForensics_Projesi/real_frames/train/356/frame_000017.jpg
real_train_00368.jpg,real,194,real_video::194,component::e6bb97328820475a,train,val,0dab9fb28ef6a708dc5e19e2aac59788ef9a3780f2179e45b0f4f96ffd55b6f4,/content/drive/MyDrive/AISC DeepFake Çalışmaları/FaceForensics_Projesi/real_frames/train/194/frame_000000.jpg
real_train_00369.jpg,real,866,real_video::866,component::bf91e0129897ec40,train,test,6692cad1f6e4b3715e6889d01533860aefe89776b8fab8164dad44a798ba552a,/content/drive/MyDrive/AISC DeepFake Çalışmaları/FaceForensics_Projesi/real_frames/train/866/frame_000013.jpg
real_train_00370.jpg,real,892,real_video::892,component::527bd4fd97e6fc2a,train,train,a586dc32e971d492eca1ce49c9ae2d0ab95e8ddca460576f2bd8e9f4e2debc0b,/content/drive/MyDrive/AISC DeepFake Çalışmaları/FaceForensics_Projesi/real_frames/train/892/frame_000005.jpg
real_train_00371.jpg,real,540,real_video::540,component::d7d12e4a0d7c57df,train,train,3a76b84dcb52f86bbd26a17b505588c61db9660af417f1666aa099eb2f0b5fdf,/content/drive/MyDrive/AISC DeepFake Çalışmaları/FaceForensics_Projesi/real_frames/train/540/frame_000003.jpg
real_train_00372.jpg,real,803,real_video::803,component::a18606f7a73990d2,train,train,de2e7638afa70e31388ed9559ae5e161ebb61c75112c8a323af272700e63453f,/content/drive/MyDrive/AISC DeepFake Çalışmaları/FaceForensics_Projesi/real_frames/train/803/frame_000009.jpg
real_train_00375.jpg,real,554,real_video::554,component::0a5469dc6629eb93,train,train,a25d1f1680cc291bd2e6edb5c83e59107473cbf33c7830bee90aea8d04e89345,/content/drive/MyDrive/AISC DeepFake Çalışmaları/FaceForensics_Projesi/real_frames/train/554/frame_000007.jpg
real_train_00378.jpg,real,343,real_video::343,component::aca65bc50e732f7e,train,train,e81182b74d245b0f24688dcefd82934f4f58dc13496a8ce5c063a68474b5b2ab,/content/drive/MyDrive/AISC DeepFake Çalışmaları/FaceForensics_Projesi/real_frames/train/343/frame_000017.jpg
real_train_00380.jpg,real,194,real_video::194,component::e6bb97328820475a,train,val,10b39d06fb735ebd69d73515471f9e0c37836dd02e6ff1a5647cc2da947d428d,/content/drive/MyDrive/AISC DeepFake Çalışmaları/FaceForensics_Projesi/real_frames/train/194/frame_000024.jpg
real_train_00381.jpg,real,526,real_video::526,component::cf44cb458b9331ec,train,train,83346eeca53ee460862073b9c23fc3eae5162dc60284b5b3219d1ac139e3c008,/content/drive/MyDrive/AISC DeepFake Çalışmaları/FaceForensics_Projesi/real_frames/train/526/frame_000021.jpg
real_train_00385.jpg,real,421,real_video::421,component::b95b399214b6380d,train,train,608dd19d80113e2ecc1d3c0362afca3c149be448d5f868b453ab773d95eabb52,/content/drive/MyDrive/AISC DeepFake Çalışmaları/FaceForensics_Projesi/real_frames/train/421/frame_000056.jpg
real_train_00386.jpg,real,356,real_video::356,component::9f1508bdff53acb1,train,train,dceaf2defb2885345aa657f8c1c22b8e683b12f7bf33ec7a1daceb850409270c,/content/drive/MyDrive/AISC DeepFake Çalışmaları/FaceForensics_Projesi/real_frames/train/356/frame_000021.jpg
real_train_00388.jpg,real,450,real_video::450,component::b543ad98ca41d4b5,train,train,8030b6c89701c30885ab9de1b33a38d307bc45465e1055c4040843829ca400f9,/content/drive/MyDrive/AISC DeepFake Çalışmaları/FaceForensics_Projesi/real_frames/train/450/frame_000011.jpg
real_train_00389.jpg,real,339,real_video::339,component::484ae2fc89fb29d3,train,val,77a409773ee16798a6fbd5be4183b487206a6efc578546ea22d294b981dec2c6,/content/drive/MyDrive/AISC DeepFake Çalışmaları/FaceForensics_Projesi/real_frames/train/339/frame_000021.jpg
real_train_00391.jpg,real,657,real_video::657,component::685300885fac149e,train,train,278ae37f34b0521bae498d2c6fae63d9f297564bcefd5cd0e04196b9ccccbd2a,/content/drive/MyDrive/AISC DeepFake Çalışmaları/FaceForensics_Projesi/real_frames/train/657/frame_000026.jpg
real_train_00392.jpg,real,309,real_video::309,component::0cba96311006e223,train,train,5bdcbdb5cfc8fec6189e91a4a9e29f074049f66ac2887158eba1cd06c7b11202,/content/drive/MyDrive/AISC DeepFake Çalışmaları/FaceForensics_Projesi/real_frames/train/309/frame_000029.jpg
real_train_00394.jpg,real,575,real_video::575,component::7da9b5fc6c316f04,train,train,ebd332033ef9d0afc527cac13127e9eac16e7a3d9abd4635cce40e49fe345502,/content/drive/MyDrive/AISC DeepFake Çalışmaları/FaceForensics_Projesi/real_frames/train/575/frame_000005.jpg
real_train_00395.jpg,real,318,real_video::318,component::61a88ac8743ddb5c,train,train,0b0c9b7be7482f2cf5ba4ffdfc5accdf1341aaa300ed4d238d2b0cf2c0547477,/content/drive/MyDrive/AISC DeepFake Çalışmaları/FaceForensics_Projesi/real_frames/train/318/frame_000015.jpg
real_train_00397.jpg,real,742,real_video::742,component::f802bee787ff71ef,train,train,bd08f44e8bf17b637bf14da30326b01f8e36c59238f0a1486844bb59aa17a04d,/content/drive/MyDrive/AISC DeepFake Çalışmaları/FaceForensics_Projesi/real_frames/train/742/frame_000022.jpg
real_train_00399.jpg,real,197,real_video::197,component::81118694f9a597f3,train,train,2db4a4071377fc307f6e07ded51475a44a957f620d7234982817beaebc65000e,/content/drive/MyDrive/AISC DeepFake Çalışmaları/FaceForensics_Projesi/real_frames/train/197/frame_000019.jpg
real_train_00400.jpg,real,523,real_video::523,component::3beeb89b1c19f64c,train,train,767f5e088911d804a9db37f2b6f5b671c9d06eb2cd69f3d2ea056377649f625e,/content/drive/MyDrive/AISC DeepFake Çalışmaları/FaceForensics_Projesi/real_frames/train/523/frame_000017.jpg
real_train_00403.jpg,real,411,real_video::411,component::7bff6bbb410d8be5,train,val,a3ab7c72962d4d4bfec9a7b1c691c4aa8af443b63141b1876f120760b41388d3,/content/drive/MyDrive/AISC DeepFake Çalışmaları/FaceForensics_Projesi/real_frames/train/411/frame_000019.jpg
real_train_00405.jpg,real,793,real_video::793,component::c306ce95d75f741a,train,train,09877dbe2a0d843b67beb8d35e6be02b08a39fd6e2b7234bca7eeb36a85a0d9a,/content/drive/MyDrive/AISC DeepFake Çalışmaları/FaceForensics_Projesi/real_frames/train/793/frame_000007.jpg
real_train_00406.jpg,real,113,real_video::113,component::4d092bdbe8fb2b20,train,train,b72b14bb664f4f243aea007dd9f8118fa44cb6dcf63c7df4ab91633ab9da7f86,/content/drive/MyDrive/AISC DeepFake Çalışmaları/FaceForensics_Projesi/real_frames/train/113/frame_000014.jpg
real_train_00407.jpg,real,691,real_video::691,component::1c950c411c60fa90,train,train,e6f959e56f9ca0c521217441c9fdf804ea3c0d6468185d4772c7bf9781a39774,/content/drive/MyDrive/AISC DeepFake Çalışmaları/FaceForensics_Projesi/real_frames/train/691/frame_000011.jpg
real_train_00408.jpg,real,840,real_video::840,component::b83b5607abdfe84a,train,train,13a101798d46fd3521b4c55c781dc66f374fad105e09f833d189fade47c0902e,/content/drive/MyDrive/AISC DeepFake Çalışmaları/FaceForensics_Projesi/real_frames/train/840/frame_000005.jpg
real_train_00409.jpg,real,638,real_video::638,component::b1e5c82f21bf3869,train,test,9ba7cad9da4866e9db025daec48d3a39b8d4a2c1ec9e2af788a9edc5e8b187ae,/content/drive/MyDrive/AISC DeepFake Çalışmaları/FaceForensics_Projesi/real_frames/train/638/frame_000020.jpg
real_train_00410.jpg,real,778,real_video::778,component::84d7c78ebce87205,train,train,21583a96e099c3ace65fce7736e347414fcf8c4e536804d9ccac75d17d7f4f1c,/content/drive/MyDrive/AISC DeepFake Çalışmaları/FaceForensics_Projesi/real_frames/train/778/frame_000013.jpg
real_train_00412.jpg,real,540,real_video::540,component::d7d12e4a0d7c57df,train,train,121fad3475bef592e5b51197a58efc19df5d11976776f4711713d1dc5a57f757,/content/drive/MyDrive/AISC DeepFake Çalışmaları/FaceForensics_Projesi/real_frames/train/540/frame_000048.jpg
real_train_00413.jpg,real,691,real_video::691,component::1c950c411c60fa90,train,train,f98befc98d4d5e43e4fb8ea4eec1d226db8c72b2e3eecd408360b26a1fe64b96,/content/drive/MyDrive/AISC DeepFake Çalışmaları/FaceForensics_Projesi/real_frames/train/691/frame_000026.jpg
real_train_00415.jpg,real,702,real_video::702,component::90c30c3eaac438f7,train,train,cc2ebe508ec5b2d59ad301cb53844ad1a42e125f57fd13299f1d53cb7c82f992,/content/drive/MyDrive/AISC DeepFake Çalışmaları/FaceForensics_Projesi/real_frames/train/702/frame_000008.jpg
real_train_00416.jpg,real,199,real_video::199,component::872a1a5dc1b75ad8,train,train,b65de8f9b816e315ba8a65ef2082efe2dc42b00e527e29904fb695191cf802e7,/content/drive/MyDrive/AISC DeepFake Çalışmaları/FaceForensics_Projesi/real_frames/train/199/frame_000011.jpg
real_train_00419.jpg,real,311,real_video::311,component::65aa8e23bf92cb75,train,train,9339fc7d96e22af241a60e2bb8bda62299ba5730584b5dbb5867ebd450287bca,/content/drive/MyDrive/AISC DeepFake Çalışmaları/FaceForensics_Projesi/real_frames/train/311/frame_000012.jpg
real_train_00421.jpg,real,832,real_video::832,component::657154a01acec12b,train,train,f429917e3f9e6e9cdd7dc6ba92c13cea2e3779ac97de808eb97ce27a55ef77db,/content/drive/MyDrive/AISC DeepFake Çalışmaları/FaceForensics_Projesi/real_frames/train/832/frame_000013.jpg
real_train_00422.jpg,real,123,real_video::123,component::abe95519059eff62,train,train,c71486bf9e00ffe711dc00eac6a631d23a6df3a30e07176b682426a0897747fd,/content/drive/MyDrive/AISC DeepFake Çalışmaları/FaceForensics_Projesi/real_frames/train/123/frame_000006.jpg
real_train_00427.jpg,real,615,real_video::615,component::734af98cf2e72a11,train,train,777d5424cc94e7aed74018ddd59e2fc12689f0c48aeb7b5517d25b2f92b79f9e,/content/drive/MyDrive/AISC DeepFake Çalışmaları/FaceForensics_Projesi/real_frames/train/615/frame_000013.jpg
real_train_00429.jpg,real,761,real_video::761,component::eadbd3d9c87d9c3a,train,val,8d6d99c89cb24b8a677b9fae355a207e3def0d42cdbee90afe2df9592fb338cf,/content/drive/MyDrive/AISC DeepFake Çalışmaları/FaceForensics_Projesi/real_frames/train/761/frame_000008.jpg
real_train_00430.jpg,real,423,real_video::423,component::024ac91240eeb812,train,train,55987c2a5570325ad7e06ba689cc7a7bea1604b6de75562015831fb2729761ec,/content/drive/MyDrive/AISC DeepFake Çalışmaları/FaceForensics_Projesi/real_frames/train/423/frame_000055.jpg
real_train_00432.jpg,real,201,real_video::201,component::6b7f776bae21e472,train,train,a525c47f385d2e1e3d136097e4c9219e56dc729d3866dd69f5636a195eb24e8c,/content/drive/MyDrive/AISC DeepFake Çalışmaları/FaceForensics_Projesi/real_frames/train/201/frame_000023.jpg
real_train_00437.jpg,real,149,real_video::149,component::4f83e9e728bb7653,train,train,f5c91e49e93237c40cb9ae4ea3776c3ac306dd0d3cdbf2a5e5a372659498d35b,/content/drive/MyDrive/AISC DeepFake Çalışmaları/FaceForensics_Projesi/real_frames/train/149/frame_000018.jpg
real_train_00438.jpg,real,342,real_video::342,component::4f1f0ecffa491b9b,train,train,af510bac44faf337742acf8aab3301f591820741ebd3699905d5baa54457c21a,/content/drive/MyDrive/AISC DeepFake Çalışmaları/FaceForensics_Projesi/real_frames/train/342/frame_000003.jpg
real_train_00440.jpg,real,793,real_video::793,component::c306ce95d75f741a,train,train,7feb6f8a37d6f7d026864ef30f96ca8231820c41453004fe4a564de4738417b7,/content/drive/MyDrive/AISC DeepFake Çalışmaları/FaceForensics_Projesi/real_frames/train/793/frame_000031.jpg
real_train_00441.jpg,real,326,real_video::326,component::4227017397629408,train,val,5da608090c6326ae4560a5f148dc9eedca1bcaaaeb6dedcc012b0cad166909bb,/content/drive/MyDrive/AISC DeepFake Çalışmaları/FaceForensics_Projesi/real_frames/train/326/frame_000027.jpg
real_train_00442.jpg,real,653,real_video::653,component::8ada3e7829d7593b,train,train,1bf37e765231deec6c4563ebdd400a4f58071e5783761f186d00abbcf7045f60,/content/drive/MyDrive/AISC DeepFake Çalışmaları/FaceForensics_Projesi/real_frames/train/653/frame_000018.jpg
real_train_00443.jpg,real,204,real_video::204,component::07d1c93a91463cd8,train,train,248a6173e65c6112cddf91a1398f3392f6516abaf0139af0f6a6656f4609f396,/content/drive/MyDrive/AISC DeepFake Çalışmaları/FaceForensics_Projesi/real_frames/train/204/frame_000015.jpg
real_train_00444.jpg,real,061,real_video::061,component::d41e5f494834f784,train,train,3ac3c3abb8f1a58d673bac074b2161caa42a68d8bb697e623c471023094a0443,/content/drive/MyDrive/AISC DeepFake Çalışmaları/FaceForensics_Projesi/real_frames/train/061/frame_000009.jpg
real_train_00445.jpg,real,222,real_video::222,component::943545ae63f0f143,train,val,a72d189be5c472ae7a4ea3da949be08891442e2d8754db591f0d1e30a727cbd4,/content/drive/MyDrive/AISC DeepFake Çalışmaları/FaceForensics_Projesi/real_frames/train/222/frame_000007.jpg
real_train_00446.jpg,real,823,real_video::823,component::0b855d59ce342347,train,train,be6dd810d799c50e81a652dc3f26273cf302b3f55780ee0371ecab587da8d1f6,/content/drive/MyDrive/AISC DeepFake Çalışmaları/FaceForensics_Projesi/real_frames/train/823/frame_000026.jpg
real_train_00448.jpg,real,878,real_video::878,component::93c7c8a5887e9bd6,train,val,c64b746f640ec0850ec7bf971ca8d55468b1b561963b1c4a117c481d68f47e73,/content/drive/MyDrive/AISC DeepFake Çalışmaları/FaceForensics_Projesi/real_frames/train/878/frame_000032.jpg
real_train_00449.jpg,real,770,real_video::770,component::aff224f3fd249008,train,train,6f5cdaee5450c943aadc5f04026f835933401b639dcccbd9006978f548af06c0,/content/drive/MyDrive/AISC DeepFake Çalışmaları/FaceForensics_Projesi/real_frames/train/770/frame_000011.jpg
real_train_00450.jpg,real,341,real_video::341,component::ddfdf4e1a555231c,train,train,cbf385769e28947434461b7214c82007fdd4b89ac7f78358b7ce0e8866b08a7e,/content/drive/MyDrive/AISC DeepFake Çalışmaları/FaceForensics_Projesi/real_frames/train/341/frame_000019.jpg
real_train_00451.jpg,real,740,real_video::740,component::94ebbbaf8e04ada6,train,val,c04585677086320aab032a73e29f4d4593bef85fa9fa789417672274b0efcef3,/content/drive/MyDrive/AISC DeepFake Çalışmaları/FaceForensics_Projesi/real_frames/train/740/frame_000009.jpg
real_train_00452.jpg,real,074,real_video::074,component::14dcb07c95ed93a6,train,train,50d758854bb8a231c162d2590d9838d0d1a7b31503484ee9826b0b03d09b9094,/content/drive/MyDrive/AISC DeepFake Çalışmaları/FaceForensics_Projesi/real_frames/train/074/frame_000019.jpg
real_train_00454.jpg,real,991,real_video::991,component::836a86dcafc90d0d,train,train,a0ff43d6484bb3ed91805bce8b773169fa8c444c30cd594f90e1956fb0eeb535,/content/drive/MyDrive/AISC DeepFake Çalışmaları/FaceForensics_Projesi/real_frames/train/991/frame_000020.jpg
real_train_00456.jpg,real,752,real_video::752,component::f0f984bb45db5d6f,train,train,830371635cf4b771de505531878b6cb59a6cfd12ae9eb4c91fba20462455d166,/content/drive/MyDrive/AISC DeepFake Çalışmaları/FaceForensics_Projesi/real_frames/train/752/frame_000018.jpg
real_train_00457.jpg,real,948,real_video::948,component::74bff62b62e3710c,train,train,9be12c76043a205fc2580faf5f8d20a720e281d983bf695fe066f5f7e81acc30,/content/drive/MyDrive/AISC DeepFake Çalışmaları/FaceForensics_Projesi/real_frames/train/948/frame_000007.jpg
real_train_00458.jpg,real,716,real_video::716,component::3204c40552e44269,train,train,f09df3b4e83ab11714b57a309fb9e39f6a7554d6170abf37151f89399693533a,/content/drive/MyDrive/AISC DeepFake Çalışmaları/FaceForensics_Projesi/real_frames/train/716/frame_000007.jpg
real_train_00459.jpg,real,716,real_video::716,component::3204c40552e44269,train,train,5e670791fa6fbf249404d6d7c12e0501decc049e34097821c6a97bef6c6d5372,/content/drive/MyDrive/AISC DeepFake Çalışmaları/FaceForensics_Projesi/real_frames/train/716/frame_000024.jpg
real_train_00460.jpg,real,582,real_video::582,component::d6e45b64eeb8a38c,train,train,f9d824d0fd911293f90858f4e54d7fe63b34e4ed60964a3edfe477249ab11dbd,/content/drive/MyDrive/AISC DeepFake Çalışmaları/FaceForensics_Projesi/real_frames/train/582/frame_000004.jpg
real_train_00462.jpg,real,040,real_video::040,component::c522ff1a4941f11f,train,train,714f6c7b6b82551c9952dbc4ade445a3386d784cc9fa998f2bf84e9538b5e1e8,/content/drive/MyDrive/AISC DeepFake Çalışmaları/FaceForensics_Projesi/real_frames/train/040/frame_000022.jpg
real_train_00463.jpg,real,391,real_video::391,component::45ee6f744eb8119e,train,train,77ea9617425be5e21f2da158f3d4b174ceb413a395a758cb18a2fd2c29ceacdd,/content/drive/MyDrive/AISC DeepFake Çalışmaları/FaceForensics_Projesi/real_frames/train/391/frame_000027.jpg
real_train_00464.jpg,real,779,real_video::779,component::0b665fc87f33aa99,train,train,f001ca10bbb1c89dda5104ce70405b52ada2a91587a9fd02ba002816524fe68e,/content/drive/MyDrive/AISC DeepFake Çalışmaları/FaceForensics_Projesi/real_frames/train/779/frame_000004.jpg
real_train_00465.jpg,real,556,real_video::556,component::d54356b856d454ff,train,train,00c1095047e1917eb6589352f4dca0149a38e78241314cbf4af316bdb233a563,/content/drive/MyDrive/AISC DeepFake Çalışmaları/FaceForensics_Projesi/real_frames/train/556/frame_000009.jpg
real_train_00466.jpg,real,088,real_video::088,component::2498927176cd5580,train,test,62e85ecf0c76602ca8dc0fa59f44476639bfe29616d84a8dcec41cdeec4e6fe5,/content/drive/MyDrive/AISC DeepFake Çalışmaları/FaceForensics_Projesi/real_frames/train/088/frame_000026.jpg
real_train_00467.jpg,real,878,real_video::878,component::93c7c8a5887e9bd6,train,val,226af1ce2cbd65d862a03fa0d7a4e351c56a234cc99f5a5c653ced42ce770d36,/content/drive/MyDrive/AISC DeepFake Çalışmaları/FaceForensics_Projesi/real_frames/train/878/frame_000021.jpg
real_train_00468.jpg,real,630,real_video::630,component::168090aecae88e5d,train,test,6e3d4632a0bdef937bb5ac52903aabae7d1b1dd45e29a37affaf57b32b8fe511,/content/drive/MyDrive/AISC DeepFake Çalışmaları/FaceForensics_Projesi/real_frames/train/630/frame_000018.jpg
real_train_00469.jpg,real,485,real_video::485,component::bb403bd096427613,train,train,2ce635f47ab9752d7e134ef23e0b5231274350365919e220831f6067771b530c,/content/drive/MyDrive/AISC DeepFake Çalışmaları/FaceForensics_Projesi/real_frames/train/485/frame_000016.jpg
real_train_00472.jpg,real,512,real_video::512,component::e67a3b0dd5edeb62,train,test,73bd6d564da638da6362cbd7e978f6704cb3c42f501283128c76b5a99726e00e,/content/drive/MyDrive/AISC DeepFake Çalışmaları/FaceForensics_Projesi/real_frames/train/512/frame_000033.jpg
real_train_00473.jpg,real,919,real_video::919,component::39c87f47476daf16,train,val,b598bdd8257d10f311e7efe1480daac1603f86fd7d249994c9bab73a167b8464,/content/drive/MyDrive/AISC DeepFake Çalışmaları/FaceForensics_Projesi/real_frames/train/919/frame_000013.jpg
real_train_00474.jpg,real,478,real_video::478,component::8316cafb2aafd2a4,train,train,4ae2c83f0cf50c9872ddaf5cf9cd6cc56b0b5143422cfdd828160cf3890694e9,/content/drive/MyDrive/AISC DeepFake Çalışmaları/FaceForensics_Projesi/real_frames/train/478/frame_000019.jpg
real_train_00475.jpg,real,368,real_video::368,component::47a07e50fb99015f,train,train,e63c75412c4039382f79a91a2ac0e680047a21276519d29d4e5461728d5aceb2,/content/drive/MyDrive/AISC DeepFake Çalışmaları/FaceForensics_Projesi/real_frames/train/368/frame_000017.jpg
real_train_00476.jpg,real,872,real_video::872,component::eaa46562f6c26b27,train,train,0015c552f9b6ab26f7229dc09dcbcaccdfd396aa037c27f0ba642e61109d97a5,/content/drive/MyDrive/AISC DeepFake Çalışmaları/FaceForensics_Projesi/real_frames/train/872/frame_000003.jpg
real_train_00477.jpg,real,124,real_video::124,component::9da8bb8d555476b2,train,train,a6bdf26e4ad5174c27e2b66b3230fd9563db08c1946ddf6a604bf9ffaa0aa5cb,/content/drive/MyDrive/AISC DeepFake Çalışmaları/FaceForensics_Projesi/real_frames/train/124/frame_000004.jpg
real_train_00478.jpg,real,641,real_video::641,component::ee28c4b797153a4a,train,val,16e11390db1208fbdf6a309d40f1c873ed08839d69b1b6644e49d48d25b7ec51,/content/drive/MyDrive/AISC DeepFake Çalışmaları/FaceForensics_Projesi/real_frames/train/641/frame_000006.jpg
real_train_00479.jpg,real,266,real_video::266,component::cadd93e48d137433,train,train,12a18d4f1c8d7760cf8537f8c25e9da8e62fb6a5b004e552e5a5632ec4167782,/content/drive/MyDrive/AISC DeepFake Çalışmaları/FaceForensics_Projesi/real_frames/train/266/frame_000005.jpg
real_train_00481.jpg,real,771,real_video::771,component::117e5c9768ea0fcf,train,train,e5ab90d9f308ea42391253e7d9477610e1e08068c8178fa848c4eae01a1a3450,/content/drive/MyDrive/AISC DeepFake Çalışmaları/FaceForensics_Projesi/real_frames/train/771/frame_000009.jpg
real_train_00484.jpg,real,506,real_video::506,component::7ce7f12c982286c0,train,train,d546ffebc45f28ece25ae921dfd9ccb880ae8dc5a8e4a5f65fd5354a062361c3,/content/drive/MyDrive/AISC DeepFake Çalışmaları/FaceForensics_Projesi/real_frames/train/506/frame_000029.jpg
real_train_00486.jpg,real,987,real_video::987,component::d1506b92ffed0bd4,train,train,7bd8b5157b6fcd8ae0b67b8945e0c546a5935a59f7da5e217d502ddd6e3cb305,/content/drive/MyDrive/AISC DeepFake Çalışmaları/FaceForensics_Projesi/real_frames/train/987/frame_000010.jpg
real_train_00487.jpg,real,447,real_video::447,component::794a6bddff4c61c7,train,train,c3f5458b94ac137022fa7580de86dd07dd1ffbc0269b06dd7851c9880883f339,/content/drive/MyDrive/AISC DeepFake Çalışmaları/FaceForensics_Projesi/real_frames/train/447/frame_000011.jpg
real_train_00489.jpg,real,232,real_video::232,component::f2edd3e98328c67b,train,train,d522cd3a16b5b1acf86d87c87565c8a93de0b6e294cf410c0daa009a9e11c6c3,/content/drive/MyDrive/AISC DeepFake Çalışmaları/FaceForensics_Projesi/real_frames/train/232/frame_000026.jpg
real_train_00490.jpg,real,028,real_video::028,component::8ac62a8ab1959f99,train,train,53b22212f2b9537b1d37629eb8a046250bca54668e47efb0206fce8e5d8a879d,/content/drive/MyDrive/AISC DeepFake Çalışmaları/FaceForensics_Projesi/real_frames/train/028/frame_000001.jpg
real_train_00491.jpg,real,398,real_video::398,component::10bbbc5576cfcd42,train,train,af2ff698fae46bbd14621fbfa49a728a5f14cfca338048558bdd4153324aed2b,/content/drive/MyDrive/AISC DeepFake Çalışmaları/FaceForensics_Projesi/real_frames/train/398/frame_000001.jpg
real_train_00492.jpg,real,987,real_video::987,component::d1506b92ffed0bd4,train,train,bf7003a65d870dffc9de3efe4323d6972143511abfb8d639091486e01a336650,/content/drive/MyDrive/AISC DeepFake Çalışmaları/FaceForensics_Projesi/real_frames/train/987/frame_000029.jpg
real_train_00494.jpg,real,088,real_video::088,component::2498927176cd5580,train,test,f06bbdb6782bc51760cd9fd1fba344256393d7025a4ef0361304541cd50c1710,/content/drive/MyDrive/AISC DeepFake Çalışmaları/FaceForensics_Projesi/real_frames/train/088/frame_000035.jpg
real_train_00495.jpg,real,403,real_video::403,component::b8f02b2ab6c36afc,train,train,0534c30ee79c9d2d3ed56a1cfb444c2d2edb9e0d7b1f4dee022fff65ed9b27a0,/content/drive/MyDrive/AISC DeepFake Çalışmaları/FaceForensics_Projesi/real_frames/train/403/frame_000020.jpg
real_train_00496.jpg,real,889,real_video::889,component::c78abafa4be785ab,train,train,27eb7c80a085025e238e0219564c039326c808fd05cc25d582a7b28cb280ee18,/content/drive/MyDrive/AISC DeepFake Çalışmaları/FaceForensics_Projesi/real_frames/train/889/frame_000018.jpg
real_train_00497.jpg,real,644,real_video::644,component::1bdd5469e5a3dc30,train,train,674ee97452c016bde5d794c748ea637cf0d9cc941769edef95098267535b5f75,/content/drive/MyDrive/AISC DeepFake Çalışmaları/FaceForensics_Projesi/real_frames/train/644/frame_000015.jpg
real_train_00498.jpg,real,336,real_video::336,component::73754f885a2f5ee4,train,train,bb39e5cf37976a4e4f172a05194dd3f2e3262350ffa19a79e6b4e1ceaddd440c,/content/drive/MyDrive/AISC DeepFake Çalışmaları/FaceForensics_Projesi/real_frames/train/336/frame_000021.jpg
real_train_00501.jpg,real,898,real_video::898,component::a14fba8290217fed,train,test,8dfe0ad344fc331a37b3305c9e8ea736a77972f591720197e40852dbc8d4dfd8,/content/drive/MyDrive/AISC DeepFake Çalışmaları/FaceForensics_Projesi/real_frames/train/898/frame_000008.jpg
real_train_00502.jpg,real,793,real_video::793,component::c306ce95d75f741a,train,train,95b7d433ced7ceee736a57e5dda9a0cb066d52bebbfcff133f384e786bd02a50,/content/drive/MyDrive/AISC DeepFake Çalışmaları/FaceForensics_Projesi/real_frames/train/793/frame_000030.jpg
real_train_00503.jpg,real,729,real_video::729,component::e55a7620a28965f7,train,val,aaf02342044ffb45e851beb2b3ce87614e69944ec535388ecf84cfcd550ed703,/content/drive/MyDrive/AISC DeepFake Çalışmaları/FaceForensics_Projesi/real_frames/train/729/frame_000022.jpg
real_train_00505.jpg,real,506,real_video::506,component::7ce7f12c982286c0,train,train,8cc37f7cf98afb6b794876855ab135010668e94ff3bf74633a0c75c27af6be6c,/content/drive/MyDrive/AISC DeepFake Çalışmaları/FaceForensics_Projesi/real_frames/train/506/frame_000008.jpg
real_train_00507.jpg,real,384,real_video::384,component::2f6feeb8c4ed16e0,train,train,e3c5e88a62e2cf8f7285cd6041252a483477692d9249968eadd59405a18605b2,/content/drive/MyDrive/AISC DeepFake Çalışmaları/FaceForensics_Projesi/real_frames/train/384/frame_000024.jpg
real_train_00508.jpg,real,406,real_video::406,component::19c45e8a960fd2d9,train,train,d238642290dfbcd204e477cfc532a8ac55a556f28c1eca6ef6b21952175e7cdb,/content/drive/MyDrive/AISC DeepFake Çalışmaları/FaceForensics_Projesi/real_frames/train/406/frame_000018.jpg
real_train_00509.jpg,real,262,real_video::262,component::59a09c11c1eba59d,train,test,12c46c8f92200705f0eddc70923bc804082d5a09844bbb693741c98cfbc74f75,/content/drive/MyDrive/AISC DeepFake Çalışmaları/FaceForensics_Projesi/real_frames/train/262/frame_000019.jpg
real_train_00511.jpg,real,119,real_video::119,component::dcae803a170ab1c2,train,train,2a5645fa963fd3370f4ecf20b4dd39ee28519314a257fbe67bccad5ca4416663,/content/drive/MyDrive/AISC DeepFake Çalışmaları/FaceForensics_Projesi/real_frames/train/119/frame_000008.jpg
real_train_00515.jpg,real,400,real_video::400,component::2761bc6be86fe17d,train,train,a88020de42f0376a2ccf95bb7f3abf0a896a7f3188bdefe3479a0885525e7d98,/content/drive/MyDrive/AISC DeepFake Çalışmaları/FaceForensics_Projesi/real_frames/train/400/frame_000019.jpg
real_train_00516.jpg,real,483,real_video::483,component::ec08db2f165e9842,train,train,d21246aa07c7a37e79ba48c259b464655754c8f4f63abeac68730f8a5b46bb12,/content/drive/MyDrive/AISC DeepFake Çalışmaları/FaceForensics_Projesi/real_frames/train/483/frame_000014.jpg
real_train_00517.jpg,real,784,real_video::784,component::ced8458c20f8ceb2,train,val,10ebd4b63739e6e25886520ed104046929ab932723a158ff1857fa410867b9b7,/content/drive/MyDrive/AISC DeepFake Çalışmaları/FaceForensics_Projesi/real_frames/train/784/frame_000017.jpg
real_train_00518.jpg,real,771,real_video::771,component::117e5c9768ea0fcf,train,train,a15240990d7030527788a02ca036eb57a2936156dee1ef339626f878c28220ed,/content/drive/MyDrive/AISC DeepFake Çalışmaları/FaceForensics_Projesi/real_frames/train/771/frame_000004.jpg
real_train_00520.jpg,real,304,real_video::304,component::d786c7aa5a613a1f,train,train,6905030356fd41f97ac0430e8173b1e69b0df047e3b0cadbef2445c406dc1ab3,/content/drive/MyDrive/AISC DeepFake Çalışmaları/FaceForensics_Projesi/real_frames/train/304/frame_000005.jpg
real_train_00521.jpg,real,796,real_video::796,component::0665ca48bf619325,train,train,de0b821972c3c94c928aa3e36b7665176e51f299f26580046fb1e4103c4efb02,/content/drive/MyDrive/AISC DeepFake Çalışmaları/FaceForensics_Projesi/real_frames/train/796/frame_000036.jpg
real_train_00522.jpg,real,435,real_video::435,component::49313b1565acb36b,train,train,92070c6f248c97158cfe91484e4823b73fe7c14b72add042ab810a3f4cbd08f8,/content/drive/MyDrive/AISC DeepFake Çalışmaları/FaceForensics_Projesi/real_frames/train/435/frame_000023.jpg
real_train_00523.jpg,real,700,real_video::700,component::78eb760ed37b0c30,train,val,098e041716a8d6c5483a06776f89154f65dbbc7f50f1db61bf2c727d050424c3,/content/drive/MyDrive/AISC DeepFake Çalışmaları/FaceForensics_Projesi/real_frames/train/700/frame_000007.jpg
real_train_00525.jpg,real,000,real_video::000,component::cca72a6fb54daaaf,train,train,c133f25ad798a62e23ace2511bbc47353dbd80ffbf95adab64e1ae1d3067abb5,/content/drive/MyDrive/AISC DeepFake Çalışmaları/FaceForensics_Projesi/real_frames/train/000/frame_000020.jpg
real_train_00527.jpg,real,795,real_video::795,component::046814369d077d52,train,train,d25a6a7a629fe01792032a0e04528389b2a1e7f98f57c5d136e49f03e8ef4e23,/content/drive/MyDrive/AISC DeepFake Çalışmaları/FaceForensics_Projesi/real_frames/train/795/frame_000011.jpg
real_train_00528.jpg,real,160,real_video::160,component::9901a8fbe78de314,train,train,b102f9c6551b62701468b196b9cbb41f0c2d18fe710399e2970cc2f399a864fe,/content/drive/MyDrive/AISC DeepFake Çalışmaları/FaceForensics_Projesi/real_frames/train/160/frame_000024.jpg
real_train_00530.jpg,real,122,real_video::122,component::5ccdd0709adbb2b0,train,val,ea7cac75c4bf9ab10464a49602b3beccba56780e616fbb1674bf51ca3d1c6cb4,/content/drive/MyDrive/AISC DeepFake Çalışmaları/FaceForensics_Projesi/real_frames/train/122/frame_000003.jpg
real_train_00534.jpg,real,507,real_video::507,component::4532a7c87e473f79,train,train,510114c03190e622f6caac131379b91a122ad20d5ac8fbba745b6524412ec731,/content/drive/MyDrive/AISC DeepFake Çalışmaları/FaceForensics_Projesi/real_frames/train/507/frame_000006.jpg
real_train_00535.jpg,real,948,real_video::948,component::74bff62b62e3710c,train,train,bdc5650b2674dc7e17294f7901f332596f973d51118bbd9c2a0ed17fb0e51239,/content/drive/MyDrive/AISC DeepFake Çalışmaları/FaceForensics_Projesi/real_frames/train/948/frame_000019.jpg
real_train_00536.jpg,real,997,real_video::997,component::06be63d8846ef83c,train,train,5a4a905ad8df826873d499fff585850ab89ac734767171817ae65a7089486c8d,/content/drive/MyDrive/AISC DeepFake Çalışmaları/FaceForensics_Projesi/real_frames/train/997/frame_000023.jpg
real_train_00537.jpg,real,780,real_video::780,component::02e4a417a1c6f9da,train,test,d9db57eccf18046730bf8ac93cd26d048c54bf629701a9679d9db20fe7d8086d,/content/drive/MyDrive/AISC DeepFake Çalışmaları/FaceForensics_Projesi/real_frames/train/780/frame_000018.jpg
real_train_00538.jpg,real,239,real_video::239,component::1de2bf2c2bb52749,train,train,792f5bef28876c0c3162ffeba5896dc52b777d1fd0eec5536e9479e5ebf13820,/content/drive/MyDrive/AISC DeepFake Çalışmaları/FaceForensics_Projesi/real_frames/train/239/frame_000007.jpg
real_train_00539.jpg,real,702,real_video::702,component::90c30c3eaac438f7,train,train,d2e3c02f1c0c3285cca6266c3c70af6c287e6fd87796546fff51a02a714f4d2f,/content/drive/MyDrive/AISC DeepFake Çalışmaları/FaceForensics_Projesi/real_frames/train/702/frame_000021.jpg
real_train_00540.jpg,real,942,real_video::942,component::d1204cd1add3cf96,train,train,5d8b9c0ea25e9f2e02e9b92d434160d6b65ec28ffc477143b61168ea6172701a,/content/drive/MyDrive/AISC DeepFake Çalışmaları/FaceForensics_Projesi/real_frames/train/942/frame_000000.jpg
real_train_00541.jpg,real,514,real_video::514,component::7e68c1f11837ed67,train,train,bbc1eca3230753390d81db13e35401422e84e30cfd91d5de28e5a12987cde7fc,/content/drive/MyDrive/AISC DeepFake Çalışmaları/FaceForensics_Projesi/real_frames/train/514/frame_000009.jpg
real_train_00543.jpg,real,543,real_video::543,component::c6822b17650acc3f,train,train,3bf7c3b079749f892e8cb83ccbccfaf4d95054416592963f6148abfe95322e38,/content/drive/MyDrive/AISC DeepFake Çalışmaları/FaceForensics_Projesi/real_frames/train/543/frame_000027.jpg
real_train_00544.jpg,real,943,real_video::943,component::b3e3b1445655d44d,train,train,5a78295296ba39981420512e613511abf81c25641ddb5a961582db51706fa885,/content/drive/MyDrive/AISC DeepFake Çalışmaları/FaceForensics_Projesi/real_frames/train/943/frame_000023.jpg
real_train_00545.jpg,real,105,real_video::105,component::3721043cdf77f6fa,train,train,8183e58fd2ebf31efd49d6c286dcbffd59bc60ea1a073a3b82a5ce82d0395682,/content/drive/MyDrive/AISC DeepFake Çalışmaları/FaceForensics_Projesi/real_frames/train/105/frame_000009.jpg
real_train_00546.jpg,real,063,real_video::063,component::6db20fbcabd1be05,train,train,553f13a59fbd9246ce54f0518b1506079af498dfb83285e42c404f143cf873bb,/content/drive/MyDrive/AISC DeepFake Çalışmaları/FaceForensics_Projesi/real_frames/train/063/frame_000045.jpg
real_train_00548.jpg,real,126,real_video::126,component::e3c0464e4eb069f9,train,train,1788544b7138ae248cd1f94cd842878bc723f83d67240255bc061a12cce22b03,/content/drive/MyDrive/AISC DeepFake Çalışmaları/FaceForensics_Projesi/real_frames/train/126/frame_000010.jpg
real_train_00549.jpg,real,717,real_video::717,component::85b7614ab2af517e,train,train,dcc2d06c07bab5e33329645ce7952c009dab332ace53518a4066074b9a6ad1ab,/content/drive/MyDrive/AISC DeepFake Çalışmaları/FaceForensics_Projesi/real_frames/train/717/frame_000004.jpg
real_train_00551.jpg,real,715,real_video::715,component::a382285d7fd36efe,train,train,5f0e0bbb910784789ad2d1c166d041af327e38af02f11245a0d329618cadde0c,/content/drive/MyDrive/AISC DeepFake Çalışmaları/FaceForensics_Projesi/real_frames/train/715/frame_000037.jpg
real_train_00552.jpg,real,495,real_video::495,component::d33c36b819bf5c77,train,train,dfc07030b67eb040a5e979081500e87a0b199d18a674ca3fa1eda3585371b462,/content/drive/MyDrive/AISC DeepFake Çalışmaları/FaceForensics_Projesi/real_frames/train/495/frame_000017.jpg
real_train_00555.jpg,real,418,real_video::418,component::b0393b1c6904e9a5,train,test,11971a079001c4b31746377eb98371d56c2fcb516ca994d74a52c3f21ccb0a81,/content/drive/MyDrive/AISC DeepFake Çalışmaları/FaceForensics_Projesi/real_frames/train/418/frame_000000.jpg
real_train_00557.jpg,real,522,real_video::522,component::faf497a8fb1303d3,train,train,7d7ae2bfb05444b17bd312fd1cb1c407fc8976611cdeb779eab0747e1eaaff57,/content/drive/MyDrive/AISC DeepFake Çalışmaları/FaceForensics_Projesi/real_frames/train/522/frame_000025.jpg
real_train_00558.jpg,real,434,real_video::434,component::0d64a312f02f9b8d,train,train,794b00d027655cdea323093888560e792087104497721c433ac1440bc7728707,/content/drive/MyDrive/AISC DeepFake Çalışmaları/FaceForensics_Projesi/real_frames/train/434/frame_000002.jpg
real_train_00559.jpg,real,001,real_video::001,component::9c97a22fe3e68c93,train,train,887c7dc345e053162b16f9330b9a2de3d8909805084f4eaf61b456eba25a05ae,/content/drive/MyDrive/AISC DeepFake Çalışmaları/FaceForensics_Projesi/real_frames/train/001/frame_000006.jpg
real_train_00561.jpg,real,939,real_video::939,component::cda085a121811dc9,train,train,2e02c16cca0f9c3e469a9111e67eb247e9186a726886d4a658a29844a70ac640,/content/drive/MyDrive/AISC DeepFake Çalışmaları/FaceForensics_Projesi/real_frames/train/939/frame_000020.jpg
real_train_00562.jpg,real,490,real_video::490,component::371a44ed1c302389,train,train,59619c5b491ba36a19bf956f0139eb09d9593d6b1d8a3c58f525a3b0ceeec1c9,/content/drive/MyDrive/AISC DeepFake Çalışmaları/FaceForensics_Projesi/real_frames/train/490/frame_000011.jpg
real_train_00563.jpg,real,090,real_video::090,component::cb06d34933ab0700,train,train,f17d5c6d386c085da5b74cb7ff6755fc4694bf22a9bd76c34764f0e33e0e9d37,/content/drive/MyDrive/AISC DeepFake Çalışmaları/FaceForensics_Projesi/real_frames/train/090/frame_000028.jpg
real_train_00565.jpg,real,804,real_video::804,component::b89fc3586c6c41ae,train,train,f8ac804187e6d1f3ef23f640c49c7d06871355ee383915ff2cd7ed00cf7088a5,/content/drive/MyDrive/AISC DeepFake Çalışmaları/FaceForensics_Projesi/real_frames/train/804/frame_000003.jpg
real_train_00566.jpg,real,638,real_video::638,component::b1e5c82f21bf3869,train,test,f81db9a4d1f0330b56547122788e0fda07bfbe1f1733309cad7da3767804ea9a,/content/drive/MyDrive/AISC DeepFake Çalışmaları/FaceForensics_Projesi/real_frames/train/638/frame_000009.jpg
real_train_00567.jpg,real,107,real_video::107,component::b93329b63afbe0c4,train,train,a43758f48daa186e03ff5921bd1450d3565aa007c09e3cac785aaa460956a3f8,/content/drive/MyDrive/AISC DeepFake Çalışmaları/FaceForensics_Projesi/real_frames/train/107/frame_000025.jpg
real_train_00568.jpg,real,539,real_video::539,component::4f72532e195bb426,train,train,6133ed807361cf9a41037eb5ca0836f1648256327bdb9dd927c618ee208ba4ac,/content/drive/MyDrive/AISC DeepFake Çalışmaları/FaceForensics_Projesi/real_frames/train/539/frame_000007.jpg
real_train_00569.jpg,real,007,real_video::007,component::fe3baeeaa17e1b61,train,val,9eb6a14873bcbda43277b24c43e96739de6d147579957e79b0bd63d2e8a95bf2,/content/drive/MyDrive/AISC DeepFake Çalışmaları/FaceForensics_Projesi/real_frames/train/007/frame_000000.jpg
real_train_00570.jpg,real,326,real_video::326,component::4227017397629408,train,val,137ba189d22f8d625279738bcac672619b38938184a8f3b6e32717e00f2cc2cb,/content/drive/MyDrive/AISC DeepFake Çalışmaları/FaceForensics_Projesi/real_frames/train/326/frame_000050.jpg
real_train_00571.jpg,real,563,real_video::563,component::3bd5b374f2e7e7a0,train,train,f611b98eb2c265dd29dd9bf0930129be0828bc0eff0289c2337885541e82916d,/content/drive/MyDrive/AISC DeepFake Çalışmaları/FaceForensics_Projesi/real_frames/train/563/frame_000010.jpg
real_train_00572.jpg,real,632,real_video::632,component::1c89593cdb8a0d7f,train,train,a3ac775cd454a7810691652bfa96b69f7c04b44129ad0b79cba348de4877638a,/content/drive/MyDrive/AISC DeepFake Çalışmaları/FaceForensics_Projesi/real_frames/train/632/frame_000003.jpg
real_train_00573.jpg,real,617,real_video::617,component::c90ce989a31b9eb1,train,train,ca23d4b3c8a63356d7e5ace7c073e39422cb77f64e68f5540d19233fed133878,/content/drive/MyDrive/AISC DeepFake Çalışmaları/FaceForensics_Projesi/real_frames/train/617/frame_000007.jpg
real_train_00574.jpg,real,294,real_video::294,component::660aa146a2f13219,train,train,9b174e72a5ed3a0b4233b4b5414696f11b576203d0ad319a0b6e33eaa3e64728,/content/drive/MyDrive/AISC DeepFake Çalışmaları/FaceForensics_Projesi/real_frames/train/294/frame_000020.jpg
real_train_00575.jpg,real,940,real_video::940,component::7e54646e96bc8c9a,train,val,e7f3dc45948c254288f15579e1eb0a7f86e456ac4c89431f5717887517a68e31,/content/drive/MyDrive/AISC DeepFake Çalışmaları/FaceForensics_Projesi/real_frames/train/940/frame_000012.jpg
real_train_00578.jpg,real,255,real_video::255,component::a7bdb5a4af0ad7c8,train,train,b51bfe094eaf16f65b2aa2ffe0f7d24a212d86fcbcaf746a341fb3aecfd79b7a,/content/drive/MyDrive/AISC DeepFake Çalışmaları/FaceForensics_Projesi/real_frames/train/255/frame_000004.jpg
real_train_00581.jpg,real,766,real_video::766,component::3e2945d2d27a4672,train,train,ee97739e59a150df7ac41595580ba956c5583cc84c2dc6c2b90d3f3543ef12d1,/content/drive/MyDrive/AISC DeepFake Çalışmaları/FaceForensics_Projesi/real_frames/train/766/frame_000039.jpg
real_train_00582.jpg,real,243,real_video::243,component::ac4dc62d29a08ff7,train,train,d8e93ccca301fac84bbddad151c37b4041a82c61bb075a9cc262f98796df6337,/content/drive/MyDrive/AISC DeepFake Çalışmaları/FaceForensics_Projesi/real_frames/train/243/frame_000015.jpg
real_train_00584.jpg,real,761,real_video::761,component::eadbd3d9c87d9c3a,train,val,b97e584be49b2a772daa39259001174b22569e9ce01d5f5d9ffa4351e9b032ac,/content/drive/MyDrive/AISC DeepFake Çalışmaları/FaceForensics_Projesi/real_frames/train/761/frame_000003.jpg
real_train_00588.jpg,real,133,real_video::133,component::ba905fade0c0e341,train,train,f4eab7bcbca8d0b2e8f07479274f47b46d951144839913228755f6d9715a08e7,/content/drive/MyDrive/AISC DeepFake Çalışmaları/FaceForensics_Projesi/real_frames/train/133/frame_000017.jpg
real_train_00589.jpg,real,301,real_video::301,component::724607dc48cf0873,train,train,2162692e3ed4de53b6c07961a6cc5a5ab019228f11a502cd09bebc65bebe731c,/content/drive/MyDrive/AISC DeepFake Çalışmaları/FaceForensics_Projesi/real_frames/train/301/frame_000031.jpg
real_train_00590.jpg,real,578,real_video::578,component::2192771a302dc9ce,train,val,33c2dd978e4d3da1b46dc6bccca584b9f125cf7d40202b799f21d5671ddd1e76,/content/drive/MyDrive/AISC DeepFake Çalışmaları/FaceForensics_Projesi/real_frames/train/578/frame_000000.jpg
real_train_00594.jpg,real,414,real_video::414,component::2fd1e5d73bae460d,train,val,571e2c9c21c08757478e9a3d1334f29808e9229f4755f7d67699ae43fb0a3057,/content/drive/MyDrive/AISC DeepFake Çalışmaları/FaceForensics_Projesi/real_frames/train/414/frame_000020.jpg
real_train_00596.jpg,real,635,real_video::635,component::b87cbf57b727c4ff,train,train,19a0d9e6d373dc3f99479f2301911ddea057c6b16631cafe3228f6d4acf066c7,/content/drive/MyDrive/AISC DeepFake Çalışmaları/FaceForensics_Projesi/real_frames/train/635/frame_000004.jpg
real_train_00598.jpg,real,262,real_video::262,component::59a09c11c1eba59d,train,test,2b5e53ab29ca421addb60ca219cd49f9865c7bfa16610ba55405bf52a65b87ef,/content/drive/MyDrive/AISC DeepFake Çalışmaları/FaceForensics_Projesi/real_frames/train/262/frame_000000.jpg
real_train_00599.jpg,real,922,real_video::922,component::ed0bcddf5f25c37b,train,test,46f5868670ca0c3efa0f909519ebbd3f049b599a374b8a1b9da5864c4ff4c446,/content/drive/MyDrive/AISC DeepFake Çalışmaları/FaceForensics_Projesi/real_frames/train/922/frame_000013.jpg
real_train_00600.jpg,real,554,real_video::554,component::0a5469dc6629eb93,train,train,74cce47d88598d40a65e3ecb93979fd151ca5fd50aead889a262f4ebddf684ce,/content/drive/MyDrive/AISC DeepFake Çalışmaları/FaceForensics_Projesi/real_frames/train/554/frame_000001.jpg
real_train_00602.jpg,real,497,real_video::497,component::4f75840f4745f49a,train,test,3db01dfa7497aefde735d3872ee0fd0ef97a9240d75b1570b4f0e7d401e7b992,/content/drive/MyDrive/AISC DeepFake Çalışmaları/FaceForensics_Projesi/real_frames/train/497/frame_000009.jpg
real_train_00604.jpg,real,744,real_video::744,component::4798cc22123e8f29,train,train,ab01c0421d9f419689bc187c2f6b07e09a42192be95e39d298cbca9e46aa7820,/content/drive/MyDrive/AISC DeepFake Çalışmaları/FaceForensics_Projesi/real_frames/train/744/frame_000007.jpg
real_train_00605.jpg,real,249,real_video::249,component::eb38377bc10261d8,train,train,fe025de6202086ecc09ec4af711f1cc3cec84a84d6868d4ffb9e0e84da964d2c,/content/drive/MyDrive/AISC DeepFake Çalışmaları/FaceForensics_Projesi/real_frames/train/249/frame_000029.jpg
real_train_00606.jpg,real,855,real_video::855,component::81e49908afde8695,train,val,7a82f83f0129b656889205c92da06f75ac2804d4c22f6030ec63bba96ab1f3ae,/content/drive/MyDrive/AISC DeepFake Çalışmaları/FaceForensics_Projesi/real_frames/train/855/frame_000025.jpg
real_train_00607.jpg,real,001,real_video::001,component::9c97a22fe3e68c93,train,train,63959b4c8f851d7485691b7878d8cfede8c6d48b162ff3548ff8a8eefed6c561,/content/drive/MyDrive/AISC DeepFake Çalışmaları/FaceForensics_Projesi/real_frames/train/001/frame_000001.jpg
real_train_00608.jpg,real,125,real_video::125,component::22d3c7c6b25eed98,train,test,244769b2db3328dca366adf3e85bddc13cfddb90dd8cd9dd90815f1d191b45c5,/content/drive/MyDrive/AISC DeepFake Çalışmaları/FaceForensics_Projesi/real_frames/train/125/frame_000013.jpg
real_train_00609.jpg,real,053,real_video::053,component::0d0d659aafcce34f,train,train,cf7393d22b79eddbdb798370d7b7a81ed354106dc3b6e6f45912684942b23c2c,/content/drive/MyDrive/AISC DeepFake Çalışmaları/FaceForensics_Projesi/real_frames/train/053/frame_000022.jpg
real_train_00610.jpg,real,023,real_video::023,component::acde87d0bd60aee6,train,train,333eda030f8438b7db16e471fd5f526b29ce6baa150cc2d030e036ea87a9e5e9,/content/drive/MyDrive/AISC DeepFake Çalışmaları/FaceForensics_Projesi/real_frames/train/023/frame_000028.jpg
real_train_00611.jpg,real,625,real_video::625,component::1e053444d58d9795,train,test,22968fb8e7e74b51e4910de943c9ec6e9ba422c1b57d2f209090e885d4227c8b,/content/drive/MyDrive/AISC DeepFake Çalışmaları/FaceForensics_Projesi/real_frames/train/625/frame_000014.jpg
real_train_00615.jpg,real,428,real_video::428,component::994da4007651db69,train,train,61db2553bd37cff765e75b4f4fa56e4a23437f349b6a3f502d0127c27ebfae35,/content/drive/MyDrive/AISC DeepFake Çalışmaları/FaceForensics_Projesi/real_frames/train/428/frame_000007.jpg
real_train_00616.jpg,real,407,real_video::407,component::d613c3d99ef4eb2a,train,train,570388d890cd581dc3b8b26371970ed894a7ba675f051a57094c62b1935351ed,/content/drive/MyDrive/AISC DeepFake Çalışmaları/FaceForensics_Projesi/real_frames/train/407/frame_000005.jpg
real_train_00617.jpg,real,101,real_video::101,component::75380b3049771585,train,test,d2c0990e797b5e1ae21f2e7e43de93e16490ced21217d0ba382c6c2771dc9d2b,/content/drive/MyDrive/AISC DeepFake Çalışmaları/FaceForensics_Projesi/real_frames/train/101/frame_000039.jpg
real_train_00619.jpg,real,137,real_video::137,component::6eac97d12dcdadd5,train,train,86c98501a1281e3b8a4ffa13bfbb97efccb4a272676ef17fd3c327c3387196d1,/content/drive/MyDrive/AISC DeepFake Çalışmaları/FaceForensics_Projesi/real_frames/train/137/frame_000015.jpg
real_train_00620.jpg,real,553,real_video::553,component::0cb898508837a8a0,train,train,362d338eca8611242f7116bf84862c8630711e9ea45719d396ed926ac3dd8aa4,/content/drive/MyDrive/AISC DeepFake Çalışmaları/FaceForensics_Projesi/real_frames/train/553/frame_000005.jpg
real_train_00622.jpg,real,499,real_video::499,component::e507b8ccea12730c,train,train,3cc4b53d3bf394b99ff50f6c06e2cf8a35f67e057f0566b0a27576aec50be2a8,/content/drive/MyDrive/AISC DeepFake Çalışmaları/FaceForensics_Projesi/real_frames/train/499/frame_000009.jpg
real_train_00623.jpg,real,949,real_video::949,component::2d974ed329f4992a,train,train,e7397a03fe4faa4669eefe5964eaa1cebec6b3535e2329faf216b8774669cba9,/content/drive/MyDrive/AISC DeepFake Çalışmaları/FaceForensics_Projesi/real_frames/train/949/frame_000015.jpg
real_train_00624.jpg,real,446,real_video::446,component::5f83b4cded3d5614,train,train,844bcf31e199bccc65dfdd25ae088e6d4c7822c6c6d72fd383651f63c90a54f7,/content/drive/MyDrive/AISC DeepFake Çalışmaları/FaceForensics_Projesi/real_frames/train/446/frame_000001.jpg
real_train_00626.jpg,real,561,real_video::561,component::dc7ae51350291c4b,train,train,05e3bc1bfaecf79b92f880dd0f233f06ec0e2c6c18f9c7b0c7a9923ce109bc2f,/content/drive/MyDrive/AISC DeepFake Çalışmaları/FaceForensics_Projesi/real_frames/train/561/frame_000010.jpg
real_train_00627.jpg,real,724,real_video::724,component::3b80ff7b3180f97a,train,train,9d29878e029cf785c2377fadea0c1dc8298f7e13df7b84e0a29d3a1e59fee291,/content/drive/MyDrive/AISC DeepFake Çalışmaları/FaceForensics_Projesi/real_frames/train/724/frame_000001.jpg
real_train_00628.jpg,real,962,real_video::962,component::ab4321fa771c7ed1,train,train,d260d19d2a188421df95e3fb4a462c8fde3a2213682e4c7aae5348cd7c24fa15,/content/drive/MyDrive/AISC DeepFake Çalışmaları/FaceForensics_Projesi/real_frames/train/962/frame_000018.jpg
real_train_00630.jpg,real,571,real_video::571,component::f68943ca27e6745e,train,train,a2056d091a86222edc650122f3ff67fa7b9d1b4effe16678079bacc36fefa533,/content/drive/MyDrive/AISC DeepFake Çalışmaları/FaceForensics_Projesi/real_frames/train/571/frame_000012.jpg
real_train_00631.jpg,real,788,real_video::788,component::f9a4ff2d8dc4b48c,train,test,994e78851873fdf5b17bae4471f33609c1529c0d045e27d9167959c95d22338f,/content/drive/MyDrive/AISC DeepFake Çalışmaları/FaceForensics_Projesi/real_frames/train/788/frame_000018.jpg
real_train_00632.jpg,real,752,real_video::752,component::f0f984bb45db5d6f,train,train,53cf35d5181ccb9748c98c729708c83ebe51b03da430a79aa6e89f248c820f1f,/content/drive/MyDrive/AISC DeepFake Çalışmaları/FaceForensics_Projesi/real_frames/train/752/frame_000030.jpg
real_train_00633.jpg,real,896,real_video::896,component::8ce351bd28877d32,train,test,af04c8a2b7d431909aa5e8094e25675765b4673c5b8f1c3f2f95ec76a445568f,/content/drive/MyDrive/AISC DeepFake Çalışmaları/FaceForensics_Projesi/real_frames/train/896/frame_000029.jpg
real_train_00635.jpg,real,949,real_video::949,component::2d974ed329f4992a,train,train,b9eeda49d22f64c54ecfb9aff11597f87684ac5338b8993054abf50bddf6541e,/content/drive/MyDrive/AISC DeepFake Çalışmaları/FaceForensics_Projesi/real_frames/train/949/frame_000023.jpg
real_train_00636.jpg,real,515,real_video::515,component::57c1dc23f8f2d497,train,train,2338b95b9c5cb26f7d8b40c0f17bd7a11e0185fe7d97f1b82bd1da96f4c176ec,/content/drive/MyDrive/AISC DeepFake Çalışmaları/FaceForensics_Projesi/real_frames/train/515/frame_000000.jpg
real_train_00637.jpg,real,361,real_video::361,component::844d8ba234dabe50,train,train,24e14a4be1e1c42eba8569de4917ac7cdcca7e236ec975ab4e3193fd44dc53d4,/content/drive/MyDrive/AISC DeepFake Çalışmaları/FaceForensics_Projesi/real_frames/train/361/frame_000006.jpg
real_train_00641.jpg,real,734,real_video::734,component::7f8119942a4fd5a7,train,train,2ee98993dcc928e1465a2415df90ee37f72ce9857be2e984eccc602ff159b921,/content/drive/MyDrive/AISC DeepFake Çalışmaları/FaceForensics_Projesi/real_frames/train/734/frame_000037.jpg
real_train_00642.jpg,real,164,real_video::164,component::8a3536f0d6ec0230,train,train,8801cb479cf85ddb959c9c0de5a80a0b1229f3d9a446ce1ce349b3ad6bddc48f,/content/drive/MyDrive/AISC DeepFake Çalışmaları/FaceForensics_Projesi/real_frames/train/164/frame_000042.jpg
real_train_00643.jpg,real,377,real_video::377,component::9cc7a22c7f903b02,train,train,d2648f7465e3dd18f6af2cfe0703273e236dd8f62b25e0cf33306d3428b3f972,/content/drive/MyDrive/AISC DeepFake Çalışmaları/FaceForensics_Projesi/real_frames/train/377/frame_000008.jpg
real_train_00644.jpg,real,540,real_video::540,component::d7d12e4a0d7c57df,train,train,2dd9cd92a2ec7e313eaf1e5208c0cc7bbfb69e8c6dcc4e523373977ec090fbab,/content/drive/MyDrive/AISC DeepFake Çalışmaları/FaceForensics_Projesi/real_frames/train/540/frame_000052.jpg
real_train_00645.jpg,real,019,real_video::019,component::83c446c829b36842,train,train,53d6ad2a05a19a67d20d5facc5eea9d8e0de17f674aa2525d52556e63b699125,/content/drive/MyDrive/AISC DeepFake Çalışmaları/FaceForensics_Projesi/real_frames/train/019/frame_000011.jpg
real_train_00646.jpg,real,054,real_video::054,component::6233be08f4f181be,train,val,f0c5bed4c90235762947f64799d959092e279e2059d6b2f03155c7a2c46306bd,/content/drive/MyDrive/AISC DeepFake Çalışmaları/FaceForensics_Projesi/real_frames/train/054/frame_000001.jpg
real_train_00647.jpg,real,169,real_video::169,component::e6f0223debe4d440,train,train,e300ddf71c222983aabd07bcaa90c49e699f028648de6020d0ff402a77e69991,/content/drive/MyDrive/AISC DeepFake Çalışmaları/FaceForensics_Projesi/real_frames/train/169/frame_000009.jpg
real_train_00650.jpg,real,761,real_video::761,component::eadbd3d9c87d9c3a,train,val,5454b60a736ab04643a8bb017431028c45121d9a6c7400a946d187a579396a9a,/content/drive/MyDrive/AISC DeepFake Çalışmaları/FaceForensics_Projesi/real_frames/train/761/frame_000014.jpg
real_train_00651.jpg,real,729,real_video::729,component::e55a7620a28965f7,train,val,1f0d7bff7d70e05e6ddf82a9531c49d5db6745d2459b8c32a160239964664f82,/content/drive/MyDrive/AISC DeepFake Çalışmaları/FaceForensics_Projesi/real_frames/train/729/frame_000016.jpg
real_train_00654.jpg,real,007,real_video::007,component::fe3baeeaa17e1b61,train,val,8421b6a1dad82d4a5c0c507215fed6a55daad278a4e08940a7602a2255442b3c,/content/drive/MyDrive/AISC DeepFake Çalışmaları/FaceForensics_Projesi/real_frames/train/007/frame_000024.jpg
real_train_00655.jpg,real,813,real_video::813,component::66c0a422173816e2,train,train,6438b89d7a421d4455c0fe11a2287020a93ca9bffaf3f4e8b7d5822644053aab,/content/drive/MyDrive/AISC DeepFake Çalışmaları/FaceForensics_Projesi/real_frames/train/813/frame_000010.jpg
real_train_00656.jpg,real,977,real_video::977,component::2ecb2c6334cabf9b,train,train,3900194791e9b4cac5ca1bfab1f26147d2e521cbd917faa8c37c5a3541efa5f8,/content/drive/MyDrive/AISC DeepFake Çalışmaları/FaceForensics_Projesi/real_frames/train/977/frame_000024.jpg
real_train_00657.jpg,real,850,real_video::850,component::630f915ae75d9f00,train,train,30e5cd3020c98c28d1e2466695d06df980423b0def25fea7af1c5edbe3d8b340,/content/drive/MyDrive/AISC DeepFake Çalışmaları/FaceForensics_Projesi/real_frames/train/850/frame_000025.jpg
real_train_00658.jpg,real,924,real_video::924,component::64514af94ad4aca5,train,train,00c85f7e5b51cf22fbc179eb421287e22edb5040525079a6b1f98cdf1b0af2c7,/content/drive/MyDrive/AISC DeepFake Çalışmaları/FaceForensics_Projesi/real_frames/train/924/frame_000029.jpg
real_train_00659.jpg,real,064,real_video::064,component::171e4e7f6d95ea47,train,train,b5dcbdf52948f3397666bc8bc47ac58d21de5b27b19069c39cc2f627982bb5b6,/content/drive/MyDrive/AISC DeepFake Çalışmaları/FaceForensics_Projesi/real_frames/train/064/frame_000009.jpg
real_train_00661.jpg,real,524,real_video::524,component::c720156bf833c1c5,train,train,594e0c5bc12105ad449e588421df7d15551cd32c5da9b64ebbb2de80ea5ee61f,/content/drive/MyDrive/AISC DeepFake Çalışmaları/FaceForensics_Projesi/real_frames/train/524/frame_000006.jpg
real_train_00662.jpg,real,426,real_video::426,component::67802d002966b1c5,train,val,c857d23408932f0f0a0aa54e2be46e49ed19b12c2339ad064867311b80b9c173,/content/drive/MyDrive/AISC DeepFake Çalışmaları/FaceForensics_Projesi/real_frames/train/426/frame_000015.jpg
real_train_00663.jpg,real,462,real_video::462,component::33a6d431f00c0c41,train,train,a12ee07b3e345e8483b2abc5cb26d4b4a2916ce24be7f655097a97a995beedb3,/content/drive/MyDrive/AISC DeepFake Çalışmaları/FaceForensics_Projesi/real_frames/train/462/frame_000023.jpg
real_train_00664.jpg,real,534,real_video::534,component::ab3b7466640f5ab1,train,train,12c782ec820317cb6b683759b729c7986fc8f5ed85baacbd93ec2dd481e73ef7,/content/drive/MyDrive/AISC DeepFake Çalışmaları/FaceForensics_Projesi/real_frames/train/534/frame_000005.jpg
real_train_00667.jpg,real,568,real_video::568,component::0b4bd1c1a44c24cf,train,train,c60db8978ede899f04eaedf3664d2df26686fe9e6ce01227ce57c5da237aa09e,/content/drive/MyDrive/AISC DeepFake Çalışmaları/FaceForensics_Projesi/real_frames/train/568/frame_000009.jpg
real_train_00670.jpg,real,874,real_video::874,component::390695d32aa8e7a3,train,train,d34e5f604bef0e16bbc2cf53bc62c3d1a5a76fa622afafe2a352e8f7e0e7a6cd,/content/drive/MyDrive/AISC DeepFake Çalışmaları/FaceForensics_Projesi/real_frames/train/874/frame_000013.jpg
real_train_00674.jpg,real,752,real_video::752,component::f0f984bb45db5d6f,train,train,bd3e57d27ae0e577e6c9b4ba3eedbf61c170673065740b96039493b600cb9e32,/content/drive/MyDrive/AISC DeepFake Çalışmaları/FaceForensics_Projesi/real_frames/train/752/frame_000031.jpg
real_train_00676.jpg,real,949,real_video::949,component::2d974ed329f4992a,train,train,d963cecd8be228bab2f0cb9ed6f241cd3d9a3402a66147a5264ea04f2fdfcc14,/content/drive/MyDrive/AISC DeepFake Çalışmaları/FaceForensics_Projesi/real_frames/train/949/frame_000020.jpg
real_train_00679.jpg,real,179,real_video::179,component::9f16b9e40cbbe5c7,train,train,229bbedee45a84ee0afaa3b5076e363ffd8b8a446b742b7b77b6d4f56e4587ec,/content/drive/MyDrive/AISC DeepFake Çalışmaları/FaceForensics_Projesi/real_frames/train/179/frame_000034.jpg
real_train_00681.jpg,real,120,real_video::120,component::c6386acf13de055b,train,train,b8bebf7ed13c324e046b3290cfc18a0032f7e56def8030acb8f731f521865d5a,/content/drive/MyDrive/AISC DeepFake Çalışmaları/FaceForensics_Projesi/real_frames/train/120/frame_000009.jpg
real_train_00682.jpg,real,513,real_video::513,component::5772f4a5d8b50e56,train,train,45c278dba637e317ea6e809913d068ffb61978f6a9385cb352f8ef0144e6cedb,/content/drive/MyDrive/AISC DeepFake Çalışmaları/FaceForensics_Projesi/real_frames/train/513/frame_000003.jpg
real_train_00685.jpg,real,304,real_video::304,component::d786c7aa5a613a1f,train,train,eda85b42ea288b6d96a2e9cbcd628394147c541c9312cec933e1da2bea417480,/content/drive/MyDrive/AISC DeepFake Çalışmaları/FaceForensics_Projesi/real_frames/train/304/frame_000008.jpg
real_train_00686.jpg,real,075,real_video::075,component::9df4396595baf3ac,train,train,f2906b46833eddb45756c406acb6d17eadaebe5f61f728f2541dc2807bfeda29,/content/drive/MyDrive/AISC DeepFake Çalışmaları/FaceForensics_Projesi/real_frames/train/075/frame_000010.jpg
real_train_00689.jpg,real,283,real_video::283,component::090af0697cff5f7e,train,train,e0c2f3bb7ddc2fb05150f00ebbb9381fd51373a92c7af96f531f9b064e098ec5,/content/drive/MyDrive/AISC DeepFake Çalışmaları/FaceForensics_Projesi/real_frames/train/283/frame_000036.jpg
real_train_00690.jpg,real,976,real_video::976,component::dab6fc5ce0af5841,train,train,3b547ebcdf35d8e2d0453d6ed58fc918183ea31ccf574f17619cdea78f7a99a9,/content/drive/MyDrive/AISC DeepFake Çalışmaları/FaceForensics_Projesi/real_frames/train/976/frame_000010.jpg
real_train_00691.jpg,real,206,real_video::206,component::523083d5d5251e1d,train,train,055bf9f720fbd14ba58e40d95ff4e85cb35cc44dcbb165aecccbb6983a006973,/content/drive/MyDrive/AISC DeepFake Çalışmaları/FaceForensics_Projesi/real_frames/train/206/frame_000018.jpg
real_train_00692.jpg,real,343,real_video::343,component::aca65bc50e732f7e,train,train,34cc3cbd01845fccc8e62ca0d49829438ec3bf00673ad9c520af15fa2ab69a9c,/content/drive/MyDrive/AISC DeepFake Çalışmaları/FaceForensics_Projesi/real_frames/train/343/frame_000006.jpg
real_train_00694.jpg,real,333,real_video::333,component::db4b89678beb28b7,train,train,0c91c3b668b34bd85478aaf609e2e68ebb9833980aedc975ec5e3d65059e2598,/content/drive/MyDrive/AISC DeepFake Çalışmaları/FaceForensics_Projesi/real_frames/train/333/frame_000014.jpg
real_train_00695.jpg,real,064,real_video::064,component::171e4e7f6d95ea47,train,train,b7fe92b3dcec3bcccf5f54a68b9ff24abade31c916e4706db8bc5b0747b835d0,/content/drive/MyDrive/AISC DeepFake Çalışmaları/FaceForensics_Projesi/real_frames/train/064/frame_000010.jpg
real_train_00697.jpg,real,816,real_video::816,component::036a22a0fd455eaf,train,test,bb355d0df437c41b665e8d18b1793c9a6facabb2e9733e3a396fad423f3588f9,/content/drive/MyDrive/AISC DeepFake Çalışmaları/FaceForensics_Projesi/real_frames/train/816/frame_000003.jpg
real_train_00698.jpg,real,586,real_video::586,component::a841d754b7866f0c,train,train,22cd35d1de7ec7251ea2a016f7bb5a51adf5a82e50e43aba1b7ba6387cef092e,/content/drive/MyDrive/AISC DeepFake Çalışmaları/FaceForensics_Projesi/real_frames/train/586/frame_000005.jpg
real_train_00699.jpg,real,695,real_video::695,component::aa3264580ed9b846,train,train,82d3589c462973a8f986d73b5840418e6df0f9ec23ab228ace5d9db017f085fa,/content/drive/MyDrive/AISC DeepFake Çalışmaları/FaceForensics_Projesi/real_frames/train/695/frame_000002.jpg
real_train_00700.jpg,real,691,real_video::691,component::1c950c411c60fa90,train,train,0eab019e1cd37d2273d91ffff6898033c41d4b03dcef572ed27b708a4612516c,/content/drive/MyDrive/AISC DeepFake Çalışmaları/FaceForensics_Projesi/real_frames/train/691/frame_000008.jpg
real_train_00701.jpg,real,293,real_video::293,component::3037c8d561df0f5e,train,train,4b48cfc466ad164a9fc67fb99169b4e7a8aead87b5d88f29a16b6e6b092c3875,/content/drive/MyDrive/AISC DeepFake Çalışmaları/FaceForensics_Projesi/real_frames/train/293/frame_000030.jpg
real_train_00702.jpg,real,627,real_video::627,component::69a9d9098b5b24a9,train,val,5f9a0fd2bc31fd1e07f1b072a73c8c8084f5bc78a222a53afbf0e59239d4b55f,/content/drive/MyDrive/AISC DeepFake Çalışmaları/FaceForensics_Projesi/real_frames/train/627/frame_000020.jpg
real_train_00703.jpg,real,621,real_video::621,component::f2159413ad4ae84e,train,train,4273cab3626c86a89ac6bb2009a9d87b35498afab7253283197522acef6be48c,/content/drive/MyDrive/AISC DeepFake Çalışmaları/FaceForensics_Projesi/real_frames/train/621/frame_000006.jpg
real_train_00704.jpg,real,499,real_video::499,component::e507b8ccea12730c,train,train,02d717b8dc7c780d68c27fa8c5624e24dfa84b51d0c0797b72cabe614c539dbc,/content/drive/MyDrive/AISC DeepFake Çalışmaları/FaceForensics_Projesi/real_frames/train/499/frame_000020.jpg
real_train_00705.jpg,real,136,real_video::136,component::bb699f2a0e8b29f3,train,train,2550b955e421082b6cbd56522d36a3a8dd7a811236cf4192867b72dc95056251,/content/drive/MyDrive/AISC DeepFake Çalışmaları/FaceForensics_Projesi/real_frames/train/136/frame_000001.jpg
real_train_00706.jpg,real,691,real_video::691,component::1c950c411c60fa90,train,train,07bd53daab19b5e51d96cc7ba49e13800f6d6b2257d184b76445f730d96143fb,/content/drive/MyDrive/AISC DeepFake Çalışmaları/FaceForensics_Projesi/real_frames/train/691/frame_000028.jpg
real_train_00707.jpg,real,545,real_video::545,component::5b6622f1203f2468,train,train,f8d173b80c91704a60513c07a60fd659fc87ae6653e827dfb5e3e11f2e75c6ff,/content/drive/MyDrive/AISC DeepFake Çalışmaları/FaceForensics_Projesi/real_frames/train/545/frame_000020.jpg
real_train_00709.jpg,real,694,real_video::694,component::35dc22d93265c78e,train,train,f2fae9bcd37a88429f0bd3aff7921c64850d43f5707172e90e2fdcb4fb10e9f8,/content/drive/MyDrive/AISC DeepFake Çalışmaları/FaceForensics_Projesi/real_frames/train/694/frame_000010.jpg
real_train_00711.jpg,real,689,real_video::689,component::ebbc8750304a8e5a,train,train,9c72c08193f0e31fa73217005252f84b1964f8c698741415db4396f1e23fce6b,/content/drive/MyDrive/AISC DeepFake Çalışmaları/FaceForensics_Projesi/real_frames/train/689/frame_000003.jpg
real_train_00712.jpg,real,409,real_video::409,component::b1f05dfdcd9d1a7d,train,train,b086f8b1324f77b3f50e64bccaee2e522a2214e31b92173e373d2db96adb98ca,/content/drive/MyDrive/AISC DeepFake Çalışmaları/FaceForensics_Projesi/real_frames/train/409/frame_000011.jpg
real_train_00713.jpg,real,318,real_video::318,component::61a88ac8743ddb5c,train,train,1907525d7180c207570279826d977c66358c9701282208284cabbe23370879f0,/content/drive/MyDrive/AISC DeepFake Çalışmaları/FaceForensics_Projesi/real_frames/train/318/frame_000018.jpg
real_train_00715.jpg,real,707,real_video::707,component::5b25e6bd6d4c5fd7,train,train,a63e949f2cc765bf107710e88b311cc1b015327e9fcd18ec50d9e39b687656c8,/content/drive/MyDrive/AISC DeepFake Çalışmaları/FaceForensics_Projesi/real_frames/train/707/frame_000009.jpg
real_train_00716.jpg,real,550,real_video::550,component::6323b0cd83a1aea9,train,train,ea9bf5076ba487f772fb7890148767ef23749a2c05e4d177bc15220717c50dce,/content/drive/MyDrive/AISC DeepFake Çalışmaları/FaceForensics_Projesi/real_frames/train/550/frame_000003.jpg
real_train_00718.jpg,real,583,real_video::583,component::c8bb2bae68f9e520,train,test,4646038080dfcdcb06e815caa5040309b72ba3d119d6ecb6d092ce9279af943e,/content/drive/MyDrive/AISC DeepFake Çalışmaları/FaceForensics_Projesi/real_frames/train/583/frame_000011.jpg
real_train_00719.jpg,real,815,real_video::815,component::ee2f05ec47dfa4fd,train,train,d1d788ebc722594c831d5749ff461558013180bcd87ad7007d619f38c2ced243,/content/drive/MyDrive/AISC DeepFake Çalışmaları/FaceForensics_Projesi/real_frames/train/815/frame_000010.jpg
real_train_00720.jpg,real,653,real_video::653,component::8ada3e7829d7593b,train,train,0bfd5dea75c1d31c98a43a0bad11073051b71b6fd05c71d437fa48f70ff843f6,/content/drive/MyDrive/AISC DeepFake Çalışmaları/FaceForensics_Projesi/real_frames/train/653/frame_000019.jpg
real_train_00721.jpg,real,420,real_video::420,component::11524835d15f39b9,train,train,836d24ab9ac23275ac40529b8a48a9de52144073e6cf510e354071c4af594196,/content/drive/MyDrive/AISC DeepFake Çalışmaları/FaceForensics_Projesi/real_frames/train/420/frame_000059.jpg
real_train_00723.jpg,real,247,real_video::247,component::87be0d3bb296a596,train,test,60c03dcbf814bbe1b707d4cedd28a35df4fe23e8d0f5904f75846a0ccfa71dda,/content/drive/MyDrive/AISC DeepFake Çalışmaları/FaceForensics_Projesi/real_frames/train/247/frame_000019.jpg
real_train_00726.jpg,real,785,real_video::785,component::747b8293c76d739a,train,test,2a3bdf75477663b49da423c8b19c7502727c462f7415bd491685dd569188b4ca,/content/drive/MyDrive/AISC DeepFake Çalışmaları/FaceForensics_Projesi/real_frames/train/785/frame_000020.jpg
real_train_00731.jpg,real,371,real_video::371,component::23e8994998a17b67,train,train,9db844a0a72b04f97472f4428a520e2bf69ee1d9631e6f009307d8b48e8e84af,/content/drive/MyDrive/AISC DeepFake Çalışmaları/FaceForensics_Projesi/real_frames/train/371/frame_000036.jpg
real_train_00732.jpg,real,507,real_video::507,component::4532a7c87e473f79,train,train,f0aea2240b0d431c84c74ff8909f02278e37d9b0c7335aa7835fb9d110c2a4e3,/content/drive/MyDrive/AISC DeepFake Çalışmaları/FaceForensics_Projesi/real_frames/train/507/frame_000012.jpg
real_train_00733.jpg,real,860,real_video::860,component::92dda0a8eeca4621,train,test,764bf1a0408081bb3a4d9cc15b398acab50088bb906bc3d2c604ae268b1bb1f2,/content/drive/MyDrive/AISC DeepFake Çalışmaları/FaceForensics_Projesi/real_frames/train/860/frame_000017.jpg
real_train_00734.jpg,real,319,real_video::319,component::34eddf7d41bff197,train,train,85a67ef69a37287168d89b4b626365d7630c76323e53c6ed03b7f43762d5ce55,/content/drive/MyDrive/AISC DeepFake Çalışmaları/FaceForensics_Projesi/real_frames/train/319/frame_000003.jpg
real_train_00736.jpg,real,279,real_video::279,component::229c54c7225329e5,train,train,5d8db9917e541d29da82e36a21d3b4840c95a9d9661e7effef3a6be97cafb438,/content/drive/MyDrive/AISC DeepFake Çalışmaları/FaceForensics_Projesi/real_frames/train/279/frame_000022.jpg
real_train_00737.jpg,real,495,real_video::495,component::d33c36b819bf5c77,train,train,8803933b0012bd1a547ab5036aa79dbd511648479b4e88b44f907a53014e6389,/content/drive/MyDrive/AISC DeepFake Çalışmaları/FaceForensics_Projesi/real_frames/train/495/frame_000026.jpg
real_train_00739.jpg,real,430,real_video::430,component::9bfdc8205d9adb05,train,train,f42a2a726f316ed9734bfcb17f58e811559ed0c786b2d0e8165246fa4ca32f19,/content/drive/MyDrive/AISC DeepFake Çalışmaları/FaceForensics_Projesi/real_frames/train/430/frame_000014.jpg
real_train_00740.jpg,real,602,real_video::602,component::8f2bfc6cb9fc356c,train,train,89d9f8108523a38e9e6f77659bcf48196a27efc0f1e1c67923cfda4b34d2a086,/content/drive/MyDrive/AISC DeepFake Çalışmaları/FaceForensics_Projesi/real_frames/train/602/frame_000013.jpg
real_train_00741.jpg,real,168,real_video::168,component::8d6c4c9924f42654,train,train,da9cb6bb6156703040d126a8ad934a71c067238a46497bef1fabc4e7861977bf,/content/drive/MyDrive/AISC DeepFake Çalışmaları/FaceForensics_Projesi/real_frames/train/168/frame_000055.jpg
real_train_00742.jpg,real,015,real_video::015,component::da947ea64f0b2ed1,train,train,d8625b8c987e4d2c3f98224218d57c313b65366f80e62728176c66f10c77bca6,/content/drive/MyDrive/AISC DeepFake Çalışmaları/FaceForensics_Projesi/real_frames/train/015/frame_000020.jpg
real_train_00743.jpg,real,816,real_video::816,component::036a22a0fd455eaf,train,test,930dcb316c03686cdda95b64f948d83939fd8034d17609b1024c6cd2c4e25c45,/content/drive/MyDrive/AISC DeepFake Çalışmaları/FaceForensics_Projesi/real_frames/train/816/frame_000004.jpg
real_train_00744.jpg,real,669,real_video::669,component::5ee78e08d968c79e,train,train,2bfea7ff6c8ecdbfec770952b829cbf9d9cfaa85c0a344de681483da59d26fdf,/content/drive/MyDrive/AISC DeepFake Çalışmaları/FaceForensics_Projesi/real_frames/train/669/frame_000023.jpg
real_train_00745.jpg,real,190,real_video::190,component::87bbd51e9c709a72,train,train,07ad217e406867287692082eb0ef7a788916af90f94028bc4b6b7683ed17f785,/content/drive/MyDrive/AISC DeepFake Çalışmaları/FaceForensics_Projesi/real_frames/train/190/frame_000015.jpg
real_train_00747.jpg,real,372,real_video::372,component::c71ceab0f238abf6,train,train,2acf280c3b173ca3a1b16b6ca69e5fc74f61478a64dc3389e54f9e876c4886ce,/content/drive/MyDrive/AISC DeepFake Çalışmaları/FaceForensics_Projesi/real_frames/train/372/frame_000026.jpg
real_train_00748.jpg,real,943,real_video::943,component::b3e3b1445655d44d,train,train,adbed94f3e704ede8ddb2f889dfc92befbdb1c4ca71dc16712bb7a667995cf42,/content/drive/MyDrive/AISC DeepFake Çalışmaları/FaceForensics_Projesi/real_frames/train/943/frame_000012.jpg
real_train_00749.jpg,real,981,real_video::981,component::ee7258a786eb7893,train,train,363b6cd9df62c1d8c0ea9ab91c341e1e9282b290cb0fddc0af7cda7c0494fb03,/content/drive/MyDrive/AISC DeepFake Çalışmaları/FaceForensics_Projesi/real_frames/train/981/frame_000003.jpg
real_train_00750.jpg,real,134,real_video::134,component::915dca0f10b96564,train,train,38548d0054a8d7dd35668f0e1aa692c2dea8eb23aecf59bb5ec6d312e0d25188,/content/drive/MyDrive/AISC DeepFake Çalışmaları/FaceForensics_Projesi/real_frames/train/134/frame_000007.jpg
real_train_00752.jpg,real,783,real_video::783,component::4fc971cced193b9a,train,train,6c079a6016e55c35280d8588fe3155e2a9961bbe3b85c14b88e31cce9fcba333,/content/drive/MyDrive/AISC DeepFake Çalışmaları/FaceForensics_Projesi/real_frames/train/783/frame_000005.jpg
real_train_00757.jpg,real,575,real_video::575,component::7da9b5fc6c316f04,train,train,da94674c3fad55771bcb21a1b820360a80da8ceeeb711bc16e6571bf619ea2f6,/content/drive/MyDrive/AISC DeepFake Çalışmaları/FaceForensics_Projesi/real_frames/train/575/frame_000003.jpg
real_train_00758.jpg,real,660,real_video::660,component::6c3c05cb6417d658,train,train,c06563324f241d2bf7ab4bea0f2bf68482613c012f265dc942d6047a7b12a176,/content/drive/MyDrive/AISC DeepFake Çalışmaları/FaceForensics_Projesi/real_frames/train/660/frame_000009.jpg
real_train_00759.jpg,real,331,real_video::331,component::125586833bdc7646,train,train,ea8e9db0f0bda2610cf13f5699fd06d213f996a8071747145d634e4268f52880,/content/drive/MyDrive/AISC DeepFake Çalışmaları/FaceForensics_Projesi/real_frames/train/331/frame_000025.jpg
real_train_00762.jpg,real,933,real_video::933,component::79ed78eb52c14468,train,train,ed2dfb2974d09be3b87e7d5f0ad0685b070e134a46f7d1c5bd48d536ffe50dd2,/content/drive/MyDrive/AISC DeepFake Çalışmaları/FaceForensics_Projesi/real_frames/train/933/frame_000018.jpg
real_train_00763.jpg,real,189,real_video::189,component::58f2b0b05f984c7e,train,train,4f9f7c1c063f111d0d987b0e8c41e7cb141d897dfecca47addecf991fd67add6,/content/drive/MyDrive/AISC DeepFake Çalışmaları/FaceForensics_Projesi/real_frames/train/189/frame_000012.jpg
real_train_00766.jpg,real,815,real_video::815,component::ee2f05ec47dfa4fd,train,train,5800f3c809a74abb04649ec8d35e079ff4da7c29350730c167343d29a5b9275d,/content/drive/MyDrive/AISC DeepFake Çalışmaları/FaceForensics_Projesi/real_frames/train/815/frame_000023.jpg
real_train_00767.jpg,real,813,real_video::813,component::66c0a422173816e2,train,train,cc28a5969f63a5087bc92647edd104c57cf62adaf135018178a8a297697d01cd,/content/drive/MyDrive/AISC DeepFake Çalışmaları/FaceForensics_Projesi/real_frames/train/813/frame_000017.jpg
real_train_00769.jpg,real,068,real_video::068,component::39b85edaabb51065,train,train,d57d5e81da2728458b8d8aae0bb4727113d4a7d109d2c0db07bd233205803cd9,/content/drive/MyDrive/AISC DeepFake Çalışmaları/FaceForensics_Projesi/real_frames/train/068/frame_000018.jpg
real_train_00770.jpg,real,444,real_video::444,component::e727778a3f997b25,train,train,1998c4d98cd7f276a8429ca60c19af2447e4e9932748211e53de87fbcc54672a,/content/drive/MyDrive/AISC DeepFake Çalışmaları/FaceForensics_Projesi/real_frames/train/444/frame_000013.jpg
real_train_00771.jpg,real,588,real_video::588,component::95da04a8d910b686,train,train,41ea83086ae2a2d397c57c4ce895dc8a6ef97615ba69c9a7495818a3d615398c,/content/drive/MyDrive/AISC DeepFake Çalışmaları/FaceForensics_Projesi/real_frames/train/588/frame_000015.jpg
real_train_00772.jpg,real,578,real_video::578,component::2192771a302dc9ce,train,val,09c91b0d47efbac49bfd07ea6d1fb5008db91cea122e24a27f3bb5e8c0e319db,/content/drive/MyDrive/AISC DeepFake Çalışmaları/FaceForensics_Projesi/real_frames/train/578/frame_000004.jpg
real_train_00774.jpg,real,895,real_video::895,component::8151f9adeb568fd6,train,train,c22c8f0d0f9d8a0afe2e495361b94206f9610e119e157d9f70b66c3d3a3365e9,/content/drive/MyDrive/AISC DeepFake Çalışmaları/FaceForensics_Projesi/real_frames/train/895/frame_000002.jpg
real_train_00775.jpg,real,810,real_video::810,component::e83d7290cdb2bebe,train,train,897a7c3c40f2e5f1472caed9868ec77814570c50f1273981943cdd08d626e63c,/content/drive/MyDrive/AISC DeepFake Çalışmaları/FaceForensics_Projesi/real_frames/train/810/frame_000002.jpg
real_train_00776.jpg,real,356,real_video::356,component::9f1508bdff53acb1,train,train,dce2a2a0d50d25e685633a525620e84c42b9805731d043661e3f515d65a69d4a,/content/drive/MyDrive/AISC DeepFake Çalışmaları/FaceForensics_Projesi/real_frames/train/356/frame_000020.jpg
real_train_00777.jpg,real,684,real_video::684,component::4bae47bd773a5dc3,train,train,22cbb9c7ab0134bbb4f75971d2bbb26c1c92c9920eb020487dc27cff1da44bba,/content/drive/MyDrive/AISC DeepFake Çalışmaları/FaceForensics_Projesi/real_frames/train/684/frame_000017.jpg
real_train_00778.jpg,real,873,real_video::873,component::c6b065e43dc39980,train,val,8097b54afaf3bb069a5143c3bc684fe8adf79c5030302a60de5f2787f0545b41,/content/drive/MyDrive/AISC DeepFake Çalışmaları/FaceForensics_Projesi/real_frames/train/873/frame_000002.jpg
real_train_00780.jpg,real,341,real_video::341,component::ddfdf4e1a555231c,train,train,c926bf6710f34ac90c1377261215b315144b1952a51819aeca528bc695928b77,/content/drive/MyDrive/AISC DeepFake Çalışmaları/FaceForensics_Projesi/real_frames/train/341/frame_000024.jpg
real_train_00781.jpg,real,909,real_video::909,component::31dc2643514b67f5,train,train,73031ba204c75ee3eb1d6dac61390310cca30c954a65b0ecab7b0cbbd7a9a0ff,/content/drive/MyDrive/AISC DeepFake Çalışmaları/FaceForensics_Projesi/real_frames/train/909/frame_000022.jpg
real_train_00782.jpg,real,508,real_video::508,component::3d8c423775cde611,train,train,c66f540888daf0afb4e78952c38f14fcee6c9ece78f298861b95f94cdfdb64be,/content/drive/MyDrive/AISC DeepFake Çalışmaları/FaceForensics_Projesi/real_frames/train/508/frame_000004.jpg
real_train_00783.jpg,real,051,real_video::051,component::578519cb10fb9b80,train,train,0c251b0f4876ae851c20df9e8b77fb63977e628a6598d856e23b3a8f2c7bc1ab,/content/drive/MyDrive/AISC DeepFake Çalışmaları/FaceForensics_Projesi/real_frames/train/051/frame_000015.jpg
real_train_00786.jpg,real,267,real_video::267,component::9e94039968fd8c39,train,train,448101029b9861b0745b65bff6073d52d0913fce26dbef2443432762ddca2da5,/content/drive/MyDrive/AISC DeepFake Çalışmaları/FaceForensics_Projesi/real_frames/train/267/frame_000003.jpg
real_train_00788.jpg,real,287,real_video::287,component::5725450e76844526,train,train,98058696faee5b876e25be9ba2adcf890aec17a36b35ca3021633a96a46c7dc2,/content/drive/MyDrive/AISC DeepFake Çalışmaları/FaceForensics_Projesi/real_frames/train/287/frame_000004.jpg
real_train_00789.jpg,real,045,real_video::045,component::d30f2f4dd604469d,train,train,d83b984b4cd5ef514b529491e2e67c01767f4eb0044ecc037a6c81550eac92a5,/content/drive/MyDrive/AISC DeepFake Çalışmaları/FaceForensics_Projesi/real_frames/train/045/frame_000009.jpg
real_train_00791.jpg,real,197,real_video::197,component::81118694f9a597f3,train,train,806b807b3fbd8b418ac2341f106de6b8a21b209841ed375d4d6b7763895201b3,/content/drive/MyDrive/AISC DeepFake Çalışmaları/FaceForensics_Projesi/real_frames/train/197/frame_000011.jpg
real_train_00792.jpg,real,010,real_video::010,component::2444f5b880527316,train,train,10dbf63853f71c5373999cb7be54e8cd47e093f61032702effb25ea4de4ce83e,/content/drive/MyDrive/AISC DeepFake Çalışmaları/FaceForensics_Projesi/real_frames/train/010/frame_000002.jpg
real_train_00793.jpg,real,516,real_video::516,component::f076963cea6bb765,train,val,ea41e7af97e9730dbb5d41e53edc93e460760c149c69c47ae8ac1bf5379fbd20,/content/drive/MyDrive/AISC DeepFake Çalışmaları/FaceForensics_Projesi/real_frames/train/516/frame_000009.jpg
real_train_00794.jpg,real,485,real_video::485,component::bb403bd096427613,train,train,4b2bf22069a0575b703e90ad61788a0187aefee2c951f0e2128001290c45e740,/content/drive/MyDrive/AISC DeepFake Çalışmaları/FaceForensics_Projesi/real_frames/train/485/frame_000002.jpg
real_train_00795.jpg,real,334,real_video::334,component::f0ffd53cb9d46253,train,test,41d8e34c4768f4b875355fd615539628aa141d3847be821f44e8a96a873d91fe,/content/drive/MyDrive/AISC DeepFake Çalışmaları/FaceForensics_Projesi/real_frames/train/334/frame_000019.jpg
real_train_00796.jpg,real,945,real_video::945,component::f9eb9f5d701acfee,train,val,6fa9a7b10ca558fb1f3c5f01c93b9a7c949d2aee818b55c088e4d8f7cf738e1c,/content/drive/MyDrive/AISC DeepFake Çalışmaları/FaceForensics_Projesi/real_frames/train/945/frame_000007.jpg
real_train_00797.jpg,real,942,real_video::942,component::d1204cd1add3cf96,train,train,2f7653363ea6af8c816f0ec57361d2b3b5de01b9c18344e77ce007abaaedb5bb,/content/drive/MyDrive/AISC DeepFake Çalışmaları/FaceForensics_Projesi/real_frames/train/942/frame_000028.jpg
real_train_00801.jpg,real,312,real_video::312,component::5ba17113a8f1abaf,train,test,a777ae1b09a938fd21ad3a75026e93a5c96ed3cd4e769381bca6c76a1cc66e1e,/content/drive/MyDrive/AISC DeepFake Çalışmaları/FaceForensics_Projesi/real_frames/train/312/frame_000007.jpg
real_train_00802.jpg,real,518,real_video::518,component::13dbde8905187afb,train,train,dfe931e41fd5f3be7f8fefb404cab0d6e0a193d275c56712c60e842b0b19fc93,/content/drive/MyDrive/AISC DeepFake Çalışmaları/FaceForensics_Projesi/real_frames/train/518/frame_000005.jpg
real_train_00803.jpg,real,561,real_video::561,component::dc7ae51350291c4b,train,train,d48d0e0a13d9ec4e52b9816683f1ed49512d18ed1f623efb07d57eaf7f5953a2,/content/drive/MyDrive/AISC DeepFake Çalışmaları/FaceForensics_Projesi/real_frames/train/561/frame_000000.jpg
real_train_00804.jpg,real,315,real_video::315,component::3323cd883f4086b0,train,train,bce88aecae482b64b252f49179c7b4edc52ba60b8b272f32f9f2aae62e350abb,/content/drive/MyDrive/AISC DeepFake Çalışmaları/FaceForensics_Projesi/real_frames/train/315/frame_000014.jpg
real_train_00805.jpg,real,015,real_video::015,component::da947ea64f0b2ed1,train,train,458d0f13dbffa845ea110731000f00731ec6bdb3a9d3f89c8981503907fec173,/content/drive/MyDrive/AISC DeepFake Çalışmaları/FaceForensics_Projesi/real_frames/train/015/frame_000015.jpg
real_train_00806.jpg,real,428,real_video::428,component::994da4007651db69,train,train,22ed27a3eacc0c34f6d52175d2cfc6f24aaa5423c04ee227b9a4ef9f203b93a7,/content/drive/MyDrive/AISC DeepFake Çalışmaları/FaceForensics_Projesi/real_frames/train/428/frame_000020.jpg
real_train_00809.jpg,real,670,real_video::670,component::3840451ae8cece2b,train,train,8f14e41cc259b6e9f70c9aa3a70a9127590eae66f2d895a0e3b6445622bf8812,/content/drive/MyDrive/AISC DeepFake Çalışmaları/FaceForensics_Projesi/real_frames/train/670/frame_000027.jpg
real_train_00810.jpg,real,428,real_video::428,component::994da4007651db69,train,train,7d7bd6f930fc100d0d613e3785deb18c571ff458ce348601b5f2d6fe2d6ed79e,/content/drive/MyDrive/AISC DeepFake Çalışmaları/FaceForensics_Projesi/real_frames/train/428/frame_000025.jpg
real_train_00812.jpg,real,772,real_video::772,component::bfa6a9403ee326a8,train,train,b9c7dbdb5c67a4cdc1b6e6f40203d2b453c5501d7ba86c7c644ec6bee7be3746,/content/drive/MyDrive/AISC DeepFake Çalışmaları/FaceForensics_Projesi/real_frames/train/772/frame_000011.jpg
real_train_00815.jpg,real,198,real_video::198,component::83f9bb7ff1f5980a,train,train,72ff31d84a78f9a3508b64d61b1af409ef8a85ce72d7b5def7c5e373ab3b7126,/content/drive/MyDrive/AISC DeepFake Çalışmaları/FaceForensics_Projesi/real_frames/train/198/frame_000013.jpg
real_train_00816.jpg,real,439,real_video::439,component::032c536904d998df,train,train,62cdc1d056a54391eb0ceb1e186d68e27a0f10873dc8ba6dd038237b55485724,/content/drive/MyDrive/AISC DeepFake Çalışmaları/FaceForensics_Projesi/real_frames/train/439/frame_000015.jpg
real_train_00818.jpg,real,495,real_video::495,component::d33c36b819bf5c77,train,train,fee86db3c7a055011b25b578187872e3aa8d4eb1eafc97ceac801477d51bbb61,/content/drive/MyDrive/AISC DeepFake Çalışmaları/FaceForensics_Projesi/real_frames/train/495/frame_000021.jpg
real_train_00819.jpg,real,977,real_video::977,component::2ecb2c6334cabf9b,train,train,edb5643ca79926cb92f07cc394e3c70388b628bc31a2c66ad15b4532408c9b04,/content/drive/MyDrive/AISC DeepFake Çalışmaları/FaceForensics_Projesi/real_frames/train/977/frame_000005.jpg
real_train_00821.jpg,real,532,real_video::532,component::759b4f349e4864c3,train,train,d9da0dc3bb6ae630e5e1cf48b81e5c715ec2255d59883032baa42f120ff3eb50,/content/drive/MyDrive/AISC DeepFake Çalışmaları/FaceForensics_Projesi/real_frames/train/532/frame_000004.jpg
real_train_00822.jpg,real,727,real_video::727,component::1fcbcc9174cbc222,train,test,e4917979e04c72fadb6cdb67b24ef0da4ecb60bcd4b8d820657c6b1e55eca1bc,/content/drive/MyDrive/AISC DeepFake Çalışmaları/FaceForensics_Projesi/real_frames/train/727/frame_000024.jpg
real_train_00825.jpg,real,384,real_video::384,component::2f6feeb8c4ed16e0,train,train,f12f66cd468fad517c1b65a149ec314ee017939ac388dccf91f691f9fe7fba16,/content/drive/MyDrive/AISC DeepFake Çalışmaları/FaceForensics_Projesi/real_frames/train/384/frame_000013.jpg
real_train_00826.jpg,real,122,real_video::122,component::5ccdd0709adbb2b0,train,val,09ace08d38f0cd5fb3243f6071f99559232a8e27a50352fde08b16404fb4095a,/content/drive/MyDrive/AISC DeepFake Çalışmaları/FaceForensics_Projesi/real_frames/train/122/frame_000007.jpg
real_train_00828.jpg,real,188,real_video::188,component::3e2e275cf68ae45d,train,test,3f7d4217f40004a3674eb4506aab576e5187781a00f54160ad10ebf1fce372eb,/content/drive/MyDrive/AISC DeepFake Çalışmaları/FaceForensics_Projesi/real_frames/train/188/frame_000007.jpg
real_train_00831.jpg,real,785,real_video::785,component::747b8293c76d739a,train,test,41cd0d93ea7f12d23d8ca7c39afb825b893ab892cee2a4bacd3fc5b006c58d4f,/content/drive/MyDrive/AISC DeepFake Çalışmaları/FaceForensics_Projesi/real_frames/train/785/frame_000013.jpg
real_train_00833.jpg,real,326,real_video::326,component::4227017397629408,train,val,5532c6976ec3ed670792ef84e09991f9e4b647569f998b51629dd938a3897d4d,/content/drive/MyDrive/AISC DeepFake Çalışmaları/FaceForensics_Projesi/real_frames/train/326/frame_000024.jpg
real_train_00834.jpg,real,465,real_video::465,component::0b9d16bd66739f6b,train,train,7a36d848c4c4203acea596dfba4843150cbed9538a79170dd581526ed0720720,/content/drive/MyDrive/AISC DeepFake Çalışmaları/FaceForensics_Projesi/real_frames/train/465/frame_000004.jpg
real_train_00835.jpg,real,236,real_video::236,component::c9dbb35ee83986a9,train,train,57778ecf99b280780c904b6341198d35a54dc3f3a6673ffd330ed0ceab3423b3,/content/drive/MyDrive/AISC DeepFake Çalışmaları/FaceForensics_Projesi/real_frames/train/236/frame_000029.jpg
real_train_00837.jpg,real,460,real_video::460,component::a0ea7ff9943ab19b,train,train,273e8cb0586fe8f49cbc24ec044d7d47e534506bc1eeae484d70b4732f5e1bb8,/content/drive/MyDrive/AISC DeepFake Çalışmaları/FaceForensics_Projesi/real_frames/train/460/frame_000025.jpg
real_train_00838.jpg,real,200,real_video::200,component::5ef172cc70561a24,train,train,8559a7b149d17846bc91bd880155df82b4fd882c23f825968ef1f97a30cf97d6,/content/drive/MyDrive/AISC DeepFake Çalışmaları/FaceForensics_Projesi/real_frames/train/200/frame_000029.jpg
real_train_00839.jpg,real,554,real_video::554,component::0a5469dc6629eb93,train,train,0b11602bce3862ef34e83393edd8ecf86475e4f3cf9a6f6a3399066287a1a6b9,/content/drive/MyDrive/AISC DeepFake Çalışmaları/FaceForensics_Projesi/real_frames/train/554/frame_000022.jpg
real_train_00840.jpg,real,423,real_video::423,component::024ac91240eeb812,train,train,26144262c069894069788711ad94a90b65c8d76b3e3dfeb25a12cc62532e95a3,/content/drive/MyDrive/AISC DeepFake Çalışmaları/FaceForensics_Projesi/real_frames/train/423/frame_000051.jpg
real_train_00842.jpg,real,283,real_video::283,component::090af0697cff5f7e,train,train,430a1e216ffccdf6085933bffc9e729491e171077d04d983d151b24f07832434,/content/drive/MyDrive/AISC DeepFake Çalışmaları/FaceForensics_Projesi/real_frames/train/283/frame_000022.jpg
real_train_00843.jpg,real,902,real_video::902,component::b859176f9c8baf3b,train,train,97d0afbbf10fbf6dbbacd6451f8329322a96f60c4f7f9c6b46a739db55d9851c,/content/drive/MyDrive/AISC DeepFake Çalışmaları/FaceForensics_Projesi/real_frames/train/902/frame_000011.jpg
real_train_00844.jpg,real,154,real_video::154,component::bbbadbc8c3977aeb,train,train,5e8b938d91743607614733381f42323500604a800e65991a2666a5e0b072937a,/content/drive/MyDrive/AISC DeepFake Çalışmaları/FaceForensics_Projesi/real_frames/train/154/frame_000005.jpg
real_train_00846.jpg,real,028,real_video::028,component::8ac62a8ab1959f99,train,train,245a1bb8871e046964b870b1fcdd2ec1229f249ac76eb4e919e24c71085b6357,/content/drive/MyDrive/AISC DeepFake Çalışmaları/FaceForensics_Projesi/real_frames/train/028/frame_000017.jpg
real_train_00847.jpg,real,372,real_video::372,component::c71ceab0f238abf6,train,train,abd9ecb7f6c97d354df7dc67cdf89cc059c1af8ac66452efeb532a16d58dac20,/content/drive/MyDrive/AISC DeepFake Çalışmaları/FaceForensics_Projesi/real_frames/train/372/frame_000013.jpg
real_train_00848.jpg,real,674,real_video::674,component::d2477e108cfd9d3a,train,train,e17b9512a0ebb1c4b3cb53db568c09d9f6577d49347e30858e5463157dd08701,/content/drive/MyDrive/AISC DeepFake Çalışmaları/FaceForensics_Projesi/real_frames/train/674/frame_000000.jpg
real_train_00852.jpg,real,879,real_video::879,component::f2f5c6cfba57dbc1,train,test,84da12421c3518701c2bf232fbe2a987dd702b3053b389117c98e352757d451d,/content/drive/MyDrive/AISC DeepFake Çalışmaları/FaceForensics_Projesi/real_frames/train/879/frame_000036.jpg
real_train_00854.jpg,real,808,real_video::808,component::ae8eb533c416fc3d,train,train,be993db169de49281b43cfb7ce8d243ca2c250a0dbc21a70d7ef100bbccc3a66,/content/drive/MyDrive/AISC DeepFake Çalışmaları/FaceForensics_Projesi/real_frames/train/808/frame_000007.jpg
real_train_00856.jpg,real,454,real_video::454,component::4f37cd7c250b6c36,train,train,7e9cfc526681d8722531d094b2880226279c36d6ed3dabf1d7293528a4a26a83,/content/drive/MyDrive/AISC DeepFake Çalışmaları/FaceForensics_Projesi/real_frames/train/454/frame_000000.jpg
real_train_00858.jpg,real,497,real_video::497,component::4f75840f4745f49a,train,test,4e26f0156d289659e7bed685180ab43e958efee6cabafdd092cfddd7b6bae270,/content/drive/MyDrive/AISC DeepFake Çalışmaları/FaceForensics_Projesi/real_frames/train/497/frame_000024.jpg
real_train_00859.jpg,real,950,real_video::950,component::3e1d9950b21878f0,train,val,28b8abd024e448ba1697e656297ab719a0df8f9f9a344194198a08e12fbd5347,/content/drive/MyDrive/AISC DeepFake Çalışmaları/FaceForensics_Projesi/real_frames/train/950/frame_000009.jpg
real_train_00861.jpg,real,190,real_video::190,component::87bbd51e9c709a72,train,train,45dadf6b4b066e72df0a06181dcd5adf16cccc59284d68304eea339254f98caa,/content/drive/MyDrive/AISC DeepFake Çalışmaları/FaceForensics_Projesi/real_frames/train/190/frame_000012.jpg
real_train_00862.jpg,real,428,real_video::428,component::994da4007651db69,train,train,dfd0622ae9aeb41ea8bf2a231135e562baf2d7cbb1c5430cdee9d423a7aa0013,/content/drive/MyDrive/AISC DeepFake Çalışmaları/FaceForensics_Projesi/real_frames/train/428/frame_000016.jpg
real_train_00863.jpg,real,201,real_video::201,component::6b7f776bae21e472,train,train,82521226d58543c094421fe0d531adc9b4e7880f6ea08eea5a71a0df25121c9b,/content/drive/MyDrive/AISC DeepFake Çalışmaları/FaceForensics_Projesi/real_frames/train/201/frame_000043.jpg
real_train_00865.jpg,real,010,real_video::010,component::2444f5b880527316,train,train,74f7bc4998ff9e8be14839de554a2d5e05cd3af56d4534db2b0af44832f5f5d4,/content/drive/MyDrive/AISC DeepFake Çalışmaları/FaceForensics_Projesi/real_frames/train/010/frame_000011.jpg
real_train_00867.jpg,real,628,real_video::628,component::7b8402d18aca5028,train,train,5309bdc1286439eb6d6fad2c95661de5dfd18470e7f82f048dbb7543ae171e86,/content/drive/MyDrive/AISC DeepFake Çalışmaları/FaceForensics_Projesi/real_frames/train/628/frame_000034.jpg
real_train_00868.jpg,real,045,real_video::045,component::d30f2f4dd604469d,train,train,701ae5ecd9a93acb6221df8c99bcd3585f4e9c887d59cee1cff7c8254d22e375,/content/drive/MyDrive/AISC DeepFake Çalışmaları/FaceForensics_Projesi/real_frames/train/045/frame_000006.jpg
real_train_00869.jpg,real,676,real_video::676,component::8caa3ad9e9bfcb20,train,train,62961d6d068eaa1efad029a4d52c259341f32cc073c996f8f8b8c3d670212852,/content/drive/MyDrive/AISC DeepFake Çalışmaları/FaceForensics_Projesi/real_frames/train/676/frame_000005.jpg
real_train_00870.jpg,real,607,real_video::607,component::92dd812c01ca6e74,train,train,db762a75eb267e2f9d1db9879c39e8892a4c3e74039cd05b281b178705a4583a,/content/drive/MyDrive/AISC DeepFake Çalışmaları/FaceForensics_Projesi/real_frames/train/607/frame_000009.jpg
real_train_00872.jpg,real,749,real_video::749,component::d2504a2b10cdcff2,train,train,d619134126f2ba984fd37dc7ea9ebe7aa08ae008912bbaff87992146c8d46b67,/content/drive/MyDrive/AISC DeepFake Çalışmaları/FaceForensics_Projesi/real_frames/train/749/frame_000003.jpg
real_train_00875.jpg,real,371,real_video::371,component::23e8994998a17b67,train,train,635d35c9f4f0f03ee357433374dc05051ed32da3f0bc04755f337403a458af7d,/content/drive/MyDrive/AISC DeepFake Çalışmaları/FaceForensics_Projesi/real_frames/train/371/frame_000024.jpg
real_train_00876.jpg,real,751,real_video::751,component::5706a6071d27d581,train,train,1d29086806d5c8846ca8ae4c30b08a893da6b80a595988b263de5c7e4d78afa1,/content/drive/MyDrive/AISC DeepFake Çalışmaları/FaceForensics_Projesi/real_frames/train/751/frame_000010.jpg
real_train_00877.jpg,real,614,real_video::614,component::fb94fda3f3ce8112,train,train,971ae189e11cafea831414a1b3bfcc1a5843e8d3dd78792df31c88530042b2a2,/content/drive/MyDrive/AISC DeepFake Çalışmaları/FaceForensics_Projesi/real_frames/train/614/frame_000028.jpg
real_train_00879.jpg,real,173,real_video::173,component::fae5a7c50847bdbf,train,train,28d2899e5c77802f47d31a1e97e1e0aaacd9af654c5dd59a00e47f3e25d14988,/content/drive/MyDrive/AISC DeepFake Çalışmaları/FaceForensics_Projesi/real_frames/train/173/frame_000002.jpg
real_train_00880.jpg,real,980,real_video::980,component::2daf313bb504077b,train,train,a7475705ff79cfda5d65db8979e2f7917607f502213c43afc59ee88bfcb7d416,/content/drive/MyDrive/AISC DeepFake Çalışmaları/FaceForensics_Projesi/real_frames/train/980/frame_000016.jpg
real_train_00881.jpg,real,952,real_video::952,component::f48e75cfc4ba696f,train,train,f888c42d8cda08403c53a22642c3baa946a802bc42829881f92a60ea64a4f543,/content/drive/MyDrive/AISC DeepFake Çalışmaları/FaceForensics_Projesi/real_frames/train/952/frame_000000.jpg
real_train_00882.jpg,real,064,real_video::064,component::171e4e7f6d95ea47,train,train,08a0421dad78babed35c7101f730051bacc5134336a19ce4f7bcfd7c6667caeb,/content/drive/MyDrive/AISC DeepFake Çalışmaları/FaceForensics_Projesi/real_frames/train/064/frame_000005.jpg
real_train_00883.jpg,real,884,real_video::884,component::9f71aeba21b1a07f,train,train,533ae864a7b7d4332aec67fcc57dea0fa312aed53002bcc20fdd94dced0b4984,/content/drive/MyDrive/AISC DeepFake Çalışmaları/FaceForensics_Projesi/real_frames/train/884/frame_000011.jpg
real_train_00884.jpg,real,940,real_video::940,component::7e54646e96bc8c9a,train,val,d249cacd6aace501f78cdea26ff18370db5ccf54c9409ba1ca733da110f9db91,/content/drive/MyDrive/AISC DeepFake Çalışmaları/FaceForensics_Projesi/real_frames/train/940/frame_000016.jpg
real_train_00885.jpg,real,242,real_video::242,component::846886dc5c56d07a,train,train,e8f6323672747710d368876dec8d593a89047f24d013e8162c6fc7986fc359eb,/content/drive/MyDrive/AISC DeepFake Çalışmaları/FaceForensics_Projesi/real_frames/train/242/frame_000014.jpg
real_train_00887.jpg,real,372,real_video::372,component::c71ceab0f238abf6,train,train,688a1df247b65a857f4701ab1a751f791606ceb35671b5f261c0543ab42352aa,/content/drive/MyDrive/AISC DeepFake Çalışmaları/FaceForensics_Projesi/real_frames/train/372/frame_000003.jpg
real_train_00888.jpg,real,715,real_video::715,component::a382285d7fd36efe,train,train,6b4aff75a0c04f31d62081322ff35a6d017563511bf1fa5f1a322201885f888d,/content/drive/MyDrive/AISC DeepFake Çalışmaları/FaceForensics_Projesi/real_frames/train/715/frame_000038.jpg
real_train_00890.jpg,real,182,real_video::182,component::ea5300253ce94fb7,train,test,6917bef4906c3a72d78f3e23a3d60d6f125feda440c6c9c84e1c8ac7c3a39910,/content/drive/MyDrive/AISC DeepFake Çalışmaları/FaceForensics_Projesi/real_frames/train/182/frame_000003.jpg
real_train_00891.jpg,real,950,real_video::950,component::3e1d9950b21878f0,train,val,048afc8001fcf5f561fc6eba7649ce1a0b2412d9bd9adb99735db69402808629,/content/drive/MyDrive/AISC DeepFake Çalışmaları/FaceForensics_Projesi/real_frames/train/950/frame_000006.jpg
real_train_00893.jpg,real,426,real_video::426,component::67802d002966b1c5,train,val,c605c96aad2d7815427a8df71678152dfa75720d297032bb353336f8fc5440b1,/content/drive/MyDrive/AISC DeepFake Çalışmaları/FaceForensics_Projesi/real_frames/train/426/frame_000013.jpg
real_train_00894.jpg,real,477,real_video::477,component::c4c50cf91876abd0,train,train,44ae214aa0ce7f220b9db34556fcb70c7119493c0da32b28c70a055ea9e045fb,/content/drive/MyDrive/AISC DeepFake Çalışmaları/FaceForensics_Projesi/real_frames/train/477/frame_000003.jpg
real_train_00895.jpg,real,058,real_video::058,component::008d15ad0a99c4b6,train,test,411bde54e778c0229077e009495c8323e582fb6222ae76a75ffaf5c2254a1a09,/content/drive/MyDrive/AISC DeepFake Çalışmaları/FaceForensics_Projesi/real_frames/train/058/frame_000025.jpg
real_train_00896.jpg,real,752,real_video::752,component::f0f984bb45db5d6f,train,train,65be6572f88392ea92aab27992398ca299c3f9dc23ebaafac96b2e4b254fe37e,/content/drive/MyDrive/AISC DeepFake Çalışmaları/FaceForensics_Projesi/real_frames/train/752/frame_000026.jpg
real_train_00897.jpg,real,543,real_video::543,component::c6822b17650acc3f,train,train,c66278c3e1ef7924155d7cfd74d4d3ed436311852048fd7378ae0916799dd9c5,/content/drive/MyDrive/AISC DeepFake Çalışmaları/FaceForensics_Projesi/real_frames/train/543/frame_000006.jpg
real_train_00898.jpg,real,024,real_video::024,component::94183d689eec0e74,train,train,e537dc80678c2084f3332201b8dc389c048a0e2be6e708e637b4fa13955cfecf,/content/drive/MyDrive/AISC DeepFake Çalışmaları/FaceForensics_Projesi/real_frames/train/024/frame_000016.jpg
real_train_00902.jpg,real,988,real_video::988,component::88378c7d294af50b,train,train,f183c34480cb572fea90221e127d454b6c62c14b5237e2f635579b742821770d,/content/drive/MyDrive/AISC DeepFake Çalışmaları/FaceForensics_Projesi/real_frames/train/988/frame_000024.jpg
real_train_00904.jpg,real,688,real_video::688,component::701acbdec565c7ba,train,train,84262d81a010d0d634104dae2ad1e55641919dc50b76b62740cfc50edc7d3a4c,/content/drive/MyDrive/AISC DeepFake Çalışmaları/FaceForensics_Projesi/real_frames/train/688/frame_000022.jpg
real_train_00905.jpg,real,600,real_video::600,component::2b267bc153ba116f,train,train,bef85c1fd6df9ca6b171735ee9530d8c3985258bc609b9e82ef77f502f88818c,/content/drive/MyDrive/AISC DeepFake Çalışmaları/FaceForensics_Projesi/real_frames/train/600/frame_000014.jpg
real_train_00906.jpg,real,165,real_video::165,component::fc510ff8df622dc9,train,val,4b9e63d2f1b4af34fd70f315e8d81417dc183d627e8a11bf1c1a5b1846c16c79,/content/drive/MyDrive/AISC DeepFake Çalışmaları/FaceForensics_Projesi/real_frames/train/165/frame_000010.jpg
real_train_00907.jpg,real,991,real_video::991,component::836a86dcafc90d0d,train,train,10ae1a0dad6a54ca8e793e8f8e002e298bf26e660905723154cf9dfa54ab735d,/content/drive/MyDrive/AISC DeepFake Çalışmaları/FaceForensics_Projesi/real_frames/train/991/frame_000003.jpg
real_train_00909.jpg,real,210,real_video::210,component::2fbd75fbc39e16e7,train,train,6e9c529dd0ec3301344c1f5f4a5e2e18acdf7f27fb12c0533f8b3328d6ea1a4c,/content/drive/MyDrive/AISC DeepFake Çalışmaları/FaceForensics_Projesi/real_frames/train/210/frame_000016.jpg
real_train_00910.jpg,real,672,real_video::672,component::6cac911c1a97944d,train,train,f147a810d2b264ad890399e9c3e82860ddb7781ddf975bbacd10401044d2ffe9,/content/drive/MyDrive/AISC DeepFake Çalışmaları/FaceForensics_Projesi/real_frames/train/672/frame_000024.jpg
real_train_00911.jpg,real,177,real_video::177,component::8b17ac2718e46888,train,train,4c1b5c763a60e911d590b93b029cd7121737a011b402e8167895f589c577e884,/content/drive/MyDrive/AISC DeepFake Çalışmaları/FaceForensics_Projesi/real_frames/train/177/frame_000010.jpg
real_train_00913.jpg,real,215,real_video::215,component::30311b6dcc10a837,train,val,1f1c825cefad3870566cfdb9647afcc5eb013f8e9d49ce4cc68b85d79c4ced92,/content/drive/MyDrive/AISC DeepFake Çalışmaları/FaceForensics_Projesi/real_frames/train/215/frame_000032.jpg
real_train_00914.jpg,real,940,real_video::940,component::7e54646e96bc8c9a,train,val,099aaf9823a8ce9bc3c22a6d49868f0a5f9660444b23af252e7ded5c76a720ff,/content/drive/MyDrive/AISC DeepFake Çalışmaları/FaceForensics_Projesi/real_frames/train/940/frame_000014.jpg
real_train_00915.jpg,real,187,real_video::187,component::625cf0db08a731dd,train,train,bf1b3e8c2be3d423c696a6a18dee7c68a72b10aba67bc9a4921523c23d2b712d,/content/drive/MyDrive/AISC DeepFake Çalışmaları/FaceForensics_Projesi/real_frames/train/187/frame_000008.jpg
real_train_00916.jpg,real,965,real_video::965,component::688889013463ccbe,train,train,240571673d3c1566363ada4b84872792bec7a319723792fe772513beb7a88f14,/content/drive/MyDrive/AISC DeepFake Çalışmaları/FaceForensics_Projesi/real_frames/train/965/frame_000014.jpg
real_train_00917.jpg,real,091,real_video::091,component::3cd6355ae613ff63,train,train,36fa7df66f1e2d88fbd7b7dacc4f795a666542914c3dfe7292a4535b83622cfd,/content/drive/MyDrive/AISC DeepFake Çalışmaları/FaceForensics_Projesi/real_frames/train/091/frame_000015.jpg
real_train_00918.jpg,real,194,real_video::194,component::e6bb97328820475a,train,val,3d92f10f6210ec9008101fb555c3951f826bf735f5c3667af28ed91081c15d8a,/content/drive/MyDrive/AISC DeepFake Çalışmaları/FaceForensics_Projesi/real_frames/train/194/frame_000010.jpg
real_train_00919.jpg,real,703,real_video::703,component::dcf636cea0b2fc81,train,train,c3249eeb2aa52b02fca32b4cc798fbed83c718453cbea45d0912e45755c49e19,/content/drive/MyDrive/AISC DeepFake Çalışmaları/FaceForensics_Projesi/real_frames/train/703/frame_000011.jpg
real_train_00921.jpg,real,543,real_video::543,component::c6822b17650acc3f,train,train,41f226793fe639d4a70272d90f5dc0812ceca53a707b1d5372e2640a5bb13346,/content/drive/MyDrive/AISC DeepFake Çalışmaları/FaceForensics_Projesi/real_frames/train/543/frame_000018.jpg
real_train_00924.jpg,real,154,real_video::154,component::bbbadbc8c3977aeb,train,train,48798c9fe9114779ca4e34c877aa5f9b00949c9a8ecd35b91b4a097dc4ea2aeb,/content/drive/MyDrive/AISC DeepFake Çalışmaları/FaceForensics_Projesi/real_frames/train/154/frame_000004.jpg
real_train_00925.jpg,real,168,real_video::168,component::8d6c4c9924f42654,train,train,a720ba16db6f1490b6a8a949d2780c83e5293259151d16a6eb01e363ff9f97ec,/content/drive/MyDrive/AISC DeepFake Çalışmaları/FaceForensics_Projesi/real_frames/train/168/frame_000045.jpg
real_train_00926.jpg,real,533,real_video::533,component::ec424f2590c2ca01,train,train,6f94338bc0c2708127fc2acd8af523c672673e474f4792a6a93d6a0dd691f84a,/content/drive/MyDrive/AISC DeepFake Çalışmaları/FaceForensics_Projesi/real_frames/train/533/frame_000015.jpg
real_train_00927.jpg,real,833,real_video::833,component::ac87bb8220fe907b,train,train,381d061860182ca11ee5cbbf05a2a5156499dff24bda1a5a8ec2da32904f7d8a,/content/drive/MyDrive/AISC DeepFake Çalışmaları/FaceForensics_Projesi/real_frames/train/833/frame_000024.jpg
real_train_00928.jpg,real,392,real_video::392,component::20ea230a4cc01bd0,train,test,520864ae9baca4452c3e0c06086744122a2dd83eef2e52ed6ec989402ac85758,/content/drive/MyDrive/AISC DeepFake Çalışmaları/FaceForensics_Projesi/real_frames/train/392/frame_000038.jpg
real_train_00929.jpg,real,605,real_video::605,component::b370f181ff65f7bd,train,train,65527a4e56513c782fbd5cf4ef4a699c7b975b9e11618e2445b36489e12c1c0b,/content/drive/MyDrive/AISC DeepFake Çalışmaları/FaceForensics_Projesi/real_frames/train/605/frame_000025.jpg
real_train_00931.jpg,real,077,real_video::077,component::d3a1dc4fa8e9de85,train,train,c312cd6df911094ae70906024da5320599d6a0702fb452a4be2f0ee479d4c808,/content/drive/MyDrive/AISC DeepFake Çalışmaları/FaceForensics_Projesi/real_frames/train/077/frame_000009.jpg
real_train_00932.jpg,real,288,real_video::288,component::6faf06323a9b44a2,train,train,0ec7620b9df208278ac587ff8e755bbbd637607a957eccd08aa882dcab2b6623,/content/drive/MyDrive/AISC DeepFake Çalışmaları/FaceForensics_Projesi/real_frames/train/288/frame_000011.jpg
real_train_00936.jpg,real,326,real_video::326,component::4227017397629408,train,val,dc0550f29eb25916f6418b8bebbdf2d81900141b8fe618dce8ac9ba96e7c2e56,/content/drive/MyDrive/AISC DeepFake Çalışmaları/FaceForensics_Projesi/real_frames/train/326/frame_000032.jpg
real_train_00937.jpg,real,319,real_video::319,component::34eddf7d41bff197,train,train,b7a3cf15e352996e3e55797e1f84e2fe8ef32ce394cb13eb3ae02c488095e5a1,/content/drive/MyDrive/AISC DeepFake Çalışmaları/FaceForensics_Projesi/real_frames/train/319/frame_000013.jpg
real_train_00938.jpg,real,023,real_video::023,component::acde87d0bd60aee6,train,train,b539d99ce8ec3ab63058d5a5a6bb1d2d390afa721bab715336bc3c2bb8b92355,/content/drive/MyDrive/AISC DeepFake Çalışmaları/FaceForensics_Projesi/real_frames/train/023/frame_000016.jpg
real_train_00940.jpg,real,288,real_video::288,component::6faf06323a9b44a2,train,train,a2147eee7874ce8b84ee381a9f4cc6e143bb3faaa4f360a0798240f07a76ae71,/content/drive/MyDrive/AISC DeepFake Çalışmaları/FaceForensics_Projesi/real_frames/train/288/frame_000014.jpg
real_train_00941.jpg,real,403,real_video::403,component::b8f02b2ab6c36afc,train,train,5059516aa1d985cfd4994836c7f729acf43dd67c7e0342d31eec2d7182f265ee,/content/drive/MyDrive/AISC DeepFake Çalışmaları/FaceForensics_Projesi/real_frames/train/403/frame_000005.jpg
real_train_00942.jpg,real,229,real_video::229,component::1117f4ddbc6af44a,train,train,0ff34afe2d8f1f7bc3fe056bc37234a8da087f7962eecd893a8820706f043c0f,/content/drive/MyDrive/AISC DeepFake Çalışmaları/FaceForensics_Projesi/real_frames/train/229/frame_000022.jpg
real_train_00944.jpg,real,186,real_video::186,component::5fe2d826a5292c1c,train,train,5d9ff43f3625bc11c1e9d74b5ac6db621d0745f67cd7646673b4adcde9bef702,/content/drive/MyDrive/AISC DeepFake Çalışmaları/FaceForensics_Projesi/real_frames/train/186/frame_000005.jpg
real_train_00945.jpg,real,928,real_video::928,component::5150d0238064e815,train,train,56d435b70f3bb9f8013071bc21c2cee47219c21617323352288a44214a65920e,/content/drive/MyDrive/AISC DeepFake Çalışmaları/FaceForensics_Projesi/real_frames/train/928/frame_000002.jpg
real_train_00946.jpg,real,341,real_video::341,component::ddfdf4e1a555231c,train,train,b16489a69cec80f2beaece9b3bfa9f7600cd2132a7654618145b48001e1f4a48,/content/drive/MyDrive/AISC DeepFake Çalışmaları/FaceForensics_Projesi/real_frames/train/341/frame_000004.jpg
real_train_00947.jpg,real,592,real_video::592,component::6c35d7cfaf8238d2,train,train,7754470558c72f2f81a12259829c675986f2c9176f9b3373e2d8971f2bd47221,/content/drive/MyDrive/AISC DeepFake Çalışmaları/FaceForensics_Projesi/real_frames/train/592/frame_000016.jpg
real_train_00948.jpg,real,652,real_video::652,component::29ba2d35820c718b,train,train,8dc457df827c3626a1d18260abaf844344be83284105edb4f131c379e8a6e45b,/content/drive/MyDrive/AISC DeepFake Çalışmaları/FaceForensics_Projesi/real_frames/train/652/frame_000012.jpg
real_train_00949.jpg,real,064,real_video::064,component::171e4e7f6d95ea47,train,train,44a7ff591b81714efd56909fc2141accda312d918be1d90c56ead4ee6d260921,/content/drive/MyDrive/AISC DeepFake Çalışmaları/FaceForensics_Projesi/real_frames/train/064/frame_000008.jpg
real_train_00950.jpg,real,903,real_video::903,component::ba4b583a36433844,train,train,5b09a520e080193b2d47affe478f2e2ca1ef54593f0931e79eb4991df94e9812,/content/drive/MyDrive/AISC DeepFake Çalışmaları/FaceForensics_Projesi/real_frames/train/903/frame_000032.jpg
real_train_00951.jpg,real,017,real_video::017,component::eb5fb59855e69f92,train,train,1235d4bde785b760779c671fd733d92661891645ac79ed9276220fe541cae72d,/content/drive/MyDrive/AISC DeepFake Çalışmaları/FaceForensics_Projesi/real_frames/train/017/frame_000018.jpg
real_train_00952.jpg,real,226,real_video::226,component::cb732187272d6935,train,train,f13187dda49e50d6664f74b542b679d3ea2c2abfe03d5eddadef779e315beea9,/content/drive/MyDrive/AISC DeepFake Çalışmaları/FaceForensics_Projesi/real_frames/train/226/frame_000004.jpg
real_train_00956.jpg,real,450,real_video::450,component::b543ad98ca41d4b5,train,train,2cb4c2b31154000214fc0159efc98f6e76e53d68f81e3a70009bd428921fa833,/content/drive/MyDrive/AISC DeepFake Çalışmaları/FaceForensics_Projesi/real_frames/train/450/frame_000005.jpg
real_train_00957.jpg,real,860,real_video::860,component::92dda0a8eeca4621,train,test,fa268238000ea11ba2af9f37c406c785e9892e87f8e19e3aba4e80fb445692ee,/content/drive/MyDrive/AISC DeepFake Çalışmaları/FaceForensics_Projesi/real_frames/train/860/frame_000004.jpg
real_train_00959.jpg,real,606,real_video::606,component::dd1676eb44aeb3e4,train,train,dcb631a072e3b278fff29dd24ba9a48b7fea17a17ad689c17713e6056ed47216,/content/drive/MyDrive/AISC DeepFake Çalışmaları/FaceForensics_Projesi/real_frames/train/606/frame_000017.jpg
real_train_00961.jpg,real,752,real_video::752,component::f0f984bb45db5d6f,train,train,272db0383cb38208de009f0655a8dc8af68a884a57f215c51695eae77ee9d527,/content/drive/MyDrive/AISC DeepFake Çalışmaları/FaceForensics_Projesi/real_frames/train/752/frame_000017.jpg
real_train_00962.jpg,real,780,real_video::780,component::02e4a417a1c6f9da,train,test,83c4a734c9a24b6ef100136e2edb85cc76007d0adeff561766d92f2535e4b431,/content/drive/MyDrive/AISC DeepFake Çalışmaları/FaceForensics_Projesi/real_frames/train/780/frame_000007.jpg
real_train_00963.jpg,real,172,real_video::172,component::b9bd825643bc32d7,train,train,e9da1f0da9c0a1bd9d245d4a2ea96dda01f2fe7d238bdc01828431d7d129b7b6,/content/drive/MyDrive/AISC DeepFake Çalışmaları/FaceForensics_Projesi/real_frames/train/172/frame_000018.jpg
real_train_00964.jpg,real,037,real_video::037,component::b43dfa8bea370b54,train,train,e727c7a15b595393f548610c51e9a3298a3a05f7fa7e93518ef965c882402853,/content/drive/MyDrive/AISC DeepFake Çalışmaları/FaceForensics_Projesi/real_frames/train/037/frame_000024.jpg
real_train_00968.jpg,real,149,real_video::149,component::4f83e9e728bb7653,train,train,7d7181ed83e76c28101ec48697db92da266d83460f021cc3be6510fb6f72ff40,/content/drive/MyDrive/AISC DeepFake Çalışmaları/FaceForensics_Projesi/real_frames/train/149/frame_000009.jpg
real_train_00969.jpg,real,628,real_video::628,component::7b8402d18aca5028,train,train,7726f276d9eae8c4a2a15c55caa6614e9f9957913c9bbcb20e382cd9e486eb22,/content/drive/MyDrive/AISC DeepFake Çalışmaları/FaceForensics_Projesi/real_frames/train/628/frame_000038.jpg
real_train_00970.jpg,real,716,real_video::716,component::3204c40552e44269,train,train,2a2c4628b56f45a8ca0866c63f39a666a3bc80c1357f3c09d634076e449be29d,/content/drive/MyDrive/AISC DeepFake Çalışmaları/FaceForensics_Projesi/real_frames/train/716/frame_000010.jpg
real_train_00971.jpg,real,468,real_video::468,component::ab8fabaf7d967c72,train,test,e16e14a13ba4855426f576641504614d18f41e2e65db5ed54f4fdcf98e967ba0,/content/drive/MyDrive/AISC DeepFake Çalışmaları/FaceForensics_Projesi/real_frames/train/468/frame_000027.jpg
real_train_00973.jpg,real,630,real_video::630,component::168090aecae88e5d,train,test,6f77be6ee13405591657102834e49585c8534edc469a7275ba2c3f651dfbda98,/content/drive/MyDrive/AISC DeepFake Çalışmaları/FaceForensics_Projesi/real_frames/train/630/frame_000010.jpg
real_train_00975.jpg,real,911,real_video::911,component::cf03676c12c18641,train,train,b8556560d2967c824c4bea2f10266378668e14bfc37853b4f748a4aaaadade35,/content/drive/MyDrive/AISC DeepFake Çalışmaları/FaceForensics_Projesi/real_frames/train/911/frame_000013.jpg
real_train_00976.jpg,real,693,real_video::693,component::5cb33c7cf47d560d,train,train,ca6a8cabe3c9e3ff58ddc55c8153a46e82e65d65b8303d4082d0eacf18429f9a,/content/drive/MyDrive/AISC DeepFake Çalışmaları/FaceForensics_Projesi/real_frames/train/693/frame_000030.jpg
real_train_00977.jpg,real,780,real_video::780,component::02e4a417a1c6f9da,train,test,48e419d8a100c0337bb56259706363aa3ce1be6479c87ca0eab787818add9d3c,/content/drive/MyDrive/AISC DeepFake Çalışmaları/FaceForensics_Projesi/real_frames/train/780/frame_000002.jpg
real_train_00979.jpg,real,204,real_video::204,component::07d1c93a91463cd8,train,train,6e2f98b92419682e58156bd639f5cb7e9cd6536618245e5d3de4b86edd94decf,/content/drive/MyDrive/AISC DeepFake Çalışmaları/FaceForensics_Projesi/real_frames/train/204/frame_000018.jpg
real_train_00980.jpg,real,026,real_video::026,component::20aa6ec813347850,train,test,af87c53579547923b1f3bc3a1d819025330ba2414cd5082e67515814a0c4887c,/content/drive/MyDrive/AISC DeepFake Çalışmaları/FaceForensics_Projesi/real_frames/train/026/frame_000002.jpg
real_train_00982.jpg,real,860,real_video::860,component::92dda0a8eeca4621,train,test,156d8f56f12f30ff6807e78283ad164b66d4bd3f28a1a3e9a08fd7121566ca03,/content/drive/MyDrive/AISC DeepFake Çalışmaları/FaceForensics_Projesi/real_frames/train/860/frame_000016.jpg
real_train_00984.jpg,real,924,real_video::924,component::64514af94ad4aca5,train,train,1557973e38dcb4611250581168dc268d0ba7538151fda9e86a3fa82fbddc9a31,/content/drive/MyDrive/AISC DeepFake Çalışmaları/FaceForensics_Projesi/real_frames/train/924/frame_000003.jpg
real_train_00985.jpg,real,980,real_video::980,component::2daf313bb504077b,train,train,7cb017c542c54a8904505b29e31afcb3cfb75a276ec7a8c03fc91ae53bb63eaa,/content/drive/MyDrive/AISC DeepFake Çalışmaları/FaceForensics_Projesi/real_frames/train/980/frame_000013.jpg
real_train_00986.jpg,real,244,real_video::244,component::65c346b02c1b4588,train,train,31446378f2b0d960407125fa7d66871dd868d72255aa0d7a517df3f96df6ddd0,/content/drive/MyDrive/AISC DeepFake Çalışmaları/FaceForensics_Projesi/real_frames/train/244/frame_000021.jpg
real_train_00989.jpg,real,454,real_video::454,component::4f37cd7c250b6c36,train,train,933b6122051f2b2a46958f8c348ba31eceac9092a05010603cf56b2880d73804,/content/drive/MyDrive/AISC DeepFake Çalışmaları/FaceForensics_Projesi/real_frames/train/454/frame_000003.jpg
real_train_00990.jpg,real,368,real_video::368,component::47a07e50fb99015f,train,train,712413cbd3c7cbeede642f88acc95aa03df943d902704f6cd81303d84dfdd542,/content/drive/MyDrive/AISC DeepFake Çalışmaları/FaceForensics_Projesi/real_frames/train/368/frame_000004.jpg
real_train_00991.jpg,real,056,real_video::056,component::8330c9bbba86237c,train,train,53576a9e40d5d73fe2a9e376a575d29202c521134224ab4f2a7332c6ea7daeb5,/content/drive/MyDrive/AISC DeepFake Çalışmaları/FaceForensics_Projesi/real_frames/train/056/frame_000016.jpg
real_train_00994.jpg,real,679,real_video::679,component::b881745a6757f803,train,train,3b320121d93cec0357f91f78d59766a44cf545b81414285fc59710af271ffa81,/content/drive/MyDrive/AISC DeepFake Çalışmaları/FaceForensics_Projesi/real_frames/train/679/frame_000004.jpg
real_train_00997.jpg,real,468,real_video::468,component::ab8fabaf7d967c72,train,test,b33ef51f95d7a79e767f8ca19d6a48f48d93a10535582c6493a68c401070ee51,/content/drive/MyDrive/AISC DeepFake Çalışmaları/FaceForensics_Projesi/real_frames/train/468/frame_000030.jpg
real_train_00999.jpg,real,475,real_video::475,component::fe445e0f3d6331b3,train,train,467953e9fb1d7e1dadf4be027b69172da9d3962efcd561911f96d0f7f9c07987,/content/drive/MyDrive/AISC DeepFake Çalışmaları/FaceForensics_Projesi/real_frames/train/475/frame_000014.jpg
real_train_01000.jpg,real,211,real_video::211,component::7f77691d05b6dafd,train,train,5d60006d45043cab06afe36068555da70fabeec628ab0d4a5a2f5a37a268a5c8,/content/drive/MyDrive/AISC DeepFake Çalışmaları/FaceForensics_Projesi/real_frames/train/211/frame_000015.jpg
real_train_01005.jpg,real,172,real_video::172,component::b9bd825643bc32d7,train,train,5893b4887b9d4d72932038ffbdbcfdb443cb81a1525bf404902439b2c5325bc5,/content/drive/MyDrive/AISC DeepFake Çalışmaları/FaceForensics_Projesi/real_frames/train/172/frame_000012.jpg
real_train_01006.jpg,real,360,real_video::360,component::2431c5c97871e48a,train,train,20e1f16b04c96a276664fd8832dfbcd05853cbc7e0367de6a692f9f9d677d9b7,/content/drive/MyDrive/AISC DeepFake Çalışmaları/FaceForensics_Projesi/real_frames/train/360/frame_000015.jpg
real_train_01007.jpg,real,366,real_video::366,component::40db2e12758f7abe,train,train,13f64fe7034e73bd4d7928e0d268b00886caa6d9b120dea8379a953c7aa0bb0c,/content/drive/MyDrive/AISC DeepFake Çalışmaları/FaceForensics_Projesi/real_frames/train/366/frame_000005.jpg
real_train_01010.jpg,real,258,real_video::258,component::105b9d7f223053b3,train,val,54a89fcacf68af3130646efcb3d1b04927ef408cab7af57b2c2a357e27b79ea5,/content/drive/MyDrive/AISC DeepFake Çalışmaları/FaceForensics_Projesi/real_frames/train/258/frame_000021.jpg
real_train_01011.jpg,real,967,real_video::967,component::c8c314cc8a568b09,train,train,68cf6db06b062a8e5f4d8672294291e762eb03aa2e66e6539550af57c66ef833,/content/drive/MyDrive/AISC DeepFake Çalışmaları/FaceForensics_Projesi/real_frames/train/967/frame_000023.jpg
real_train_01012.jpg,real,111,real_video::111,component::bc71652b841a372f,train,train,179c3dc1cbf3a198b1774d1d61ebb3468edd570641d13627c50a26761a66b50e,/content/drive/MyDrive/AISC DeepFake Çalışmaları/FaceForensics_Projesi/real_frames/train/111/frame_000012.jpg
real_train_01013.jpg,real,354,real_video::354,component::a31d1b2b691bf413,train,train,50f6f03205ba04a66759d5282470b18d5045dd102b420b21178a4887b9ddd8cc,/content/drive/MyDrive/AISC DeepFake Çalışmaları/FaceForensics_Projesi/real_frames/train/354/frame_000020.jpg
real_train_01014.jpg,real,534,real_video::534,component::ab3b7466640f5ab1,train,train,81f3cb358f04f4009ca7481d1dfab5a0fe1ce2926f53c551cc349bbce2e37c8b,/content/drive/MyDrive/AISC DeepFake Çalışmaları/FaceForensics_Projesi/real_frames/train/534/frame_000020.jpg
real_train_01015.jpg,real,497,real_video::497,component::4f75840f4745f49a,train,test,e3e44c661d70ba5e6d9f1b810368d1c99bda5dc3cd488318a38fafa9726691dc,/content/drive/MyDrive/AISC DeepFake Çalışmaları/FaceForensics_Projesi/real_frames/train/497/frame_000008.jpg
real_train_01016.jpg,real,745,real_video::745,component::7af3479ebe444251,train,val,d44cc8117843a2d6d18c033d874544328662606174dfa56676b66c22b8954720,/content/drive/MyDrive/AISC DeepFake Çalışmaları/FaceForensics_Projesi/real_frames/train/745/frame_000012.jpg
real_train_01018.jpg,real,922,real_video::922,component::ed0bcddf5f25c37b,train,test,b6d14853e6738aa291f45f7498f4213f3b769344e103b11e832ac1ed0672298b,/content/drive/MyDrive/AISC DeepFake Çalışmaları/FaceForensics_Projesi/real_frames/train/922/frame_000023.jpg
real_train_01020.jpg,real,634,real_video::634,component::3bf0c6d8b5e201e6,train,train,ff3639c4a959baed936ce5423ab4dd422e50ac8b03d59ada669d15a2e685ca68,/content/drive/MyDrive/AISC DeepFake Çalışmaları/FaceForensics_Projesi/real_frames/train/634/frame_000014.jpg
real_train_01021.jpg,real,400,real_video::400,component::2761bc6be86fe17d,train,train,7e4a1a56451ec4c13b3967eabf6cf4d71c8e806630e92f44f8ae658a57b8b3be,/content/drive/MyDrive/AISC DeepFake Çalışmaları/FaceForensics_Projesi/real_frames/train/400/frame_000017.jpg
real_train_01022.jpg,real,338,real_video::338,component::f6c784e5d4961ddf,train,train,fda675bcf8c22942a6d7f1b085e21a3b6b4ab0d6d2d1ff07852c8695ab204655,/content/drive/MyDrive/AISC DeepFake Çalışmaları/FaceForensics_Projesi/real_frames/train/338/frame_000013.jpg
real_train_01023.jpg,real,200,real_video::200,component::5ef172cc70561a24,train,train,97621d2d8130099b4e864f932325f6ef7528b8d7024bf33a01d79d2f1f7d8401,/content/drive/MyDrive/AISC DeepFake Çalışmaları/FaceForensics_Projesi/real_frames/train/200/frame_000019.jpg
real_train_01027.jpg,real,740,real_video::740,component::94ebbbaf8e04ada6,train,val,6dc5dfcc2a3e42b591be1fa252ddee81b3a758b4f8c897f3f5ddbdc047a602a0,/content/drive/MyDrive/AISC DeepFake Çalışmaları/FaceForensics_Projesi/real_frames/train/740/frame_000010.jpg
real_train_01028.jpg,real,840,real_video::840,component::b83b5607abdfe84a,train,train,00649dbbafd23d665242c4f5c97ab17902e1a69152a0c9e69c16a0d2451a9180,/content/drive/MyDrive/AISC DeepFake Çalışmaları/FaceForensics_Projesi/real_frames/train/840/frame_000010.jpg
real_train_01030.jpg,real,409,real_video::409,component::b1f05dfdcd9d1a7d,train,train,5c0292f8148df5946a3b04348c9b300850b41393140da3a897d9db3f1f283a78,/content/drive/MyDrive/AISC DeepFake Çalışmaları/FaceForensics_Projesi/real_frames/train/409/frame_000015.jpg
real_train_01033.jpg,real,019,real_video::019,component::83c446c829b36842,train,train,ba5522ae530578a252ea3a610cbf8a84c832af834c2d61fa411771bac6723ce8,/content/drive/MyDrive/AISC DeepFake Çalışmaları/FaceForensics_Projesi/real_frames/train/019/frame_000058.jpg
real_train_01035.jpg,real,002,real_video::002,component::7ab5dce70a701055,train,train,1418d26e6add1d5690137845b4ed15fcd6c29832520fffb63d4d1769cf04515e,/content/drive/MyDrive/AISC DeepFake Çalışmaları/FaceForensics_Projesi/real_frames/train/002/frame_000027.jpg
real_train_01039.jpg,real,083,real_video::083,component::9a2719cbcb930f4c,train,train,acae57ca1aa92d08144ac585b1c6a94192e575afbf1200a6d9dfcc986aa52c54,/content/drive/MyDrive/AISC DeepFake Çalışmaları/FaceForensics_Projesi/real_frames/train/083/frame_000021.jpg
real_train_01041.jpg,real,818,real_video::818,component::3aaae788386b0f42,train,val,29c122dce047827bf2dd7955eda6485d7a367133972159c7cbbbbbbbed205bb3,/content/drive/MyDrive/AISC DeepFake Çalışmaları/FaceForensics_Projesi/real_frames/train/818/frame_000014.jpg
real_train_01042.jpg,real,928,real_video::928,component::5150d0238064e815,train,train,83a54074f7c71e18af7d37a8e6d897a4a4187869ec76bd5e56817d36ed328030,/content/drive/MyDrive/AISC DeepFake Çalışmaları/FaceForensics_Projesi/real_frames/train/928/frame_000008.jpg
real_train_01046.jpg,real,919,real_video::919,component::39c87f47476daf16,train,val,3621e817e050fc8fe411a092850a05a805b66289992d7b1892123d2110fff1e5,/content/drive/MyDrive/AISC DeepFake Çalışmaları/FaceForensics_Projesi/real_frames/train/919/frame_000001.jpg
real_train_01047.jpg,real,674,real_video::674,component::d2477e108cfd9d3a,train,train,2d0bf5d2daf5d1e336b7d80a012e87cb79a39384be8dacf789324f5928ef208f,/content/drive/MyDrive/AISC DeepFake Çalışmaları/FaceForensics_Projesi/real_frames/train/674/frame_000012.jpg
real_train_01048.jpg,real,752,real_video::752,component::f0f984bb45db5d6f,train,train,bd8cb7b63eddfd100222afcd2410f70555b7036ab9a34eaf10d65535a5352bfa,/content/drive/MyDrive/AISC DeepFake Çalışmaları/FaceForensics_Projesi/real_frames/train/752/frame_000009.jpg
real_train_01049.jpg,real,210,real_video::210,component::2fbd75fbc39e16e7,train,train,6e1a2714097f027a5474bf4aefbaa6c72aea2bfa4892e675bd0dba2d5cff2676,/content/drive/MyDrive/AISC DeepFake Çalışmaları/FaceForensics_Projesi/real_frames/train/210/frame_000029.jpg
real_train_01050.jpg,real,510,real_video::510,component::d760327ddc076e9b,train,train,2f3d49f5543f943772edecc651722a7372b6f402b03323d9b494124ea6bac143,/content/drive/MyDrive/AISC DeepFake Çalışmaları/FaceForensics_Projesi/real_frames/train/510/frame_000003.jpg
real_train_01051.jpg,real,765,real_video::765,component::dad641f49dc4d0da,train,train,0f4bd61808484083e870d5299f3c91ab9b7f761db101c36be0368bd5881c61e8,/content/drive/MyDrive/AISC DeepFake Çalışmaları/FaceForensics_Projesi/real_frames/train/765/frame_000000.jpg
real_train_01053.jpg,real,243,real_video::243,component::ac4dc62d29a08ff7,train,train,3303016be62ba60d50ed239b3ff38dd5fe1017e14209fb3f5558421645969c59,/content/drive/MyDrive/AISC DeepFake Çalışmaları/FaceForensics_Projesi/real_frames/train/243/frame_000017.jpg
real_train_01054.jpg,real,559,real_video::559,component::decb95d5cf8e94e2,train,train,fd5ecba0ec7e342df548cf3fa123da0ad753577f9c166d7d797ae3dc7ec7de7d,/content/drive/MyDrive/AISC DeepFake Çalışmaları/FaceForensics_Projesi/real_frames/train/559/frame_000000.jpg
real_train_01055.jpg,real,707,real_video::707,component::5b25e6bd6d4c5fd7,train,train,6d02f1dddf17ee8dde3d2bba8524f6fd82990de49ebf23a38e73a88cf4d0dfd4,/content/drive/MyDrive/AISC DeepFake Çalışmaları/FaceForensics_Projesi/real_frames/train/707/frame_000018.jpg
real_train_01057.jpg,real,460,real_video::460,component::a0ea7ff9943ab19b,train,train,f7533064b0f522668f9c8f37847c13ab434700098dc0b2fe27ff63bd314b44e4,/content/drive/MyDrive/AISC DeepFake Çalışmaları/FaceForensics_Projesi/real_frames/train/460/frame_000009.jpg
real_train_01058.jpg,real,195,real_video::195,component::c111a0a1362195d9,train,val,9a932d9fa83c65e91d64750f99713f1bfdf368d67726678a5cdc70f457f79c20,/content/drive/MyDrive/AISC DeepFake Çalışmaları/FaceForensics_Projesi/real_frames/train/195/frame_000000.jpg
real_train_01059.jpg,real,564,real_video::564,component::5a8894fbc4581866,train,train,fd757fc974f8c4a70454f0044fa15babeb6eb37b0df34c66a3573c54634bea4a,/content/drive/MyDrive/AISC DeepFake Çalışmaları/FaceForensics_Projesi/real_frames/train/564/frame_000013.jpg
real_train_01061.jpg,real,669,real_video::669,component::5ee78e08d968c79e,train,train,232907c3ce1228f02e373786cc59eff4e03ecb62d91affc89a9e744c907afcd6,/content/drive/MyDrive/AISC DeepFake Çalışmaları/FaceForensics_Projesi/real_frames/train/669/frame_000005.jpg
real_train_01062.jpg,real,128,real_video::128,component::d5b4265c75525a03,train,train,2c37204b8375b1ae70061b956d8218f5646396da5e16e2a271ade2c787431f41,/content/drive/MyDrive/AISC DeepFake Çalışmaları/FaceForensics_Projesi/real_frames/train/128/frame_000012.jpg
real_train_01065.jpg,real,120,real_video::120,component::c6386acf13de055b,train,train,b28fbda0471dad466bff3a83eb079ac73724ff204fe7f749518a6bbc2310abe8,/content/drive/MyDrive/AISC DeepFake Çalışmaları/FaceForensics_Projesi/real_frames/train/120/frame_000011.jpg
real_train_01068.jpg,real,402,real_video::402,component::a42e76d7b32490c7,train,train,e2e5ed3472b212c521b886bce468b08032a6a24a1879ed0528e46ab6cc23361a,/content/drive/MyDrive/AISC DeepFake Çalışmaları/FaceForensics_Projesi/real_frames/train/402/frame_000001.jpg
real_train_01069.jpg,real,386,real_video::386,component::fcb04e3ad61085d5,train,train,61563cd4dc9734c8bb8c087f171349a3cd36b442b82a656977cf06b9d74f1a81,/content/drive/MyDrive/AISC DeepFake Çalışmaları/FaceForensics_Projesi/real_frames/train/386/frame_000003.jpg
real_train_01070.jpg,real,443,real_video::443,component::0b97827e2c8b0018,train,train,203a868ef38754658951b5ab8e1ce305fea37cb466c1308c293972d6642df244,/content/drive/MyDrive/AISC DeepFake Çalışmaları/FaceForensics_Projesi/real_frames/train/443/frame_000022.jpg
real_train_01072.jpg,real,920,real_video::920,component::de735d411bd1923f,train,train,8a2da539013b7bff82639056776748e818b2977724b30ec8ce531c3367eccdeb,/content/drive/MyDrive/AISC DeepFake Çalışmaları/FaceForensics_Projesi/real_frames/train/920/frame_000018.jpg
real_train_01073.jpg,real,819,real_video::819,component::a6edafc866086f95,train,train,8946de48669c2816c7771b646ddb5dd7160470dc73f675b7b282a80a338b06ab,/content/drive/MyDrive/AISC DeepFake Çalışmaları/FaceForensics_Projesi/real_frames/train/819/frame_000010.jpg
real_train_01076.jpg,real,391,real_video::391,component::45ee6f744eb8119e,train,train,ba6759b99edf0a6339155270be179405b08dbf1fdbc1543d5819518bdc93ef61,/content/drive/MyDrive/AISC DeepFake Çalışmaları/FaceForensics_Projesi/real_frames/train/391/frame_000003.jpg
real_train_01077.jpg,real,582,real_video::582,component::d6e45b64eeb8a38c,train,train,fe1ab592ab0c97d01956717a39514dfdbecea25e0d09ecd8b1eb8f0e30148bc3,/content/drive/MyDrive/AISC DeepFake Çalışmaları/FaceForensics_Projesi/real_frames/train/582/frame_000005.jpg
real_train_01078.jpg,real,138,real_video::138,component::4ec8d12f7082de8c,train,train,1818f2d2ffdbfe2312e4d49cf08f18ab8e083c2739143293a80d7f60f8f22473,/content/drive/MyDrive/AISC DeepFake Çalışmaları/FaceForensics_Projesi/real_frames/train/138/frame_000018.jpg
real_train_01080.jpg,real,477,real_video::477,component::c4c50cf91876abd0,train,train,0f10ba1f3cb1f2431f47545dacfced8d54538de26e076254a5dc5b0e8f24c067,/content/drive/MyDrive/AISC DeepFake Çalışmaları/FaceForensics_Projesi/real_frames/train/477/frame_000011.jpg
real_train_01081.jpg,real,789,real_video::789,component::793ff9bdfa593f3e,train,train,6b7cf01b87c1fde5cf3f10087bf28dd164ceaa5d0833f44a15f5ba0fff4a2644,/content/drive/MyDrive/AISC DeepFake Çalışmaları/FaceForensics_Projesi/real_frames/train/789/frame_000004.jpg
real_train_01084.jpg,real,518,real_video::518,component::13dbde8905187afb,train,train,cc30cdbfd09adf02c6da1c754242ec779e26dadde78ea4166355d57e94dd15aa,/content/drive/MyDrive/AISC DeepFake Çalışmaları/FaceForensics_Projesi/real_frames/train/518/frame_000001.jpg
real_train_01085.jpg,real,783,real_video::783,component::4fc971cced193b9a,train,train,f16abc944e78a7f49c78d090dda1141398aa13a4dad0bb0a593317e4b5ca09ae,/content/drive/MyDrive/AISC DeepFake Çalışmaları/FaceForensics_Projesi/real_frames/train/783/frame_000012.jpg
real_train_01087.jpg,real,423,real_video::423,component::024ac91240eeb812,train,train,03e37d7ea36ca431f071d5c1a0dd4b0dd35390fe877dfadd04ad3e1a56baf8d1,/content/drive/MyDrive/AISC DeepFake Çalışmaları/FaceForensics_Projesi/real_frames/train/423/frame_000079.jpg
real_train_01088.jpg,real,542,real_video::542,component::192117ff264e5485,train,train,6472fe167fa30272f061781c77a11ecf50fe3c3caf356de49ab668e0057f1033,/content/drive/MyDrive/AISC DeepFake Çalışmaları/FaceForensics_Projesi/real_frames/train/542/frame_000000.jpg
real_train_01089.jpg,real,402,real_video::402,component::a42e76d7b32490c7,train,train,0cd8ff234531378f369108402e8a1bbfc92d2aa048fd35d742668002dca620c1,/content/drive/MyDrive/AISC DeepFake Çalışmaları/FaceForensics_Projesi/real_frames/train/402/frame_000012.jpg
real_train_01092.jpg,real,798,real_video::798,component::ff3c1e14f5564ead,train,train,ab9c872a932c3e2173e9d8147cd064c2819fa19b8eed4e9af0f7a61b23eac06c,/content/drive/MyDrive/AISC DeepFake Çalışmaları/FaceForensics_Projesi/real_frames/train/798/frame_000016.jpg
real_train_01094.jpg,real,443,real_video::443,component::0b97827e2c8b0018,train,train,ef81804c6b02535c2bad9b05eb851ee3c538a546715464a2cbca451f55781b69,/content/drive/MyDrive/AISC DeepFake Çalışmaları/FaceForensics_Projesi/real_frames/train/443/frame_000035.jpg
real_train_01095.jpg,real,770,real_video::770,component::aff224f3fd249008,train,train,53018e3f2de5b19ab7da7cf845f22bc9a52517467d8ee83f68c9f42e8ab0b61a,/content/drive/MyDrive/AISC DeepFake Çalışmaları/FaceForensics_Projesi/real_frames/train/770/frame_000003.jpg
real_train_01097.jpg,real,898,real_video::898,component::a14fba8290217fed,train,test,96e2f948c7415b57cc44db6cfa4b992dc10a48ca52adbf9f09e8685f383e7647,/content/drive/MyDrive/AISC DeepFake Çalışmaları/FaceForensics_Projesi/real_frames/train/898/frame_000002.jpg
real_train_01099.jpg,real,568,real_video::568,component::0b4bd1c1a44c24cf,train,train,75e3b1f609b14d5fc97fa89d3b7f71eaee6a66a577b478173e8d0d3b458c85ae,/content/drive/MyDrive/AISC DeepFake Çalışmaları/FaceForensics_Projesi/real_frames/train/568/frame_000014.jpg
real_train_01100.jpg,real,423,real_video::423,component::024ac91240eeb812,train,train,88a82d928ff9e07c315e0c63aebf58f97cdfc7d9520a298ddaf12515affe7c07,/content/drive/MyDrive/AISC DeepFake Çalışmaları/FaceForensics_Projesi/real_frames/train/423/frame_000029.jpg
real_train_01101.jpg,real,149,real_video::149,component::4f83e9e728bb7653,train,train,fded0d39e410f8e6357b8e15f5ac7864703f5590f49c69b345f9efaa8d85b390,/content/drive/MyDrive/AISC DeepFake Çalışmaları/FaceForensics_Projesi/real_frames/train/149/frame_000002.jpg
real_train_01102.jpg,real,329,real_video::329,component::005613f4ff4729a1,train,train,b60a18fccd34100e4c95881b78afa041535705804db425fb7cc894d302bad9ac,/content/drive/MyDrive/AISC DeepFake Çalışmaları/FaceForensics_Projesi/real_frames/train/329/frame_000013.jpg
real_train_01104.jpg,real,984,real_video::984,component::a0a2a8ad3979188a,train,train,9105f76596ef3f18d1487386ae31870106bda38c7db9fe780738bd1c43ba4cde,/content/drive/MyDrive/AISC DeepFake Çalışmaları/FaceForensics_Projesi/real_frames/train/984/frame_000015.jpg
real_train_01108.jpg,real,693,real_video::693,component::5cb33c7cf47d560d,train,train,781da3716da4a09abb38b6951e6accca2dc8cd3e3e6035fae1b79a424624a6c1,/content/drive/MyDrive/AISC DeepFake Çalışmaları/FaceForensics_Projesi/real_frames/train/693/frame_000024.jpg
real_train_01112.jpg,real,949,real_video::949,component::2d974ed329f4992a,train,train,e48f28c645505bb1350e7541924badb9398c1acd20a283c740ad2a8adf10209b,/content/drive/MyDrive/AISC DeepFake Çalışmaları/FaceForensics_Projesi/real_frames/train/949/frame_000025.jpg
real_train_01113.jpg,real,356,real_video::356,component::9f1508bdff53acb1,train,train,974c498e588b9d277aa0023cff6f005a46fa67a463692eb0813c2334b2b6c73a,/content/drive/MyDrive/AISC DeepFake Çalışmaları/FaceForensics_Projesi/real_frames/train/356/frame_000013.jpg
real_train_01114.jpg,real,583,real_video::583,component::c8bb2bae68f9e520,train,test,36dca950c2e11dc5c2827f89ad6eecf77424b4fe5a812066785c5825608afef5,/content/drive/MyDrive/AISC DeepFake Çalışmaları/FaceForensics_Projesi/real_frames/train/583/frame_000007.jpg
real_train_01116.jpg,real,015,real_video::015,component::da947ea64f0b2ed1,train,train,bd7a2c6d74bf5d5087044b6b2bb30f287af19824aaaca98d8d66adf6ab10d322,/content/drive/MyDrive/AISC DeepFake Çalışmaları/FaceForensics_Projesi/real_frames/train/015/frame_000012.jpg
real_train_01119.jpg,real,374,real_video::374,component::8601092e25b0a6fa,train,train,c9888a34aa9c32dc1c3751a4bb335c75b6700a65bfba0e1dedd2a264a7c42733,/content/drive/MyDrive/AISC DeepFake Çalışmaları/FaceForensics_Projesi/real_frames/train/374/frame_000014.jpg
real_train_01120.jpg,real,108,real_video::108,component::cd59a91a5b9a1505,train,train,de6fc2ce35eb02809ff6c3093d9f9e3660cbb36e54b2ba1e697ab18b43128f6c,/content/drive/MyDrive/AISC DeepFake Çalışmaları/FaceForensics_Projesi/real_frames/train/108/frame_000013.jpg
real_train_01122.jpg,real,115,real_video::115,component::57bf0508c18437e7,train,test,a336b895697677bdf1e8dcea295e775a924ae1950cd3a9e78b3a36a5e58fa021,/content/drive/MyDrive/AISC DeepFake Çalışmaları/FaceForensics_Projesi/real_frames/train/115/frame_000005.jpg
real_train_01124.jpg,real,630,real_video::630,component::168090aecae88e5d,train,test,7bbe8f026553d466389f5044718c183a24d3efbaf86f68a5d74f3747b75dd5d1,/content/drive/MyDrive/AISC DeepFake Çalışmaları/FaceForensics_Projesi/real_frames/train/630/frame_000007.jpg
real_train_01126.jpg,real,632,real_video::632,component::1c89593cdb8a0d7f,train,train,65d1c708982494a85d4101f4c147c1a5a93206d86faeb4f4fed136a031fc0b43,/content/drive/MyDrive/AISC DeepFake Çalışmaları/FaceForensics_Projesi/real_frames/train/632/frame_000024.jpg
real_train_01127.jpg,real,942,real_video::942,component::d1204cd1add3cf96,train,train,bdf2e045b53236b2c379a5e9032c55658039fcbee52788f00642dde44a7897db,/content/drive/MyDrive/AISC DeepFake Çalışmaları/FaceForensics_Projesi/real_frames/train/942/frame_000024.jpg
real_train_01129.jpg,real,415,real_video::415,component::0d0a15beb9c3f66b,train,train,b118eb14b42a32b09ff8a64848d8ac29d56306c5a8c1c897b2dbbba0aa3ab8c4,/content/drive/MyDrive/AISC DeepFake Çalışmaları/FaceForensics_Projesi/real_frames/train/415/frame_000007.jpg
real_train_01131.jpg,real,058,real_video::058,component::008d15ad0a99c4b6,train,test,022a63a4d1b77d6d4c5579828322f1fe7a3ad85880872620cfd4c4f2c5eb7b1f,/content/drive/MyDrive/AISC DeepFake Çalışmaları/FaceForensics_Projesi/real_frames/train/058/frame_000016.jpg
real_train_01132.jpg,real,042,real_video::042,component::1107e35103223e76,train,train,966477e5fae7269b15832fe48eead76dcc5ebde90fe594b441915c93960d7cc4,/content/drive/MyDrive/AISC DeepFake Çalışmaları/FaceForensics_Projesi/real_frames/train/042/frame_000016.jpg
real_train_01133.jpg,real,563,real_video::563,component::3bd5b374f2e7e7a0,train,train,898017f28bf09f8752c585aaa3f240d013e8fe82ff2ed4c850cc1cee17ced7e7,/content/drive/MyDrive/AISC DeepFake Çalışmaları/FaceForensics_Projesi/real_frames/train/563/frame_000005.jpg
real_train_01134.jpg,real,471,real_video::471,component::bcd2de865e5ce98a,train,train,7311e3ed42ca79cf751e25876bf9b59b3223d052bb81022576c34b93479dc81e,/content/drive/MyDrive/AISC DeepFake Çalışmaları/FaceForensics_Projesi/real_frames/train/471/frame_000027.jpg
real_train_01136.jpg,real,088,real_video::088,component::2498927176cd5580,train,test,a92df087326c95b03c21760b13ebde96be2c4e554fd28a539d0319b9e38bcdd2,/content/drive/MyDrive/AISC DeepFake Çalışmaları/FaceForensics_Projesi/real_frames/train/088/frame_000025.jpg
real_train_01137.jpg,real,101,real_video::101,component::75380b3049771585,train,test,bf816e37e7597d3d54195a120d1b9a0a2a604a16a94a717ae7e6d83263a3ae6a,/content/drive/MyDrive/AISC DeepFake Çalışmaları/FaceForensics_Projesi/real_frames/train/101/frame_000034.jpg
real_train_01138.jpg,real,368,real_video::368,component::47a07e50fb99015f,train,train,afd26380d5021e8dfcd4113be1223aa45a3f6dda139951d2420d99ef3d4c4e89,/content/drive/MyDrive/AISC DeepFake Çalışmaları/FaceForensics_Projesi/real_frames/train/368/frame_000007.jpg
real_train_01139.jpg,real,256,real_video::256,component::a49eb8b44799c98d,train,train,9390a09a9b37e6a33f58207ae7b63a6585aab30f37e5445537da96720fa28117,/content/drive/MyDrive/AISC DeepFake Çalışmaları/FaceForensics_Projesi/real_frames/train/256/frame_000027.jpg
real_train_01140.jpg,real,707,real_video::707,component::5b25e6bd6d4c5fd7,train,train,4a0bb7eecc35b5977510817a9b37ef59402b4fea6989b92cdc09d98a463452d9,/content/drive/MyDrive/AISC DeepFake Çalışmaları/FaceForensics_Projesi/real_frames/train/707/frame_000019.jpg
real_train_01141.jpg,real,037,real_video::037,component::b43dfa8bea370b54,train,train,947701573ef9238bc6fef8ab1eb10d940b493635a12e0ec1692e71f3771c021e,/content/drive/MyDrive/AISC DeepFake Çalışmaları/FaceForensics_Projesi/real_frames/train/037/frame_000023.jpg
real_train_01142.jpg,real,596,real_video::596,component::143230b8d0465ca9,train,train,bf4afa249834965fb6c2eaa513acda85b7e150250c1a5c53ccc8feb53cea1df3,/content/drive/MyDrive/AISC DeepFake Çalışmaları/FaceForensics_Projesi/real_frames/train/596/frame_000016.jpg
real_train_01143.jpg,real,948,real_video::948,component::74bff62b62e3710c,train,train,320f668981d96880bd5d0ab2aa2b2e7fe8349bcc392940fe8fd39f9444f83d95,/content/drive/MyDrive/AISC DeepFake Çalışmaları/FaceForensics_Projesi/real_frames/train/948/frame_000002.jpg
real_train_01144.jpg,real,139,real_video::139,component::70b2163f15948589,train,train,e2c8118505087e16e170fc3f1c2bc0c59334fc0b5e0c94a8d55bab10250b8cef,/content/drive/MyDrive/AISC DeepFake Çalışmaları/FaceForensics_Projesi/real_frames/train/139/frame_000015.jpg
real_train_01149.jpg,real,987,real_video::987,component::d1506b92ffed0bd4,train,train,6b01451f7e321b6f6a121ae187151af5963f7c173fed5e97d33c41ed4e788e6f,/content/drive/MyDrive/AISC DeepFake Çalışmaları/FaceForensics_Projesi/real_frames/train/987/frame_000002.jpg
real_train_01151.jpg,real,766,real_video::766,component::3e2945d2d27a4672,train,train,375998648b4b946e50796d409f671aee3a4157a2e96b13894a342334a5aa14e3,/content/drive/MyDrive/AISC DeepFake Çalışmaları/FaceForensics_Projesi/real_frames/train/766/frame_000005.jpg
real_train_01152.jpg,real,496,real_video::496,component::90f44213bce9d164,train,test,f873048304eb2ef750230f6291cf0d0c2783f34310d3acc91c9c0fc209d3f3f0,/content/drive/MyDrive/AISC DeepFake Çalışmaları/FaceForensics_Projesi/real_frames/train/496/frame_000003.jpg
real_train_01153.jpg,real,742,real_video::742,component::f802bee787ff71ef,train,train,ce9d06e55e80426825c6488c13023dcf7feffc0189fa5e6aedf56523d71b8e74,/content/drive/MyDrive/AISC DeepFake Çalışmaları/FaceForensics_Projesi/real_frames/train/742/frame_000028.jpg
real_train_01154.jpg,real,833,real_video::833,component::ac87bb8220fe907b,train,train,944f6d6a22b57fd1644f8e58794d3c3af72a17f08934bf51c45028d7df5df4c0,/content/drive/MyDrive/AISC DeepFake Çalışmaları/FaceForensics_Projesi/real_frames/train/833/frame_000005.jpg
real_train_01155.jpg,real,806,real_video::806,component::4fd04b3e56f2bdf4,train,train,2a1a1bb6895371b54093c50df5a4bfc468db91c7b679e8c45daba8b71d1c1332,/content/drive/MyDrive/AISC DeepFake Çalışmaları/FaceForensics_Projesi/real_frames/train/806/frame_000006.jpg
real_train_01156.jpg,real,503,real_video::503,component::e3f56c7a9d0d89c2,train,train,30964f9b2fbaf63408a7541c70470b6ff917d67462f3f93d905e26f4799d13fd,/content/drive/MyDrive/AISC DeepFake Çalışmaları/FaceForensics_Projesi/real_frames/train/503/frame_000008.jpg
real_train_01157.jpg,real,847,real_video::847,component::69c07b6ba38cbe0f,train,train,bc4626bf20717ce2a6b2b05efae69952ff1ac7eed4ce7e1753de830f9cdc903d,/content/drive/MyDrive/AISC DeepFake Çalışmaları/FaceForensics_Projesi/real_frames/train/847/frame_000009.jpg
real_train_01160.jpg,real,708,real_video::708,component::20dc1906dd370dea,train,test,37315d189797f5d5daf8c69712ab61134edb907f5c20779d8029dd6d5eedf298,/content/drive/MyDrive/AISC DeepFake Çalışmaları/FaceForensics_Projesi/real_frames/train/708/frame_000016.jpg
real_train_01161.jpg,real,200,real_video::200,component::5ef172cc70561a24,train,train,920747c5e8c2819f6dbcbe95d798177aae36e8da5678a64cce0ed5b26a5768c1,/content/drive/MyDrive/AISC DeepFake Çalışmaları/FaceForensics_Projesi/real_frames/train/200/frame_000008.jpg
real_train_01162.jpg,real,969,real_video::969,component::f6add7e7f3038ea9,train,train,76c521f5efd941c61593d5b65672bf2ec406d1dac818f3e5aa63ad9ca3b61658,/content/drive/MyDrive/AISC DeepFake Çalışmaları/FaceForensics_Projesi/real_frames/train/969/frame_000009.jpg
real_train_01163.jpg,real,687,real_video::687,component::7f6e99eca669636e,train,test,1719ba41187c0d8d9810bcff8d182d392e1cb16dc82ab4ccff46d0b72636b0c5,/content/drive/MyDrive/AISC DeepFake Çalışmaları/FaceForensics_Projesi/real_frames/train/687/frame_000003.jpg
real_train_01165.jpg,real,404,real_video::404,component::d2772cf08eefe477,train,test,489c01846202b130c0d862a5f7b38bb86353e9adbbd7d5be0139bd06477a0e85,/content/drive/MyDrive/AISC DeepFake Çalışmaları/FaceForensics_Projesi/real_frames/train/404/frame_000014.jpg
real_train_01169.jpg,real,563,real_video::563,component::3bd5b374f2e7e7a0,train,train,d641aa74bceacd3d799fa34a2e54922ffa0462e288272d53c21706142fba0159,/content/drive/MyDrive/AISC DeepFake Çalışmaları/FaceForensics_Projesi/real_frames/train/563/frame_000011.jpg
real_train_01170.jpg,real,351,real_video::351,component::f41be829ae896b15,train,train,3ee50883f0fd65cd7a5e22609d9422a4a54c602336c3ec217dc4de49ead39543,/content/drive/MyDrive/AISC DeepFake Çalışmaları/FaceForensics_Projesi/real_frames/train/351/frame_000031.jpg
real_train_01171.jpg,real,186,real_video::186,component::5fe2d826a5292c1c,train,train,8d752ce8fa5c9d1e426cb0debabbf23bf4a3bea6fdb752deaab7f70733e2536d,/content/drive/MyDrive/AISC DeepFake Çalışmaları/FaceForensics_Projesi/real_frames/train/186/frame_000012.jpg
real_train_01172.jpg,real,008,real_video::008,component::6b172bbdcd9a0188,train,val,3dc18059bb6593cd85d6c822ad149ed0c49b57818c1f6c95649659a91f9e1c50,/content/drive/MyDrive/AISC DeepFake Çalışmaları/FaceForensics_Projesi/real_frames/train/008/frame_000008.jpg
real_train_01173.jpg,real,497,real_video::497,component::4f75840f4745f49a,train,test,f8e3340b01beca85edd63c2bcb6f81e6613053d3101443f425670ce9fb5b6796,/content/drive/MyDrive/AISC DeepFake Çalışmaları/FaceForensics_Projesi/real_frames/train/497/frame_000014.jpg
real_train_01174.jpg,real,133,real_video::133,component::ba905fade0c0e341,train,train,2a93fb1a91180cbeac962b16416778c9067a30902c52c0ec6e22a6ce71fd883c,/content/drive/MyDrive/AISC DeepFake Çalışmaları/FaceForensics_Projesi/real_frames/train/133/frame_000033.jpg
real_train_01175.jpg,real,653,real_video::653,component::8ada3e7829d7593b,train,train,41072ccda38bb78efbb3870e0642384da6c7176c654c3776e0b570515f4b2b9d,/content/drive/MyDrive/AISC DeepFake Çalışmaları/FaceForensics_Projesi/real_frames/train/653/frame_000006.jpg
real_train_01178.jpg,real,188,real_video::188,component::3e2e275cf68ae45d,train,test,0f98a53a1e286db369e09fbc3c5bd22f0f79e5f3f53375e1351dfcb723a1d891,/content/drive/MyDrive/AISC DeepFake Çalışmaları/FaceForensics_Projesi/real_frames/train/188/frame_000003.jpg
real_train_01179.jpg,real,851,real_video::851,component::acfb639d03bb463f,train,train,b9608f5fb4f07ae8153baac8f2064c27400f3b3a9e41ac66533b288185249ffc,/content/drive/MyDrive/AISC DeepFake Çalışmaları/FaceForensics_Projesi/real_frames/train/851/frame_000001.jpg
real_train_01180.jpg,real,366,real_video::366,component::40db2e12758f7abe,train,train,b65fc5511e399dbc04f744cded9b0df8816e9c9378ec9cc72e22de685a7468a4,/content/drive/MyDrive/AISC DeepFake Çalışmaları/FaceForensics_Projesi/real_frames/train/366/frame_000001.jpg
real_train_01181.jpg,real,038,real_video::038,component::16eac8dc357b979c,train,train,364d4e403cb85d97464b642606c2dce1a3d2bbae9f2cdc1f574af8f2de153118,/content/drive/MyDrive/AISC DeepFake Çalışmaları/FaceForensics_Projesi/real_frames/train/038/frame_000008.jpg
real_train_01182.jpg,real,950,real_video::950,component::3e1d9950b21878f0,train,val,003d8283825d26c41e9b26441e81552804113159d230c94e77ea6173d301170a,/content/drive/MyDrive/AISC DeepFake Çalışmaları/FaceForensics_Projesi/real_frames/train/950/frame_000016.jpg
real_train_01186.jpg,real,799,real_video::799,component::61b4000fe58a4148,train,train,63ad69688bbb39d58664db4409352f100b297e40743b5bcd4b3eea6dce120d13,/content/drive/MyDrive/AISC DeepFake Çalışmaları/FaceForensics_Projesi/real_frames/train/799/frame_000055.jpg
real_train_01187.jpg,real,743,real_video::743,component::2320557d8a70351c,train,test,59d3954f56e87325cfdd4baee846eb1b4b363cbf939528c00e666e28c37ca8ca,/content/drive/MyDrive/AISC DeepFake Çalışmaları/FaceForensics_Projesi/real_frames/train/743/frame_000004.jpg
real_train_01188.jpg,real,465,real_video::465,component::0b9d16bd66739f6b,train,train,954ba6aed8c9029545537230022afaba5695941e922d86dc5abc52a4ffcce611,/content/drive/MyDrive/AISC DeepFake Çalışmaları/FaceForensics_Projesi/real_frames/train/465/frame_000006.jpg
real_train_01189.jpg,real,630,real_video::630,component::168090aecae88e5d,train,test,ad0fb00743e39c885108d5fa5d15445240e1bf00c80822eb20c1be002bc70ea2,/content/drive/MyDrive/AISC DeepFake Çalışmaları/FaceForensics_Projesi/real_frames/train/630/frame_000009.jpg
real_train_01190.jpg,real,338,real_video::338,component::f6c784e5d4961ddf,train,train,b42e61c157c105497b0be99f59a6ca932e6992b5dec1fe25229fa7976571537e,/content/drive/MyDrive/AISC DeepFake Çalışmaları/FaceForensics_Projesi/real_frames/train/338/frame_000021.jpg
real_train_01191.jpg,real,154,real_video::154,component::bbbadbc8c3977aeb,train,train,4c4b8c8610e7c317d6ced74d321a1be89448e4cd1270c0798cd9a4cf38fc6fa1,/content/drive/MyDrive/AISC DeepFake Çalışmaları/FaceForensics_Projesi/real_frames/train/154/frame_000000.jpg
real_train_01192.jpg,real,280,real_video::280,component::f2e0bfe9d5d068ef,train,test,72683c91e5ed0be370bfc541afc5ef676a85339f5bdf21dfb4cba5566f10be02,/content/drive/MyDrive/AISC DeepFake Çalışmaları/FaceForensics_Projesi/real_frames/train/280/frame_000006.jpg
real_train_01193.jpg,real,810,real_video::810,component::e83d7290cdb2bebe,train,train,f626937e86fdf0795642e51adf06e775cee26f4ec01602d587c02107ffaa6b9d,/content/drive/MyDrive/AISC DeepFake Çalışmaları/FaceForensics_Projesi/real_frames/train/810/frame_000044.jpg
real_train_01195.jpg,real,605,real_video::605,component::b370f181ff65f7bd,train,train,c023890c543c7162cfcdf5d102dcd43ae818239f8d72d3d74f48b498a986f6ff,/content/drive/MyDrive/AISC DeepFake Çalışmaları/FaceForensics_Projesi/real_frames/train/605/frame_000000.jpg
real_train_01196.jpg,real,844,real_video::844,component::3f3c85ff54d87ba7,train,train,17fe36dc550a913d4598365bfd46da86b2f149418c3c62407068162fb04851ed,/content/drive/MyDrive/AISC DeepFake Çalışmaları/FaceForensics_Projesi/real_frames/train/844/frame_000019.jpg
real_train_01197.jpg,real,624,real_video::624,component::8c3076ca8f59f41b,train,train,1e74f5d482d56ba56437566a7150be11deed8560df154e0aa6f1009946d6812b,/content/drive/MyDrive/AISC DeepFake Çalışmaları/FaceForensics_Projesi/real_frames/train/624/frame_000004.jpg
real_train_01198.jpg,real,508,real_video::508,component::3d8c423775cde611,train,train,6688b014d1fde7f94be953a94c173372f17f80947f0590c764662f394c7b638a,/content/drive/MyDrive/AISC DeepFake Çalışmaları/FaceForensics_Projesi/real_frames/train/508/frame_000016.jpg
real_train_01199.jpg,real,415,real_video::415,component::0d0a15beb9c3f66b,train,train,95bddb12edb27a12a42b7118df1ca5c1ad8a7e447be31929366f48fcaed9879b,/content/drive/MyDrive/AISC DeepFake Çalışmaları/FaceForensics_Projesi/real_frames/train/415/frame_000000.jpg
real_val_00002.jpg,real,141,real_video::141,component::00ddaad6a29bc506,val,train,dcb1659e0b91b3a73a95bd92999ff9995bb07a67546ab14bf39e3d30a909879a,/content/drive/MyDrive/AISC DeepFake Çalışmaları/FaceForensics_Projesi/real_frames/val/141/frame_000007.jpg
real_val_00003.jpg,real,546,real_video::546,component::c65b64ee9e6f0b55,val,train,bbc91e518b5bb2c90a1753715b8fbc761deb62d8a68967b00537f720604b2002,/content/drive/MyDrive/AISC DeepFake Çalışmaları/FaceForensics_Projesi/real_frames/val/546/frame_000015.jpg
real_val_00004.jpg,real,388,real_video::388,component::2ae5a36db1fcd924,val,train,105ffa761232b830e7f9458a9b6a60182599f7d3648a61b8541571c0f52671be,/content/drive/MyDrive/AISC DeepFake Çalışmaları/FaceForensics_Projesi/real_frames/val/388/frame_000023.jpg
real_val_00005.jpg,real,445,real_video::445,component::3f220f96334cbff6,val,train,76cf53a776a6e1fd89cd1623a44e362ffde1cfd43dcaa45c6d937a61b4c0f0f2,/content/drive/MyDrive/AISC DeepFake Çalışmaları/FaceForensics_Projesi/real_frames/val/445/frame_000032.jpg
real_val_00006.jpg,real,216,real_video::216,component::797d5167db2edbf7,val,train,15d4b9fc950a4a972dca6d1b5d80fd919e5d115bf929691c67bd021478808256,/content/drive/MyDrive/AISC DeepFake Çalışmaları/FaceForensics_Projesi/real_frames/val/216/frame_000024.jpg
real_val_00007.jpg,real,764,real_video::764,component::83dfc432dd85b646,val,train,c265ae689dcc28fdf610980d8d000ed27a5a4102409231a8dd158eb5fb808c3e,/content/drive/MyDrive/AISC DeepFake Çalışmaları/FaceForensics_Projesi/real_frames/val/764/frame_000016.jpg
real_val_00008.jpg,real,117,real_video::117,component::b6cd6a171d354c15,val,train,a30a0e90e77fac15c984a3fdba0611a74872f4513cdd9eeeb83a0a018b5d6b5a,/content/drive/MyDrive/AISC DeepFake Çalışmaları/FaceForensics_Projesi/real_frames/val/117/frame_000003.jpg
real_val_00009.jpg,real,469,real_video::469,component::0ba7f45cd6201da2,val,test,befa35705ae8bf51fffbe36dd19d1f2c22ebb64c87f86fb11cd14d2fa4d9249d,/content/drive/MyDrive/AISC DeepFake Çalışmaları/FaceForensics_Projesi/real_frames/val/469/frame_000016.jpg
real_val_00011.jpg,real,794,real_video::794,component::699e2e1ee9cb2b88,val,val,4a13abbec7e5fd74750cd25c10aa38fe58ffd22becaeaea2f359a42dfcaa7567,/content/drive/MyDrive/AISC DeepFake Çalışmaları/FaceForensics_Projesi/real_frames/val/794/frame_000025.jpg
real_val_00012.jpg,real,117,real_video::117,component::b6cd6a171d354c15,val,train,a5affe6e0b6ab4d372772b64c5e5a2d799c3d6ea6f736ce71163b5a39592bcda,/content/drive/MyDrive/AISC DeepFake Çalışmaları/FaceForensics_Projesi/real_frames/val/117/frame_000011.jpg
real_val_00015.jpg,real,112,real_video::112,component::9b0b28e458432a7b,val,train,f7c515bfd0030ffd5bce1d61bf6579795ce11f213c4d9b53ce8d8ac46bc2cd25,/content/drive/MyDrive/AISC DeepFake Çalışmaları/FaceForensics_Projesi/real_frames/val/112/frame_000011.jpg
real_val_00016.jpg,real,735,real_video::735,component::235cb36d1974f779,val,train,24710f1a818d001afa09c1fe14a150bff799b2c330864bf058cb41e3acfc1839,/content/drive/MyDrive/AISC DeepFake Çalışmaları/FaceForensics_Projesi/real_frames/val/735/frame_000038.jpg
real_val_00019.jpg,real,141,real_video::141,component::00ddaad6a29bc506,val,train,27e602af931d74c6a504289813287b3c50de04c56e93720ccc5284fefe189594,/content/drive/MyDrive/AISC DeepFake Çalışmaları/FaceForensics_Projesi/real_frames/val/141/frame_000020.jpg
real_val_00020.jpg,real,663,real_video::663,component::c3f0754834d0ccde,val,train,5bd0684c5c79b6774624874a6f9f92b3fafca9bd73217c27d5b6519a703f5a03,/content/drive/MyDrive/AISC DeepFake Çalışmaları/FaceForensics_Projesi/real_frames/val/663/frame_000009.jpg
real_val_00021.jpg,real,065,real_video::065,component::0028010693876b79,val,train,683e9b7dbf5dc035dbfc99dd3e29a3d3abcb372bc7a9140df5782da16c2839c8,/content/drive/MyDrive/AISC DeepFake Çalışmaları/FaceForensics_Projesi/real_frames/val/065/frame_000013.jpg
real_val_00022.jpg,real,438,real_video::438,component::42d4e52ae37c2202,val,train,00a0bf7f686b4b07168aea522d43d467cda4f019c25c8dd048f51a979055f4b3,/content/drive/MyDrive/AISC DeepFake Çalışmaları/FaceForensics_Projesi/real_frames/val/438/frame_000009.jpg
real_val_00023.jpg,real,656,real_video::656,component::90e2f7eb88f84bc1,val,train,a3f68d3c79f48d3652ec09d6eafdfffa8e52f6c44ea1973c30a7f7fdb4219ec1,/content/drive/MyDrive/AISC DeepFake Çalışmaları/FaceForensics_Projesi/real_frames/val/656/frame_000025.jpg
real_val_00024.jpg,real,388,real_video::388,component::2ae5a36db1fcd924,val,train,b941dfa958cd4272b341ee6ea5948f3c90730b10279d35c752f1155e6f17f39b,/content/drive/MyDrive/AISC DeepFake Çalışmaları/FaceForensics_Projesi/real_frames/val/388/frame_000008.jpg
real_val_00025.jpg,real,787,real_video::787,component::a5f911dc5c50ed78,val,train,21f8dbd2a4cbffdeb204e314c87765d88b1fc41a1c0d729aee002cc4c9b7cb80,/content/drive/MyDrive/AISC DeepFake Çalışmaları/FaceForensics_Projesi/real_frames/val/787/frame_000000.jpg
real_val_00026.jpg,real,146,real_video::146,component::6033909d40eefdda,val,train,f04277533b46fbff3f8db187ba02d06159153e6c54d5b2cbd24cc7cd39f5ffa8,/content/drive/MyDrive/AISC DeepFake Çalışmaları/FaceForensics_Projesi/real_frames/val/146/frame_000020.jpg
real_val_00027.jpg,real,663,real_video::663,component::c3f0754834d0ccde,val,train,8a999ccd21f554304e2bb55a71f58235586ca795837132016b9babd9d44ff5d7,/content/drive/MyDrive/AISC DeepFake Çalışmaları/FaceForensics_Projesi/real_frames/val/663/frame_000002.jpg
real_val_00028.jpg,real,655,real_video::655,component::0a8a613f3e047758,val,train,88e79d9b6fba27619ab99f717845f8800596b8706b63b8e6ee7bd98c38e360e8,/content/drive/MyDrive/AISC DeepFake Çalışmaları/FaceForensics_Projesi/real_frames/val/655/frame_000028.jpg
real_val_00031.jpg,real,408,real_video::408,component::867f3c295bd1c4d9,val,train,a396cfb1346573454504ad0104fdd2622509c500aa3b93a02389aa7e5c31d9f2,/content/drive/MyDrive/AISC DeepFake Çalışmaları/FaceForensics_Projesi/real_frames/val/408/frame_000000.jpg
real_val_00032.jpg,real,841,real_video::841,component::d4df3f4056fc2916,val,train,c47fbb62a20f1446d67d663739ed14d8633220b80407111415b22e4cf0c12419,/content/drive/MyDrive/AISC DeepFake Çalışmaları/FaceForensics_Projesi/real_frames/val/841/frame_000009.jpg
real_val_00034.jpg,real,011,real_video::011,component::277be8231ad09a33,val,train,ab1baeacbcfe7fcf851d5fdbcd37980182df67ef6209e41d23b92785f8605bf7,/content/drive/MyDrive/AISC DeepFake Çalışmaları/FaceForensics_Projesi/real_frames/val/011/frame_000033.jpg
real_val_00035.jpg,real,445,real_video::445,component::3f220f96334cbff6,val,train,e7a41a5fbb66379590f7a13e49fa2efbef2779ca2a5b278c38d0256a337900d9,/content/drive/MyDrive/AISC DeepFake Çalışmaları/FaceForensics_Projesi/real_frames/val/445/frame_000041.jpg
real_val_00036.jpg,real,546,real_video::546,component::c65b64ee9e6f0b55,val,train,bce351396aa68cc4f41dab79095c5fa82e95404777057d8fd22f3aa331e3b26a,/content/drive/MyDrive/AISC DeepFake Çalışmaları/FaceForensics_Projesi/real_frames/val/546/frame_000026.jpg
real_val_00038.jpg,real,405,real_video::405,component::3895f55e22922dd8,val,train,19299bef4a29d44417530493772b91b17327c5440879901a47282a18014597fe,/content/drive/MyDrive/AISC DeepFake Çalışmaları/FaceForensics_Projesi/real_frames/val/405/frame_000029.jpg
real_val_00039.jpg,real,394,real_video::394,component::038247ab926a7b6c,val,val,9ebdd72f662d70783b52b9ff3a482daa1a3392988816cca3f03471f1bfedf586,/content/drive/MyDrive/AISC DeepFake Çalışmaları/FaceForensics_Projesi/real_frames/val/394/frame_000010.jpg
real_val_00040.jpg,real,252,real_video::252,component::f86debcfe42cf230,val,val,d78b51b767f14c19ca0f5383a3dec637cef9602b5e76c133fc2298a565c28164,/content/drive/MyDrive/AISC DeepFake Çalışmaları/FaceForensics_Projesi/real_frames/val/252/frame_000021.jpg
real_val_00041.jpg,real,438,real_video::438,component::42d4e52ae37c2202,val,train,0a18393a5b7faad5fbe963928fd09427a688af43ca6de48f83002296eb5f4f97,/content/drive/MyDrive/AISC DeepFake Çalışmaları/FaceForensics_Projesi/real_frames/val/438/frame_000012.jpg
real_val_00042.jpg,real,511,real_video::511,component::55f3e039e2df7b59,val,train,861ce2348a086771dc9bdfb3593e3b5f9a94bd16b9ff8a67eda0a2d4fc5b56b3,/content/drive/MyDrive/AISC DeepFake Çalışmaları/FaceForensics_Projesi/real_frames/val/511/frame_000008.jpg
real_val_00043.jpg,real,610,real_video::610,component::e69e08f0a936f4ef,val,val,3620eb04459ea56cbf799ab1fcd500f714d48ebe837fe081e40636fb2312d09b,/content/drive/MyDrive/AISC DeepFake Çalışmaları/FaceForensics_Projesi/real_frames/val/610/frame_000019.jpg
real_val_00044.jpg,real,610,real_video::610,component::e69e08f0a936f4ef,val,val,80e6ac655b82e81b8892aff4e9f51887ab9fa1aeb7b20113838a61d1c3091afc,/content/drive/MyDrive/AISC DeepFake Çalışmaları/FaceForensics_Projesi/real_frames/val/610/frame_000011.jpg
real_val_00045.jpg,real,117,real_video::117,component::b6cd6a171d354c15,val,train,7e65b20fe622c7edbe4088adaa428839dab1e7e9d0a08bc2d030faa2253eb9e7,/content/drive/MyDrive/AISC DeepFake Çalışmaları/FaceForensics_Projesi/real_frames/val/117/frame_000018.jpg
real_val_00047.jpg,real,597,real_video::597,component::9c8ac35588402b9a,val,train,25617227e0f1142622b46f1bba0245e91a50a50893a856ab95f81a48bb9dabbd,/content/drive/MyDrive/AISC DeepFake Çalışmaları/FaceForensics_Projesi/real_frames/val/597/frame_000005.jpg
real_val_00048.jpg,real,908,real_video::908,component::496cc9efc907149a,val,test,c0ff00404c5527b7cc61cbfa18878b5fc4919fbbf6c19fd26fad128e58546500,/content/drive/MyDrive/AISC DeepFake Çalışmaları/FaceForensics_Projesi/real_frames/val/908/frame_000026.jpg
real_val_00049.jpg,real,881,real_video::881,component::1d8553d30a2467b3,val,train,670d2443c0cd97766478cbe0f4ae315f8e3e20e08f1165b2352f783c353fb71f,/content/drive/MyDrive/AISC DeepFake Çalışmaları/FaceForensics_Projesi/real_frames/val/881/frame_000022.jpg
real_val_00050.jpg,real,787,real_video::787,component::a5f911dc5c50ed78,val,train,7461b3ab7ef6872c1c5c42a2826a93d0253026768be624f0b38d2fe1ff6dc5ab,/content/drive/MyDrive/AISC DeepFake Çalışmaları/FaceForensics_Projesi/real_frames/val/787/frame_000026.jpg
real_val_00051.jpg,real,473,real_video::473,component::01ae29025dfd7fe7,val,train,4c60fa6539423d2be7dcddc81d66c796cc1a33db78eecc6a605a35dc696e51f1,/content/drive/MyDrive/AISC DeepFake Çalışmaları/FaceForensics_Projesi/real_frames/val/473/frame_000010.jpg
real_val_00052.jpg,real,656,real_video::656,component::90e2f7eb88f84bc1,val,train,98dfd742449370915c1697b7a098f79fc73edad3d7a6de71231997d1e0f00ceb,/content/drive/MyDrive/AISC DeepFake Çalışmaları/FaceForensics_Projesi/real_frames/val/656/frame_000022.jpg
real_val_00053.jpg,real,786,real_video::786,component::1100baede369b647,val,train,148c17abdbc35470e691ccfc50a4024212509881cd42c5084feec66ab18078d8,/content/drive/MyDrive/AISC DeepFake Çalışmaları/FaceForensics_Projesi/real_frames/val/786/frame_000009.jpg
real_val_00054.jpg,real,117,real_video::117,component::b6cd6a171d354c15,val,train,9a197a4ce37c6e7d010ec19a021e62c665d6e18df00e521e0fe7b749517b44bb,/content/drive/MyDrive/AISC DeepFake Çalışmaları/FaceForensics_Projesi/real_frames/val/117/frame_000029.jpg
real_val_00055.jpg,real,252,real_video::252,component::f86debcfe42cf230,val,val,a4881266854d19a9bac06e9c09587a61c14ae7da36f0479cadb19220a57bf51c,/content/drive/MyDrive/AISC DeepFake Çalışmaları/FaceForensics_Projesi/real_frames/val/252/frame_000003.jpg
real_val_00056.jpg,real,112,real_video::112,component::9b0b28e458432a7b,val,train,97c4315b36ba303ae1e556d754aec7e89fc089a34a16bc0ae54d6a8f59b292a9,/content/drive/MyDrive/AISC DeepFake Çalışmaları/FaceForensics_Projesi/real_frames/val/112/frame_000004.jpg
real_val_00058.jpg,real,541,real_video::541,component::a5b30e0932672757,val,train,04d3198db1d53f383a5d2af64e59b1d9ca963d2659b89d7ddd41cf4eedb555b3,/content/drive/MyDrive/AISC DeepFake Çalışmaları/FaceForensics_Projesi/real_frames/val/541/frame_000008.jpg
real_val_00059.jpg,real,963,real_video::963,component::0936574119d5547a,val,train,30adf9a71e9f1cd31f12a509154c2fcf537c335c89533a2fe65db220ef08b141,/content/drive/MyDrive/AISC DeepFake Çalışmaları/FaceForensics_Projesi/real_frames/val/963/frame_000025.jpg
real_val_00060.jpg,real,787,real_video::787,component::a5f911dc5c50ed78,val,train,d6c4f530d8d3c8bb7e2fb2f037e72471c29c7d918ac4883211f3983d2181a3d2,/content/drive/MyDrive/AISC DeepFake Çalışmaları/FaceForensics_Projesi/real_frames/val/787/frame_000017.jpg
real_val_00061.jpg,real,739,real_video::739,component::f6ca860601b31b93,val,train,1159b5c5d6fb76e7f22e52461d2ab7d6932ce81d720119b8b7a375434845ea7e,/content/drive/MyDrive/AISC DeepFake Çalışmaları/FaceForensics_Projesi/real_frames/val/739/frame_000005.jpg
real_val_00062.jpg,real,566,real_video::566,component::55866bf3c362976f,val,train,967630596778d87388f268a236c211f6a5c594b32af4d2e2a027abd463cb5b95,/content/drive/MyDrive/AISC DeepFake Çalışmaları/FaceForensics_Projesi/real_frames/val/566/frame_000025.jpg
real_val_00064.jpg,real,863,real_video::863,component::ef29ee0582bf1346,val,train,8eee0cf1af1257f54c37784d90841eb9e9405bee26e917c5646210e08b4c6fe7,/content/drive/MyDrive/AISC DeepFake Çalışmaları/FaceForensics_Projesi/real_frames/val/863/frame_000020.jpg
real_val_00066.jpg,real,511,real_video::511,component::55f3e039e2df7b59,val,train,9dd9f90c53c1bdb5d5b91c6040198ac5d34f959f149c3388de2c52066375eb93,/content/drive/MyDrive/AISC DeepFake Çalışmaları/FaceForensics_Projesi/real_frames/val/511/frame_000032.jpg
real_val_00067.jpg,real,390,real_video::390,component::65ffbb860165d80d,val,train,2295fcb57afbf59fd32d5e1db3dbaf2b28e4c97969f371e2a3c2b420e593010f,/content/drive/MyDrive/AISC DeepFake Çalışmaları/FaceForensics_Projesi/real_frames/val/390/frame_000003.jpg
real_val_00068.jpg,real,642,real_video::642,component::2963d3c248c3732b,val,train,62f0b9dd41704b0e7d4ad9ae48740f8a2efe0b4f67b41ebecb024c23b7a4cef7,/content/drive/MyDrive/AISC DeepFake Çalışmaları/FaceForensics_Projesi/real_frames/val/642/frame_000002.jpg
real_val_00069.jpg,real,065,real_video::065,component::0028010693876b79,val,train,09b801be36f4ecb8d2d83588051e1871ec27a5e4dae396e49296d40af1026c92,/content/drive/MyDrive/AISC DeepFake Çalışmaları/FaceForensics_Projesi/real_frames/val/065/frame_000025.jpg
real_val_00070.jpg,real,658,real_video::658,component::bcdb066c569dd6fc,val,train,3cf5650be68d6223be66338dbb1778568e9afe9177565b1dfb1da243a6733efe,/content/drive/MyDrive/AISC DeepFake Çalışmaları/FaceForensics_Projesi/real_frames/val/658/frame_000011.jpg
real_val_00071.jpg,real,811,real_video::811,component::9d1ffae62313f92d,val,train,11da8dd72b3571e59c2535905b90ae5294abf3b1e5f2a82ef92581a82e9cfeab,/content/drive/MyDrive/AISC DeepFake Çalışmaları/FaceForensics_Projesi/real_frames/val/811/frame_000000.jpg
real_val_00073.jpg,real,048,real_video::048,component::842f04f931c57de1,val,train,1c34af305c0fea5ea625574949b13e57af94ecd91832b23e4f158783f3251f73,/content/drive/MyDrive/AISC DeepFake Çalışmaları/FaceForensics_Projesi/real_frames/val/048/frame_000017.jpg
real_val_00074.jpg,real,175,real_video::175,component::48e40cb5ed0a755e,val,train,b83c99fb1d489fb1b9ca927025839e02fb4d5be42e9cdf1aefda858598db585a,/content/drive/MyDrive/AISC DeepFake Çalışmaları/FaceForensics_Projesi/real_frames/val/175/frame_000025.jpg
real_val_00076.jpg,real,764,real_video::764,component::83dfc432dd85b646,val,train,5c34760bda2487cbb82f1e1ed2d21c570f2c764155cb6c6a86c5e9c35da12730,/content/drive/MyDrive/AISC DeepFake Çalışmaları/FaceForensics_Projesi/real_frames/val/764/frame_000004.jpg
real_val_00077.jpg,real,698,real_video::698,component::e1da1d364e37fd29,val,train,2b479790a11e5b52ea96b00bd11795920fa06df526aa3c6f36653014a6a4a7d7,/content/drive/MyDrive/AISC DeepFake Çalışmaları/FaceForensics_Projesi/real_frames/val/698/frame_000012.jpg
real_val_00079.jpg,real,541,real_video::541,component::a5b30e0932672757,val,train,6c86d40f8733293cf91300a856d202debe40542d9996ad768c0577ccab6ce286,/content/drive/MyDrive/AISC DeepFake Çalışmaları/FaceForensics_Projesi/real_frames/val/541/frame_000007.jpg
real_val_00080.jpg,real,473,real_video::473,component::01ae29025dfd7fe7,val,train,90dcfe3ea5a8b0bc7bc1eba0c647db8207f18f57a0ad59dc9c87d0f136488a09,/content/drive/MyDrive/AISC DeepFake Çalışmaları/FaceForensics_Projesi/real_frames/val/473/frame_000005.jpg
real_val_00081.jpg,real,671,real_video::671,component::7ee2dcf59c8f8360,val,test,734b06704c988cdc19dd190a86c7efd78a74d203d6866fbf2439ca6e1335f050,/content/drive/MyDrive/AISC DeepFake Çalışmaları/FaceForensics_Projesi/real_frames/val/671/frame_000016.jpg
real_val_00082.jpg,real,970,real_video::970,component::89153912e8013eb5,val,val,cbfbffced8086370908b3d991a73063cc97c2151f53057c9bc9848d967dd4a39,/content/drive/MyDrive/AISC DeepFake Çalışmaları/FaceForensics_Projesi/real_frames/val/970/frame_000027.jpg
real_val_00084.jpg,real,408,real_video::408,component::867f3c295bd1c4d9,val,train,43941e265f7ff46f8b5ba103e9b95e58ec29b5a80e8c4d2d6be0b3b2c4535bbd,/content/drive/MyDrive/AISC DeepFake Çalışmaları/FaceForensics_Projesi/real_frames/val/408/frame_000012.jpg
real_val_00085.jpg,real,224,real_video::224,component::fdf98b7963fc81e9,val,train,e7ce754935132d38b7d8452d3ce716abd790a460777d3dfaade2dae660269879,/content/drive/MyDrive/AISC DeepFake Çalışmaları/FaceForensics_Projesi/real_frames/val/224/frame_000022.jpg
real_val_00087.jpg,real,479,real_video::479,component::acedb12fe3548d45,val,train,702dab5d09e172ed88b75d469327fb675bcd813bf14e3b903f3cfb83c9be784b,/content/drive/MyDrive/AISC DeepFake Çalışmaları/FaceForensics_Projesi/real_frames/val/479/frame_000021.jpg
real_val_00088.jpg,real,735,real_video::735,component::235cb36d1974f779,val,train,707442836b1baf6d5457ac42c0f0c0d08a22b755d11fe5a4324f8c05344bf47a,/content/drive/MyDrive/AISC DeepFake Çalışmaları/FaceForensics_Projesi/real_frames/val/735/frame_000027.jpg
real_val_00090.jpg,real,956,real_video::956,component::0304052ea6991d18,val,train,c8a7dcbda2b43143108ebd99019cb0f827f8c7dc241b7e1c3931301e06002644,/content/drive/MyDrive/AISC DeepFake Çalışmaları/FaceForensics_Projesi/real_frames/val/956/frame_000012.jpg
real_val_00091.jpg,real,958,real_video::958,component::6d46df45a3d9c765,val,train,fb8ad9c45c06752f354686d727e3f29c68b5402633936d806c93506e7523015f,/content/drive/MyDrive/AISC DeepFake Çalışmaları/FaceForensics_Projesi/real_frames/val/958/frame_000022.jpg
real_val_00092.jpg,real,931,real_video::931,component::205dbe65e45d87c4,val,train,d32230f0580bf59c147b36470fd0ac5d7cfbfef2f178a30fc3a882ee580c2b15,/content/drive/MyDrive/AISC DeepFake Çalışmaları/FaceForensics_Projesi/real_frames/val/931/frame_000015.jpg
real_val_00093.jpg,real,773,real_video::773,component::6c76637218bf6015,val,train,fbb412d4dcc6586405f9e5987f26d1a14f2e69ebe53b118875c1775a9a312692,/content/drive/MyDrive/AISC DeepFake Çalışmaları/FaceForensics_Projesi/real_frames/val/773/frame_000023.jpg
real_val_00094.jpg,real,794,real_video::794,component::699e2e1ee9cb2b88,val,val,a2866eb99dbefa8e03c9d0dbb4fed3c9e7bdee7f9da9ab2584db56d515b5b144,/content/drive/MyDrive/AISC DeepFake Çalışmaları/FaceForensics_Projesi/real_frames/val/794/frame_000035.jpg
real_val_00095.jpg,real,257,real_video::257,component::1893d079fe40ef1c,val,train,c2d467787b0f499e40bb2a7948ab573a9ed3e4061d5c02abbada6b0585d2871c,/content/drive/MyDrive/AISC DeepFake Çalışmaları/FaceForensics_Projesi/real_frames/val/257/frame_000031.jpg
real_val_00096.jpg,real,881,real_video::881,component::1d8553d30a2467b3,val,train,ef95ce488329639e0f2e7d414fb01a4568b6d061d1335038d26cec28d3d1045c,/content/drive/MyDrive/AISC DeepFake Çalışmaları/FaceForensics_Projesi/real_frames/val/881/frame_000003.jpg
real_val_00098.jpg,real,739,real_video::739,component::f6ca860601b31b93,val,train,d3a23483e11dce0a9c321388bb6fdcf1e7629900b0784f6858abdabbf0dca34b,/content/drive/MyDrive/AISC DeepFake Çalışmaları/FaceForensics_Projesi/real_frames/val/739/frame_000006.jpg
real_val_00099.jpg,real,224,real_video::224,component::fdf98b7963fc81e9,val,train,c17fe3a0daa73b1068ebb3e18e1a59a5129559bc2a6fd87e71300b5f0e9d6d56,/content/drive/MyDrive/AISC DeepFake Çalışmaları/FaceForensics_Projesi/real_frames/val/224/frame_000001.jpg
real_val_00102.jpg,real,146,real_video::146,component::6033909d40eefdda,val,train,49890357d669a119548008e3d8d1a2617d7ce73b4f9814c69a356a32a09e5e3f,/content/drive/MyDrive/AISC DeepFake Çalışmaları/FaceForensics_Projesi/real_frames/val/146/frame_000012.jpg
real_val_00103.jpg,real,146,real_video::146,component::6033909d40eefdda,val,train,cc78de5a21a9622a1ae68160cb6bc5427079c4c0493d6247c6e111c3f3dd1c97,/content/drive/MyDrive/AISC DeepFake Çalışmaları/FaceForensics_Projesi/real_frames/val/146/frame_000021.jpg
real_val_00104.jpg,real,992,real_video::992,component::83af5dcd26672154,val,train,25623e4e2ea73ca122d8278a1605866ba20ef0cc0a754b5e5c1851021dcf34da,/content/drive/MyDrive/AISC DeepFake Çalışmaları/FaceForensics_Projesi/real_frames/val/992/frame_000022.jpg
real_val_00105.jpg,real,473,real_video::473,component::01ae29025dfd7fe7,val,train,f4b74737e96a12a472c023dc065c839da43223faf9c4cfdf94b5862e7873708d,/content/drive/MyDrive/AISC DeepFake Çalışmaları/FaceForensics_Projesi/real_frames/val/473/frame_000032.jpg
real_val_00106.jpg,real,642,real_video::642,component::2963d3c248c3732b,val,train,9732ab1390633a4b934cc3456dcbf1337eb380fd651f87eecdd41f2a2b7b0962,/content/drive/MyDrive/AISC DeepFake Çalışmaları/FaceForensics_Projesi/real_frames/val/642/frame_000016.jpg
real_val_00108.jpg,real,276,real_video::276,component::7f8d90657e43c2b2,val,train,7444cab2ec7461d130d4a29e92999483603a7782db8a9ad154a928c8a4dbbd6a,/content/drive/MyDrive/AISC DeepFake Çalışmaları/FaceForensics_Projesi/real_frames/val/276/frame_000013.jpg
real_val_00109.jpg,real,811,real_video::811,component::9d1ffae62313f92d,val,train,b2772d83cf2d2ae9e5180cf4f1054d8d4c61250be182d8599cfa1b583647a7a8,/content/drive/MyDrive/AISC DeepFake Çalışmaları/FaceForensics_Projesi/real_frames/val/811/frame_000021.jpg
real_val_00111.jpg,real,511,real_video::511,component::55f3e039e2df7b59,val,train,8801a3c082a64c111b53a459b69f0e3a9f0f94f7f057618b48021d5ec8616d67,/content/drive/MyDrive/AISC DeepFake Çalışmaları/FaceForensics_Projesi/real_frames/val/511/frame_000004.jpg
real_val_00112.jpg,real,048,real_video::048,component::842f04f931c57de1,val,train,af3a853d46df61fd9a0620980b27e8ea0cf5067895a6723b953af252c0071c4f,/content/drive/MyDrive/AISC DeepFake Çalışmaları/FaceForensics_Projesi/real_frames/val/048/frame_000018.jpg
real_val_00113.jpg,real,736,real_video::736,component::2ddcb930a5e037b9,val,train,17a4250be9567bd893d19ee5b20e03a12b5c3133bb22d7eaf256e48a83ca6d0a,/content/drive/MyDrive/AISC DeepFake Çalışmaları/FaceForensics_Projesi/real_frames/val/736/frame_000009.jpg
real_val_00114.jpg,real,161,real_video::161,component::278fe51f2583a9eb,val,train,b5c0261c2915eca4e9874c473ed7764d808ead178d320fe30413edf2fa89777f,/content/drive/MyDrive/AISC DeepFake Çalışmaları/FaceForensics_Projesi/real_frames/val/161/frame_000002.jpg
real_val_00115.jpg,real,597,real_video::597,component::9c8ac35588402b9a,val,train,28ccaef43003f7028dcb5a4033919f6d30d50d8758be0950c78e180ecca815f8,/content/drive/MyDrive/AISC DeepFake Çalışmaları/FaceForensics_Projesi/real_frames/val/597/frame_000004.jpg
real_val_00116.jpg,real,146,real_video::146,component::6033909d40eefdda,val,train,1412d9885b35195e3265871d08155c432d2f2c28454440d6401c24f9e130e1c9,/content/drive/MyDrive/AISC DeepFake Çalışmaları/FaceForensics_Projesi/real_frames/val/146/frame_000057.jpg
real_val_00118.jpg,real,570,real_video::570,component::bac2d543665448d1,val,train,f63b78cfbfe58f926c5ff25a61a3aa450bb3c2e89a45dd26ac4f877e736daa66,/content/drive/MyDrive/AISC DeepFake Çalışmaları/FaceForensics_Projesi/real_frames/val/570/frame_000012.jpg
real_val_00120.jpg,real,479,real_video::479,component::acedb12fe3548d45,val,train,1500aa6c6773e49c229bdc558ce8c5aefec1c6e7e5026bbcee5d2cfba2921ca7,/content/drive/MyDrive/AISC DeepFake Çalışmaları/FaceForensics_Projesi/real_frames/val/479/frame_000002.jpg
real_val_00124.jpg,real,390,real_video::390,component::65ffbb860165d80d,val,train,b9de5abf4c36cad41a6e88b792f076bca9c2d822951301a9d36214349bff3662,/content/drive/MyDrive/AISC DeepFake Çalışmaları/FaceForensics_Projesi/real_frames/val/390/frame_000016.jpg
real_val_00126.jpg,real,048,real_video::048,component::842f04f931c57de1,val,train,b606429efd149beaa612877c323972cac5868d4bcf6fb2e3cebea6915aae1254,/content/drive/MyDrive/AISC DeepFake Çalışmaları/FaceForensics_Projesi/real_frames/val/048/frame_000010.jpg
real_val_00127.jpg,real,768,real_video::768,component::b22d2ac80eeeda74,val,train,88489762a56279627a48df020dc08728ddded43d6fa23a9c3084d97f00b437f1,/content/drive/MyDrive/AISC DeepFake Çalışmaları/FaceForensics_Projesi/real_frames/val/768/frame_000015.jpg
real_val_00132.jpg,real,216,real_video::216,component::797d5167db2edbf7,val,train,5da2cf644fda7e2af155188f770cba2744b01dde2e01a5d15772409abb09cfbc,/content/drive/MyDrive/AISC DeepFake Çalışmaları/FaceForensics_Projesi/real_frames/val/216/frame_000015.jpg
real_val_00135.jpg,real,511,real_video::511,component::55f3e039e2df7b59,val,train,a46d5c8929d56e85ce9b71ac0fd0f4f1ebb3629ae17d0377150fb61291db5885,/content/drive/MyDrive/AISC DeepFake Çalışmaları/FaceForensics_Projesi/real_frames/val/511/frame_000033.jpg
real_val_00136.jpg,real,511,real_video::511,component::55f3e039e2df7b59,val,train,d608d7e24e8cbd0833d9463089f53ee759e529f134f8a89628ef3ef5a0f8cf5c,/content/drive/MyDrive/AISC DeepFake Çalışmaları/FaceForensics_Projesi/real_frames/val/511/frame_000024.jpg
real_val_00137.jpg,real,405,real_video::405,component::3895f55e22922dd8,val,train,7da903528309b4307f5da6bae92fbb30d9b0a156490ae250b0a54d0ea810e628,/content/drive/MyDrive/AISC DeepFake Çalışmaları/FaceForensics_Projesi/real_frames/val/405/frame_000009.jpg
real_val_00138.jpg,real,252,real_video::252,component::f86debcfe42cf230,val,val,b22fcefa57a00904343cf6c505f2d2a2892fc0d6fb5c4847355e7ba25114fc7b,/content/drive/MyDrive/AISC DeepFake Çalışmaları/FaceForensics_Projesi/real_frames/val/252/frame_000018.jpg
real_val_00139.jpg,real,112,real_video::112,component::9b0b28e458432a7b,val,train,a3284dbc937767cc5198fe896e81860de33948ae78ae855774f0147b0c0bf694,/content/drive/MyDrive/AISC DeepFake Çalışmaları/FaceForensics_Projesi/real_frames/val/112/frame_000012.jpg
real_val_00143.jpg,real,794,real_video::794,component::699e2e1ee9cb2b88,val,val,d6b97b665da631ba53d637c7327f0180aa16188e9bb732b2836fcfc640a16c60,/content/drive/MyDrive/AISC DeepFake Çalışmaları/FaceForensics_Projesi/real_frames/val/794/frame_000000.jpg
real_val_00144.jpg,real,830,real_video::830,component::b1158bd6552621ae,val,train,a0ddb41774f34f7b9487d56721235407738b43e868aaa6a17b767494a9e5221b,/content/drive/MyDrive/AISC DeepFake Çalışmaları/FaceForensics_Projesi/real_frames/val/830/frame_000000.jpg
real_val_00146.jpg,real,093,real_video::093,component::283a9400782a8252,val,train,7a04676bab8b1119b63fbc8abc0fccbd172466ae1c0592f9c85ee445b6898749,/content/drive/MyDrive/AISC DeepFake Çalışmaları/FaceForensics_Projesi/real_frames/val/093/frame_000018.jpg
real_val_00147.jpg,real,445,real_video::445,component::3f220f96334cbff6,val,train,88ad764bac0ffb4a7424385f7863afc35672cdc09708683907f8849bbdd994df,/content/drive/MyDrive/AISC DeepFake Çalışmaları/FaceForensics_Projesi/real_frames/val/445/frame_000047.jpg
real_test_00002.jpg,real,025,real_video::025,component::7455f24a289ebdcf,test,train,97bc8b08fb5ffba98bc3948821d8a134e24425faf12da98a25a960f0267d0e3f,/content/drive/MyDrive/AISC DeepFake Çalışmaları/FaceForensics_Projesi/real_frames/test/025/frame_000019.jpg
real_test_00003.jpg,real,089,real_video::089,component::3de08424000109d1,test,train,67e90e34b135dc78ba02f7e9aaa26383b641804d09e3f8d5f6b258550f544329,/content/drive/MyDrive/AISC DeepFake Çalışmaları/FaceForensics_Projesi/real_frames/test/089/frame_000001.jpg
real_test_00004.jpg,real,665,real_video::665,component::93d2efc55803c697,test,val,7dd223bdea4a10014715c90b9d5c0ddb5083349aea844b9f3bbbbcc138951816,/content/drive/MyDrive/AISC DeepFake Çalışmaları/FaceForensics_Projesi/real_frames/test/665/frame_000010.jpg
real_test_00005.jpg,real,954,real_video::954,component::31927a58ce363669,test,train,7c5b30081bf9d1c5401ff509bb857050a1be361be63abd1b75e4058d8480740c,/content/drive/MyDrive/AISC DeepFake Çalışmaları/FaceForensics_Projesi/real_frames/test/954/frame_000012.jpg
real_test_00006.jpg,real,781,real_video::781,component::938e0a543556aaba,test,val,96ac70a616847e1ec3837dcb59c822fc0cfa06b5060b82aca498e20660501c36,/content/drive/MyDrive/AISC DeepFake Çalışmaları/FaceForensics_Projesi/real_frames/test/781/frame_000000.jpg
real_test_00008.jpg,real,890,real_video::890,component::72b84873f005554e,test,train,b63fe85b339035f64a4ad501bb3f70d3b176035fa8fb82d8307ddb70b3e43f77,/content/drive/MyDrive/AISC DeepFake Çalışmaları/FaceForensics_Projesi/real_frames/test/890/frame_000004.jpg
real_test_00009.jpg,real,604,real_video::604,component::88a993714b3b1e59,test,train,e63c5b2cb881e948872d30261fb6ac13a4a294d1844742564ad5182ba4356fc2,/content/drive/MyDrive/AISC DeepFake Çalışmaları/FaceForensics_Projesi/real_frames/test/604/frame_000018.jpg
real_test_00010.jpg,real,574,real_video::574,component::de12dbf0d91228cd,test,train,90add04933b6a7feceb6b7324c735927643fe5ad8f79c98642e75ddd8a3fe768,/content/drive/MyDrive/AISC DeepFake Çalışmaları/FaceForensics_Projesi/real_frames/test/574/frame_000002.jpg
real_test_00011.jpg,real,714,real_video::714,component::23382240c70b43b9,test,val,691fb020663210613da74701aca23c3dfc7fbf2098606f0b7e567e45ea8343e6,/content/drive/MyDrive/AISC DeepFake Çalışmaları/FaceForensics_Projesi/real_frames/test/714/frame_000013.jpg
real_test_00013.jpg,real,517,real_video::517,component::107dd67ee8613bce,test,train,ab01cb70bde1ef9efca69f26b3ffb1ed991c99e31cc556ef2755c653b36bb6cb,/content/drive/MyDrive/AISC DeepFake Çalışmaları/FaceForensics_Projesi/real_frames/test/517/frame_000012.jpg
real_test_00014.jpg,real,618,real_video::618,component::cfd105ee6c46454b,test,test,50165903e7fa9dae29b3748b0a916c33cf258630012e3815205c7611df78aa65,/content/drive/MyDrive/AISC DeepFake Çalışmaları/FaceForensics_Projesi/real_frames/test/618/frame_000006.jpg
real_test_00015.jpg,real,142,real_video::142,component::2dcd152576c70131,test,val,92e16c111ac6f65e79fa2d703df688a18d56f2ee24cd690267479257b2175d6e,/content/drive/MyDrive/AISC DeepFake Çalışmaları/FaceForensics_Projesi/real_frames/test/142/frame_000046.jpg
real_test_00016.jpg,real,714,real_video::714,component::23382240c70b43b9,test,val,83871b3234adfd1bd262c2021fa42d0567a57e0558e695f2e2fda36c74ff87fa,/content/drive/MyDrive/AISC DeepFake Çalışmaları/FaceForensics_Projesi/real_frames/test/714/frame_000017.jpg
real_test_00018.jpg,real,225,real_video::225,component::04506a964e1dc36a,test,train,b3af8537b458da3f8111ab823d463d1ed1ea693eb8dac0b079a1342b8f1355d0,/content/drive/MyDrive/AISC DeepFake Çalışmaları/FaceForensics_Projesi/real_frames/test/225/frame_000010.jpg
real_test_00019.jpg,real,978,real_video::978,component::0476666db1297de0,test,train,ab9d884a714ca5811e89f79e1a69e3ccc8c004f615d609c99d985bc278d1bc25,/content/drive/MyDrive/AISC DeepFake Çalışmaları/FaceForensics_Projesi/real_frames/test/978/frame_000020.jpg
real_test_00020.jpg,real,954,real_video::954,component::31927a58ce363669,test,train,c3fe4d5e0132e6682c15cf549ce79fb27befe4061de8c3f251ad0d09076e99b8,/content/drive/MyDrive/AISC DeepFake Çalışmaları/FaceForensics_Projesi/real_frames/test/954/frame_000002.jpg
real_test_00025.jpg,real,025,real_video::025,component::7455f24a289ebdcf,test,train,02cd93226c93f410946b0c559b6e7447e022ca43ead083c7c416e0014054c130,/content/drive/MyDrive/AISC DeepFake Çalışmaları/FaceForensics_Projesi/real_frames/test/025/frame_000013.jpg
real_test_00027.jpg,real,875,real_video::875,component::f70c55ac6c521b8d,test,train,590376cacf73a787b99699832bf203e7c0574a4d45f6dfb29766e4d38400eb66,/content/drive/MyDrive/AISC DeepFake Çalışmaları/FaceForensics_Projesi/real_frames/test/875/frame_000003.jpg
real_test_00029.jpg,real,470,real_video::470,component::8d3da6ac64460b3b,test,train,0113f3fddc4aa2b4174fc7b914244e06b2cc05f7a6a66447e7b9e457b2754b95,/content/drive/MyDrive/AISC DeepFake Çalışmaları/FaceForensics_Projesi/real_frames/test/470/frame_000034.jpg
real_test_00031.jpg,real,379,real_video::379,component::6a1db221e35302c4,test,train,adff0bef2079141075d2a1f8248db1b4d8bab67c984725c23603cc398d7a6b82,/content/drive/MyDrive/AISC DeepFake Çalışmaları/FaceForensics_Projesi/real_frames/test/379/frame_000015.jpg
real_test_00032.jpg,real,616,real_video::616,component::8cc69011f179dc20,test,train,99f2b276483f2c6f77e3f79de2ecd52b261c1c0dbd2d7fc91a103cec97813732,/content/drive/MyDrive/AISC DeepFake Çalışmaları/FaceForensics_Projesi/real_frames/test/616/frame_000036.jpg
real_test_00033.jpg,real,867,real_video::867,component::cb3d4fcb840e9bc9,test,train,bde00439de16d7eb92b123aede9125912e9e70d01952542bb75d67742fa0559d,/content/drive/MyDrive/AISC DeepFake Çalışmaları/FaceForensics_Projesi/real_frames/test/867/frame_000026.jpg
real_test_00034.jpg,real,367,real_video::367,component::c94af8387e30e7a8,test,train,b13cf52dce28898d2055e7fbe690e8947f13aec7415131d44b20aa5670cc7371,/content/drive/MyDrive/AISC DeepFake Çalışmaları/FaceForensics_Projesi/real_frames/test/367/frame_000004.jpg
real_test_00036.jpg,real,228,real_video::228,component::3c34d07c6d1d62c1,test,val,ca7e944df1f31d67f383a9662d4f38e8379a3ad9d6d2fa31539e883666f96106,/content/drive/MyDrive/AISC DeepFake Çalışmaları/FaceForensics_Projesi/real_frames/test/228/frame_000025.jpg
real_test_00038.jpg,real,027,real_video::027,component::43310c89c9c02b25,test,train,9e29974196dc3d75d133fa69f7be5558b9b62e4e47dfb7ab6c0f24779550c7ef,/content/drive/MyDrive/AISC DeepFake Çalışmaları/FaceForensics_Projesi/real_frames/test/027/frame_000009.jpg
real_test_00039.jpg,real,721,real_video::721,component::c800d59d9eef6d06,test,train,b7220aa63b556012108cfc7e3149d985f68016af8f4b1e111c5ccb3a8edac7d0,/content/drive/MyDrive/AISC DeepFake Çalışmaları/FaceForensics_Projesi/real_frames/test/721/frame_000007.jpg
real_test_00040.jpg,real,032,real_video::032,component::b2c75982815007a5,test,val,aa1e3443ea38417eab75be6fb40a69f782008eb974db72cf496a5c418ff5b4bc,/content/drive/MyDrive/AISC DeepFake Çalışmaları/FaceForensics_Projesi/real_frames/test/032/frame_000005.jpg
real_test_00044.jpg,real,348,real_video::348,component::8a98c22dad18f7a0,test,train,f144403b4e47264ca0183d8a3add0caee0d67ca2f2daca6074fca6e3ea617313,/content/drive/MyDrive/AISC DeepFake Çalışmaları/FaceForensics_Projesi/real_frames/test/348/frame_000017.jpg
real_test_00046.jpg,real,913,real_video::913,component::9b82b6f25535756b,test,train,8e9c9e6b88ec800ee4d0a2db3b78fe02ba594e2607e178212ee72511413e07ad,/content/drive/MyDrive/AISC DeepFake Çalışmaları/FaceForensics_Projesi/real_frames/test/913/frame_000023.jpg
real_test_00048.jpg,real,747,real_video::747,component::c78c37ac609024ee,test,train,cc70680a439920a96210b040df0302da93e6e710983e70222d5e6dad2c70ce15,/content/drive/MyDrive/AISC DeepFake Çalışmaları/FaceForensics_Projesi/real_frames/test/747/frame_000006.jpg
real_test_00049.jpg,real,781,real_video::781,component::938e0a543556aaba,test,val,843bf5e542defb7ed2c7eafe35369b2e88a3f790be62adbc31f1fcfb1e980744,/content/drive/MyDrive/AISC DeepFake Çalışmaları/FaceForensics_Projesi/real_frames/test/781/frame_000010.jpg
real_test_00052.jpg,real,099,real_video::099,component::2d83779b47478619,test,test,fc7e3dc687b854b160c9d0f9ed8a0986a3538994b6ca1fa069103d6238a80a43,/content/drive/MyDrive/AISC DeepFake Çalışmaları/FaceForensics_Projesi/real_frames/test/099/frame_000011.jpg
real_test_00053.jpg,real,558,real_video::558,component::8be256ea444a1550,test,train,9e2015c826b4765c4cf364094745b17e39233523d7811b425324876addf69f35,/content/drive/MyDrive/AISC DeepFake Çalışmaları/FaceForensics_Projesi/real_frames/test/558/frame_000000.jpg
real_test_00054.jpg,real,203,real_video::203,component::7b150f6b8edfd4f4,test,train,f86a59bdd83a2528fd0d89d36e5124c10b7607df58ae21106d0e74a8aa7f4a3d,/content/drive/MyDrive/AISC DeepFake Çalışmaları/FaceForensics_Projesi/real_frames/test/203/frame_000013.jpg
real_test_00055.jpg,real,633,real_video::633,component::d6e50cc987ce791c,test,train,8ffa28c20da2dca82bff9a204d0e42446e2642177eb5c58dc86af00b1cf5757a,/content/drive/MyDrive/AISC DeepFake Çalışmaları/FaceForensics_Projesi/real_frames/test/633/frame_000022.jpg
real_test_00056.jpg,real,604,real_video::604,component::88a993714b3b1e59,test,train,60e56352916b5cfb0bdf0ec61f6c044ff4879e7d56eff408c1e51b47d89fa59c,/content/drive/MyDrive/AISC DeepFake Çalışmaları/FaceForensics_Projesi/real_frames/test/604/frame_000024.jpg
real_test_00057.jpg,real,089,real_video::089,component::3de08424000109d1,test,train,fe3aee685fdae9b7fc03772e4b92b368c44d6dcde7d35e96a95a478279170bd5,/content/drive/MyDrive/AISC DeepFake Çalışmaları/FaceForensics_Projesi/real_frames/test/089/frame_000008.jpg
real_test_00059.jpg,real,089,real_video::089,component::3de08424000109d1,test,train,ebba6e62b34793958ab958763a4fd3be9e01a0524fc0c630717902f0cd09c6be,/content/drive/MyDrive/AISC DeepFake Çalışmaları/FaceForensics_Projesi/real_frames/test/089/frame_000015.jpg
real_test_00060.jpg,real,665,real_video::665,component::93d2efc55803c697,test,val,7081c14057323b62bdcb5f1a80d34b079746d53bbf7c1a072a4f5c769e175f04,/content/drive/MyDrive/AISC DeepFake Çalışmaları/FaceForensics_Projesi/real_frames/test/665/frame_000016.jpg
real_test_00061.jpg,real,127,real_video::127,component::dbc2ebddf1bb3117,test,train,28f83c08924f47e9e86661f061be6043ba5a4477a0d4c7ce4144e146250ca3df,/content/drive/MyDrive/AISC DeepFake Çalışmaları/FaceForensics_Projesi/real_frames/test/127/frame_000031.jpg
real_test_00064.jpg,real,692,real_video::692,component::1cea9fef2b85a042,test,train,4c0b3df45fa57d7d96c2b1077ad926b9953500d1bb2e368f3a9dbfcdc6545c83,/content/drive/MyDrive/AISC DeepFake Çalışmaları/FaceForensics_Projesi/real_frames/test/692/frame_000006.jpg
real_test_00069.jpg,real,854,real_video::854,component::0ca743f37834b227,test,test,b9e596a8d90a1a11bedf51da851dea54b32d51892b443633def33ee81c467695,/content/drive/MyDrive/AISC DeepFake Çalışmaları/FaceForensics_Projesi/real_frames/test/854/frame_000013.jpg
real_test_00070.jpg,real,387,real_video::387,component::af10438e6a5d4eba,test,train,45f2c3d4ab1fe747a64332255513907ad3e959122ec337f7b6019a20977a1893,/content/drive/MyDrive/AISC DeepFake Çalışmaları/FaceForensics_Projesi/real_frames/test/387/frame_000014.jpg
real_test_00071.jpg,real,954,real_video::954,component::31927a58ce363669,test,train,45e4130d091c13e66b75bc14756d8c9dfa37ce605e12b2ffee9cffb57239cf30,/content/drive/MyDrive/AISC DeepFake Çalışmaları/FaceForensics_Projesi/real_frames/test/954/frame_000021.jpg
real_test_00072.jpg,real,030,real_video::030,component::5102d145ca860d88,test,train,c2c5c570a084168f1684b3f82a7249828a20dea921da63665f8052b720bacdc7,/content/drive/MyDrive/AISC DeepFake Çalışmaları/FaceForensics_Projesi/real_frames/test/030/frame_000010.jpg
real_test_00073.jpg,real,214,real_video::214,component::d822bc09ddbe2677,test,train,7f9db7ff04b18aedc7cf5efcd7a00db89b263142add3bef08ec35624ae141a52,/content/drive/MyDrive/AISC DeepFake Çalışmaları/FaceForensics_Projesi/real_frames/test/214/frame_000017.jpg
real_test_00076.jpg,real,081,real_video::081,component::3b8dbbe2b486fe55,test,train,802301094aa2a3de115425caa3123b127b2c9f991de204171ea3793c42763084,/content/drive/MyDrive/AISC DeepFake Çalışmaları/FaceForensics_Projesi/real_frames/test/081/frame_000006.jpg
real_test_00078.jpg,real,758,real_video::758,component::79b1a907368756fa,test,train,fe62b4c21c2aa8f22af612e3c1ebdbe36bc7f746982f61fe5997b8ab2fbb7871,/content/drive/MyDrive/AISC DeepFake Çalışmaları/FaceForensics_Projesi/real_frames/test/758/frame_000014.jpg
real_test_00080.jpg,real,214,real_video::214,component::d822bc09ddbe2677,test,train,e9f3678286a13793ef3b7e760b15f73b6a2e330e285ba9854429cf4ed24615ee,/content/drive/MyDrive/AISC DeepFake Çalışmaları/FaceForensics_Projesi/real_frames/test/214/frame_000016.jpg
real_test_00082.jpg,real,665,real_video::665,component::93d2efc55803c697,test,val,dde0c56cd8af86417bab65f091d409cc7ee97c291186be0b1510017e343c8703,/content/drive/MyDrive/AISC DeepFake Çalışmaları/FaceForensics_Projesi/real_frames/test/665/frame_000005.jpg
real_test_00083.jpg,real,103,real_video::103,component::f51bb75e9a8dc95a,test,train,370e05fb50d52d87038703556db0eeda96aed3252178dc9fba3c1bdd7541cd86,/content/drive/MyDrive/AISC DeepFake Çalışmaları/FaceForensics_Projesi/real_frames/test/103/frame_000025.jpg
real_test_00085.jpg,real,099,real_video::099,component::2d83779b47478619,test,test,de1dd0e51715c8b13aa3b1451d30adb1ba87b674f5863cba451d1d07abf5391a,/content/drive/MyDrive/AISC DeepFake Çalışmaları/FaceForensics_Projesi/real_frames/test/099/frame_000008.jpg
real_test_00086.jpg,real,094,real_video::094,component::1f0dd033d1112c8d,test,train,44485d5803f6c7e6ce4b9b0079d1ffde64f833cbbfb6b67aadce74689865b0c6,/content/drive/MyDrive/AISC DeepFake Çalışmaları/FaceForensics_Projesi/real_frames/test/094/frame_000010.jpg
real_test_00087.jpg,real,104,real_video::104,component::3e5109ca5b16e7e0,test,train,dcb8f75ae3c85239c379ae011770674c4facdd9f14976fcfb00c29355d4f8443,/content/drive/MyDrive/AISC DeepFake Çalışmaları/FaceForensics_Projesi/real_frames/test/104/frame_000012.jpg
real_test_00088.jpg,real,095,real_video::095,component::23a0ea0e9d48bddf,test,test,961f60f8aa6abdfca274f212cb456fc5d18e067e25441dd8ea299abb5b8abd25,/content/drive/MyDrive/AISC DeepFake Çalışmaları/FaceForensics_Projesi/real_frames/test/095/frame_000056.jpg
real_test_00089.jpg,real,025,real_video::025,component::7455f24a289ebdcf,test,train,61c1362ff557fc7929b3f6852dd42dc80b8a6e3e03d4c5664f029b2409615b2c,/content/drive/MyDrive/AISC DeepFake Çalışmaları/FaceForensics_Projesi/real_frames/test/025/frame_000017.jpg
real_test_00090.jpg,real,733,real_video::733,component::5bb12a7a6f2e44cb,test,train,1f8a62d7069aeb301651dd8c2d42265eb3adad179231779a64cf99363d98d41f,/content/drive/MyDrive/AISC DeepFake Çalışmaları/FaceForensics_Projesi/real_frames/test/733/frame_000020.jpg
real_test_00091.jpg,real,044,real_video::044,component::88e63173c7106939,test,train,8ef7c491341629976567a04594abeda0fe8b52800f20340167877d111f8a6ac6,/content/drive/MyDrive/AISC DeepFake Çalışmaları/FaceForensics_Projesi/real_frames/test/044/frame_000010.jpg
real_test_00096.jpg,real,650,real_video::650,component::38e8dc864c371fb1,test,train,e42beced0bd08759ffc58edbaff54c5fb5dec757fd3e3716ebb089160a7743e6,/content/drive/MyDrive/AISC DeepFake Çalışmaları/FaceForensics_Projesi/real_frames/test/650/frame_000025.jpg
real_test_00097.jpg,real,714,real_video::714,component::23382240c70b43b9,test,val,cedd77a29d8ec6081a99b59ff7bf8930db15346d6f41fce7434cc640a3169c16,/content/drive/MyDrive/AISC DeepFake Çalışmaları/FaceForensics_Projesi/real_frames/test/714/frame_000023.jpg
real_test_00098.jpg,real,027,real_video::027,component::43310c89c9c02b25,test,train,265c1a0e5906b34e31f0e772ed3ba46511ab7e5ce0c6307b581a6a51a1a94b86,/content/drive/MyDrive/AISC DeepFake Çalışmaları/FaceForensics_Projesi/real_frames/test/027/frame_000002.jpg
real_test_00099.jpg,real,875,real_video::875,component::f70c55ac6c521b8d,test,train,035f084b9370a8ed1129354789d027855cec3f8822c6d60a76c6f703f8d8ba18,/content/drive/MyDrive/AISC DeepFake Çalışmaları/FaceForensics_Projesi/real_frames/test/875/frame_000013.jpg
real_test_00101.jpg,real,616,real_video::616,component::8cc69011f179dc20,test,train,1913e8703cecf030101b17e784f702772be89d6b910501123af5edb751ccbc4e,/content/drive/MyDrive/AISC DeepFake Çalışmaları/FaceForensics_Projesi/real_frames/test/616/frame_000027.jpg
real_test_00102.jpg,real,046,real_video::046,component::41bc82f690726777,test,train,6a6f99aa83fe783748fcc1fa3b89f5a519dc29d43e9ab4fb48ddf6f49b0be1be,/content/drive/MyDrive/AISC DeepFake Çalışmaları/FaceForensics_Projesi/real_frames/test/046/frame_000001.jpg
real_test_00103.jpg,real,828,real_video::828,component::e50a7794fc14e8b7,test,train,5784d4a51bfaf6575621da66a3bdb24a944ce29b56f9b1da1fbea4d11f4c0ce9,/content/drive/MyDrive/AISC DeepFake Çalışmaları/FaceForensics_Projesi/real_frames/test/828/frame_000010.jpg
real_test_00104.jpg,real,733,real_video::733,component::5bb12a7a6f2e44cb,test,train,b4964855a8862e3fa7b067bca7b790be04bc1932840e7b4bb6a2f029c2964fd9,/content/drive/MyDrive/AISC DeepFake Çalışmaları/FaceForensics_Projesi/real_frames/test/733/frame_000011.jpg
real_test_00105.jpg,real,591,real_video::591,component::9a94808186c45a50,test,train,4cb9272e09a00cd865559685f7ef2b10f452555cb225fc09b41e2fd66aea9329,/content/drive/MyDrive/AISC DeepFake Çalışmaları/FaceForensics_Projesi/real_frames/test/591/frame_000001.jpg
real_test_00106.jpg,real,166,real_video::166,component::30312d63fabf44e0,test,train,55048e94a4e2f5c08d82a58907ca4ff8f130c7b68a2ac254147a4c5a74929076,/content/drive/MyDrive/AISC DeepFake Çalışmaları/FaceForensics_Projesi/real_frames/test/166/frame_000029.jpg
real_test_00107.jpg,real,574,real_video::574,component::de12dbf0d91228cd,test,train,125775698abdc3eb1dc829f9d964da964593d3fa5cf2cd35cdcb10a712e65f6e,/content/drive/MyDrive/AISC DeepFake Çalışmaları/FaceForensics_Projesi/real_frames/test/574/frame_000010.jpg
real_test_00108.jpg,real,142,real_video::142,component::2dcd152576c70131,test,val,c60160f4f5780527c52f9078a5504801f3434f499081b5eeee2944d27de5c9bf,/content/drive/MyDrive/AISC DeepFake Çalışmaları/FaceForensics_Projesi/real_frames/test/142/frame_000021.jpg
real_test_00110.jpg,real,367,real_video::367,component::c94af8387e30e7a8,test,train,9a0e22ad9c2ce8133860e418ea1c08341a50dbaad0820c2611e9d18614c8e711,/content/drive/MyDrive/AISC DeepFake Çalışmaları/FaceForensics_Projesi/real_frames/test/367/frame_000006.jpg
real_test_00111.jpg,real,142,real_video::142,component::2dcd152576c70131,test,val,61a3db7b19e2f3d3154652f52c9817eeadfd98b291e2a69937083bf27a4fb14e,/content/drive/MyDrive/AISC DeepFake Çalışmaları/FaceForensics_Projesi/real_frames/test/142/frame_000039.jpg
real_test_00114.jpg,real,633,real_video::633,component::d6e50cc987ce791c,test,train,22b414e78cff77be2b7786802319ea03fbac95c46a90f4745ce8f39a28ad7832,/content/drive/MyDrive/AISC DeepFake Çalışmaları/FaceForensics_Projesi/real_frames/test/633/frame_000021.jpg
real_test_00115.jpg,real,517,real_video::517,component::107dd67ee8613bce,test,train,ecedf3b6fca84bf11b53d0cc4b7dd803c40849edeea7813a8e393937c28b75b0,/content/drive/MyDrive/AISC DeepFake Çalışmaları/FaceForensics_Projesi/real_frames/test/517/frame_000008.jpg
real_test_00117.jpg,real,459,real_video::459,component::c9b96fe44a1d527b,test,train,1f27f1a4918f43232763d32a62e635e17c018cee90debac064e867ddb05fb7c7,/content/drive/MyDrive/AISC DeepFake Çalışmaları/FaceForensics_Projesi/real_frames/test/459/frame_000023.jpg
real_test_00119.jpg,real,296,real_video::296,component::c2b0eabeeddf6079,test,train,dc13d35914ed73e27f30dc66ac0b7a206d2c5ae61df0c960f0df9ee84a900583,/content/drive/MyDrive/AISC DeepFake Çalışmaları/FaceForensics_Projesi/real_frames/test/296/frame_000002.jpg
real_test_00120.jpg,real,650,real_video::650,component::38e8dc864c371fb1,test,train,b1f46c32c511d1b2250c81acce7b7ae9f517c78501467dc8f9f4e270a17c5784,/content/drive/MyDrive/AISC DeepFake Çalışmaları/FaceForensics_Projesi/real_frames/test/650/frame_000007.jpg
real_test_00121.jpg,real,459,real_video::459,component::c9b96fe44a1d527b,test,train,41f314ef3959c01a8c25feaa76de6764736e8886871facdf8695d3609c2d5170,/content/drive/MyDrive/AISC DeepFake Çalışmaları/FaceForensics_Projesi/real_frames/test/459/frame_000017.jpg
real_test_00122.jpg,real,558,real_video::558,component::8be256ea444a1550,test,train,ec4b602d27cea9ba7176ebdc4227315a81d6c40034871f40dde92ea466992893,/content/drive/MyDrive/AISC DeepFake Çalışmaları/FaceForensics_Projesi/real_frames/test/558/frame_000002.jpg
real_test_00123.jpg,real,046,real_video::046,component::41bc82f690726777,test,train,a659d00a6fe002fa4417d5b542bf087a333b6b875da9f614d4bb71c8b3e15e95,/content/drive/MyDrive/AISC DeepFake Çalışmaları/FaceForensics_Projesi/real_frames/test/046/frame_000012.jpg
real_test_00125.jpg,real,867,real_video::867,component::cb3d4fcb840e9bc9,test,train,7d0cc5f3dfe24b6f40bf69396a4a1f206eb060da0974ed9e6c8fbd5877f99f92,/content/drive/MyDrive/AISC DeepFake Çalışmaları/FaceForensics_Projesi/real_frames/test/867/frame_000034.jpg
real_test_00126.jpg,real,080,real_video::080,component::55d670e503ea5716,test,val,418ccd4c49b905ed7729dcb2d832b00be619876fd50aa07b2385ff28af87c589,/content/drive/MyDrive/AISC DeepFake Çalışmaları/FaceForensics_Projesi/real_frames/test/080/frame_000026.jpg
real_test_00127.jpg,real,089,real_video::089,component::3de08424000109d1,test,train,83a9c9de6593c3590ebfe7110a19d695bff71971d9b2b824f52d6498ee3469f1,/content/drive/MyDrive/AISC DeepFake Çalışmaları/FaceForensics_Projesi/real_frames/test/089/frame_000021.jpg
real_test_00128.jpg,real,714,real_video::714,component::23382240c70b43b9,test,val,fa8714da30b4bea1bb28d6dccf13bdd91a76ec77322b5fea952490e320061c68,/content/drive/MyDrive/AISC DeepFake Çalışmaları/FaceForensics_Projesi/real_frames/test/714/frame_000025.jpg
real_test_00129.jpg,real,081,real_video::081,component::3b8dbbe2b486fe55,test,train,2f798e61f999356e46733b06a79f2ce79674fb83897d4248c46928139fe81cc2,/content/drive/MyDrive/AISC DeepFake Çalışmaları/FaceForensics_Projesi/real_frames/test/081/frame_000059.jpg
real_test_00130.jpg,real,095,real_video::095,component::23a0ea0e9d48bddf,test,test,b4bd099df44bc0455b3e9edd4489e7e5bb9e5a4f0226c88ec806f55bfacb028c,/content/drive/MyDrive/AISC DeepFake Çalışmaları/FaceForensics_Projesi/real_frames/test/095/frame_000048.jpg
real_test_00132.jpg,real,142,real_video::142,component::2dcd152576c70131,test,val,59fda9dd7ebff7d6eb360435662b2b397297c8ea7756a485ad1e7c9d04ef77e4,/content/drive/MyDrive/AISC DeepFake Çalışmaları/FaceForensics_Projesi/real_frames/test/142/frame_000041.jpg
real_test_00133.jpg,real,284,real_video::284,component::1f5d40f328fee541,test,test,bf07b522b2d885f7487f2dca37aa7b49071152b8a2db0da45bcc1496425fbf70,/content/drive/MyDrive/AISC DeepFake Çalışmaları/FaceForensics_Projesi/real_frames/test/284/frame_000013.jpg
real_test_00134.jpg,real,044,real_video::044,component::88e63173c7106939,test,train,9c8480e7ab50b197525e82c3a68cd26c0912b4d218c6ff3bd04ddc948ce388c3,/content/drive/MyDrive/AISC DeepFake Çalışmaları/FaceForensics_Projesi/real_frames/test/044/frame_000003.jpg
real_test_00137.jpg,real,983,real_video::983,component::324a451d03a3214f,test,train,f271695c46dc3be8912d79779209a3872ac3ef8c36a5589cb05aa87045692e2f,/content/drive/MyDrive/AISC DeepFake Çalışmaları/FaceForensics_Projesi/real_frames/test/983/frame_000020.jpg
real_test_00138.jpg,real,296,real_video::296,component::c2b0eabeeddf6079,test,train,029d55407027fc8e455d72a8bc9cd636365a9da18648cc776c8d42bd36b266f4,/content/drive/MyDrive/AISC DeepFake Çalışmaları/FaceForensics_Projesi/real_frames/test/296/frame_000000.jpg
real_test_00139.jpg,real,826,real_video::826,component::5ce89f479bf908f2,test,train,6d50961a1836987e166455f3ad04f10a4d6ba51c2ea04b4a0bb1befd2bf13809,/content/drive/MyDrive/AISC DeepFake Çalışmaları/FaceForensics_Projesi/real_frames/test/826/frame_000001.jpg
real_test_00140.jpg,real,095,real_video::095,component::23a0ea0e9d48bddf,test,test,ae1ccceae426bd6bdd6b793070ce159c14b4b709c55781efbd4297a34a950b86,/content/drive/MyDrive/AISC DeepFake Çalışmaları/FaceForensics_Projesi/real_frames/test/095/frame_000007.jpg
real_test_00141.jpg,real,867,real_video::867,component::cb3d4fcb840e9bc9,test,train,2f9651aab731cf7cb936519f780fd0efe01d95239df4a08bebe4ade3be668710,/content/drive/MyDrive/AISC DeepFake Çalışmaları/FaceForensics_Projesi/real_frames/test/867/frame_000027.jpg
real_test_00142.jpg,real,913,real_video::913,component::9b82b6f25535756b,test,train,34b8e7b64c74d6a5f420e802c9112ff755bf1c2293274d9745d23bb4b362210c,/content/drive/MyDrive/AISC DeepFake Çalışmaları/FaceForensics_Projesi/real_frames/test/913/frame_000018.jpg
real_test_00143.jpg,real,983,real_video::983,component::324a451d03a3214f,test,train,c366e205f2e53fa5bf60977f5e58564db45f9b620b3ccf7a59acbc94ce399c5e,/content/drive/MyDrive/AISC DeepFake Çalışmaları/FaceForensics_Projesi/real_frames/test/983/frame_000013.jpg
real_test_00144.jpg,real,373,real_video::373,component::6cd9e29b988640d1,test,val,b8708bd1b13db7a4a981b4e8d2239051beb451af1df248930dea7e85ab44a4a9,/content/drive/MyDrive/AISC DeepFake Çalışmaları/FaceForensics_Projesi/real_frames/test/373/frame_000005.jpg
real_test_00145.jpg,real,890,real_video::890,component::72b84873f005554e,test,train,bad5a8e1dcc326608a6403cdc22840540f8392c3b8e958aa866b30171d7b6878,/content/drive/MyDrive/AISC DeepFake Çalışmaları/FaceForensics_Projesi/real_frames/test/890/frame_000015.jpg
real_test_00146.jpg,real,214,real_video::214,component::d822bc09ddbe2677,test,train,02ecbdaa9f942a44bb521248b73fb6426205f35b9436bf7e6fd2cdf4dc8b0858,/content/drive/MyDrive/AISC DeepFake Çalışmaları/FaceForensics_Projesi/real_frames/test/214/frame_000018.jpg
real_test_00147.jpg,real,747,real_video::747,component::c78c37ac609024ee,test,train,8c9457752dc4034d7fbfffef918008245c5015ca09dec33a5a7ed681b18d66e4,/content/drive/MyDrive/AISC DeepFake Çalışmaları/FaceForensics_Projesi/real_frames/test/747/frame_000020.jpg
real_test_00149.jpg,real,459,real_video::459,component::c9b96fe44a1d527b,test,train,6ab95a2508dcaedf6de6bd157961c6feb5cfad11fc079b1a3e055f823a75f41a,/content/drive/MyDrive/AISC DeepFake Çalışmaları/FaceForensics_Projesi/real_frames/test/459/frame_000019.jpg
fake_train_00003.jpg,fake,FaceSwap_963_879,fake_ffpp_pair::879_963,component::63db1aa6578a903c,train,train,9cb0037e0b3b1afcf47b8bf6ef0babcd241a377ac2689840ff36fd4ec75ba4a8,/content/drive/MyDrive/AISC DeepFake Çalışmaları/FaceForensics_Projesi/fake_frames/train/FaceSwap_963_879/frame_000027.jpg
fake_train_00004.jpg,fake,Face2Face_532_544,fake_ffpp_pair::532_544,component::a6ad04c7ac626ab2,train,train,6aefe1716fce99e6e5a5c7e5eb66d6fa12f10e500c2596b31aaa78f9e40afe99,/content/drive/MyDrive/AISC DeepFake Çalışmaları/FaceForensics_Projesi/fake_frames/train/Face2Face_532_544/frame_000007.jpg
fake_train_00005.jpg,fake,NeuralTextures_601_653,fake_ffpp_pair::601_653,component::eb23795f590e4679,train,train,cceafdf75a8bfcf86392d515795edaf75e136002b4f26bf9f4bbd0eacde8cb85,/content/drive/MyDrive/AISC DeepFake Çalışmaları/FaceForensics_Projesi/fake_frames/train/NeuralTextures_601_653/frame_000008.jpg
fake_train_00009.jpg,fake,FaceSwap_765_867,fake_ffpp_pair::765_867,component::8abe733d9ffca153,train,train,f16942fd6c8d38e8883e889ceb44dfa598943925b7880f1a365dbae9b6f982b8,/content/drive/MyDrive/AISC DeepFake Çalışmaları/FaceForensics_Projesi/fake_frames/train/FaceSwap_765_867/frame_000003.jpg
fake_train_00011.jpg,fake,NeuralTextures_495_512,fake_ffpp_pair::495_512,component::50d0b100a93d2815,train,train,3ffc24bc2f9bc608410ae005762894d6f40b8b5244a6c933570d91de6b94dc67,/content/drive/MyDrive/AISC DeepFake Çalışmaları/FaceForensics_Projesi/fake_frames/train/NeuralTextures_495_512/frame_000023.jpg
fake_train_00012.jpg,fake,FaceShifter_562_626,fake_ffpp_pair::562_626,component::ee39e23ba1422123,train,test,d4ad20c52ba8fdf1605ae89f6e67ebe98e3a5917f2d79e14c5a16a347f1e2031,/content/drive/MyDrive/AISC DeepFake Çalışmaları/FaceForensics_Projesi/fake_frames/train/FaceShifter_562_626/frame_000008.jpg
fake_train_00013.jpg,fake,FaceSwap_397_602,fake_ffpp_pair::397_602,component::f74a62be92e01aeb,train,train,f0ca37387dba9477d18c99d930e740b96b3884d894e9f984f290f8cb3dab80ab,/content/drive/MyDrive/AISC DeepFake Çalışmaları/FaceForensics_Projesi/fake_frames/train/FaceSwap_397_602/frame_000006.jpg
fake_train_00014.jpg,fake,DeepFakeDetection_13_14__hugging_happy__KMQ3AW6A,fake_dfd_pair::13_14,component::f00c7b69232a8eba,train,train,ca03512af0afb1ae719a93955a52a93c55e5fb7c55a51c7ef23a193c0ab0c527,/content/drive/MyDrive/AISC DeepFake Çalışmaları/FaceForensics_Projesi/fake_frames/train/DeepFakeDetection_13_14__hugging_happy__KMQ3AW6A/frame_000020.jpg
fake_train_00016.jpg,fake,FaceSwap_686_696,fake_ffpp_pair::686_696,component::ed11350ac58a7cdc,train,test,fd3c5e57c25648fff2771f8d2d96b7485ecbd6c5f46255ba6e07877c7698c0bd,/content/drive/MyDrive/AISC DeepFake Çalışmaları/FaceForensics_Projesi/fake_frames/train/FaceSwap_686_696/frame_000019.jpg
fake_train_00018.jpg,fake,FaceShifter_926_900,fake_ffpp_pair::900_926,component::e3ba6170a3dab753,train,train,a3e49f2aaa7855fd6778b14815c82c05b802787b4d0e5a19345884262ae86279,/content/drive/MyDrive/AISC DeepFake Çalışmaları/FaceForensics_Projesi/fake_frames/train/FaceShifter_926_900/frame_000016.jpg
fake_train_00021.jpg,fake,Deepfakes_611_760,fake_ffpp_pair::611_760,component::c6557353031614be,train,train,c1a0ba18064927c67681f0d2dc61aa4de1aa04984655cde10bedd3dd36fd301c,/content/drive/MyDrive/AISC DeepFake Çalışmaları/FaceForensics_Projesi/fake_frames/train/Deepfakes_611_760/frame_000018.jpg
fake_train_00023.jpg,fake,DeepFakeDetection_06_26__talking_against_wall__L5BVR5L9,fake_dfd_pair::06_26,component::e2877381ec75d743,train,train,3c93bf92e136b8537022e5aaa96e862b44b328290d0f3f378414dbe4a2ad7d14,/content/drive/MyDrive/AISC DeepFake Çalışmaları/FaceForensics_Projesi/fake_frames/train/DeepFakeDetection_06_26__talking_against_wall__L5BVR5L9/frame_000010.jpg
fake_train_00024.jpg,fake,DeepFakeDetection_20_03__hugging_happy__Z6V05FXO,fake_dfd_pair::03_20,component::6f3a6b2309b2f415,train,train,119f715e20e2c0cc036e088d4212b660fc736e3a8d2f21297a805e1fa64426b0,/content/drive/MyDrive/AISC DeepFake Çalışmaları/FaceForensics_Projesi/fake_frames/train/DeepFakeDetection_20_03__hugging_happy__Z6V05FXO/frame_000013.jpg
fake_train_00025.jpg,fake,FaceShifter_705_707,fake_ffpp_pair::705_707,component::ca162c94e31d5457,train,train,75512a858d52681f46ff3c9332d33fd2c1240fa3f8fe6bc325b3c537593a20fb,/content/drive/MyDrive/AISC DeepFake Çalışmaları/FaceForensics_Projesi/fake_frames/train/FaceShifter_705_707/frame_000015.jpg
fake_train_00026.jpg,fake,Deepfakes_829_808,fake_ffpp_pair::808_829,component::ee9c3c421303f065,train,train,f7031211b4cea95ca82584bbfc90a3439fa0416060950bdee24ef56b5e759eb0,/content/drive/MyDrive/AISC DeepFake Çalışmaları/FaceForensics_Projesi/fake_frames/train/Deepfakes_829_808/frame_000011.jpg
fake_train_00027.jpg,fake,FaceShifter_990_008,fake_ffpp_pair::008_990,component::5f26fea110e68791,train,train,86602fc5315ee653ab488e7f4129f121e39083fb23eb4c7451057fb685970503,/content/drive/MyDrive/AISC DeepFake Çalışmaları/FaceForensics_Projesi/fake_frames/train/FaceShifter_990_008/frame_000004.jpg
fake_train_00032.jpg,fake,FaceShifter_654_648,fake_ffpp_pair::648_654,component::bde3b82bed5cc685,train,train,d334453ffffae824a370447e2c2f6e9c4968da17779fd396a077d6c373a7ee47,/content/drive/MyDrive/AISC DeepFake Çalışmaları/FaceForensics_Projesi/fake_frames/train/FaceShifter_654_648/frame_000014.jpg
fake_train_00034.jpg,fake,FaceShifter_814_871,fake_ffpp_pair::814_871,component::485cee3631af2835,train,train,2551d79b610dad895f634e4bd69ae90ecd446b22221ba998a4b74d7297fabf0d,/content/drive/MyDrive/AISC DeepFake Çalışmaları/FaceForensics_Projesi/fake_frames/train/FaceShifter_814_871/frame_000010.jpg
fake_train_00035.jpg,fake,FaceShifter_460_678,fake_ffpp_pair::460_678,component::c79009f93c7e3522,train,val,31cd1997cf0d2157cc20643677f7f6834fd194d3fabff02aa10f8401487925ae,/content/drive/MyDrive/AISC DeepFake Çalışmaları/FaceForensics_Projesi/fake_frames/train/FaceShifter_460_678/frame_000028.jpg
fake_train_00037.jpg,fake,DeepFakeDetection_27_18__kitchen_still__NYHE8D0J,fake_dfd_pair::18_27,component::7b9cf0705c89bb6a,train,train,44261840323a45835382549825701d20598869f2e9571b1c74e7a7b61b18f8cd,/content/drive/MyDrive/AISC DeepFake Çalışmaları/FaceForensics_Projesi/fake_frames/train/DeepFakeDetection_27_18__kitchen_still__NYHE8D0J/frame_000001.jpg
fake_train_00038.jpg,fake,DeepFakeDetection_06_26__talking_against_wall__L5BVR5L9,fake_dfd_pair::06_26,component::e2877381ec75d743,train,train,f14c36a2eda069e1db4c69f7ca25a3b1ebda9ba8f5eef1f54b5e08260b6ac96f,/content/drive/MyDrive/AISC DeepFake Çalışmaları/FaceForensics_Projesi/fake_frames/train/DeepFakeDetection_06_26__talking_against_wall__L5BVR5L9/frame_000048.jpg
fake_train_00040.jpg,fake,Face2Face_853_863,fake_ffpp_pair::853_863,component::d6045dc0b2173271,train,train,d70416f47cd682fdb9f5a0689a53e26e308240ed122f8333524762078b9db008,/content/drive/MyDrive/AISC DeepFake Çalışmaları/FaceForensics_Projesi/fake_frames/train/Face2Face_853_863/frame_000023.jpg
fake_train_00041.jpg,fake,FaceShifter_939_115,fake_ffpp_pair::115_939,component::87eee2486fe3c547,train,train,c05312075ba6ed72543144cea47e7bce11778e2bf7a3c072f5e0d8f07f18c74d,/content/drive/MyDrive/AISC DeepFake Çalışmaları/FaceForensics_Projesi/fake_frames/train/FaceShifter_939_115/frame_000001.jpg
fake_train_00042.jpg,fake,DeepFakeDetection_15_03__talking_angry_couch__T5SHH2UL,fake_dfd_pair::03_15,component::bd20c5b2f8aec07a,train,train,fd24e3979ffb07c10c29f240682374366aca9feda3d510b4b3167f86266fd0b8,/content/drive/MyDrive/AISC DeepFake Çalışmaları/FaceForensics_Projesi/fake_frames/train/DeepFakeDetection_15_03__talking_angry_couch__T5SHH2UL/frame_000048.jpg
fake_train_00043.jpg,fake,Face2Face_810_838,fake_ffpp_pair::810_838,component::ee9c795d2620c22a,train,train,30130a1b96898b2b14988c587ad35ed64682c712d571145a92bb76e8371d347e,/content/drive/MyDrive/AISC DeepFake Çalışmaları/FaceForensics_Projesi/fake_frames/train/Face2Face_810_838/frame_000012.jpg
fake_train_00045.jpg,fake,Deepfakes_540_536,fake_ffpp_pair::536_540,component::e59a729e3f45d6ac,train,train,5a2e7cace790e0d7726013a53c34f532cb51ae1eeba6f5047941e488343c092b,/content/drive/MyDrive/AISC DeepFake Çalışmaları/FaceForensics_Projesi/fake_frames/train/Deepfakes_540_536/frame_000047.jpg
fake_train_00049.jpg,fake,Deepfakes_559_543,fake_ffpp_pair::543_559,component::9263e058e12e12fc,train,train,de22bce9c23d0ad6d1aa9f58a5eaf790cd9ce618db82789ce9fc65138c99abd7,/content/drive/MyDrive/AISC DeepFake Çalışmaları/FaceForensics_Projesi/fake_frames/train/Deepfakes_559_543/frame_000000.jpg
fake_train_00050.jpg,fake,Deepfakes_537_563,fake_ffpp_pair::537_563,component::93eeb3c5864b0da5,train,train,bec64a717afb299b9d265ce230e82ba19844b9f7ea0292bb6876d345b5d67ecb,/content/drive/MyDrive/AISC DeepFake Çalışmaları/FaceForensics_Projesi/fake_frames/train/Deepfakes_537_563/frame_000015.jpg
fake_train_00051.jpg,fake,FaceSwap_838_810,fake_ffpp_pair::810_838,component::ee9c795d2620c22a,train,train,3860c513c5e5f34fe58d4b3db2c3b6b921ccab87ac061264a4f05b0b3f82b5f7,/content/drive/MyDrive/AISC DeepFake Çalışmaları/FaceForensics_Projesi/fake_frames/train/FaceSwap_838_810/frame_000004.jpg
fake_train_00052.jpg,fake,DeepFakeDetection_12_15__hugging_happy__N0SRODQD,fake_dfd_pair::12_15,component::044bb58f4bfc48c4,train,train,a21aad468dd151ee3674af68c90da90586dd3327c61066eab24d497146e0ec45,/content/drive/MyDrive/AISC DeepFake Çalışmaları/FaceForensics_Projesi/fake_frames/train/DeepFakeDetection_12_15__hugging_happy__N0SRODQD/frame_000005.jpg
fake_train_00054.jpg,fake,FaceShifter_177_211,fake_ffpp_pair::177_211,component::910230fe4dbfaeaf,train,train,87a7d644ede9d426002ac9f6fd57ea9665ff63d6ad62e98a744c59be012f95c3,/content/drive/MyDrive/AISC DeepFake Çalışmaları/FaceForensics_Projesi/fake_frames/train/FaceShifter_177_211/frame_000021.jpg
fake_train_00055.jpg,fake,Deepfakes_164_216,fake_ffpp_pair::164_216,component::b84e6bb89c68806e,train,train,ba4bf12173c2510e5484144ff1f531f38670c387b7b0b26d66a7d5bde07d622a,/content/drive/MyDrive/AISC DeepFake Çalışmaları/FaceForensics_Projesi/fake_frames/train/Deepfakes_164_216/frame_000044.jpg
fake_train_00056.jpg,fake,Deepfakes_350_349,fake_ffpp_pair::349_350,component::f31e0b6ce492533b,train,train,0a3f6b39a0f85e053bf1e64f695efea218ee7896758317426d92c9ca6144c18e,/content/drive/MyDrive/AISC DeepFake Çalışmaları/FaceForensics_Projesi/fake_frames/train/Deepfakes_350_349/frame_000001.jpg
fake_train_00057.jpg,fake,FaceShifter_692_610,fake_ffpp_pair::610_692,component::702f6bb6436a70f0,train,train,5e07fa09e05fb1eb22e4af5937a9173bd3e8b2827ed74eb98091f3e5e2885e45,/content/drive/MyDrive/AISC DeepFake Çalışmaları/FaceForensics_Projesi/fake_frames/train/FaceShifter_692_610/frame_000003.jpg
fake_train_00059.jpg,fake,FaceShifter_387_311,fake_ffpp_pair::311_387,component::1101f0dd9f4f3834,train,val,ef536ac45a36335fcd5c992b483c3fe9b6a1f59c13d0c46f508801e0ef96aefc,/content/drive/MyDrive/AISC DeepFake Çalışmaları/FaceForensics_Projesi/fake_frames/train/FaceShifter_387_311/frame_000019.jpg
fake_train_00060.jpg,fake,Face2Face_794_779,fake_ffpp_pair::779_794,component::26b2555084b175f3,train,train,3a17ef047650ade77004edf830c5211227ce893a029163aa62d4bfbec14b0d41,/content/drive/MyDrive/AISC DeepFake Çalışmaları/FaceForensics_Projesi/fake_frames/train/Face2Face_794_779/frame_000003.jpg
fake_train_00061.jpg,fake,NeuralTextures_266_252,fake_ffpp_pair::252_266,component::59cf2f30b0e17b3f,train,train,068cd9a5f4f7812b28df75dae56c6b906581d4b372b4cbed360959897c84830d,/content/drive/MyDrive/AISC DeepFake Çalışmaları/FaceForensics_Projesi/fake_frames/train/NeuralTextures_266_252/frame_000000.jpg
fake_train_00063.jpg,fake,DeepFakeDetection_08_16__talking_against_wall__8Q7JCS95,fake_dfd_pair::08_16,component::f58ecce9e23d5128,train,train,8427f1bcb619e3e56a66fbefaa07a329193929ff09c1e7d3cb2676068f5cb335,/content/drive/MyDrive/AISC DeepFake Çalışmaları/FaceForensics_Projesi/fake_frames/train/DeepFakeDetection_08_16__talking_against_wall__8Q7JCS95/frame_000027.jpg
fake_train_00064.jpg,fake,Deepfakes_702_612,fake_ffpp_pair::612_702,component::57f6f81a793fa03b,train,train,08520d8d68d8f7d33ee464d72bda3bd19625a16841f06d8477831869bf6b9ca4,/content/drive/MyDrive/AISC DeepFake Çalışmaları/FaceForensics_Projesi/fake_frames/train/Deepfakes_702_612/frame_000018.jpg
fake_train_00066.jpg,fake,NeuralTextures_201_203,fake_ffpp_pair::201_203,component::929ccdf03489307e,train,train,75792ef37368763f06d579ac6a710c03b9c143d196fbb3267bebadf28f628dea,/content/drive/MyDrive/AISC DeepFake Çalışmaları/FaceForensics_Projesi/fake_frames/train/NeuralTextures_201_203/frame_000016.jpg
fake_train_00067.jpg,fake,DeepFakeDetection_28_08__kitchen_pan__GQN9WHLD,fake_dfd_pair::08_28,component::534411dfa3a3d0c4,train,train,cb12ed7595c0ff02e192c0a834523188c7039c6d540aa822fd03a4777373f5a0,/content/drive/MyDrive/AISC DeepFake Çalışmaları/FaceForensics_Projesi/fake_frames/train/DeepFakeDetection_28_08__kitchen_pan__GQN9WHLD/frame_000006.jpg
fake_train_00068.jpg,fake,Face2Face_866_878,fake_ffpp_pair::866_878,component::5c0ef711d173e411,train,val,7edb58c66f2b73436ab513cf599af7e39bdf74616d780bf2ee3eb88430de7418,/content/drive/MyDrive/AISC DeepFake Çalışmaları/FaceForensics_Projesi/fake_frames/train/Face2Face_866_878/frame_000017.jpg
fake_train_00069.jpg,fake,DeepFakeDetection_03_06__hugging_happy__2XWC5JED,fake_dfd_pair::03_06,component::0b9c2dad1ea4200d,train,train,75154ad86e61b124c1402cc32d99f2c0ed1c98b1ba65266f29a6ba3716b30053,/content/drive/MyDrive/AISC DeepFake Çalışmaları/FaceForensics_Projesi/fake_frames/train/DeepFakeDetection_03_06__hugging_happy__2XWC5JED/frame_000032.jpg
fake_train_00071.jpg,fake,NeuralTextures_809_799,fake_ffpp_pair::799_809,component::a4df888a8c9a5ffc,train,train,9bba531a6d247a4097416128195261bc0eb5b8f310e87c8c5732494cdc968249,/content/drive/MyDrive/AISC DeepFake Çalışmaları/FaceForensics_Projesi/fake_frames/train/NeuralTextures_809_799/frame_000019.jpg
fake_train_00073.jpg,fake,FaceShifter_506_478,fake_ffpp_pair::478_506,component::de5405dffae2c392,train,train,9efe90ac4c962cc549323f1863f4ba5d959d6b3b39cb0b3210b89c433068efe0,/content/drive/MyDrive/AISC DeepFake Çalışmaları/FaceForensics_Projesi/fake_frames/train/FaceShifter_506_478/frame_000024.jpg
fake_train_00074.jpg,fake,Face2Face_298_279,fake_ffpp_pair::279_298,component::6cb205078eeef6c1,train,train,421dc08dc4b7a06ad9390d2c8d62dc71e24b794ca904266213aa319b92731227,/content/drive/MyDrive/AISC DeepFake Çalışmaları/FaceForensics_Projesi/fake_frames/train/Face2Face_298_279/frame_000015.jpg
fake_train_00075.jpg,fake,FaceSwap_839_864,fake_ffpp_pair::839_864,component::68950cc71f26f230,train,train,f60be45c3322f0efc64b2089f137727141927ac826976d87ccbce887c4a05737,/content/drive/MyDrive/AISC DeepFake Çalışmaları/FaceForensics_Projesi/fake_frames/train/FaceSwap_839_864/frame_000001.jpg
fake_train_00076.jpg,fake,FaceShifter_946_049,fake_ffpp_pair::049_946,component::0a084181e1dca060,train,val,71b8213f7543b96dc988fd91a859266908dedbd00a0319b3cd8f92c8ddbf04ea,/content/drive/MyDrive/AISC DeepFake Çalışmaları/FaceForensics_Projesi/fake_frames/train/FaceShifter_946_049/frame_000007.jpg
fake_train_00077.jpg,fake,Face2Face_070_057,fake_ffpp_pair::057_070,component::7a81ac2c3753f670,train,train,261e66529c98c20fc2d9ab25c87a0d4801ae701d27ed3a7f8f02287f7b44fcd3,/content/drive/MyDrive/AISC DeepFake Çalışmaları/FaceForensics_Projesi/fake_frames/train/Face2Face_070_057/frame_000011.jpg
fake_train_00078.jpg,fake,Face2Face_071_054,fake_ffpp_pair::054_071,component::36252b96a565c903,train,train,4417f269139b13cd2d362280c4be3c8203584fecda5cfd2f3e6c0cf69b4fc454,/content/drive/MyDrive/AISC DeepFake Çalışmaları/FaceForensics_Projesi/fake_frames/train/Face2Face_071_054/frame_000008.jpg
fake_train_00079.jpg,fake,FaceShifter_331_260,fake_ffpp_pair::260_331,component::46f01671ea0702cd,train,train,e785050d506d82922953494e5c3b8916446f6ba486460683d92ee45853f9eb13,/content/drive/MyDrive/AISC DeepFake Çalışmaları/FaceForensics_Projesi/fake_frames/train/FaceShifter_331_260/frame_000023.jpg
fake_train_00082.jpg,fake,FaceSwap_589_565,fake_ffpp_pair::565_589,component::2bcdf46127ccecb4,train,val,25cf73c72e919538f3c0594b4c1c4f08ef20f66b43e765e9adf0bd7750fc38d1,/content/drive/MyDrive/AISC DeepFake Çalışmaları/FaceForensics_Projesi/fake_frames/train/FaceSwap_589_565/frame_000015.jpg
fake_train_00083.jpg,fake,NeuralTextures_878_866,fake_ffpp_pair::866_878,component::5c0ef711d173e411,train,val,76264df19091bd3b3ced1a84b3b0b646080c8581f8edb5e7ee9efcef40ec6adb,/content/drive/MyDrive/AISC DeepFake Çalışmaları/FaceForensics_Projesi/fake_frames/train/NeuralTextures_878_866/frame_000024.jpg
fake_train_00088.jpg,fake,Deepfakes_733_935,fake_ffpp_pair::733_935,component::b62a435be9451794,train,train,7b03d75654b8fe857b891aad856a417d4adec931d6f55da3a2fbcf18058e4833,/content/drive/MyDrive/AISC DeepFake Çalışmaları/FaceForensics_Projesi/fake_frames/train/Deepfakes_733_935/frame_000010.jpg
fake_train_00090.jpg,fake,Deepfakes_446_667,fake_ffpp_pair::446_667,component::1ef5e8849d63adac,train,train,1700c5b7960e0e86ec87356c827f46d3d76fdda22087a99c61aba3c03351c237,/content/drive/MyDrive/AISC DeepFake Çalışmaları/FaceForensics_Projesi/fake_frames/train/Deepfakes_446_667/frame_000022.jpg
fake_train_00091.jpg,fake,FaceShifter_670_661,fake_ffpp_pair::661_670,component::3bc5938706496177,train,train,40754999011bcf9e316189ee2f10f48fbcd6a168f68b5d4ef0a3929e72e87580,/content/drive/MyDrive/AISC DeepFake Çalışmaları/FaceForensics_Projesi/fake_frames/train/FaceShifter_670_661/frame_000016.jpg
fake_train_00092.jpg,fake,Face2Face_257_420,fake_ffpp_pair::257_420,component::5d4688a3b4ff0277,train,train,21c353d1734c0fae1247b4c4c1bdd49740f656c1717ac8689f02b0469266b4ff,/content/drive/MyDrive/AISC DeepFake Çalışmaları/FaceForensics_Projesi/fake_frames/train/Face2Face_257_420/frame_000032.jpg
fake_train_00093.jpg,fake,FaceShifter_110_043,fake_ffpp_pair::043_110,component::b3088983887eab7f,train,train,da5386c769ea0b64d8911f9b3ddcb41069ba838f257d22c199518c112f033f51,/content/drive/MyDrive/AISC DeepFake Çalışmaları/FaceForensics_Projesi/fake_frames/train/FaceShifter_110_043/frame_000008.jpg
fake_train_00094.jpg,fake,Face2Face_149_152,fake_ffpp_pair::149_152,component::c35422ca01c79638,train,train,fc707d5a7e7652a656724715e5afce87e8c271ee4e6140efcbdf9392615876cd,/content/drive/MyDrive/AISC DeepFake Çalışmaları/FaceForensics_Projesi/fake_frames/train/Face2Face_149_152/frame_000002.jpg
fake_train_00098.jpg,fake,FaceShifter_531_549,fake_ffpp_pair::531_549,component::93f178b292bcc70b,train,train,f52292502fcdc79789033286607340de03a1a0e229e3b0d4fe6250562b411cde,/content/drive/MyDrive/AISC DeepFake Çalışmaları/FaceForensics_Projesi/fake_frames/train/FaceShifter_531_549/frame_000006.jpg
fake_train_00100.jpg,fake,Face2Face_180_105,fake_ffpp_pair::105_180,component::6bb7e3c20e1778db,train,train,acf462bb85ab839f06a6e8426f20708cd30df08ba9fb830383507b6b7e15a030,/content/drive/MyDrive/AISC DeepFake Çalışmaları/FaceForensics_Projesi/fake_frames/train/Face2Face_180_105/frame_000004.jpg
fake_train_00101.jpg,fake,Face2Face_539_499,fake_ffpp_pair::499_539,component::b4d93c5be73dd537,train,train,ce272af03746dc1876fbb029e68ec048178bc55bf8a72a0f2cc491889d03d8ea,/content/drive/MyDrive/AISC DeepFake Çalışmaları/FaceForensics_Projesi/fake_frames/train/Face2Face_539_499/frame_000004.jpg
fake_train_00102.jpg,fake,Face2Face_907_795,fake_ffpp_pair::795_907,component::50b25210f5b46956,train,test,564ed9caaadd242729d41cc5e499f1578b086e251cfd5f1654d6a8a4da7046de,/content/drive/MyDrive/AISC DeepFake Çalışmaları/FaceForensics_Projesi/fake_frames/train/Face2Face_907_795/frame_000020.jpg
fake_train_00103.jpg,fake,NeuralTextures_056_996,fake_ffpp_pair::056_996,component::722a51662d6efe6c,train,train,55653e111cbea511b6b4e9f704643a83c226bb3314416623339edb82f953ac05,/content/drive/MyDrive/AISC DeepFake Çalışmaları/FaceForensics_Projesi/fake_frames/train/NeuralTextures_056_996/frame_000012.jpg
fake_train_00104.jpg,fake,Deepfakes_763_930,fake_ffpp_pair::763_930,component::c64bba4fd7debd68,train,train,0bbc5283679827b74bc7dbd68387ce4127786d8290323eea1a731dc85591f45d,/content/drive/MyDrive/AISC DeepFake Çalışmaları/FaceForensics_Projesi/fake_frames/train/Deepfakes_763_930/frame_000027.jpg
fake_train_00105.jpg,fake,Face2Face_869_780,fake_ffpp_pair::780_869,component::846e07a8d0258c3b,train,val,07f1ea20489634dfeda354754f64726fb24f2e4aef6f9f3c443570aac8abaa0a,/content/drive/MyDrive/AISC DeepFake Çalışmaları/FaceForensics_Projesi/fake_frames/train/Face2Face_869_780/frame_000006.jpg
fake_train_00108.jpg,fake,DeepFakeDetection_03_26__kitchen_still__WBSXBL82,fake_dfd_pair::03_26,component::0a384b90cb61d05c,train,train,e0ffd60f5c26a70f5a93dc337ba7602d8596207f4a75c2ecc7cd8383bc35b5ec,/content/drive/MyDrive/AISC DeepFake Çalışmaları/FaceForensics_Projesi/fake_frames/train/DeepFakeDetection_03_26__kitchen_still__WBSXBL82/frame_000003.jpg
fake_train_00111.jpg,fake,FaceShifter_168_222,fake_ffpp_pair::168_222,component::d7783c8e159b2d7d,train,train,62cc5ddcea45136982ff8eeea58ff946bbe7865615520804a19802a3624b998f,/content/drive/MyDrive/AISC DeepFake Çalışmaları/FaceForensics_Projesi/fake_frames/train/FaceShifter_168_222/frame_000021.jpg
fake_train_00112.jpg,fake,FaceShifter_089_065,fake_ffpp_pair::065_089,component::95fcfdf4252a6ddc,train,val,1a7ff6489974d493186ef2551b1cc769357b455157f43675260d680844563ffa,/content/drive/MyDrive/AISC DeepFake Çalışmaları/FaceForensics_Projesi/fake_frames/train/FaceShifter_089_065/frame_000006.jpg
fake_train_00113.jpg,fake,Deepfakes_103_082,fake_ffpp_pair::082_103,component::5e3c77fcab580c12,train,train,0e9597666ed2e3eaaff91124c03db646dea90ae13bdcfca23569f65691854ab1,/content/drive/MyDrive/AISC DeepFake Çalışmaları/FaceForensics_Projesi/fake_frames/train/Deepfakes_103_082/frame_000010.jpg
fake_train_00114.jpg,fake,Face2Face_422_695,fake_ffpp_pair::422_695,component::58c69aefa004401c,train,val,02bec12129dca882bb2d1a8524b13986f35f2f20c24f6d30a7119fe2d24a407c,/content/drive/MyDrive/AISC DeepFake Çalışmaları/FaceForensics_Projesi/fake_frames/train/Face2Face_422_695/frame_000011.jpg
fake_train_00115.jpg,fake,Face2Face_413_372,fake_ffpp_pair::372_413,component::fc66e917925e3705,train,train,8f5acf0bfe660dbef4372a2d5bb4a722f18757877754dd290d3b510645a7af93,/content/drive/MyDrive/AISC DeepFake Çalışmaları/FaceForensics_Projesi/fake_frames/train/Face2Face_413_372/frame_000024.jpg
fake_train_00117.jpg,fake,Face2Face_841_639,fake_ffpp_pair::639_841,component::1a728042e83b63de,train,train,1ec19430f0ad88ca09b667f0171093c29dd02f4ea3ea3a5834d8ef24d2a94281,/content/drive/MyDrive/AISC DeepFake Çalışmaları/FaceForensics_Projesi/fake_frames/train/Face2Face_841_639/frame_000018.jpg
fake_train_00118.jpg,fake,NeuralTextures_872_873,fake_ffpp_pair::872_873,component::5344c332784ae2db,train,val,f28427758cc7fe3b365e07d64ed9ffcc7b7fcb3236fa53e0d0c0bae8abaa4e05,/content/drive/MyDrive/AISC DeepFake Çalışmaları/FaceForensics_Projesi/fake_frames/train/NeuralTextures_872_873/frame_000001.jpg
fake_train_00120.jpg,fake,Deepfakes_411_410,fake_ffpp_pair::410_411,component::a9ac50310d45a1e8,train,val,3485f107bbdcf85fa2e24cb5a1a0cbd6de2e04297521bf30a2872846d59d4533,/content/drive/MyDrive/AISC DeepFake Çalışmaları/FaceForensics_Projesi/fake_frames/train/Deepfakes_411_410/frame_000018.jpg
fake_train_00122.jpg,fake,NeuralTextures_589_565,fake_ffpp_pair::565_589,component::2bcdf46127ccecb4,train,val,abb628640632ca1d053152bec78e6330e44aa84b0e31ef545eea2ea7c581ec3e,/content/drive/MyDrive/AISC DeepFake Çalışmaları/FaceForensics_Projesi/fake_frames/train/NeuralTextures_589_565/frame_000013.jpg
fake_train_00124.jpg,fake,FaceSwap_476_400,fake_ffpp_pair::400_476,component::2051d89b911a005c,train,train,3c96f3805f3ef913e5c72a80a942768889f8a24a3f697c53d71ff1ff5a518957,/content/drive/MyDrive/AISC DeepFake Çalışmaları/FaceForensics_Projesi/fake_frames/train/FaceSwap_476_400/frame_000011.jpg
fake_train_00125.jpg,fake,DeepFakeDetection_27_02__talking_angry_couch__FV8M8O2C,fake_dfd_pair::02_27,component::89c369b9b5c7c62d,train,train,3bb624277a2677bce4a5e035cc7faa7bc9267ce6f992ece09100ab1b15712c7e,/content/drive/MyDrive/AISC DeepFake Çalışmaları/FaceForensics_Projesi/fake_frames/train/DeepFakeDetection_27_02__talking_angry_couch__FV8M8O2C/frame_000015.jpg
fake_train_00126.jpg,fake,Deepfakes_373_394,fake_ffpp_pair::373_394,component::d8287fe6222c4c96,train,val,c5902ae8ea24cda233bfa3e883d91992cb81067006fffbce53670017a20b520d,/content/drive/MyDrive/AISC DeepFake Çalışmaları/FaceForensics_Projesi/fake_frames/train/Deepfakes_373_394/frame_000003.jpg
fake_train_00127.jpg,fake,FaceSwap_588_556,fake_ffpp_pair::556_588,component::9ac167c6c54c1575,train,train,7a75ff1c9ac5a0475f3ce42348cdc4310ad5659325fa527717a0b6be6a5ae312,/content/drive/MyDrive/AISC DeepFake Çalışmaları/FaceForensics_Projesi/fake_frames/train/FaceSwap_588_556/frame_000020.jpg
fake_train_00128.jpg,fake,Face2Face_126_104,fake_ffpp_pair::104_126,component::3cc81ecfe167ec47,train,train,eb1d635d52f58e16ee16c40d3f6ac2217d84917a876176139adf9e02fe184598,/content/drive/MyDrive/AISC DeepFake Çalışmaları/FaceForensics_Projesi/fake_frames/train/Face2Face_126_104/frame_000014.jpg
fake_train_00131.jpg,fake,Deepfakes_883_013,fake_ffpp_pair::013_883,component::9605a885a0643565,train,train,ce494b50c84ff064c4747bc69c82a382982fa9c11497e9c4f8cbe15eb1cd9435,/content/drive/MyDrive/AISC DeepFake Çalışmaları/FaceForensics_Projesi/fake_frames/train/Deepfakes_883_013/frame_000005.jpg
fake_train_00133.jpg,fake,FaceSwap_536_540,fake_ffpp_pair::536_540,component::e59a729e3f45d6ac,train,train,e7b29bf935eb7015bbf7cb1a01c9c83009a8b8bbf1dc349fb076848e7227e4a1,/content/drive/MyDrive/AISC DeepFake Çalışmaları/FaceForensics_Projesi/fake_frames/train/FaceSwap_536_540/frame_000004.jpg
fake_train_00134.jpg,fake,FaceShifter_267_286,fake_ffpp_pair::267_286,component::3ba2f5eae0cfc825,train,train,3aa71edba587a49fe54e7d7a3ac6c88b8aa0e450e3312a8fb58ebb39b943b3c2,/content/drive/MyDrive/AISC DeepFake Çalışmaları/FaceForensics_Projesi/fake_frames/train/FaceShifter_267_286/frame_000007.jpg
fake_train_00135.jpg,fake,FaceSwap_283_313,fake_ffpp_pair::283_313,component::91f8fa6ba4eea2ab,train,train,d517a15a3d91183534a8bf08d14994eb604bb4f952cd6d3f3bfaf64da5fc3b34,/content/drive/MyDrive/AISC DeepFake Çalışmaları/FaceForensics_Projesi/fake_frames/train/FaceSwap_283_313/frame_000004.jpg
fake_train_00136.jpg,fake,Deepfakes_129_127,fake_ffpp_pair::127_129,component::242128c37758494e,train,train,d334de30b7626ebc0c7b4cc298596a15e6c6e14cfaf0739ecf82753dbc3249ac,/content/drive/MyDrive/AISC DeepFake Çalışmaları/FaceForensics_Projesi/fake_frames/train/Deepfakes_129_127/frame_000012.jpg
fake_train_00138.jpg,fake,Face2Face_169_227,fake_ffpp_pair::169_227,component::626ae6087e0af342,train,train,bf1e60544de9757880e8409a992ed19c1e8d5269bb95f1c453b904d00290bc7c,/content/drive/MyDrive/AISC DeepFake Çalışmaları/FaceForensics_Projesi/fake_frames/train/Face2Face_169_227/frame_000018.jpg
fake_train_00139.jpg,fake,FaceShifter_665_679,fake_ffpp_pair::665_679,component::8c712da86f12e1ef,train,train,3c7de399f49cb965c956ff322314628bf584635ecc6c8c381ca804f4f55779bc,/content/drive/MyDrive/AISC DeepFake Çalışmaları/FaceForensics_Projesi/fake_frames/train/FaceShifter_665_679/frame_000008.jpg
fake_train_00140.jpg,fake,NeuralTextures_475_265,fake_ffpp_pair::265_475,component::6a7d1d38c580d2db,train,train,dd22327cf82fa92e4c385580691b64f68c706c3938304d6196629aa1f5285aa6,/content/drive/MyDrive/AISC DeepFake Çalışmaları/FaceForensics_Projesi/fake_frames/train/NeuralTextures_475_265/frame_000000.jpg
fake_train_00142.jpg,fake,NeuralTextures_408_424,fake_ffpp_pair::408_424,component::2e6e90348e16eafc,train,test,10405a61d2071c1ad0c550d7a45c80c91de1612d8f086f81a19a15ab05e11fd4,/content/drive/MyDrive/AISC DeepFake Çalışmaları/FaceForensics_Projesi/fake_frames/train/NeuralTextures_408_424/frame_000008.jpg
fake_train_00143.jpg,fake,Deepfakes_735_774,fake_ffpp_pair::735_774,component::139a443959f2dceb,train,train,ef995599dbf95559b0e68ccdcb8a698890b8f32bde1a147f5b77df201dbeb615,/content/drive/MyDrive/AISC DeepFake Çalışmaları/FaceForensics_Projesi/fake_frames/train/Deepfakes_735_774/frame_000010.jpg
fake_train_00144.jpg,fake,Face2Face_436_526,fake_ffpp_pair::436_526,component::cf35e706388abc9e,train,val,1cae38ca0b4bb0185901cc51a2ffb18e76fe3940fe5218983ed3f30854916cfd,/content/drive/MyDrive/AISC DeepFake Çalışmaları/FaceForensics_Projesi/fake_frames/train/Face2Face_436_526/frame_000004.jpg
fake_train_00147.jpg,fake,NeuralTextures_688_645,fake_ffpp_pair::645_688,component::f9b3c06d7412b8be,train,train,94834a667572d9bfe5ec4ed2d9f9a0e1647a186b70ec72a596b2ed0b20b9ff53,/content/drive/MyDrive/AISC DeepFake Çalışmaları/FaceForensics_Projesi/fake_frames/train/NeuralTextures_688_645/frame_000005.jpg
fake_train_00148.jpg,fake,Deepfakes_611_760,fake_ffpp_pair::611_760,component::c6557353031614be,train,train,387d4683132354647e0924729aaf4b119584cd40df7cef12354f2bc84256f023,/content/drive/MyDrive/AISC DeepFake Çalışmaları/FaceForensics_Projesi/fake_frames/train/Deepfakes_611_760/frame_000024.jpg
fake_train_00150.jpg,fake,Deepfakes_214_255,fake_ffpp_pair::214_255,component::e83a28dae780effa,train,train,3353bcfd937d86c8bb5de9eb9295baf44f55366cde289913d499635beb2e7598,/content/drive/MyDrive/AISC DeepFake Çalışmaları/FaceForensics_Projesi/fake_frames/train/Deepfakes_214_255/frame_000000.jpg
fake_train_00151.jpg,fake,FaceShifter_378_368,fake_ffpp_pair::368_378,component::b2b30aedceceb9ee,train,test,5df2f4f09f4bfd4fd741de5027635929c79adaf62f7c686107331a9beab57660,/content/drive/MyDrive/AISC DeepFake Çalışmaları/FaceForensics_Projesi/fake_frames/train/FaceShifter_378_368/frame_000026.jpg
fake_train_00154.jpg,fake,DeepFakeDetection_23_22__walking_and_outside_surprised__J671JKCH,fake_dfd_pair::22_23,component::cc9ee42ad26037ee,train,train,06cd78d53aa0be297e248617669bffb4753bc79d7d856a348216e71fdcb83bc2,/content/drive/MyDrive/AISC DeepFake Çalışmaları/FaceForensics_Projesi/fake_frames/train/DeepFakeDetection_23_22__walking_and_outside_surprised__J671JKCH/frame_000039.jpg
fake_train_00155.jpg,fake,FaceSwap_285_136,fake_ffpp_pair::136_285,component::2bb072f07667fb06,train,train,2d3f092b2826ba03ef59ab28d46d6c2ee71c379e4e3ad99abe71e28cb7f22b51,/content/drive/MyDrive/AISC DeepFake Çalışmaları/FaceForensics_Projesi/fake_frames/train/FaceSwap_285_136/frame_000014.jpg
fake_train_00160.jpg,fake,FaceShifter_462_467,fake_ffpp_pair::462_467,component::b9f85efc521f81c1,train,train,4431c7c94e393dcabd920332a811ba91f5d37b9aff17986341debf139a8273aa,/content/drive/MyDrive/AISC DeepFake Çalışmaları/FaceForensics_Projesi/fake_frames/train/FaceShifter_462_467/frame_000004.jpg
fake_train_00162.jpg,fake,Deepfakes_874_291,fake_ffpp_pair::291_874,component::ec7e8d7ea94e2257,train,test,bdf9831b4d1fa50004bdcc9905df95813a40358b8d4d5ad6351a44d3392f43c6,/content/drive/MyDrive/AISC DeepFake Çalışmaları/FaceForensics_Projesi/fake_frames/train/Deepfakes_874_291/frame_000010.jpg
fake_train_00163.jpg,fake,Deepfakes_035_036,fake_ffpp_pair::035_036,component::2871c87bdf021ea3,train,train,7cbaf2f9ff185e5e36a8c43b64d5456a4ee226e4297c94a628eb610fe22f7349,/content/drive/MyDrive/AISC DeepFake Çalışmaları/FaceForensics_Projesi/fake_frames/train/Deepfakes_035_036/frame_000010.jpg
fake_train_00164.jpg,fake,FaceSwap_417_496,fake_ffpp_pair::417_496,component::719c3af7579f6e40,train,val,cd92a01ad23cc8eeca9cfd0bcde13f5a07890e3a93a326f876557efaa2b89317,/content/drive/MyDrive/AISC DeepFake Çalışmaları/FaceForensics_Projesi/fake_frames/train/FaceSwap_417_496/frame_000010.jpg
fake_train_00165.jpg,fake,Face2Face_699_734,fake_ffpp_pair::699_734,component::3874bba9aace2a83,train,train,1e3f658340533dad004388f8afbb7ec1464aa1347023d4652a5dd905d446d95d,/content/drive/MyDrive/AISC DeepFake Çalışmaları/FaceForensics_Projesi/fake_frames/train/Face2Face_699_734/frame_000037.jpg
fake_train_00169.jpg,fake,NeuralTextures_645_688,fake_ffpp_pair::645_688,component::f9b3c06d7412b8be,train,train,bcbab1ba6348418289a9a6e336b37ce257be04707fd25fa0387fc03b75eb62c8,/content/drive/MyDrive/AISC DeepFake Çalışmaları/FaceForensics_Projesi/fake_frames/train/NeuralTextures_645_688/frame_000012.jpg
fake_train_00170.jpg,fake,Deepfakes_134_192,fake_ffpp_pair::134_192,component::65a9e1d231f1e452,train,train,d809e4741b941bf22f38ebce417f5659b7af54ddd527770f06f13044f6ea6c9f,/content/drive/MyDrive/AISC DeepFake Çalışmaları/FaceForensics_Projesi/fake_frames/train/Deepfakes_134_192/frame_000008.jpg
fake_train_00172.jpg,fake,FaceSwap_450_533,fake_ffpp_pair::450_533,component::3798372663f668e0,train,train,1aa5a88b40cd2abb415ed7a2379e9c01c56b2c2005dd957a1474e358764f24a1,/content/drive/MyDrive/AISC DeepFake Çalışmaları/FaceForensics_Projesi/fake_frames/train/FaceSwap_450_533/frame_000024.jpg
fake_train_00173.jpg,fake,Deepfakes_404_429,fake_ffpp_pair::404_429,component::714fc8f92790cff7,train,train,bd6004f46e2a47fc5494a191dedea2d9543d19aa68c4210bc9d8f1093ef80e66,/content/drive/MyDrive/AISC DeepFake Çalışmaları/FaceForensics_Projesi/fake_frames/train/Deepfakes_404_429/frame_000035.jpg
fake_train_00174.jpg,fake,Face2Face_669_682,fake_ffpp_pair::669_682,component::37573e4c06c11c4a,train,train,b25a965a5485926f306a833f453a751e423606f41b3f95abae155c449c3135a6,/content/drive/MyDrive/AISC DeepFake Çalışmaları/FaceForensics_Projesi/fake_frames/train/Face2Face_669_682/frame_000015.jpg
fake_train_00176.jpg,fake,FaceSwap_087_081,fake_ffpp_pair::081_087,component::abd626134336522b,train,train,d3daf57bac5b1c4dbf95f22bb80b5f17308d58e663fa03db08059b5c2b403d11,/content/drive/MyDrive/AISC DeepFake Çalışmaları/FaceForensics_Projesi/fake_frames/train/FaceSwap_087_081/frame_000003.jpg
fake_train_00177.jpg,fake,Face2Face_399_488,fake_ffpp_pair::399_488,component::7915eb154055d189,train,train,bf66e326a2cedc1e111ab5f9f279d5b400dd6e5d834e0fb0baa80ddfb519f906,/content/drive/MyDrive/AISC DeepFake Çalışmaları/FaceForensics_Projesi/fake_frames/train/Face2Face_399_488/frame_000022.jpg
fake_train_00179.jpg,fake,NeuralTextures_329_327,fake_ffpp_pair::327_329,component::76184328efe0a665,train,train,12d2bbdf72495c655cfbfee1da2c030dc8022ba0e0a04762e94d716e81a2972d,/content/drive/MyDrive/AISC DeepFake Çalışmaları/FaceForensics_Projesi/fake_frames/train/NeuralTextures_329_327/frame_000008.jpg
fake_train_00180.jpg,fake,Face2Face_231_663,fake_ffpp_pair::231_663,component::d27c0440a0e2937f,train,train,f673236d40fb5bb43015a781b35d7c72b3bb3b112be955d6b1f47926d04d51a9,/content/drive/MyDrive/AISC DeepFake Çalışmaları/FaceForensics_Projesi/fake_frames/train/Face2Face_231_663/frame_000013.jpg
fake_train_00181.jpg,fake,NeuralTextures_438_434,fake_ffpp_pair::434_438,component::159bb59e7e4967a7,train,train,78f120ff9ff3b3ee6cb75f54690b8d1b448713ab4dec8f3f7abe275814e3fc7a,/content/drive/MyDrive/AISC DeepFake Çalışmaları/FaceForensics_Projesi/fake_frames/train/NeuralTextures_438_434/frame_000014.jpg
fake_train_00183.jpg,fake,Deepfakes_608_675,fake_ffpp_pair::608_675,component::2e5611293ca5e378,train,train,7d44c752284586bc3cf6d104901a8c26aa9f9020afdba981316800f9ba4a20bf,/content/drive/MyDrive/AISC DeepFake Çalışmaları/FaceForensics_Projesi/fake_frames/train/Deepfakes_608_675/frame_000060.jpg
fake_train_00185.jpg,fake,FaceSwap_913_893,fake_ffpp_pair::893_913,component::232af30fe8bb2124,train,test,d79cbb0f00c82c8837ba62077abdb606066d0d65955bf459b60bc55911c480bf,/content/drive/MyDrive/AISC DeepFake Çalışmaları/FaceForensics_Projesi/fake_frames/train/FaceSwap_913_893/frame_000012.jpg
fake_train_00186.jpg,fake,Deepfakes_512_495,fake_ffpp_pair::495_512,component::50d0b100a93d2815,train,train,adeeca506a28fc35ef1fd35e9807493735635edc5f84c7c9a327971b04930a40,/content/drive/MyDrive/AISC DeepFake Çalışmaları/FaceForensics_Projesi/fake_frames/train/Deepfakes_512_495/frame_000026.jpg
fake_train_00189.jpg,fake,FaceSwap_390_709,fake_ffpp_pair::390_709,component::a4f580e09bfd2c46,train,train,462f8db2c5be946a20f2fdd2e17bd5af944ed6757072f9fd8e571a4f4c971f36,/content/drive/MyDrive/AISC DeepFake Çalışmaları/FaceForensics_Projesi/fake_frames/train/FaceSwap_390_709/frame_000001.jpg
fake_train_00191.jpg,fake,FaceShifter_384_932,fake_ffpp_pair::384_932,component::40668490916e2154,train,train,2ff6cd4f3186d444ca0a58d32e6b59694fb46b9a7ff2e9ef492eb1f5eaf68b89,/content/drive/MyDrive/AISC DeepFake Çalışmaları/FaceForensics_Projesi/fake_frames/train/FaceShifter_384_932/frame_000022.jpg
fake_train_00192.jpg,fake,FaceSwap_827_817,fake_ffpp_pair::817_827,component::2cc161671c8f2c5f,train,train,42a5221f7ac2ad734b30b328af2eb5ee9096cf270906cc6bace1b861eface5ee,/content/drive/MyDrive/AISC DeepFake Çalışmaları/FaceForensics_Projesi/fake_frames/train/FaceSwap_827_817/frame_000012.jpg
fake_train_00195.jpg,fake,Deepfakes_211_177,fake_ffpp_pair::177_211,component::910230fe4dbfaeaf,train,train,7f0ec339b220e95383f7070acf0a63c4a92fe75cc5282c0ab01640fe1e1d10af,/content/drive/MyDrive/AISC DeepFake Çalışmaları/FaceForensics_Projesi/fake_frames/train/Deepfakes_211_177/frame_000009.jpg
fake_train_00197.jpg,fake,FaceShifter_898_922,fake_ffpp_pair::898_922,component::0b8d633ac84f6f42,train,val,481701150ba8fb0d62493aa74388a41c5b43b3e0a1d3e0a8ba02c49bea19bd1f,/content/drive/MyDrive/AISC DeepFake Çalışmaları/FaceForensics_Projesi/fake_frames/train/FaceShifter_898_922/frame_000010.jpg
fake_train_00198.jpg,fake,NeuralTextures_764_850,fake_ffpp_pair::764_850,component::7345116823b38131,train,train,ff28f6697501ef36dd69deaec7e4be7de5c58de53131aa386a33a8827834b0b1,/content/drive/MyDrive/AISC DeepFake Çalışmaları/FaceForensics_Projesi/fake_frames/train/NeuralTextures_764_850/frame_000004.jpg
fake_train_00201.jpg,fake,FaceShifter_101_096,fake_ffpp_pair::096_101,component::470b60664fd9eed7,train,train,58c29183552a7e95242339ae101a0378bd901acd39a151cc97af36b964254eb3,/content/drive/MyDrive/AISC DeepFake Çalışmaları/FaceForensics_Projesi/fake_frames/train/FaceShifter_101_096/frame_000036.jpg
fake_train_00202.jpg,fake,DeepFakeDetection_23_19__hugging_happy__H4SUVFTL,fake_dfd_pair::19_23,component::7a200ffc68deca68,train,train,0c05ac9ceabfc05997a0a5f8b6fc481ddced3897887ff23908e736b482b13d44,/content/drive/MyDrive/AISC DeepFake Çalışmaları/FaceForensics_Projesi/fake_frames/train/DeepFakeDetection_23_19__hugging_happy__H4SUVFTL/frame_000036.jpg
fake_train_00203.jpg,fake,FaceShifter_962_929,fake_ffpp_pair::929_962,component::f450ca08cee4fdc2,train,test,26d3c31240d6e3193a631b43cad8982a99a9234f0fb0b09be8aa997289a90930,/content/drive/MyDrive/AISC DeepFake Çalışmaları/FaceForensics_Projesi/fake_frames/train/FaceShifter_962_929/frame_000007.jpg
fake_train_00204.jpg,fake,Deepfakes_042_084,fake_ffpp_pair::042_084,component::fca112bba42abf93,train,train,7de874799c71a32abe2f919ed6e1c22d517fae357b63dbb6464fd5fd18b01ed1,/content/drive/MyDrive/AISC DeepFake Çalışmaları/FaceForensics_Projesi/fake_frames/train/Deepfakes_042_084/frame_000013.jpg
fake_train_00206.jpg,fake,Deepfakes_793_768,fake_ffpp_pair::768_793,component::a67b60245b8e7ea5,train,train,4b341b64b833fab2270366f26a16278cad347df80c25d8d07dc0f68202d0285b,/content/drive/MyDrive/AISC DeepFake Çalışmaları/FaceForensics_Projesi/fake_frames/train/Deepfakes_793_768/frame_000008.jpg
fake_train_00207.jpg,fake,FaceShifter_181_199,fake_ffpp_pair::181_199,component::5a91e570840e4c17,train,train,4fbefc8734bec170dc529125686c624878ec59027e2effd97681518cc90fd217,/content/drive/MyDrive/AISC DeepFake Çalışmaları/FaceForensics_Projesi/fake_frames/train/FaceShifter_181_199/frame_000000.jpg
fake_train_00209.jpg,fake,DeepFakeDetection_14_13__kitchen_still__KMQ3AW6A,fake_dfd_pair::13_14,component::f00c7b69232a8eba,train,train,96c4d7c7cbd55f7e696d1f0c202502e75fef80a16780ee06b49fd93b7c46c8ca,/content/drive/MyDrive/AISC DeepFake Çalışmaları/FaceForensics_Projesi/fake_frames/train/DeepFakeDetection_14_13__kitchen_still__KMQ3AW6A/frame_000007.jpg
fake_train_00211.jpg,fake,FaceSwap_665_679,fake_ffpp_pair::665_679,component::8c712da86f12e1ef,train,train,5ab0420d294e4150d2250ce5eca8a067c72e5853335a8819a305ad30b11d1a9e,/content/drive/MyDrive/AISC DeepFake Çalışmaları/FaceForensics_Projesi/fake_frames/train/FaceSwap_665_679/frame_000013.jpg
fake_train_00212.jpg,fake,Face2Face_410_411,fake_ffpp_pair::410_411,component::a9ac50310d45a1e8,train,val,5862b2cbb52d635e386cc421a0df7ea2e824577c7f799f497bab84ef18ae63ba,/content/drive/MyDrive/AISC DeepFake Çalışmaları/FaceForensics_Projesi/fake_frames/train/Face2Face_410_411/frame_000012.jpg
fake_train_00213.jpg,fake,Face2Face_094_111,fake_ffpp_pair::094_111,component::7d57565ae567e4f0,train,train,7322c508f4c8eafa1945a89bef331938e5db76eca81252be11e3970816f38a88,/content/drive/MyDrive/AISC DeepFake Çalışmaları/FaceForensics_Projesi/fake_frames/train/Face2Face_094_111/frame_000011.jpg
fake_train_00215.jpg,fake,DeepFakeDetection_18_04__talking_against_wall__6J3ZFEJQ,fake_dfd_pair::04_18,component::6ae3bf8198715059,train,train,028f860bf388f27724c693f19a46b244196fac3215105e6a180bfeb023b7ed92,/content/drive/MyDrive/AISC DeepFake Çalışmaları/FaceForensics_Projesi/fake_frames/train/DeepFakeDetection_18_04__talking_against_wall__6J3ZFEJQ/frame_000001.jpg
fake_train_00216.jpg,fake,NeuralTextures_899_914,fake_ffpp_pair::899_914,component::20577b22f6d30a2b,train,train,9b740df81d82aaa8069050bb5e7f02b61123938683486b72710df5e759730301,/content/drive/MyDrive/AISC DeepFake Çalışmaları/FaceForensics_Projesi/fake_frames/train/NeuralTextures_899_914/frame_000005.jpg
fake_train_00218.jpg,fake,FaceSwap_249_280,fake_ffpp_pair::249_280,component::bdf1fca2132c4ee3,train,train,a86cf434bb0c5d24319c9d13744b06c1ae23fbb6375ed6d189e4fa7656c901e5,/content/drive/MyDrive/AISC DeepFake Çalışmaları/FaceForensics_Projesi/fake_frames/train/FaceSwap_249_280/frame_000008.jpg
fake_train_00219.jpg,fake,FaceShifter_005_010,fake_ffpp_pair::005_010,component::d1a916da8b114e30,train,train,265b840bcdd71898246491a44d7a094aa370f83b07935ce7e22ca1caf0f58d1d,/content/drive/MyDrive/AISC DeepFake Çalışmaları/FaceForensics_Projesi/fake_frames/train/FaceShifter_005_010/frame_000003.jpg
fake_train_00220.jpg,fake,Deepfakes_367_371,fake_ffpp_pair::367_371,component::e20d17e4f8a23209,train,test,12c87db2cafc4499ef340a961c01765eda4f22f6bea0170d7fefdf7b81439134,/content/drive/MyDrive/AISC DeepFake Çalışmaları/FaceForensics_Projesi/fake_frames/train/Deepfakes_367_371/frame_000028.jpg
fake_train_00222.jpg,fake,NeuralTextures_913_893,fake_ffpp_pair::893_913,component::232af30fe8bb2124,train,test,83818df7d5201b584fa2abf1747433abe1bbfc976bf1526dac35f2667008abeb,/content/drive/MyDrive/AISC DeepFake Çalışmaları/FaceForensics_Projesi/fake_frames/train/NeuralTextures_913_893/frame_000018.jpg
fake_train_00224.jpg,fake,Face2Face_028_068,fake_ffpp_pair::028_068,component::d21c346760de8c60,train,test,7188b8f963ca920cf0a3e48a97bec2097d8c8e4d754183ee7d6e39b93f317f2a,/content/drive/MyDrive/AISC DeepFake Çalışmaları/FaceForensics_Projesi/fake_frames/train/Face2Face_028_068/frame_000013.jpg
fake_train_00225.jpg,fake,NeuralTextures_394_373,fake_ffpp_pair::373_394,component::d8287fe6222c4c96,train,val,06ef180e1c8c634f5a0270a59113459a7fb0d150d6bfb56ceedd251b3c3b0661,/content/drive/MyDrive/AISC DeepFake Çalışmaları/FaceForensics_Projesi/fake_frames/train/NeuralTextures_394_373/frame_000021.jpg
fake_train_00227.jpg,fake,NeuralTextures_321_288,fake_ffpp_pair::288_321,component::9deaf45d764e9eb5,train,train,3704e3d80ea89b56fd5862cd75e6bdc12d2ab75bd2909604a2fd1fdc4b5ff1d6,/content/drive/MyDrive/AISC DeepFake Çalışmaları/FaceForensics_Projesi/fake_frames/train/NeuralTextures_321_288/frame_000002.jpg
fake_train_00228.jpg,fake,NeuralTextures_836_950,fake_ffpp_pair::836_950,component::ee78d7fa4f0766ad,train,train,8e0e287d92dd6b97b642336e8f893d00e2f0b75a5757c0de76e1572644728bc9,/content/drive/MyDrive/AISC DeepFake Çalışmaları/FaceForensics_Projesi/fake_frames/train/NeuralTextures_836_950/frame_000015.jpg
fake_train_00229.jpg,fake,FaceSwap_121_093,fake_ffpp_pair::093_121,component::7f835b216914e020,train,train,5b082657375db1290c258185da63c3fc2d795bea1591d884fffba2840d4b8529,/content/drive/MyDrive/AISC DeepFake Çalışmaları/FaceForensics_Projesi/fake_frames/train/FaceSwap_121_093/frame_000008.jpg
fake_train_00231.jpg,fake,NeuralTextures_841_639,fake_ffpp_pair::639_841,component::1a728042e83b63de,train,train,2c20618aa6275090541f8fae3dd90606358bee1bf46475e1b18c16b606e3557b,/content/drive/MyDrive/AISC DeepFake Çalışmaları/FaceForensics_Projesi/fake_frames/train/NeuralTextures_841_639/frame_000023.jpg
fake_train_00232.jpg,fake,FaceSwap_301_262,fake_ffpp_pair::262_301,component::d72bd9a29055ccf1,train,train,d8dfc4132c13bcb82480d6e80431ad1bfc631dcaec5b3bbd772b6be869252021,/content/drive/MyDrive/AISC DeepFake Çalışmaları/FaceForensics_Projesi/fake_frames/train/FaceSwap_301_262/frame_000018.jpg
fake_train_00233.jpg,fake,Face2Face_699_734,fake_ffpp_pair::699_734,component::3874bba9aace2a83,train,train,ee4695f3a037a370ddfdf380d1e8a62d2a70e524cff525231d68f1a83d73b5ef,/content/drive/MyDrive/AISC DeepFake Çalışmaları/FaceForensics_Projesi/fake_frames/train/Face2Face_699_734/frame_000044.jpg
fake_train_00236.jpg,fake,FaceShifter_083_213,fake_ffpp_pair::083_213,component::5691b84635a8dc64,train,val,67f89265e667319e01b4be449bd3acfcc2720e98c10dbb821ad870916b6bfc8c,/content/drive/MyDrive/AISC DeepFake Çalışmaları/FaceForensics_Projesi/fake_frames/train/FaceShifter_083_213/frame_000019.jpg
fake_train_00237.jpg,fake,FaceSwap_609_596,fake_ffpp_pair::596_609,component::017aed4af192fd4f,train,test,f79a81ac6d9f4a5d9890afd699f1f04876b0a8aa026d1bdfc24ffa64e2dae11f,/content/drive/MyDrive/AISC DeepFake Çalışmaları/FaceForensics_Projesi/fake_frames/train/FaceSwap_609_596/frame_000004.jpg
fake_train_00238.jpg,fake,FaceSwap_148_133,fake_ffpp_pair::133_148,component::a553fd9776583432,train,val,a29f701242bb4d97c0021b06e385bfc4a61614d007465dc102c5d879bbc9bab6,/content/drive/MyDrive/AISC DeepFake Çalışmaları/FaceForensics_Projesi/fake_frames/train/FaceSwap_148_133/frame_000022.jpg
fake_train_00239.jpg,fake,FaceSwap_582_172,fake_ffpp_pair::172_582,component::6ac37252e1492278,train,train,e1eda739bcf07bb8adea7fce21210bb30add0c36119f5870b8d5c33eff283da6,/content/drive/MyDrive/AISC DeepFake Çalışmaları/FaceForensics_Projesi/fake_frames/train/FaceSwap_582_172/frame_000004.jpg
fake_train_00241.jpg,fake,Deepfakes_318_334,fake_ffpp_pair::318_334,component::fb268084be9c6b93,train,train,7b2773c720521cbd1eefe3eb7d564780f437b5c32c69e613ffbf58c32c7de9ec,/content/drive/MyDrive/AISC DeepFake Çalışmaları/FaceForensics_Projesi/fake_frames/train/Deepfakes_318_334/frame_000027.jpg
fake_train_00242.jpg,fake,Deepfakes_878_866,fake_ffpp_pair::866_878,component::5c0ef711d173e411,train,val,73a28f1217fa89625cf59a77dcbcfa9a332f44994298491e6a918b9e33021769,/content/drive/MyDrive/AISC DeepFake Çalışmaları/FaceForensics_Projesi/fake_frames/train/Deepfakes_878_866/frame_000029.jpg
fake_train_00243.jpg,fake,Deepfakes_998_561,fake_ffpp_pair::561_998,component::727bee52df974b33,train,test,8e74777ca26be41db242301d3e20d993b233d669f4b8870a2b65a4a15132f975,/content/drive/MyDrive/AISC DeepFake Çalışmaları/FaceForensics_Projesi/fake_frames/train/Deepfakes_998_561/frame_000015.jpg
fake_train_00244.jpg,fake,NeuralTextures_414_385,fake_ffpp_pair::385_414,component::67bb6ce64c46f9fc,train,train,33afd3c1598a077bc598b5faebdaefbbdd1284c54e2322c0b4b474b74a18a3d5,/content/drive/MyDrive/AISC DeepFake Çalışmaları/FaceForensics_Projesi/fake_frames/train/NeuralTextures_414_385/frame_000014.jpg
fake_train_00245.jpg,fake,FaceShifter_240_290,fake_ffpp_pair::240_290,component::027d354930533b29,train,train,320737d05b495026063a4d802cae35ba5f31e53ff8238fcad934e756ceaee8f5,/content/drive/MyDrive/AISC DeepFake Çalışmaları/FaceForensics_Projesi/fake_frames/train/FaceShifter_240_290/frame_000015.jpg
fake_train_00246.jpg,fake,Face2Face_556_588,fake_ffpp_pair::556_588,component::9ac167c6c54c1575,train,train,553d1c640f6d18332aca9ed1837076471d0016bbbc3363ce65a90493fefc4ec1,/content/drive/MyDrive/AISC DeepFake Çalışmaları/FaceForensics_Projesi/fake_frames/train/Face2Face_556_588/frame_000013.jpg
fake_train_00247.jpg,fake,FaceSwap_760_611,fake_ffpp_pair::611_760,component::c6557353031614be,train,train,6ef30ae334d8d31b2d4f1c385ab260eb42e71d8888cb42630a56f3d78ed773e0,/content/drive/MyDrive/AISC DeepFake Çalışmaları/FaceForensics_Projesi/fake_frames/train/FaceSwap_760_611/frame_000010.jpg
fake_train_00249.jpg,fake,NeuralTextures_644_657,fake_ffpp_pair::644_657,component::ce56d09dc6b74e92,train,val,279c2fe16a68107e6478abe502d6d4e89f6bd52da20e35a227caaffdd5716c95,/content/drive/MyDrive/AISC DeepFake Çalışmaları/FaceForensics_Projesi/fake_frames/train/NeuralTextures_644_657/frame_000011.jpg
fake_train_00250.jpg,fake,FaceSwap_818_820,fake_ffpp_pair::818_820,component::a8787564f9f64a71,train,train,29d5ad99859ca08373e8bb04e0b7c1a59b224b140be3fbbc1b62fc5400c486b9,/content/drive/MyDrive/AISC DeepFake Çalışmaları/FaceForensics_Projesi/fake_frames/train/FaceSwap_818_820/frame_000008.jpg
fake_train_00252.jpg,fake,DeepFakeDetection_15_27__podium_speech_happy__2ERUWYH8,fake_dfd_pair::15_27,component::8d1a6c3aa8c86ebb,train,train,682c436bafb492e6919ef73059a05b7cc92b0bc94c0c8435d216602c0a7288bf,/content/drive/MyDrive/AISC DeepFake Çalışmaları/FaceForensics_Projesi/fake_frames/train/DeepFakeDetection_15_27__podium_speech_happy__2ERUWYH8/frame_000072.jpg
fake_train_00253.jpg,fake,FaceShifter_945_044,fake_ffpp_pair::044_945,component::2d90e98387489112,train,val,9bbfefdc474f5b8dca0e9cf75283eacbbf1817e4e687d78a9dc55c2ce28a7b69,/content/drive/MyDrive/AISC DeepFake Çalışmaları/FaceForensics_Projesi/fake_frames/train/FaceShifter_945_044/frame_000008.jpg
fake_train_00255.jpg,fake,FaceShifter_110_043,fake_ffpp_pair::043_110,component::b3088983887eab7f,train,train,88a8b5abb347bab4293559e7ea9de4ec044420d9c8dec225671baddc7831a773,/content/drive/MyDrive/AISC DeepFake Çalışmaları/FaceForensics_Projesi/fake_frames/train/FaceShifter_110_043/frame_000026.jpg
fake_train_00257.jpg,fake,Deepfakes_899_914,fake_ffpp_pair::899_914,component::20577b22f6d30a2b,train,train,bd611d6f62aa91523f541c45baa9be45a9f2054cc7f8225317c7fc2e523d3e01,/content/drive/MyDrive/AISC DeepFake Çalışmaları/FaceForensics_Projesi/fake_frames/train/Deepfakes_899_914/frame_000018.jpg
fake_train_00260.jpg,fake,FaceShifter_926_900,fake_ffpp_pair::900_926,component::e3ba6170a3dab753,train,train,3a845af72ac43215ea3356e995f80c20fec2af28abdd042fb5a2e8257e8db337,/content/drive/MyDrive/AISC DeepFake Çalışmaları/FaceForensics_Projesi/fake_frames/train/FaceShifter_926_900/frame_000017.jpg
fake_train_00262.jpg,fake,Face2Face_008_990,fake_ffpp_pair::008_990,component::5f26fea110e68791,train,train,870319620e6b61fda5f4ee101ea2343f2d6d73a5e6f85ef9821f790fe1ec5106,/content/drive/MyDrive/AISC DeepFake Çalışmaları/FaceForensics_Projesi/fake_frames/train/Face2Face_008_990/frame_000016.jpg
fake_train_00263.jpg,fake,Face2Face_651_835,fake_ffpp_pair::651_835,component::80bd72c7ac2dd0cf,train,train,b6ffab2574520688619ee7e8edce69eebd20c7aa29be0d258c55519b5cecc47b,/content/drive/MyDrive/AISC DeepFake Çalışmaları/FaceForensics_Projesi/fake_frames/train/Face2Face_651_835/frame_000019.jpg
fake_train_00264.jpg,fake,Face2Face_653_601,fake_ffpp_pair::601_653,component::eb23795f590e4679,train,train,e14c1c70365a835d57af7c062b50b98f7e755a9e61644e0a29cf4497849673d1,/content/drive/MyDrive/AISC DeepFake Çalışmaları/FaceForensics_Projesi/fake_frames/train/Face2Face_653_601/frame_000017.jpg
fake_train_00266.jpg,fake,FaceSwap_733_935,fake_ffpp_pair::733_935,component::b62a435be9451794,train,train,520c502a13aa61a5829216a466720582ce406c84a678a11e523afcfb53439612,/content/drive/MyDrive/AISC DeepFake Çalışmaları/FaceForensics_Projesi/fake_frames/train/FaceSwap_733_935/frame_000029.jpg
fake_train_00267.jpg,fake,Deepfakes_023_923,fake_ffpp_pair::023_923,component::967d0bb8f8a6df16,train,train,436c13db6a3f7fa5f2b06b824c906e3cca69ed91edfcf9d559a3fbbe2b9b280c,/content/drive/MyDrive/AISC DeepFake Çalışmaları/FaceForensics_Projesi/fake_frames/train/Deepfakes_023_923/frame_000003.jpg
fake_train_00268.jpg,fake,FaceSwap_036_035,fake_ffpp_pair::035_036,component::2871c87bdf021ea3,train,train,14fd3128dfeb0449b7eda059062f1230afca54bf9978b6e70aa78be4a08aba32,/content/drive/MyDrive/AISC DeepFake Çalışmaları/FaceForensics_Projesi/fake_frames/train/FaceSwap_036_035/frame_000008.jpg
fake_train_00271.jpg,fake,NeuralTextures_719_737,fake_ffpp_pair::719_737,component::a8d801bea224e063,train,val,c45b486aea4272e81fc0a4f71345f41197ef93f6d48dac3000fe74815c20973e,/content/drive/MyDrive/AISC DeepFake Çalışmaları/FaceForensics_Projesi/fake_frames/train/NeuralTextures_719_737/frame_000020.jpg
fake_train_00272.jpg,fake,Deepfakes_579_701,fake_ffpp_pair::579_701,component::26965e360ec58aa9,train,train,0ef7c937c28cb3ee825404d72d0204df9d9e02408f3aa79b95157af76462fec3,/content/drive/MyDrive/AISC DeepFake Çalışmaları/FaceForensics_Projesi/fake_frames/train/Deepfakes_579_701/frame_000002.jpg
fake_train_00273.jpg,fake,NeuralTextures_809_799,fake_ffpp_pair::799_809,component::a4df888a8c9a5ffc,train,train,3c4308568e391527b51c9d24c60cc192acb647eed0d273270e9a4d008a196b3f,/content/drive/MyDrive/AISC DeepFake Çalışmaları/FaceForensics_Projesi/fake_frames/train/NeuralTextures_809_799/frame_000002.jpg
fake_train_00274.jpg,fake,DeepFakeDetection_14_01__talking_angry_couch__0S0NS5C6,fake_dfd_pair::01_14,component::35241510e77c66cf,train,train,6a74dbf5c026b70a17a6fb2ddfd229d2da58624ffb3bf6b90df3c9c895fdf3e8,/content/drive/MyDrive/AISC DeepFake Çalışmaları/FaceForensics_Projesi/fake_frames/train/DeepFakeDetection_14_01__talking_angry_couch__0S0NS5C6/frame_000018.jpg
fake_train_00275.jpg,fake,FaceShifter_461_250,fake_ffpp_pair::250_461,component::1cebd0ac997b4dd2,train,train,ba2743be228636287286c96a11ddc7288d01b7c3484b1d57b474adbd4d7fdab2,/content/drive/MyDrive/AISC DeepFake Çalışmaları/FaceForensics_Projesi/fake_frames/train/FaceShifter_461_250/frame_000033.jpg
fake_train_00276.jpg,fake,DeepFakeDetection_01_27__walking_outside_cafe_disgusted__ZYCZ30C0,fake_dfd_pair::01_27,component::b037bc42a6f64d4b,train,train,1c3528754f461a212d3806b04756a4264f3a3c40d41f8716a324dda95f5d67ed,/content/drive/MyDrive/AISC DeepFake Çalışmaları/FaceForensics_Projesi/fake_frames/train/DeepFakeDetection_01_27__walking_outside_cafe_disgusted__ZYCZ30C0/frame_000013.jpg
fake_train_00278.jpg,fake,NeuralTextures_241_210,fake_ffpp_pair::210_241,component::677984bf67605805,train,train,f2b5d8c62d056ceab47de76250fc99239871199c1484f91be6e84eedb47f52cd,/content/drive/MyDrive/AISC DeepFake Çalışmaları/FaceForensics_Projesi/fake_frames/train/NeuralTextures_241_210/frame_000004.jpg
fake_train_00279.jpg,fake,FaceShifter_277_335,fake_ffpp_pair::277_335,component::8c7e5c7b34bfdc81,train,train,aa236471d8fc0b154ea4a6cda452b10d2cca291e93edeed28ccff0085b0d3687,/content/drive/MyDrive/AISC DeepFake Çalışmaları/FaceForensics_Projesi/fake_frames/train/FaceShifter_277_335/frame_000024.jpg
fake_train_00280.jpg,fake,FaceShifter_900_926,fake_ffpp_pair::900_926,component::e3ba6170a3dab753,train,train,5c91300a4d048aade3eb1611170fbb225b85daf7ff40812e6fb3b1eb912d8d01,/content/drive/MyDrive/AISC DeepFake Çalışmaları/FaceForensics_Projesi/fake_frames/train/FaceShifter_900_926/frame_000015.jpg
fake_train_00281.jpg,fake,Deepfakes_266_252,fake_ffpp_pair::252_266,component::59cf2f30b0e17b3f,train,train,1b66c0dc2965311bfafd87ac9bf2d56bc8f2d4300a7b4b534f3f5f946ba2cd54,/content/drive/MyDrive/AISC DeepFake Çalışmaları/FaceForensics_Projesi/fake_frames/train/Deepfakes_266_252/frame_000017.jpg
fake_train_00283.jpg,fake,FaceSwap_635_642,fake_ffpp_pair::635_642,component::7eae53f52d53c853,train,test,68483ea6e2a5f766a6f4982e6958b0717107e909dbd825a6e189adc291cf99ef,/content/drive/MyDrive/AISC DeepFake Çalışmaları/FaceForensics_Projesi/fake_frames/train/FaceSwap_635_642/frame_000010.jpg
fake_train_00285.jpg,fake,NeuralTextures_338_336,fake_ffpp_pair::336_338,component::d6d1e0f250b2af63,train,train,82580bc9e20c26117decf7eb2d079eddd3d6a03ff900d5d41064919d2f0d9964,/content/drive/MyDrive/AISC DeepFake Çalışmaları/FaceForensics_Projesi/fake_frames/train/NeuralTextures_338_336/frame_000000.jpg
fake_train_00286.jpg,fake,FaceSwap_490_534,fake_ffpp_pair::490_534,component::3f250ceb5ac08572,train,train,c9963fe45f353e8f1313157d6c8c1d8f8f204afd7f2d96fcb5664228f56cf837,/content/drive/MyDrive/AISC DeepFake Çalışmaları/FaceForensics_Projesi/fake_frames/train/FaceSwap_490_534/frame_000008.jpg
fake_train_00288.jpg,fake,Face2Face_852_834,fake_ffpp_pair::834_852,component::151d23811c33791e,train,val,1f1782219fe9ea99e0f59dac17f417214854b7290c31844d20186ae7dd034993,/content/drive/MyDrive/AISC DeepFake Çalışmaları/FaceForensics_Projesi/fake_frames/train/Face2Face_852_834/frame_000005.jpg
fake_train_00290.jpg,fake,NeuralTextures_258_246,fake_ffpp_pair::246_258,component::4f099527b4f63b48,train,train,d1635148ba622a7e3e2cbef7fb7ca8cb86f714282910ddda542f09cb84609520,/content/drive/MyDrive/AISC DeepFake Çalışmaları/FaceForensics_Projesi/fake_frames/train/NeuralTextures_258_246/frame_000000.jpg
fake_train_00292.jpg,fake,DeepFakeDetection_19_24__kitchen_pan__NPZW2Z9L,fake_dfd_pair::19_24,component::837dfb0ee8fb8802,train,train,681b8fe4150028c8da799fc04dfe2bff786059dfba088e3339e23d28a25910a4,/content/drive/MyDrive/AISC DeepFake Çalışmaları/FaceForensics_Projesi/fake_frames/train/DeepFakeDetection_19_24__kitchen_pan__NPZW2Z9L/frame_000004.jpg
fake_train_00297.jpg,fake,Deepfakes_182_242,fake_ffpp_pair::182_242,component::169f11ec8ac95c6a,train,train,fcd86958b23a26d0b0622f17cb4405de3c8ab7aa6a127ef70d25c15e8113fcfb,/content/drive/MyDrive/AISC DeepFake Çalışmaları/FaceForensics_Projesi/fake_frames/train/Deepfakes_182_242/frame_000010.jpg
fake_train_00298.jpg,fake,Face2Face_703_604,fake_ffpp_pair::604_703,component::c99cf02107ff7fc9,train,train,afad666cd9dccabc1e5d0227a3fe3f5cb31d4463679163279dd0fe88b1c43f5f,/content/drive/MyDrive/AISC DeepFake Çalışmaları/FaceForensics_Projesi/fake_frames/train/Face2Face_703_604/frame_000022.jpg
fake_train_00300.jpg,fake,Face2Face_495_512,fake_ffpp_pair::495_512,component::50d0b100a93d2815,train,train,3d8d9c0abd925a4d7629334f11878c29c789c2c00d46eb11fbfd966844623f93,/content/drive/MyDrive/AISC DeepFake Çalışmaları/FaceForensics_Projesi/fake_frames/train/Face2Face_495_512/frame_000041.jpg
fake_train_00301.jpg,fake,FaceSwap_586_223,fake_ffpp_pair::223_586,component::1efe05fff47cd0d4,train,train,e33084920229d87e99127934e538b327d590b749c72df85635c35eb191d6d2d6,/content/drive/MyDrive/AISC DeepFake Çalışmaları/FaceForensics_Projesi/fake_frames/train/FaceSwap_586_223/frame_000005.jpg
fake_train_00302.jpg,fake,FaceSwap_229_247,fake_ffpp_pair::229_247,component::92e7ff3f67d44923,train,train,0b29860df94d93a2f019de8ac9fe6c07adee70f68ae77ab4d309f42738d1313e,/content/drive/MyDrive/AISC DeepFake Çalışmaları/FaceForensics_Projesi/fake_frames/train/FaceSwap_229_247/frame_000018.jpg
fake_train_00303.jpg,fake,NeuralTextures_819_786,fake_ffpp_pair::786_819,component::160322c076760fc2,train,train,9b59103ef8892cbae0f3b74541cb7b9feb7c4ee369d1c371117ca486a600b853,/content/drive/MyDrive/AISC DeepFake Çalışmaları/FaceForensics_Projesi/fake_frames/train/NeuralTextures_819_786/frame_000011.jpg
fake_train_00305.jpg,fake,Deepfakes_069_961,fake_ffpp_pair::069_961,component::048c80d6f494e5c3,train,train,e67b9d58005afa36fefd3ed261ad833dd4cc73f30cc65d2d6e3ae6fca27d3ace,/content/drive/MyDrive/AISC DeepFake Çalışmaları/FaceForensics_Projesi/fake_frames/train/Deepfakes_069_961/frame_000007.jpg
fake_train_00306.jpg,fake,Deepfakes_519_515,fake_ffpp_pair::515_519,component::7514b5fbc2ff29c5,train,train,75629c43a21efbe09719a4a020dedbd0be7231fe4716321983d26bea572d7ac2,/content/drive/MyDrive/AISC DeepFake Çalışmaları/FaceForensics_Projesi/fake_frames/train/Deepfakes_519_515/frame_000025.jpg
fake_train_00307.jpg,fake,FaceShifter_201_203,fake_ffpp_pair::201_203,component::929ccdf03489307e,train,train,4270a51e3dc3dded1f805e656a14a2178831c8d3211817e44e3f70f1448fab0c,/content/drive/MyDrive/AISC DeepFake Çalışmaları/FaceForensics_Projesi/fake_frames/train/FaceShifter_201_203/frame_000001.jpg
fake_train_00310.jpg,fake,Deepfakes_540_536,fake_ffpp_pair::536_540,component::e59a729e3f45d6ac,train,train,0cace27fc7a2e77e72c6eb1dcc63cb27ab4eabfa70c8c3668b0d2337ac2465d2,/content/drive/MyDrive/AISC DeepFake Çalışmaları/FaceForensics_Projesi/fake_frames/train/Deepfakes_540_536/frame_000006.jpg
fake_train_00311.jpg,fake,Face2Face_045_889,fake_ffpp_pair::045_889,component::70b94af3d60337f3,train,train,725d70593916f55476cd7bb3dc0ec53ec86ef268c14e804ae9781233a6fed9a1,/content/drive/MyDrive/AISC DeepFake Çalışmaları/FaceForensics_Projesi/fake_frames/train/Face2Face_045_889/frame_000008.jpg
fake_train_00312.jpg,fake,Deepfakes_509_525,fake_ffpp_pair::509_525,component::adc7b4d2bf1c1b6c,train,train,70e1d735098d1bf377faa40a2a40432831c557c1bf77c2981f9f727d81e5f93f,/content/drive/MyDrive/AISC DeepFake Çalışmaları/FaceForensics_Projesi/fake_frames/train/Deepfakes_509_525/frame_000025.jpg
fake_train_00313.jpg,fake,FaceShifter_189_200,fake_ffpp_pair::189_200,component::a8aa8435468a98e6,train,train,f8311f55dfa745225ca2d134628c879dd064cad6db2589d39bde4b114f0c83b7,/content/drive/MyDrive/AISC DeepFake Çalışmaları/FaceForensics_Projesi/fake_frames/train/FaceShifter_189_200/frame_000021.jpg
fake_train_00314.jpg,fake,Deepfakes_513_305,fake_ffpp_pair::305_513,component::41f88c67799b7521,train,train,d9d8a7fd5d3dd531873b29d8d68eeeab6294bab3ac60d675288740d61a2f9b4a,/content/drive/MyDrive/AISC DeepFake Çalışmaları/FaceForensics_Projesi/fake_frames/train/Deepfakes_513_305/frame_000007.jpg
fake_train_00315.jpg,fake,DeepFakeDetection_11_04__talking_angry_couch__JRQWOV1G,fake_dfd_pair::04_11,component::2998deea89b0b33c,train,train,fc3da9af1d4860528a8a7e8cd7c1cf371468abb898e6c1bb7017c1d631b24528,/content/drive/MyDrive/AISC DeepFake Çalışmaları/FaceForensics_Projesi/fake_frames/train/DeepFakeDetection_11_04__talking_angry_couch__JRQWOV1G/frame_000092.jpg
fake_train_00317.jpg,fake,NeuralTextures_247_229,fake_ffpp_pair::229_247,component::92e7ff3f67d44923,train,train,f44c073940b736fae4e899eebecf98a7f31051021a0ef7c92b3605afbb5e94a1,/content/drive/MyDrive/AISC DeepFake Çalışmaları/FaceForensics_Projesi/fake_frames/train/NeuralTextures_247_229/frame_000008.jpg
fake_train_00318.jpg,fake,DeepFakeDetection_02_13__walking_and_outside_surprised__CP5HFV3K,fake_dfd_pair::02_13,component::917cba1ca3dd0457,train,train,abbb2615c40c5a0945d4b3355b7182c95a7bdb23fab1e290cce09957f565d966,/content/drive/MyDrive/AISC DeepFake Çalışmaları/FaceForensics_Projesi/fake_frames/train/DeepFakeDetection_02_13__walking_and_outside_surprised__CP5HFV3K/frame_000026.jpg
fake_train_00320.jpg,fake,FaceSwap_437_360,fake_ffpp_pair::360_437,component::eccc9267fbbae1ec,train,val,52283aca83bcf31fa2036ec2f9c220f87af7b49cde21cb6ca4c958b52e8669cc,/content/drive/MyDrive/AISC DeepFake Çalışmaları/FaceForensics_Projesi/fake_frames/train/FaceSwap_437_360/frame_000010.jpg
fake_train_00321.jpg,fake,DeepFakeDetection_01_11__talking_against_wall__4OJNJLOO,fake_dfd_pair::01_11,component::a1fd7a5bd78e69df,train,train,50d1b05029207f0876e51e50a9f172567f7f05ba3cca3ed0a959fd7095e472cf,/content/drive/MyDrive/AISC DeepFake Çalışmaları/FaceForensics_Projesi/fake_frames/train/DeepFakeDetection_01_11__talking_against_wall__4OJNJLOO/frame_000025.jpg
fake_train_00322.jpg,fake,FaceSwap_042_084,fake_ffpp_pair::042_084,component::fca112bba42abf93,train,train,d98b201040e5c42761b427f2fbc0e8b57085e2a78fd2d7c1f34d99d0cb658fa1,/content/drive/MyDrive/AISC DeepFake Çalışmaları/FaceForensics_Projesi/fake_frames/train/FaceSwap_042_084/frame_000006.jpg
fake_train_00323.jpg,fake,Face2Face_717_684,fake_ffpp_pair::684_717,component::703b516d38efe22b,train,train,3d5fc174db137022868466e2e908f0d38dbc66f540a03ed5636acf3dba1674f3,/content/drive/MyDrive/AISC DeepFake Çalışmaları/FaceForensics_Projesi/fake_frames/train/Face2Face_717_684/frame_000011.jpg
fake_train_00325.jpg,fake,FaceShifter_309_303,fake_ffpp_pair::303_309,component::943e2dfee5ba2b40,train,train,01d4d01eb4ca84a17503b20e896af4df2b3934c3b2818714315e92f005353358,/content/drive/MyDrive/AISC DeepFake Çalışmaları/FaceForensics_Projesi/fake_frames/train/FaceShifter_309_303/frame_000015.jpg
fake_train_00326.jpg,fake,DeepFakeDetection_28_05__kitchen_pan__W3J028UG,fake_dfd_pair::05_28,component::9bc0f59eb35b0477,train,val,e287b3e1009b17a2bdbceb1eb81706ac0c7b62f156ca6ee31805e4de932da807,/content/drive/MyDrive/AISC DeepFake Çalışmaları/FaceForensics_Projesi/fake_frames/train/DeepFakeDetection_28_05__kitchen_pan__W3J028UG/frame_000025.jpg
fake_train_00327.jpg,fake,FaceShifter_511_472,fake_ffpp_pair::472_511,component::c0afa85f5872a54e,train,train,1a02ad67f3189b573b7193b281a634bd67ed5937a9a154323d725f8937bfe52c,/content/drive/MyDrive/AISC DeepFake Çalışmaları/FaceForensics_Projesi/fake_frames/train/FaceShifter_511_472/frame_000016.jpg
fake_train_00329.jpg,fake,DeepFakeDetection_01_03__kitchen_pan__JZUXXFRB,fake_dfd_pair::01_03,component::5042f343374eb153,train,train,86a25b95ccfb6840bcd69cd49b83186bae8185495e0e66b6979107c49f8b4ca0,/content/drive/MyDrive/AISC DeepFake Çalışmaları/FaceForensics_Projesi/fake_frames/train/DeepFakeDetection_01_03__kitchen_pan__JZUXXFRB/frame_000020.jpg
fake_train_00331.jpg,fake,DeepFakeDetection_15_02__talking_against_wall__HTG660F8,fake_dfd_pair::02_15,component::b46bd972b56a6200,train,train,00ce4bcfe8c2abe9475837686cf346c933442199f8893f1b6ac3bc2e9583e3fa,/content/drive/MyDrive/AISC DeepFake Çalışmaları/FaceForensics_Projesi/fake_frames/train/DeepFakeDetection_15_02__talking_against_wall__HTG660F8/frame_000040.jpg
fake_train_00333.jpg,fake,Face2Face_405_393,fake_ffpp_pair::393_405,component::053054b9fc64b3a4,train,train,ec9497ba29e26620a78851d5c1e39bd86d337172788a8b91b3917e3725158c73,/content/drive/MyDrive/AISC DeepFake Çalışmaları/FaceForensics_Projesi/fake_frames/train/Face2Face_405_393/frame_000027.jpg
fake_train_00334.jpg,fake,NeuralTextures_059_050,fake_ffpp_pair::050_059,component::08fa993c41ec5e33,train,test,9fe162d768f1c2b1168465c8209998cb13ab8db9f683383dfee6b77ced3969db,/content/drive/MyDrive/AISC DeepFake Çalışmaları/FaceForensics_Projesi/fake_frames/train/NeuralTextures_059_050/frame_000004.jpg
fake_train_00335.jpg,fake,Deepfakes_283_313,fake_ffpp_pair::283_313,component::91f8fa6ba4eea2ab,train,train,9893ae3728c13e6e9f4c3fee0b28e6fd2c6c6223524cf0fb2b1b225d337ef8d6,/content/drive/MyDrive/AISC DeepFake Çalışmaları/FaceForensics_Projesi/fake_frames/train/Deepfakes_283_313/frame_000019.jpg
fake_train_00336.jpg,fake,FaceSwap_137_165,fake_ffpp_pair::137_165,component::495d0bc5fe6e89d8,train,train,ddb7dde973f789ce982913f1e34131f7a95b415056429f7494d5df7fa330e35d,/content/drive/MyDrive/AISC DeepFake Çalışmaları/FaceForensics_Projesi/fake_frames/train/FaceSwap_137_165/frame_000020.jpg
fake_train_00337.jpg,fake,Face2Face_215_208,fake_ffpp_pair::208_215,component::7b39be4434402106,train,train,72227f36f504fcfef92445b17cd0f00096903bfd5d3944c56697d6f3586d2df4,/content/drive/MyDrive/AISC DeepFake Çalışmaları/FaceForensics_Projesi/fake_frames/train/Face2Face_215_208/frame_000017.jpg
fake_train_00340.jpg,fake,FaceShifter_396_272,fake_ffpp_pair::272_396,component::8fafb0e6815b344b,train,val,f54f99625bf3a8c2c401ab164b21e790997e9d68f2642be41c0bbcc33d9dfc4b,/content/drive/MyDrive/AISC DeepFake Çalışmaları/FaceForensics_Projesi/fake_frames/train/FaceShifter_396_272/frame_000008.jpg
fake_train_00342.jpg,fake,FaceShifter_285_136,fake_ffpp_pair::136_285,component::2bb072f07667fb06,train,train,523c3d555e8db77e739f01ffbfa75b3c70d93eb757edc4b0905d22c8a3509a2b,/content/drive/MyDrive/AISC DeepFake Çalışmaları/FaceForensics_Projesi/fake_frames/train/FaceShifter_285_136/frame_000000.jpg
fake_train_00344.jpg,fake,FaceShifter_404_429,fake_ffpp_pair::404_429,component::714fc8f92790cff7,train,train,a6e2d02e75a6dc39cea0ed0287444b7ac9bc1a968f196e5629343c1833b69714,/content/drive/MyDrive/AISC DeepFake Çalışmaları/FaceForensics_Projesi/fake_frames/train/FaceShifter_404_429/frame_000020.jpg
fake_train_00345.jpg,fake,NeuralTextures_206_221,fake_ffpp_pair::206_221,component::bf248a0f53162999,train,train,aaad8ced3d1074dc6c8097657c957fbb7d898c8f8929e5aa05bc281599f69f6b,/content/drive/MyDrive/AISC DeepFake Çalışmaları/FaceForensics_Projesi/fake_frames/train/NeuralTextures_206_221/frame_000032.jpg
fake_train_00347.jpg,fake,Face2Face_005_010,fake_ffpp_pair::005_010,component::d1a916da8b114e30,train,train,e1041b5a13b72960ee5479cb000a27364cfbdbe0222dec2059adc9455e3299cf,/content/drive/MyDrive/AISC DeepFake Çalışmaları/FaceForensics_Projesi/fake_frames/train/Face2Face_005_010/frame_000027.jpg
fake_train_00348.jpg,fake,DeepFakeDetection_01_03__kitchen_pan__JZUXXFRB,fake_dfd_pair::01_03,component::5042f343374eb153,train,train,868b96dba658af40ff0c6e1e7975591eaa094dc4838edb87c6f166dd9790fb18,/content/drive/MyDrive/AISC DeepFake Çalışmaları/FaceForensics_Projesi/fake_frames/train/DeepFakeDetection_01_03__kitchen_pan__JZUXXFRB/frame_000018.jpg
fake_train_00351.jpg,fake,NeuralTextures_629_618,fake_ffpp_pair::618_629,component::385209d67bc15842,train,val,242bf7ff53487e9535211e4e106c8b24f1c1337bea45583c5aa412f13b448844,/content/drive/MyDrive/AISC DeepFake Çalışmaları/FaceForensics_Projesi/fake_frames/train/NeuralTextures_629_618/frame_000017.jpg
fake_train_00352.jpg,fake,FaceShifter_295_099,fake_ffpp_pair::099_295,component::bc0f8d524a30db18,train,train,08827bf5085b4a81f96708fb46f9861e3562642aaedb564f7282a7b1ee5675af,/content/drive/MyDrive/AISC DeepFake Çalışmaları/FaceForensics_Projesi/fake_frames/train/FaceShifter_295_099/frame_000018.jpg
fake_train_00356.jpg,fake,Face2Face_437_360,fake_ffpp_pair::360_437,component::eccc9267fbbae1ec,train,val,06b7bc6dca5e8e63bc989786ac3095b4f4d008dd6b26c53e691ad6ff0d232d62,/content/drive/MyDrive/AISC DeepFake Çalışmaları/FaceForensics_Projesi/fake_frames/train/Face2Face_437_360/frame_000013.jpg
fake_train_00357.jpg,fake,FaceShifter_420_257,fake_ffpp_pair::257_420,component::5d4688a3b4ff0277,train,train,d27bb5bda76d9b2fdc5f63286f57fb530f1b929b847b791eff6a1c69884e609a,/content/drive/MyDrive/AISC DeepFake Çalışmaları/FaceForensics_Projesi/fake_frames/train/FaceShifter_420_257/frame_000010.jpg
fake_train_00358.jpg,fake,DeepFakeDetection_09_03__talking_against_wall__8DTEGQ54,fake_dfd_pair::03_09,component::a101afb5a216b245,train,test,b472091efae951930dfb7021a220540752169284243d0286892921d1068be7ec,/content/drive/MyDrive/AISC DeepFake Çalışmaları/FaceForensics_Projesi/fake_frames/train/DeepFakeDetection_09_03__talking_against_wall__8DTEGQ54/frame_000008.jpg
fake_train_00359.jpg,fake,FaceSwap_768_793,fake_ffpp_pair::768_793,component::a67b60245b8e7ea5,train,train,d85888a25c712c28244e3b7b9f5374ca2fda0f682c0d3c97781d362e285140a6,/content/drive/MyDrive/AISC DeepFake Çalışmaları/FaceForensics_Projesi/fake_frames/train/FaceSwap_768_793/frame_000009.jpg
fake_train_00360.jpg,fake,FaceShifter_860_905,fake_ffpp_pair::860_905,component::9b762ab9eff640d6,train,train,83ec0760dff7985b6c21d9e07c90bffa9ad32ee4d085d53ca3bf0ab320d53d97,/content/drive/MyDrive/AISC DeepFake Çalışmaları/FaceForensics_Projesi/fake_frames/train/FaceShifter_860_905/frame_000015.jpg
fake_train_00361.jpg,fake,Face2Face_212_179,fake_ffpp_pair::179_212,component::71d60301ed42d5d1,train,train,ab04fde13a25d05238cebe06d0b4ddaf70e66ee39e1c0c3ed0c6948f27ec3d46,/content/drive/MyDrive/AISC DeepFake Çalışmaları/FaceForensics_Projesi/fake_frames/train/Face2Face_212_179/frame_000019.jpg
fake_train_00362.jpg,fake,Deepfakes_239_218,fake_ffpp_pair::218_239,component::88cd517d6858f142,train,train,23fb6ffe71a7d9a89c2200712de58263b2e668f5d1803bdbb5c7ebddf70e94f8,/content/drive/MyDrive/AISC DeepFake Çalışmaları/FaceForensics_Projesi/fake_frames/train/Deepfakes_239_218/frame_000002.jpg
fake_train_00363.jpg,fake,DeepFakeDetection_03_26__kitchen_pan__WBSXBL82,fake_dfd_pair::03_26,component::0a384b90cb61d05c,train,train,26b0e8e7cd7573dde99ec3c502ea12de3ccf6acac9c8100cbf92045103f9d7e8,/content/drive/MyDrive/AISC DeepFake Çalışmaları/FaceForensics_Projesi/fake_frames/train/DeepFakeDetection_03_26__kitchen_pan__WBSXBL82/frame_000012.jpg
fake_train_00364.jpg,fake,NeuralTextures_533_450,fake_ffpp_pair::450_533,component::3798372663f668e0,train,train,3e59c7cbeecb0916423564b0f05607b209444097e8e95711bc5fb1bbed5a5969,/content/drive/MyDrive/AISC DeepFake Çalışmaları/FaceForensics_Projesi/fake_frames/train/NeuralTextures_533_450/frame_000013.jpg
fake_train_00365.jpg,fake,FaceShifter_979_875,fake_ffpp_pair::875_979,component::0b70dd051a8b867c,train,train,213f2a42eb6cb05cbf98491cc28ee86c46ad66049e1b54d9038f66d87b4f13b4,/content/drive/MyDrive/AISC DeepFake Çalışmaları/FaceForensics_Projesi/fake_frames/train/FaceShifter_979_875/frame_000001.jpg
fake_train_00367.jpg,fake,FaceShifter_045_889,fake_ffpp_pair::045_889,component::70b94af3d60337f3,train,train,d8428add18bf43854cf0b1d9e333dc316919186a0b7d77ece8250789e9232ebe,/content/drive/MyDrive/AISC DeepFake Çalışmaları/FaceForensics_Projesi/fake_frames/train/FaceShifter_045_889/frame_000015.jpg
fake_train_00368.jpg,fake,Deepfakes_369_316,fake_ffpp_pair::316_369,component::c2f9a78834748fdf,train,train,289b3efc837447f53eec06f1927268e128fc8e3676e73a287077953a63dfb3af,/content/drive/MyDrive/AISC DeepFake Çalışmaları/FaceForensics_Projesi/fake_frames/train/Deepfakes_369_316/frame_000000.jpg
fake_train_00369.jpg,fake,Deepfakes_103_082,fake_ffpp_pair::082_103,component::5e3c77fcab580c12,train,train,096faeac08fa28d15446c474912f72b15cf890ebe10634aac8e96766f77812be,/content/drive/MyDrive/AISC DeepFake Çalışmaları/FaceForensics_Projesi/fake_frames/train/Deepfakes_103_082/frame_000018.jpg
fake_train_00371.jpg,fake,Deepfakes_833_826,fake_ffpp_pair::826_833,component::ed4f5e1c1b37f777,train,train,5a7d95e05cd077a0ddf5cad75ab206fdddb41aa90f208984468138634b225d91,/content/drive/MyDrive/AISC DeepFake Çalışmaları/FaceForensics_Projesi/fake_frames/train/Deepfakes_833_826/frame_000009.jpg
fake_train_00372.jpg,fake,Deepfakes_574_547,fake_ffpp_pair::547_574,component::b13b4d220f0c10f9,train,train,fe6a1b440fd98148253603622e88e860497ec38576f09bd22771f6b6830e968b,/content/drive/MyDrive/AISC DeepFake Çalışmaları/FaceForensics_Projesi/fake_frames/train/Deepfakes_574_547/frame_000020.jpg
fake_train_00373.jpg,fake,FaceSwap_635_642,fake_ffpp_pair::635_642,component::7eae53f52d53c853,train,test,81432c68b1f98e678cff18997aef6b2c33ac51e18455a592032141f377a99cd6,/content/drive/MyDrive/AISC DeepFake Çalışmaları/FaceForensics_Projesi/fake_frames/train/FaceSwap_635_642/frame_000004.jpg
fake_train_00375.jpg,fake,Face2Face_487_477,fake_ffpp_pair::477_487,component::0939aefa70c2c5fb,train,train,14f6021b3e00a82c2c03bbdceb4d6ea2d60c8a94a51333228875ed28f8c3fdf5,/content/drive/MyDrive/AISC DeepFake Çalışmaları/FaceForensics_Projesi/fake_frames/train/Face2Face_487_477/frame_000015.jpg
fake_train_00377.jpg,fake,NeuralTextures_501_326,fake_ffpp_pair::326_501,component::76b30689e2624fd5,train,train,2b76783b4a601ae5825e539ee93532f27c03422e49d67618e030cc72099c44e4,/content/drive/MyDrive/AISC DeepFake Çalışmaları/FaceForensics_Projesi/fake_frames/train/NeuralTextures_501_326/frame_000007.jpg
fake_train_00378.jpg,fake,FaceSwap_829_808,fake_ffpp_pair::808_829,component::ee9c3c421303f065,train,train,1ec71d9a65fb96265bf5037f7643709c8fedca24656bbf78dd84a673f2071878,/content/drive/MyDrive/AISC DeepFake Çalışmaları/FaceForensics_Projesi/fake_frames/train/FaceSwap_829_808/frame_000022.jpg
fake_train_00380.jpg,fake,FaceShifter_788_710,fake_ffpp_pair::710_788,component::4ca57d5136fb342b,train,train,e14777e0dc1f3c780a4cc3d36f85bb8b75ff6211ce16387f5db3bc5e530dcef7,/content/drive/MyDrive/AISC DeepFake Çalışmaları/FaceForensics_Projesi/fake_frames/train/FaceShifter_788_710/frame_000018.jpg
fake_train_00382.jpg,fake,DeepFakeDetection_08_17__kitchen_still__ZCEYWYTC,fake_dfd_pair::08_17,component::e28013cd3810e08c,train,test,22f34d1a0e5f59d7f7eec256fc65198ed02105e0adc5171022c99e9e580e35dc,/content/drive/MyDrive/AISC DeepFake Çalışmaları/FaceForensics_Projesi/fake_frames/train/DeepFakeDetection_08_17__kitchen_still__ZCEYWYTC/frame_000012.jpg
fake_train_00383.jpg,fake,Deepfakes_067_025,fake_ffpp_pair::025_067,component::880661d2c9d6820c,train,train,835d39e69778d10fc8ae302a22e259ecb2e81c19b18562f70d088b75131c2fff,/content/drive/MyDrive/AISC DeepFake Çalışmaları/FaceForensics_Projesi/fake_frames/train/Deepfakes_067_025/frame_000020.jpg
fake_train_00384.jpg,fake,DeepFakeDetection_27_13__kitchen_still__A1OSUJE9,fake_dfd_pair::13_27,component::1a5977f079b58984,train,train,d0b865c5f1acab9ccdda79f8fb4147d5b0fb38c4bbcd2c350001cb48a9de6d57,/content/drive/MyDrive/AISC DeepFake Çalışmaları/FaceForensics_Projesi/fake_frames/train/DeepFakeDetection_27_13__kitchen_still__A1OSUJE9/frame_000000.jpg
fake_train_00387.jpg,fake,NeuralTextures_665_679,fake_ffpp_pair::665_679,component::8c712da86f12e1ef,train,train,43870ffa9f717403e1cacddc346a930d35ac6c88ea9ca24e3513939c9fc43270,/content/drive/MyDrive/AISC DeepFake Çalışmaları/FaceForensics_Projesi/fake_frames/train/NeuralTextures_665_679/frame_000004.jpg
fake_train_00389.jpg,fake,Face2Face_269_268,fake_ffpp_pair::268_269,component::d50e5f24be377a71,train,train,c29404881310fbf07a31caeae31d3c8c907f97e6a3702b0fcbb3c6305859e190,/content/drive/MyDrive/AISC DeepFake Çalışmaları/FaceForensics_Projesi/fake_frames/train/Face2Face_269_268/frame_000014.jpg
fake_train_00390.jpg,fake,Face2Face_063_041,fake_ffpp_pair::041_063,component::2785a6c07fdcd347,train,train,272f95a2124862e8d827205fd57b36d94aefec0a5a0cc53898df0b0b7c9ed46b,/content/drive/MyDrive/AISC DeepFake Çalışmaları/FaceForensics_Projesi/fake_frames/train/Face2Face_063_041/frame_000000.jpg
fake_train_00392.jpg,fake,Deepfakes_643_646,fake_ffpp_pair::643_646,component::f4265ba1593303ae,train,train,af37d5db334db171d8711cdb8da0c933235621b309f31adb23b7e92e70ba9666,/content/drive/MyDrive/AISC DeepFake Çalışmaları/FaceForensics_Projesi/fake_frames/train/Deepfakes_643_646/frame_000008.jpg
fake_train_00393.jpg,fake,DeepFakeDetection_14_03__talking_angry_couch__L0GHYIFS,fake_dfd_pair::03_14,component::7483d6397327e8ef,train,train,1f867a9f09c4298d660db1f822c27c5e480ccab0780b02c7d6c411e6a1ffa90e,/content/drive/MyDrive/AISC DeepFake Çalışmaları/FaceForensics_Projesi/fake_frames/train/DeepFakeDetection_14_03__talking_angry_couch__L0GHYIFS/frame_000084.jpg
fake_train_00395.jpg,fake,FaceSwap_756_503,fake_ffpp_pair::503_756,component::66ee9d33058c60d7,train,train,2ee0dc6eb4b8dc8195ba32aea15d35f15365cb9ced780271ff8c30971a9d3790,/content/drive/MyDrive/AISC DeepFake Çalışmaları/FaceForensics_Projesi/fake_frames/train/FaceSwap_756_503/frame_000027.jpg
fake_train_00397.jpg,fake,FaceShifter_206_221,fake_ffpp_pair::206_221,component::bf248a0f53162999,train,train,ac7f762773eb5fe5b2b98a800630e36584b13060628a63075cab143b5ef094f6,/content/drive/MyDrive/AISC DeepFake Çalışmaları/FaceForensics_Projesi/fake_frames/train/FaceShifter_206_221/frame_000008.jpg
fake_train_00401.jpg,fake,Deepfakes_174_964,fake_ffpp_pair::174_964,component::a1bd1ea226a6a5cb,train,train,c37ceb0d10684bd6e8efe5c8bb201ffb71d92a31b57b89e9e769c8d3bb4aae27,/content/drive/MyDrive/AISC DeepFake Çalışmaları/FaceForensics_Projesi/fake_frames/train/Deepfakes_174_964/frame_000002.jpg
fake_train_00402.jpg,fake,NeuralTextures_735_774,fake_ffpp_pair::735_774,component::139a443959f2dceb,train,train,3b2aa3520b376e12e0faf679c4abf3cc08461551e1cbb7dc2eec771fa7b9c7ca,/content/drive/MyDrive/AISC DeepFake Çalışmaları/FaceForensics_Projesi/fake_frames/train/NeuralTextures_735_774/frame_000014.jpg
fake_train_00403.jpg,fake,Deepfakes_089_065,fake_ffpp_pair::065_089,component::95fcfdf4252a6ddc,train,val,8a2c137527700049ad929b606928a8419ab586d977664a0fb92cee5937fcc621,/content/drive/MyDrive/AISC DeepFake Çalışmaları/FaceForensics_Projesi/fake_frames/train/Deepfakes_089_065/frame_000000.jpg
fake_train_00404.jpg,fake,FaceShifter_092_098,fake_ffpp_pair::092_098,component::d967c267b595e241,train,train,e5b0858db6c4e71ef35c6137722a3b85bdb37aa3aa3fcdf50819ad991ae8beb8,/content/drive/MyDrive/AISC DeepFake Çalışmaları/FaceForensics_Projesi/fake_frames/train/FaceShifter_092_098/frame_000018.jpg
fake_train_00405.jpg,fake,FaceSwap_589_565,fake_ffpp_pair::565_589,component::2bcdf46127ccecb4,train,val,307073d7e7f63543e9f5b61106d34189250d87612eabcf9ec0d5f264551962f8,/content/drive/MyDrive/AISC DeepFake Çalışmaları/FaceForensics_Projesi/fake_frames/train/FaceSwap_589_565/frame_000018.jpg
fake_train_00406.jpg,fake,NeuralTextures_526_436,fake_ffpp_pair::436_526,component::cf35e706388abc9e,train,val,52ecfc1245fa78caffe7860e7288416cea75f9f57f95d4dda09e82a9dbf0f179,/content/drive/MyDrive/AISC DeepFake Çalışmaları/FaceForensics_Projesi/fake_frames/train/NeuralTextures_526_436/frame_000013.jpg
fake_train_00407.jpg,fake,FaceShifter_373_394,fake_ffpp_pair::373_394,component::d8287fe6222c4c96,train,val,fa157ca52eaa758cb63c54d0afadf2f028d2a75030d53f403d05586af2215089,/content/drive/MyDrive/AISC DeepFake Çalışmaları/FaceForensics_Projesi/fake_frames/train/FaceShifter_373_394/frame_000000.jpg
fake_train_00409.jpg,fake,Face2Face_367_371,fake_ffpp_pair::367_371,component::e20d17e4f8a23209,train,test,8242d66cd61400ab0fef38357dd805fc76854372eb2bfa77407313f48a7e44a7,/content/drive/MyDrive/AISC DeepFake Çalışmaları/FaceForensics_Projesi/fake_frames/train/Face2Face_367_371/frame_000002.jpg
fake_train_00410.jpg,fake,FaceShifter_903_792,fake_ffpp_pair::792_903,component::07aff451817ce72f,train,train,c21b0d84414d91cf58b5f7bf02f70ea1c07c376f2ff0ed20357073122f574334,/content/drive/MyDrive/AISC DeepFake Çalışmaları/FaceForensics_Projesi/fake_frames/train/FaceShifter_903_792/frame_000016.jpg
fake_train_00411.jpg,fake,Deepfakes_937_888,fake_ffpp_pair::888_937,component::7eb9d2a9d6267363,train,train,fdae2852d4b26c3f53ce87936eba394933b6aff496d071b9135847c6958fa8dd,/content/drive/MyDrive/AISC DeepFake Çalışmaları/FaceForensics_Projesi/fake_frames/train/Deepfakes_937_888/frame_000017.jpg
fake_train_00412.jpg,fake,Deepfakes_285_136,fake_ffpp_pair::136_285,component::2bb072f07667fb06,train,train,25e7acc9015c5d50819f606897d4edd6c37a02e0c43e074dd9a4886f643b6fdd,/content/drive/MyDrive/AISC DeepFake Çalışmaları/FaceForensics_Projesi/fake_frames/train/Deepfakes_285_136/frame_000017.jpg
fake_train_00413.jpg,fake,FaceSwap_513_305,fake_ffpp_pair::305_513,component::41f88c67799b7521,train,train,b1a8d43fda4bf86e784e3d634161e93c0235a035357ad2b8f8e8fa15e14b341f,/content/drive/MyDrive/AISC DeepFake Çalışmaları/FaceForensics_Projesi/fake_frames/train/FaceSwap_513_305/frame_000027.jpg
fake_train_00414.jpg,fake,DeepFakeDetection_12_15__talking_angry_couch__RK17XFJ9,fake_dfd_pair::12_15,component::044bb58f4bfc48c4,train,train,69098232ebaf968a24d2e18d6c134653e062723e3ff3ce084765652f6631dcb4,/content/drive/MyDrive/AISC DeepFake Çalışmaları/FaceForensics_Projesi/fake_frames/train/DeepFakeDetection_12_15__talking_angry_couch__RK17XFJ9/frame_000012.jpg
fake_train_00416.jpg,fake,NeuralTextures_005_010,fake_ffpp_pair::005_010,component::d1a916da8b114e30,train,train,b0775360a32ba06a5362bcc36dc517ebab2e305271ff051f1ab370031511a6bf,/content/drive/MyDrive/AISC DeepFake Çalışmaları/FaceForensics_Projesi/fake_frames/train/NeuralTextures_005_010/frame_000017.jpg
fake_train_00417.jpg,fake,Deepfakes_525_509,fake_ffpp_pair::509_525,component::adc7b4d2bf1c1b6c,train,train,60de33ae37a975f4c0348eaceba5dbae2de8d140a562eee0c1292075a45f7051,/content/drive/MyDrive/AISC DeepFake Çalışmaları/FaceForensics_Projesi/fake_frames/train/Deepfakes_525_509/frame_000014.jpg
fake_train_00419.jpg,fake,NeuralTextures_122_144,fake_ffpp_pair::122_144,component::97b0ea9c9aa7fead,train,train,22c658a604e4e3f1273f89b4bc18b49c1f8992cf0ff4cdef8d29821acf211c5d,/content/drive/MyDrive/AISC DeepFake Çalışmaları/FaceForensics_Projesi/fake_frames/train/NeuralTextures_122_144/frame_000000.jpg
fake_train_00420.jpg,fake,Face2Face_935_733,fake_ffpp_pair::733_935,component::b62a435be9451794,train,train,6aff1b07ba18d8db166a6def7b9603eb7d339fd490308cdc162fc8ced35919d8,/content/drive/MyDrive/AISC DeepFake Çalışmaları/FaceForensics_Projesi/fake_frames/train/Face2Face_935_733/frame_000023.jpg
fake_train_00421.jpg,fake,FaceShifter_783_916,fake_ffpp_pair::783_916,component::143396524de9801b,train,train,ea03ca6119a86ba959ed2f0344ba6d42a9108c9c8b6d84693691b0f67c53fdf2,/content/drive/MyDrive/AISC DeepFake Çalışmaları/FaceForensics_Projesi/fake_frames/train/FaceShifter_783_916/frame_000016.jpg
fake_train_00422.jpg,fake,FaceSwap_802_885,fake_ffpp_pair::802_885,component::b42df001a98f5f9e,train,train,5f5204efbeafcb9ac114845fa5820c84bdc29dc462081efa2793edbb47fc6950,/content/drive/MyDrive/AISC DeepFake Çalışmaları/FaceForensics_Projesi/fake_frames/train/FaceSwap_802_885/frame_000007.jpg
fake_train_00423.jpg,fake,FaceShifter_172_582,fake_ffpp_pair::172_582,component::6ac37252e1492278,train,train,b773f0c61659fec8774b2f3d2b26eecb30512d20af7217e72ead2b7e5f2ec49d,/content/drive/MyDrive/AISC DeepFake Çalışmaları/FaceForensics_Projesi/fake_frames/train/FaceShifter_172_582/frame_000035.jpg
fake_train_00425.jpg,fake,Deepfakes_367_371,fake_ffpp_pair::367_371,component::e20d17e4f8a23209,train,test,c7f1c193e5c73cc2dae23f76ab9973a15a92f0cd9236c4493edca9873358788a,/content/drive/MyDrive/AISC DeepFake Çalışmaları/FaceForensics_Projesi/fake_frames/train/Deepfakes_367_371/frame_000037.jpg
fake_train_00427.jpg,fake,Deepfakes_605_591,fake_ffpp_pair::591_605,component::d5098cfc537c966e,train,train,9e81a6cfa8ac15492ae127d03a88833e1873c5369f786035cc8b75098149e881,/content/drive/MyDrive/AISC DeepFake Çalışmaları/FaceForensics_Projesi/fake_frames/train/Deepfakes_605_591/frame_000013.jpg
fake_train_00429.jpg,fake,Deepfakes_230_204,fake_ffpp_pair::204_230,component::56451b1d56fd4865,train,train,3d18f1ef03965bec6225a48ef4dd345a11266f1b4cb879887c6fb0ab15f83f1e,/content/drive/MyDrive/AISC DeepFake Çalışmaları/FaceForensics_Projesi/fake_frames/train/Deepfakes_230_204/frame_000010.jpg
fake_train_00430.jpg,fake,FaceSwap_294_292,fake_ffpp_pair::292_294,component::374eaef0a3bbac57,train,train,2fdc44fb28a222468760bb54e40734407e8c36f4299c190991f92e070a00d4cf,/content/drive/MyDrive/AISC DeepFake Çalışmaları/FaceForensics_Projesi/fake_frames/train/FaceSwap_294_292/frame_000017.jpg
fake_train_00431.jpg,fake,FaceSwap_573_757,fake_ffpp_pair::573_757,component::9b433f758be230f2,train,train,7895f783d0af4164587b5862d16b442d81cc8d009254e42104697cc19fc8894d,/content/drive/MyDrive/AISC DeepFake Çalışmaları/FaceForensics_Projesi/fake_frames/train/FaceSwap_573_757/frame_000014.jpg
fake_train_00432.jpg,fake,DeepFakeDetection_26_27__talking_against_wall__IE9N0ZI9,fake_dfd_pair::26_27,component::1bd9b319eae861ea,train,train,008d8e22b058da4e33caa8f575b9978d5d2319bb0a430e6e15fb168645dc13fb,/content/drive/MyDrive/AISC DeepFake Çalışmaları/FaceForensics_Projesi/fake_frames/train/DeepFakeDetection_26_27__talking_against_wall__IE9N0ZI9/frame_000051.jpg
fake_train_00433.jpg,fake,FaceSwap_352_319,fake_ffpp_pair::319_352,component::83fb3ed84b04e0bd,train,train,5553d1a0d814b9bd8097e018cd11be7a3bfd4c2d330a083b8756669496487ec5,/content/drive/MyDrive/AISC DeepFake Çalışmaları/FaceForensics_Projesi/fake_frames/train/FaceSwap_352_319/frame_000021.jpg
fake_train_00434.jpg,fake,FaceShifter_206_221,fake_ffpp_pair::206_221,component::bf248a0f53162999,train,train,c0066bb546844399c8a674d1dca4f9e5d541960c577f4a1f9cd04b81e89a85b2,/content/drive/MyDrive/AISC DeepFake Çalışmaları/FaceForensics_Projesi/fake_frames/train/FaceShifter_206_221/frame_000012.jpg
fake_train_00436.jpg,fake,Deepfakes_699_734,fake_ffpp_pair::699_734,component::3874bba9aace2a83,train,train,f964f83d3d627fc65ae465eed41634fa3fcd5e3d95613ecd6ac55f38208c7048,/content/drive/MyDrive/AISC DeepFake Çalışmaları/FaceForensics_Projesi/fake_frames/train/Deepfakes_699_734/frame_000015.jpg
fake_train_00437.jpg,fake,DeepFakeDetection_14_01__kitchen_pan__0S0NS5C6,fake_dfd_pair::01_14,component::35241510e77c66cf,train,train,9bcf8fbfcaa7580b175577ead3c731ef7ef01d4266abc6ac479aa2182e8a5247,/content/drive/MyDrive/AISC DeepFake Çalışmaları/FaceForensics_Projesi/fake_frames/train/DeepFakeDetection_14_01__kitchen_pan__0S0NS5C6/frame_000009.jpg
fake_train_00438.jpg,fake,DeepFakeDetection_07_04__kitchen_still__M2NBCLFR,fake_dfd_pair::04_07,component::9b29919f8028f847,train,train,6ec462d6a34fa658c77574c0e92e760d88c9b8f9bbf3f58ed4ef24b8bb04c594,/content/drive/MyDrive/AISC DeepFake Çalışmaları/FaceForensics_Projesi/fake_frames/train/DeepFakeDetection_07_04__kitchen_still__M2NBCLFR/frame_000031.jpg
fake_train_00439.jpg,fake,FaceShifter_721_715,fake_ffpp_pair::715_721,component::d527de7b5351e2ba,train,train,03de4c55c7d37de79a6fb632f28d64b1a425ba94dd4007384539bef54f02b6f7,/content/drive/MyDrive/AISC DeepFake Çalışmaları/FaceForensics_Projesi/fake_frames/train/FaceShifter_721_715/frame_000000.jpg
fake_train_00440.jpg,fake,FaceShifter_002_006,fake_ffpp_pair::002_006,component::262a9e202d101a3e,train,train,4681e456e337de5629595bae67679b3d8ccd661697e00da39d1fc1c618441e66,/content/drive/MyDrive/AISC DeepFake Çalışmaları/FaceForensics_Projesi/fake_frames/train/FaceShifter_002_006/frame_000006.jpg
fake_train_00441.jpg,fake,DeepFakeDetection_14_18__kitchen_still__A5A1Q467,fake_dfd_pair::14_18,component::f9950a977c9d0bae,train,val,5439292314093ed27c37fbf04fcfe98688b03550a77407b3e2de0fe07a08673a,/content/drive/MyDrive/AISC DeepFake Çalışmaları/FaceForensics_Projesi/fake_frames/train/DeepFakeDetection_14_18__kitchen_still__A5A1Q467/frame_000036.jpg
fake_train_00442.jpg,fake,Face2Face_160_928,fake_ffpp_pair::160_928,component::7cbdeb0d26f2b510,train,train,1b5a9d5363aa8e6792572fd30658b2bbcb4bec4de1efb33728dbdaacd7d17ee6,/content/drive/MyDrive/AISC DeepFake Çalışmaları/FaceForensics_Projesi/fake_frames/train/Face2Face_160_928/frame_000015.jpg
fake_train_00443.jpg,fake,DeepFakeDetection_06_18__talking_angry_couch__DEA1TCLN,fake_dfd_pair::06_18,component::49790f5bfec8b976,train,val,2e9d40d2a5b240103221b39bca94ef3f0d981712630f5b674a11a1a2e7f29845,/content/drive/MyDrive/AISC DeepFake Çalışmaları/FaceForensics_Projesi/fake_frames/train/DeepFakeDetection_06_18__talking_angry_couch__DEA1TCLN/frame_000029.jpg
fake_train_00444.jpg,fake,NeuralTextures_601_653,fake_ffpp_pair::601_653,component::eb23795f590e4679,train,train,379e1e6c21bd2343f70d213d8b9bb958c17a66411d972eccab3030cac8cf5924,/content/drive/MyDrive/AISC DeepFake Çalışmaları/FaceForensics_Projesi/fake_frames/train/NeuralTextures_601_653/frame_000014.jpg
fake_train_00445.jpg,fake,Face2Face_243_156,fake_ffpp_pair::156_243,component::a95fc238173d014f,train,train,2b17583be645eb05d49df82b33c367e397dc48e16895479a12b1e118b36b2565,/content/drive/MyDrive/AISC DeepFake Çalışmaları/FaceForensics_Projesi/fake_frames/train/Face2Face_243_156/frame_000025.jpg
fake_train_00446.jpg,fake,Face2Face_026_012,fake_ffpp_pair::012_026,component::8cf23c830aa52fef,train,train,fc862c868c32a5a36424180e977510a1e9ac3a68e8be8e818500dbf17dee0e19,/content/drive/MyDrive/AISC DeepFake Çalışmaları/FaceForensics_Projesi/fake_frames/train/Face2Face_026_012/frame_000008.jpg
fake_train_00451.jpg,fake,Deepfakes_182_242,fake_ffpp_pair::182_242,component::169f11ec8ac95c6a,train,train,6a034a10237ab59bffcdc5648c59869a129b53229b7cef0f34c99b3037e91eb7,/content/drive/MyDrive/AISC DeepFake Çalışmaları/FaceForensics_Projesi/fake_frames/train/Deepfakes_182_242/frame_000019.jpg
fake_train_00454.jpg,fake,FaceShifter_194_235,fake_ffpp_pair::194_235,component::ab55620a268f501c,train,train,85113082270369bc5c2a5c601ee9cfd2aee7e8971eea23679143f0b975365f9c,/content/drive/MyDrive/AISC DeepFake Çalışmaları/FaceForensics_Projesi/fake_frames/train/FaceShifter_194_235/frame_000021.jpg
fake_train_00457.jpg,fake,FaceSwap_189_200,fake_ffpp_pair::189_200,component::a8aa8435468a98e6,train,train,40428c47281299aa5179e82693d74930f66156b56915a6fb674cebf510f099aa,/content/drive/MyDrive/AISC DeepFake Çalışmaları/FaceForensics_Projesi/fake_frames/train/FaceSwap_189_200/frame_000016.jpg
fake_train_00461.jpg,fake,Deepfakes_702_612,fake_ffpp_pair::612_702,component::57f6f81a793fa03b,train,train,34c4ef4b62e99b124502e9cea4070463dfca88af0e6b00b2c9df09e858f1d25e,/content/drive/MyDrive/AISC DeepFake Çalışmaları/FaceForensics_Projesi/fake_frames/train/Deepfakes_702_612/frame_000024.jpg
fake_train_00464.jpg,fake,FaceSwap_856_881,fake_ffpp_pair::856_881,component::cdd7f12755990dfa,train,test,0de0d96e8ea0c1e95f0fe28ecb20c5e9a4935c647eb2f6e02ca8952b7e27cc61,/content/drive/MyDrive/AISC DeepFake Çalışmaları/FaceForensics_Projesi/fake_frames/train/FaceSwap_856_881/frame_000019.jpg
fake_train_00465.jpg,fake,FaceShifter_361_448,fake_ffpp_pair::361_448,component::9760037810dc3662,train,train,50a38e50267eb92e851a5bb20dd804a0abc8cf660b8e647a048c5f1879f95061,/content/drive/MyDrive/AISC DeepFake Çalışmaları/FaceForensics_Projesi/fake_frames/train/FaceShifter_361_448/frame_000018.jpg
fake_train_00466.jpg,fake,Face2Face_909_857,fake_ffpp_pair::857_909,component::c9bff1996ef7c0d5,train,train,57cdba3a1489a3da06f8c17b61586e8c1ae0713361d67bc55156aa8bf108e4f0,/content/drive/MyDrive/AISC DeepFake Çalışmaları/FaceForensics_Projesi/fake_frames/train/Face2Face_909_857/frame_000002.jpg
fake_train_00467.jpg,fake,Face2Face_699_734,fake_ffpp_pair::699_734,component::3874bba9aace2a83,train,train,32e76bc0040cba32eed631bd72ccb7a4860989d5195b3c1d00c83776863e63fb,/content/drive/MyDrive/AISC DeepFake Çalışmaları/FaceForensics_Projesi/fake_frames/train/Face2Face_699_734/frame_000055.jpg
fake_train_00470.jpg,fake,Deepfakes_222_168,fake_ffpp_pair::168_222,component::d7783c8e159b2d7d,train,train,fb89a5d8bf689512a69b58d10e063ddfa8948489ecacf64bcaf191763bc6b80b,/content/drive/MyDrive/AISC DeepFake Çalışmaları/FaceForensics_Projesi/fake_frames/train/Deepfakes_222_168/frame_000002.jpg
fake_train_00471.jpg,fake,Face2Face_150_153,fake_ffpp_pair::150_153,component::d45844bb038c54a0,train,train,8cc6e6c6ee1eacb35893854139e272eaa2856bab4191013e88bac330744736ad,/content/drive/MyDrive/AISC DeepFake Çalışmaları/FaceForensics_Projesi/fake_frames/train/Face2Face_150_153/frame_000022.jpg
fake_train_00472.jpg,fake,DeepFakeDetection_09_20__podium_speech_happy__RAGUKRMK,fake_dfd_pair::09_20,component::4cac70b9551aab28,train,train,218449841cc6054638e55a2b7a6b535980b07a46a95cae510fd89c69d2fa4668,/content/drive/MyDrive/AISC DeepFake Çalışmaları/FaceForensics_Projesi/fake_frames/train/DeepFakeDetection_09_20__podium_speech_happy__RAGUKRMK/frame_000004.jpg
fake_train_00474.jpg,fake,Face2Face_034_590,fake_ffpp_pair::034_590,component::ead9aea7ee65dcc1,train,train,8a6dd182869f869729fe4e3133e755815cf83c992635ccdbdb018d37c9bfb2bf,/content/drive/MyDrive/AISC DeepFake Çalışmaları/FaceForensics_Projesi/fake_frames/train/Face2Face_034_590/frame_000026.jpg
fake_train_00475.jpg,fake,FaceSwap_068_028,fake_ffpp_pair::028_068,component::d21c346760de8c60,train,test,b4ed71d4b975fd5e1a22c6a014ad0f52ff013353c9b25ea134ec07d225ea44f9,/content/drive/MyDrive/AISC DeepFake Çalışmaları/FaceForensics_Projesi/fake_frames/train/FaceSwap_068_028/frame_000013.jpg
fake_train_00477.jpg,fake,Face2Face_716_712,fake_ffpp_pair::712_716,component::55a1bd5c92ecbf52,train,train,49392b09d900e2b8f7ede5a97611a85c8aecccbfd85a649b85bf3f161194908b,/content/drive/MyDrive/AISC DeepFake Çalışmaları/FaceForensics_Projesi/fake_frames/train/Face2Face_716_712/frame_000029.jpg
fake_train_00478.jpg,fake,FaceShifter_390_709,fake_ffpp_pair::390_709,component::a4f580e09bfd2c46,train,train,682bfae4ee0ee3ad18719813f74a99d0b7ddf4a0a5f94972b889cb7d92adb1ba,/content/drive/MyDrive/AISC DeepFake Çalışmaları/FaceForensics_Projesi/fake_frames/train/FaceShifter_390_709/frame_000028.jpg
fake_train_00479.jpg,fake,FaceShifter_075_977,fake_ffpp_pair::075_977,component::c7c7c3f4120aa575,train,train,02c4aca006508f7fdf81fc43a507f0552f31e597f6bd002b549c9ff1bd4759b3,/content/drive/MyDrive/AISC DeepFake Çalışmaları/FaceForensics_Projesi/fake_frames/train/FaceShifter_075_977/frame_000020.jpg
fake_train_00481.jpg,fake,FaceShifter_536_540,fake_ffpp_pair::536_540,component::e59a729e3f45d6ac,train,train,9e971f6a5a60ed1a081c03222533215e381f03f3c0f45feda51a768a43fce1d5,/content/drive/MyDrive/AISC DeepFake Çalışmaları/FaceForensics_Projesi/fake_frames/train/FaceShifter_536_540/frame_000027.jpg
fake_train_00482.jpg,fake,FaceSwap_220_219,fake_ffpp_pair::219_220,component::e9e49721aac445e1,train,test,94f793d93f72917894883fd36a84060d51cd6cc6bc2bbeb3249b155d24246cbd,/content/drive/MyDrive/AISC DeepFake Çalışmaları/FaceForensics_Projesi/fake_frames/train/FaceSwap_220_219/frame_000014.jpg
fake_train_00484.jpg,fake,DeepFakeDetection_14_18__kitchen_still__0YRBHIKG,fake_dfd_pair::14_18,component::f9950a977c9d0bae,train,val,7e279081d01c3d2273f65e754359d44fbb4cba7f4002ba6e63ea23a2062235c6,/content/drive/MyDrive/AISC DeepFake Çalışmaları/FaceForensics_Projesi/fake_frames/train/DeepFakeDetection_14_18__kitchen_still__0YRBHIKG/frame_000037.jpg
fake_train_00486.jpg,fake,Deepfakes_961_069,fake_ffpp_pair::069_961,component::048c80d6f494e5c3,train,train,f17f472f345489aba297055f3e8407901dfb8f435c1c219f2e67b354196e98e5,/content/drive/MyDrive/AISC DeepFake Çalışmaları/FaceForensics_Projesi/fake_frames/train/Deepfakes_961_069/frame_000002.jpg
fake_train_00487.jpg,fake,Face2Face_735_774,fake_ffpp_pair::735_774,component::139a443959f2dceb,train,train,cdacc4d747c7b5a3771356db8cfd780692ea39091b4b7d4aec5f8a4dfe8f844b,/content/drive/MyDrive/AISC DeepFake Çalışmaları/FaceForensics_Projesi/fake_frames/train/Face2Face_735_774/frame_000009.jpg
fake_train_00490.jpg,fake,FaceSwap_279_298,fake_ffpp_pair::279_298,component::6cb205078eeef6c1,train,train,9534ff23671b4142d883381932453988501d9338723cc3d4bcf2029e20280a58,/content/drive/MyDrive/AISC DeepFake Çalışmaları/FaceForensics_Projesi/fake_frames/train/FaceSwap_279_298/frame_000003.jpg
fake_train_00493.jpg,fake,Deepfakes_773_652,fake_ffpp_pair::652_773,component::0cb9c55a45bce4b6,train,test,f7ec58179575412ed8ab1389a4cf444c0b218eb5248effdc5fb4eb0053a5ab85,/content/drive/MyDrive/AISC DeepFake Çalışmaları/FaceForensics_Projesi/fake_frames/train/Deepfakes_773_652/frame_000019.jpg
fake_train_00494.jpg,fake,Face2Face_780_869,fake_ffpp_pair::780_869,component::846e07a8d0258c3b,train,val,8ffbc0fd9bf4bfee547679af2af9bfdb798014e211c38b840cd8ce4903e10308,/content/drive/MyDrive/AISC DeepFake Çalışmaları/FaceForensics_Projesi/fake_frames/train/Face2Face_780_869/frame_000019.jpg
fake_train_00495.jpg,fake,NeuralTextures_854_747,fake_ffpp_pair::747_854,component::fad9c1f7d06bf6be,train,val,be6d8f283c01bf167e491de48b061574163a25a3c0b53b571173ef0d3f2c913a,/content/drive/MyDrive/AISC DeepFake Çalışmaları/FaceForensics_Projesi/fake_frames/train/NeuralTextures_854_747/frame_000016.jpg
fake_train_00496.jpg,fake,DeepFakeDetection_01_04__talking_angry_couch__0XUW13RW (1),fake_dfd_pair::01_04,component::cd7a5fbe1f3d97c5,train,train,5c9698be6324572445208fe51e3e0e9388d2f7df3c5d3c6db46c08d34a8aa8f6,/content/drive/MyDrive/AISC DeepFake Çalışmaları/FaceForensics_Projesi/fake_frames/train/DeepFakeDetection_01_04__talking_angry_couch__0XUW13RW (1)/frame_000056.jpg
fake_train_00497.jpg,fake,FaceSwap_106_198,fake_ffpp_pair::106_198,component::dcb64e38bbba8692,train,train,033bc5732c6819a5a9271380042c81f987974e327d8857de88fcec9c902927f0,/content/drive/MyDrive/AISC DeepFake Çalışmaları/FaceForensics_Projesi/fake_frames/train/FaceSwap_106_198/frame_000011.jpg
fake_train_00498.jpg,fake,FaceShifter_018_019,fake_ffpp_pair::018_019,component::9a26b1c5f6cc39fb,train,val,39d00cf2438cfe9133e0422ff3d8b73391edca84c0fbdd5b269ade9a1a8397b5,/content/drive/MyDrive/AISC DeepFake Çalışmaları/FaceForensics_Projesi/fake_frames/train/FaceShifter_018_019/frame_000010.jpg
fake_train_00499.jpg,fake,Deepfakes_930_763,fake_ffpp_pair::763_930,component::c64bba4fd7debd68,train,train,2a5856b6df45977ae235151e3796f2c41f249b989f0c8e32fabd5f765bf0cb12,/content/drive/MyDrive/AISC DeepFake Çalışmaları/FaceForensics_Projesi/fake_frames/train/Deepfakes_930_763/frame_000018.jpg
fake_train_00500.jpg,fake,Deepfakes_736_785,fake_ffpp_pair::736_785,component::ec8a86b8ee549245,train,train,7bbd3e4671f736791fcd6c988479ad67b4c4f4cd2627e04c984aca68b7840802,/content/drive/MyDrive/AISC DeepFake Çalışmaları/FaceForensics_Projesi/fake_frames/train/Deepfakes_736_785/frame_000003.jpg
fake_train_00501.jpg,fake,Face2Face_930_763,fake_ffpp_pair::763_930,component::c64bba4fd7debd68,train,train,94fdad7530e60dbd5c65ea1adba4daa13b81bdbfcf4b36af9cd5f5c2f1970f48,/content/drive/MyDrive/AISC DeepFake Çalışmaları/FaceForensics_Projesi/fake_frames/train/Face2Face_930_763/frame_000016.jpg
fake_train_00503.jpg,fake,NeuralTextures_835_651,fake_ffpp_pair::651_835,component::80bd72c7ac2dd0cf,train,train,31574249e6bc7a6c1e529adb83324169331b353b44dbefacc3cd1af78422ee6b,/content/drive/MyDrive/AISC DeepFake Çalışmaları/FaceForensics_Projesi/fake_frames/train/NeuralTextures_835_651/frame_000021.jpg
fake_train_00504.jpg,fake,DeepFakeDetection_02_15__hugging_happy__MZWH8ATN,fake_dfd_pair::02_15,component::b46bd972b56a6200,train,train,5e0ac0fd14c09cc4b070d2a7011f5d133da8d55f8122038c71862470fddd7546,/content/drive/MyDrive/AISC DeepFake Çalışmaları/FaceForensics_Projesi/fake_frames/train/DeepFakeDetection_02_15__hugging_happy__MZWH8ATN/frame_000024.jpg
fake_train_00505.jpg,fake,Deepfakes_279_298,fake_ffpp_pair::279_298,component::6cb205078eeef6c1,train,train,847d9d068e7c56265ba5702e03fa4b3dfa7e4e7866ab563dc001d93a132e572c,/content/drive/MyDrive/AISC DeepFake Çalışmaları/FaceForensics_Projesi/fake_frames/train/Deepfakes_279_298/frame_000025.jpg
fake_train_00507.jpg,fake,Deepfakes_605_591,fake_ffpp_pair::591_605,component::d5098cfc537c966e,train,train,c963e8b35270331e0c12df48b98e569035032a7737ae0d6ecc8820d4f7a7083d,/content/drive/MyDrive/AISC DeepFake Çalışmaları/FaceForensics_Projesi/fake_frames/train/Deepfakes_605_591/frame_000024.jpg
fake_train_00508.jpg,fake,Face2Face_253_183,fake_ffpp_pair::183_253,component::a769c27b19a1a0b3,train,test,85e2f8b1c2a906138cff37847827864fea7bf2ed30583b10319cf0d355c2fb18,/content/drive/MyDrive/AISC DeepFake Çalışmaları/FaceForensics_Projesi/fake_frames/train/Face2Face_253_183/frame_000000.jpg
fake_train_00515.jpg,fake,DeepFakeDetection_08_16__podium_speech_happy__8Q7JCS95,fake_dfd_pair::08_16,component::f58ecce9e23d5128,train,train,d67d17ef8109c8aaafe8981e927f173e10a51f6c3a53d47efc4381efc341a691,/content/drive/MyDrive/AISC DeepFake Çalışmaları/FaceForensics_Projesi/fake_frames/train/DeepFakeDetection_08_16__podium_speech_happy__8Q7JCS95/frame_000025.jpg
fake_train_00516.jpg,fake,NeuralTextures_553_545,fake_ffpp_pair::545_553,component::dd4673f3cdc23d22,train,train,78372507e3f414da75363cb4ba74184ed740aa454096ff78e1a4d2cc495efebf,/content/drive/MyDrive/AISC DeepFake Çalışmaları/FaceForensics_Projesi/fake_frames/train/NeuralTextures_553_545/frame_000016.jpg
fake_train_00517.jpg,fake,FaceShifter_814_871,fake_ffpp_pair::814_871,component::485cee3631af2835,train,train,a6eec4ef0525657b26a6c0a7facbda0d94a4697f7ddfe2965a962b6e664a7208,/content/drive/MyDrive/AISC DeepFake Çalışmaları/FaceForensics_Projesi/fake_frames/train/FaceShifter_814_871/frame_000018.jpg
fake_train_00519.jpg,fake,FaceSwap_407_374,fake_ffpp_pair::374_407,component::533d17e368c0adee,train,train,57f767cae78415c9b2486ffeef1aa623cf1b703093e96659a374ae12ad900264,/content/drive/MyDrive/AISC DeepFake Çalışmaları/FaceForensics_Projesi/fake_frames/train/FaceSwap_407_374/frame_000003.jpg
fake_train_00521.jpg,fake,FaceSwap_518_131,fake_ffpp_pair::131_518,component::ac837b29b03c6232,train,train,ec82869cced5e8b10460a0f0ed7f795895d53ab4982a6afa0b3f16b9fc172fb7,/content/drive/MyDrive/AISC DeepFake Çalışmaları/FaceForensics_Projesi/fake_frames/train/FaceSwap_518_131/frame_000006.jpg
fake_train_00522.jpg,fake,NeuralTextures_008_990,fake_ffpp_pair::008_990,component::5f26fea110e68791,train,train,8109a5f96a0bcb0f774cb87746b21cc5fcf79c265625dcabec593b68d49e6c3f,/content/drive/MyDrive/AISC DeepFake Çalışmaları/FaceForensics_Projesi/fake_frames/train/NeuralTextures_008_990/frame_000012.jpg
fake_train_00524.jpg,fake,Face2Face_916_783,fake_ffpp_pair::783_916,component::143396524de9801b,train,train,e636471457657fdb0e560aad0147cedef50578e85861c6fb269c80a7f112f416,/content/drive/MyDrive/AISC DeepFake Çalışmaları/FaceForensics_Projesi/fake_frames/train/Face2Face_916_783/frame_000018.jpg
fake_train_00525.jpg,fake,NeuralTextures_688_645,fake_ffpp_pair::645_688,component::f9b3c06d7412b8be,train,train,be58707621ab1ea0a3690e30e695553ae8cd5d5ef8ca4c36cd9cbd4e3f4b0947,/content/drive/MyDrive/AISC DeepFake Çalışmaları/FaceForensics_Projesi/fake_frames/train/NeuralTextures_688_645/frame_000008.jpg
fake_train_00528.jpg,fake,DeepFakeDetection_27_18__talking_against_wall__3GLHD5MH,fake_dfd_pair::18_27,component::7b9cf0705c89bb6a,train,train,f41580bdbcb923651fce1092645f1a6c9d0a236f796f0c94dfb3a59b76836f3b,/content/drive/MyDrive/AISC DeepFake Çalışmaları/FaceForensics_Projesi/fake_frames/train/DeepFakeDetection_27_18__talking_against_wall__3GLHD5MH/frame_000018.jpg
fake_train_00530.jpg,fake,FaceSwap_714_842,fake_ffpp_pair::714_842,component::04954e31c8c08006,train,train,8e52c38b83e2db22319c035a2ce8d0425c6acb2dcd9ed332fb9fd03ee08cb9c8,/content/drive/MyDrive/AISC DeepFake Çalışmaları/FaceForensics_Projesi/fake_frames/train/FaceSwap_714_842/frame_000016.jpg
fake_train_00531.jpg,fake,DeepFakeDetection_23_24__kitchen_pan__YR5OVD4S,fake_dfd_pair::23_24,component::95ec11ac0fb7fb37,train,train,9be088219d4f55b943c54a0931c7d8fc878e4e39dc53d31b178a65cecafd9540,/content/drive/MyDrive/AISC DeepFake Çalışmaları/FaceForensics_Projesi/fake_frames/train/DeepFakeDetection_23_24__kitchen_pan__YR5OVD4S/frame_000010.jpg
fake_train_00533.jpg,fake,FaceShifter_867_765,fake_ffpp_pair::765_867,component::8abe733d9ffca153,train,train,686f247a2bc4b309495fea8f61c17d1455abda08aa946a81e0554b013ef96455,/content/drive/MyDrive/AISC DeepFake Çalışmaları/FaceForensics_Projesi/fake_frames/train/FaceShifter_867_765/frame_000031.jpg
fake_train_00534.jpg,fake,FaceSwap_968_884,fake_ffpp_pair::884_968,component::42583aec7266394c,train,train,ccc1d81a0da03fe08633b46838817d41d999740cba341ab20e10f225979d79f8,/content/drive/MyDrive/AISC DeepFake Çalışmaları/FaceForensics_Projesi/fake_frames/train/FaceSwap_968_884/frame_000016.jpg
fake_train_00536.jpg,fake,FaceShifter_981_985,fake_ffpp_pair::981_985,component::427e7e386848cb81,train,train,1cebb0d987590b35a736112807a0287f239b598f4cd371ef986749e00ceae692,/content/drive/MyDrive/AISC DeepFake Çalışmaları/FaceForensics_Projesi/fake_frames/train/FaceShifter_981_985/frame_000015.jpg
fake_train_00537.jpg,fake,FaceShifter_331_260,fake_ffpp_pair::260_331,component::46f01671ea0702cd,train,train,a22fee54905ae95b4de2a28cca05cd051b43f22481e91f5274dba103fd3a9556,/content/drive/MyDrive/AISC DeepFake Çalışmaları/FaceForensics_Projesi/fake_frames/train/FaceShifter_331_260/frame_000022.jpg
fake_train_00539.jpg,fake,FaceShifter_061_080,fake_ffpp_pair::061_080,component::15e5da46b92ef8ea,train,train,3ce98d161c2135ff2779e0e73ed40701d83325dd47a6a1a7373fb156736bc463,/content/drive/MyDrive/AISC DeepFake Çalışmaları/FaceForensics_Projesi/fake_frames/train/FaceShifter_061_080/frame_000011.jpg
fake_train_00540.jpg,fake,FaceSwap_113_983,fake_ffpp_pair::113_983,component::95c8d9a3210040a3,train,train,8d741e71d5491b46b778129efc2a30c8151c30f344cb1736290fb205e28985f9,/content/drive/MyDrive/AISC DeepFake Çalışmaları/FaceForensics_Projesi/fake_frames/train/FaceSwap_113_983/frame_000008.jpg
fake_train_00543.jpg,fake,FaceShifter_443_514,fake_ffpp_pair::443_514,component::ce662915da4c9f2f,train,train,0ec2f8afa5c7cee5e8b4049e69374a9b98fb139f6f626ea89ad43d123d770ae8,/content/drive/MyDrive/AISC DeepFake Çalışmaları/FaceForensics_Projesi/fake_frames/train/FaceShifter_443_514/frame_000046.jpg
fake_train_00544.jpg,fake,Face2Face_600_505,fake_ffpp_pair::505_600,component::4f97c999df537f5c,train,train,7919c02a5bc65353c7d990038ab10e71756358b0a7c8019a7b79e7b679c139c4,/content/drive/MyDrive/AISC DeepFake Çalışmaları/FaceForensics_Projesi/fake_frames/train/Face2Face_600_505/frame_000000.jpg
fake_train_00545.jpg,fake,Deepfakes_188_191,fake_ffpp_pair::188_191,component::ba2f8e109fa98458,train,train,5b064f54fee4aac5b7a996b222335e7dc5540d44cb62f1c6fc99fa873b5d098d,/content/drive/MyDrive/AISC DeepFake Çalışmaları/FaceForensics_Projesi/fake_frames/train/Deepfakes_188_191/frame_000012.jpg
fake_train_00546.jpg,fake,DeepFakeDetection_13_04__talking_angry_couch__00T3UYOR,fake_dfd_pair::04_13,component::1966063e93315cac,train,test,2d8dac71ab249d0096736f53294ccb78b14e11835ded95ad27acc4aaa43cd680,/content/drive/MyDrive/AISC DeepFake Çalışmaları/FaceForensics_Projesi/fake_frames/train/DeepFakeDetection_13_04__talking_angry_couch__00T3UYOR/frame_000034.jpg
fake_train_00547.jpg,fake,Face2Face_765_867,fake_ffpp_pair::765_867,component::8abe733d9ffca153,train,train,3625149f82ee940e1d847165338f2ac27e900bb1afd33ac53041335c00127d76,/content/drive/MyDrive/AISC DeepFake Çalışmaları/FaceForensics_Projesi/fake_frames/train/Face2Face_765_867/frame_000023.jpg
fake_train_00548.jpg,fake,NeuralTextures_381_376,fake_ffpp_pair::376_381,component::bbd307d723f44e0e,train,train,00d3bd4e43235dcfd43aaf4baaa3ee65a80a6ab1c92ab5e13875b66bb868c157,/content/drive/MyDrive/AISC DeepFake Çalışmaları/FaceForensics_Projesi/fake_frames/train/NeuralTextures_381_376/frame_000019.jpg
fake_train_00549.jpg,fake,FaceSwap_219_220,fake_ffpp_pair::219_220,component::e9e49721aac445e1,train,test,5ba47d3e8b713640b11214202d9baef7df98e6321d4e9a347bb6c5417fe77c3f,/content/drive/MyDrive/AISC DeepFake Çalışmaları/FaceForensics_Projesi/fake_frames/train/FaceSwap_219_220/frame_000015.jpg
fake_train_00551.jpg,fake,Deepfakes_832_762,fake_ffpp_pair::762_832,component::1bd7294837ee7fe7,train,train,ae78bf6794132930c0157af7dec0382f75422274d4c7cbfa2c9450938e7419b7,/content/drive/MyDrive/AISC DeepFake Çalışmaları/FaceForensics_Projesi/fake_frames/train/Deepfakes_832_762/frame_000006.jpg
fake_train_00552.jpg,fake,DeepFakeDetection_14_15__talking_angry_couch__RF38N10R,fake_dfd_pair::14_15,component::2b0883b0f4845d79,train,train,036148ea11453bbcc1d140b263f1cca5a62a5cfeee13bf5cc9493dbb85c564e0,/content/drive/MyDrive/AISC DeepFake Çalışmaları/FaceForensics_Projesi/fake_frames/train/DeepFakeDetection_14_15__talking_angry_couch__RF38N10R/frame_000089.jpg
fake_train_00556.jpg,fake,FaceSwap_341_340,fake_ffpp_pair::340_341,component::5ab5931850c95a7a,train,train,800e696b638827606261bebd9836a7aadf126fa92a02a3c6bfadd5fa0b9d2637,/content/drive/MyDrive/AISC DeepFake Çalışmaları/FaceForensics_Projesi/fake_frames/train/FaceSwap_341_340/frame_000009.jpg
fake_train_00557.jpg,fake,FaceSwap_138_142,fake_ffpp_pair::138_142,component::72c22e30f88fdf75,train,train,4a9d39c65f6dd58da2d62a782091ece71f396eed9eb479cec6def0bf0de898b2,/content/drive/MyDrive/AISC DeepFake Çalışmaları/FaceForensics_Projesi/fake_frames/train/FaceSwap_138_142/frame_000010.jpg
fake_train_00558.jpg,fake,FaceShifter_106_198,fake_ffpp_pair::106_198,component::dcb64e38bbba8692,train,train,8c7e3a59b79b2389a9a819188a42f91616de203cd1bc08de50be6214ab5d8851,/content/drive/MyDrive/AISC DeepFake Çalışmaları/FaceForensics_Projesi/fake_frames/train/FaceShifter_106_198/frame_000007.jpg
fake_train_00559.jpg,fake,Deepfakes_238_282,fake_ffpp_pair::238_282,component::ebab9234969b894f,train,train,7bcf016cb025dc18434f4c058f449064c3531645118b298fd81909bf1381433a,/content/drive/MyDrive/AISC DeepFake Çalışmaları/FaceForensics_Projesi/fake_frames/train/Deepfakes_238_282/frame_000015.jpg
fake_train_00560.jpg,fake,Face2Face_642_635,fake_ffpp_pair::635_642,component::7eae53f52d53c853,train,test,b5d84228036b471578257b7738b6c7a5f9a92f01cd584808fca219a7650d97da,/content/drive/MyDrive/AISC DeepFake Çalışmaları/FaceForensics_Projesi/fake_frames/train/Face2Face_642_635/frame_000035.jpg
fake_train_00564.jpg,fake,FaceSwap_748_355,fake_ffpp_pair::355_748,component::a83c82bb46bfb4e9,train,train,5f7d56d654fd8685518416833b771b960216b91c93d2508011a1d9f392e26b50,/content/drive/MyDrive/AISC DeepFake Çalışmaları/FaceForensics_Projesi/fake_frames/train/FaceSwap_748_355/frame_000009.jpg
fake_train_00567.jpg,fake,FaceSwap_265_475,fake_ffpp_pair::265_475,component::6a7d1d38c580d2db,train,train,ac930b0288e1a00e19a4b294b6833ab6e181185b8e1533b33debeb2a3865993a,/content/drive/MyDrive/AISC DeepFake Çalışmaları/FaceForensics_Projesi/fake_frames/train/FaceSwap_265_475/frame_000015.jpg
fake_train_00570.jpg,fake,Deepfakes_036_035,fake_ffpp_pair::035_036,component::2871c87bdf021ea3,train,train,62146530fbf0746d7383657a9e310e6918b16f26c1305197df8ae8a218b3d1c7,/content/drive/MyDrive/AISC DeepFake Çalışmaları/FaceForensics_Projesi/fake_frames/train/Deepfakes_036_035/frame_000019.jpg
fake_train_00571.jpg,fake,Face2Face_779_794,fake_ffpp_pair::779_794,component::26b2555084b175f3,train,train,74624a42ff3180d2a0d403b082816ece16504414227717fc211a77fb57588f20,/content/drive/MyDrive/AISC DeepFake Çalışmaları/FaceForensics_Projesi/fake_frames/train/Face2Face_779_794/frame_000003.jpg
fake_train_00572.jpg,fake,Face2Face_330_162,fake_ffpp_pair::162_330,component::1174121be8e9eda1,train,train,8b45b623af3721dd01c54b277456ce16119e342e9446531f8aadfe6c9837af3f,/content/drive/MyDrive/AISC DeepFake Çalışmaları/FaceForensics_Projesi/fake_frames/train/Face2Face_330_162/frame_000029.jpg
fake_train_00573.jpg,fake,Deepfakes_086_090,fake_ffpp_pair::086_090,component::c0fcf920663142cc,train,val,34bfbd7f84a7ecca6c87f4d6cbd8ee5bda05e10d8350dac1001c07f9cd89c5f2,/content/drive/MyDrive/AISC DeepFake Çalışmaları/FaceForensics_Projesi/fake_frames/train/Deepfakes_086_090/frame_000003.jpg
fake_train_00574.jpg,fake,DeepFakeDetection_06_18__talking_angry_couch__DEA1TCLN,fake_dfd_pair::06_18,component::49790f5bfec8b976,train,val,0ad5e8aad36d9f8940cfb73215e3ad3e42b7e734ac7ac3c74ab05310378e5bd2,/content/drive/MyDrive/AISC DeepFake Çalışmaları/FaceForensics_Projesi/fake_frames/train/DeepFakeDetection_06_18__talking_angry_couch__DEA1TCLN/frame_000048.jpg
fake_train_00576.jpg,fake,Deepfakes_793_768,fake_ffpp_pair::768_793,component::a67b60245b8e7ea5,train,train,bc8fb80eba09f969599925792e6716d61ccf059f04931dbfdeef41f9a9fd020c,/content/drive/MyDrive/AISC DeepFake Çalışmaları/FaceForensics_Projesi/fake_frames/train/Deepfakes_793_768/frame_000011.jpg
fake_train_00579.jpg,fake,DeepFakeDetection_01_03__podium_speech_happy__480LQD1C,fake_dfd_pair::01_03,component::5042f343374eb153,train,train,4dd95bcc26ac1df959cfdd78c0c5ff201de75d67100b9ef0cab41a6d26496ca6,/content/drive/MyDrive/AISC DeepFake Çalışmaları/FaceForensics_Projesi/fake_frames/train/DeepFakeDetection_01_03__podium_speech_happy__480LQD1C/frame_000014.jpg
fake_train_00580.jpg,fake,FaceSwap_384_932,fake_ffpp_pair::384_932,component::40668490916e2154,train,train,7ccbf2f7aae46aaec75d2b3e997b3c66349c829ebb4058a2f9aef1b42e7fc109,/content/drive/MyDrive/AISC DeepFake Çalışmaları/FaceForensics_Projesi/fake_frames/train/FaceSwap_384_932/frame_000004.jpg
fake_train_00582.jpg,fake,NeuralTextures_565_589,fake_ffpp_pair::565_589,component::2bcdf46127ccecb4,train,val,2bd0615a2ab0c9bda20bb58983ba6004d7dc6a2fb722a6ee644b05b2636cb2d0,/content/drive/MyDrive/AISC DeepFake Çalışmaları/FaceForensics_Projesi/fake_frames/train/NeuralTextures_565_589/frame_000003.jpg
fake_train_00584.jpg,fake,FaceShifter_180_105,fake_ffpp_pair::105_180,component::6bb7e3c20e1778db,train,train,4a07eb7bc17b404b3445ca1437aca850cd776bd6e1b2e1975070de083379f0db,/content/drive/MyDrive/AISC DeepFake Çalışmaları/FaceForensics_Projesi/fake_frames/train/FaceShifter_180_105/frame_000027.jpg
fake_train_00586.jpg,fake,DeepFakeDetection_06_15__walking_down_indoor_hall_disgust__QRCD27P8,fake_dfd_pair::06_15,component::80d77e908df532e4,train,train,f49e3b918cfac6c9b8c0e1ad2fb0ff46e9680d23542757dc2a6b1299e4329c5c,/content/drive/MyDrive/AISC DeepFake Çalışmaları/FaceForensics_Projesi/fake_frames/train/DeepFakeDetection_06_15__walking_down_indoor_hall_disgust__QRCD27P8/frame_000033.jpg
fake_train_00589.jpg,fake,FaceSwap_284_263,fake_ffpp_pair::263_284,component::892f5fde5f4fc41a,train,train,307a399cb59de649e47518ca07ae76a11b3114cdebc1812585157409d32f9324,/content/drive/MyDrive/AISC DeepFake Çalışmaları/FaceForensics_Projesi/fake_frames/train/FaceSwap_284_263/frame_000003.jpg
fake_train_00590.jpg,fake,Face2Face_146_256,fake_ffpp_pair::146_256,component::9f903395bff75fe5,train,train,fab73e18dd78051ec36d3b38dee6917c2b17d883b58edb441c90cafc2ce7ec47,/content/drive/MyDrive/AISC DeepFake Çalışmaları/FaceForensics_Projesi/fake_frames/train/Face2Face_146_256/frame_000008.jpg
fake_train_00591.jpg,fake,DeepFakeDetection_28_05__walking_outside_cafe_disgusted__U9LRLJ6N,fake_dfd_pair::05_28,component::9bc0f59eb35b0477,train,val,6be7299310f34c9f53a0aecc3db9987c299be3fd00417f8cd5732ada04eabb9d,/content/drive/MyDrive/AISC DeepFake Çalışmaları/FaceForensics_Projesi/fake_frames/train/DeepFakeDetection_28_05__walking_outside_cafe_disgusted__U9LRLJ6N/frame_000019.jpg
fake_train_00592.jpg,fake,FaceSwap_939_115,fake_ffpp_pair::115_939,component::87eee2486fe3c547,train,train,e82d4d54a355784970c17e90a7d927c70ff28e047543a9795ffc2e1522ed6b09,/content/drive/MyDrive/AISC DeepFake Çalışmaları/FaceForensics_Projesi/fake_frames/train/FaceSwap_939_115/frame_000007.jpg
fake_train_00593.jpg,fake,NeuralTextures_765_867,fake_ffpp_pair::765_867,component::8abe733d9ffca153,train,train,d5f6b21c0823c2a9108c39eb55b5eed621a876d454ca5d424d124df92799f4d4,/content/drive/MyDrive/AISC DeepFake Çalışmaları/FaceForensics_Projesi/fake_frames/train/NeuralTextures_765_867/frame_000003.jpg
fake_train_00594.jpg,fake,DeepFakeDetection_01_03__talking_against_wall__JZUXXFRB,fake_dfd_pair::01_03,component::5042f343374eb153,train,train,1448bce0b92e2e291b34b3d9197374f9dd3017fa03fa061f221b4151438e799c,/content/drive/MyDrive/AISC DeepFake Çalışmaları/FaceForensics_Projesi/fake_frames/train/DeepFakeDetection_01_03__talking_against_wall__JZUXXFRB/frame_000049.jpg
fake_train_00595.jpg,fake,FaceSwap_603_575,fake_ffpp_pair::575_603,component::8ba4900ea839ff02,train,train,84d9dc80705292f62d42f826aacb3d04be918297f5b9c1d26ac63d45932b7aeb,/content/drive/MyDrive/AISC DeepFake Çalışmaları/FaceForensics_Projesi/fake_frames/train/FaceSwap_603_575/frame_000000.jpg
fake_train_00596.jpg,fake,Deepfakes_704_723,fake_ffpp_pair::704_723,component::12cab325cc4c582b,train,train,6f7df27ab69c23dbf77af6dcdc69becde53e87d7546922c55aadead7694e3a95,/content/drive/MyDrive/AISC DeepFake Çalışmaları/FaceForensics_Projesi/fake_frames/train/Deepfakes_704_723/frame_000021.jpg
fake_train_00597.jpg,fake,Face2Face_242_182,fake_ffpp_pair::182_242,component::169f11ec8ac95c6a,train,train,aefdc2200c321543cf91375310e3f9645ba8a9fd4c85a5e8afb9f831c9cb8554,/content/drive/MyDrive/AISC DeepFake Çalışmaları/FaceForensics_Projesi/fake_frames/train/Face2Face_242_182/frame_000020.jpg
fake_train_00598.jpg,fake,NeuralTextures_290_240,fake_ffpp_pair::240_290,component::027d354930533b29,train,train,6f2ac439f0167bbb16c023daf1ccbeb25d6d2c0a3bf9bc60fe4d9951497328c5,/content/drive/MyDrive/AISC DeepFake Çalışmaları/FaceForensics_Projesi/fake_frames/train/NeuralTextures_290_240/frame_000012.jpg
fake_train_00599.jpg,fake,Deepfakes_501_326,fake_ffpp_pair::326_501,component::76b30689e2624fd5,train,train,c6a29ce4abc8ae9bb18cb7e98c76970e8a79eb72d902c35c33b50e5722589a54,/content/drive/MyDrive/AISC DeepFake Çalışmaları/FaceForensics_Projesi/fake_frames/train/Deepfakes_501_326/frame_000028.jpg
fake_train_00600.jpg,fake,Face2Face_573_757,fake_ffpp_pair::573_757,component::9b433f758be230f2,train,train,1eec8e062b002e2d97d279a6824c813bcee0da6dcabe33a9f79c255b3d102068,/content/drive/MyDrive/AISC DeepFake Çalışmaları/FaceForensics_Projesi/fake_frames/train/Face2Face_573_757/frame_000007.jpg
fake_train_00603.jpg,fake,FaceSwap_873_872,fake_ffpp_pair::872_873,component::5344c332784ae2db,train,val,f186cffaf090fc210f6d680f135be999676899084625b83e24b99d861e78d329,/content/drive/MyDrive/AISC DeepFake Çalışmaları/FaceForensics_Projesi/fake_frames/train/FaceSwap_873_872/frame_000013.jpg
fake_train_00605.jpg,fake,DeepFakeDetection_02_27__walking_down_indoor_hall_disgust__YQX5Z8GN,fake_dfd_pair::02_27,component::89c369b9b5c7c62d,train,train,795b7aebdb7ac7ff72d171282bab80cb9eb53593bbbef0a92e13247a78cf6188,/content/drive/MyDrive/AISC DeepFake Çalışmaları/FaceForensics_Projesi/fake_frames/train/DeepFakeDetection_02_27__walking_down_indoor_hall_disgust__YQX5Z8GN/frame_000013.jpg
fake_train_00606.jpg,fake,Deepfakes_833_826,fake_ffpp_pair::826_833,component::ed4f5e1c1b37f777,train,train,f64c191056f4e9da60bdfc81a0863aba2337219ccacbc9864eab105c46e9928b,/content/drive/MyDrive/AISC DeepFake Çalışmaları/FaceForensics_Projesi/fake_frames/train/Deepfakes_833_826/frame_000000.jpg
fake_train_00608.jpg,fake,Deepfakes_889_045,fake_ffpp_pair::045_889,component::70b94af3d60337f3,train,train,1aa5f12b54165e8dfbbd43f85ad31cb2d28e5b3f6866aec9fc85ddcedeb6aadb,/content/drive/MyDrive/AISC DeepFake Çalışmaları/FaceForensics_Projesi/fake_frames/train/Deepfakes_889_045/frame_000015.jpg
fake_train_00609.jpg,fake,FaceShifter_955_078,fake_ffpp_pair::078_955,component::a0336cba7bf6cb32,train,test,fc651618cde76254b617c383a10083f90739fd5c20eb4fd82c6064a21db13704,/content/drive/MyDrive/AISC DeepFake Çalışmaları/FaceForensics_Projesi/fake_frames/train/FaceShifter_955_078/frame_000025.jpg
fake_train_00610.jpg,fake,FaceShifter_884_968,fake_ffpp_pair::884_968,component::42583aec7266394c,train,train,95c8fe144273abbbd7e5bf1fdda34f6e63938621b59e7579d0e7d88a3c068a22,/content/drive/MyDrive/AISC DeepFake Çalışmaları/FaceForensics_Projesi/fake_frames/train/FaceShifter_884_968/frame_000007.jpg
fake_train_00613.jpg,fake,NeuralTextures_645_688,fake_ffpp_pair::645_688,component::f9b3c06d7412b8be,train,train,19246e59792f9b4fb2e4080e7b8d01f74901b68081b0064582bb0fa1e9d82216,/content/drive/MyDrive/AISC DeepFake Çalışmaları/FaceForensics_Projesi/fake_frames/train/NeuralTextures_645_688/frame_000010.jpg
fake_train_00614.jpg,fake,Deepfakes_641_662,fake_ffpp_pair::641_662,component::65a3b06f630ca9bb,train,train,bc231232838e593775be833d4540302db28e0cdb6a95ac2a5368c0a0c266b42f,/content/drive/MyDrive/AISC DeepFake Çalışmaları/FaceForensics_Projesi/fake_frames/train/Deepfakes_641_662/frame_000002.jpg
fake_train_00615.jpg,fake,Face2Face_303_309,fake_ffpp_pair::303_309,component::943e2dfee5ba2b40,train,train,772dcbf2edd1ff297b8259cb50bb8ca926955dda91dbb08378101b5cd0ff1625,/content/drive/MyDrive/AISC DeepFake Çalışmaları/FaceForensics_Projesi/fake_frames/train/Face2Face_303_309/frame_000021.jpg
fake_train_00617.jpg,fake,Deepfakes_459_430,fake_ffpp_pair::430_459,component::e033c6201be20838,train,train,3f80045606087bcb5e2ec1387da86cf141e8f0350d4413c36c03073bb4982297,/content/drive/MyDrive/AISC DeepFake Çalışmaları/FaceForensics_Projesi/fake_frames/train/Deepfakes_459_430/frame_000005.jpg
fake_train_00618.jpg,fake,FaceShifter_082_103,fake_ffpp_pair::082_103,component::5e3c77fcab580c12,train,train,8a5d33b929aed7715519dea213f84ce975658790e7610e73e8c10007e3062d8d,/content/drive/MyDrive/AISC DeepFake Çalışmaları/FaceForensics_Projesi/fake_frames/train/FaceShifter_082_103/frame_000018.jpg
fake_train_00619.jpg,fake,FaceSwap_979_875,fake_ffpp_pair::875_979,component::0b70dd051a8b867c,train,train,c69390b8a1695bb7bc19e1cb476148858f3b73a27614fc47747c7fb4a44052ba,/content/drive/MyDrive/AISC DeepFake Çalışmaları/FaceForensics_Projesi/fake_frames/train/FaceSwap_979_875/frame_000014.jpg
fake_train_00621.jpg,fake,FaceSwap_642_635,fake_ffpp_pair::635_642,component::7eae53f52d53c853,train,test,dd2ec7544431a620b63b9fca45d9172d6124b3d16aa9faa4f8d6730847dded33,/content/drive/MyDrive/AISC DeepFake Çalışmaları/FaceForensics_Projesi/fake_frames/train/FaceSwap_642_635/frame_000016.jpg
fake_train_00622.jpg,fake,Face2Face_603_575,fake_ffpp_pair::575_603,component::8ba4900ea839ff02,train,train,47dd7c25589a1ac05560bd57f06aa6bed6e836f0f64a2c82316441b2c5a91c74,/content/drive/MyDrive/AISC DeepFake Çalışmaları/FaceForensics_Projesi/fake_frames/train/Face2Face_603_575/frame_000000.jpg
fake_train_00623.jpg,fake,FaceShifter_157_245,fake_ffpp_pair::157_245,component::98048619b4696a5c,train,train,314b1f5fac1ac8a1800f754a96329229f209a27a423748622ad38ec7eb3848a4,/content/drive/MyDrive/AISC DeepFake Çalışmaları/FaceForensics_Projesi/fake_frames/train/FaceShifter_157_245/frame_000010.jpg
fake_train_00624.jpg,fake,FaceShifter_025_067,fake_ffpp_pair::025_067,component::880661d2c9d6820c,train,train,befba1cc019d71aa55f5bd1d59b201c350dc81982c43ed80167e60943934a47c,/content/drive/MyDrive/AISC DeepFake Çalışmaları/FaceForensics_Projesi/fake_frames/train/FaceShifter_025_067/frame_000020.jpg
fake_train_00625.jpg,fake,FaceShifter_472_511,fake_ffpp_pair::472_511,component::c0afa85f5872a54e,train,train,5369bfb60b3aa2c7618e4061c71cfedf9706afcb4963724edf5ddc5c3cf0f2b3,/content/drive/MyDrive/AISC DeepFake Çalışmaları/FaceForensics_Projesi/fake_frames/train/FaceShifter_472_511/frame_000027.jpg
fake_train_00628.jpg,fake,FaceShifter_364_440,fake_ffpp_pair::364_440,component::31484fece6a80566,train,train,9934b863e87a7c263fe5e923131b3855506d1db55ff848ede2eb14a2b03b302c,/content/drive/MyDrive/AISC DeepFake Çalışmaları/FaceForensics_Projesi/fake_frames/train/FaceShifter_364_440/frame_000028.jpg
fake_train_00629.jpg,fake,Face2Face_762_832,fake_ffpp_pair::762_832,component::1bd7294837ee7fe7,train,train,50e46c1cba503c56261504a247128e3056c77f81d1d0d911eb42cd0b2226784e,/content/drive/MyDrive/AISC DeepFake Çalışmaları/FaceForensics_Projesi/fake_frames/train/Face2Face_762_832/frame_000005.jpg
fake_train_00630.jpg,fake,Face2Face_299_145,fake_ffpp_pair::145_299,component::693c4e8d1666aead,train,train,096b75d44bc1259cdcf811233601ab157ef5f2d5bf9467c57f2a76ac3fb83a9b,/content/drive/MyDrive/AISC DeepFake Çalışmaları/FaceForensics_Projesi/fake_frames/train/Face2Face_299_145/frame_000023.jpg
fake_train_00632.jpg,fake,Face2Face_111_094,fake_ffpp_pair::094_111,component::7d57565ae567e4f0,train,train,88bb87a0c9a44d47a56878aad7a4fa643c610d09e7b8b5471ff53c56dc19ccc2,/content/drive/MyDrive/AISC DeepFake Çalışmaları/FaceForensics_Projesi/fake_frames/train/Face2Face_111_094/frame_000006.jpg
fake_train_00633.jpg,fake,Face2Face_955_078,fake_ffpp_pair::078_955,component::a0336cba7bf6cb32,train,test,156ca294b402d16841e3bc3082b3f66fb004fd24b505dd0ef54c8861ab135380,/content/drive/MyDrive/AISC DeepFake Çalışmaları/FaceForensics_Projesi/fake_frames/train/Face2Face_955_078/frame_000022.jpg
fake_train_00634.jpg,fake,Face2Face_074_825,fake_ffpp_pair::074_825,component::32aa630a8e7d69d6,train,test,2391fcd323b1d15a40d956eb7b880c59d1583363caac6e9bfc8320741babd3d5,/content/drive/MyDrive/AISC DeepFake Çalışmaları/FaceForensics_Projesi/fake_frames/train/Face2Face_074_825/frame_000029.jpg
fake_train_00637.jpg,fake,FaceSwap_463_464,fake_ffpp_pair::463_464,component::92b7e7a66be94426,train,train,50d6c9bab72e902d6b318f7a2bacb57f69ba6705096444b65b0b4e9019153d02,/content/drive/MyDrive/AISC DeepFake Çalışmaları/FaceForensics_Projesi/fake_frames/train/FaceSwap_463_464/frame_000003.jpg
fake_train_00640.jpg,fake,Deepfakes_257_420,fake_ffpp_pair::257_420,component::5d4688a3b4ff0277,train,train,98ec7b7ebd9b1cb4164c72f0904ce3b57f4d97880fad483257343e38f136b0e4,/content/drive/MyDrive/AISC DeepFake Çalışmaları/FaceForensics_Projesi/fake_frames/train/Deepfakes_257_420/frame_000019.jpg
fake_train_00641.jpg,fake,Face2Face_311_387,fake_ffpp_pair::311_387,component::1101f0dd9f4f3834,train,val,8dbab44808624c36676c81e31077bac8b37d6b721ffecb59981bf2780c932229,/content/drive/MyDrive/AISC DeepFake Çalışmaları/FaceForensics_Projesi/fake_frames/train/Face2Face_311_387/frame_000013.jpg
fake_train_00643.jpg,fake,Deepfakes_540_536,fake_ffpp_pair::536_540,component::e59a729e3f45d6ac,train,train,87de792deb739337fca4bbae220c21d0579ad1b430753ec2ae61f4293c74013a,/content/drive/MyDrive/AISC DeepFake Çalışmaları/FaceForensics_Projesi/fake_frames/train/Deepfakes_540_536/frame_000038.jpg
fake_train_00646.jpg,fake,FaceSwap_537_563,fake_ffpp_pair::537_563,component::93eeb3c5864b0da5,train,train,e98f310dd402bf161305b6a52d7d4b872da4f0a0c935d6e7fb09009f7bf82835,/content/drive/MyDrive/AISC DeepFake Çalışmaları/FaceForensics_Projesi/fake_frames/train/FaceSwap_537_563/frame_000014.jpg
fake_train_00647.jpg,fake,Deepfakes_461_250,fake_ffpp_pair::250_461,component::1cebd0ac997b4dd2,train,train,61ae836856bc02888bf48463548fc435f3d1000dba3c087ddccf79f4d49a5a0e,/content/drive/MyDrive/AISC DeepFake Çalışmaları/FaceForensics_Projesi/fake_frames/train/Deepfakes_461_250/frame_000000.jpg
fake_train_00651.jpg,fake,FaceShifter_718_972,fake_ffpp_pair::718_972,component::6fc4577d38008326,train,train,e1d2bac540dde796e5fbe8322407e43da9eb24176b27f95848b6ce81dce26745,/content/drive/MyDrive/AISC DeepFake Çalışmaları/FaceForensics_Projesi/fake_frames/train/FaceShifter_718_972/frame_000014.jpg
fake_train_00653.jpg,fake,Deepfakes_886_877,fake_ffpp_pair::877_886,component::d9771721ac72555c,train,train,66dba963a54a08017ea993edd517eec2353e9e164488ff14eb50cd4396a2fe86,/content/drive/MyDrive/AISC DeepFake Çalışmaları/FaceForensics_Projesi/fake_frames/train/Deepfakes_886_877/frame_000016.jpg
fake_train_00655.jpg,fake,Deepfakes_397_602,fake_ffpp_pair::397_602,component::f74a62be92e01aeb,train,train,e292e81652bf2b0090cf4b795eb9a07b1cc24c797fb433f57a2d3cd748fe74f4,/content/drive/MyDrive/AISC DeepFake Çalışmaları/FaceForensics_Projesi/fake_frames/train/Deepfakes_397_602/frame_000005.jpg
fake_train_00656.jpg,fake,FaceShifter_213_083,fake_ffpp_pair::083_213,component::5691b84635a8dc64,train,val,00204f67e9f7dc0f29210706b5c35763fb6908b5c6dc16bd6ec57b9ea2c0565c,/content/drive/MyDrive/AISC DeepFake Çalışmaları/FaceForensics_Projesi/fake_frames/train/FaceShifter_213_083/frame_000008.jpg
fake_train_00657.jpg,fake,Deepfakes_680_486,fake_ffpp_pair::486_680,component::caea5637504adc0c,train,train,56847de96a26836eca60a62426fc06ba7ba8076711dc8d7f560125da1bf84f5f,/content/drive/MyDrive/AISC DeepFake Çalışmaları/FaceForensics_Projesi/fake_frames/train/Deepfakes_680_486/frame_000001.jpg
fake_train_00658.jpg,fake,FaceShifter_325_492,fake_ffpp_pair::325_492,component::ff5d2b5b303b8336,train,train,6e91f060ef919d2f8f6da6e0d7d03fdfa79da1fd5335d397c5abd554e35045f3,/content/drive/MyDrive/AISC DeepFake Çalışmaları/FaceForensics_Projesi/fake_frames/train/FaceShifter_325_492/frame_000019.jpg
fake_train_00659.jpg,fake,FaceSwap_812_821,fake_ffpp_pair::812_821,component::db269117ee805ef8,train,val,c25a30dadf1176cae7602e28b1e8462eb6ee4deb91d87fe6b8f933fb4a19f9a9,/content/drive/MyDrive/AISC DeepFake Çalışmaları/FaceForensics_Projesi/fake_frames/train/FaceSwap_812_821/frame_000001.jpg
fake_train_00660.jpg,fake,Deepfakes_968_884,fake_ffpp_pair::884_968,component::42583aec7266394c,train,train,d74eff730ba08a7063a7945aa4abff00cfb61fc8581cc43789c256471e333252,/content/drive/MyDrive/AISC DeepFake Çalışmaları/FaceForensics_Projesi/fake_frames/train/Deepfakes_968_884/frame_000006.jpg
fake_train_00661.jpg,fake,Deepfakes_445_494,fake_ffpp_pair::445_494,component::e59e98ddda1ef467,train,train,aae856b3e694a69b91b9026934adc447d0b0804287112e30527a9ff13bbd6299,/content/drive/MyDrive/AISC DeepFake Çalışmaları/FaceForensics_Projesi/fake_frames/train/Deepfakes_445_494/frame_000007.jpg
fake_train_00662.jpg,fake,FaceShifter_538_493,fake_ffpp_pair::493_538,component::79d2a65a2baa5f35,train,train,73a9c0a07d4a803d538a84cd9af9ecfd4b7bb65dd48f910f944d0511bf2af649,/content/drive/MyDrive/AISC DeepFake Çalışmaları/FaceForensics_Projesi/fake_frames/train/FaceShifter_538_493/frame_000022.jpg
fake_train_00663.jpg,fake,Face2Face_006_002,fake_ffpp_pair::002_006,component::262a9e202d101a3e,train,train,e0506afd7960b2dac55c5591d4f28d97f4af000d2159f3009dbd61d16150c9f7,/content/drive/MyDrive/AISC DeepFake Çalışmaları/FaceForensics_Projesi/fake_frames/train/Face2Face_006_002/frame_000028.jpg
fake_train_00664.jpg,fake,Face2Face_819_786,fake_ffpp_pair::786_819,component::160322c076760fc2,train,train,a57f96531cd311cc4ebe9dbd22fd68638d282848c01afdc50d194d84c8a17c5b,/content/drive/MyDrive/AISC DeepFake Çalışmaları/FaceForensics_Projesi/fake_frames/train/Face2Face_819_786/frame_000010.jpg
fake_train_00665.jpg,fake,NeuralTextures_042_084,fake_ffpp_pair::042_084,component::fca112bba42abf93,train,train,397e5c1942c9b33132100cd9a10a45a85a2496ee11984af6a4ad40c7c8da7fce,/content/drive/MyDrive/AISC DeepFake Çalışmaları/FaceForensics_Projesi/fake_frames/train/NeuralTextures_042_084/frame_000019.jpg
fake_train_00666.jpg,fake,Face2Face_787_782,fake_ffpp_pair::782_787,component::765c930742492680,train,train,f31676db761f5a164c1e3dd6538e4f30cc3b87fd87af3b6384d04208abd9277a,/content/drive/MyDrive/AISC DeepFake Çalışmaları/FaceForensics_Projesi/fake_frames/train/Face2Face_787_782/frame_000001.jpg
fake_train_00668.jpg,fake,NeuralTextures_434_438,fake_ffpp_pair::434_438,component::159bb59e7e4967a7,train,train,52dd8c3cc77175f4e41a9f54a607958c5307ef84bc9619c6533c019bb887cdac,/content/drive/MyDrive/AISC DeepFake Çalışmaları/FaceForensics_Projesi/fake_frames/train/NeuralTextures_434_438/frame_000005.jpg
fake_train_00670.jpg,fake,Face2Face_367_371,fake_ffpp_pair::367_371,component::e20d17e4f8a23209,train,test,bc643dcec86ce5bedf260c7a5582e6782e56ce05a6bcf4695709de29aeaf470f,/content/drive/MyDrive/AISC DeepFake Çalışmaları/FaceForensics_Projesi/fake_frames/train/Face2Face_367_371/frame_000017.jpg
fake_train_00671.jpg,fake,FaceSwap_206_221,fake_ffpp_pair::206_221,component::bf248a0f53162999,train,train,f8e4159077657564def9892b28763266c8ffefacf4bba7bc2ebd071c7e05ffb7,/content/drive/MyDrive/AISC DeepFake Çalışmaları/FaceForensics_Projesi/fake_frames/train/FaceSwap_206_221/frame_000024.jpg
fake_train_00672.jpg,fake,FaceShifter_194_235,fake_ffpp_pair::194_235,component::ab55620a268f501c,train,train,e2bf38c59fffd3e5eebca3d6a274d0ba1a49ef1c5d920766a9c995354b228a18,/content/drive/MyDrive/AISC DeepFake Çalışmaları/FaceForensics_Projesi/fake_frames/train/FaceShifter_194_235/frame_000004.jpg
fake_train_00673.jpg,fake,DeepFakeDetection_12_20__talking_against_wall__GHPWDH3C,fake_dfd_pair::12_20,component::057285dc4bf22252,train,train,a07981c29afdf279f414eed26c2119f1e10e4ab0ad3e524321522999af7ff454,/content/drive/MyDrive/AISC DeepFake Çalışmaları/FaceForensics_Projesi/fake_frames/train/DeepFakeDetection_12_20__talking_against_wall__GHPWDH3C/frame_000049.jpg
fake_train_00674.jpg,fake,FaceShifter_987_938,fake_ffpp_pair::938_987,component::2db24dda0743b0a0,train,test,5b949aa5af023d6752be83d21e9a40b2114435602dbfdfa6f04370eef03aa299,/content/drive/MyDrive/AISC DeepFake Çalışmaları/FaceForensics_Projesi/fake_frames/train/FaceShifter_987_938/frame_000003.jpg
fake_train_00675.jpg,fake,FaceShifter_810_838,fake_ffpp_pair::810_838,component::ee9c795d2620c22a,train,train,5f60f919f849b5cd4f35a70518aa2510203f96ad61f556437322ffd0a34b970b,/content/drive/MyDrive/AISC DeepFake Çalışmaları/FaceForensics_Projesi/fake_frames/train/FaceShifter_810_838/frame_000009.jpg
fake_train_00676.jpg,fake,FaceShifter_379_158,fake_ffpp_pair::158_379,component::0b869d2afd17b373,train,train,e2ab9c93c5d0200e09c69b031d4fc9b6637ae4adfa7894c45da1bec6ad23ed88,/content/drive/MyDrive/AISC DeepFake Çalışmaları/FaceForensics_Projesi/fake_frames/train/FaceShifter_379_158/frame_000000.jpg
fake_train_00678.jpg,fake,DeepFakeDetection_01_11__talking_against_wall__4OJNJLOO,fake_dfd_pair::01_11,component::a1fd7a5bd78e69df,train,train,206cffbc41fbfb6bac6e945dcfceba04f0aafa2b7a92da55da828c757790c2c6,/content/drive/MyDrive/AISC DeepFake Çalışmaları/FaceForensics_Projesi/fake_frames/train/DeepFakeDetection_01_11__talking_against_wall__4OJNJLOO/frame_000016.jpg
fake_train_00679.jpg,fake,NeuralTextures_312_021,fake_ffpp_pair::021_312,component::23efe71f4f9a5480,train,test,dfc64ab2912bfab28ba3cdb0f86f2effcb0c0183cea0a126afe0eb639b093da8,/content/drive/MyDrive/AISC DeepFake Çalışmaları/FaceForensics_Projesi/fake_frames/train/NeuralTextures_312_021/frame_000020.jpg
fake_train_00681.jpg,fake,DeepFakeDetection_14_26__talking_angry_couch__ILLP29ZH,fake_dfd_pair::14_26,component::8b8b418553f00587,train,train,baaf9b69c62d5c7c03e8e97282f3f681cef2b85d1851d46f57d065b402583073,/content/drive/MyDrive/AISC DeepFake Çalışmaları/FaceForensics_Projesi/fake_frames/train/DeepFakeDetection_14_26__talking_angry_couch__ILLP29ZH/frame_000031.jpg
fake_train_00682.jpg,fake,NeuralTextures_208_215,fake_ffpp_pair::208_215,component::7b39be4434402106,train,train,cc5b58841f8a7dfec04e644da6dcd670d05247899ae9cab7169bb603b848a89d,/content/drive/MyDrive/AISC DeepFake Çalışmaları/FaceForensics_Projesi/fake_frames/train/NeuralTextures_208_215/frame_000001.jpg
fake_train_00683.jpg,fake,FaceSwap_958_956,fake_ffpp_pair::956_958,component::de0e91ef958c5e40,train,train,adc9651499d6aa57aa9f576697f9b51be9a19d541677fff74deef2838a0fc3d3,/content/drive/MyDrive/AISC DeepFake Çalışmaları/FaceForensics_Projesi/fake_frames/train/FaceSwap_958_956/frame_000018.jpg
fake_train_00684.jpg,fake,FaceSwap_541_523,fake_ffpp_pair::523_541,component::5fc8a95f1ba4dca8,train,train,6062979e49e8b54513d7b49e34b4d23985e43ce8adcc53d7d4513abe014ff3bc,/content/drive/MyDrive/AISC DeepFake Çalışmaları/FaceForensics_Projesi/fake_frames/train/FaceSwap_541_523/frame_000011.jpg
fake_train_00686.jpg,fake,DeepFakeDetection_12_21__talking_against_wall__J54W3PV1,fake_dfd_pair::12_21,component::4c31e2e96572ac1b,train,val,325b66c7958a749ecafaf7fa0363fd09046dbcadcf7f55aaf51e20353e063a14,/content/drive/MyDrive/AISC DeepFake Çalışmaları/FaceForensics_Projesi/fake_frames/train/DeepFakeDetection_12_21__talking_against_wall__J54W3PV1/frame_000042.jpg
fake_train_00687.jpg,fake,Face2Face_197_224,fake_ffpp_pair::197_224,component::bf9dd8a6af2c5c59,train,val,2a57c76d3d9d6f13aed834cc5f1680147ec7e11525862f3dab875ee75854e8a2,/content/drive/MyDrive/AISC DeepFake Çalışmaları/FaceForensics_Projesi/fake_frames/train/Face2Face_197_224/frame_000020.jpg
fake_train_00688.jpg,fake,Deepfakes_771_849,fake_ffpp_pair::771_849,component::62046a791f721b53,train,test,85dcc46c0b6734f28e046b33e73841e947cca416d636cb7069d75f5d44372e39,/content/drive/MyDrive/AISC DeepFake Çalışmaları/FaceForensics_Projesi/fake_frames/train/Deepfakes_771_849/frame_000016.jpg
fake_train_00694.jpg,fake,FaceShifter_838_810,fake_ffpp_pair::810_838,component::ee9c795d2620c22a,train,train,88c48f7241cb8b81719900e6d1c6e453bebbe4bcd1f76d4e24d10e6cc02a1964,/content/drive/MyDrive/AISC DeepFake Çalışmaları/FaceForensics_Projesi/fake_frames/train/FaceShifter_838_810/frame_000003.jpg
fake_train_00696.jpg,fake,FaceShifter_341_340,fake_ffpp_pair::340_341,component::5ab5931850c95a7a,train,train,5e887a725b473b580ba5ff2fd39085c6b5d9e72d3ebbe37d389af75fa2d12841,/content/drive/MyDrive/AISC DeepFake Çalışmaları/FaceForensics_Projesi/fake_frames/train/FaceShifter_341_340/frame_000007.jpg
fake_train_00698.jpg,fake,Face2Face_346_351,fake_ffpp_pair::346_351,component::a666aa84e3f0ac96,train,train,cbdfb5632772e1ab69c0d744cfbff56cd273803484a0c9f899dc2d1b82d57de8,/content/drive/MyDrive/AISC DeepFake Çalışmaları/FaceForensics_Projesi/fake_frames/train/Face2Face_346_351/frame_000012.jpg
fake_train_00700.jpg,fake,FaceShifter_892_112,fake_ffpp_pair::112_892,component::61df0e0e89d31d88,train,train,16a48acafae3547db6cecd0e4abe66332c6d4484dd5dd2bdc282072b38f5c3c7,/content/drive/MyDrive/AISC DeepFake Çalışmaları/FaceForensics_Projesi/fake_frames/train/FaceShifter_892_112/frame_000000.jpg
fake_train_00704.jpg,fake,Deepfakes_417_496,fake_ffpp_pair::417_496,component::719c3af7579f6e40,train,val,7b8c1bf033f619eac5078f92a1d67a82ce4f5c346eba5b3e821b4f37ddd11999,/content/drive/MyDrive/AISC DeepFake Çalışmaları/FaceForensics_Projesi/fake_frames/train/Deepfakes_417_496/frame_000002.jpg
fake_train_00706.jpg,fake,Face2Face_815_730,fake_ffpp_pair::730_815,component::8538ee7e77fef17e,train,train,6e6531ff308179fcb3f858ecb95dc0208ee0e533fb70a6d31e15b4331ac7bfec,/content/drive/MyDrive/AISC DeepFake Çalışmaları/FaceForensics_Projesi/fake_frames/train/Face2Face_815_730/frame_000029.jpg
fake_train_00708.jpg,fake,FaceSwap_832_762,fake_ffpp_pair::762_832,component::1bd7294837ee7fe7,train,train,4d41462c81d46d2099130d478c033456793b560ca8082adc197fd3775ac20307,/content/drive/MyDrive/AISC DeepFake Çalışmaları/FaceForensics_Projesi/fake_frames/train/FaceSwap_832_762/frame_000013.jpg
fake_train_00709.jpg,fake,Deepfakes_952_882,fake_ffpp_pair::882_952,component::c181ceda14bb0ca1,train,train,1e8bb548f9bca8578e149a3cb6064ab6ad8edd5c55ccd404ff4363a392f5e720,/content/drive/MyDrive/AISC DeepFake Çalışmaları/FaceForensics_Projesi/fake_frames/train/Deepfakes_952_882/frame_000019.jpg
fake_train_00710.jpg,fake,FaceShifter_688_645,fake_ffpp_pair::645_688,component::f9b3c06d7412b8be,train,train,4ace501d37fde86b98ae85782ede09ce669e4ccef517d654a15800163aba7d5f,/content/drive/MyDrive/AISC DeepFake Çalışmaları/FaceForensics_Projesi/fake_frames/train/FaceShifter_688_645/frame_000026.jpg
fake_train_00711.jpg,fake,FaceSwap_458_722,fake_ffpp_pair::458_722,component::434a6fcd5596e12f,train,train,d54cd91e53f4edac2dd9faafdcc7c45c585e98810ac0596db24edbf251a0e8e9,/content/drive/MyDrive/AISC DeepFake Çalışmaları/FaceForensics_Projesi/fake_frames/train/FaceSwap_458_722/frame_000018.jpg
fake_train_00713.jpg,fake,FaceShifter_773_652,fake_ffpp_pair::652_773,component::0cb9c55a45bce4b6,train,test,550a8c378d015efce045915d1bba4f19a288ac1f6eb0a28cfb3cedd36c7cf70d,/content/drive/MyDrive/AISC DeepFake Çalışmaları/FaceForensics_Projesi/fake_frames/train/FaceShifter_773_652/frame_000026.jpg
fake_train_00714.jpg,fake,DeepFakeDetection_12_15__kitchen_still__RK17XFJ9,fake_dfd_pair::12_15,component::044bb58f4bfc48c4,train,train,c34ea6e4efbe6433a31e312d3b705a964e700e5d2b68d6de61a1fea097fc15e5,/content/drive/MyDrive/AISC DeepFake Çalışmaları/FaceForensics_Projesi/fake_frames/train/DeepFakeDetection_12_15__kitchen_still__RK17XFJ9/frame_000016.jpg
fake_train_00715.jpg,fake,FaceShifter_338_336,fake_ffpp_pair::336_338,component::d6d1e0f250b2af63,train,train,fccf6b2883cadc073cbc44d522775ad9ab94120bf3513201d3c8398ff87d4da1,/content/drive/MyDrive/AISC DeepFake Çalışmaları/FaceForensics_Projesi/fake_frames/train/FaceShifter_338_336/frame_000028.jpg
fake_train_00716.jpg,fake,Deepfakes_375_251,fake_ffpp_pair::251_375,component::40780f634245c8e1,train,train,be72da2da59ca4e5adfd3c9f919f76baf3e5c9617c21f15c147019cb25329edf,/content/drive/MyDrive/AISC DeepFake Çalışmaları/FaceForensics_Projesi/fake_frames/train/Deepfakes_375_251/frame_000005.jpg
fake_train_00718.jpg,fake,Face2Face_858_861,fake_ffpp_pair::858_861,component::14010bb999d131be,train,test,b0fe91a01cbff8018d033b6ae7ff919c76866e97ac1e51006e34e54e60abd0a0,/content/drive/MyDrive/AISC DeepFake Çalışmaları/FaceForensics_Projesi/fake_frames/train/Face2Face_858_861/frame_000001.jpg
fake_train_00719.jpg,fake,NeuralTextures_888_937,fake_ffpp_pair::888_937,component::7eb9d2a9d6267363,train,train,2576042f3a2ac16d594a0a22d209cabd4984a966fd61d55272ed6a7ffead9cb3,/content/drive/MyDrive/AISC DeepFake Çalışmaları/FaceForensics_Projesi/fake_frames/train/NeuralTextures_888_937/frame_000007.jpg
fake_train_00722.jpg,fake,DeepFakeDetection_09_13__kitchen_pan__21H6XSPE,fake_dfd_pair::09_13,component::d316bb89e499a09e,train,train,29b4603e974aa73bc336f48faa92301536edf09efa9f540ff6087046466616b9,/content/drive/MyDrive/AISC DeepFake Çalışmaları/FaceForensics_Projesi/fake_frames/train/DeepFakeDetection_09_13__kitchen_pan__21H6XSPE/frame_000013.jpg
fake_train_00723.jpg,fake,Face2Face_039_058,fake_ffpp_pair::039_058,component::f70a3986ba522bd9,train,val,a7af8bf4554450236b185a2addc92bb344732589c19b009af31a793a7964ba92,/content/drive/MyDrive/AISC DeepFake Çalışmaları/FaceForensics_Projesi/fake_frames/train/Face2Face_039_058/frame_000019.jpg
fake_train_00724.jpg,fake,DeepFakeDetection_12_13__podium_speech_happy__BFH4F0N8,fake_dfd_pair::12_13,component::eb872dc526a4b7c1,train,train,642d92fa48cfc31c6f7e5817b4d4cf5b089924fee9385b1442caefb8bbdcc7cf,/content/drive/MyDrive/AISC DeepFake Çalışmaları/FaceForensics_Projesi/fake_frames/train/DeepFakeDetection_12_13__podium_speech_happy__BFH4F0N8/frame_000028.jpg
fake_train_00726.jpg,fake,FaceShifter_864_839,fake_ffpp_pair::839_864,component::68950cc71f26f230,train,train,bbdffdc067f2705fb39c431d8e8f2a9a7761b4bc16f39392f1ad94753b56fb2b,/content/drive/MyDrive/AISC DeepFake Çalışmaları/FaceForensics_Projesi/fake_frames/train/FaceShifter_864_839/frame_000014.jpg
fake_train_00729.jpg,fake,Face2Face_516_555,fake_ffpp_pair::516_555,component::e1f91293f1768592,train,train,13cbbfef848530b4ce9432ff3d71a5a1c6b450f2b8b46a4a17fb8fdca73c87c3,/content/drive/MyDrive/AISC DeepFake Çalışmaları/FaceForensics_Projesi/fake_frames/train/Face2Face_516_555/frame_000022.jpg
fake_train_00730.jpg,fake,Deepfakes_690_689,fake_ffpp_pair::689_690,component::304d33f587ae6b51,train,test,36c5d81a158c5ec5dcbe30e6d207c890a1cfcc718a4577059a4d2a72dcb562a0,/content/drive/MyDrive/AISC DeepFake Çalışmaları/FaceForensics_Projesi/fake_frames/train/Deepfakes_690_689/frame_000006.jpg
fake_train_00732.jpg,fake,Deepfakes_025_067,fake_ffpp_pair::025_067,component::880661d2c9d6820c,train,train,cc9f02ea552dd844be54e001886095dd94b2188a720e35277a97acaa1ee4f410,/content/drive/MyDrive/AISC DeepFake Çalışmaları/FaceForensics_Projesi/fake_frames/train/Deepfakes_025_067/frame_000001.jpg
fake_train_00733.jpg,fake,FaceShifter_230_204,fake_ffpp_pair::204_230,component::56451b1d56fd4865,train,train,515112b224c317cbc0732631e0765fad9dc1b15416bd6dc94f8e08669f9cbde0,/content/drive/MyDrive/AISC DeepFake Çalışmaları/FaceForensics_Projesi/fake_frames/train/FaceShifter_230_204/frame_000002.jpg
fake_train_00735.jpg,fake,FaceSwap_972_718,fake_ffpp_pair::718_972,component::6fc4577d38008326,train,train,3173fe80abfb68f03702cbc1ca4621ad69287784da0ceb81e507e6253f94f48c,/content/drive/MyDrive/AISC DeepFake Çalışmaları/FaceForensics_Projesi/fake_frames/train/FaceSwap_972_718/frame_000002.jpg
fake_train_00736.jpg,fake,FaceShifter_623_630,fake_ffpp_pair::623_630,component::bd09632ac0db18e4,train,train,2fd9c97fa0f47d0841ce4f836fcce4414efed4b3918683a738b768f7c855c067,/content/drive/MyDrive/AISC DeepFake Çalışmaları/FaceForensics_Projesi/fake_frames/train/FaceShifter_623_630/frame_000017.jpg
fake_train_00737.jpg,fake,Deepfakes_893_913,fake_ffpp_pair::893_913,component::232af30fe8bb2124,train,test,a68d4a6901709ea36444960f4cf1ac38475b2427810bec76e8f73f3620822121,/content/drive/MyDrive/AISC DeepFake Çalışmaları/FaceForensics_Projesi/fake_frames/train/Deepfakes_893_913/frame_000023.jpg
fake_train_00738.jpg,fake,Face2Face_396_272,fake_ffpp_pair::272_396,component::8fafb0e6815b344b,train,val,88c8b11a765862fda6b1d65acf6a0d622fec78e58d4e54518f7dd77fc0b23bdc,/content/drive/MyDrive/AISC DeepFake Çalışmaları/FaceForensics_Projesi/fake_frames/train/Face2Face_396_272/frame_000011.jpg
fake_train_00739.jpg,fake,FaceShifter_945_044,fake_ffpp_pair::044_945,component::2d90e98387489112,train,val,1c03ff79c384610e3be60ea51247563eac22d578ca3f4ab0493c16e76e0bf5a7,/content/drive/MyDrive/AISC DeepFake Çalışmaları/FaceForensics_Projesi/fake_frames/train/FaceShifter_945_044/frame_000002.jpg
fake_train_00740.jpg,fake,NeuralTextures_704_723,fake_ffpp_pair::704_723,component::12cab325cc4c582b,train,train,fdf11f401dba5fd41f05531938727f84d4699af3503d6dfeb02818dc2bb72735,/content/drive/MyDrive/AISC DeepFake Çalışmaları/FaceForensics_Projesi/fake_frames/train/NeuralTextures_704_723/frame_000019.jpg
fake_train_00741.jpg,fake,FaceShifter_767_694,fake_ffpp_pair::694_767,component::65a22c08457eb7f0,train,train,8ba4f70076838113189582077ed06d403e4e4714d63ac71719516beda2a96e76,/content/drive/MyDrive/AISC DeepFake Çalışmaları/FaceForensics_Projesi/fake_frames/train/FaceShifter_767_694/frame_000000.jpg
fake_train_00744.jpg,fake,Face2Face_430_459,fake_ffpp_pair::430_459,component::e033c6201be20838,train,train,7d24d8c7b40d7f3d476e281a2f09cd95a16a54f11380a6b86f3d702b2e2c5574,/content/drive/MyDrive/AISC DeepFake Çalışmaları/FaceForensics_Projesi/fake_frames/train/Face2Face_430_459/frame_000001.jpg
fake_train_00748.jpg,fake,DeepFakeDetection_06_26__talking_angry_couch__L5BVR5L9,fake_dfd_pair::06_26,component::e2877381ec75d743,train,train,286d9c864e32dc6f3d5e136087adda1a9d6acf7ce072ab97d169ff48ec7d817a,/content/drive/MyDrive/AISC DeepFake Çalışmaları/FaceForensics_Projesi/fake_frames/train/DeepFakeDetection_06_26__talking_angry_couch__L5BVR5L9/frame_000047.jpg
fake_train_00749.jpg,fake,FaceShifter_176_190,fake_ffpp_pair::176_190,component::8e2bb817daa9d2b4,train,train,ccc499207c4fbef193721cbec1e08eb891478fb29654c2a5d979e9b7bacb8f27,/content/drive/MyDrive/AISC DeepFake Çalışmaları/FaceForensics_Projesi/fake_frames/train/FaceShifter_176_190/frame_000003.jpg
fake_train_00751.jpg,fake,Deepfakes_325_492,fake_ffpp_pair::325_492,component::ff5d2b5b303b8336,train,train,b2491a41b9b7b90a8bfe98ef6c98b1d92a775651629f57411dea8a407ba4cf3a,/content/drive/MyDrive/AISC DeepFake Çalışmaları/FaceForensics_Projesi/fake_frames/train/Deepfakes_325_492/frame_000060.jpg
fake_train_00752.jpg,fake,NeuralTextures_326_501,fake_ffpp_pair::326_501,component::76b30689e2624fd5,train,train,7293531162052285214c6320177247c3798613f3ee8f21461267c8206a57cd62,/content/drive/MyDrive/AISC DeepFake Çalışmaları/FaceForensics_Projesi/fake_frames/train/NeuralTextures_326_501/frame_000016.jpg
fake_train_00753.jpg,fake,FaceSwap_597_595,fake_ffpp_pair::595_597,component::6b65aaf0f2c5e641,train,train,f7ba77f8ef298f715fc439523fc6f7867618740b7fbe17036a0fa207947bea8c,/content/drive/MyDrive/AISC DeepFake Çalışmaları/FaceForensics_Projesi/fake_frames/train/FaceSwap_597_595/frame_000013.jpg
fake_train_00755.jpg,fake,FaceShifter_199_181,fake_ffpp_pair::181_199,component::5a91e570840e4c17,train,train,a479f1ee4778dd2c1942ead5a0b4b7352e1815fc520d825510b328602cbedd64,/content/drive/MyDrive/AISC DeepFake Çalışmaları/FaceForensics_Projesi/fake_frames/train/FaceShifter_199_181/frame_000004.jpg
fake_train_00756.jpg,fake,FaceShifter_826_833,fake_ffpp_pair::826_833,component::ed4f5e1c1b37f777,train,train,9ba75dfd2dc2618ca0467462365b31d1f109c0b2a3abb84d6dd764cd97fd58a8,/content/drive/MyDrive/AISC DeepFake Çalışmaları/FaceForensics_Projesi/fake_frames/train/FaceShifter_826_833/frame_000012.jpg
fake_train_00757.jpg,fake,DeepFakeDetection_18_14__talking_against_wall__0YRBHIKG,fake_dfd_pair::14_18,component::f9950a977c9d0bae,train,val,cab74d48598ca6401d11221648ad5db92c8148557fe49536a21237f7d1c1f9a8,/content/drive/MyDrive/AISC DeepFake Çalışmaları/FaceForensics_Projesi/fake_frames/train/DeepFakeDetection_18_14__talking_against_wall__0YRBHIKG/frame_000013.jpg
fake_train_00758.jpg,fake,Face2Face_298_279,fake_ffpp_pair::279_298,component::6cb205078eeef6c1,train,train,847f1c747a5301b3515c5725999f5ef3e4a625b56dca420258cad96100287618,/content/drive/MyDrive/AISC DeepFake Çalışmaları/FaceForensics_Projesi/fake_frames/train/Face2Face_298_279/frame_000003.jpg
fake_train_00759.jpg,fake,DeepFakeDetection_02_15__talking_angry_couch__I8G2LWD1,fake_dfd_pair::02_15,component::b46bd972b56a6200,train,train,ed9b14cff3871a11ddbdb2ae743ab972d6a075fdee68ef3ee76f19c3e5738386,/content/drive/MyDrive/AISC DeepFake Çalışmaları/FaceForensics_Projesi/fake_frames/train/DeepFakeDetection_02_15__talking_angry_couch__I8G2LWD1/frame_000001.jpg
fake_train_00760.jpg,fake,Deepfakes_652_773,fake_ffpp_pair::652_773,component::0cb9c55a45bce4b6,train,test,b5c4166ae6d958c3364c4d2f10bdc9e7a05bfc3bb5f77da61b9d001d9fe2ecf2,/content/drive/MyDrive/AISC DeepFake Çalışmaları/FaceForensics_Projesi/fake_frames/train/Deepfakes_652_773/frame_000001.jpg
fake_train_00761.jpg,fake,DeepFakeDetection_15_02__talking_against_wall__TSRK8QS4,fake_dfd_pair::02_15,component::b46bd972b56a6200,train,train,941431d6220b46f9cfea1c4ec6ae8f955b9a279b00024d469623f54bfe7fb006,/content/drive/MyDrive/AISC DeepFake Çalışmaları/FaceForensics_Projesi/fake_frames/train/DeepFakeDetection_15_02__talking_against_wall__TSRK8QS4/frame_000013.jpg
fake_train_00762.jpg,fake,FaceSwap_169_227,fake_ffpp_pair::169_227,component::626ae6087e0af342,train,train,e7c6d925434ab542098fdc5f3426ba5ec3b3aae41bcc0beebe4c977e6bab53da,/content/drive/MyDrive/AISC DeepFake Çalışmaları/FaceForensics_Projesi/fake_frames/train/FaceSwap_169_227/frame_000016.jpg
fake_train_00763.jpg,fake,FaceSwap_322_315,fake_ffpp_pair::315_322,component::767f3488560a743a,train,train,6bc61e4049649a475ff005dbbd3539d991de38fe423e888a77edd12613d3c43c,/content/drive/MyDrive/AISC DeepFake Çalışmaları/FaceForensics_Projesi/fake_frames/train/FaceSwap_322_315/frame_000009.jpg
fake_train_00764.jpg,fake,NeuralTextures_623_630,fake_ffpp_pair::623_630,component::bd09632ac0db18e4,train,train,382b6f890377ae3a424277c6286a4582ba30452f9c6732f580b8b3eabca504c5,/content/drive/MyDrive/AISC DeepFake Çalışmaları/FaceForensics_Projesi/fake_frames/train/NeuralTextures_623_630/frame_000012.jpg
fake_train_00766.jpg,fake,NeuralTextures_568_628,fake_ffpp_pair::568_628,component::e145fffc569fbeb2,train,train,de59185eb99201f5befb44c266706d04af9ba7c78f26feca6dbce709a968ce45,/content/drive/MyDrive/AISC DeepFake Çalışmaları/FaceForensics_Projesi/fake_frames/train/NeuralTextures_568_628/frame_000006.jpg
fake_train_00767.jpg,fake,NeuralTextures_677_671,fake_ffpp_pair::671_677,component::9e46c9f3e7eade54,train,val,24f4e57c58dbac3f901a02f721cb1a163ecac4a266a88eefcb706691e9d40779,/content/drive/MyDrive/AISC DeepFake Çalışmaları/FaceForensics_Projesi/fake_frames/train/NeuralTextures_677_671/frame_000011.jpg
fake_train_00770.jpg,fake,Face2Face_803_017,fake_ffpp_pair::017_803,component::6aba74b0240003ee,train,train,2a959a0be106db58031bdffdf5576b721cbbae6557587de3eab725199292938b,/content/drive/MyDrive/AISC DeepFake Çalışmaları/FaceForensics_Projesi/fake_frames/train/Face2Face_803_017/frame_000011.jpg
fake_train_00771.jpg,fake,FaceShifter_001_870,fake_ffpp_pair::001_870,component::de992623245e7cca,train,train,37526115bd95e66dd0bbff1c4546bda4f49aa238142c26d128028123b1e4555a,/content/drive/MyDrive/AISC DeepFake Çalışmaları/FaceForensics_Projesi/fake_frames/train/FaceShifter_001_870/frame_000022.jpg
fake_train_00772.jpg,fake,NeuralTextures_326_501,fake_ffpp_pair::326_501,component::76b30689e2624fd5,train,train,7a2e8fbd6f3a96730cee3e81d1efe79d45f7e47ebdef35f6c7215abddfc9b320,/content/drive/MyDrive/AISC DeepFake Çalışmaları/FaceForensics_Projesi/fake_frames/train/NeuralTextures_326_501/frame_000023.jpg
fake_train_00773.jpg,fake,Deepfakes_612_702,fake_ffpp_pair::612_702,component::57f6f81a793fa03b,train,train,f2491f378dd74cfe97cd33918e0d35866d221e2d50a3fdb5f9d139d38dcf3aad,/content/drive/MyDrive/AISC DeepFake Çalışmaları/FaceForensics_Projesi/fake_frames/train/Deepfakes_612_702/frame_000007.jpg
fake_train_00774.jpg,fake,FaceSwap_656_666,fake_ffpp_pair::656_666,component::2a8a62e00c58ca66,train,train,e4c70edbf4bbcfae469da8b5c9ca60644259ac454c1c37fbcb45ae6d6467cbab,/content/drive/MyDrive/AISC DeepFake Çalışmaları/FaceForensics_Projesi/fake_frames/train/FaceSwap_656_666/frame_000020.jpg
fake_train_00775.jpg,fake,NeuralTextures_283_313,fake_ffpp_pair::283_313,component::91f8fa6ba4eea2ab,train,train,f18d34c0f2f2da3741ef1f6ceeaeb589612537bd30b96ff80efe0ca5a1de912b,/content/drive/MyDrive/AISC DeepFake Çalışmaları/FaceForensics_Projesi/fake_frames/train/NeuralTextures_283_313/frame_000014.jpg
fake_train_00776.jpg,fake,Deepfakes_636_578,fake_ffpp_pair::578_636,component::fdb2f2ff7ae528bf,train,train,4426e6e86a401baf9ccedf21c564bd27b05eaaf9e46b65284114c9c20005ec97,/content/drive/MyDrive/AISC DeepFake Çalışmaları/FaceForensics_Projesi/fake_frames/train/Deepfakes_636_578/frame_000010.jpg
fake_train_00777.jpg,fake,FaceShifter_533_450,fake_ffpp_pair::450_533,component::3798372663f668e0,train,train,ef372443b7e7b714a0fe8a9f1b86c1f2dc345562be105858af7375b59ae5fae5,/content/drive/MyDrive/AISC DeepFake Çalışmaları/FaceForensics_Projesi/fake_frames/train/FaceShifter_533_450/frame_000005.jpg
fake_train_00778.jpg,fake,NeuralTextures_769_784,fake_ffpp_pair::769_784,component::6fc8f7b7f4368db2,train,train,e748fdd623f152b34768bc098426c72b0ddd0acbd6be7f8a6ed46df96e2854d4,/content/drive/MyDrive/AISC DeepFake Çalışmaları/FaceForensics_Projesi/fake_frames/train/NeuralTextures_769_784/frame_000021.jpg
fake_train_00780.jpg,fake,FaceShifter_819_786,fake_ffpp_pair::786_819,component::160322c076760fc2,train,train,ec89173d6cd65abbf3bbe9c6cad828862be3ccc720b9cd0f1e0e19f5b109c823,/content/drive/MyDrive/AISC DeepFake Çalışmaları/FaceForensics_Projesi/fake_frames/train/FaceShifter_819_786/frame_000031.jpg
fake_train_00781.jpg,fake,NeuralTextures_405_393,fake_ffpp_pair::393_405,component::053054b9fc64b3a4,train,train,81898ee454c4e910fe04a48aa5cb94877ed20fcba581196f22a57228638df929,/content/drive/MyDrive/AISC DeepFake Çalışmaları/FaceForensics_Projesi/fake_frames/train/NeuralTextures_405_393/frame_000009.jpg
fake_train_00785.jpg,fake,NeuralTextures_835_651,fake_ffpp_pair::651_835,component::80bd72c7ac2dd0cf,train,train,ca4effc0fb9e37399068615567823c85ef59a74c29979ff742e9c543e3bcabbd,/content/drive/MyDrive/AISC DeepFake Çalışmaları/FaceForensics_Projesi/fake_frames/train/NeuralTextures_835_651/frame_000018.jpg
fake_train_00786.jpg,fake,Face2Face_267_286,fake_ffpp_pair::267_286,component::3ba2f5eae0cfc825,train,train,cdf277e7e239520efd89aeb0916de4f75e5e3f6f4fef795a12f91c0ed414d7fa,/content/drive/MyDrive/AISC DeepFake Çalışmaları/FaceForensics_Projesi/fake_frames/train/Face2Face_267_286/frame_000009.jpg
fake_train_00787.jpg,fake,FaceShifter_963_879,fake_ffpp_pair::879_963,component::63db1aa6578a903c,train,train,45688bdf27bffdfac003a0ecfc8f7d512b66d0de240b5ca376dc371901352047,/content/drive/MyDrive/AISC DeepFake Çalışmaları/FaceForensics_Projesi/fake_frames/train/FaceShifter_963_879/frame_000021.jpg
fake_train_00790.jpg,fake,FaceShifter_526_436,fake_ffpp_pair::436_526,component::cf35e706388abc9e,train,val,11766de514155ff64b6aed052fa5dd45c06227e0bc4964325f2baf658a366f0d,/content/drive/MyDrive/AISC DeepFake Çalışmaları/FaceForensics_Projesi/fake_frames/train/FaceShifter_526_436/frame_000002.jpg
fake_train_00791.jpg,fake,FaceSwap_063_041,fake_ffpp_pair::041_063,component::2785a6c07fdcd347,train,train,da48018b5c73689ed004ef121abbd3ad6fdaa8d66ef931b66df19f0e2baf7810,/content/drive/MyDrive/AISC DeepFake Çalışmaları/FaceForensics_Projesi/fake_frames/train/FaceSwap_063_041/frame_000000.jpg
fake_train_00792.jpg,fake,Face2Face_768_793,fake_ffpp_pair::768_793,component::a67b60245b8e7ea5,train,train,8f26aca6cd72882bd5ea70759d121776c29e418858d05c9377dd82370be840aa,/content/drive/MyDrive/AISC DeepFake Çalışmaları/FaceForensics_Projesi/fake_frames/train/Face2Face_768_793/frame_000007.jpg
fake_train_00793.jpg,fake,Face2Face_005_010,fake_ffpp_pair::005_010,component::d1a916da8b114e30,train,train,ce07b70ad1ea4fc024ec99a34f46c91da402a827c847bc3e3cc0ce9157d864ad,/content/drive/MyDrive/AISC DeepFake Çalışmaları/FaceForensics_Projesi/fake_frames/train/Face2Face_005_010/frame_000020.jpg
fake_train_00794.jpg,fake,NeuralTextures_251_375,fake_ffpp_pair::251_375,component::40780f634245c8e1,train,train,88ae6ffc378a367a6ab3b28ee6e03b4a4729040f3b806bb06005d800b660d42c,/content/drive/MyDrive/AISC DeepFake Çalışmaları/FaceForensics_Projesi/fake_frames/train/NeuralTextures_251_375/frame_000017.jpg
fake_train_00795.jpg,fake,FaceSwap_904_046,fake_ffpp_pair::046_904,component::2ecc6af19efc9656,train,val,aa8330a894369364caeb1c08455af7b9102664b338120cee38a967c0f5d4da98,/content/drive/MyDrive/AISC DeepFake Çalışmaları/FaceForensics_Projesi/fake_frames/train/FaceSwap_904_046/frame_000004.jpg
fake_train_00796.jpg,fake,FaceSwap_410_411,fake_ffpp_pair::410_411,component::a9ac50310d45a1e8,train,val,846bd5341e1c406a94306b66c98a96ff4416e2947a58fcecd71c51a4990ea794,/content/drive/MyDrive/AISC DeepFake Çalışmaları/FaceForensics_Projesi/fake_frames/train/FaceSwap_410_411/frame_000018.jpg
fake_train_00797.jpg,fake,DeepFakeDetection_27_02__talking_angry_couch__FV8M8O2C,fake_dfd_pair::02_27,component::89c369b9b5c7c62d,train,train,1b4c3f30285bf9fd819a09fb4d4bc8d0202194f914a0fb2c016ab6e8ee3ccdae,/content/drive/MyDrive/AISC DeepFake Çalışmaları/FaceForensics_Projesi/fake_frames/train/DeepFakeDetection_27_02__talking_angry_couch__FV8M8O2C/frame_000001.jpg
fake_train_00799.jpg,fake,Deepfakes_874_291,fake_ffpp_pair::291_874,component::ec7e8d7ea94e2257,train,test,79f7edd86236eeb7bbe285fc3abdca03040e3bbc4547d0c231dc2006768d75d6,/content/drive/MyDrive/AISC DeepFake Çalışmaları/FaceForensics_Projesi/fake_frames/train/Deepfakes_874_291/frame_000005.jpg
fake_train_00800.jpg,fake,FaceShifter_168_222,fake_ffpp_pair::168_222,component::d7783c8e159b2d7d,train,train,344bb8f316475a32b811dbdbde972cda15b5dacfd9c2234a5a77ed52e721593b,/content/drive/MyDrive/AISC DeepFake Çalışmaları/FaceForensics_Projesi/fake_frames/train/FaceShifter_168_222/frame_000030.jpg
fake_train_00801.jpg,fake,FaceShifter_735_774,fake_ffpp_pair::735_774,component::139a443959f2dceb,train,train,67772a62ab254deb658e934d3c196ddf4f41e08d263e3c63aabf46488d8da287,/content/drive/MyDrive/AISC DeepFake Çalışmaları/FaceForensics_Projesi/fake_frames/train/FaceShifter_735_774/frame_000019.jpg
fake_train_00802.jpg,fake,NeuralTextures_951_947,fake_ffpp_pair::947_951,component::2e9d9ce9c243dcc1,train,val,c50d97f6c37a40945027de49c167a95b149547443f245a0c5fc1680d13475d92,/content/drive/MyDrive/AISC DeepFake Çalışmaları/FaceForensics_Projesi/fake_frames/train/NeuralTextures_951_947/frame_000027.jpg
fake_train_00805.jpg,fake,DeepFakeDetection_12_15__hugging_happy__N0SRODQD,fake_dfd_pair::12_15,component::044bb58f4bfc48c4,train,train,da8e4cd873489e9746887717afd63e31073126a60366cce3325bbd44294ac39e,/content/drive/MyDrive/AISC DeepFake Çalışmaları/FaceForensics_Projesi/fake_frames/train/DeepFakeDetection_12_15__hugging_happy__N0SRODQD/frame_000035.jpg
fake_train_00806.jpg,fake,NeuralTextures_939_115,fake_ffpp_pair::115_939,component::87eee2486fe3c547,train,train,61bd67f2e1ec8c7db705714583aaeb6e88c6b3c51fe55f9963084be812555a32,/content/drive/MyDrive/AISC DeepFake Çalışmaları/FaceForensics_Projesi/fake_frames/train/NeuralTextures_939_115/frame_000006.jpg
fake_train_00808.jpg,fake,Face2Face_387_311,fake_ffpp_pair::311_387,component::1101f0dd9f4f3834,train,val,4220e1da01922144b98eeea66059a238705a6acd96865b96589f3a2c97b4a059,/content/drive/MyDrive/AISC DeepFake Çalışmaları/FaceForensics_Projesi/fake_frames/train/Face2Face_387_311/frame_000006.jpg
fake_train_00810.jpg,fake,FaceSwap_014_790,fake_ffpp_pair::014_790,component::40cc6dd39ac0238e,train,test,c056d9a9d26b3db20aa11a167d6b557472678111563c02f866dbf2349ad4832e,/content/drive/MyDrive/AISC DeepFake Çalışmaları/FaceForensics_Projesi/fake_frames/train/FaceSwap_014_790/frame_000004.jpg
fake_train_00811.jpg,fake,DeepFakeDetection_20_13__kitchen_pan__4SAX54BT,fake_dfd_pair::13_20,component::c0c3f8ea7d259e6f,train,train,a2827d6289f6575bcaa2193ba19440df42153698c00e05150c6815fcdc34a83e,/content/drive/MyDrive/AISC DeepFake Çalışmaları/FaceForensics_Projesi/fake_frames/train/DeepFakeDetection_20_13__kitchen_pan__4SAX54BT/frame_000031.jpg
fake_train_00813.jpg,fake,DeepFakeDetection_26_27__talking_against_wall__IE9N0ZI9,fake_dfd_pair::26_27,component::1bd9b319eae861ea,train,train,3887b53dab67061fb286791c59958a9fbc64e4bf47d3ef73ca5d7aa45744a54a,/content/drive/MyDrive/AISC DeepFake Çalışmaları/FaceForensics_Projesi/fake_frames/train/DeepFakeDetection_26_27__talking_against_wall__IE9N0ZI9/frame_000049.jpg
fake_train_00814.jpg,fake,FaceShifter_746_571,fake_ffpp_pair::571_746,component::c5575917432019a9,train,train,c476e1ea3e8faae537936cee63d2a8bb831977a8dfa9b300640ad1a126853b0e,/content/drive/MyDrive/AISC DeepFake Çalışmaları/FaceForensics_Projesi/fake_frames/train/FaceShifter_746_571/frame_000006.jpg
fake_train_00815.jpg,fake,Deepfakes_917_924,fake_ffpp_pair::917_924,component::672fa65df2510fc9,train,val,6dc6be31fc2758d6390bd8706bb6866cef559a5d2df38a7843a89de2b6c0e7f6,/content/drive/MyDrive/AISC DeepFake Çalışmaları/FaceForensics_Projesi/fake_frames/train/Deepfakes_917_924/frame_000017.jpg
fake_train_00816.jpg,fake,DeepFakeDetection_14_03__talking_angry_couch__L0GHYIFS,fake_dfd_pair::03_14,component::7483d6397327e8ef,train,train,e4fb0fdf882d1a4a6c307bd1deb7f5ea00f264f849728470ae257273de26e137,/content/drive/MyDrive/AISC DeepFake Çalışmaları/FaceForensics_Projesi/fake_frames/train/DeepFakeDetection_14_03__talking_angry_couch__L0GHYIFS/frame_000064.jpg
fake_train_00817.jpg,fake,Deepfakes_895_915,fake_ffpp_pair::895_915,component::bb7a2e3d4fbc324b,train,test,31f350597f79c8af1cc77ef28cfe99c65a7ce2daa6e9211e0d626e310337310e,/content/drive/MyDrive/AISC DeepFake Çalışmaları/FaceForensics_Projesi/fake_frames/train/Deepfakes_895_915/frame_000003.jpg
fake_train_00818.jpg,fake,DeepFakeDetection_12_15__kitchen_pan__N0SRODQD,fake_dfd_pair::12_15,component::044bb58f4bfc48c4,train,train,ebdbd19aad9c0953c3c7acd730929afae3e2b832773e0d896df31f2082a3939c,/content/drive/MyDrive/AISC DeepFake Çalışmaları/FaceForensics_Projesi/fake_frames/train/DeepFakeDetection_12_15__kitchen_pan__N0SRODQD/frame_000024.jpg
fake_train_00822.jpg,fake,FaceSwap_558_583,fake_ffpp_pair::558_583,component::526627f06c203952,train,train,5811234f23d5f66d04dfe3c8906370e57cd76eff9ca729d9ecb49c025f1d4a3f,/content/drive/MyDrive/AISC DeepFake Çalışmaları/FaceForensics_Projesi/fake_frames/train/FaceSwap_558_583/frame_000006.jpg
fake_train_00824.jpg,fake,DeepFakeDetection_12_21__outside_talking_still_laughing__J54W3PV1,fake_dfd_pair::12_21,component::4c31e2e96572ac1b,train,val,b8cd5b24483345518ad449814cc29b09d63989797fbca20ec9f3c78620079404,/content/drive/MyDrive/AISC DeepFake Çalışmaları/FaceForensics_Projesi/fake_frames/train/DeepFakeDetection_12_21__outside_talking_still_laughing__J54W3PV1/frame_000028.jpg
fake_train_00826.jpg,fake,FaceSwap_806_781,fake_ffpp_pair::781_806,component::a2ef9647fe8894b3,train,train,9a570925dce2a39cd9cc47d1611dfafde10664f90d277ceff8cbbeabd5dcb149,/content/drive/MyDrive/AISC DeepFake Çalışmaları/FaceForensics_Projesi/fake_frames/train/FaceSwap_806_781/frame_000001.jpg
fake_train_00827.jpg,fake,FaceShifter_980_992,fake_ffpp_pair::980_992,component::b12e7f95da03a9f4,train,train,06cf80268e86cd0a21c1e19a62c1a2bd9769d5919f03412adb53b39d68ec379c,/content/drive/MyDrive/AISC DeepFake Çalışmaları/FaceForensics_Projesi/fake_frames/train/FaceShifter_980_992/frame_000000.jpg
fake_train_00828.jpg,fake,FaceSwap_469_481,fake_ffpp_pair::469_481,component::f600e6491a447be3,train,test,649b8412b982daff0d96fcc075d46359038bae713ba302e9ccd26f8432e130f8,/content/drive/MyDrive/AISC DeepFake Çalışmaları/FaceForensics_Projesi/fake_frames/train/FaceSwap_469_481/frame_000002.jpg
fake_train_00829.jpg,fake,FaceSwap_839_864,fake_ffpp_pair::839_864,component::68950cc71f26f230,train,train,ebdbecdc88d3617f3a65090da3cc7ce060b721266199abcb220cfa0a6eaf984c,/content/drive/MyDrive/AISC DeepFake Çalışmaları/FaceForensics_Projesi/fake_frames/train/FaceSwap_839_864/frame_000007.jpg
fake_train_00833.jpg,fake,Face2Face_898_922,fake_ffpp_pair::898_922,component::0b8d633ac84f6f42,train,val,0cfb47d743f71448b213648a03772bd60b2f46965b35a39578198096729e7d48,/content/drive/MyDrive/AISC DeepFake Çalışmaları/FaceForensics_Projesi/fake_frames/train/Face2Face_898_922/frame_000015.jpg
fake_train_00834.jpg,fake,Deepfakes_773_652,fake_ffpp_pair::652_773,component::0cb9c55a45bce4b6,train,test,ae08563a758150c47cd69e7797e3a6250ea9a8e1921838eb04dd6d58dfd68f4c,/content/drive/MyDrive/AISC DeepFake Çalışmaları/FaceForensics_Projesi/fake_frames/train/Deepfakes_773_652/frame_000013.jpg
fake_train_00836.jpg,fake,Face2Face_304_300,fake_ffpp_pair::300_304,component::899624e150798924,train,val,17a9da80272271dda8222d18802e0421407cf9d757edcf7895840a937a93df2e,/content/drive/MyDrive/AISC DeepFake Çalışmaları/FaceForensics_Projesi/fake_frames/train/Face2Face_304_300/frame_000026.jpg
fake_train_00837.jpg,fake,Face2Face_942_943,fake_ffpp_pair::942_943,component::724a84739d7122b4,train,train,bf81d9644c9e3cfbd09acae4869afc94de5ff551f5ded5b27984b8ecfbbe9cd3,/content/drive/MyDrive/AISC DeepFake Çalışmaları/FaceForensics_Projesi/fake_frames/train/Face2Face_942_943/frame_000002.jpg
fake_train_00838.jpg,fake,Face2Face_787_782,fake_ffpp_pair::782_787,component::765c930742492680,train,train,660df021a2c8ca25da69f7c7f7b983b94d350300c5f9e646af244fc33b98fa32,/content/drive/MyDrive/AISC DeepFake Çalışmaları/FaceForensics_Projesi/fake_frames/train/Face2Face_787_782/frame_000014.jpg
fake_train_00839.jpg,fake,NeuralTextures_252_266,fake_ffpp_pair::252_266,component::59cf2f30b0e17b3f,train,train,799b221cfafc8622c931db3eddf1af1e6f39387ca705f47955714d648a43d446,/content/drive/MyDrive/AISC DeepFake Çalışmaları/FaceForensics_Projesi/fake_frames/train/NeuralTextures_252_266/frame_000024.jpg
fake_train_00841.jpg,fake,DeepFakeDetection_12_15__kitchen_still__RK17XFJ9,fake_dfd_pair::12_15,component::044bb58f4bfc48c4,train,train,45680eefa6f5bd05cca2aa2413146d86eba106f6c4d64a406f48ce3ae6db6e68,/content/drive/MyDrive/AISC DeepFake Çalışmaları/FaceForensics_Projesi/fake_frames/train/DeepFakeDetection_12_15__kitchen_still__RK17XFJ9/frame_000032.jpg
fake_train_00842.jpg,fake,DeepFakeDetection_18_03__kitchen_still__22UBC0BS,fake_dfd_pair::03_18,component::030645970c9d1e7f,train,train,4d41734d58134db9bea901a19b622a7d6f5ed9955d430abd3f81ae4ec1726ee2,/content/drive/MyDrive/AISC DeepFake Çalışmaları/FaceForensics_Projesi/fake_frames/train/DeepFakeDetection_18_03__kitchen_still__22UBC0BS/frame_000034.jpg
fake_train_00844.jpg,fake,DeepFakeDetection_11_01__talking_angry_couch__LL4RUKZA,fake_dfd_pair::01_11,component::a1fd7a5bd78e69df,train,train,f5e6d8c823d7d07932f1d1140d12f68e487ca0a69efc3b4a0aa28410e7e8f71b,/content/drive/MyDrive/AISC DeepFake Çalışmaları/FaceForensics_Projesi/fake_frames/train/DeepFakeDetection_11_01__talking_angry_couch__LL4RUKZA/frame_000019.jpg
fake_train_00847.jpg,fake,NeuralTextures_853_863,fake_ffpp_pair::853_863,component::d6045dc0b2173271,train,train,a8c87778cb6e2f6765bd9451e9c322dba077ef0ba8adc6661679e95abb38cd42,/content/drive/MyDrive/AISC DeepFake Çalışmaları/FaceForensics_Projesi/fake_frames/train/NeuralTextures_853_863/frame_000001.jpg
fake_train_00848.jpg,fake,DeepFakeDetection_09_20__podium_speech_happy__RAGUKRMK,fake_dfd_pair::09_20,component::4cac70b9551aab28,train,train,3e04de0f3f472ef87df14045a1a444b12e025410688e4e0cad864771e12f315b,/content/drive/MyDrive/AISC DeepFake Çalışmaları/FaceForensics_Projesi/fake_frames/train/DeepFakeDetection_09_20__podium_speech_happy__RAGUKRMK/frame_000020.jpg
fake_train_00850.jpg,fake,Deepfakes_453_402,fake_ffpp_pair::402_453,component::609b59b50060040a,train,test,d7c9532f9dcd17546e6fd076ab23901e5db7492ff520e1e4e70d76a23b568296,/content/drive/MyDrive/AISC DeepFake Çalışmaları/FaceForensics_Projesi/fake_frames/train/Deepfakes_453_402/frame_000009.jpg
fake_train_00851.jpg,fake,Face2Face_374_407,fake_ffpp_pair::374_407,component::533d17e368c0adee,train,train,4b4e9ff71b25d11c7d3addc826167dfa9e2cd3b227307afd713c8c53dc70782d,/content/drive/MyDrive/AISC DeepFake Çalışmaları/FaceForensics_Projesi/fake_frames/train/Face2Face_374_407/frame_000023.jpg
fake_train_00852.jpg,fake,Deepfakes_533_450,fake_ffpp_pair::450_533,component::3798372663f668e0,train,train,3edcac125f0c16ad79f3aa5ec5fc20ef5801ac881e1052838cf6dccf7d5a921a,/content/drive/MyDrive/AISC DeepFake Çalışmaları/FaceForensics_Projesi/fake_frames/train/Deepfakes_533_450/frame_000000.jpg
fake_train_00853.jpg,fake,DeepFakeDetection_20_13__kitchen_still__NJEO6L5O,fake_dfd_pair::13_20,component::c0c3f8ea7d259e6f,train,train,5277bea5a181c2524aeeb7a4d646b6ef36e5e5ceb80dde726b9103eace9c3201,/content/drive/MyDrive/AISC DeepFake Çalışmaları/FaceForensics_Projesi/fake_frames/train/DeepFakeDetection_20_13__kitchen_still__NJEO6L5O/frame_000043.jpg
fake_train_00854.jpg,fake,FaceShifter_222_168,fake_ffpp_pair::168_222,component::d7783c8e159b2d7d,train,train,687995a20a0c3b8a194bdc98a368f9fc0d7c4ce044bbf2b303c71063a0850f24,/content/drive/MyDrive/AISC DeepFake Çalışmaları/FaceForensics_Projesi/fake_frames/train/FaceShifter_222_168/frame_000009.jpg
fake_train_00856.jpg,fake,Face2Face_058_039,fake_ffpp_pair::039_058,component::f70a3986ba522bd9,train,val,129b441c7e205137380aeabea2bd690449981f5f288f94e1f9126bcd2b3518b6,/content/drive/MyDrive/AISC DeepFake Çalışmaları/FaceForensics_Projesi/fake_frames/train/Face2Face_058_039/frame_000009.jpg
fake_train_00857.jpg,fake,Face2Face_430_459,fake_ffpp_pair::430_459,component::e033c6201be20838,train,train,82263c2e1f3c7147a3ca34e85b21346812140bd101f534ac84f08cb675b7d62f,/content/drive/MyDrive/AISC DeepFake Çalışmaları/FaceForensics_Projesi/fake_frames/train/Face2Face_430_459/frame_000008.jpg
fake_train_00858.jpg,fake,Face2Face_985_981,fake_ffpp_pair::981_985,component::427e7e386848cb81,train,train,60146c56f8ab26185bba103f7cc948ec5d45494a3d9fcbee2c994fae385deb07,/content/drive/MyDrive/AISC DeepFake Çalışmaları/FaceForensics_Projesi/fake_frames/train/Face2Face_985_981/frame_000018.jpg
fake_train_00859.jpg,fake,Deepfakes_854_747,fake_ffpp_pair::747_854,component::fad9c1f7d06bf6be,train,val,2662c0a3bbedd56e7f98be9c1fb45df803a0fc01b23417aed11733c73a0e111f,/content/drive/MyDrive/AISC DeepFake Çalışmaları/FaceForensics_Projesi/fake_frames/train/Deepfakes_854_747/frame_000008.jpg
fake_train_00861.jpg,fake,Deepfakes_911_910,fake_ffpp_pair::910_911,component::7e5b08dd867913fb,train,train,e6d7fd8560fb4cd14bc8db19496efad03b2b51484876f2dc14a51fb116698bb1,/content/drive/MyDrive/AISC DeepFake Çalışmaları/FaceForensics_Projesi/fake_frames/train/Deepfakes_911_910/frame_000011.jpg
fake_train_00862.jpg,fake,FaceSwap_885_802,fake_ffpp_pair::802_885,component::b42df001a98f5f9e,train,train,41dffe4d38b794d16497b1230ccc91fb77b0d46a7de470188f4cdc52fea9710a,/content/drive/MyDrive/AISC DeepFake Çalışmaları/FaceForensics_Projesi/fake_frames/train/FaceSwap_885_802/frame_000006.jpg
fake_train_00865.jpg,fake,FaceShifter_461_250,fake_ffpp_pair::250_461,component::1cebd0ac997b4dd2,train,train,0b89f3b04e0f7bd644330a25756711d09a6e3ed706a93b00cfc4ad46f9f41627,/content/drive/MyDrive/AISC DeepFake Çalışmaları/FaceForensics_Projesi/fake_frames/train/FaceShifter_461_250/frame_000013.jpg
fake_train_00867.jpg,fake,DeepFakeDetection_14_20__hugging_happy__B014BKVO,fake_dfd_pair::14_20,component::29deb208c64d370e,train,train,a8dd9ded9ddc1421514c7b102fde29792a25fbd365eb8077586b69f0eb422641,/content/drive/MyDrive/AISC DeepFake Çalışmaları/FaceForensics_Projesi/fake_frames/train/DeepFakeDetection_14_20__hugging_happy__B014BKVO/frame_000002.jpg
fake_train_00868.jpg,fake,NeuralTextures_617_566,fake_ffpp_pair::566_617,component::63fb6bb5296ae38f,train,train,c240f10bf426916e9343d48b68703bf816d146e4fd143107cc2e322fec0716ac,/content/drive/MyDrive/AISC DeepFake Çalışmaları/FaceForensics_Projesi/fake_frames/train/NeuralTextures_617_566/frame_000001.jpg
fake_train_00870.jpg,fake,FaceShifter_495_512,fake_ffpp_pair::495_512,component::50d0b100a93d2815,train,train,e37f56ab5b6a132ed54a80138d88e47691b4015aca02e34407fff14dfe27ad82,/content/drive/MyDrive/AISC DeepFake Çalışmaları/FaceForensics_Projesi/fake_frames/train/FaceShifter_495_512/frame_000029.jpg
fake_train_00871.jpg,fake,Face2Face_286_267,fake_ffpp_pair::267_286,component::3ba2f5eae0cfc825,train,train,e6dc88b93c233bdcc31760978a826d1151dd4d8bec582f380eb56f132730980e,/content/drive/MyDrive/AISC DeepFake Çalışmaları/FaceForensics_Projesi/fake_frames/train/Face2Face_286_267/frame_000009.jpg
fake_train_00872.jpg,fake,DeepFakeDetection_02_06__talking_angry_couch__GH8TGTBS,fake_dfd_pair::02_06,component::0d8dc3fd61b2edb6,train,train,031d461aa2bfd0bb2a35ee1f9efe4a68b185dcebea33a06d1e0165c7db4e432c,/content/drive/MyDrive/AISC DeepFake Çalışmaları/FaceForensics_Projesi/fake_frames/train/DeepFakeDetection_02_06__talking_angry_couch__GH8TGTBS/frame_000022.jpg
fake_train_00873.jpg,fake,NeuralTextures_346_351,fake_ffpp_pair::346_351,component::a666aa84e3f0ac96,train,train,c8775b34369a77acbd9804a4b077ad1746d9e55585e4b1b3c7cf4bfd06b12226,/content/drive/MyDrive/AISC DeepFake Çalışmaları/FaceForensics_Projesi/fake_frames/train/NeuralTextures_346_351/frame_000008.jpg
fake_train_00874.jpg,fake,NeuralTextures_955_078,fake_ffpp_pair::078_955,component::a0336cba7bf6cb32,train,test,26292f88b5eaab07f1569202741c07a41845cb2083dadf146db3348d1514d1cb,/content/drive/MyDrive/AISC DeepFake Çalışmaları/FaceForensics_Projesi/fake_frames/train/NeuralTextures_955_078/frame_000016.jpg
fake_train_00876.jpg,fake,Face2Face_274_412,fake_ffpp_pair::274_412,component::66f9834bcbe3b86b,train,train,de9c15705e5dfee4b502c6c4da5cfc6510c3b22dc37389efbbc46f57cc44038f,/content/drive/MyDrive/AISC DeepFake Çalışmaları/FaceForensics_Projesi/fake_frames/train/Face2Face_274_412/frame_000011.jpg
fake_train_00879.jpg,fake,Deepfakes_771_849,fake_ffpp_pair::771_849,component::62046a791f721b53,train,test,1002a1168cb05e9f01d69982d63606451bcfdccace7020eeef8a418ac055e076,/content/drive/MyDrive/AISC DeepFake Çalışmaları/FaceForensics_Projesi/fake_frames/train/Deepfakes_771_849/frame_000022.jpg
fake_train_00880.jpg,fake,Face2Face_793_768,fake_ffpp_pair::768_793,component::a67b60245b8e7ea5,train,train,c54813315880410e4fcb9390f7c39080b960cdf990443d82f900d51619b81548,/content/drive/MyDrive/AISC DeepFake Çalışmaları/FaceForensics_Projesi/fake_frames/train/Face2Face_793_768/frame_000013.jpg
fake_train_00881.jpg,fake,FaceShifter_378_368,fake_ffpp_pair::368_378,component::b2b30aedceceb9ee,train,test,d48c8d77eaafdcc9749e8244d55503a2bb5b776f8aa81f91009348484bb69b0c,/content/drive/MyDrive/AISC DeepFake Çalışmaları/FaceForensics_Projesi/fake_frames/train/FaceShifter_378_368/frame_000024.jpg
fake_train_00882.jpg,fake,Deepfakes_266_252,fake_ffpp_pair::252_266,component::59cf2f30b0e17b3f,train,train,6d21327ebc781270d460a32034f9313d06c41e1f16ef91dec699857b0dcefad9,/content/drive/MyDrive/AISC DeepFake Çalışmaları/FaceForensics_Projesi/fake_frames/train/Deepfakes_266_252/frame_000001.jpg
fake_train_00883.jpg,fake,Face2Face_165_137,fake_ffpp_pair::137_165,component::495d0bc5fe6e89d8,train,train,c65ef683e19212fc26c6afd2f6061008b5ca90bdfea0bd67de21ef4a33d13e3a,/content/drive/MyDrive/AISC DeepFake Çalışmaları/FaceForensics_Projesi/fake_frames/train/Face2Face_165_137/frame_000010.jpg
fake_train_00885.jpg,fake,Deepfakes_259_345,fake_ffpp_pair::259_345,component::dc535b204b3cba18,train,test,40d7cb553d58f5fd169591b706b96733c77276b00f90a31abdaa9209c60f3e90,/content/drive/MyDrive/AISC DeepFake Çalışmaları/FaceForensics_Projesi/fake_frames/train/Deepfakes_259_345/frame_000011.jpg
fake_train_00886.jpg,fake,Face2Face_849_771,fake_ffpp_pair::771_849,component::62046a791f721b53,train,test,592f668665140b22a0fca011ff3a69e7a24797e734e484c951e2c145942bd0ef,/content/drive/MyDrive/AISC DeepFake Çalışmaları/FaceForensics_Projesi/fake_frames/train/Face2Face_849_771/frame_000023.jpg
fake_train_00887.jpg,fake,Face2Face_447_431,fake_ffpp_pair::431_447,component::313a6a15fa8e212c,train,train,d322de2a6467cf3753d5771b90804f01c13da4183a88fc07331e96b04e69e90a,/content/drive/MyDrive/AISC DeepFake Çalışmaları/FaceForensics_Projesi/fake_frames/train/Face2Face_447_431/frame_000004.jpg
fake_train_00889.jpg,fake,Face2Face_902_901,fake_ffpp_pair::901_902,component::b1a5dfe9664d832d,train,train,3f5237af64fc7a02426501cf90674a27b0fc9bf0f1df06e11100be9b4b1d2892,/content/drive/MyDrive/AISC DeepFake Çalışmaları/FaceForensics_Projesi/fake_frames/train/Face2Face_902_901/frame_000000.jpg
fake_train_00890.jpg,fake,Deepfakes_704_723,fake_ffpp_pair::704_723,component::12cab325cc4c582b,train,train,966ecd8bcf5454d1cf60ba8f2b202689de41e99ee1cfdf22a3cb73262c917bd5,/content/drive/MyDrive/AISC DeepFake Çalışmaları/FaceForensics_Projesi/fake_frames/train/Deepfakes_704_723/frame_000016.jpg
fake_train_00891.jpg,fake,Face2Face_481_469,fake_ffpp_pair::469_481,component::f600e6491a447be3,train,test,dfc60d9276abaecbadc350d767bd813ecdf00bd641ea7e0826fba5ec327f9427,/content/drive/MyDrive/AISC DeepFake Çalışmaları/FaceForensics_Projesi/fake_frames/train/Face2Face_481_469/frame_000011.jpg
fake_train_00892.jpg,fake,FaceShifter_160_928,fake_ffpp_pair::160_928,component::7cbdeb0d26f2b510,train,train,6c5acef3aab0e614b15df92c3d9a9c7218ecc9a45bb1f511cbf3026f6d79e557,/content/drive/MyDrive/AISC DeepFake Çalışmaları/FaceForensics_Projesi/fake_frames/train/FaceShifter_160_928/frame_000025.jpg
fake_train_00893.jpg,fake,Face2Face_212_179,fake_ffpp_pair::179_212,component::71d60301ed42d5d1,train,train,573d0cabf39a5b5241d6730549878f5ad548e548a6f3e6730bf449e90a55c122,/content/drive/MyDrive/AISC DeepFake Çalışmaları/FaceForensics_Projesi/fake_frames/train/Face2Face_212_179/frame_000009.jpg
fake_train_00895.jpg,fake,Face2Face_697_581,fake_ffpp_pair::581_697,component::f82744b743a66c05,train,test,ba509cca2baf798e91ef9df0762d38c8ce066aa5fa3feed551796d5bb67626c6,/content/drive/MyDrive/AISC DeepFake Çalışmaları/FaceForensics_Projesi/fake_frames/train/Face2Face_697_581/frame_000017.jpg
fake_train_00896.jpg,fake,FaceShifter_687_615,fake_ffpp_pair::615_687,component::301308f29e0964e8,train,test,f78ae258c10e54114690cdc4487edbb6fdfc147d7a53fc432d2b2a3e35f54a88,/content/drive/MyDrive/AISC DeepFake Çalışmaları/FaceForensics_Projesi/fake_frames/train/FaceShifter_687_615/frame_000009.jpg
fake_train_00897.jpg,fake,Face2Face_205_184,fake_ffpp_pair::184_205,component::677f3480c0853e1b,train,train,1920e59ec1666f36e1f1dbb1f19c01b4e49efe5fb22d7999eb321dab4a93b454,/content/drive/MyDrive/AISC DeepFake Çalışmaları/FaceForensics_Projesi/fake_frames/train/Face2Face_205_184/frame_000029.jpg
fake_train_00902.jpg,fake,Face2Face_113_983,fake_ffpp_pair::113_983,component::95c8d9a3210040a3,train,train,66d40ff48f72c3706931924b560e5fced6c21bf60be1f13fd4e8c843e07fcb55,/content/drive/MyDrive/AISC DeepFake Çalışmaları/FaceForensics_Projesi/fake_frames/train/Face2Face_113_983/frame_000008.jpg
fake_train_00903.jpg,fake,FaceSwap_411_410,fake_ffpp_pair::410_411,component::a9ac50310d45a1e8,train,val,be883bf27cae5be6595bceab749cb58310f3415dd71311fd70e2d8f00e67785a,/content/drive/MyDrive/AISC DeepFake Çalışmaları/FaceForensics_Projesi/fake_frames/train/FaceSwap_411_410/frame_000005.jpg
fake_train_00904.jpg,fake,Deepfakes_247_229,fake_ffpp_pair::229_247,component::92e7ff3f67d44923,train,train,8b5b21d4a86df507d1de799af71b1ef241a500baf61bc1c1841ca192321dfb18,/content/drive/MyDrive/AISC DeepFake Çalışmaları/FaceForensics_Projesi/fake_frames/train/Deepfakes_247_229/frame_000004.jpg
fake_train_00906.jpg,fake,FaceShifter_960_999,fake_ffpp_pair::960_999,component::65f2965d6a82ac85,train,train,3f6b902cd14b01a5b7e7bc877651a84a7eb32544cf372f0f2fe3b3cd2a70f35c,/content/drive/MyDrive/AISC DeepFake Çalışmaları/FaceForensics_Projesi/fake_frames/train/FaceShifter_960_999/frame_000004.jpg
fake_train_00908.jpg,fake,DeepFakeDetection_14_03__talking_angry_couch__L0GHYIFS,fake_dfd_pair::03_14,component::7483d6397327e8ef,train,train,b0c4f20bad31d2220d8aa18bb68b14aba8d40b09fd074a398ed2298f11b50f29,/content/drive/MyDrive/AISC DeepFake Çalışmaları/FaceForensics_Projesi/fake_frames/train/DeepFakeDetection_14_03__talking_angry_couch__L0GHYIFS/frame_000052.jpg
fake_train_00909.jpg,fake,Face2Face_612_702,fake_ffpp_pair::612_702,component::57f6f81a793fa03b,train,train,01d81f34e2a347af3bfe568047ec6e676a978cb2ca4f3c2240750817e6418873,/content/drive/MyDrive/AISC DeepFake Çalışmaları/FaceForensics_Projesi/fake_frames/train/Face2Face_612_702/frame_000006.jpg
fake_train_00910.jpg,fake,FaceShifter_308_388,fake_ffpp_pair::308_388,component::59fe011f33869cda,train,train,1adcc059380d8e18139278fb325ca6a1a1ed0f0b2e2e01397b329958e86e13cd,/content/drive/MyDrive/AISC DeepFake Çalışmaları/FaceForensics_Projesi/fake_frames/train/FaceShifter_308_388/frame_000018.jpg
fake_train_00912.jpg,fake,DeepFakeDetection_27_26__talking_against_wall__IE9N0ZI9,fake_dfd_pair::26_27,component::1bd9b319eae861ea,train,train,111553d2abde64d7df0e031c2fd091645952e9d2ec07cfaea05e91534450468a,/content/drive/MyDrive/AISC DeepFake Çalışmaları/FaceForensics_Projesi/fake_frames/train/DeepFakeDetection_27_26__talking_against_wall__IE9N0ZI9/frame_000052.jpg
fake_train_00915.jpg,fake,DeepFakeDetection_13_12__talking_against_wall__2TM4IFSF,fake_dfd_pair::12_13,component::eb872dc526a4b7c1,train,train,74b8aa1f0145266595fb5afc01f04c2264630085e5f861945090ab59c6afe8c0,/content/drive/MyDrive/AISC DeepFake Çalışmaları/FaceForensics_Projesi/fake_frames/train/DeepFakeDetection_13_12__talking_against_wall__2TM4IFSF/frame_000037.jpg
fake_train_00918.jpg,fake,Deepfakes_114_102,fake_ffpp_pair::102_114,component::a7ebf3af92969efd,train,train,f292f91c83c47691d5bbceda8561dfc871e1f235e914eac4cadb4aff0fdd933f,/content/drive/MyDrive/AISC DeepFake Çalışmaları/FaceForensics_Projesi/fake_frames/train/Deepfakes_114_102/frame_000015.jpg
fake_train_00919.jpg,fake,Face2Face_304_300,fake_ffpp_pair::300_304,component::899624e150798924,train,val,18ec07cf2c9ac42617e4097348023c559e96010a4abc39f5b3bed0fa44ed2cda,/content/drive/MyDrive/AISC DeepFake Çalışmaları/FaceForensics_Projesi/fake_frames/train/Face2Face_304_300/frame_000015.jpg
fake_train_00921.jpg,fake,NeuralTextures_881_856,fake_ffpp_pair::856_881,component::cdd7f12755990dfa,train,test,8609ab9c28cd074439a7d1d30f73ca282d5c0f6182f7035866f7e557e9cfaeb5,/content/drive/MyDrive/AISC DeepFake Çalışmaları/FaceForensics_Projesi/fake_frames/train/NeuralTextures_881_856/frame_000030.jpg
fake_train_00922.jpg,fake,NeuralTextures_718_972,fake_ffpp_pair::718_972,component::6fc4577d38008326,train,train,e2f20d110da989976c729770c43bf62b5e9500f5962d5aa7ca961a246b823e2e,/content/drive/MyDrive/AISC DeepFake Çalışmaları/FaceForensics_Projesi/fake_frames/train/NeuralTextures_718_972/frame_000010.jpg
fake_train_00925.jpg,fake,Deepfakes_285_136,fake_ffpp_pair::136_285,component::2bb072f07667fb06,train,train,9d301276caf5166dc5ef4f6ab49af4ce95567e5a3c75accf2057ce5b9028a077,/content/drive/MyDrive/AISC DeepFake Çalışmaları/FaceForensics_Projesi/fake_frames/train/Deepfakes_285_136/frame_000016.jpg
fake_train_00927.jpg,fake,Face2Face_259_345,fake_ffpp_pair::259_345,component::dc535b204b3cba18,train,test,d8c20fc8be11477e1482d05bfb0f38b39a6edc9f2b287766b9e79b3df8040cfb,/content/drive/MyDrive/AISC DeepFake Çalışmaları/FaceForensics_Projesi/fake_frames/train/Face2Face_259_345/frame_000000.jpg
fake_train_00928.jpg,fake,FaceShifter_116_091,fake_ffpp_pair::091_116,component::54dbb8c0b1bfa11d,train,train,66d62c0338e243a7fb59f9e63c4dccc676dd200df579fff034219aa8a34909d7,/content/drive/MyDrive/AISC DeepFake Çalışmaları/FaceForensics_Projesi/fake_frames/train/FaceShifter_116_091/frame_000001.jpg
fake_train_00929.jpg,fake,FaceSwap_372_413,fake_ffpp_pair::372_413,component::fc66e917925e3705,train,train,f344e36323c6ab837daecb2cb12fad1de54eddc7bdd9135dcef4dcb75a20be4d,/content/drive/MyDrive/AISC DeepFake Çalışmaları/FaceForensics_Projesi/fake_frames/train/FaceSwap_372_413/frame_000016.jpg
fake_train_00930.jpg,fake,Face2Face_948_965,fake_ffpp_pair::948_965,component::ce88bd6dbc266c54,train,train,a9c2aac33c883d37e17789c4067acaf4b7f30b6ea002657010a993b2ba6ee6b4,/content/drive/MyDrive/AISC DeepFake Çalışmaları/FaceForensics_Projesi/fake_frames/train/Face2Face_948_965/frame_000004.jpg
fake_train_00931.jpg,fake,Face2Face_669_682,fake_ffpp_pair::669_682,component::37573e4c06c11c4a,train,train,99c873e2844a6c70cc3d411358ba29b83f17e02ee3499a7658b1991a7f64bbb5,/content/drive/MyDrive/AISC DeepFake Çalışmaları/FaceForensics_Projesi/fake_frames/train/Face2Face_669_682/frame_000008.jpg
fake_train_00932.jpg,fake,FaceShifter_154_386,fake_ffpp_pair::154_386,component::6eacd9252db4ad28,train,train,8ea12e47818e80e7a9c44ee8da23ef8e91832d95d3314d9cced037bb17e63cb8,/content/drive/MyDrive/AISC DeepFake Çalışmaları/FaceForensics_Projesi/fake_frames/train/FaceShifter_154_386/frame_000005.jpg
fake_train_00934.jpg,fake,Deepfakes_595_597,fake_ffpp_pair::595_597,component::6b65aaf0f2c5e641,train,train,c35dc2d32589d9c1bfdf32baeed68002ecc063b352102f70a44bb5be835a7ae4,/content/drive/MyDrive/AISC DeepFake Çalışmaları/FaceForensics_Projesi/fake_frames/train/Deepfakes_595_597/frame_000006.jpg
fake_train_00935.jpg,fake,NeuralTextures_121_093,fake_ffpp_pair::093_121,component::7f835b216914e020,train,train,70ced0eb8700551e7661caad3abcb6c0225d174f75b16f9839dadc511dffa226,/content/drive/MyDrive/AISC DeepFake Çalışmaları/FaceForensics_Projesi/fake_frames/train/NeuralTextures_121_093/frame_000015.jpg
fake_train_00938.jpg,fake,DeepFakeDetection_12_18__talking_against_wall__IKH1LBBY,fake_dfd_pair::12_18,component::9c0d14a88bb6bf79,train,train,efee81fab5ab54b3df0908cb8a678ed4dcb17c723f9b3e7d2f13e2ac1d661a64,/content/drive/MyDrive/AISC DeepFake Çalışmaları/FaceForensics_Projesi/fake_frames/train/DeepFakeDetection_12_18__talking_against_wall__IKH1LBBY/frame_000013.jpg
fake_train_00939.jpg,fake,NeuralTextures_437_360,fake_ffpp_pair::360_437,component::eccc9267fbbae1ec,train,val,2ff1b3ee2acc875eab0b8e0cc2b00ce14d9ae8e26795fe78c800aa7cd987939b,/content/drive/MyDrive/AISC DeepFake Çalışmaları/FaceForensics_Projesi/fake_frames/train/NeuralTextures_437_360/frame_000011.jpg
fake_train_00941.jpg,fake,FaceSwap_694_767,fake_ffpp_pair::694_767,component::65a22c08457eb7f0,train,train,b3e9bd97dd317b0fe9801ef7f6509088441973745e34f73cf6ed5b1c5595671c,/content/drive/MyDrive/AISC DeepFake Çalışmaları/FaceForensics_Projesi/fake_frames/train/FaceSwap_694_767/frame_000001.jpg
fake_train_00942.jpg,fake,NeuralTextures_754_758,fake_ffpp_pair::754_758,component::0371f0bf838309df,train,train,1c54b876687318b7793d3b66c5e95190c202f5c42092e9eeb1121e6ec4d08e32,/content/drive/MyDrive/AISC DeepFake Çalışmaları/FaceForensics_Projesi/fake_frames/train/NeuralTextures_754_758/frame_000000.jpg
fake_train_00943.jpg,fake,DeepFakeDetection_27_18__kitchen_still__NYHE8D0J,fake_dfd_pair::18_27,component::7b9cf0705c89bb6a,train,train,be76344bfcb5100870468660a9870b77fc40b37607b05bd955556ca3666f2ca3,/content/drive/MyDrive/AISC DeepFake Çalışmaları/FaceForensics_Projesi/fake_frames/train/DeepFakeDetection_27_18__kitchen_still__NYHE8D0J/frame_000027.jpg
fake_train_00944.jpg,fake,Deepfakes_228_289,fake_ffpp_pair::228_289,component::1621aa61c04c0acc,train,train,336c133b1a91b82172a98c597e30260f29a96798a75ffe5b18dc06d6d5eef5a2,/content/drive/MyDrive/AISC DeepFake Çalışmaları/FaceForensics_Projesi/fake_frames/train/Deepfakes_228_289/frame_000026.jpg
fake_train_00945.jpg,fake,FaceSwap_230_204,fake_ffpp_pair::204_230,component::56451b1d56fd4865,train,train,66a0e8faa25f29d17180c37c61afc1da9665b4532daeba246d7dbc0afeba2d6a,/content/drive/MyDrive/AISC DeepFake Çalışmaları/FaceForensics_Projesi/fake_frames/train/FaceSwap_230_204/frame_000014.jpg
fake_train_00947.jpg,fake,NeuralTextures_428_466,fake_ffpp_pair::428_466,component::a1a730f7e55aefe8,train,train,0c62713da62d1a0f0df8f5b1ffee5da563c1981e4838fc1413ff01beb47fd95d,/content/drive/MyDrive/AISC DeepFake Çalışmaları/FaceForensics_Projesi/fake_frames/train/NeuralTextures_428_466/frame_000012.jpg
fake_train_00949.jpg,fake,Face2Face_820_818,fake_ffpp_pair::818_820,component::a8787564f9f64a71,train,train,00e4e77b1552ebcad77c09bea3fbfe356d0aa530cca10f63ee9e49d022440f7e,/content/drive/MyDrive/AISC DeepFake Çalışmaları/FaceForensics_Projesi/fake_frames/train/Face2Face_820_818/frame_000012.jpg
fake_train_00950.jpg,fake,FaceShifter_244_822,fake_ffpp_pair::244_822,component::41ab06ce4a3542e6,train,train,badfa6c3e17af149cec97ddefad5578311a4d52290d7d8962c2937614eff7c61,/content/drive/MyDrive/AISC DeepFake Çalışmaları/FaceForensics_Projesi/fake_frames/train/FaceShifter_244_822/frame_000030.jpg
fake_train_00952.jpg,fake,DeepFakeDetection_06_25__talking_angry_couch__MI9BDQ7M,fake_dfd_pair::06_25,component::8fa4f278f46cc53c,train,train,2543a116f9b77608942305876b689490d5eb0aa0c38b299aa0717a4ca60494bd,/content/drive/MyDrive/AISC DeepFake Çalışmaları/FaceForensics_Projesi/fake_frames/train/DeepFakeDetection_06_25__talking_angry_couch__MI9BDQ7M/frame_000028.jpg
fake_train_00953.jpg,fake,FaceShifter_657_644,fake_ffpp_pair::644_657,component::ce56d09dc6b74e92,train,val,613755acdc386d372987315a391da60745a82921d120c5bb5e837522dcdf9940,/content/drive/MyDrive/AISC DeepFake Çalışmaları/FaceForensics_Projesi/fake_frames/train/FaceShifter_657_644/frame_000030.jpg
fake_train_00954.jpg,fake,DeepFakeDetection_09_20__talking_angry_couch__98NUQ3E6,fake_dfd_pair::09_20,component::4cac70b9551aab28,train,train,67ef26fd105709f62939987c4c984ff83cc34807730b7f2310ad0143be0b6302,/content/drive/MyDrive/AISC DeepFake Çalışmaları/FaceForensics_Projesi/fake_frames/train/DeepFakeDetection_09_20__talking_angry_couch__98NUQ3E6/frame_000075.jpg
fake_train_00959.jpg,fake,FaceShifter_101_096,fake_ffpp_pair::096_101,component::470b60664fd9eed7,train,train,a006819e658541192c60efbb5f39e5fda5bd938a3b019f468f697af127c709d6,/content/drive/MyDrive/AISC DeepFake Çalışmaları/FaceForensics_Projesi/fake_frames/train/FaceShifter_101_096/frame_000007.jpg
fake_train_00961.jpg,fake,FaceSwap_966_988,fake_ffpp_pair::966_988,component::4cfd9a390d6150f9,train,train,15ea02b6128f1febe05ceea2244a94a47dc3ee5539341225224ff8e935452f9a,/content/drive/MyDrive/AISC DeepFake Çalışmaları/FaceForensics_Projesi/fake_frames/train/FaceSwap_966_988/frame_000016.jpg
fake_train_00962.jpg,fake,FaceSwap_898_922,fake_ffpp_pair::898_922,component::0b8d633ac84f6f42,train,val,179a645be5bf08cb09259c3b0d7a9d652bf676d9b674e2f0f349317cc03cb120,/content/drive/MyDrive/AISC DeepFake Çalışmaları/FaceForensics_Projesi/fake_frames/train/FaceSwap_898_922/frame_000009.jpg
fake_train_00963.jpg,fake,FaceShifter_731_741,fake_ffpp_pair::731_741,component::b097f66764a0de3b,train,train,8528ed4a11a55d3adb70c0ebb5a8ef2fcd358bad70928ba08acf2dc794180c05,/content/drive/MyDrive/AISC DeepFake Çalışmaları/FaceForensics_Projesi/fake_frames/train/FaceShifter_731_741/frame_000005.jpg
fake_train_00965.jpg,fake,Face2Face_546_621,fake_ffpp_pair::546_621,component::670a21ace3d1e25c,train,test,aec0e09e2c0ecf15562b77de20d49d66bd9f10d4aedd6df834b0a650d4e3039d,/content/drive/MyDrive/AISC DeepFake Çalışmaları/FaceForensics_Projesi/fake_frames/train/Face2Face_546_621/frame_000011.jpg
fake_train_00968.jpg,fake,Face2Face_404_429,fake_ffpp_pair::404_429,component::714fc8f92790cff7,train,train,5f56a662dc2335d4f18a56a3798c0bd94384eaf8f6f0d5504f75d362fd5c352c,/content/drive/MyDrive/AISC DeepFake Çalışmaları/FaceForensics_Projesi/fake_frames/train/Face2Face_404_429/frame_000021.jpg
fake_train_00969.jpg,fake,NeuralTextures_933_925,fake_ffpp_pair::925_933,component::ab7e26a1822164f1,train,train,e92285e520dedb223a5db2daf6fb29803b5e0f22f56b4ed387dbdd1e24de65f0,/content/drive/MyDrive/AISC DeepFake Çalışmaları/FaceForensics_Projesi/fake_frames/train/NeuralTextures_933_925/frame_000014.jpg
fake_train_00970.jpg,fake,NeuralTextures_989_993,fake_ffpp_pair::989_993,component::daac78ec55ede5b9,train,train,520af280ce76c83bff4ae07b08f441d24ae0dd6f5a1473e8625df69ae60f2412,/content/drive/MyDrive/AISC DeepFake Çalışmaları/FaceForensics_Projesi/fake_frames/train/NeuralTextures_989_993/frame_000005.jpg
fake_train_00972.jpg,fake,DeepFakeDetection_09_14__outside_talking_still_laughing__FRY0IZ4R,fake_dfd_pair::09_14,component::a68323d04f167a14,train,train,ead56d9f54c60d9fac2c3718cb5e9fac0433cb2b86da21e692f3a771429568c9,/content/drive/MyDrive/AISC DeepFake Çalışmaları/FaceForensics_Projesi/fake_frames/train/DeepFakeDetection_09_14__outside_talking_still_laughing__FRY0IZ4R/frame_000043.jpg
fake_train_00973.jpg,fake,Face2Face_242_182,fake_ffpp_pair::182_242,component::169f11ec8ac95c6a,train,train,5432a6640e3d6db42fafbf32dd5023f02a3f032f6293abf2414e2b7cec028f15,/content/drive/MyDrive/AISC DeepFake Çalışmaları/FaceForensics_Projesi/fake_frames/train/Face2Face_242_182/frame_000022.jpg
fake_train_00975.jpg,fake,NeuralTextures_757_573,fake_ffpp_pair::573_757,component::9b433f758be230f2,train,train,7ea71f9022ef26f068446957aabe6c373c678085968c94e39ad42204cfe3d4de,/content/drive/MyDrive/AISC DeepFake Çalışmaları/FaceForensics_Projesi/fake_frames/train/NeuralTextures_757_573/frame_000011.jpg
fake_train_00977.jpg,fake,FaceShifter_501_326,fake_ffpp_pair::326_501,component::76b30689e2624fd5,train,train,166473e49fb93b4fb16dd8c53e17a2a20ce66f8a4b5a18f2edea29c628faa6d1,/content/drive/MyDrive/AISC DeepFake Çalışmaları/FaceForensics_Projesi/fake_frames/train/FaceShifter_501_326/frame_000005.jpg
fake_train_00979.jpg,fake,Face2Face_398_457,fake_ffpp_pair::398_457,component::61ee8fd986d6f085,train,train,1a33ea226e82475a690fda2377cb4fe5e4c0aabe01cf6a2590e29bdf8dc95480,/content/drive/MyDrive/AISC DeepFake Çalışmaları/FaceForensics_Projesi/fake_frames/train/Face2Face_398_457/frame_000028.jpg
fake_train_00981.jpg,fake,Deepfakes_989_993,fake_ffpp_pair::989_993,component::daac78ec55ede5b9,train,train,901efe5f32378ac3b9b55086ba9739acadc0743b05a1b0f306c6862ab0a92b70,/content/drive/MyDrive/AISC DeepFake Çalışmaları/FaceForensics_Projesi/fake_frames/train/Deepfakes_989_993/frame_000052.jpg
fake_train_00983.jpg,fake,Deepfakes_558_583,fake_ffpp_pair::558_583,component::526627f06c203952,train,train,921757d542dc79d68ec9488ef4f0caa5516a5f672fe6be22ffb3c2f97b62d934,/content/drive/MyDrive/AISC DeepFake Çalışmaları/FaceForensics_Projesi/fake_frames/train/Deepfakes_558_583/frame_000000.jpg
fake_train_00984.jpg,fake,Face2Face_703_604,fake_ffpp_pair::604_703,component::c99cf02107ff7fc9,train,train,32d71e1815ff4f85ebe59f8f3d7524bf46a726e0b7559a75f0af05146ab8adce,/content/drive/MyDrive/AISC DeepFake Çalışmaları/FaceForensics_Projesi/fake_frames/train/Face2Face_703_604/frame_000005.jpg
fake_train_00985.jpg,fake,Face2Face_577_593,fake_ffpp_pair::577_593,component::542af3dbf1ea5e30,train,test,e6390416cc9c5ae6b74837eb4bbd01ada5c9fe8c44b45cb23c9aafcf3f0f860d,/content/drive/MyDrive/AISC DeepFake Çalışmaları/FaceForensics_Projesi/fake_frames/train/Face2Face_577_593/frame_000005.jpg
fake_train_00987.jpg,fake,NeuralTextures_621_546,fake_ffpp_pair::546_621,component::670a21ace3d1e25c,train,test,477d97a14e846a083bcc1c9ea0b5b7e8a7712159c747af5247a3c4275ea49b8f,/content/drive/MyDrive/AISC DeepFake Çalışmaları/FaceForensics_Projesi/fake_frames/train/NeuralTextures_621_546/frame_000012.jpg
fake_train_00988.jpg,fake,DeepFakeDetection_13_11__hugging_happy__61T622EK,fake_dfd_pair::11_13,component::f2b8d76975f9e836,train,test,c39ec91ddb6c3cadfd855d52276fc489f4e25722b0bc7a2db17803b480534757,/content/drive/MyDrive/AISC DeepFake Çalışmaları/FaceForensics_Projesi/fake_frames/train/DeepFakeDetection_13_11__hugging_happy__61T622EK/frame_000002.jpg
fake_train_00990.jpg,fake,FaceShifter_600_505,fake_ffpp_pair::505_600,component::4f97c999df537f5c,train,train,4e5dd3cd8a47658048ff92542ae237a7c38360b0992d82f74b298c1d42635d52,/content/drive/MyDrive/AISC DeepFake Çalışmaları/FaceForensics_Projesi/fake_frames/train/FaceShifter_600_505/frame_000002.jpg
fake_train_00993.jpg,fake,Face2Face_624_570,fake_ffpp_pair::570_624,component::57ac1ccdd64bc5d0,train,train,d70436a08e964b7fb0b360bab85bcabfafca3b0119c7a97c94c1fd28b68a0c16,/content/drive/MyDrive/AISC DeepFake Çalışmaları/FaceForensics_Projesi/fake_frames/train/Face2Face_624_570/frame_000024.jpg
fake_train_00995.jpg,fake,FaceShifter_225_151,fake_ffpp_pair::151_225,component::a876b8b1abd9ef7f,train,val,b77eba131ffa6c7d3d0c3f9c3e4d1132f597ebfdf387c2aaee10f1b71b896b48,/content/drive/MyDrive/AISC DeepFake Çalışmaları/FaceForensics_Projesi/fake_frames/train/FaceShifter_225_151/frame_000005.jpg
fake_train_00996.jpg,fake,NeuralTextures_919_015,fake_ffpp_pair::015_919,component::ad93ee5743453ad7,train,train,3f69649ec936b0821c12639478897ac987b4ae8073dae3b3c939ecedec2d00a1,/content/drive/MyDrive/AISC DeepFake Çalışmaları/FaceForensics_Projesi/fake_frames/train/NeuralTextures_919_015/frame_000000.jpg
fake_train_00997.jpg,fake,NeuralTextures_297_270,fake_ffpp_pair::270_297,component::7fc672d50ae10e89,train,train,936e41bf8ccac5e7b9ccbcc5a61d2aa53e2c47e3accea240068c05e1dd7d034f,/content/drive/MyDrive/AISC DeepFake Çalışmaları/FaceForensics_Projesi/fake_frames/train/NeuralTextures_297_270/frame_000010.jpg
fake_train_00998.jpg,fake,Deepfakes_095_053,fake_ffpp_pair::053_095,component::516af1141c24e2a2,train,train,64627af2bad84324adc3f6cf3cd64e7b29f0d2aaf11ddd11c7e6ad90ada37351,/content/drive/MyDrive/AISC DeepFake Çalışmaları/FaceForensics_Projesi/fake_frames/train/Deepfakes_095_053/frame_000047.jpg
fake_train_00999.jpg,fake,DeepFakeDetection_19_23__kitchen_pan__WHQ1229T,fake_dfd_pair::19_23,component::7a200ffc68deca68,train,train,1cc6458f8f532c329fd8a7028495d9d295b3033aa7a9322a436f300b973ce4a8,/content/drive/MyDrive/AISC DeepFake Çalışmaları/FaceForensics_Projesi/fake_frames/train/DeepFakeDetection_19_23__kitchen_pan__WHQ1229T/frame_000034.jpg
fake_train_01002.jpg,fake,Face2Face_917_924,fake_ffpp_pair::917_924,component::672fa65df2510fc9,train,val,c2f102e6de6dc12104508497aaed87c5d4a7c4abeb5482fddba5d5e0ac10fbd3,/content/drive/MyDrive/AISC DeepFake Çalışmaları/FaceForensics_Projesi/fake_frames/train/Face2Face_917_924/frame_000031.jpg
fake_train_01004.jpg,fake,FaceSwap_603_575,fake_ffpp_pair::575_603,component::8ba4900ea839ff02,train,train,f586acbd7aa32e8bcf0746cfde873feccb1d46015e03c1211a0fadbe9da09fe9,/content/drive/MyDrive/AISC DeepFake Çalışmaları/FaceForensics_Projesi/fake_frames/train/FaceSwap_603_575/frame_000005.jpg
fake_train_01005.jpg,fake,NeuralTextures_789_753,fake_ffpp_pair::753_789,component::2416a3cc3a0247ff,train,test,4da4284a099e8bb71f6838f7ec0093dbed1e0a501430cf796e48d1ae9e0d16a0,/content/drive/MyDrive/AISC DeepFake Çalışmaları/FaceForensics_Projesi/fake_frames/train/NeuralTextures_789_753/frame_000022.jpg
fake_train_01006.jpg,fake,Face2Face_942_943,fake_ffpp_pair::942_943,component::724a84739d7122b4,train,train,8ccf287d1e01e736d0db7f58f9524f66ccf28acfad869e31896c2c7c233edabc,/content/drive/MyDrive/AISC DeepFake Çalışmaları/FaceForensics_Projesi/fake_frames/train/Face2Face_942_943/frame_000001.jpg
fake_train_01008.jpg,fake,NeuralTextures_806_781,fake_ffpp_pair::781_806,component::a2ef9647fe8894b3,train,train,0456c9ef39711ebc075f73d243691135563b89f93f18ba45955031318c128208,/content/drive/MyDrive/AISC DeepFake Çalışmaları/FaceForensics_Projesi/fake_frames/train/NeuralTextures_806_781/frame_000007.jpg
fake_train_01009.jpg,fake,FaceShifter_603_575,fake_ffpp_pair::575_603,component::8ba4900ea839ff02,train,train,3b19f3a5a4b0f9f34e0270fa506ba85a7904ffd2c763f91dcd0bdcd691a9e995,/content/drive/MyDrive/AISC DeepFake Çalışmaları/FaceForensics_Projesi/fake_frames/train/FaceShifter_603_575/frame_000003.jpg
fake_train_01010.jpg,fake,Face2Face_483_370,fake_ffpp_pair::370_483,component::1df3c06a6b3921c8,train,test,782a05b6e3742d3864ccfedd908b9e3c5017e0fb67448498bc479a494ade3314,/content/drive/MyDrive/AISC DeepFake Çalışmaları/FaceForensics_Projesi/fake_frames/train/Face2Face_483_370/frame_000016.jpg
fake_train_01011.jpg,fake,Deepfakes_693_698,fake_ffpp_pair::693_698,component::bc8cd50d27edacd1,train,train,74e4851a5d884ca8643ea2009530d8702d6b99d5144a62766de3638299f29ea9,/content/drive/MyDrive/AISC DeepFake Çalışmaları/FaceForensics_Projesi/fake_frames/train/Deepfakes_693_698/frame_000011.jpg
fake_train_01014.jpg,fake,Face2Face_755_759,fake_ffpp_pair::755_759,component::0d9a7bf2c210d638,train,test,87e549c10ec74d9ef9515ee2088487866b474e5c9e3ce21976f395d72799be1f,/content/drive/MyDrive/AISC DeepFake Çalışmaları/FaceForensics_Projesi/fake_frames/train/Face2Face_755_759/frame_000008.jpg
fake_train_01015.jpg,fake,Deepfakes_528_510,fake_ffpp_pair::510_528,component::628bdb8b1dd129a1,train,train,029c26b3b318c9dfda9eeb5b90b41180daa8409a8f5614fcff5ad0843f9c1c8e,/content/drive/MyDrive/AISC DeepFake Çalışmaları/FaceForensics_Projesi/fake_frames/train/Deepfakes_528_510/frame_000016.jpg
fake_train_01016.jpg,fake,FaceSwap_049_946,fake_ffpp_pair::049_946,component::0a084181e1dca060,train,val,cdf8ea98e9ba1b1d5b541d5253d413152d05231f8272cc3b55337b64aed52320,/content/drive/MyDrive/AISC DeepFake Çalışmaları/FaceForensics_Projesi/fake_frames/train/FaceSwap_049_946/frame_000016.jpg
fake_train_01018.jpg,fake,Face2Face_917_924,fake_ffpp_pair::917_924,component::672fa65df2510fc9,train,val,3bda4b51b2b05360ab51157e0e785ec864af0dc5b7869474ab4be1d6e70e63e7,/content/drive/MyDrive/AISC DeepFake Çalışmaları/FaceForensics_Projesi/fake_frames/train/Face2Face_917_924/frame_000010.jpg
fake_train_01019.jpg,fake,DeepFakeDetection_09_11__talking_against_wall__INNOT5UE,fake_dfd_pair::09_11,component::b50d09392c7e19ad,train,train,7ef439ae435f347f1e789845a75230d71b1fc725b566db787822ce0a7ba8dbd1,/content/drive/MyDrive/AISC DeepFake Çalışmaları/FaceForensics_Projesi/fake_frames/train/DeepFakeDetection_09_11__talking_against_wall__INNOT5UE/frame_000024.jpg
fake_train_01021.jpg,fake,FaceSwap_510_528,fake_ffpp_pair::510_528,component::628bdb8b1dd129a1,train,train,ce0cf8351561504bd5376dc8bf1ef58b4e4c4f760fdff07a18274caa002eb682,/content/drive/MyDrive/AISC DeepFake Çalışmaları/FaceForensics_Projesi/fake_frames/train/FaceSwap_510_528/frame_000016.jpg
fake_train_01023.jpg,fake,Deepfakes_799_809,fake_ffpp_pair::799_809,component::a4df888a8c9a5ffc,train,train,34d0be2d7290ed9db68139515d75816793239cd9e1d814f84a41af5945c2de2b,/content/drive/MyDrive/AISC DeepFake Çalışmaları/FaceForensics_Projesi/fake_frames/train/Deepfakes_799_809/frame_000002.jpg
fake_train_01025.jpg,fake,DeepFakeDetection_12_26__talking_angry_couch__LI63E4TS,fake_dfd_pair::12_26,component::143dc62031866123,train,train,3fa84879119790096bc40f22e204224df73e4eb7ed104a194a7063af291deb68,/content/drive/MyDrive/AISC DeepFake Çalışmaları/FaceForensics_Projesi/fake_frames/train/DeepFakeDetection_12_26__talking_angry_couch__LI63E4TS/frame_000048.jpg
fake_train_01027.jpg,fake,FaceSwap_790_014,fake_ffpp_pair::014_790,component::40cc6dd39ac0238e,train,test,02c172e894a38c13dc340f273fdca3c809f7a5b95a58cf49c0aa7a7caa2bbff5,/content/drive/MyDrive/AISC DeepFake Çalışmaları/FaceForensics_Projesi/fake_frames/train/FaceSwap_790_014/frame_000019.jpg
fake_train_01028.jpg,fake,NeuralTextures_591_605,fake_ffpp_pair::591_605,component::d5098cfc537c966e,train,train,bba81b51d8e5a146039072425a8f6fd833af8deffec0929180e94b234c314b1c,/content/drive/MyDrive/AISC DeepFake Çalışmaları/FaceForensics_Projesi/fake_frames/train/NeuralTextures_591_605/frame_000015.jpg
fake_train_01030.jpg,fake,Face2Face_440_364,fake_ffpp_pair::364_440,component::31484fece6a80566,train,train,11acfa757a4fcfd16f450f9cd2a801232111b14b5f04e48afdcb35f1b347b157,/content/drive/MyDrive/AISC DeepFake Çalışmaları/FaceForensics_Projesi/fake_frames/train/Face2Face_440_364/frame_000030.jpg
fake_train_01031.jpg,fake,NeuralTextures_955_078,fake_ffpp_pair::078_955,component::a0336cba7bf6cb32,train,test,c4d06ac53d846e90c0d8cff7a3df133ae639d90a9ca71180ced9fc0089f0c117,/content/drive/MyDrive/AISC DeepFake Çalışmaları/FaceForensics_Projesi/fake_frames/train/NeuralTextures_955_078/frame_000005.jpg
fake_train_01035.jpg,fake,FaceShifter_176_190,fake_ffpp_pair::176_190,component::8e2bb817daa9d2b4,train,train,26b66031c70361cc68dfc94afb5b275666c3b1a168093739c5dd57038b643c0b,/content/drive/MyDrive/AISC DeepFake Çalışmaları/FaceForensics_Projesi/fake_frames/train/FaceShifter_176_190/frame_000005.jpg
fake_train_01036.jpg,fake,DeepFakeDetection_12_18__outside_talking_pan_laughing__IKH1LBBY,fake_dfd_pair::12_18,component::9c0d14a88bb6bf79,train,train,8d2ef60327b4d48d038d7b108ac09d541113350be4b734d651d2efec59230020,/content/drive/MyDrive/AISC DeepFake Çalışmaları/FaceForensics_Projesi/fake_frames/train/DeepFakeDetection_12_18__outside_talking_pan_laughing__IKH1LBBY/frame_000008.jpg
fake_train_01037.jpg,fake,Deepfakes_400_476,fake_ffpp_pair::400_476,component::2051d89b911a005c,train,train,e429795efc06450794090d09177db13a6675d86cc7aad03d724a1642730e5134,/content/drive/MyDrive/AISC DeepFake Çalışmaları/FaceForensics_Projesi/fake_frames/train/Deepfakes_400_476/frame_000007.jpg
fake_train_01038.jpg,fake,FaceShifter_799_809,fake_ffpp_pair::799_809,component::a4df888a8c9a5ffc,train,train,a7859012d4669473db7c74f98330f7492bc435113069cd289407d00d17cbdf5e,/content/drive/MyDrive/AISC DeepFake Çalışmaları/FaceForensics_Projesi/fake_frames/train/FaceShifter_799_809/frame_000025.jpg
fake_train_01039.jpg,fake,FaceSwap_729_727,fake_ffpp_pair::727_729,component::d1bd20b545cbec4a,train,train,385520d595a1cec962d3fcc10e645d2621a75e9edab39cf20f9cb78b238228df,/content/drive/MyDrive/AISC DeepFake Çalışmaları/FaceForensics_Projesi/fake_frames/train/FaceSwap_729_727/frame_000009.jpg
fake_train_01040.jpg,fake,FaceSwap_860_905,fake_ffpp_pair::860_905,component::9b762ab9eff640d6,train,train,e6a3623fd27eb8d4bf7a181e88f431f5a9a354ba7838c6b9a8106ec1b23ba23d,/content/drive/MyDrive/AISC DeepFake Çalışmaları/FaceForensics_Projesi/fake_frames/train/FaceSwap_860_905/frame_000004.jpg
fake_train_01042.jpg,fake,NeuralTextures_707_705,fake_ffpp_pair::705_707,component::ca162c94e31d5457,train,train,b639b58003b8f3f86909d60c4f5e174d535910f4d4a57011dab4a1376fdb2a23,/content/drive/MyDrive/AISC DeepFake Çalışmaları/FaceForensics_Projesi/fake_frames/train/NeuralTextures_707_705/frame_000006.jpg
fake_train_01043.jpg,fake,FaceShifter_264_271,fake_ffpp_pair::264_271,component::7ef7984e855a6424,train,val,873bac585c410003bad3d75b6bcd9dfb097e9f377c7a17627c54bd47af9960c2,/content/drive/MyDrive/AISC DeepFake Çalışmaları/FaceForensics_Projesi/fake_frames/train/FaceShifter_264_271/frame_000003.jpg
fake_train_01044.jpg,fake,Deepfakes_095_053,fake_ffpp_pair::053_095,component::516af1141c24e2a2,train,train,7f3896a549430f22b99db2c2b25998e0daf121fe2a9a22d8feeeea4c10af546b,/content/drive/MyDrive/AISC DeepFake Çalışmaları/FaceForensics_Projesi/fake_frames/train/Deepfakes_095_053/frame_000016.jpg
fake_train_01046.jpg,fake,DeepFakeDetection_03_07__hugging_happy__BKLOCI1M,fake_dfd_pair::03_07,component::d5f34e80920cc286,train,train,70da1a9cd4be53863c35f5b1e5bebfae5864ca354737d1e3772708db715b0540,/content/drive/MyDrive/AISC DeepFake Çalışmaları/FaceForensics_Projesi/fake_frames/train/DeepFakeDetection_03_07__hugging_happy__BKLOCI1M/frame_000006.jpg
fake_train_01047.jpg,fake,Deepfakes_962_929,fake_ffpp_pair::929_962,component::f450ca08cee4fdc2,train,test,6cd21e7c3a81fd239e8e5a4b3d302a7031bfdf13e5cde8b4744652401dffc2ba,/content/drive/MyDrive/AISC DeepFake Çalışmaları/FaceForensics_Projesi/fake_frames/train/Deepfakes_962_929/frame_000018.jpg
fake_train_01048.jpg,fake,FaceShifter_236_237,fake_ffpp_pair::236_237,component::6329e386308c0498,train,train,e9f9d6164911c748d2c912afc0f4c076acb9f559306af044b7d411f1723a7e0e,/content/drive/MyDrive/AISC DeepFake Çalışmaları/FaceForensics_Projesi/fake_frames/train/FaceShifter_236_237/frame_000000.jpg
fake_train_01050.jpg,fake,Deepfakes_698_693,fake_ffpp_pair::693_698,component::bc8cd50d27edacd1,train,train,f18f68eb14c1e5c011e9121a15ed9de40989dbb2a553bd5eb189e37a5bfe0046,/content/drive/MyDrive/AISC DeepFake Çalışmaları/FaceForensics_Projesi/fake_frames/train/Deepfakes_698_693/frame_000011.jpg
fake_train_01051.jpg,fake,Face2Face_275_887,fake_ffpp_pair::275_887,component::acd7cd37072d9128,train,test,7c253df226b1102eec99f3d0a850c5fe8c6a257b937c13e383d6a813248e95cc,/content/drive/MyDrive/AISC DeepFake Çalışmaları/FaceForensics_Projesi/fake_frames/train/Face2Face_275_887/frame_000010.jpg
fake_train_01052.jpg,fake,Deepfakes_346_351,fake_ffpp_pair::346_351,component::a666aa84e3f0ac96,train,train,db7abe5e94561c6249c63f01d0e35fbc39a8defe39f7f0aea8d5f85d5d68f625,/content/drive/MyDrive/AISC DeepFake Çalışmaları/FaceForensics_Projesi/fake_frames/train/Deepfakes_346_351/frame_000002.jpg
fake_train_01053.jpg,fake,FaceSwap_136_285,fake_ffpp_pair::136_285,component::2bb072f07667fb06,train,train,223fcdbf7a9b8db5f98900771a47748986f66f756ce5ab56a4eaa1b519d6652e,/content/drive/MyDrive/AISC DeepFake Çalışmaları/FaceForensics_Projesi/fake_frames/train/FaceSwap_136_285/frame_000006.jpg
fake_train_01054.jpg,fake,Deepfakes_325_492,fake_ffpp_pair::325_492,component::ff5d2b5b303b8336,train,train,cf9b3825d2a23e8828f26bddc77f7315184f0ce78aec6c692aab7bc1683f5a23,/content/drive/MyDrive/AISC DeepFake Çalışmaları/FaceForensics_Projesi/fake_frames/train/Deepfakes_325_492/frame_000007.jpg
fake_train_01057.jpg,fake,FaceShifter_334_318,fake_ffpp_pair::318_334,component::fb268084be9c6b93,train,train,312bb711c8c7d3d4f376fd6ccc9f83026616c7d8be1e8de18505e6496460a688,/content/drive/MyDrive/AISC DeepFake Çalışmaları/FaceForensics_Projesi/fake_frames/train/FaceShifter_334_318/frame_000044.jpg
fake_train_01060.jpg,fake,FaceSwap_871_814,fake_ffpp_pair::814_871,component::485cee3631af2835,train,train,3367c7e8f325576dfd2b513cb574729db3442554e111feb30178959a84eccc9c,/content/drive/MyDrive/AISC DeepFake Çalışmaları/FaceForensics_Projesi/fake_frames/train/FaceSwap_871_814/frame_000001.jpg
fake_train_01061.jpg,fake,NeuralTextures_965_948,fake_ffpp_pair::948_965,component::ce88bd6dbc266c54,train,train,7d1fc92d364cd9bf6359ee8838854eebf61c89e3af4a457f2b179c178f92e694,/content/drive/MyDrive/AISC DeepFake Çalışmaları/FaceForensics_Projesi/fake_frames/train/NeuralTextures_965_948/frame_000015.jpg
fake_train_01062.jpg,fake,Deepfakes_495_512,fake_ffpp_pair::495_512,component::50d0b100a93d2815,train,train,e25053b310fb5b5868b124ecf4b55cd567c9ae6ef89c73853f9a109de104c534,/content/drive/MyDrive/AISC DeepFake Çalışmaları/FaceForensics_Projesi/fake_frames/train/Deepfakes_495_512/frame_000024.jpg
fake_train_01064.jpg,fake,NeuralTextures_014_790,fake_ffpp_pair::014_790,component::40cc6dd39ac0238e,train,test,93a8c58d5a30f5060c83422bb9c66a9cddbb67104fca0f2ddc6cc1075a446b1d,/content/drive/MyDrive/AISC DeepFake Çalışmaları/FaceForensics_Projesi/fake_frames/train/NeuralTextures_014_790/frame_000018.jpg
fake_train_01065.jpg,fake,Deepfakes_446_667,fake_ffpp_pair::446_667,component::1ef5e8849d63adac,train,train,1aa3d0d8b932f5567e8d423d192ed9a2fb32611c0e3c2e9cbcdf489a3bc1a2a6,/content/drive/MyDrive/AISC DeepFake Çalışmaları/FaceForensics_Projesi/fake_frames/train/Deepfakes_446_667/frame_000005.jpg
fake_train_01066.jpg,fake,FaceShifter_275_887,fake_ffpp_pair::275_887,component::acd7cd37072d9128,train,test,23d0a4c203292a6bf490d101785bbca3c541b2940359024a444f5d9065c716e2,/content/drive/MyDrive/AISC DeepFake Çalışmaları/FaceForensics_Projesi/fake_frames/train/FaceShifter_275_887/frame_000016.jpg
fake_train_01067.jpg,fake,NeuralTextures_090_086,fake_ffpp_pair::086_090,component::c0fcf920663142cc,train,val,5ff35e6b6f1d5948a6eea8c7d7fe609210341a4c1f2fb53a37281f34332b7171,/content/drive/MyDrive/AISC DeepFake Çalışmaları/FaceForensics_Projesi/fake_frames/train/NeuralTextures_090_086/frame_000011.jpg
fake_train_01070.jpg,fake,NeuralTextures_742_775,fake_ffpp_pair::742_775,component::50de53106d765806,train,train,13cb09c25e5d88a2367e9f60aa937a86a24ea6cca5276dbec8bed5dd0cb2e16e,/content/drive/MyDrive/AISC DeepFake Çalışmaları/FaceForensics_Projesi/fake_frames/train/NeuralTextures_742_775/frame_000018.jpg
fake_train_01072.jpg,fake,Deepfakes_911_910,fake_ffpp_pair::910_911,component::7e5b08dd867913fb,train,train,fc2ff5949e60b2ab2e1c0bc8371c2704781245b28b632504d15011016e51cfeb,/content/drive/MyDrive/AISC DeepFake Çalışmaları/FaceForensics_Projesi/fake_frames/train/Deepfakes_911_910/frame_000003.jpg
fake_train_01073.jpg,fake,Deepfakes_062_066,fake_ffpp_pair::062_066,component::35e6037866f0a23a,train,train,397de4dff08d95e349586a9c04e987de58a01705ffcfc1f6b2c1b5fa2da5a601,/content/drive/MyDrive/AISC DeepFake Çalışmaları/FaceForensics_Projesi/fake_frames/train/Deepfakes_062_066/frame_000007.jpg
fake_train_01074.jpg,fake,Face2Face_149_152,fake_ffpp_pair::149_152,component::c35422ca01c79638,train,train,ab6a8014b80b4c17b74a334bfe5aa15221e00d9d96f44ea1954d9960a93c081e,/content/drive/MyDrive/AISC DeepFake Çalışmaları/FaceForensics_Projesi/fake_frames/train/Face2Face_149_152/frame_000012.jpg
fake_train_01075.jpg,fake,Deepfakes_255_214,fake_ffpp_pair::214_255,component::e83a28dae780effa,train,train,6e0f50c3462a780d58cf29f335f134430c1d3a20cdfac9c4ff34ee6b5556770b,/content/drive/MyDrive/AISC DeepFake Çalışmaları/FaceForensics_Projesi/fake_frames/train/Deepfakes_255_214/frame_000008.jpg
fake_train_01077.jpg,fake,Face2Face_191_188,fake_ffpp_pair::188_191,component::ba2f8e109fa98458,train,train,fb8089f6f00c9b962487299ecfaefec7c5b0ac2babe31b58a2972276d12f0fa9,/content/drive/MyDrive/AISC DeepFake Çalışmaları/FaceForensics_Projesi/fake_frames/train/Face2Face_191_188/frame_000004.jpg
fake_train_01078.jpg,fake,NeuralTextures_595_597,fake_ffpp_pair::595_597,component::6b65aaf0f2c5e641,train,train,ae360a07d26cc7690b316b4e27c06aeac7b3cabe65e5346f37c30eb3dcfc0ad5,/content/drive/MyDrive/AISC DeepFake Çalışmaları/FaceForensics_Projesi/fake_frames/train/NeuralTextures_595_597/frame_000011.jpg
fake_train_01079.jpg,fake,DeepFakeDetection_12_21__talking_against_wall__J54W3PV1,fake_dfd_pair::12_21,component::4c31e2e96572ac1b,train,val,8126e733251428db667c56a683adbc423e4bd3fcfff252d7856c640cc31d646b,/content/drive/MyDrive/AISC DeepFake Çalışmaları/FaceForensics_Projesi/fake_frames/train/DeepFakeDetection_12_21__talking_against_wall__J54W3PV1/frame_000029.jpg
fake_train_01080.jpg,fake,Deepfakes_336_338,fake_ffpp_pair::336_338,component::d6d1e0f250b2af63,train,train,9b144f42fe51ed0e8d1ded46c86fa9af0eb5dffba5829a5e00594a1d0a406539,/content/drive/MyDrive/AISC DeepFake Çalışmaları/FaceForensics_Projesi/fake_frames/train/Deepfakes_336_338/frame_000002.jpg
fake_train_01081.jpg,fake,FaceShifter_355_748,fake_ffpp_pair::355_748,component::a83c82bb46bfb4e9,train,train,038f30170e6a0c1c32c40c33d037549c5f50ce3b0369406ae760ef03dc20e057,/content/drive/MyDrive/AISC DeepFake Çalışmaları/FaceForensics_Projesi/fake_frames/train/FaceShifter_355_748/frame_000018.jpg
fake_train_01082.jpg,fake,FaceSwap_402_453,fake_ffpp_pair::402_453,component::609b59b50060040a,train,test,db8f7c28fe017cb88dd76920f3a3913562f8748725df554477f63a5eed5e2430,/content/drive/MyDrive/AISC DeepFake Çalışmaları/FaceForensics_Projesi/fake_frames/train/FaceSwap_402_453/frame_000016.jpg
fake_train_01083.jpg,fake,DeepFakeDetection_02_09__kitchen_pan__9TDCEK1Q,fake_dfd_pair::02_09,component::9b6f2488270eaee0,train,train,fc13c98622c5d826f29e260cde536153d008ede98dc2fc652c67cb1c572bd9b0,/content/drive/MyDrive/AISC DeepFake Çalışmaları/FaceForensics_Projesi/fake_frames/train/DeepFakeDetection_02_09__kitchen_pan__9TDCEK1Q/frame_000005.jpg
fake_train_01084.jpg,fake,DeepFakeDetection_13_09__hugging_happy__BVZGDFD8,fake_dfd_pair::09_13,component::d316bb89e499a09e,train,train,6cc413ac406092b951b792b49105e8a2c2ff489e9f25ed08e659d263d2e1f6cc,/content/drive/MyDrive/AISC DeepFake Çalışmaları/FaceForensics_Projesi/fake_frames/train/DeepFakeDetection_13_09__hugging_happy__BVZGDFD8/frame_000029.jpg
fake_train_01086.jpg,fake,Face2Face_192_134,fake_ffpp_pair::134_192,component::65a9e1d231f1e452,train,train,124eb81288f7dddce2f185bb5e2c30729eeef34db2a081933894637034341a7a,/content/drive/MyDrive/AISC DeepFake Çalışmaları/FaceForensics_Projesi/fake_frames/train/Face2Face_192_134/frame_000007.jpg
fake_train_01087.jpg,fake,DeepFakeDetection_09_20__kitchen_pan__98NUQ3E6,fake_dfd_pair::09_20,component::4cac70b9551aab28,train,train,ba43ec491c4a09a90745bc3ae1924ab4e787afb4e2c6ed24645abc65e47db403,/content/drive/MyDrive/AISC DeepFake Çalışmaları/FaceForensics_Projesi/fake_frames/train/DeepFakeDetection_09_20__kitchen_pan__98NUQ3E6/frame_000023.jpg
fake_train_01089.jpg,fake,NeuralTextures_478_506,fake_ffpp_pair::478_506,component::de5405dffae2c392,train,train,6a0e00298eecb95a1a570ee6023a96e218a9fd75bdb41685e72578d56451bb7c,/content/drive/MyDrive/AISC DeepFake Çalışmaları/FaceForensics_Projesi/fake_frames/train/NeuralTextures_478_506/frame_000004.jpg
fake_train_01091.jpg,fake,Face2Face_087_081,fake_ffpp_pair::081_087,component::abd626134336522b,train,train,8782c98bb3640b00c4ed0e5c0efecad3cc53bb5d5c522af0b5e917294012288e,/content/drive/MyDrive/AISC DeepFake Çalışmaları/FaceForensics_Projesi/fake_frames/train/Face2Face_087_081/frame_000066.jpg
fake_train_01092.jpg,fake,NeuralTextures_568_628,fake_ffpp_pair::568_628,component::e145fffc569fbeb2,train,train,c3f8d182828857c31a11670e3014ffeba068605c415743b7c8928a20ba76cbb7,/content/drive/MyDrive/AISC DeepFake Çalışmaları/FaceForensics_Projesi/fake_frames/train/NeuralTextures_568_628/frame_000024.jpg
fake_train_01093.jpg,fake,FaceSwap_806_781,fake_ffpp_pair::781_806,component::a2ef9647fe8894b3,train,train,9c75bdf687f4a191da9aee214d0856e7c09f8fd57935bfe4360e3f08414fee13,/content/drive/MyDrive/AISC DeepFake Çalışmaları/FaceForensics_Projesi/fake_frames/train/FaceSwap_806_781/frame_000010.jpg
fake_train_01094.jpg,fake,FaceSwap_474_281,fake_ffpp_pair::281_474,component::871a2e051a38bf38,train,train,26799d4550ea6634d35e20afb45e2149e7e1983a62d61d84ddddd0ac17f4ed9e,/content/drive/MyDrive/AISC DeepFake Çalışmaları/FaceForensics_Projesi/fake_frames/train/FaceSwap_474_281/frame_000012.jpg
fake_train_01099.jpg,fake,NeuralTextures_749_659,fake_ffpp_pair::659_749,component::845003d6dca6b071,train,train,070c4e09d6d7c8329fd77e94e92495ce6a1b19416eb567bf08a673fc88db2c36,/content/drive/MyDrive/AISC DeepFake Çalışmaları/FaceForensics_Projesi/fake_frames/train/NeuralTextures_749_659/frame_000016.jpg
fake_train_01100.jpg,fake,FaceShifter_924_917,fake_ffpp_pair::917_924,component::672fa65df2510fc9,train,val,eca7a40fac82fd02d41aac776a3ef219ef3992292b3342f88eb8d8eb01f4b75f,/content/drive/MyDrive/AISC DeepFake Çalışmaları/FaceForensics_Projesi/fake_frames/train/FaceShifter_924_917/frame_000003.jpg
fake_train_01103.jpg,fake,NeuralTextures_445_494,fake_ffpp_pair::445_494,component::e59e98ddda1ef467,train,train,eefc44d4d897e393176ae9ef49ba5484e29bb282d1c7ae822a2694c369ddd5a2,/content/drive/MyDrive/AISC DeepFake Çalışmaları/FaceForensics_Projesi/fake_frames/train/NeuralTextures_445_494/frame_000027.jpg
fake_train_01106.jpg,fake,DeepFakeDetection_13_14__talking_against_wall__KMQ3AW6A,fake_dfd_pair::13_14,component::f00c7b69232a8eba,train,train,edfc344c43f19a9dffa5512ab344c932c673780b820e141b638eaa2f9c709b39,/content/drive/MyDrive/AISC DeepFake Çalışmaları/FaceForensics_Projesi/fake_frames/train/DeepFakeDetection_13_14__talking_against_wall__KMQ3AW6A/frame_000001.jpg
fake_train_01108.jpg,fake,DeepFakeDetection_06_18__talking_angry_couch__DEA1TCLN,fake_dfd_pair::06_18,component::49790f5bfec8b976,train,val,5c9a7084d1b3b4738bb857cd28b9f12bcd909bbe12e13539d0afc7dd42c3af6b,/content/drive/MyDrive/AISC DeepFake Çalışmaları/FaceForensics_Projesi/fake_frames/train/DeepFakeDetection_06_18__talking_angry_couch__DEA1TCLN/frame_000042.jpg
fake_train_01109.jpg,fake,Deepfakes_675_608,fake_ffpp_pair::608_675,component::2e5611293ca5e378,train,train,71a51ff41b04390d273c5f69bcdb38a183c41b204e5af355525416f12eefd047,/content/drive/MyDrive/AISC DeepFake Çalışmaları/FaceForensics_Projesi/fake_frames/train/Deepfakes_675_608/frame_000012.jpg
fake_train_01110.jpg,fake,FaceSwap_985_981,fake_ffpp_pair::981_985,component::427e7e386848cb81,train,train,69948422d9afb77dd0e1a447a6cc529ea0474f1ec8f9d4bb89b4412c64937fb1,/content/drive/MyDrive/AISC DeepFake Çalışmaları/FaceForensics_Projesi/fake_frames/train/FaceSwap_985_981/frame_000018.jpg
fake_train_01111.jpg,fake,NeuralTextures_130_139,fake_ffpp_pair::130_139,component::4c4da3e3d532633c,train,val,ab22c8417253461b5f147398fab153b7f26dc5ce00c6bf30a8ecfbe0e6e10def,/content/drive/MyDrive/AISC DeepFake Çalışmaları/FaceForensics_Projesi/fake_frames/train/NeuralTextures_130_139/frame_000003.jpg
fake_train_01113.jpg,fake,DeepFakeDetection_14_01__talking_angry_couch__0S0NS5C6,fake_dfd_pair::01_14,component::35241510e77c66cf,train,train,44c1fe32cf17828d890e3e758473df32bf8dca4f4a4337dd4660046d027c434e,/content/drive/MyDrive/AISC DeepFake Çalışmaları/FaceForensics_Projesi/fake_frames/train/DeepFakeDetection_14_01__talking_angry_couch__0S0NS5C6/frame_000091.jpg
fake_train_01115.jpg,fake,Deepfakes_368_378,fake_ffpp_pair::368_378,component::b2b30aedceceb9ee,train,test,e8975b472329867f8662013de5a9606039f04b9c99adbd2a4b3e38db85510f2c,/content/drive/MyDrive/AISC DeepFake Çalışmaları/FaceForensics_Projesi/fake_frames/train/Deepfakes_368_378/frame_000028.jpg
fake_train_01116.jpg,fake,Deepfakes_698_693,fake_ffpp_pair::693_698,component::bc8cd50d27edacd1,train,train,dc4413be00c22fe168123dcbefd3633ecda5e2267b20949f6e5b646889c02e0d,/content/drive/MyDrive/AISC DeepFake Çalışmaları/FaceForensics_Projesi/fake_frames/train/Deepfakes_698_693/frame_000014.jpg
fake_train_01117.jpg,fake,FaceShifter_076_079,fake_ffpp_pair::076_079,component::330bbbddc126edf5,train,train,1ed7358304369927124df8ede2a77c2c158bfd61b7e1806c3fb11ec308ab8d4c,/content/drive/MyDrive/AISC DeepFake Çalışmaları/FaceForensics_Projesi/fake_frames/train/FaceShifter_076_079/frame_000010.jpg
fake_train_01120.jpg,fake,FaceShifter_209_016,fake_ffpp_pair::016_209,component::f9f8f50c8e259900,train,train,51a45a9bc785b6a23952f5d026756af0e014d5c59fa5a82ce2a7bf3f7e551486,/content/drive/MyDrive/AISC DeepFake Çalışmaları/FaceForensics_Projesi/fake_frames/train/FaceShifter_209_016/frame_000012.jpg
fake_train_01121.jpg,fake,NeuralTextures_034_590,fake_ffpp_pair::034_590,component::ead9aea7ee65dcc1,train,train,c48bf7c2164370ed4270b234e409fc52e591f3abd103731af73ec4448e7758ff,/content/drive/MyDrive/AISC DeepFake Çalışmaları/FaceForensics_Projesi/fake_frames/train/NeuralTextures_034_590/frame_000013.jpg
fake_train_01122.jpg,fake,FaceSwap_654_648,fake_ffpp_pair::648_654,component::bde3b82bed5cc685,train,train,c10869bffe0359c1f3ec323041c0b0199afc1eed17f2442f63eed338044cf177,/content/drive/MyDrive/AISC DeepFake Çalışmaları/FaceForensics_Projesi/fake_frames/train/FaceSwap_654_648/frame_000023.jpg
fake_train_01123.jpg,fake,Face2Face_414_385,fake_ffpp_pair::385_414,component::67bb6ce64c46f9fc,train,train,d55933b0d31dd223070a6009a7abb1e640bb500517c48abcbe0c9241a6e51332,/content/drive/MyDrive/AISC DeepFake Çalışmaları/FaceForensics_Projesi/fake_frames/train/Face2Face_414_385/frame_000014.jpg
fake_train_01124.jpg,fake,Deepfakes_735_774,fake_ffpp_pair::735_774,component::139a443959f2dceb,train,train,6cce30daace9f31d5fcc32d7b534849ea5d5faffe6a9f014d89aad13de6000d0,/content/drive/MyDrive/AISC DeepFake Çalışmaları/FaceForensics_Projesi/fake_frames/train/Deepfakes_735_774/frame_000014.jpg
fake_train_01126.jpg,fake,FaceShifter_526_436,fake_ffpp_pair::436_526,component::cf35e706388abc9e,train,val,d9f4888cab9067e4ac0949054c9d677f23a5b932da5c32088cf7ca7a26f89d99,/content/drive/MyDrive/AISC DeepFake Çalışmaları/FaceForensics_Projesi/fake_frames/train/FaceShifter_526_436/frame_000013.jpg
fake_train_01128.jpg,fake,NeuralTextures_788_710,fake_ffpp_pair::710_788,component::4ca57d5136fb342b,train,train,4ad8592b2de2c89ed5b24d09bf5bcd2c9bc2a5f703b53e9f754dc98892d7394f,/content/drive/MyDrive/AISC DeepFake Çalışmaları/FaceForensics_Projesi/fake_frames/train/NeuralTextures_788_710/frame_000018.jpg
fake_train_01129.jpg,fake,Face2Face_145_299,fake_ffpp_pair::145_299,component::693c4e8d1666aead,train,train,2d8347b0037d6cd7bb1f8e68720ab188e7d122175bc33a64ef6e4e52c2f6e6bf,/content/drive/MyDrive/AISC DeepFake Çalışmaları/FaceForensics_Projesi/fake_frames/train/Face2Face_145_299/frame_000011.jpg
fake_train_01131.jpg,fake,Face2Face_120_118,fake_ffpp_pair::118_120,component::d83f858fb58e2964,train,train,0fde447fa243c38685fe6f5ecce61d4dc5d620217c7fa2800f041f846bb02022,/content/drive/MyDrive/AISC DeepFake Çalışmaları/FaceForensics_Projesi/fake_frames/train/Face2Face_120_118/frame_000011.jpg
fake_train_01132.jpg,fake,FaceShifter_616_614,fake_ffpp_pair::614_616,component::f2eebaa3385daf58,train,train,07e00c7a4dbad8699e88d211a14ca5d5cc0f9dd96a65b1c8c6494d3108794228,/content/drive/MyDrive/AISC DeepFake Çalışmaları/FaceForensics_Projesi/fake_frames/train/FaceShifter_616_614/frame_000029.jpg
fake_train_01134.jpg,fake,Face2Face_717_684,fake_ffpp_pair::684_717,component::703b516d38efe22b,train,train,5d92b4cb9c91e3ced9ee18ce1da6ba6d2222eef25d9cb78c330242581d530e0b,/content/drive/MyDrive/AISC DeepFake Çalışmaları/FaceForensics_Projesi/fake_frames/train/Face2Face_717_684/frame_000000.jpg
fake_train_01135.jpg,fake,FaceShifter_413_372,fake_ffpp_pair::372_413,component::fc66e917925e3705,train,train,c110407ac0d3d3a8811bbbe4e8d9c08024e6123d87934d2da1ce78e93b62c408,/content/drive/MyDrive/AISC DeepFake Çalışmaları/FaceForensics_Projesi/fake_frames/train/FaceShifter_413_372/frame_000012.jpg
fake_train_01140.jpg,fake,Face2Face_437_360,fake_ffpp_pair::360_437,component::eccc9267fbbae1ec,train,val,d5bf1650fac1686f7264da40c6612c203a03cfb26b1fbbc44504fdfb343e5ccb,/content/drive/MyDrive/AISC DeepFake Çalışmaları/FaceForensics_Projesi/fake_frames/train/Face2Face_437_360/frame_000012.jpg
fake_train_01141.jpg,fake,NeuralTextures_747_854,fake_ffpp_pair::747_854,component::fad9c1f7d06bf6be,train,val,8364b45f50057360a9c64ae25a9f648ea12e9ac26f46bb60153fc16008c51de1,/content/drive/MyDrive/AISC DeepFake Çalışmaları/FaceForensics_Projesi/fake_frames/train/NeuralTextures_747_854/frame_000001.jpg
fake_train_01142.jpg,fake,FaceShifter_479_706,fake_ffpp_pair::479_706,component::38f0f2cf08781b19,train,train,0071c258cf7896b9ffab276484125482d2a94ed6247e4a785376ecf80c908d62,/content/drive/MyDrive/AISC DeepFake Çalışmaları/FaceForensics_Projesi/fake_frames/train/FaceShifter_479_706/frame_000017.jpg
fake_train_01146.jpg,fake,FaceShifter_834_852,fake_ffpp_pair::834_852,component::151d23811c33791e,train,val,3ac5a3556da11a8a47b6442536ef1feaea7842debbc006fa82b05cc2a76dc726,/content/drive/MyDrive/AISC DeepFake Çalışmaları/FaceForensics_Projesi/fake_frames/train/FaceShifter_834_852/frame_000016.jpg
fake_train_01147.jpg,fake,FaceSwap_598_178,fake_ffpp_pair::178_598,component::c87ef7a6df9d678f,train,train,79f8c54ac700b5b24749cb1514c80afd7684077ede9fa3f41d12a1ddea6a054c,/content/drive/MyDrive/AISC DeepFake Çalışmaları/FaceForensics_Projesi/fake_frames/train/FaceSwap_598_178/frame_000027.jpg
fake_train_01148.jpg,fake,FaceSwap_907_795,fake_ffpp_pair::795_907,component::50b25210f5b46956,train,test,7ff2fed425fba0be88ef40ecce82fe9d38028b6864b10fb91b3a49113ee56cf2,/content/drive/MyDrive/AISC DeepFake Çalışmaları/FaceForensics_Projesi/fake_frames/train/FaceSwap_907_795/frame_000015.jpg
fake_train_01149.jpg,fake,FaceSwap_568_628,fake_ffpp_pair::568_628,component::e145fffc569fbeb2,train,train,24c00b3435be57732ca5822a76e3d2796c45fe3972582136687a74f99f3201ba,/content/drive/MyDrive/AISC DeepFake Çalışmaları/FaceForensics_Projesi/fake_frames/train/FaceSwap_568_628/frame_000004.jpg
fake_train_01150.jpg,fake,Face2Face_829_808,fake_ffpp_pair::808_829,component::ee9c3c421303f065,train,train,789ad867cca3baf2893659eea3606ec1dc8e25078c3e520a83b954a396c1253b,/content/drive/MyDrive/AISC DeepFake Çalışmaları/FaceForensics_Projesi/fake_frames/train/Face2Face_829_808/frame_000009.jpg
fake_train_01151.jpg,fake,NeuralTextures_909_857,fake_ffpp_pair::857_909,component::c9bff1996ef7c0d5,train,train,6b289d0117efacf3423a1d84579f1a93c61b3a94c9f14582156bf02f793e9c1b,/content/drive/MyDrive/AISC DeepFake Çalışmaları/FaceForensics_Projesi/fake_frames/train/NeuralTextures_909_857/frame_000025.jpg
fake_train_01152.jpg,fake,Deepfakes_526_436,fake_ffpp_pair::436_526,component::cf35e706388abc9e,train,val,a9af0ed272864b523157296fc8a340eedec9487d64bc655c4dc0fb8a9620060f,/content/drive/MyDrive/AISC DeepFake Çalışmaları/FaceForensics_Projesi/fake_frames/train/Deepfakes_526_436/frame_000034.jpg
fake_train_01154.jpg,fake,FaceShifter_028_068,fake_ffpp_pair::028_068,component::d21c346760de8c60,train,test,14a09c84bbd7ec66fb1d09462ff958b7e05ac35fcd9204f039a9a870c95d7005,/content/drive/MyDrive/AISC DeepFake Çalışmaları/FaceForensics_Projesi/fake_frames/train/FaceShifter_028_068/frame_000003.jpg
fake_train_01155.jpg,fake,FaceShifter_234_187,fake_ffpp_pair::187_234,component::b8e5a4e1a4606383,train,train,d7fb011309070fca32dc6daa108aaeeabd81d37ec6ccc5a8827445febda3059b,/content/drive/MyDrive/AISC DeepFake Çalışmaları/FaceForensics_Projesi/fake_frames/train/FaceShifter_234_187/frame_000011.jpg
fake_train_01156.jpg,fake,Deepfakes_699_734,fake_ffpp_pair::699_734,component::3874bba9aace2a83,train,train,9f8833652823bd4f4cff00833817bcfbe15e6e0c76fce1ac6de8044329fcb70b,/content/drive/MyDrive/AISC DeepFake Çalışmaları/FaceForensics_Projesi/fake_frames/train/Deepfakes_699_734/frame_000009.jpg
fake_train_01157.jpg,fake,Deepfakes_671_677,fake_ffpp_pair::671_677,component::9e46c9f3e7eade54,train,val,539d1630f55a433aadaca175fb2731a2d4d315c2eac8438845d64be25d273135,/content/drive/MyDrive/AISC DeepFake Çalışmaları/FaceForensics_Projesi/fake_frames/train/Deepfakes_671_677/frame_000000.jpg
fake_train_01158.jpg,fake,NeuralTextures_047_862,fake_ffpp_pair::047_862,component::05e7020f9eb392fe,train,test,24655c9acaed54e3c6bc9058dcc3a2be87899f10a9339f6e9a074f72680da8f9,/content/drive/MyDrive/AISC DeepFake Çalışmaları/FaceForensics_Projesi/fake_frames/train/NeuralTextures_047_862/frame_000012.jpg
fake_train_01161.jpg,fake,FaceShifter_293_296,fake_ffpp_pair::293_296,component::80a6d83e1fef24c2,train,train,0fd19ed7b03dba1e5bb07adc5fde4cb4d0681de4cbf86d075a35eb0ad4b6cf00,/content/drive/MyDrive/AISC DeepFake Çalışmaları/FaceForensics_Projesi/fake_frames/train/FaceShifter_293_296/frame_000023.jpg
fake_train_01162.jpg,fake,DeepFakeDetection_20_26__talking_angry_couch__01OJA93K,fake_dfd_pair::20_26,component::5c07ce00f63ff19f,train,train,77d4b746b6e3af3efd05a1c4d726a22d5095e253e2936ac893fff525d564572d,/content/drive/MyDrive/AISC DeepFake Çalışmaları/FaceForensics_Projesi/fake_frames/train/DeepFakeDetection_20_26__talking_angry_couch__01OJA93K/frame_000025.jpg
fake_train_01164.jpg,fake,Deepfakes_105_180,fake_ffpp_pair::105_180,component::6bb7e3c20e1778db,train,train,1cb6faec5f6ffae254036466ef079de077e56a39ef87cbe97379b3d7b9598d46,/content/drive/MyDrive/AISC DeepFake Çalışmaları/FaceForensics_Projesi/fake_frames/train/Deepfakes_105_180/frame_000011.jpg
fake_train_01167.jpg,fake,FaceSwap_514_443,fake_ffpp_pair::443_514,component::ce662915da4c9f2f,train,train,4d682e2b799bf99772048892550557c55e9390b1a5318a72a5da1a7a50679a31,/content/drive/MyDrive/AISC DeepFake Çalışmaları/FaceForensics_Projesi/fake_frames/train/FaceSwap_514_443/frame_000010.jpg
fake_train_01168.jpg,fake,Face2Face_920_811,fake_ffpp_pair::811_920,component::8a29e881f28b1cd0,train,train,1e8e11b6f818159056317cbb320b919e025128e0017e68e5c97e007c61ef31fc,/content/drive/MyDrive/AISC DeepFake Çalışmaları/FaceForensics_Projesi/fake_frames/train/Face2Face_920_811/frame_000015.jpg
fake_train_01169.jpg,fake,DeepFakeDetection_06_15__exit_phone_room__QRCD27P8,fake_dfd_pair::06_15,component::80d77e908df532e4,train,train,2cc367b6cfd367b3ea57c108ac6e9e4e589fb366d96a7eb6175a80ff83079a18,/content/drive/MyDrive/AISC DeepFake Çalışmaları/FaceForensics_Projesi/fake_frames/train/DeepFakeDetection_06_15__exit_phone_room__QRCD27P8/frame_000008.jpg
fake_train_01171.jpg,fake,FaceShifter_211_177,fake_ffpp_pair::177_211,component::910230fe4dbfaeaf,train,train,b19744270d2e29b4c9bcb1947d6fadd5bd3389c33d614810689efc66a13bfcfc,/content/drive/MyDrive/AISC DeepFake Çalışmaları/FaceForensics_Projesi/fake_frames/train/FaceShifter_211_177/frame_000010.jpg
fake_train_01172.jpg,fake,Face2Face_464_463,fake_ffpp_pair::463_464,component::92b7e7a66be94426,train,train,72569ff2b8464837747e9dd74cba64dc14e2ceebd6a14e8817821c594a12e65b,/content/drive/MyDrive/AISC DeepFake Çalışmaları/FaceForensics_Projesi/fake_frames/train/Face2Face_464_463/frame_000007.jpg
fake_train_01173.jpg,fake,FaceShifter_046_904,fake_ffpp_pair::046_904,component::2ecc6af19efc9656,train,val,6e8243e32331939d126fc4947308adc854c3422bad7507e1f43cb4e7c3f5c727,/content/drive/MyDrive/AISC DeepFake Çalışmaları/FaceForensics_Projesi/fake_frames/train/FaceShifter_046_904/frame_000011.jpg
fake_train_01175.jpg,fake,DeepFakeDetection_14_01__talking_angry_couch__0S0NS5C6,fake_dfd_pair::01_14,component::35241510e77c66cf,train,train,958d84ad424dc3401f48ae94e63cecb764d15f44013bf47899a112d267dd52e1,/content/drive/MyDrive/AISC DeepFake Çalışmaları/FaceForensics_Projesi/fake_frames/train/DeepFakeDetection_14_01__talking_angry_couch__0S0NS5C6/frame_000072.jpg
fake_train_01176.jpg,fake,Deepfakes_238_282,fake_ffpp_pair::238_282,component::ebab9234969b894f,train,train,cd0b6a6afa891a7e1d4ce708d5261e33f5aeb93e83c7af499bbc2a016eb63778,/content/drive/MyDrive/AISC DeepFake Çalışmaları/FaceForensics_Projesi/fake_frames/train/Deepfakes_238_282/frame_000014.jpg
fake_train_01179.jpg,fake,FaceShifter_626_562,fake_ffpp_pair::562_626,component::ee39e23ba1422123,train,test,0e748eacdc8990d2e854ac5b4d34b7255dd4720c18116a5cba6aadbf6dddb2e4,/content/drive/MyDrive/AISC DeepFake Çalışmaları/FaceForensics_Projesi/fake_frames/train/FaceShifter_626_562/frame_000009.jpg
fake_train_01181.jpg,fake,Deepfakes_558_583,fake_ffpp_pair::558_583,component::526627f06c203952,train,train,2aacb5974b783224aa0705edf8aae3d7692cae53d4008765c1e6f95a84369bd7,/content/drive/MyDrive/AISC DeepFake Çalışmaları/FaceForensics_Projesi/fake_frames/train/Deepfakes_558_583/frame_000017.jpg
fake_train_01182.jpg,fake,Deepfakes_119_123,fake_ffpp_pair::119_123,component::8cd289bb3eaa90b6,train,train,80e1d00dff6324b3f98efef76ce224a849d069ea3e507f68dd7a76783f152163,/content/drive/MyDrive/AISC DeepFake Çalışmaları/FaceForensics_Projesi/fake_frames/train/Deepfakes_119_123/frame_000007.jpg
fake_train_01183.jpg,fake,DeepFakeDetection_27_18__kitchen_still__NYHE8D0J,fake_dfd_pair::18_27,component::7b9cf0705c89bb6a,train,train,af59d375906e0d83974d944a6828062c28588cf760ec6f64b0cd25cf41a1d0be,/content/drive/MyDrive/AISC DeepFake Çalışmaları/FaceForensics_Projesi/fake_frames/train/DeepFakeDetection_27_18__kitchen_still__NYHE8D0J/frame_000026.jpg
fake_train_01184.jpg,fake,FaceShifter_064_991,fake_ffpp_pair::064_991,component::b5096f6ec3bca00e,train,train,739820c888874e77d9d321fa60e26de9292e5d5661dd86ba4c202a3661ab0dd3,/content/drive/MyDrive/AISC DeepFake Çalışmaları/FaceForensics_Projesi/fake_frames/train/FaceShifter_064_991/frame_000011.jpg
fake_train_01185.jpg,fake,FaceSwap_572_554,fake_ffpp_pair::554_572,component::47872d8cb0bcdcc5,train,train,335a1dbb33d117aab2ed9192edc6cbc7f7564644187166d52adebfd12ce1990d,/content/drive/MyDrive/AISC DeepFake Çalışmaları/FaceForensics_Projesi/fake_frames/train/FaceSwap_572_554/frame_000009.jpg
fake_train_01186.jpg,fake,DeepFakeDetection_23_19__talking_angry_couch__WHQ1229T,fake_dfd_pair::19_23,component::7a200ffc68deca68,train,train,370fe7cd9edc8b622f339b29be925d065839b3cc6151c344267916d896666dbb,/content/drive/MyDrive/AISC DeepFake Çalışmaları/FaceForensics_Projesi/fake_frames/train/DeepFakeDetection_23_19__talking_angry_couch__WHQ1229T/frame_000008.jpg
fake_train_01188.jpg,fake,NeuralTextures_431_447,fake_ffpp_pair::431_447,component::313a6a15fa8e212c,train,train,1e429deebe915fcacd08827a9edcc9f0acd55f8d0dabd7c9a12d7796c6a26db9,/content/drive/MyDrive/AISC DeepFake Çalışmaları/FaceForensics_Projesi/fake_frames/train/NeuralTextures_431_447/frame_000013.jpg
fake_train_01189.jpg,fake,Face2Face_991_064,fake_ffpp_pair::064_991,component::b5096f6ec3bca00e,train,train,1be652f57c83385913ec3238ba0516300bb2729f99ae2d97f6cde4f5dc3ea284,/content/drive/MyDrive/AISC DeepFake Çalışmaları/FaceForensics_Projesi/fake_frames/train/Face2Face_991_064/frame_000017.jpg
fake_train_01191.jpg,fake,Deepfakes_889_045,fake_ffpp_pair::045_889,component::70b94af3d60337f3,train,train,351bffbdb8e4f3e3b52bfcaf678f3d48401f2812a914d7b9fc0df1fcb62ba2c5,/content/drive/MyDrive/AISC DeepFake Çalışmaları/FaceForensics_Projesi/fake_frames/train/Deepfakes_889_045/frame_000017.jpg
fake_train_01192.jpg,fake,NeuralTextures_477_487,fake_ffpp_pair::477_487,component::0939aefa70c2c5fb,train,train,8af07f85ba3b9880eab8a175a44fc4126ac0bd233a65e4116f677994d1e8b94d,/content/drive/MyDrive/AISC DeepFake Çalışmaları/FaceForensics_Projesi/fake_frames/train/NeuralTextures_477_487/frame_000006.jpg
fake_train_01195.jpg,fake,FaceShifter_558_583,fake_ffpp_pair::558_583,component::526627f06c203952,train,train,50fcb440220236d34d03fbc5fc8963188dc7ecf95966eb4161846bff6cb62822,/content/drive/MyDrive/AISC DeepFake Çalışmaları/FaceForensics_Projesi/fake_frames/train/FaceShifter_558_583/frame_000010.jpg
fake_train_01196.jpg,fake,FaceSwap_086_090,fake_ffpp_pair::086_090,component::c0fcf920663142cc,train,val,8886d04bf0e0ba024c1fdc729104fce6fa664e52c52f33a6bd0a4492c20542ca,/content/drive/MyDrive/AISC DeepFake Çalışmaları/FaceForensics_Projesi/fake_frames/train/FaceSwap_086_090/frame_000025.jpg
fake_train_01198.jpg,fake,Deepfakes_997_040,fake_ffpp_pair::040_997,component::7d0ca7fc08bdd311,train,train,391982efe54d61ea12d115101dac01cb0a0d506918cfdf8b48316a40cb0510e1,/content/drive/MyDrive/AISC DeepFake Çalışmaları/FaceForensics_Projesi/fake_frames/train/Deepfakes_997_040/frame_000018.jpg
fake_train_01199.jpg,fake,Deepfakes_518_131,fake_ffpp_pair::131_518,component::ac837b29b03c6232,train,train,8dd947e42ca95c5cc83c963e75edc39a86896e47bf87f0ae062de3810f4ef9c7,/content/drive/MyDrive/AISC DeepFake Çalışmaları/FaceForensics_Projesi/fake_frames/train/Deepfakes_518_131/frame_000013.jpg
fake_val_00000.jpg,fake,Face2Face_879_963,fake_ffpp_pair::879_963,component::63db1aa6578a903c,val,train,071e57664279debbbbea5027f9edbbb40343944162c6e1b1c5bdc06350469671,/content/drive/MyDrive/AISC DeepFake Çalışmaları/FaceForensics_Projesi/fake_frames/val/Face2Face_879_963/frame_000024.jpg
fake_val_00002.jpg,fake,Deepfakes_478_506,fake_ffpp_pair::478_506,component::de5405dffae2c392,val,train,6acdf21e24fa50ae5b31bbf0ec8f2fdf69ad3461725bf3251ec16144cea02e27,/content/drive/MyDrive/AISC DeepFake Çalışmaları/FaceForensics_Projesi/fake_frames/val/Deepfakes_478_506/frame_000016.jpg
fake_val_00005.jpg,fake,FaceShifter_766_761,fake_ffpp_pair::761_766,component::0909040930fbdbd8,val,train,417e83fc3e6847e5a31938ac26badd6a170e9099dbf809cff8fb6da3f40a26d9,/content/drive/MyDrive/AISC DeepFake Çalışmaları/FaceForensics_Projesi/fake_frames/val/FaceShifter_766_761/frame_000039.jpg
fake_val_00006.jpg,fake,FaceShifter_086_090,fake_ffpp_pair::086_090,component::c0fcf920663142cc,val,val,5af3ed28a405c0661e3bb0b94924ec31b43e427d84a65f7bdc6a43f2b5dd3dc9,/content/drive/MyDrive/AISC DeepFake Çalışmaları/FaceForensics_Projesi/fake_frames/val/FaceShifter_086_090/frame_000004.jpg
fake_val_00007.jpg,fake,Deepfakes_818_820,fake_ffpp_pair::818_820,component::a8787564f9f64a71,val,train,a42ac36627b72f81ecd1dacf886aad03424eeb5e724988ddda87f162cdff0a2f,/content/drive/MyDrive/AISC DeepFake Çalışmaları/FaceForensics_Projesi/fake_frames/val/Deepfakes_818_820/frame_000000.jpg
fake_val_00008.jpg,fake,FaceShifter_114_102,fake_ffpp_pair::102_114,component::a7ebf3af92969efd,val,train,f1d2adb5124962edf9a1312f00104ae505d60c83e8c3c5a822e19b976ed5dbee,/content/drive/MyDrive/AISC DeepFake Çalışmaları/FaceForensics_Projesi/fake_frames/val/FaceShifter_114_102/frame_000026.jpg
fake_val_00010.jpg,fake,Face2Face_044_945,fake_ffpp_pair::044_945,component::2d90e98387489112,val,val,9d4f9a35c44b10184a791f1cc9a2b53e95a403082e64e24fe3ec93397a697176,/content/drive/MyDrive/AISC DeepFake Çalışmaları/FaceForensics_Projesi/fake_frames/val/Face2Face_044_945/frame_000003.jpg
fake_val_00012.jpg,fake,FaceShifter_392_339,fake_ffpp_pair::339_392,component::4bc8b7644cfb19bb,val,train,9970a271bb680d20722472f451156c3b6791a9bd47d739d02307dba4f05a8f91,/content/drive/MyDrive/AISC DeepFake Çalışmaları/FaceForensics_Projesi/fake_frames/val/FaceShifter_392_339/frame_000043.jpg
fake_val_00014.jpg,fake,FaceSwap_766_761,fake_ffpp_pair::761_766,component::0909040930fbdbd8,val,train,9817971528ca0e10e1ecb9692f550ca7b27b8fcf5f00cbd1a0b1ac658d0241f0,/content/drive/MyDrive/AISC DeepFake Çalışmaları/FaceForensics_Projesi/fake_frames/val/FaceSwap_766_761/frame_000005.jpg
fake_val_00015.jpg,fake,Deepfakes_173_171,fake_ffpp_pair::171_173,component::630ff58811b04999,val,train,404b96f461c85fb07370edc5df407175bec710a4081435b6d54024baab3f9bb2,/content/drive/MyDrive/AISC DeepFake Çalışmaları/FaceForensics_Projesi/fake_frames/val/Deepfakes_173_171/frame_000021.jpg
fake_val_00018.jpg,fake,Face2Face_564_971,fake_ffpp_pair::564_971,component::20b1b62e7e01ba62,val,train,fbd9bca3baeef1b8c007c08ad73d066539d17579e87ca6fb05b5a755f08522bc,/content/drive/MyDrive/AISC DeepFake Çalışmaları/FaceForensics_Projesi/fake_frames/val/Face2Face_564_971/frame_000014.jpg
fake_val_00019.jpg,fake,Face2Face_813_700,fake_ffpp_pair::700_813,component::e1d3b5b39ad3a810,val,train,6e958d097c71ab84bfe11ea6721251f7f44788811450e058e593f61ff2435a9d,/content/drive/MyDrive/AISC DeepFake Çalışmaları/FaceForensics_Projesi/fake_frames/val/Face2Face_813_700/frame_000001.jpg
fake_val_00023.jpg,fake,Deepfakes_413_372,fake_ffpp_pair::372_413,component::fc66e917925e3705,val,train,bde12a0415afa7125065d8e762ee727237a2bcaf0e8548b9c19a378c5c82a37c,/content/drive/MyDrive/AISC DeepFake Çalışmaları/FaceForensics_Projesi/fake_frames/val/Deepfakes_413_372/frame_000012.jpg
fake_val_00024.jpg,fake,FaceSwap_167_166,fake_ffpp_pair::166_167,component::09e615839f1477ba,val,train,97928d6e852ddb39c9c160ad1911512e89172bda4775f3f6162643d451e9bd89,/content/drive/MyDrive/AISC DeepFake Çalışmaları/FaceForensics_Projesi/fake_frames/val/FaceSwap_167_166/frame_000003.jpg
fake_val_00026.jpg,fake,FaceShifter_086_090,fake_ffpp_pair::086_090,component::c0fcf920663142cc,val,val,dea0d660a7273d228800034ac3cc462d978aa12f1a0731c210c1d046dc57d4b2,/content/drive/MyDrive/AISC DeepFake Çalışmaları/FaceForensics_Projesi/fake_frames/val/FaceShifter_086_090/frame_000026.jpg
fake_val_00027.jpg,fake,FaceShifter_490_534,fake_ffpp_pair::490_534,component::3f250ceb5ac08572,val,train,45facf873d2af49c4b126be8445f80fdd653b1b4c7944a21b5e1d2d0b7c0c837,/content/drive/MyDrive/AISC DeepFake Çalışmaları/FaceForensics_Projesi/fake_frames/val/FaceShifter_490_534/frame_000007.jpg
fake_val_00030.jpg,fake,Face2Face_327_329,fake_ffpp_pair::327_329,component::76184328efe0a665,val,train,e13656e9f45b84d00ee55e4c35f902f09d3fdde19669ef13d7a314625584e759,/content/drive/MyDrive/AISC DeepFake Çalışmaları/FaceForensics_Projesi/fake_frames/val/Face2Face_327_329/frame_000019.jpg
fake_val_00031.jpg,fake,Face2Face_970_973,fake_ffpp_pair::970_973,component::0c87e15b7f5a498f,val,train,e1f34dd976c5821f8d02f85cf0e93f5a43b6d962e33a4457b54a16d694ce5f56,/content/drive/MyDrive/AISC DeepFake Çalışmaları/FaceForensics_Projesi/fake_frames/val/Face2Face_970_973/frame_000024.jpg
fake_val_00032.jpg,fake,FaceSwap_703_604,fake_ffpp_pair::604_703,component::c99cf02107ff7fc9,val,train,9ba65ddbb2aa0f4d4df526c00b1bb8ea7380fb3355ba9a03c4c62dbb0549163b,/content/drive/MyDrive/AISC DeepFake Çalışmaları/FaceForensics_Projesi/fake_frames/val/FaceSwap_703_604/frame_000001.jpg
fake_val_00033.jpg,fake,NeuralTextures_244_822,fake_ffpp_pair::244_822,component::41ab06ce4a3542e6,val,train,57b549e1c0653a67da2ef766cbf6bfc572e64e0cc459aaddb452472380726e3d,/content/drive/MyDrive/AISC DeepFake Çalışmaları/FaceForensics_Projesi/fake_frames/val/NeuralTextures_244_822/frame_000014.jpg
fake_val_00035.jpg,fake,Deepfakes_855_801,fake_ffpp_pair::801_855,component::951f4d7723374966,val,train,5fcfd37654dcd7d2461c9d88a7daeea1c2044f92940b69ab9329f3381ea777b9,/content/drive/MyDrive/AISC DeepFake Çalışmaları/FaceForensics_Projesi/fake_frames/val/Deepfakes_855_801/frame_000002.jpg
fake_val_00036.jpg,fake,FaceSwap_421_423,fake_ffpp_pair::421_423,component::3b29a20a68827fe5,val,val,f5db886dc75d4500d1bd593b2bc29be9268af08592e0d9aba7a558303f912858,/content/drive/MyDrive/AISC DeepFake Çalışmaları/FaceForensics_Projesi/fake_frames/val/FaceSwap_421_423/frame_000015.jpg
fake_val_00037.jpg,fake,FaceShifter_318_334,fake_ffpp_pair::318_334,component::fb268084be9c6b93,val,train,2849ead5bfc1b690289f5c357e3d141e7dd6f92ae0b489d364ff542c41ff13ea,/content/drive/MyDrive/AISC DeepFake Çalışmaları/FaceForensics_Projesi/fake_frames/val/FaceShifter_318_334/frame_000005.jpg
fake_val_00038.jpg,fake,Face2Face_234_187,fake_ffpp_pair::187_234,component::b8e5a4e1a4606383,val,train,e8b32f569e92c7c061c6c6f5ae6ea495718b0fe8cc0edb12793c636a2dccd2b3,/content/drive/MyDrive/AISC DeepFake Çalışmaları/FaceForensics_Projesi/fake_frames/val/Face2Face_234_187/frame_000036.jpg
fake_val_00039.jpg,fake,Deepfakes_019_018,fake_ffpp_pair::018_019,component::9a26b1c5f6cc39fb,val,val,6be7dc2aba656272aa9bc70f2aea9032ecc3f030ee9234098e5956d1b3309486,/content/drive/MyDrive/AISC DeepFake Çalışmaları/FaceForensics_Projesi/fake_frames/val/Deepfakes_019_018/frame_000048.jpg
fake_val_00040.jpg,fake,FaceShifter_040_997,fake_ffpp_pair::040_997,component::7d0ca7fc08bdd311,val,train,a117febfaac34accb698b680ebfc9996233944da25391ce6166538041bee0f6c,/content/drive/MyDrive/AISC DeepFake Çalışmaları/FaceForensics_Projesi/fake_frames/val/FaceShifter_040_997/frame_000026.jpg
fake_val_00042.jpg,fake,DeepFakeDetection_14_18__walking_down_indoor_hall_disgust__0YRBHIKG,fake_dfd_pair::14_18,component::f9950a977c9d0bae,val,val,d1cd8df662caff873f78b386a7e4de13e775bcc81d0040800c0775a61afc7917,/content/drive/MyDrive/AISC DeepFake Çalışmaları/FaceForensics_Projesi/fake_frames/val/DeepFakeDetection_14_18__walking_down_indoor_hall_disgust__0YRBHIKG/frame_000038.jpg
fake_val_00043.jpg,fake,Deepfakes_256_146,fake_ffpp_pair::146_256,component::9f903395bff75fe5,val,train,158c4f83d8542d2d37c8213894453fbe82ca648024e9e75188f5161624048117,/content/drive/MyDrive/AISC DeepFake Çalışmaları/FaceForensics_Projesi/fake_frames/val/Deepfakes_256_146/frame_000011.jpg
fake_val_00045.jpg,fake,Deepfakes_253_183,fake_ffpp_pair::183_253,component::a769c27b19a1a0b3,val,test,c0b0e2137dbd19edbec00d08b890870b54f9d06c006a3e256c47e93285eba7ae,/content/drive/MyDrive/AISC DeepFake Çalışmaları/FaceForensics_Projesi/fake_frames/val/Deepfakes_253_183/frame_000009.jpg
fake_val_00046.jpg,fake,Deepfakes_493_538,fake_ffpp_pair::493_538,component::79d2a65a2baa5f35,val,train,8e6f6e30296ac83177acf7c3d629cdcc49869207bbd25ae720acc0c9d93914bf,/content/drive/MyDrive/AISC DeepFake Çalışmaları/FaceForensics_Projesi/fake_frames/val/Deepfakes_493_538/frame_000014.jpg
fake_val_00047.jpg,fake,DeepFakeDetection_23_22__kitchen_still__X2ZN5Q31,fake_dfd_pair::22_23,component::cc9ee42ad26037ee,val,train,7323a123192ed95252960a6c5dab4a0a12e5bca51cf309465008623d6826ab3b,/content/drive/MyDrive/AISC DeepFake Çalışmaları/FaceForensics_Projesi/fake_frames/val/DeepFakeDetection_23_22__kitchen_still__X2ZN5Q31/frame_000001.jpg
fake_val_00051.jpg,fake,NeuralTextures_821_812,fake_ffpp_pair::812_821,component::db269117ee805ef8,val,val,0b40968ab8ee707b204b147391a6f0d112521bafe616c589fa5a4345579a2b80,/content/drive/MyDrive/AISC DeepFake Çalışmaları/FaceForensics_Projesi/fake_frames/val/NeuralTextures_821_812/frame_000010.jpg
fake_val_00052.jpg,fake,NeuralTextures_421_423,fake_ffpp_pair::421_423,component::3b29a20a68827fe5,val,val,2a1a7a901fa6bec743fad9b763826683b913dda759c30381e72820be43311e16,/content/drive/MyDrive/AISC DeepFake Çalışmaları/FaceForensics_Projesi/fake_frames/val/NeuralTextures_421_423/frame_000046.jpg
fake_val_00053.jpg,fake,Deepfakes_058_039,fake_ffpp_pair::039_058,component::f70a3986ba522bd9,val,val,3593f1d239bef7177ffb35696f324de6a69105d0b160ccde4ce90eb0206d622c,/content/drive/MyDrive/AISC DeepFake Çalışmaları/FaceForensics_Projesi/fake_frames/val/Deepfakes_058_039/frame_000025.jpg
fake_val_00055.jpg,fake,DeepFakeDetection_23_22__kitchen_still__X2ZN5Q31,fake_dfd_pair::22_23,component::cc9ee42ad26037ee,val,train,d90b84f17e2c0ca23019f746301aa9179d0de3b340bae89e2bc5d40d45756336,/content/drive/MyDrive/AISC DeepFake Çalışmaları/FaceForensics_Projesi/fake_frames/val/DeepFakeDetection_23_22__kitchen_still__X2ZN5Q31/frame_000036.jpg
fake_val_00057.jpg,fake,DeepFakeDetection_19_24__kitchen_still__GNHYZ84G,fake_dfd_pair::19_24,component::837dfb0ee8fb8802,val,train,0895f7c27351afa6d4ee64dda6379aeea8a7f95f660b2f8909b00369beb52dd5,/content/drive/MyDrive/AISC DeepFake Çalışmaları/FaceForensics_Projesi/fake_frames/val/DeepFakeDetection_19_24__kitchen_still__GNHYZ84G/frame_000023.jpg
fake_val_00058.jpg,fake,FaceShifter_439_441,fake_ffpp_pair::439_441,component::c563b50636362af8,val,train,70a0f7021c27f61e09a9fdfe619d9de156c4fcb6bc676c2ae91ed7c203ca09ec,/content/drive/MyDrive/AISC DeepFake Çalışmaları/FaceForensics_Projesi/fake_frames/val/FaceShifter_439_441/frame_000008.jpg
fake_val_00059.jpg,fake,FaceShifter_579_701,fake_ffpp_pair::579_701,component::26965e360ec58aa9,val,train,9153fa0c2ed9796372be98c3ac4559f0b1eefca94f702c0f4be77ae31ce51a7d,/content/drive/MyDrive/AISC DeepFake Çalışmaları/FaceForensics_Projesi/fake_frames/val/FaceShifter_579_701/frame_000016.jpg
fake_val_00061.jpg,fake,FaceSwap_754_758,fake_ffpp_pair::754_758,component::0371f0bf838309df,val,train,7e6775f2a456f7790b424a0052cf210b494ce3054a33e67f8afffa3de81756a4,/content/drive/MyDrive/AISC DeepFake Çalışmaları/FaceForensics_Projesi/fake_frames/val/FaceSwap_754_758/frame_000000.jpg
fake_val_00062.jpg,fake,FaceSwap_288_321,fake_ffpp_pair::288_321,component::9deaf45d764e9eb5,val,train,d7e592d607d44371e593152ebbc3f8fc5a3b29a55a4da26fcfdf0b9fc736d598,/content/drive/MyDrive/AISC DeepFake Çalışmaları/FaceForensics_Projesi/fake_frames/val/FaceSwap_288_321/frame_000010.jpg
fake_val_00066.jpg,fake,FaceSwap_505_600,fake_ffpp_pair::505_600,component::4f97c999df537f5c,val,train,a7c2451f9f8c9599dfe32aed9319c553c1620bd48848a3da201a70e4a1adcb5b,/content/drive/MyDrive/AISC DeepFake Çalışmaları/FaceForensics_Projesi/fake_frames/val/FaceSwap_505_600/frame_000001.jpg
fake_val_00068.jpg,fake,Deepfakes_959_957,fake_ffpp_pair::957_959,component::b0ac7f5299b9328f,val,train,461991dc71e45dcb67f3de71d725c90b44d5e6b8d90c529b29bfbd35ec53db40,/content/drive/MyDrive/AISC DeepFake Çalışmaları/FaceForensics_Projesi/fake_frames/val/Deepfakes_959_957/frame_000000.jpg
fake_val_00070.jpg,fake,FaceShifter_851_552,fake_ffpp_pair::552_851,component::5621149bc65514aa,val,train,645ee61141378f4a710e05a8004e988fbf18515178a323e8db0f0e248a3594f7,/content/drive/MyDrive/AISC DeepFake Çalışmaları/FaceForensics_Projesi/fake_frames/val/FaceShifter_851_552/frame_000032.jpg
fake_val_00074.jpg,fake,FaceSwap_716_712,fake_ffpp_pair::712_716,component::55a1bd5c92ecbf52,val,train,bc9e331528158e6971272cebde2d51d7f1a2c106f0b30a1600ffb0653fe11a4d,/content/drive/MyDrive/AISC DeepFake Çalışmaları/FaceForensics_Projesi/fake_frames/val/FaceSwap_716_712/frame_000008.jpg
fake_val_00075.jpg,fake,Face2Face_643_646,fake_ffpp_pair::643_646,component::f4265ba1593303ae,val,train,28bfb52875bc325b3335974c30772b6c0923a2e69df4fe49b224816d56c9690b,/content/drive/MyDrive/AISC DeepFake Çalışmaları/FaceForensics_Projesi/fake_frames/val/Face2Face_643_646/frame_000016.jpg
fake_val_00077.jpg,fake,FaceSwap_112_892,fake_ffpp_pair::112_892,component::61df0e0e89d31d88,val,train,6cbc9ced4dd110f37fc2df7e7a382fb5ec67103eff4ed04d867d4ca307ae8461,/content/drive/MyDrive/AISC DeepFake Çalışmaları/FaceForensics_Projesi/fake_frames/val/FaceSwap_112_892/frame_000002.jpg
fake_val_00079.jpg,fake,FaceShifter_136_285,fake_ffpp_pair::136_285,component::2bb072f07667fb06,val,train,82c0abe0cd2c0c3d20131834a985b7abcc2f779b00810d39cf753cb43a0293ac,/content/drive/MyDrive/AISC DeepFake Çalışmaları/FaceForensics_Projesi/fake_frames/val/FaceShifter_136_285/frame_000019.jpg
fake_val_00080.jpg,fake,NeuralTextures_026_012,fake_ffpp_pair::012_026,component::8cf23c830aa52fef,val,train,5cb64b5fc1aa05a4862955f29bd94c732b9696bdd91fe0bc4778e993ce1171e9,/content/drive/MyDrive/AISC DeepFake Çalışmaları/FaceForensics_Projesi/fake_frames/val/NeuralTextures_026_012/frame_000013.jpg
fake_val_00081.jpg,fake,NeuralTextures_474_281,fake_ffpp_pair::281_474,component::871a2e051a38bf38,val,train,9d3be49956b9c3a0e6f4a1f8f2a1a15bf2132f95d1f79edc180f319f45affd4a,/content/drive/MyDrive/AISC DeepFake Çalışmaları/FaceForensics_Projesi/fake_frames/val/NeuralTextures_474_281/frame_000002.jpg
fake_val_00083.jpg,fake,FaceShifter_252_266,fake_ffpp_pair::252_266,component::59cf2f30b0e17b3f,val,train,a04ea28876d25592a90516e8340a4637f193c4c1973f508bab04fb1fe22d1435,/content/drive/MyDrive/AISC DeepFake Çalışmaları/FaceForensics_Projesi/fake_frames/val/FaceShifter_252_266/frame_000028.jpg
fake_val_00084.jpg,fake,DeepFakeDetection_08_17__kitchen_pan__JZYRLJ8T,fake_dfd_pair::08_17,component::e28013cd3810e08c,val,test,dc9a019f0a14b268f76a6dcb27b63ddef6eeca6f887604534d88e34b80f60b72,/content/drive/MyDrive/AISC DeepFake Çalışmaları/FaceForensics_Projesi/fake_frames/val/DeepFakeDetection_08_17__kitchen_pan__JZYRLJ8T/frame_000003.jpg
fake_val_00085.jpg,fake,FaceSwap_374_407,fake_ffpp_pair::374_407,component::533d17e368c0adee,val,train,5fc7ae0ac7b300bf1442f28e3310bf25471f2a4fc17f7111caa65dbdd2a295b0,/content/drive/MyDrive/AISC DeepFake Çalışmaları/FaceForensics_Projesi/fake_frames/val/FaceSwap_374_407/frame_000006.jpg
fake_val_00088.jpg,fake,Deepfakes_931_936,fake_ffpp_pair::931_936,component::e3fba5d8d644e720,val,train,24c67d95e45d70599f3b937468730836f394143307f766d60d846b5868c55e0d,/content/drive/MyDrive/AISC DeepFake Çalışmaları/FaceForensics_Projesi/fake_frames/val/Deepfakes_931_936/frame_000002.jpg
fake_val_00090.jpg,fake,Face2Face_618_629,fake_ffpp_pair::618_629,component::385209d67bc15842,val,val,6db4ebb0a345875cf9ca8ec5b0262b4b5bb10648ee7b2b1434e519894202e99b,/content/drive/MyDrive/AISC DeepFake Çalışmaları/FaceForensics_Projesi/fake_frames/val/Face2Face_618_629/frame_000030.jpg
fake_val_00091.jpg,fake,Deepfakes_481_469,fake_ffpp_pair::469_481,component::f600e6491a447be3,val,test,1d0321654d403eec4d9c8855abae0d3cbab8f67cf14757546606be107700b03d,/content/drive/MyDrive/AISC DeepFake Çalışmaları/FaceForensics_Projesi/fake_frames/val/Deepfakes_481_469/frame_000008.jpg
fake_val_00092.jpg,fake,NeuralTextures_224_197,fake_ffpp_pair::197_224,component::bf9dd8a6af2c5c59,val,val,10abaae4f18738f948a1a647518278b9aa9ddba10e25e8e048071dc15cdd0f2d,/content/drive/MyDrive/AISC DeepFake Çalışmaları/FaceForensics_Projesi/fake_frames/val/NeuralTextures_224_197/frame_000011.jpg
fake_val_00093.jpg,fake,Deepfakes_421_423,fake_ffpp_pair::421_423,component::3b29a20a68827fe5,val,val,e7da7865524de1d1e0d7ba61fec679d2bee07f7f882af41a7c0404e996e034af,/content/drive/MyDrive/AISC DeepFake Çalışmaları/FaceForensics_Projesi/fake_frames/val/Deepfakes_421_423/frame_000013.jpg
fake_val_00094.jpg,fake,DeepFakeDetection_07_03__hugging_happy__WPT3Z2KN,fake_dfd_pair::03_07,component::d5f34e80920cc286,val,train,f550646e51108382e83601472875fe5a9eaeafcc17d3370200aa20d582bc83d1,/content/drive/MyDrive/AISC DeepFake Çalışmaları/FaceForensics_Projesi/fake_frames/val/DeepFakeDetection_07_03__hugging_happy__WPT3Z2KN/frame_000010.jpg
fake_val_00095.jpg,fake,Deepfakes_256_146,fake_ffpp_pair::146_256,component::9f903395bff75fe5,val,train,92432da91037ec6fa24eeeacff1beca338cf85d4a397082e04d232f70f22f8fa,/content/drive/MyDrive/AISC DeepFake Çalışmaları/FaceForensics_Projesi/fake_frames/val/Deepfakes_256_146/frame_000017.jpg
fake_val_00100.jpg,fake,FaceShifter_749_659,fake_ffpp_pair::659_749,component::845003d6dca6b071,val,train,23e8b4ae749298179f8acfe20c937c6ead75e3be047b9fbc3759fdb20aad0360,/content/drive/MyDrive/AISC DeepFake Çalışmaları/FaceForensics_Projesi/fake_frames/val/FaceShifter_749_659/frame_000031.jpg
fake_val_00101.jpg,fake,Deepfakes_421_423,fake_ffpp_pair::421_423,component::3b29a20a68827fe5,val,val,df001d312f6e14244999f36caf5e845f9e0dfcb8986ee3dcf3db4bb7cef37779,/content/drive/MyDrive/AISC DeepFake Çalışmaları/FaceForensics_Projesi/fake_frames/val/Deepfakes_421_423/frame_000007.jpg
fake_val_00103.jpg,fake,FaceSwap_312_021,fake_ffpp_pair::021_312,component::23efe71f4f9a5480,val,test,41570fc37055c84d6419cc8b1b11fef63b45e9093cf441fffbd7c6a300653aef,/content/drive/MyDrive/AISC DeepFake Çalışmaları/FaceForensics_Projesi/fake_frames/val/FaceSwap_312_021/frame_000019.jpg
fake_val_00104.jpg,fake,Deepfakes_046_904,fake_ffpp_pair::046_904,component::2ecc6af19efc9656,val,val,4f3afdc4410b26494cc50db87d794e6e09c760dc13fabca5f2edcff49b072aee,/content/drive/MyDrive/AISC DeepFake Çalışmaları/FaceForensics_Projesi/fake_frames/val/Deepfakes_046_904/frame_000007.jpg
fake_val_00105.jpg,fake,FaceShifter_283_313,fake_ffpp_pair::283_313,component::91f8fa6ba4eea2ab,val,train,d5bcf9b5d96d69da84f3fca9aead5c1d56ed87ad848774af2991a1da862336cf,/content/drive/MyDrive/AISC DeepFake Çalışmaları/FaceForensics_Projesi/fake_frames/val/FaceShifter_283_313/frame_000032.jpg
fake_val_00106.jpg,fake,FaceShifter_684_717,fake_ffpp_pair::684_717,component::703b516d38efe22b,val,train,d2771b51969b7a0be5f20dbe18ab670bdd73712458edc8519a202b779dc58e3f,/content/drive/MyDrive/AISC DeepFake Çalışmaları/FaceForensics_Projesi/fake_frames/val/FaceShifter_684_717/frame_000015.jpg
fake_val_00107.jpg,fake,FaceSwap_935_733,fake_ffpp_pair::733_935,component::b62a435be9451794,val,train,2e30deef234fd6ca9c58ac6498e9cd19b43db42704e2c378a8b6eb63ad8c286d,/content/drive/MyDrive/AISC DeepFake Çalışmaları/FaceForensics_Projesi/fake_frames/val/FaceSwap_935_733/frame_000012.jpg
fake_val_00108.jpg,fake,FaceShifter_851_552,fake_ffpp_pair::552_851,component::5621149bc65514aa,val,train,db9f947e1ba5ffffa18fb5d3ee8dd2a0a841829abb0d386d2a8212a559b2c374,/content/drive/MyDrive/AISC DeepFake Çalışmaları/FaceForensics_Projesi/fake_frames/val/FaceShifter_851_552/frame_000003.jpg
fake_val_00109.jpg,fake,Deepfakes_327_329,fake_ffpp_pair::327_329,component::76184328efe0a665,val,train,26e1ca02ffe360ff99f4c038874879404230dde572afcdad4ed9c49d2845121e,/content/drive/MyDrive/AISC DeepFake Çalışmaları/FaceForensics_Projesi/fake_frames/val/Deepfakes_327_329/frame_000008.jpg
fake_val_00110.jpg,fake,Deepfakes_931_936,fake_ffpp_pair::931_936,component::e3fba5d8d644e720,val,train,fc6be270098246a34627d2427a70ad8e1d91ad87c2604e1a44a8470214eb6059,/content/drive/MyDrive/AISC DeepFake Çalışmaları/FaceForensics_Projesi/fake_frames/val/Deepfakes_931_936/frame_000011.jpg
fake_val_00111.jpg,fake,NeuralTextures_804_738,fake_ffpp_pair::738_804,component::c08c5e2b0828d39b,val,train,fbef244becc0b44524132a068b9a8740e06f134c3a643f0a4e7768904568e2b9,/content/drive/MyDrive/AISC DeepFake Çalışmaları/FaceForensics_Projesi/fake_frames/val/NeuralTextures_804_738/frame_000016.jpg
fake_val_00112.jpg,fake,DeepFakeDetection_12_13__podium_speech_happy__N8IGC93J,fake_dfd_pair::12_13,component::eb872dc526a4b7c1,val,train,3ef780798604aa0502075d1f6a1b3e6819b0f0fa8ca638df8014e71698a6a5fa,/content/drive/MyDrive/AISC DeepFake Çalışmaları/FaceForensics_Projesi/fake_frames/val/DeepFakeDetection_12_13__podium_speech_happy__N8IGC93J/frame_000056.jpg
fake_val_00114.jpg,fake,Face2Face_029_048,fake_ffpp_pair::029_048,component::1aae798c50d5dacc,val,test,16c0964f748cecca596e51c0fc79273f8e1498bcc99877ea7803757efa6a634a,/content/drive/MyDrive/AISC DeepFake Çalışmaları/FaceForensics_Projesi/fake_frames/val/Face2Face_029_048/frame_000015.jpg
fake_val_00116.jpg,fake,FaceShifter_684_717,fake_ffpp_pair::684_717,component::703b516d38efe22b,val,train,ee3de05e303fc31e2b411092d07ab7d72108bcb2704fc87e45e9d0dda6a658dc,/content/drive/MyDrive/AISC DeepFake Çalışmaları/FaceForensics_Projesi/fake_frames/val/FaceShifter_684_717/frame_000005.jpg
fake_val_00118.jpg,fake,Face2Face_575_603,fake_ffpp_pair::575_603,component::8ba4900ea839ff02,val,train,36990d5870cd5efd0bf79a8a4aa5cd9ef43f342a4529d45c75d1dae55e6364d4,/content/drive/MyDrive/AISC DeepFake Çalışmaları/FaceForensics_Projesi/fake_frames/val/Face2Face_575_603/frame_000016.jpg
fake_val_00119.jpg,fake,DeepFakeDetection_15_20__walking_down_indoor_hall_disgust__CYD62VPP,fake_dfd_pair::15_20,component::5c756fb070ddac6a,val,train,dd346dad4bc85a6b7e4a6dc20d1620d21a98dc5f96bcfcfd995763060bb5ef32,/content/drive/MyDrive/AISC DeepFake Çalışmaları/FaceForensics_Projesi/fake_frames/val/DeepFakeDetection_15_20__walking_down_indoor_hall_disgust__CYD62VPP/frame_000049.jpg
fake_val_00121.jpg,fake,Face2Face_618_629,fake_ffpp_pair::618_629,component::385209d67bc15842,val,val,fbdb3a1c41af0d551fca30b8a25622d402f8a40b48f1afe303a55cf44df07efa,/content/drive/MyDrive/AISC DeepFake Çalışmaları/FaceForensics_Projesi/fake_frames/val/Face2Face_618_629/frame_000031.jpg
fake_val_00122.jpg,fake,Deepfakes_256_146,fake_ffpp_pair::146_256,component::9f903395bff75fe5,val,train,4300e4c6611046e2b7702d293544cdf4003122821abb1f3e14784a6a12dd090b,/content/drive/MyDrive/AISC DeepFake Çalışmaları/FaceForensics_Projesi/fake_frames/val/Deepfakes_256_146/frame_000000.jpg
fake_val_00123.jpg,fake,FaceShifter_149_152,fake_ffpp_pair::149_152,component::c35422ca01c79638,val,train,98b2c73876ca953d1cc477fe0c3094399e459920b781c832454e120e8af67021,/content/drive/MyDrive/AISC DeepFake Çalışmaları/FaceForensics_Projesi/fake_frames/val/FaceShifter_149_152/frame_000008.jpg
fake_val_00124.jpg,fake,FaceShifter_149_152,fake_ffpp_pair::149_152,component::c35422ca01c79638,val,train,7737bcf038f9d5be91b04f3db0f1ac92c3176459650ec3ddf7f7a1ba7fde31a5,/content/drive/MyDrive/AISC DeepFake Çalışmaları/FaceForensics_Projesi/fake_frames/val/FaceShifter_149_152/frame_000009.jpg
fake_val_00125.jpg,fake,FaceShifter_790_014,fake_ffpp_pair::014_790,component::40cc6dd39ac0238e,val,test,5cdeda7a47d10b33017a81b0f14840bfa7bc89fa2177d3c5a7c6579b19b6c459,/content/drive/MyDrive/AISC DeepFake Çalışmaları/FaceForensics_Projesi/fake_frames/val/FaceShifter_790_014/frame_000012.jpg
fake_val_00126.jpg,fake,Deepfakes_524_580,fake_ffpp_pair::524_580,component::ea92751764c270e2,val,train,c65a23e89bcb725ff2c539eff1168e88262f2c2b7e4d605893f834b3598cd9c4,/content/drive/MyDrive/AISC DeepFake Çalışmaları/FaceForensics_Projesi/fake_frames/val/Deepfakes_524_580/frame_000008.jpg
fake_val_00128.jpg,fake,FaceShifter_283_313,fake_ffpp_pair::283_313,component::91f8fa6ba4eea2ab,val,train,891e24e5a48b4eb240f204d368fca50c4a512852752614bce8e3116161e1b73b,/content/drive/MyDrive/AISC DeepFake Çalışmaları/FaceForensics_Projesi/fake_frames/val/FaceShifter_283_313/frame_000010.jpg
fake_val_00129.jpg,fake,NeuralTextures_117_217,fake_ffpp_pair::117_217,component::8beb5012574a6a9d,val,train,4ed6b8ba9b192124324c71a45a850c8e1eca63e83a393c8be37dcccbb9998d20,/content/drive/MyDrive/AISC DeepFake Çalışmaları/FaceForensics_Projesi/fake_frames/val/NeuralTextures_117_217/frame_000004.jpg
fake_val_00131.jpg,fake,FaceShifter_085_124,fake_ffpp_pair::085_124,component::20063dc066bfc6c1,val,train,dfd31aa425973082d43b33bf320b53900adaaf4c35cdfe77243c5fb69dc86b84,/content/drive/MyDrive/AISC DeepFake Çalışmaları/FaceForensics_Projesi/fake_frames/val/FaceShifter_085_124/frame_000012.jpg
fake_val_00132.jpg,fake,DeepFakeDetection_07_14__talking_against_wall__P9QFO50U,fake_dfd_pair::07_14,component::64768657759b2e14,val,train,5b9efebdc3586a4bab39bc0ce0e704aca7e5720a513482585cbdf94526b12b24,/content/drive/MyDrive/AISC DeepFake Çalışmaları/FaceForensics_Projesi/fake_frames/val/DeepFakeDetection_07_14__talking_against_wall__P9QFO50U/frame_000016.jpg
fake_val_00133.jpg,fake,Deepfakes_931_936,fake_ffpp_pair::931_936,component::e3fba5d8d644e720,val,train,c2d86fbcc34ecdd039dc2023ecdb51b4ce58b22eabbe954b720eb35b1243a838,/content/drive/MyDrive/AISC DeepFake Çalışmaları/FaceForensics_Projesi/fake_frames/val/Deepfakes_931_936/frame_000010.jpg
fake_val_00134.jpg,fake,Face2Face_378_368,fake_ffpp_pair::368_378,component::b2b30aedceceb9ee,val,test,45aaad04a94fcf330d8548585aca519465937b25ca79dda88b5b9a63b927f1b7,/content/drive/MyDrive/AISC DeepFake Çalışmaları/FaceForensics_Projesi/fake_frames/val/Face2Face_378_368/frame_000006.jpg
fake_val_00135.jpg,fake,FaceSwap_222_168,fake_ffpp_pair::168_222,component::d7783c8e159b2d7d,val,train,91503fc956a41e7696b2f9e16ebace359e34808d1968f1bf7156ded8504e9674,/content/drive/MyDrive/AISC DeepFake Çalışmaları/FaceForensics_Projesi/fake_frames/val/FaceSwap_222_168/frame_000004.jpg
fake_val_00137.jpg,fake,Deepfakes_916_783,fake_ffpp_pair::783_916,component::143396524de9801b,val,train,76ac2f4631db0b4fdfd46ee20db6ca5b2e5a0fe90d1fbab729efbb8c5ed8b55d,/content/drive/MyDrive/AISC DeepFake Çalışmaları/FaceForensics_Projesi/fake_frames/val/Deepfakes_916_783/frame_000013.jpg
fake_val_00138.jpg,fake,Deepfakes_274_412,fake_ffpp_pair::274_412,component::66f9834bcbe3b86b,val,train,930869f2cbe131f8dded7e364540ee34ab48144d2e90b5139d46cc87ccc466fe,/content/drive/MyDrive/AISC DeepFake Çalışmaları/FaceForensics_Projesi/fake_frames/val/Deepfakes_274_412/frame_000016.jpg
fake_val_00139.jpg,fake,NeuralTextures_907_795,fake_ffpp_pair::795_907,component::50b25210f5b46956,val,test,e0159d81ad517f9d35bcb784197e1fbd09a324015ef3bf8eb15cfdc1f4891365,/content/drive/MyDrive/AISC DeepFake Çalışmaları/FaceForensics_Projesi/fake_frames/val/NeuralTextures_907_795/frame_000010.jpg
fake_val_00141.jpg,fake,NeuralTextures_423_421,fake_ffpp_pair::421_423,component::3b29a20a68827fe5,val,val,33e87c20ecafe9e675b7b89e40d9e3d7995d781d25d9fc87dafb7f5abf8afce4,/content/drive/MyDrive/AISC DeepFake Çalışmaları/FaceForensics_Projesi/fake_frames/val/NeuralTextures_423_421/frame_000017.jpg
fake_val_00142.jpg,fake,Face2Face_335_277,fake_ffpp_pair::277_335,component::8c7e5c7b34bfdc81,val,train,3b4a61cef9433c73dd54986e897f8635d62b2f425b91622ff3fec47ed1f4fec4,/content/drive/MyDrive/AISC DeepFake Çalışmaları/FaceForensics_Projesi/fake_frames/val/Face2Face_335_277/frame_000001.jpg
fake_val_00144.jpg,fake,Face2Face_093_121,fake_ffpp_pair::093_121,component::7f835b216914e020,val,train,ec6a46caa1d033cc307edaa53bd51815b578d1b7cf23d2f694d246f298173246,/content/drive/MyDrive/AISC DeepFake Çalışmaları/FaceForensics_Projesi/fake_frames/val/Face2Face_093_121/frame_000018.jpg
fake_val_00145.jpg,fake,NeuralTextures_793_768,fake_ffpp_pair::768_793,component::a67b60245b8e7ea5,val,train,e754018b52b06309cabb48737559520af1481a9f99dfcc312dbaaba01d5f9138,/content/drive/MyDrive/AISC DeepFake Çalışmaları/FaceForensics_Projesi/fake_frames/val/NeuralTextures_793_768/frame_000013.jpg
fake_val_00146.jpg,fake,Face2Face_144_122,fake_ffpp_pair::122_144,component::97b0ea9c9aa7fead,val,train,630ed48f55098da7953fa0f5405b5c6d47079a616852a1bb90b214838eb54df3,/content/drive/MyDrive/AISC DeepFake Çalışmaları/FaceForensics_Projesi/fake_frames/val/Face2Face_144_122/frame_000011.jpg
fake_val_00147.jpg,fake,Face2Face_526_436,fake_ffpp_pair::436_526,component::cf35e706388abc9e,val,val,dae65a228a82013d0dbc7230856be700049935ffae5477825c599bfd03a15815,/content/drive/MyDrive/AISC DeepFake Çalışmaları/FaceForensics_Projesi/fake_frames/val/Face2Face_526_436/frame_000009.jpg
fake_val_00148.jpg,fake,FaceSwap_241_210,fake_ffpp_pair::210_241,component::677984bf67605805,val,train,94c0896815997320826bb66707bafc6906987e38d7acec82719ebf9fcb1b132e,/content/drive/MyDrive/AISC DeepFake Çalışmaları/FaceForensics_Projesi/fake_frames/val/FaceSwap_241_210/frame_000010.jpg
fake_test_00000.jpg,fake,Deepfakes_434_438,fake_ffpp_pair::434_438,component::159bb59e7e4967a7,test,train,0c10402f97f1c50c42447b89cea4f7d742275f000db1f631ec05103aeb44d48a,/content/drive/MyDrive/AISC DeepFake Çalışmaları/FaceForensics_Projesi/fake_frames/test/Deepfakes_434_438/frame_000011.jpg
fake_test_00001.jpg,fake,FaceShifter_123_119,fake_ffpp_pair::119_123,component::8cd289bb3eaa90b6,test,train,7ba74247a54634f1acef6fe6a56571b4c2a20cfc8ea5b901a547008110a63ffa,/content/drive/MyDrive/AISC DeepFake Çalışmaları/FaceForensics_Projesi/fake_frames/test/FaceShifter_123_119/frame_000015.jpg
fake_test_00002.jpg,fake,NeuralTextures_200_189,fake_ffpp_pair::189_200,component::a8aa8435468a98e6,test,train,fce98aba303f6b721fbeec86543251d90cb0d828ac54c7b8f3f1e21a1153b3b3,/content/drive/MyDrive/AISC DeepFake Çalışmaları/FaceForensics_Projesi/fake_frames/test/NeuralTextures_200_189/frame_000018.jpg
fake_test_00003.jpg,fake,Face2Face_450_533,fake_ffpp_pair::450_533,component::3798372663f668e0,test,train,34677545ae79251fb85afab3a892e848c7edcfac0bd4cc58a77da30e7493aba4,/content/drive/MyDrive/AISC DeepFake Çalışmaları/FaceForensics_Projesi/fake_frames/test/Face2Face_450_533/frame_000003.jpg
fake_test_00005.jpg,fake,Deepfakes_192_134,fake_ffpp_pair::134_192,component::65a9e1d231f1e452,test,train,16cb9f940c140d6ae25558e3514bebf388e8dce16fd31ff7f248fdd345e56a4d,/content/drive/MyDrive/AISC DeepFake Çalışmaları/FaceForensics_Projesi/fake_frames/test/Deepfakes_192_134/frame_000010.jpg
fake_test_00007.jpg,fake,FaceSwap_477_487,fake_ffpp_pair::477_487,component::0939aefa70c2c5fb,test,train,2566d86ecec3566f5a0e01f9561a6c7a6507df3410e7816efa1607999b0cfc80,/content/drive/MyDrive/AISC DeepFake Çalışmaları/FaceForensics_Projesi/fake_frames/test/FaceSwap_477_487/frame_000010.jpg
fake_test_00009.jpg,fake,FaceShifter_715_721,fake_ffpp_pair::715_721,component::d527de7b5351e2ba,test,train,469a3a2e1cc003f21e029842760e44a65267c3504ba152f918fe9ddc39158ff5,/content/drive/MyDrive/AISC DeepFake Çalışmaları/FaceForensics_Projesi/fake_frames/test/FaceShifter_715_721/frame_000017.jpg
fake_test_00011.jpg,fake,Face2Face_475_265,fake_ffpp_pair::265_475,component::6a7d1d38c580d2db,test,train,99db14f05476ede837aa2cbebe206eaf1f28e741ecdff41eb8c5c9dacfe840c2,/content/drive/MyDrive/AISC DeepFake Çalışmaları/FaceForensics_Projesi/fake_frames/test/Face2Face_475_265/frame_000026.jpg
fake_test_00013.jpg,fake,FaceSwap_076_079,fake_ffpp_pair::076_079,component::330bbbddc126edf5,test,train,71b695ec8b56c04a8d4ee842d34087bc805a70b1e2198625fbc0ec2f4ea8d269,/content/drive/MyDrive/AISC DeepFake Çalışmaları/FaceForensics_Projesi/fake_frames/test/FaceSwap_076_079/frame_000008.jpg
fake_test_00014.jpg,fake,Deepfakes_246_258,fake_ffpp_pair::246_258,component::4f099527b4f63b48,test,train,a1a8548b787ff04da1316995478c3c7b2ff52915f842f338716707e241bdac50,/content/drive/MyDrive/AISC DeepFake Çalışmaları/FaceForensics_Projesi/fake_frames/test/Deepfakes_246_258/frame_000012.jpg
fake_test_00015.jpg,fake,Deepfakes_264_271,fake_ffpp_pair::264_271,component::7ef7984e855a6424,test,val,4763a82d9a73e12bff02b0066d2208f817d61e03c8d46c33906765e9135d981a,/content/drive/MyDrive/AISC DeepFake Çalışmaları/FaceForensics_Projesi/fake_frames/test/Deepfakes_264_271/frame_000000.jpg
fake_test_00016.jpg,fake,FaceShifter_589_565,fake_ffpp_pair::565_589,component::2bcdf46127ccecb4,test,val,cbca33b40cd09064dc21a5179fbc36c2d80b8fdeb117868324f3a0b2823839fa,/content/drive/MyDrive/AISC DeepFake Çalışmaları/FaceForensics_Projesi/fake_frames/test/FaceShifter_589_565/frame_000013.jpg
fake_test_00017.jpg,fake,Face2Face_594_530,fake_ffpp_pair::530_594,component::13ae7ed933c27101,test,train,38a68ae8c964f14d37992c0ad55b361591c5f1c8019dfc1c2abcf0aa549904db,/content/drive/MyDrive/AISC DeepFake Çalışmaları/FaceForensics_Projesi/fake_frames/test/Face2Face_594_530/frame_000017.jpg
fake_test_00019.jpg,fake,NeuralTextures_332_051,fake_ffpp_pair::051_332,component::915a9085c2258ae9,test,train,ec8b22b53a31c822b27b18b11531a23af657291772bd4dcf599a17405d5cdd89,/content/drive/MyDrive/AISC DeepFake Çalışmaları/FaceForensics_Projesi/fake_frames/test/NeuralTextures_332_051/frame_000008.jpg
fake_test_00020.jpg,fake,NeuralTextures_791_770,fake_ffpp_pair::770_791,component::2a3e4e888af2058a,test,train,3fa666abc62c418d612eb5234f97c75ec62c6ad1b74cd25ee3c2e8774d6913a9,/content/drive/MyDrive/AISC DeepFake Çalışmaları/FaceForensics_Projesi/fake_frames/test/NeuralTextures_791_770/frame_000006.jpg
fake_test_00024.jpg,fake,FaceShifter_256_146,fake_ffpp_pair::146_256,component::9f903395bff75fe5,test,train,1af88653509b4c04e194f6c4694e5acd8fa87b740f1948e9d6389bfa85fbabc5,/content/drive/MyDrive/AISC DeepFake Çalışmaları/FaceForensics_Projesi/fake_frames/test/FaceShifter_256_146/frame_000004.jpg
fake_test_00025.jpg,fake,Deepfakes_644_657,fake_ffpp_pair::644_657,component::ce56d09dc6b74e92,test,val,cb0ef097477a150795f9acf19ffd737222f4d67d48e0f9b8817683e1d04ee995,/content/drive/MyDrive/AISC DeepFake Çalışmaları/FaceForensics_Projesi/fake_frames/test/Deepfakes_644_657/frame_000022.jpg
fake_test_00026.jpg,fake,Deepfakes_264_271,fake_ffpp_pair::264_271,component::7ef7984e855a6424,test,val,40d10940ea299c51a5fc9d4d480c2036d0cb465c855b51639e25ad9bcbff2060,/content/drive/MyDrive/AISC DeepFake Çalışmaları/FaceForensics_Projesi/fake_frames/test/Deepfakes_264_271/frame_000001.jpg
fake_test_00027.jpg,fake,FaceSwap_451_449,fake_ffpp_pair::449_451,component::215810d48d412593,test,train,99c6084eac4c440eeabaa3d853cc8ea88b491c95298771b1ff38e582895a6fe9,/content/drive/MyDrive/AISC DeepFake Çalışmaları/FaceForensics_Projesi/fake_frames/test/FaceSwap_451_449/frame_000001.jpg
fake_test_00029.jpg,fake,DeepFakeDetection_06_27__talking_angry_couch__JOG5PB18,fake_dfd_pair::06_27,component::59cd411e3653cbfe,test,train,c38b0e88a9af5f12bb7e3d74a8a08f84d780c0ef2755ad0b44f9df92ffb436c7,/content/drive/MyDrive/AISC DeepFake Çalışmaları/FaceForensics_Projesi/fake_frames/test/DeepFakeDetection_06_27__talking_angry_couch__JOG5PB18/frame_000046.jpg
fake_test_00030.jpg,fake,FaceShifter_589_565,fake_ffpp_pair::565_589,component::2bcdf46127ccecb4,test,val,2b10e2a4e21389b4ed81e02486bb9efb46ee6758e661fc7c52f4fe22b7a8190b,/content/drive/MyDrive/AISC DeepFake Çalışmaları/FaceForensics_Projesi/fake_frames/test/FaceShifter_589_565/frame_000005.jpg
fake_test_00031.jpg,fake,Face2Face_940_941,fake_ffpp_pair::940_941,component::5a51c0539bf10620,test,train,e7afb95a521f80d362b8eab2367c8b95d442ac80711006d03804421995684953,/content/drive/MyDrive/AISC DeepFake Çalışmaları/FaceForensics_Projesi/fake_frames/test/Face2Face_940_941/frame_000027.jpg
fake_test_00033.jpg,fake,FaceSwap_750_743,fake_ffpp_pair::743_750,component::3f5e34fb7c50ef9d,test,train,b08ae9214a4cf193dda1fb4580babdab4e8910050ed42de3c5d25ae94cfcb080,/content/drive/MyDrive/AISC DeepFake Çalışmaları/FaceForensics_Projesi/fake_frames/test/FaceSwap_750_743/frame_000012.jpg
fake_test_00034.jpg,fake,FaceShifter_433_498,fake_ffpp_pair::433_498,component::76d87aca94e02381,test,val,568e8c21e33fbbc22d67738670b8efbb554e7480c61fe47816b80d39ed01c265,/content/drive/MyDrive/AISC DeepFake Çalışmaları/FaceForensics_Projesi/fake_frames/test/FaceShifter_433_498/frame_000029.jpg
fake_test_00038.jpg,fake,Deepfakes_438_434,fake_ffpp_pair::434_438,component::159bb59e7e4967a7,test,train,ccadf832c33461c8f50f10e44379903eb287eab635393c3e259b537db14b051c,/content/drive/MyDrive/AISC DeepFake Çalışmaları/FaceForensics_Projesi/fake_frames/test/Deepfakes_438_434/frame_000008.jpg
fake_test_00040.jpg,fake,NeuralTextures_363_343,fake_ffpp_pair::343_363,component::63b1d345b7eec15e,test,train,849fefa58a17904e4b09b817f8f83d51642f0475a31fa1d32b8c0e5f045b0f22,/content/drive/MyDrive/AISC DeepFake Çalışmaları/FaceForensics_Projesi/fake_frames/test/NeuralTextures_363_343/frame_000000.jpg
fake_test_00041.jpg,fake,Deepfakes_813_700,fake_ffpp_pair::700_813,component::e1d3b5b39ad3a810,test,train,ea2324c4487c34dc9d46dd3331f4fada47eb803ba9353f48d7ed4de89d42ba2e,/content/drive/MyDrive/AISC DeepFake Çalışmaları/FaceForensics_Projesi/fake_frames/test/Deepfakes_813_700/frame_000004.jpg
fake_test_00043.jpg,fake,FaceSwap_973_970,fake_ffpp_pair::970_973,component::0c87e15b7f5a498f,test,train,8c19cf24d536cab88ecdd742ef7edf347c796d5eb8244e32e1c734f2d83a0b28,/content/drive/MyDrive/AISC DeepFake Çalışmaları/FaceForensics_Projesi/fake_frames/test/FaceSwap_973_970/frame_000006.jpg
fake_test_00044.jpg,fake,Face2Face_282_238,fake_ffpp_pair::238_282,component::ebab9234969b894f,test,train,7b518355116863788eb92babc1a2d71cbd7a155869a4dbb1af2d2981894ae920,/content/drive/MyDrive/AISC DeepFake Çalışmaları/FaceForensics_Projesi/fake_frames/test/Face2Face_282_238/frame_000024.jpg
fake_test_00048.jpg,fake,FaceShifter_849_771,fake_ffpp_pair::771_849,component::62046a791f721b53,test,test,2a8c9922304a649446822e83c4f0581d43d25a9d58b162cbd9723d9ad04899c0,/content/drive/MyDrive/AISC DeepFake Çalışmaları/FaceForensics_Projesi/fake_frames/test/FaceShifter_849_771/frame_000002.jpg
fake_test_00049.jpg,fake,FaceShifter_850_764,fake_ffpp_pair::764_850,component::7345116823b38131,test,train,41098265ade476da8c5e6bde350d1747aba9a9e2a096d664515dd0111c95b5f5,/content/drive/MyDrive/AISC DeepFake Çalışmaları/FaceForensics_Projesi/fake_frames/test/FaceShifter_850_764/frame_000026.jpg
fake_test_00050.jpg,fake,FaceShifter_121_093,fake_ffpp_pair::093_121,component::7f835b216914e020,test,train,4442d5d49a1de3d0e512390e287ba2439c3a29edd428d5fceae8d9e9de20095a,/content/drive/MyDrive/AISC DeepFake Çalışmaları/FaceForensics_Projesi/fake_frames/test/FaceShifter_121_093/frame_000019.jpg
fake_test_00051.jpg,fake,NeuralTextures_075_977,fake_ffpp_pair::075_977,component::c7c7c3f4120aa575,test,train,35fa4bfda61171e768de129754297a4556a00a9a3988a8aaefb2032db4d27bfb,/content/drive/MyDrive/AISC DeepFake Çalışmaları/FaceForensics_Projesi/fake_frames/test/NeuralTextures_075_977/frame_000012.jpg
fake_test_00053.jpg,fake,NeuralTextures_215_208,fake_ffpp_pair::208_215,component::7b39be4434402106,test,train,06dc191c8c0e7b2006b2ceb65387e220f05b88e8b1f7ead68e83285622a645e2,/content/drive/MyDrive/AISC DeepFake Çalışmaları/FaceForensics_Projesi/fake_frames/test/NeuralTextures_215_208/frame_000026.jpg
fake_test_00056.jpg,fake,FaceSwap_309_303,fake_ffpp_pair::303_309,component::943e2dfee5ba2b40,test,train,40ee6e72b528eda72b838b3af8f4b94e49f7760556e757de90ec5bf6323d26a3,/content/drive/MyDrive/AISC DeepFake Çalışmaları/FaceForensics_Projesi/fake_frames/test/FaceSwap_309_303/frame_000021.jpg
fake_test_00057.jpg,fake,Deepfakes_317_359,fake_ffpp_pair::317_359,component::42e9b3058789046a,test,train,f55d3b9c51d49e118ca2bd2d2941645fc0124b2f19efa0d0f9b3d59368502271,/content/drive/MyDrive/AISC DeepFake Çalışmaları/FaceForensics_Projesi/fake_frames/test/Deepfakes_317_359/frame_000020.jpg
fake_test_00058.jpg,fake,FaceShifter_850_764,fake_ffpp_pair::764_850,component::7345116823b38131,test,train,78569c75e134203928bfa4647fb43f378cb06819a588acc17fa3fc3705f8b7ee,/content/drive/MyDrive/AISC DeepFake Çalışmaları/FaceForensics_Projesi/fake_frames/test/FaceShifter_850_764/frame_000021.jpg
fake_test_00061.jpg,fake,Face2Face_187_234,fake_ffpp_pair::187_234,component::b8e5a4e1a4606383,test,train,3887caf39c9a234605f3ff7d4d6ebd9d18f668ee66fa652d8b5ed27892e80f4a,/content/drive/MyDrive/AISC DeepFake Çalışmaları/FaceForensics_Projesi/fake_frames/test/Face2Face_187_234/frame_000013.jpg
fake_test_00064.jpg,fake,Deepfakes_554_572,fake_ffpp_pair::554_572,component::47872d8cb0bcdcc5,test,train,6adc6ddedafea2097278541e2464eb3350ea6ca6bcfd52c827609d51f354c77a,/content/drive/MyDrive/AISC DeepFake Çalışmaları/FaceForensics_Projesi/fake_frames/test/Deepfakes_554_572/frame_000024.jpg
fake_test_00068.jpg,fake,FaceSwap_477_487,fake_ffpp_pair::477_487,component::0939aefa70c2c5fb,test,train,a7d748ddb7226627fbad41712e3aeecc72d119bc8e9f678346700831a8aa67fd,/content/drive/MyDrive/AISC DeepFake Çalışmaları/FaceForensics_Projesi/fake_frames/test/FaceSwap_477_487/frame_000014.jpg
fake_test_00073.jpg,fake,DeepFakeDetection_06_27__talking_angry_couch__JOG5PB18,fake_dfd_pair::06_27,component::59cd411e3653cbfe,test,train,e9fa95f5d551ed387845ea38fe57cb8dc05d1e9fa44bef02b0dc374db76f1ea0,/content/drive/MyDrive/AISC DeepFake Çalışmaları/FaceForensics_Projesi/fake_frames/test/DeepFakeDetection_06_27__talking_angry_couch__JOG5PB18/frame_000042.jpg
fake_test_00076.jpg,fake,Deepfakes_392_339,fake_ffpp_pair::339_392,component::4bc8b7644cfb19bb,test,train,0d405ad0372da2f901c85179bfaa34d1d12f3cbce9cde16957f733f99690f9e4,/content/drive/MyDrive/AISC DeepFake Çalışmaları/FaceForensics_Projesi/fake_frames/test/Deepfakes_392_339/frame_000071.jpg
fake_test_00077.jpg,fake,FaceShifter_811_920,fake_ffpp_pair::811_920,component::8a29e881f28b1cd0,test,train,e484380b9963baa370760ea17afdd486ee7de525f0cad6e818344044811a82bc,/content/drive/MyDrive/AISC DeepFake Çalışmaları/FaceForensics_Projesi/fake_frames/test/FaceShifter_811_920/frame_000014.jpg
fake_test_00078.jpg,fake,Face2Face_450_533,fake_ffpp_pair::450_533,component::3798372663f668e0,test,train,d3ec6e82be6897eb11f89d40df8aa2ff462d3a1e32ad87f9ebc139ecb57b6997,/content/drive/MyDrive/AISC DeepFake Çalışmaları/FaceForensics_Projesi/fake_frames/test/Face2Face_450_533/frame_000009.jpg
fake_test_00079.jpg,fake,FaceSwap_371_367,fake_ffpp_pair::367_371,component::e20d17e4f8a23209,test,test,9e25c98f6683324f7adeb54b2c714a574010785edcb1e3353b7453666462f23e,/content/drive/MyDrive/AISC DeepFake Çalışmaları/FaceForensics_Projesi/fake_frames/test/FaceSwap_371_367/frame_000000.jpg
fake_test_00080.jpg,fake,Face2Face_403_497,fake_ffpp_pair::403_497,component::d4f4436d77b920d4,test,val,9283b9dde7e9f5103bb3e68c014f724fd20f0e795a775895965c983a6cd7a665,/content/drive/MyDrive/AISC DeepFake Çalışmaları/FaceForensics_Projesi/fake_frames/test/Face2Face_403_497/frame_000010.jpg
fake_test_00082.jpg,fake,Deepfakes_001_870,fake_ffpp_pair::001_870,component::de992623245e7cca,test,train,85b0d95e52b3e678b810dbc9f0eaf258072fad9a488487d8593fdc0659433096,/content/drive/MyDrive/AISC DeepFake Çalışmaları/FaceForensics_Projesi/fake_frames/test/Deepfakes_001_870/frame_000012.jpg
fake_test_00083.jpg,fake,Face2Face_652_773,fake_ffpp_pair::652_773,component::0cb9c55a45bce4b6,test,test,20d68550fc9c7e576f1b1af2ca44abf423f2dca9bd169920a3b2ccf70aacc73a,/content/drive/MyDrive/AISC DeepFake Çalışmaları/FaceForensics_Projesi/fake_frames/test/Face2Face_652_773/frame_000021.jpg
fake_test_00084.jpg,fake,FaceSwap_823_584,fake_ffpp_pair::584_823,component::c0ead55b5516b8c8,test,train,f156af630a999371145549eb73e4f885ff33bcbe601b48ed5bae140eb7b5c57e,/content/drive/MyDrive/AISC DeepFake Çalışmaları/FaceForensics_Projesi/fake_frames/test/FaceSwap_823_584/frame_000014.jpg
fake_test_00085.jpg,fake,NeuralTextures_120_118,fake_ffpp_pair::118_120,component::d83f858fb58e2964,test,train,f3c834e4c3b185b18a4972c5c27a41ed1d60054daa707d78569dba03c371f6c8,/content/drive/MyDrive/AISC DeepFake Çalışmaları/FaceForensics_Projesi/fake_frames/test/NeuralTextures_120_118/frame_000020.jpg
fake_test_00086.jpg,fake,Face2Face_519_515,fake_ffpp_pair::515_519,component::7514b5fbc2ff29c5,test,train,010822c50995e7587701cb4b688425553a6bc7945c7d6d0054a9e119c7cf21f3,/content/drive/MyDrive/AISC DeepFake Çalışmaları/FaceForensics_Projesi/fake_frames/test/Face2Face_519_515/frame_000020.jpg
fake_test_00088.jpg,fake,Deepfakes_012_026,fake_ffpp_pair::012_026,component::8cf23c830aa52fef,test,train,dc2d4a23248a8a001ed70c817aa9db873184eed51cd5dc65bc087d8bcbbcb6e5,/content/drive/MyDrive/AISC DeepFake Çalışmaları/FaceForensics_Projesi/fake_frames/test/Deepfakes_012_026/frame_000006.jpg
fake_test_00089.jpg,fake,FaceShifter_586_223,fake_ffpp_pair::223_586,component::1efe05fff47cd0d4,test,train,d910bd6b5dfaf442364631274838b5c4318499a61dee00984383d1cf98ef7b2c,/content/drive/MyDrive/AISC DeepFake Çalışmaları/FaceForensics_Projesi/fake_frames/test/FaceShifter_586_223/frame_000007.jpg
fake_test_00090.jpg,fake,FaceShifter_752_751,fake_ffpp_pair::751_752,component::85b5336283a3ea95,test,train,014ed5dd374573f9c7740d47c3f129dabcf6adde70a2b2cd7a54dc7a33a8d8a2,/content/drive/MyDrive/AISC DeepFake Çalışmaları/FaceForensics_Projesi/fake_frames/test/FaceShifter_752_751/frame_000029.jpg
fake_test_00091.jpg,fake,Deepfakes_972_718,fake_ffpp_pair::718_972,component::6fc4577d38008326,test,train,69035b78199b2335513bba1128ecd0de0ede5745861763a223aed4dc949d1eab,/content/drive/MyDrive/AISC DeepFake Çalışmaları/FaceForensics_Projesi/fake_frames/test/Deepfakes_972_718/frame_000008.jpg
fake_test_00093.jpg,fake,NeuralTextures_922_898,fake_ffpp_pair::898_922,component::0b8d633ac84f6f42,test,val,b5ebc6e37df01ea8b4b9f3766604515c7df3c2fe6e4855e5ce2aab016752af94,/content/drive/MyDrive/AISC DeepFake Çalışmaları/FaceForensics_Projesi/fake_frames/test/NeuralTextures_922_898/frame_000012.jpg
fake_test_00094.jpg,fake,FaceSwap_811_920,fake_ffpp_pair::811_920,component::8a29e881f28b1cd0,test,train,68667e8cfb0aab0aafd29e008afa5de686f188bb58ad9cb010c86fbeb0a21a02,/content/drive/MyDrive/AISC DeepFake Çalışmaları/FaceForensics_Projesi/fake_frames/test/FaceSwap_811_920/frame_000007.jpg
fake_test_00095.jpg,fake,Face2Face_167_166,fake_ffpp_pair::166_167,component::09e615839f1477ba,test,train,33a4c4105d28cff1b147de34751e7723859c45c3d5867a0b8fef37fdf83af1f2,/content/drive/MyDrive/AISC DeepFake Çalışmaları/FaceForensics_Projesi/fake_frames/test/Face2Face_167_166/frame_000042.jpg
fake_test_00097.jpg,fake,NeuralTextures_146_256,fake_ffpp_pair::146_256,component::9f903395bff75fe5,test,train,380f9763d492d602d4db2a58f80b40dc341c73144516ac039115438e7f1fdee2,/content/drive/MyDrive/AISC DeepFake Çalışmaları/FaceForensics_Projesi/fake_frames/test/NeuralTextures_146_256/frame_000009.jpg
fake_test_00098.jpg,fake,DeepFakeDetection_06_26__kitchen_pan__L5BVR5L9,fake_dfd_pair::06_26,component::e2877381ec75d743,test,train,9d8c0c1c05a24b51e8d7f45475e7128dd59c7d9232ada62bf96445279b7d3f45,/content/drive/MyDrive/AISC DeepFake Çalışmaları/FaceForensics_Projesi/fake_frames/test/DeepFakeDetection_06_26__kitchen_pan__L5BVR5L9/frame_000012.jpg
fake_test_00099.jpg,fake,FaceShifter_539_499,fake_ffpp_pair::499_539,component::b4d93c5be73dd537,test,train,e070aa96cff59f1b48ccbe0e40e4d7dcc2f244e78b1acf7c071a06168718c61f,/content/drive/MyDrive/AISC DeepFake Çalışmaları/FaceForensics_Projesi/fake_frames/test/FaceShifter_539_499/frame_000010.jpg
fake_test_00100.jpg,fake,FaceShifter_375_251,fake_ffpp_pair::251_375,component::40780f634245c8e1,test,train,c649677ab1a42fcb0b944ca7f17f1b6ced99d91081b7f41294825b7566e83751,/content/drive/MyDrive/AISC DeepFake Çalışmaları/FaceForensics_Projesi/fake_frames/test/FaceShifter_375_251/frame_000014.jpg
fake_test_00101.jpg,fake,Face2Face_640_638,fake_ffpp_pair::638_640,component::49fef10366e596ab,test,train,3d97b78c8f49ef75a772b04e638cc0ff38eec26e35dad5da535c92a4c37d93a4,/content/drive/MyDrive/AISC DeepFake Çalışmaları/FaceForensics_Projesi/fake_frames/test/Face2Face_640_638/frame_000013.jpg
fake_test_00103.jpg,fake,Deepfakes_001_870,fake_ffpp_pair::001_870,component::de992623245e7cca,test,train,72d13269f4303b191ba8fe17be483fc5d1ef16114263dc37b9039a909867dfc8,/content/drive/MyDrive/AISC DeepFake Çalışmaları/FaceForensics_Projesi/fake_frames/test/Deepfakes_001_870/frame_000021.jpg
fake_test_00104.jpg,fake,FaceShifter_621_546,fake_ffpp_pair::546_621,component::670a21ace3d1e25c,test,test,454f1c6dff8c026a38783d85bab033310bb24a52b64f95a16621de404890696a,/content/drive/MyDrive/AISC DeepFake Çalışmaları/FaceForensics_Projesi/fake_frames/test/FaceShifter_621_546/frame_000016.jpg
fake_test_00107.jpg,fake,NeuralTextures_318_334,fake_ffpp_pair::318_334,component::fb268084be9c6b93,test,train,6db0eceab050626f622d400c20c7cd54dce7195b73cc2b575bf3dd1cbcea3699,/content/drive/MyDrive/AISC DeepFake Çalışmaları/FaceForensics_Projesi/fake_frames/test/NeuralTextures_318_334/frame_000007.jpg
fake_test_00109.jpg,fake,Face2Face_188_191,fake_ffpp_pair::188_191,component::ba2f8e109fa98458,test,train,a298d0fad2140f23a35ca614d717713cb89f9169ff096951eda01d0d17fe9b28,/content/drive/MyDrive/AISC DeepFake Çalışmaları/FaceForensics_Projesi/fake_frames/test/Face2Face_188_191/frame_000000.jpg
fake_test_00113.jpg,fake,NeuralTextures_146_256,fake_ffpp_pair::146_256,component::9f903395bff75fe5,test,train,cc22a656e0d820d3451e85f55098a87c7e0e7495cd69973b3679426bd2369adb,/content/drive/MyDrive/AISC DeepFake Çalışmaları/FaceForensics_Projesi/fake_frames/test/NeuralTextures_146_256/frame_000019.jpg
fake_test_00114.jpg,fake,FaceSwap_823_584,fake_ffpp_pair::584_823,component::c0ead55b5516b8c8,test,train,c8207897cf4a291298868d087eb6b34694c3b075fd343a712370dbd51a97c4ed,/content/drive/MyDrive/AISC DeepFake Çalışmaları/FaceForensics_Projesi/fake_frames/test/FaceSwap_823_584/frame_000011.jpg
fake_test_00115.jpg,fake,Face2Face_252_266,fake_ffpp_pair::252_266,component::59cf2f30b0e17b3f,test,train,074f51a658f5b3d1339fd056f14d82ffe383cd99bd6b5e159da7a3f45e32246b,/content/drive/MyDrive/AISC DeepFake Çalışmaları/FaceForensics_Projesi/fake_frames/test/Face2Face_252_266/frame_000019.jpg
fake_test_00116.jpg,fake,FaceSwap_309_303,fake_ffpp_pair::303_309,component::943e2dfee5ba2b40,test,train,a53c35d3e19ec9ccfd7699f0a44effa4913501ebe0cc3263be48270a3ee3bb53,/content/drive/MyDrive/AISC DeepFake Çalışmaları/FaceForensics_Projesi/fake_frames/test/FaceSwap_309_303/frame_000020.jpg
fake_test_00117.jpg,fake,FaceShifter_958_956,fake_ffpp_pair::956_958,component::de0e91ef958c5e40,test,train,3f0e91173bce315b2856188f3179d605d491ae733e12232303fc7e558564de36,/content/drive/MyDrive/AISC DeepFake Çalışmaları/FaceForensics_Projesi/fake_frames/test/FaceShifter_958_956/frame_000009.jpg
fake_test_00118.jpg,fake,Deepfakes_079_076,fake_ffpp_pair::076_079,component::330bbbddc126edf5,test,train,7a424d2cb1f12dff4e56490f66ec071a0b41f90e37f0a8f7fa6c1e575c958aec,/content/drive/MyDrive/AISC DeepFake Çalışmaları/FaceForensics_Projesi/fake_frames/test/Deepfakes_079_076/frame_000018.jpg
fake_test_00119.jpg,fake,FaceSwap_008_990,fake_ffpp_pair::008_990,component::5f26fea110e68791,test,train,2987ac2c7ee79bc5ecd70379998704b791b6a886685da95fa6ec6a4a6584ba83,/content/drive/MyDrive/AISC DeepFake Çalışmaları/FaceForensics_Projesi/fake_frames/test/FaceSwap_008_990/frame_000007.jpg
fake_test_00120.jpg,fake,FaceShifter_589_565,fake_ffpp_pair::565_589,component::2bcdf46127ccecb4,test,val,1d4a25302962a5cec00a294668c883e7dd461e27553e00ade52280ff3bb883dc,/content/drive/MyDrive/AISC DeepFake Çalışmaları/FaceForensics_Projesi/fake_frames/test/FaceShifter_589_565/frame_000020.jpg
fake_test_00124.jpg,fake,Face2Face_166_167,fake_ffpp_pair::166_167,component::09e615839f1477ba,test,train,5418929679e5015d0c0d1d1698e5412e9d6f34fbb08857612cb0e9a6695dfc96,/content/drive/MyDrive/AISC DeepFake Çalışmaları/FaceForensics_Projesi/fake_frames/test/Face2Face_166_167/frame_000018.jpg
fake_test_00125.jpg,fake,DeepFakeDetection_04_26__kitchen_pan__MS2MLJP1,fake_dfd_pair::04_26,component::9e14fa6071848807,test,train,cf6d00918775cabe10e3fd4dac1272b56190dc5ebd90baa34211860ac55b0dc9,/content/drive/MyDrive/AISC DeepFake Çalışmaları/FaceForensics_Projesi/fake_frames/test/DeepFakeDetection_04_26__kitchen_pan__MS2MLJP1/frame_000011.jpg
fake_test_00126.jpg,fake,NeuralTextures_363_343,fake_ffpp_pair::343_363,component::63b1d345b7eec15e,test,train,6227b74cc4f33fcfa49d6a28f129033283932cb9d783dda85d9d181f7f5c91a1,/content/drive/MyDrive/AISC DeepFake Çalışmaları/FaceForensics_Projesi/fake_frames/test/NeuralTextures_363_343/frame_000008.jpg
fake_test_00129.jpg,fake,FaceShifter_952_882,fake_ffpp_pair::882_952,component::c181ceda14bb0ca1,test,train,2314736ec9f6d73a040d618bc65985af807c29f480d7be812149e528298923fd,/content/drive/MyDrive/AISC DeepFake Çalışmaları/FaceForensics_Projesi/fake_frames/test/FaceShifter_952_882/frame_000022.jpg
fake_test_00130.jpg,fake,Deepfakes_875_979,fake_ffpp_pair::875_979,component::0b70dd051a8b867c,test,train,07a03eeaee7ec84b3ad918d70cd01f059a6ed2b98f50e89d637a7d125489a57a,/content/drive/MyDrive/AISC DeepFake Çalışmaları/FaceForensics_Projesi/fake_frames/test/Deepfakes_875_979/frame_000005.jpg
fake_test_00131.jpg,fake,Face2Face_676_776,fake_ffpp_pair::676_776,component::79c9e854c108f1d1,test,test,d7fdddd0cff2acaf1f32b554291b5da46ff171bc0fbd55ea719a06fd5d955815,/content/drive/MyDrive/AISC DeepFake Çalışmaları/FaceForensics_Projesi/fake_frames/test/Face2Face_676_776/frame_000005.jpg
fake_test_00132.jpg,fake,FaceShifter_642_635,fake_ffpp_pair::635_642,component::7eae53f52d53c853,test,test,6e146cc25e2327af3ea9f1bc6fc0ad22d6b989ba05a16f1867da9709b692c7a6,/content/drive/MyDrive/AISC DeepFake Çalışmaları/FaceForensics_Projesi/fake_frames/test/FaceShifter_642_635/frame_000028.jpg
fake_test_00133.jpg,fake,FaceShifter_475_265,fake_ffpp_pair::265_475,component::6a7d1d38c580d2db,test,train,0328cfd0d90659dc791fdfa977af7a8798658e49cde2e3db7194d90570eb451a,/content/drive/MyDrive/AISC DeepFake Çalışmaları/FaceForensics_Projesi/fake_frames/test/FaceShifter_475_265/frame_000009.jpg
fake_test_00136.jpg,fake,Face2Face_934_918,fake_ffpp_pair::918_934,component::20a29a4cac0d0298,test,train,9d39cc8b45d75f702298b333773a28e83b617be957be4f848f65285f45ce0f84,/content/drive/MyDrive/AISC DeepFake Çalışmaları/FaceForensics_Projesi/fake_frames/test/Face2Face_934_918/frame_000002.jpg
fake_test_00137.jpg,fake,FaceShifter_255_214,fake_ffpp_pair::214_255,component::e83a28dae780effa,test,train,49d3c27386ab315edf0f7901428dcba73dc8f663c2cf261d65c11a5dde043cdc,/content/drive/MyDrive/AISC DeepFake Çalışmaları/FaceForensics_Projesi/fake_frames/test/FaceShifter_255_214/frame_000000.jpg
fake_test_00138.jpg,fake,Deepfakes_915_895,fake_ffpp_pair::895_915,component::bb7a2e3d4fbc324b,test,test,e1b76d391130a5e5f2c630130ad1ac3e0b65543bc98c0b9f17bb933c31de8f1b,/content/drive/MyDrive/AISC DeepFake Çalışmaları/FaceForensics_Projesi/fake_frames/test/Deepfakes_915_895/frame_000003.jpg
fake_test_00139.jpg,fake,NeuralTextures_075_977,fake_ffpp_pair::075_977,component::c7c7c3f4120aa575,test,train,a1b92663fb14973feab8274ac9df40dbcdb2872b14b7cf806485071d4dc03002,/content/drive/MyDrive/AISC DeepFake Çalışmaları/FaceForensics_Projesi/fake_frames/test/NeuralTextures_075_977/frame_000011.jpg
fake_test_00140.jpg,fake,FaceShifter_589_565,fake_ffpp_pair::565_589,component::2bcdf46127ccecb4,test,val,563d88ff4c60de4d0e4c3f870696a70ec8848a70055d65a596eaa132068ff4c5,/content/drive/MyDrive/AISC DeepFake Çalışmaları/FaceForensics_Projesi/fake_frames/test/FaceShifter_589_565/frame_000035.jpg
fake_test_00141.jpg,fake,Deepfakes_996_056,fake_ffpp_pair::056_996,component::722a51662d6efe6c,test,train,ae5aff8981bfd712c0fc4ad793fb2aeecfecec77199531c169bb464f9f9114b1,/content/drive/MyDrive/AISC DeepFake Çalışmaları/FaceForensics_Projesi/fake_frames/test/Deepfakes_996_056/frame_000002.jpg
fake_test_00142.jpg,fake,DeepFakeDetection_18_09__kitchen_still__3VP8836C,fake_dfd_pair::09_18,component::67b1c003b6cfac72,test,train,060efafaccc29cce16bc6ca2cd4b4d2faa5db52a94a222d98d3723e590b7b20b,/content/drive/MyDrive/AISC DeepFake Çalışmaları/FaceForensics_Projesi/fake_frames/test/DeepFakeDetection_18_09__kitchen_still__3VP8836C/frame_000023.jpg
fake_test_00143.jpg,fake,DeepFakeDetection_26_20__kitchen_pan__C8GN41DU,fake_dfd_pair::20_26,component::5c07ce00f63ff19f,test,train,a8e4b8131b4f3c6d9f2571b54f0e0a43ad18ea5dca220cc9d3d817aa3815c3f7,/content/drive/MyDrive/AISC DeepFake Çalışmaları/FaceForensics_Projesi/fake_frames/test/DeepFakeDetection_26_20__kitchen_pan__C8GN41DU/frame_000016.jpg
fake_test_00144.jpg,fake,FaceShifter_133_148,fake_ffpp_pair::133_148,component::a553fd9776583432,test,val,5fdbfae92f411a61b1ecfb093b8480685563ea7bc7367f714fa7b6ef665c8fff,/content/drive/MyDrive/AISC DeepFake Çalışmaları/FaceForensics_Projesi/fake_frames/test/FaceShifter_133_148/frame_000027.jpg
fake_test_00146.jpg,fake,FaceSwap_945_044,fake_ffpp_pair::044_945,component::2d90e98387489112,test,val,28d2fd177970da5ebd2fbb203e7113a8cce7ff8d17202672ac8eac81070cf46b,/content/drive/MyDrive/AISC DeepFake Çalışmaları/FaceForensics_Projesi/fake_frames/test/FaceSwap_945_044/frame_000004.jpg
fake_test_00148.jpg,fake,Deepfakes_180_105,fake_ffpp_pair::105_180,component::6bb7e3c20e1778db,test,train,a4197c6a042f4c0b579ffc318829baef99d8278aaff4b0ff86cc24cf8d40a573,/content/drive/MyDrive/AISC DeepFake Çalışmaları/FaceForensics_Projesi/fake_frames/test/Deepfakes_180_105/frame_000005.jpg
fake_test_00149.jpg,fake,Deepfakes_165_137,fake_ffpp_pair::137_165,component::495d0bc5fe6e89d8,test,train,eab501994cb20b31fa0d947be5dd6728442979830185f0310d3169b42fc71ae6,/content/drive/MyDrive/AISC DeepFake Çalışmaları/FaceForensics_Projesi/fake_frames/test/Deepfakes_165_137/frame_000007.jpg
