image_path,relative_path,file_name,class_name,label,split,sample_id,source_video,frame_index,face_index,status,output_sha256,roi_width,roi_height,blur_score,eye_landmark_fraction
/content/drive/MyDrive/AISC DeepFake Çalışmaları/Deneyler/Nazlıcan/Deney 1/Kaş/fake/test/fake_test_00000.jpg,fake/test/fake_test_00000.jpg,fake_test_00000.jpg,fake,1,test,e4925e216ccdd011bba0320729ce45c5eb7ed7f731dfa9128b82452ea936c0ef,,0,0.0,SUCCESS,0c10402f97f1c50c42447b89cea4f7d742275f000db1f631ec05103aeb44d48a,109.0,34.0,65.06760416,0.09375
/content/drive/MyDrive/AISC DeepFake Çalışmaları/Deneyler/Nazlıcan/Deney 1/Kaş/fake/test/fake_test_00001.jpg,fake/test/fake_test_00001.jpg,fake_test_00001.jpg,fake,1,test,06d960f5f888c3779bfd6256e5ec40a6e2e52a0cd249cedc71eef94b21ddf219,,1,0.0,SUCCESS,7ba74247a54634f1acef6fe6a56571b4c2a20cfc8ea5b901a547008110a63ffa,97.0,22.0,98.5060532,0.0
/content/drive/MyDrive/AISC DeepFake Çalışmaları/Deneyler/Nazlıcan/Deney 1/Kaş/fake/test/fake_test_00002.jpg,fake/test/fake_test_00002.jpg,fake_test_00002.jpg,fake,1,test,678d8c5c1dbd06780fec3fb7877b0e3acbabdf6c779171f607b40ac114982088,,2,0.0,SUCCESS,fce98aba303f6b721fbeec86543251d90cb0d828ac54c7b8f3f1e21a1153b3b3,98.0,25.0,243.49033319,0.09375
/content/drive/MyDrive/AISC DeepFake Çalışmaları/Deneyler/Nazlıcan/Deney 1/Kaş/fake/test/fake_test_00003.jpg,fake/test/fake_test_00003.jpg,fake_test_00003.jpg,fake,1,test,045f33bf41227388a83fbb414fb5c2ef6db85aa28b3b97b95a85fdbe6844ed08,,3,0.0,SUCCESS,34677545ae79251fb85afab3a892e848c7edcfac0bd4cc58a77da30e7493aba4,371.0,95.0,4.94707288,0.0
/content/drive/MyDrive/AISC DeepFake Çalışmaları/Deneyler/Nazlıcan/Deney 1/Kaş/fake/test/fake_test_00005.jpg,fake/test/fake_test_00005.jpg,fake_test_00005.jpg,fake,1,test,9b88438ea4a8c48b727bcd22be544ab4f3b973ccccc05b163f899be3e0b53721,,5,0.0,SUCCESS,16cb9f940c140d6ae25558e3514bebf388e8dce16fd31ff7f248fdd345e56a4d,182.0,48.0,42.21216226,0.0
/content/drive/MyDrive/AISC DeepFake Çalışmaları/Deneyler/Nazlıcan/Deney 1/Kaş/fake/test/fake_test_00007.jpg,fake/test/fake_test_00007.jpg,fake_test_00007.jpg,fake,1,test,57267a9c31a741d78e4d0b94c454ca06f179f6a0ebeba171aa70d14e917c37a7,,7,0.0,SUCCESS,2566d86ecec3566f5a0e01f9561a6c7a6507df3410e7816efa1607999b0cfc80,276.0,80.0,25.16386288,0.0625
/content/drive/MyDrive/AISC DeepFake Çalışmaları/Deneyler/Nazlıcan/Deney 1/Kaş/fake/test/fake_test_00009.jpg,fake/test/fake_test_00009.jpg,fake_test_00009.jpg,fake,1,test,5c938f6f8d6ecc64397fb8325fcf846fecd1ef9bad8f5ced48f8b6d0abb1135a,,9,0.0,SUCCESS,469a3a2e1cc003f21e029842760e44a65267c3504ba152f918fe9ddc39158ff5,117.0,35.0,42.19445257,0.09375
/content/drive/MyDrive/AISC DeepFake Çalışmaları/Deneyler/Nazlıcan/Deney 1/Kaş/fake/test/fake_test_00011.jpg,fake/test/fake_test_00011.jpg,fake_test_00011.jpg,fake,1,test,e5c8412a6dd93e81e6f6e3a7364f99ce77e5001b4f7ea97a7a583e88fbca2d2e,,11,0.0,SUCCESS,99db14f05476ede837aa2cbebe206eaf1f28e741ecdff41eb8c5c9dacfe840c2,326.0,96.0,11.97689296,0.0625
/content/drive/MyDrive/AISC DeepFake Çalışmaları/Deneyler/Nazlıcan/Deney 1/Kaş/fake/test/fake_test_00013.jpg,fake/test/fake_test_00013.jpg,fake_test_00013.jpg,fake,1,test,b0bce1e2771859ea975026f5767b3c7d26de148794a062214fb0a0d31d79f285,,13,0.0,SUCCESS,71b695ec8b56c04a8d4ee842d34087bc805a70b1e2198625fbc0ec2f4ea8d269,246.0,71.0,30.36574315,0.125
/content/drive/MyDrive/AISC DeepFake Çalışmaları/Deneyler/Nazlıcan/Deney 1/Kaş/fake/test/fake_test_00014.jpg,fake/test/fake_test_00014.jpg,fake_test_00014.jpg,fake,1,test,d31484d99db8bcf4100352e21fcffec9deb23cfeffba8a270b74c2f78f893cdf,,14,0.0,SUCCESS,a1a8548b787ff04da1316995478c3c7b2ff52915f842f338716707e241bdac50,154.0,37.0,129.6934583,0.0
/content/drive/MyDrive/AISC DeepFake Çalışmaları/Deneyler/Nazlıcan/Deney 1/Kaş/fake/test/fake_test_00015.jpg,fake/test/fake_test_00015.jpg,fake_test_00015.jpg,fake,1,test,9910a4c8f40c2285f2328247e307808aca60aefd902d46740561f0cc7fd00572,,15,0.0,SUCCESS,4763a82d9a73e12bff02b0066d2208f817d61e03c8d46c33906765e9135d981a,84.0,19.0,505.21161103,0.0
/content/drive/MyDrive/AISC DeepFake Çalışmaları/Deneyler/Nazlıcan/Deney 1/Kaş/fake/test/fake_test_00016.jpg,fake/test/fake_test_00016.jpg,fake_test_00016.jpg,fake,1,test,c58dd28260a84dec73449dc63907be5b7b623abd0946eb965a1b75146d56541e,,16,0.0,SUCCESS,cbca33b40cd09064dc21a5179fbc36c2d80b8fdeb117868324f3a0b2823839fa,100.0,26.0,134.35856746,0.09375
/content/drive/MyDrive/AISC DeepFake Çalışmaları/Deneyler/Nazlıcan/Deney 1/Kaş/fake/test/fake_test_00017.jpg,fake/test/fake_test_00017.jpg,fake_test_00017.jpg,fake,1,test,c8f0f8a77552b27d4b0af9c8fda52385a70f8e955c7ec98d9df713203dd08851,,17,0.0,SUCCESS,38a68ae8c964f14d37992c0ad55b361591c5f1c8019dfc1c2abcf0aa549904db,195.0,39.0,14.89762365,0.09375
/content/drive/MyDrive/AISC DeepFake Çalışmaları/Deneyler/Nazlıcan/Deney 1/Kaş/fake/test/fake_test_00019.jpg,fake/test/fake_test_00019.jpg,fake_test_00019.jpg,fake,1,test,57d1d42ac2546b82c70bb1de1785ee1d854c840aa87c5c43883f1a2e7ea45a1b,,19,0.0,SUCCESS,ec8b22b53a31c822b27b18b11531a23af657291772bd4dcf599a17405d5cdd89,142.0,32.0,26.99447688,0.125
/content/drive/MyDrive/AISC DeepFake Çalışmaları/Deneyler/Nazlıcan/Deney 1/Kaş/fake/test/fake_test_00020.jpg,fake/test/fake_test_00020.jpg,fake_test_00020.jpg,fake,1,test,6b4beb27bcb732c301c561d9e20562f76aa3cb01cfbac01ec414b8b9eabf7e1d,,20,0.0,SUCCESS,3fa666abc62c418d612eb5234f97c75ec62c6ad1b74cd25ee3c2e8774d6913a9,122.0,27.0,109.66619553,0.0
/content/drive/MyDrive/AISC DeepFake Çalışmaları/Deneyler/Nazlıcan/Deney 1/Kaş/fake/test/fake_test_00024.jpg,fake/test/fake_test_00024.jpg,fake_test_00024.jpg,fake,1,test,cdfd7ac7e8deba7b3817bca6c5e1c2069625f28b12822f540c1516f4028f931c,,24,0.0,SUCCESS,1af88653509b4c04e194f6c4694e5acd8fa87b740f1948e9d6389bfa85fbabc5,224.0,66.0,23.84374593,0.09375
/content/drive/MyDrive/AISC DeepFake Çalışmaları/Deneyler/Nazlıcan/Deney 1/Kaş/fake/test/fake_test_00025.jpg,fake/test/fake_test_00025.jpg,fake_test_00025.jpg,fake,1,test,212d254267c9f964998fd3fa99e16a71859b6a538f2bd6f399df2dc33395e1d1,,25,0.0,SUCCESS,cb0ef097477a150795f9acf19ffd737222f4d67d48e0f9b8817683e1d04ee995,95.0,22.0,174.66671917,0.0
/content/drive/MyDrive/AISC DeepFake Çalışmaları/Deneyler/Nazlıcan/Deney 1/Kaş/fake/test/fake_test_00026.jpg,fake/test/fake_test_00026.jpg,fake_test_00026.jpg,fake,1,test,20785d7d3b7c7f25e3abef18f8f077797b8c713878155f364ec81a21ca796125,,26,0.0,SUCCESS,40d10940ea299c51a5fc9d4d480c2036d0cb465c855b51639e25ad9bcbff2060,82.0,22.0,560.80509283,0.0
/content/drive/MyDrive/AISC DeepFake Çalışmaları/Deneyler/Nazlıcan/Deney 1/Kaş/fake/test/fake_test_00027.jpg,fake/test/fake_test_00027.jpg,fake_test_00027.jpg,fake,1,test,c12a3bffb8bf29586e35f34ab866f5c4bf53a4569ec3c72ac9de78e3a81c8057,,27,0.0,SUCCESS,99c6084eac4c440eeabaa3d853cc8ea88b491c95298771b1ff38e582895a6fe9,181.0,43.0,35.39650525,0.0625
/content/drive/MyDrive/AISC DeepFake Çalışmaları/Deneyler/Nazlıcan/Deney 1/Kaş/fake/test/fake_test_00029.jpg,fake/test/fake_test_00029.jpg,fake_test_00029.jpg,fake,1,test,16d857213f02725d5db9a65c1f16e93b49449eea69330d0b12d45f0edaef75d1,,29,0.0,SUCCESS,c38b0e88a9af5f12bb7e3d74a8a08f84d780c0ef2755ad0b44f9df92ffb436c7,187.0,57.0,47.43049175,0.03125
/content/drive/MyDrive/AISC DeepFake Çalışmaları/Deneyler/Nazlıcan/Deney 1/Kaş/fake/test/fake_test_00030.jpg,fake/test/fake_test_00030.jpg,fake_test_00030.jpg,fake,1,test,9b0afd240aa7a3fa765dd67ec459fcc34196c459140a1de8f07bf1594a2e9534,,30,0.0,SUCCESS,2b10e2a4e21389b4ed81e02486bb9efb46ee6758e661fc7c52f4fe22b7a8190b,103.0,24.0,155.45606128,0.125
/content/drive/MyDrive/AISC DeepFake Çalışmaları/Deneyler/Nazlıcan/Deney 1/Kaş/fake/test/fake_test_00031.jpg,fake/test/fake_test_00031.jpg,fake_test_00031.jpg,fake,1,test,e2ce8fe0d3306a03c6d3a2bde7c94fadee6e564d87aaed394bfe5bc6f421aeab,,31,0.0,SUCCESS,e7afb95a521f80d362b8eab2367c8b95d442ac80711006d03804421995684953,90.0,19.0,86.88450771,0.0
/content/drive/MyDrive/AISC DeepFake Çalışmaları/Deneyler/Nazlıcan/Deney 1/Kaş/fake/test/fake_test_00033.jpg,fake/test/fake_test_00033.jpg,fake_test_00033.jpg,fake,1,test,73dceda7df7f9d3a3c335d9d32ce5ebe34e15359b388cc116fa0e30b5941c13b,,33,0.0,SUCCESS,b08ae9214a4cf193dda1fb4580babdab4e8910050ed42de3c5d25ae94cfcb080,256.0,59.0,78.30758201,0.03125
/content/drive/MyDrive/AISC DeepFake Çalışmaları/Deneyler/Nazlıcan/Deney 1/Kaş/fake/test/fake_test_00034.jpg,fake/test/fake_test_00034.jpg,fake_test_00034.jpg,fake,1,test,34c01fe0c22501080313fc1c018956615ee29a0884a9ae42e3cf41ca06494313,,34,0.0,SUCCESS,568e8c21e33fbbc22d67738670b8efbb554e7480c61fe47816b80d39ed01c265,145.0,28.0,16.91036424,0.03125
/content/drive/MyDrive/AISC DeepFake Çalışmaları/Deneyler/Nazlıcan/Deney 1/Kaş/fake/test/fake_test_00038.jpg,fake/test/fake_test_00038.jpg,fake_test_00038.jpg,fake,1,test,faaf51e7380b112d817865b337b77c9fb40f42bcc19e7c0e77235d240cd41fe3,,38,0.0,SUCCESS,ccadf832c33461c8f50f10e44379903eb287eab635393c3e259b537db14b051c,109.0,41.0,37.98015778,0.125
/content/drive/MyDrive/AISC DeepFake Çalışmaları/Deneyler/Nazlıcan/Deney 1/Kaş/fake/test/fake_test_00040.jpg,fake/test/fake_test_00040.jpg,fake_test_00040.jpg,fake,1,test,725b786f0c605e186935460cf390d4601fb1779ce682a3c37f0699f7b195a2f4,,40,0.0,SUCCESS,849fefa58a17904e4b09b817f8f83d51642f0475a31fa1d32b8c0e5f045b0f22,89.0,18.0,86.69497242,0.09375
/content/drive/MyDrive/AISC DeepFake Çalışmaları/Deneyler/Nazlıcan/Deney 1/Kaş/fake/test/fake_test_00041.jpg,fake/test/fake_test_00041.jpg,fake_test_00041.jpg,fake,1,test,f7f9887270c2ef8e1802edc029a5fa0a7ecea702bf15238382e3439e8c1a3641,,41,0.0,SUCCESS,ea2324c4487c34dc9d46dd3331f4fada47eb803ba9353f48d7ed4de89d42ba2e,363.0,113.0,17.08544296,0.0625
/content/drive/MyDrive/AISC DeepFake Çalışmaları/Deneyler/Nazlıcan/Deney 1/Kaş/fake/test/fake_test_00043.jpg,fake/test/fake_test_00043.jpg,fake_test_00043.jpg,fake,1,test,4ba8a3b82614f8f959b6fd0f496305c4567c0c7d5dddbb90b3f596767fa2e452,,43,0.0,SUCCESS,8c19cf24d536cab88ecdd742ef7edf347c796d5eb8244e32e1c734f2d83a0b28,99.0,30.0,159.72070526,0.125
/content/drive/MyDrive/AISC DeepFake Çalışmaları/Deneyler/Nazlıcan/Deney 1/Kaş/fake/test/fake_test_00044.jpg,fake/test/fake_test_00044.jpg,fake_test_00044.jpg,fake,1,test,d63a872413390522436e8da798521793c7fe5533c463824665b3d8e167c72474,,44,0.0,SUCCESS,7b518355116863788eb92babc1a2d71cbd7a155869a4dbb1af2d2981894ae920,74.0,15.0,1442.60303547,0.0
/content/drive/MyDrive/AISC DeepFake Çalışmaları/Deneyler/Nazlıcan/Deney 1/Kaş/fake/test/fake_test_00048.jpg,fake/test/fake_test_00048.jpg,fake_test_00048.jpg,fake,1,test,d9fdd2a098d6f8677c99b65ddfa63ded737492acad0e28bc878d01f3de086e4c,,48,0.0,SUCCESS,2a8c9922304a649446822e83c4f0581d43d25a9d58b162cbd9723d9ad04899c0,82.0,24.0,124.44606282,0.0625
/content/drive/MyDrive/AISC DeepFake Çalışmaları/Deneyler/Nazlıcan/Deney 1/Kaş/fake/test/fake_test_00049.jpg,fake/test/fake_test_00049.jpg,fake_test_00049.jpg,fake,1,test,782012e7277632251b0aab719a4bdf962b588d359597541b6cc3663fb7de4663,,49,0.0,SUCCESS,41098265ade476da8c5e6bde350d1747aba9a9e2a096d664515dd0111c95b5f5,179.0,47.0,17.30643246,0.0
/content/drive/MyDrive/AISC DeepFake Çalışmaları/Deneyler/Nazlıcan/Deney 1/Kaş/fake/test/fake_test_00050.jpg,fake/test/fake_test_00050.jpg,fake_test_00050.jpg,fake,1,test,db1a31c42231f65a07cf5de3ad823d33f363a202c4627b8ead8f73410f4d67b2,,50,0.0,SUCCESS,4442d5d49a1de3d0e512390e287ba2439c3a29edd428d5fceae8d9e9de20095a,261.0,70.0,16.68187804,0.09375
/content/drive/MyDrive/AISC DeepFake Çalışmaları/Deneyler/Nazlıcan/Deney 1/Kaş/fake/test/fake_test_00051.jpg,fake/test/fake_test_00051.jpg,fake_test_00051.jpg,fake,1,test,99166ad094634106a617923d18175d85fac6bb31ed5021528a971b478ead8bc0,,51,0.0,SUCCESS,35fa4bfda61171e768de129754297a4556a00a9a3988a8aaefb2032db4d27bfb,283.0,65.0,25.00688879,0.0
/content/drive/MyDrive/AISC DeepFake Çalışmaları/Deneyler/Nazlıcan/Deney 1/Kaş/fake/test/fake_test_00053.jpg,fake/test/fake_test_00053.jpg,fake_test_00053.jpg,fake,1,test,d4310d058f7ed0d24491cc9664fbba6fa4ce8ddc22f457610ffed1381442dd67,,53,0.0,SUCCESS,06dc191c8c0e7b2006b2ceb65387e220f05b88e8b1f7ead68e83285622a645e2,105.0,19.0,165.98834078,0.03125
/content/drive/MyDrive/AISC DeepFake Çalışmaları/Deneyler/Nazlıcan/Deney 1/Kaş/fake/test/fake_test_00056.jpg,fake/test/fake_test_00056.jpg,fake_test_00056.jpg,fake,1,test,69c65735d5cc926279efa9eaa920675ae9df686f1c20df25ac21c219a6255817,,56,0.0,SUCCESS,40ee6e72b528eda72b838b3af8f4b94e49f7760556e757de90ec5bf6323d26a3,101.0,32.0,237.67337981,0.03125
/content/drive/MyDrive/AISC DeepFake Çalışmaları/Deneyler/Nazlıcan/Deney 1/Kaş/fake/test/fake_test_00057.jpg,fake/test/fake_test_00057.jpg,fake_test_00057.jpg,fake,1,test,0e74964f1c2d0a703096946041f9f8ad0d6333cd9ed556e1505e08ec902fd721,,57,0.0,SUCCESS,f55d3b9c51d49e118ca2bd2d2941645fc0124b2f19efa0d0f9b3d59368502271,104.0,21.0,54.901944,0.0
/content/drive/MyDrive/AISC DeepFake Çalışmaları/Deneyler/Nazlıcan/Deney 1/Kaş/fake/test/fake_test_00058.jpg,fake/test/fake_test_00058.jpg,fake_test_00058.jpg,fake,1,test,28d6e947cf68dc8dc2722f50dac83c03488077f1145d8d35390f42e390b8f275,,58,0.0,SUCCESS,78569c75e134203928bfa4647fb43f378cb06819a588acc17fa3fc3705f8b7ee,178.0,52.0,22.69768773,0.09375
/content/drive/MyDrive/AISC DeepFake Çalışmaları/Deneyler/Nazlıcan/Deney 1/Kaş/fake/test/fake_test_00061.jpg,fake/test/fake_test_00061.jpg,fake_test_00061.jpg,fake,1,test,3d4333fb25a4b42119b55908bd54de66e45e718d96bf0401678d5c33c52e3421,,61,0.0,SUCCESS,3887caf39c9a234605f3ff7d4d6ebd9d18f668ee66fa652d8b5ed27892e80f4a,186.0,49.0,34.45469099,0.09375
/content/drive/MyDrive/AISC DeepFake Çalışmaları/Deneyler/Nazlıcan/Deney 1/Kaş/fake/test/fake_test_00064.jpg,fake/test/fake_test_00064.jpg,fake_test_00064.jpg,fake,1,test,e00ce413290603f1f69133640eb4d973da69f1ab797f20a5747dce6430c81bfc,,64,0.0,SUCCESS,6adc6ddedafea2097278541e2464eb3350ea6ca6bcfd52c827609d51f354c77a,148.0,43.0,38.91125551,0.09375
/content/drive/MyDrive/AISC DeepFake Çalışmaları/Deneyler/Nazlıcan/Deney 1/Kaş/fake/test/fake_test_00068.jpg,fake/test/fake_test_00068.jpg,fake_test_00068.jpg,fake,1,test,e0ed462cd1e4b621b5ba8600082deead9ff7929f9aa632d05cd8a9944eb2726a,,68,0.0,SUCCESS,a7d748ddb7226627fbad41712e3aeecc72d119bc8e9f678346700831a8aa67fd,263.0,75.0,12.12373554,0.0
/content/drive/MyDrive/AISC DeepFake Çalışmaları/Deneyler/Nazlıcan/Deney 1/Kaş/fake/test/fake_test_00073.jpg,fake/test/fake_test_00073.jpg,fake_test_00073.jpg,fake,1,test,1bfdf870f8a5ef9206ef697cd0e9b372a9f9aefa79415107a04ee979d8523a0e,,73,0.0,SUCCESS,e9fa95f5d551ed387845ea38fe57cb8dc05d1e9fa44bef02b0dc374db76f1ea0,197.0,56.0,35.34084745,0.0
/content/drive/MyDrive/AISC DeepFake Çalışmaları/Deneyler/Nazlıcan/Deney 1/Kaş/fake/test/fake_test_00076.jpg,fake/test/fake_test_00076.jpg,fake_test_00076.jpg,fake,1,test,5af970ea8a0c15055d5b2f56bb3dc5db75d1d9850614ef2913701a4f66984070,,76,0.0,SUCCESS,0d405ad0372da2f901c85179bfaa34d1d12f3cbce9cde16957f733f99690f9e4,174.0,50.0,49.43803805,0.125
/content/drive/MyDrive/AISC DeepFake Çalışmaları/Deneyler/Nazlıcan/Deney 1/Kaş/fake/test/fake_test_00077.jpg,fake/test/fake_test_00077.jpg,fake_test_00077.jpg,fake,1,test,06251ea255d1794069e547942abf51282ca6089069498c56048a5772cb31cd3f,,77,0.0,SUCCESS,e484380b9963baa370760ea17afdd486ee7de525f0cad6e818344044811a82bc,207.0,54.0,15.3027178,0.09375
/content/drive/MyDrive/AISC DeepFake Çalışmaları/Deneyler/Nazlıcan/Deney 1/Kaş/fake/test/fake_test_00078.jpg,fake/test/fake_test_00078.jpg,fake_test_00078.jpg,fake,1,test,2788ac41d04a49ac30d11876f20b2d374c0e92d80c7bbd06248d91772c82cc26,,78,0.0,SUCCESS,d3ec6e82be6897eb11f89d40df8aa2ff462d3a1e32ad87f9ebc139ecb57b6997,376.0,90.0,4.90515473,0.0
/content/drive/MyDrive/AISC DeepFake Çalışmaları/Deneyler/Nazlıcan/Deney 1/Kaş/fake/test/fake_test_00079.jpg,fake/test/fake_test_00079.jpg,fake_test_00079.jpg,fake,1,test,302351c92f5ae375301f381392f2e84ab6044ff5932e22fbd31c9390989b2637,,79,0.0,SUCCESS,9e25c98f6683324f7adeb54b2c714a574010785edcb1e3353b7453666462f23e,100.0,23.0,241.4564603,0.0
/content/drive/MyDrive/AISC DeepFake Çalışmaları/Deneyler/Nazlıcan/Deney 1/Kaş/fake/test/fake_test_00080.jpg,fake/test/fake_test_00080.jpg,fake_test_00080.jpg,fake,1,test,449e61d2ed4799601aa1709ade83088d046295764f1c853ce7e31679ba5ce37b,,80,0.0,SUCCESS,9283b9dde7e9f5103bb3e68c014f724fd20f0e795a775895965c983a6cd7a665,147.0,38.0,37.96123553,0.0
/content/drive/MyDrive/AISC DeepFake Çalışmaları/Deneyler/Nazlıcan/Deney 1/Kaş/fake/test/fake_test_00082.jpg,fake/test/fake_test_00082.jpg,fake_test_00082.jpg,fake,1,test,f46d68c6532b135ef9e945650a1f4bd1e41f812c86d79264d15032a175bb2b08,,82,0.0,SUCCESS,85b0d95e52b3e678b810dbc9f0eaf258072fad9a488487d8593fdc0659433096,146.0,27.0,37.50554785,0.0
/content/drive/MyDrive/AISC DeepFake Çalışmaları/Deneyler/Nazlıcan/Deney 1/Kaş/fake/test/fake_test_00083.jpg,fake/test/fake_test_00083.jpg,fake_test_00083.jpg,fake,1,test,47c2c3d21adb7cb42ffe22faaa9514e29b8741977d1720c3c0237542471c50a3,,83,0.0,SUCCESS,20d68550fc9c7e576f1b1af2ca44abf423f2dca9bd169920a3b2ccf70aacc73a,336.0,113.0,10.53409888,0.0
/content/drive/MyDrive/AISC DeepFake Çalışmaları/Deneyler/Nazlıcan/Deney 1/Kaş/fake/test/fake_test_00084.jpg,fake/test/fake_test_00084.jpg,fake_test_00084.jpg,fake,1,test,b406a9203fefa234cbbc6a3e95e1515586b15a63c9e159a665186648d3242dd9,,84,0.0,SUCCESS,f156af630a999371145549eb73e4f885ff33bcbe601b48ed5bae140eb7b5c57e,129.0,27.0,318.73824917,0.0
/content/drive/MyDrive/AISC DeepFake Çalışmaları/Deneyler/Nazlıcan/Deney 1/Kaş/fake/test/fake_test_00085.jpg,fake/test/fake_test_00085.jpg,fake_test_00085.jpg,fake,1,test,9bd11d1a02b51a76f08d75c822dcd712c20c0a00b5fbfb330495ebf803e185e7,,85,0.0,SUCCESS,f3c834e4c3b185b18a4972c5c27a41ed1d60054daa707d78569dba03c371f6c8,89.0,23.0,371.72621604,0.0625
/content/drive/MyDrive/AISC DeepFake Çalışmaları/Deneyler/Nazlıcan/Deney 1/Kaş/fake/test/fake_test_00086.jpg,fake/test/fake_test_00086.jpg,fake_test_00086.jpg,fake,1,test,8e2339fcedf6b82ee3551ac523a01dfae4c64958b5b8c7397c804ef3ce8ba30d,,86,0.0,SUCCESS,010822c50995e7587701cb4b688425553a6bc7945c7d6d0054a9e119c7cf21f3,72.0,19.0,121.70218828,0.0625
/content/drive/MyDrive/AISC DeepFake Çalışmaları/Deneyler/Nazlıcan/Deney 1/Kaş/fake/test/fake_test_00088.jpg,fake/test/fake_test_00088.jpg,fake_test_00088.jpg,fake,1,test,158e18c22791d60fd4b881890adb750b5d153d786194e060e86bfc80708a3b4a,,88,0.0,SUCCESS,dc2d4a23248a8a001ed70c817aa9db873184eed51cd5dc65bc087d8bcbbcb6e5,87.0,28.0,103.67279599,0.09375
/content/drive/MyDrive/AISC DeepFake Çalışmaları/Deneyler/Nazlıcan/Deney 1/Kaş/fake/test/fake_test_00089.jpg,fake/test/fake_test_00089.jpg,fake_test_00089.jpg,fake,1,test,50696a049f16eff216d031c7c7ea20f388298db4c6c1b43cb11b8364482fd0b1,,89,0.0,SUCCESS,d910bd6b5dfaf442364631274838b5c4318499a61dee00984383d1cf98ef7b2c,408.0,81.0,9.71827791,0.0
/content/drive/MyDrive/AISC DeepFake Çalışmaları/Deneyler/Nazlıcan/Deney 1/Kaş/fake/test/fake_test_00090.jpg,fake/test/fake_test_00090.jpg,fake_test_00090.jpg,fake,1,test,965d0d1bf749015e08c67bcf7fa088e04c8b8f786deb763f1d3ab5f98a8ee020,,90,0.0,SUCCESS,014ed5dd374573f9c7740d47c3f129dabcf6adde70a2b2cd7a54dc7a33a8d8a2,198.0,47.0,21.50430942,0.0625
/content/drive/MyDrive/AISC DeepFake Çalışmaları/Deneyler/Nazlıcan/Deney 1/Kaş/fake/test/fake_test_00091.jpg,fake/test/fake_test_00091.jpg,fake_test_00091.jpg,fake,1,test,a3d1c38e4049b7274b623e0635691ed64ba5a872ec40393095b6e4aec13a660b,,91,0.0,SUCCESS,69035b78199b2335513bba1128ecd0de0ede5745861763a223aed4dc949d1eab,311.0,77.0,15.88451106,0.0
/content/drive/MyDrive/AISC DeepFake Çalışmaları/Deneyler/Nazlıcan/Deney 1/Kaş/fake/test/fake_test_00093.jpg,fake/test/fake_test_00093.jpg,fake_test_00093.jpg,fake,1,test,86f754ff431258eb5855f97f837c067c97d497a0ae5ac8e6fa356f5b0ade0dbc,,93,0.0,SUCCESS,b5ebc6e37df01ea8b4b9f3766604515c7df3c2fe6e4855e5ce2aab016752af94,72.0,16.0,87.67485216,0.125
/content/drive/MyDrive/AISC DeepFake Çalışmaları/Deneyler/Nazlıcan/Deney 1/Kaş/fake/test/fake_test_00094.jpg,fake/test/fake_test_00094.jpg,fake_test_00094.jpg,fake,1,test,b305503635d793f272b189f02c336ac5f3b9405592d776e4df37bbc399a2cf67,,94,0.0,SUCCESS,68667e8cfb0aab0aafd29e008afa5de686f188bb58ad9cb010c86fbeb0a21a02,209.0,41.0,20.40270069,0.09375
/content/drive/MyDrive/AISC DeepFake Çalışmaları/Deneyler/Nazlıcan/Deney 1/Kaş/fake/test/fake_test_00095.jpg,fake/test/fake_test_00095.jpg,fake_test_00095.jpg,fake,1,test,6cb805bdc9ba679e24bc0cc183d17b7622757f2dc75f31ff52370cb555aab8d5,,95,0.0,SUCCESS,33a4c4105d28cff1b147de34751e7723859c45c3d5867a0b8fef37fdf83af1f2,109.0,28.0,182.11862481,0.09375
/content/drive/MyDrive/AISC DeepFake Çalışmaları/Deneyler/Nazlıcan/Deney 1/Kaş/fake/test/fake_test_00097.jpg,fake/test/fake_test_00097.jpg,fake_test_00097.jpg,fake,1,test,c12c238bba22f8ced56cbd89e296bab3c5e8b0103a62eeae79f8e88dd9b441c0,,97,0.0,SUCCESS,380f9763d492d602d4db2a58f80b40dc341c73144516ac039115438e7f1fdee2,255.0,61.0,16.85486698,0.0
/content/drive/MyDrive/AISC DeepFake Çalışmaları/Deneyler/Nazlıcan/Deney 1/Kaş/fake/test/fake_test_00098.jpg,fake/test/fake_test_00098.jpg,fake_test_00098.jpg,fake,1,test,c98117385706b8a7dbac92d0046d1a4451502ecf52638852d3165197c42be368,,98,0.0,SUCCESS,9d8c0c1c05a24b51e8d7f45475e7128dd59c7d9232ada62bf96445279b7d3f45,192.0,42.0,11.94717691,0.0
/content/drive/MyDrive/AISC DeepFake Çalışmaları/Deneyler/Nazlıcan/Deney 1/Kaş/fake/test/fake_test_00099.jpg,fake/test/fake_test_00099.jpg,fake_test_00099.jpg,fake,1,test,b53f1796975ae8db98fd124c50fb688859cbed21c7cb7d3ea73762d0e147d8d9,,99,0.0,SUCCESS,e070aa96cff59f1b48ccbe0e40e4d7dcc2f244e78b1acf7c071a06168718c61f,192.0,51.0,7.30357313,0.0
/content/drive/MyDrive/AISC DeepFake Çalışmaları/Deneyler/Nazlıcan/Deney 1/Kaş/fake/test/fake_test_00100.jpg,fake/test/fake_test_00100.jpg,fake_test_00100.jpg,fake,1,test,0f2b9efe42ba084e1f010e5f59c28ade445d95082cba37c0b6c2178a703de68a,,100,0.0,SUCCESS,c649677ab1a42fcb0b944ca7f17f1b6ced99d91081b7f41294825b7566e83751,174.0,35.0,46.92562358,0.0
/content/drive/MyDrive/AISC DeepFake Çalışmaları/Deneyler/Nazlıcan/Deney 1/Kaş/fake/test/fake_test_00101.jpg,fake/test/fake_test_00101.jpg,fake_test_00101.jpg,fake,1,test,4215ea906499d8e5d9f6494a9d072112ac6f8f065fbf848a8ec815adc2bd20db,,101,0.0,SUCCESS,3d97b78c8f49ef75a772b04e638cc0ff38eec26e35dad5da535c92a4c37d93a4,207.0,52.0,38.85589801,0.0
/content/drive/MyDrive/AISC DeepFake Çalışmaları/Deneyler/Nazlıcan/Deney 1/Kaş/fake/test/fake_test_00103.jpg,fake/test/fake_test_00103.jpg,fake_test_00103.jpg,fake,1,test,205750908f08c5a549df944f1a2fbc828aa7ba65452bc74c5376f41ef8cba54e,,103,0.0,SUCCESS,72d13269f4303b191ba8fe17be483fc5d1ef16114263dc37b9039a909867dfc8,142.0,27.0,46.19913227,0.0
/content/drive/MyDrive/AISC DeepFake Çalışmaları/Deneyler/Nazlıcan/Deney 1/Kaş/fake/test/fake_test_00104.jpg,fake/test/fake_test_00104.jpg,fake_test_00104.jpg,fake,1,test,b93207bc8a7a23e3f6c902e0aced567d85b5a046f6262cdb139dc2b172ecbb06,,104,0.0,SUCCESS,454f1c6dff8c026a38783d85bab033310bb24a52b64f95a16621de404890696a,215.0,50.0,31.85710949,0.0625
/content/drive/MyDrive/AISC DeepFake Çalışmaları/Deneyler/Nazlıcan/Deney 1/Kaş/fake/test/fake_test_00107.jpg,fake/test/fake_test_00107.jpg,fake_test_00107.jpg,fake,1,test,f2b8a6a2c3ce5cd34c2a0d91998cffc183a779068072190511297b0ca73f1270,,107,0.0,SUCCESS,6db0eceab050626f622d400c20c7cd54dce7195b73cc2b575bf3dd1cbcea3699,94.0,29.0,46.3807341,0.03125
/content/drive/MyDrive/AISC DeepFake Çalışmaları/Deneyler/Nazlıcan/Deney 1/Kaş/fake/test/fake_test_00109.jpg,fake/test/fake_test_00109.jpg,fake_test_00109.jpg,fake,1,test,f4b875e81d347dc8fec22812c94c275fcad2817fe1db0565e63811b3b2867b16,,109,0.0,SUCCESS,a298d0fad2140f23a35ca614d717713cb89f9169ff096951eda01d0d17fe9b28,206.0,41.0,16.07217117,0.0
/content/drive/MyDrive/AISC DeepFake Çalışmaları/Deneyler/Nazlıcan/Deney 1/Kaş/fake/test/fake_test_00113.jpg,fake/test/fake_test_00113.jpg,fake_test_00113.jpg,fake,1,test,3ae9bf1c0e236d8578295c8804ceede7a6d47ea048b6618d9692ac611339d60c,,113,0.0,SUCCESS,cc22a656e0d820d3451e85f55098a87c7e0e7495cd69973b3679426bd2369adb,258.0,50.0,18.41796899,0.0
/content/drive/MyDrive/AISC DeepFake Çalışmaları/Deneyler/Nazlıcan/Deney 1/Kaş/fake/test/fake_test_00114.jpg,fake/test/fake_test_00114.jpg,fake_test_00114.jpg,fake,1,test,b401c5bc5a3cbe5df5ef897fde532a02b13cc389e7779058bc783c3174df91ca,,114,0.0,SUCCESS,c8207897cf4a291298868d087eb6b34694c3b075fd343a712370dbd51a97c4ed,130.0,33.0,235.48679311,0.09375
/content/drive/MyDrive/AISC DeepFake Çalışmaları/Deneyler/Nazlıcan/Deney 1/Kaş/fake/test/fake_test_00115.jpg,fake/test/fake_test_00115.jpg,fake_test_00115.jpg,fake,1,test,c363d069d28c5c1e48458caa399bc88804f5e05356e013285ec93d6917bc8318,,115,0.0,SUCCESS,074f51a658f5b3d1339fd056f14d82ffe383cd99bd6b5e159da7a3f45e32246b,99.0,18.0,93.49344171,0.0
/content/drive/MyDrive/AISC DeepFake Çalışmaları/Deneyler/Nazlıcan/Deney 1/Kaş/fake/test/fake_test_00116.jpg,fake/test/fake_test_00116.jpg,fake_test_00116.jpg,fake,1,test,e070cc2cb420a7a4cffa2bbf478271364086b69d12ebd2c681a6635a3dc14e95,,116,0.0,SUCCESS,a53c35d3e19ec9ccfd7699f0a44effa4913501ebe0cc3263be48270a3ee3bb53,99.0,30.0,286.4300373,0.0
/content/drive/MyDrive/AISC DeepFake Çalışmaları/Deneyler/Nazlıcan/Deney 1/Kaş/fake/test/fake_test_00117.jpg,fake/test/fake_test_00117.jpg,fake_test_00117.jpg,fake,1,test,e31045a21fae2fa8f7cab2ecb1e97a06f8d1a564f096674a4cc0539cde2afaf3,,117,0.0,SUCCESS,3f0e91173bce315b2856188f3179d605d491ae733e12232303fc7e558564de36,95.0,21.0,69.25680115,0.0
/content/drive/MyDrive/AISC DeepFake Çalışmaları/Deneyler/Nazlıcan/Deney 1/Kaş/fake/test/fake_test_00118.jpg,fake/test/fake_test_00118.jpg,fake_test_00118.jpg,fake,1,test,635bec8b7d904236b6225a11bade27e1c57464e0248977b96058a57e88c40a56,,118,0.0,SUCCESS,7a424d2cb1f12dff4e56490f66ec071a0b41f90e37f0a8f7fa6c1e575c958aec,237.0,77.0,28.67801807,0.125
/content/drive/MyDrive/AISC DeepFake Çalışmaları/Deneyler/Nazlıcan/Deney 1/Kaş/fake/test/fake_test_00119.jpg,fake/test/fake_test_00119.jpg,fake_test_00119.jpg,fake,1,test,1f9edeb29308b767ed61b5b6b588155c6e05157d567e6f395639e85cd85f2269,,119,0.0,SUCCESS,2987ac2c7ee79bc5ecd70379998704b791b6a886685da95fa6ec6a4a6584ba83,68.0,17.0,353.64437312,0.0
/content/drive/MyDrive/AISC DeepFake Çalışmaları/Deneyler/Nazlıcan/Deney 1/Kaş/fake/test/fake_test_00120.jpg,fake/test/fake_test_00120.jpg,fake_test_00120.jpg,fake,1,test,a275cdf1e5d07f07a652113539f73d952918a793e5f6ef4d3f8cb276485ee186,,120,0.0,SUCCESS,1d4a25302962a5cec00a294668c883e7dd461e27553e00ade52280ff3bb883dc,100.0,22.0,131.67190723,0.0
/content/drive/MyDrive/AISC DeepFake Çalışmaları/Deneyler/Nazlıcan/Deney 1/Kaş/fake/test/fake_test_00124.jpg,fake/test/fake_test_00124.jpg,fake_test_00124.jpg,fake,1,test,9190784c6633ed9eb0cfd79e9619fd6c42269f26dbe0564cf4eb2506d9361946,,124,0.0,SUCCESS,5418929679e5015d0c0d1d1698e5412e9d6f34fbb08857612cb0e9a6695dfc96,84.0,27.0,191.3524203,0.09375
/content/drive/MyDrive/AISC DeepFake Çalışmaları/Deneyler/Nazlıcan/Deney 1/Kaş/fake/test/fake_test_00125.jpg,fake/test/fake_test_00125.jpg,fake_test_00125.jpg,fake,1,test,ae0d566e2822cd0690e27fa92c43828476051f72eee36c270d29f799e41340e0,,125,0.0,SUCCESS,cf6d00918775cabe10e3fd4dac1272b56190dc5ebd90baa34211860ac55b0dc9,182.0,36.0,42.1283202,0.0
/content/drive/MyDrive/AISC DeepFake Çalışmaları/Deneyler/Nazlıcan/Deney 1/Kaş/fake/test/fake_test_00126.jpg,fake/test/fake_test_00126.jpg,fake_test_00126.jpg,fake,1,test,e99e74ac8ab75698e414bfc6ae916a09c87dd9f6eb4c86bb83bf2bc84fa09d37,,126,0.0,SUCCESS,6227b74cc4f33fcfa49d6a28f129033283932cb9d783dda85d9d181f7f5c91a1,93.0,17.0,46.89222227,0.0
/content/drive/MyDrive/AISC DeepFake Çalışmaları/Deneyler/Nazlıcan/Deney 1/Kaş/fake/test/fake_test_00129.jpg,fake/test/fake_test_00129.jpg,fake_test_00129.jpg,fake,1,test,a392f75a727616d88ca6d2f9cb0d65a60901b8f914fa431cb10f0655cee60d78,,129,0.0,SUCCESS,2314736ec9f6d73a040d618bc65985af807c29f480d7be812149e528298923fd,291.0,74.0,11.36932332,0.0
/content/drive/MyDrive/AISC DeepFake Çalışmaları/Deneyler/Nazlıcan/Deney 1/Kaş/fake/test/fake_test_00130.jpg,fake/test/fake_test_00130.jpg,fake_test_00130.jpg,fake,1,test,70bb5848ee2885e7d25cb9dd682a60e723f61a0bd3a26a293daa4c6677ea6a6a,,130,0.0,SUCCESS,07a03eeaee7ec84b3ad918d70cd01f059a6ed2b98f50e89d637a7d125489a57a,171.0,38.0,51.16249404,0.09375
/content/drive/MyDrive/AISC DeepFake Çalışmaları/Deneyler/Nazlıcan/Deney 1/Kaş/fake/test/fake_test_00131.jpg,fake/test/fake_test_00131.jpg,fake_test_00131.jpg,fake,1,test,cf8af1664f2412ed00aa739ac2054c2505395697164e7333f977fd4fcce1d22d,,131,0.0,SUCCESS,d7fdddd0cff2acaf1f32b554291b5da46ff171bc0fbd55ea719a06fd5d955815,133.0,30.0,79.20709097,0.0
/content/drive/MyDrive/AISC DeepFake Çalışmaları/Deneyler/Nazlıcan/Deney 1/Kaş/fake/test/fake_test_00132.jpg,fake/test/fake_test_00132.jpg,fake_test_00132.jpg,fake,1,test,56d252fe717bb52dc0c2c1fe3be8bc13fcc3f52b9b1b0980b11584676603bf42,,132,0.0,SUCCESS,6e146cc25e2327af3ea9f1bc6fc0ad22d6b989ba05a16f1867da9709b692c7a6,95.0,25.0,76.37801662,0.0
/content/drive/MyDrive/AISC DeepFake Çalışmaları/Deneyler/Nazlıcan/Deney 1/Kaş/fake/test/fake_test_00133.jpg,fake/test/fake_test_00133.jpg,fake_test_00133.jpg,fake,1,test,d56671eed65accc30661e27c2c63e312663fe5cd6b03d9eb9948526b73b5f736,,133,0.0,SUCCESS,0328cfd0d90659dc791fdfa977af7a8798658e49cde2e3db7194d90570eb451a,320.0,88.0,8.67567416,0.0625
/content/drive/MyDrive/AISC DeepFake Çalışmaları/Deneyler/Nazlıcan/Deney 1/Kaş/fake/test/fake_test_00136.jpg,fake/test/fake_test_00136.jpg,fake_test_00136.jpg,fake,1,test,47c2caa7da7472bba09a0609660dac349b5ffa2fc02f82664ace8c7fd515aab7,,136,0.0,SUCCESS,9d39cc8b45d75f702298b333773a28e83b617be957be4f848f65285f45ce0f84,165.0,47.0,37.37544529,0.09375
/content/drive/MyDrive/AISC DeepFake Çalışmaları/Deneyler/Nazlıcan/Deney 1/Kaş/fake/test/fake_test_00137.jpg,fake/test/fake_test_00137.jpg,fake_test_00137.jpg,fake,1,test,5aea17134720c0fdf7afd6197681de1388adeddd57868e86a59a0b55ed6fb07f,,137,0.0,SUCCESS,49d3c27386ab315edf0f7901428dcba73dc8f663c2cf261d65c11a5dde043cdc,204.0,53.0,13.31690809,0.0
/content/drive/MyDrive/AISC DeepFake Çalışmaları/Deneyler/Nazlıcan/Deney 1/Kaş/fake/test/fake_test_00138.jpg,fake/test/fake_test_00138.jpg,fake_test_00138.jpg,fake,1,test,3b5f6c877e8f3e402aae691e3fd7a4bc7764b8cc3e1a218b9ad841e3f3019a79,,138,0.0,SUCCESS,e1b76d391130a5e5f2c630130ad1ac3e0b65543bc98c0b9f17bb933c31de8f1b,160.0,43.0,57.80858538,0.03125
/content/drive/MyDrive/AISC DeepFake Çalışmaları/Deneyler/Nazlıcan/Deney 1/Kaş/fake/test/fake_test_00139.jpg,fake/test/fake_test_00139.jpg,fake_test_00139.jpg,fake,1,test,2a53326e705b3efb674fa581675c3c0a6dd8d1035a597b40cce573f630568966,,139,0.0,SUCCESS,a1b92663fb14973feab8274ac9df40dbcdb2872b14b7cf806485071d4dc03002,291.0,61.0,24.75616818,0.0
/content/drive/MyDrive/AISC DeepFake Çalışmaları/Deneyler/Nazlıcan/Deney 1/Kaş/fake/test/fake_test_00140.jpg,fake/test/fake_test_00140.jpg,fake_test_00140.jpg,fake,1,test,7f86ff1586e9d99e81d39c61cec469902aa141f7c85382ea30a304be73b022e3,,140,0.0,SUCCESS,563d88ff4c60de4d0e4c3f870696a70ec8848a70055d65a596eaa132068ff4c5,102.0,27.0,132.429617,0.09375
/content/drive/MyDrive/AISC DeepFake Çalışmaları/Deneyler/Nazlıcan/Deney 1/Kaş/fake/test/fake_test_00141.jpg,fake/test/fake_test_00141.jpg,fake_test_00141.jpg,fake,1,test,4acda3f27fe6527c4e48790f0579c8b9301b0cad33a94f0dd3ec7df4f41bcfec,,141,0.0,SUCCESS,ae5aff8981bfd712c0fc4ad793fb2aeecfecec77199531c169bb464f9f9114b1,154.0,33.0,25.07540627,0.0
/content/drive/MyDrive/AISC DeepFake Çalışmaları/Deneyler/Nazlıcan/Deney 1/Kaş/fake/test/fake_test_00142.jpg,fake/test/fake_test_00142.jpg,fake_test_00142.jpg,fake,1,test,bdfd6e45cbe51dfc24ca50852459a23e76b6862cc22d48cfc67deb4352b72586,,142,0.0,SUCCESS,060efafaccc29cce16bc6ca2cd4b4d2faa5db52a94a222d98d3723e590b7b20b,195.0,48.0,27.99938564,0.03125
/content/drive/MyDrive/AISC DeepFake Çalışmaları/Deneyler/Nazlıcan/Deney 1/Kaş/fake/test/fake_test_00143.jpg,fake/test/fake_test_00143.jpg,fake_test_00143.jpg,fake,1,test,a9fb22c10e4be16655a8202ce8119bbf17825884d3e503902f9cf2c6108696f4,,143,0.0,SUCCESS,a8e4b8131b4f3c6d9f2571b54f0e0a43ad18ea5dca220cc9d3d817aa3815c3f7,197.0,43.0,104.32893459,0.0625
/content/drive/MyDrive/AISC DeepFake Çalışmaları/Deneyler/Nazlıcan/Deney 1/Kaş/fake/test/fake_test_00144.jpg,fake/test/fake_test_00144.jpg,fake_test_00144.jpg,fake,1,test,99b9cbd7cd7a35559a08bb78a4369962e48b97af5682f4af70639833c1df86b5,,144,0.0,SUCCESS,5fdbfae92f411a61b1ecfb093b8480685563ea7bc7367f714fa7b6ef665c8fff,95.0,21.0,95.7532915,0.0
/content/drive/MyDrive/AISC DeepFake Çalışmaları/Deneyler/Nazlıcan/Deney 1/Kaş/fake/test/fake_test_00146.jpg,fake/test/fake_test_00146.jpg,fake_test_00146.jpg,fake,1,test,a062d062991912413dd8768ee2aeaa77c53d8b72dedff0b5de1a6491affe92fa,,146,0.0,SUCCESS,28d2fd177970da5ebd2fbb203e7113a8cce7ff8d17202672ac8eac81070cf46b,189.0,38.0,24.41494871,0.0
/content/drive/MyDrive/AISC DeepFake Çalışmaları/Deneyler/Nazlıcan/Deney 1/Kaş/fake/test/fake_test_00148.jpg,fake/test/fake_test_00148.jpg,fake_test_00148.jpg,fake,1,test,d3771bba24e44fc219661df55c8255a31d59197a4f43e935729e202411a512d1,,148,0.0,SUCCESS,a4197c6a042f4c0b579ffc318829baef99d8278aaff4b0ff86cc24cf8d40a573,72.0,19.0,297.17397661,0.09375
/content/drive/MyDrive/AISC DeepFake Çalışmaları/Deneyler/Nazlıcan/Deney 1/Kaş/fake/test/fake_test_00149.jpg,fake/test/fake_test_00149.jpg,fake_test_00149.jpg,fake,1,test,20e538d562e90a944530b97c1621f485a3f1dc4a4457cabcd72ca6591fdf34e1,,149,0.0,SUCCESS,eab501994cb20b31fa0d947be5dd6728442979830185f0310d3169b42fc71ae6,99.0,27.0,103.74215279,0.09375
/content/drive/MyDrive/AISC DeepFake Çalışmaları/Deneyler/Nazlıcan/Deney 1/Kaş/real/test/real_test_00002.jpg,real/test/real_test_00002.jpg,real_test_00002.jpg,real,0,test,b87b95e283301618dfec800838de4e2c5600af683f8bcb8682b7471cea0f43c2,,2,0.0,SUCCESS,97bc8b08fb5ffba98bc3948821d8a134e24425faf12da98a25a960f0267d0e3f,159.0,30.0,29.21402353,0.0
/content/drive/MyDrive/AISC DeepFake Çalışmaları/Deneyler/Nazlıcan/Deney 1/Kaş/real/test/real_test_00003.jpg,real/test/real_test_00003.jpg,real_test_00003.jpg,real,0,test,6ea720cd4864cf8e083e44739f838a748267a4b55f188cbf35d52d7760842723,,3,0.0,SUCCESS,67e90e34b135dc78ba02f7e9aaa26383b641804d09e3f8d5f6b258550f544329,210.0,42.0,14.15623814,0.03125
/content/drive/MyDrive/AISC DeepFake Çalışmaları/Deneyler/Nazlıcan/Deney 1/Kaş/real/test/real_test_00004.jpg,real/test/real_test_00004.jpg,real_test_00004.jpg,real,0,test,fdffabadfe59fe5e11bedcec72630fd0f43976dc51f3130b45887efabc34a47a,,4,0.0,SUCCESS,7dd223bdea4a10014715c90b9d5c0ddb5083349aea844b9f3bbbbcc138951816,113.0,25.0,78.56288875,0.0
/content/drive/MyDrive/AISC DeepFake Çalışmaları/Deneyler/Nazlıcan/Deney 1/Kaş/real/test/real_test_00005.jpg,real/test/real_test_00005.jpg,real_test_00005.jpg,real,0,test,74132d9c014502fb53660726b16c9a1eb87b587b8d6fd4485eaba17ab15590fd,,5,0.0,SUCCESS,7c5b30081bf9d1c5401ff509bb857050a1be361be63abd1b75e4058d8480740c,84.0,25.0,353.95178481,0.09375
/content/drive/MyDrive/AISC DeepFake Çalışmaları/Deneyler/Nazlıcan/Deney 1/Kaş/real/test/real_test_00006.jpg,real/test/real_test_00006.jpg,real_test_00006.jpg,real,0,test,02aea2b37932e155ed493922086cdece8a7118ad07c78633476f1bda17a621ad,,6,0.0,SUCCESS,96ac70a616847e1ec3837dcb59c822fc0cfa06b5060b82aca498e20660501c36,113.0,24.0,99.04277273,0.0
/content/drive/MyDrive/AISC DeepFake Çalışmaları/Deneyler/Nazlıcan/Deney 1/Kaş/real/test/real_test_00008.jpg,real/test/real_test_00008.jpg,real_test_00008.jpg,real,0,test,86d7f2b93c05b1a22b0c958b1bb70a6171241fa697ba91fae7c14aba872461bf,,8,0.0,SUCCESS,b63fe85b339035f64a4ad501bb3f70d3b176035fa8fb82d8307ddb70b3e43f77,201.0,40.0,33.66771576,0.0
/content/drive/MyDrive/AISC DeepFake Çalışmaları/Deneyler/Nazlıcan/Deney 1/Kaş/real/test/real_test_00009.jpg,real/test/real_test_00009.jpg,real_test_00009.jpg,real,0,test,477441d4aa7793860a78d02c98900a0910d57d7e08402080e17adba04f82bf21,,9,0.0,SUCCESS,e63c5b2cb881e948872d30261fb6ac13a4a294d1844742564ad5182ba4356fc2,157.0,34.0,65.32302833,0.0
/content/drive/MyDrive/AISC DeepFake Çalışmaları/Deneyler/Nazlıcan/Deney 1/Kaş/real/test/real_test_00010.jpg,real/test/real_test_00010.jpg,real_test_00010.jpg,real,0,test,b1c55673a62249516f8e7b662c6b3e177794d4464fd03925310ccec5515291df,,10,0.0,SUCCESS,90add04933b6a7feceb6b7324c735927643fe5ad8f79c98642e75ddd8a3fe768,127.0,27.0,45.44919549,0.0
/content/drive/MyDrive/AISC DeepFake Çalışmaları/Deneyler/Nazlıcan/Deney 1/Kaş/real/test/real_test_00011.jpg,real/test/real_test_00011.jpg,real_test_00011.jpg,real,0,test,bf488dbf7de58edfa2835c160c939dd7df20dfc3b56406c4825e6feb80f72dca,,11,0.0,SUCCESS,691fb020663210613da74701aca23c3dfc7fbf2098606f0b7e567e45ea8343e6,168.0,49.0,68.69542368,0.0625
/content/drive/MyDrive/AISC DeepFake Çalışmaları/Deneyler/Nazlıcan/Deney 1/Kaş/real/test/real_test_00013.jpg,real/test/real_test_00013.jpg,real_test_00013.jpg,real,0,test,7cd9edc5d76bc54bd93a5a8c2a15852298678acc6770d179ba7458bc907b4c0a,,13,0.0,SUCCESS,ab01cb70bde1ef9efca69f26b3ffb1ed991c99e31cc556ef2755c653b36bb6cb,111.0,22.0,65.76497427,0.0
/content/drive/MyDrive/AISC DeepFake Çalışmaları/Deneyler/Nazlıcan/Deney 1/Kaş/real/test/real_test_00014.jpg,real/test/real_test_00014.jpg,real_test_00014.jpg,real,0,test,e38cc496b1bbf165e61e577847ef6d25c07117dca7277f7a958d79ca18655644,,14,0.0,SUCCESS,50165903e7fa9dae29b3748b0a916c33cf258630012e3815205c7611df78aa65,183.0,43.0,102.55621441,0.0625
/content/drive/MyDrive/AISC DeepFake Çalışmaları/Deneyler/Nazlıcan/Deney 1/Kaş/real/test/real_test_00015.jpg,real/test/real_test_00015.jpg,real_test_00015.jpg,real,0,test,66ef7f05428aa44869695b485b026c4aa42394cbabafcf043d3e62ac8e260f06,,15,0.0,SUCCESS,92e16c111ac6f65e79fa2d703df688a18d56f2ee24cd690267479257b2175d6e,76.0,25.0,133.95298172,0.0
/content/drive/MyDrive/AISC DeepFake Çalışmaları/Deneyler/Nazlıcan/Deney 1/Kaş/real/test/real_test_00016.jpg,real/test/real_test_00016.jpg,real_test_00016.jpg,real,0,test,efe8411069e7a5409172a413d6ad861345042b9e8ae73548c92fcd541230ed6c,,16,0.0,SUCCESS,83871b3234adfd1bd262c2021fa42d0567a57e0558e695f2e2fda36c74ff87fa,166.0,35.0,75.57761104,0.0
/content/drive/MyDrive/AISC DeepFake Çalışmaları/Deneyler/Nazlıcan/Deney 1/Kaş/real/test/real_test_00018.jpg,real/test/real_test_00018.jpg,real_test_00018.jpg,real,0,test,0af28192a1fe700cbf75415a3c30bd9fd9b9a3192bedddccbb8870f5619477cc,,18,0.0,SUCCESS,b3af8537b458da3f8111ab823d463d1ed1ea693eb8dac0b079a1342b8f1355d0,160.0,49.0,117.18096522,0.09375
/content/drive/MyDrive/AISC DeepFake Çalışmaları/Deneyler/Nazlıcan/Deney 1/Kaş/real/test/real_test_00019.jpg,real/test/real_test_00019.jpg,real_test_00019.jpg,real,0,test,87c91e58985648d817fe4a2eaa4ff770ca9c1342f1c13407ca35c63acd9463df,,19,0.0,SUCCESS,ab9d884a714ca5811e89f79e1a69e3ccc8c004f615d609c99d985bc278d1bc25,176.0,37.0,81.24245836,0.03125
/content/drive/MyDrive/AISC DeepFake Çalışmaları/Deneyler/Nazlıcan/Deney 1/Kaş/real/test/real_test_00020.jpg,real/test/real_test_00020.jpg,real_test_00020.jpg,real,0,test,63cd4809529e663aa0ee4856a47fa46cf5bb9279734a3852ef464a26398ff0a3,,20,0.0,SUCCESS,c3fe4d5e0132e6682c15cf549ce79fb27befe4061de8c3f251ad0d09076e99b8,84.0,25.0,409.57649977,0.125
/content/drive/MyDrive/AISC DeepFake Çalışmaları/Deneyler/Nazlıcan/Deney 1/Kaş/real/test/real_test_00025.jpg,real/test/real_test_00025.jpg,real_test_00025.jpg,real,0,test,2683e9d32b4f7e330f9a190e23e9b7385f5a2c106d7547f5053f83c85ea63423,,25,0.0,SUCCESS,02cd93226c93f410946b0c559b6e7447e022ca43ead083c7c416e0014054c130,155.0,35.0,24.22245345,0.0
/content/drive/MyDrive/AISC DeepFake Çalışmaları/Deneyler/Nazlıcan/Deney 1/Kaş/real/test/real_test_00027.jpg,real/test/real_test_00027.jpg,real_test_00027.jpg,real,0,test,24f98523e4dc34ffe2b93e256cd816f50f2e9e4c424e4ab6b4de1c5997411211,,27,0.0,SUCCESS,590376cacf73a787b99699832bf203e7c0574a4d45f6dfb29766e4d38400eb66,167.0,34.0,23.99090093,0.0
/content/drive/MyDrive/AISC DeepFake Çalışmaları/Deneyler/Nazlıcan/Deney 1/Kaş/real/test/real_test_00029.jpg,real/test/real_test_00029.jpg,real_test_00029.jpg,real,0,test,66ade909e46037c92094514dd472cc1339dd084504bc61d0766d704add22166f,,29,0.0,SUCCESS,0113f3fddc4aa2b4174fc7b914244e06b2cc05f7a6a66447e7b9e457b2754b95,108.0,30.0,75.03548916,0.25
/content/drive/MyDrive/AISC DeepFake Çalışmaları/Deneyler/Nazlıcan/Deney 1/Kaş/real/test/real_test_00031.jpg,real/test/real_test_00031.jpg,real_test_00031.jpg,real,0,test,ef4b87ee04e21819ec11e9ac210be20ed28c6ffa20aa21650a91800d390d14a7,,31,0.0,SUCCESS,adff0bef2079141075d2a1f8248db1b4d8bab67c984725c23603cc398d7a6b82,57.0,18.0,604.82056777,0.15625
/content/drive/MyDrive/AISC DeepFake Çalışmaları/Deneyler/Nazlıcan/Deney 1/Kaş/real/test/real_test_00032.jpg,real/test/real_test_00032.jpg,real_test_00032.jpg,real,0,test,6e5c1c274b7233c6a17d27449cfd7ee056f050974e88481882f03fb28930f167,,32,0.0,SUCCESS,99f2b276483f2c6f77e3f79de2ecd52b261c1c0dbd2d7fc91a103cec97813732,85.0,22.0,86.80146444,0.0
/content/drive/MyDrive/AISC DeepFake Çalışmaları/Deneyler/Nazlıcan/Deney 1/Kaş/real/test/real_test_00033.jpg,real/test/real_test_00033.jpg,real_test_00033.jpg,real,0,test,f401504411df90caa81b4d4aaddb6e1b1293c4807be190c3a3e51721add424cc,,33,0.0,SUCCESS,bde00439de16d7eb92b123aede9125912e9e70d01952542bb75d67742fa0559d,127.0,29.0,168.43758405,0.09375
/content/drive/MyDrive/AISC DeepFake Çalışmaları/Deneyler/Nazlıcan/Deney 1/Kaş/real/test/real_test_00034.jpg,real/test/real_test_00034.jpg,real_test_00034.jpg,real,0,test,2b826868811aa044ceb0bd0ddb7cea5d0e250c17afbe975f311e17d76ea396db,,34,0.0,SUCCESS,b13cf52dce28898d2055e7fbe690e8947f13aec7415131d44b20aa5670cc7371,97.0,30.0,230.09121007,0.0625
/content/drive/MyDrive/AISC DeepFake Çalışmaları/Deneyler/Nazlıcan/Deney 1/Kaş/real/test/real_test_00036.jpg,real/test/real_test_00036.jpg,real_test_00036.jpg,real,0,test,154362e20895eb29fd6604d83f5a22637d002f8420471c36d6dd1d9024bc05e7,,36,0.0,SUCCESS,ca7e944df1f31d67f383a9662d4f38e8379a3ad9d6d2fa31539e883666f96106,110.0,22.0,58.51783416,0.0
/content/drive/MyDrive/AISC DeepFake Çalışmaları/Deneyler/Nazlıcan/Deney 1/Kaş/real/test/real_test_00038.jpg,real/test/real_test_00038.jpg,real_test_00038.jpg,real,0,test,1d14e85fd6fd3603554b7b37a17c9e3cb7733dc599b7e559fbf8dccab2a9d0b2,,38,0.0,SUCCESS,9e29974196dc3d75d133fa69f7be5558b9b62e4e47dfb7ab6c0f24779550c7ef,138.0,43.0,133.55689716,0.21875
/content/drive/MyDrive/AISC DeepFake Çalışmaları/Deneyler/Nazlıcan/Deney 1/Kaş/real/test/real_test_00039.jpg,real/test/real_test_00039.jpg,real_test_00039.jpg,real,0,test,dd1e044c4a10760968f05c3bff7b843e6ee0c2372932516d6b7748ce86530cea,,39,0.0,SUCCESS,b7220aa63b556012108cfc7e3149d985f68016af8f4b1e111c5ccb3a8edac7d0,115.0,32.0,46.16574197,0.125
/content/drive/MyDrive/AISC DeepFake Çalışmaları/Deneyler/Nazlıcan/Deney 1/Kaş/real/test/real_test_00040.jpg,real/test/real_test_00040.jpg,real_test_00040.jpg,real,0,test,d6c404d44ed82e9ba50c27afefffd0bb48a29f289b126771a73ca4e550c45508,,40,0.0,SUCCESS,aa1e3443ea38417eab75be6fb40a69f782008eb974db72cf496a5c418ff5b4bc,248.0,56.0,39.48648105,0.03125
/content/drive/MyDrive/AISC DeepFake Çalışmaları/Deneyler/Nazlıcan/Deney 1/Kaş/real/test/real_test_00044.jpg,real/test/real_test_00044.jpg,real_test_00044.jpg,real,0,test,d18e6946bc86f4882c55fd509db3be22b028e08f74e51991317c2e2cb3300d87,,44,0.0,SUCCESS,f144403b4e47264ca0183d8a3add0caee0d67ca2f2daca6074fca6e3ea617313,74.0,21.0,557.30609595,0.09375
/content/drive/MyDrive/AISC DeepFake Çalışmaları/Deneyler/Nazlıcan/Deney 1/Kaş/real/test/real_test_00046.jpg,real/test/real_test_00046.jpg,real_test_00046.jpg,real,0,test,b105f0f52ba2be0931c32d285b771b5fca855333cd934f8c3465076da92cad19,,46,0.0,SUCCESS,8e9c9e6b88ec800ee4d0a2db3b78fe02ba594e2607e178212ee72511413e07ad,81.0,21.0,133.17561375,0.0
/content/drive/MyDrive/AISC DeepFake Çalışmaları/Deneyler/Nazlıcan/Deney 1/Kaş/real/test/real_test_00048.jpg,real/test/real_test_00048.jpg,real_test_00048.jpg,real,0,test,79fc6999cedc98642bfa32df54654005237b95d733638e8cd007b17cc6570793,,48,0.0,SUCCESS,cc70680a439920a96210b040df0302da93e6e710983e70222d5e6dad2c70ce15,208.0,66.0,11.25396615,0.125
/content/drive/MyDrive/AISC DeepFake Çalışmaları/Deneyler/Nazlıcan/Deney 1/Kaş/real/test/real_test_00049.jpg,real/test/real_test_00049.jpg,real_test_00049.jpg,real,0,test,d3fffdabe2c78d6230d13b198d147a8b20add9e46e0b7da7d661205affbc3929,,49,0.0,SUCCESS,843bf5e542defb7ed2c7eafe35369b2e88a3f790be62adbc31f1fcfb1e980744,113.0,26.0,119.75953191,0.09375
/content/drive/MyDrive/AISC DeepFake Çalışmaları/Deneyler/Nazlıcan/Deney 1/Kaş/real/test/real_test_00052.jpg,real/test/real_test_00052.jpg,real_test_00052.jpg,real,0,test,629d2d1b3e99cd11c029456c14dc28b769146c5ae67e497e991c6c66964621bf,,52,0.0,SUCCESS,fc7e3dc687b854b160c9d0f9ed8a0986a3538994b6ca1fa069103d6238a80a43,364.0,90.0,20.7799276,0.0
/content/drive/MyDrive/AISC DeepFake Çalışmaları/Deneyler/Nazlıcan/Deney 1/Kaş/real/test/real_test_00053.jpg,real/test/real_test_00053.jpg,real_test_00053.jpg,real,0,test,d680c0f38bd3d9ea5f88048bffc918bfbc643049914a8bd8b4539e6fcc495add,,53,0.0,SUCCESS,9e2015c826b4765c4cf364094745b17e39233523d7811b425324876addf69f35,171.0,43.0,86.56882336,0.0
/content/drive/MyDrive/AISC DeepFake Çalışmaları/Deneyler/Nazlıcan/Deney 1/Kaş/real/test/real_test_00054.jpg,real/test/real_test_00054.jpg,real_test_00054.jpg,real,0,test,d4463910938039301af49bb99fec9d3c76588749c00a698220cd8fc0cd635faf,,54,0.0,SUCCESS,f86a59bdd83a2528fd0d89d36e5124c10b7607df58ae21106d0e74a8aa7f4a3d,115.0,26.0,286.27262066,0.09375
/content/drive/MyDrive/AISC DeepFake Çalışmaları/Deneyler/Nazlıcan/Deney 1/Kaş/real/test/real_test_00055.jpg,real/test/real_test_00055.jpg,real_test_00055.jpg,real,0,test,d911c652029559f10736d8f6013a129872bcf49dd94a5cb74da3fc855e7e5348,,55,0.0,SUCCESS,8ffa28c20da2dca82bff9a204d0e42446e2642177eb5c58dc86af00b1cf5757a,240.0,86.0,19.86113732,0.0
/content/drive/MyDrive/AISC DeepFake Çalışmaları/Deneyler/Nazlıcan/Deney 1/Kaş/real/test/real_test_00056.jpg,real/test/real_test_00056.jpg,real_test_00056.jpg,real,0,test,50573e659ed0ebac8871a8d1e4d30d6ac09e534fdb2742bed7416f73061c0a0c,,56,0.0,SUCCESS,60e56352916b5cfb0bdf0ec61f6c044ff4879e7d56eff408c1e51b47d89fa59c,159.0,33.0,64.37203199,0.0
/content/drive/MyDrive/AISC DeepFake Çalışmaları/Deneyler/Nazlıcan/Deney 1/Kaş/real/test/real_test_00057.jpg,real/test/real_test_00057.jpg,real_test_00057.jpg,real,0,test,ad501c0ea733c03758addfbbdf7ebfd24a330029ecf4781fdd7ebaf833fb43a3,,57,0.0,SUCCESS,fe3aee685fdae9b7fc03772e4b92b368c44d6dcde7d35e96a95a478279170bd5,208.0,41.0,17.9425536,0.09375
/content/drive/MyDrive/AISC DeepFake Çalışmaları/Deneyler/Nazlıcan/Deney 1/Kaş/real/test/real_test_00059.jpg,real/test/real_test_00059.jpg,real_test_00059.jpg,real,0,test,b5a71b9b862601cb8edf6cf3ef592a0bb8d7043cc9d1da5310bd4d9b035d7bc1,,59,0.0,SUCCESS,ebba6e62b34793958ab958763a4fd3be9e01a0524fc0c630717902f0cd09c6be,209.0,41.0,15.93903012,0.09375
/content/drive/MyDrive/AISC DeepFake Çalışmaları/Deneyler/Nazlıcan/Deney 1/Kaş/real/test/real_test_00060.jpg,real/test/real_test_00060.jpg,real_test_00060.jpg,real,0,test,88ed1d8a22b863f4c93a56db94ad62ca3a961bf9bfcfab5ac79b381056c4b06d,,60,0.0,SUCCESS,7081c14057323b62bdcb5f1a80d34b079746d53bbf7c1a072a4f5c769e175f04,112.0,29.0,57.60421258,0.0625
/content/drive/MyDrive/AISC DeepFake Çalışmaları/Deneyler/Nazlıcan/Deney 1/Kaş/real/test/real_test_00061.jpg,real/test/real_test_00061.jpg,real_test_00061.jpg,real,0,test,57b3f45210895d74134dc48379ca49424240858650dd9fc7d0e2ce73a9ec27eb,,61,0.0,SUCCESS,28f83c08924f47e9e86661f061be6043ba5a4477a0d4c7ce4144e146250ca3df,188.0,58.0,16.80175519,0.09375
/content/drive/MyDrive/AISC DeepFake Çalışmaları/Deneyler/Nazlıcan/Deney 1/Kaş/real/test/real_test_00064.jpg,real/test/real_test_00064.jpg,real_test_00064.jpg,real,0,test,9f1f4dfd069e2bebfea08d1d628ffacf1e9254aff70cba70601ae0f5cf3106b3,,64,0.0,SUCCESS,4c0b3df45fa57d7d96c2b1077ad926b9953500d1bb2e368f3a9dbfcdc6545c83,279.0,71.0,18.73873898,0.0
/content/drive/MyDrive/AISC DeepFake Çalışmaları/Deneyler/Nazlıcan/Deney 1/Kaş/real/test/real_test_00069.jpg,real/test/real_test_00069.jpg,real_test_00069.jpg,real,0,test,4916f0ec456b3f03d760c7c72466224c2ad311c484b4970ca8c8426140e20e99,,69,0.0,SUCCESS,b9e596a8d90a1a11bedf51da851dea54b32d51892b443633def33ee81c467695,174.0,37.0,77.27035445,0.0
/content/drive/MyDrive/AISC DeepFake Çalışmaları/Deneyler/Nazlıcan/Deney 1/Kaş/real/test/real_test_00070.jpg,real/test/real_test_00070.jpg,real_test_00070.jpg,real,0,test,136eae3697548986a4d80625b8a16a571d2648e7408abec147bfcdf4617ed555,,70,0.0,SUCCESS,45f2c3d4ab1fe747a64332255513907ad3e959122ec337f7b6019a20977a1893,166.0,54.0,25.72763367,0.0625
/content/drive/MyDrive/AISC DeepFake Çalışmaları/Deneyler/Nazlıcan/Deney 1/Kaş/real/test/real_test_00071.jpg,real/test/real_test_00071.jpg,real_test_00071.jpg,real,0,test,ca4da5f3139ba3fdfc0603ba2a5f4b0bc10cb479c68e7e7226aa20f8deab2a4e,,71,0.0,SUCCESS,45e4130d091c13e66b75bc14756d8c9dfa37ce605e12b2ffee9cffb57239cf30,85.0,19.0,512.33448265,0.0
/content/drive/MyDrive/AISC DeepFake Çalışmaları/Deneyler/Nazlıcan/Deney 1/Kaş/real/test/real_test_00072.jpg,real/test/real_test_00072.jpg,real_test_00072.jpg,real,0,test,908ad0c6f6469daf32033296398d769743a32ad487091acf6c8989e0a28e2123,,72,0.0,SUCCESS,c2c5c570a084168f1684b3f82a7249828a20dea921da63665f8052b720bacdc7,414.0,110.0,14.81622616,0.0625
/content/drive/MyDrive/AISC DeepFake Çalışmaları/Deneyler/Nazlıcan/Deney 1/Kaş/real/test/real_test_00073.jpg,real/test/real_test_00073.jpg,real_test_00073.jpg,real,0,test,e72410aa2128894983a543a8bf302cf78a51fb0803ff0ef776f4568d3a741a5c,,73,0.0,SUCCESS,7f9db7ff04b18aedc7cf5efcd7a00db89b263142add3bef08ec35624ae141a52,174.0,35.0,226.98690763,0.0
/content/drive/MyDrive/AISC DeepFake Çalışmaları/Deneyler/Nazlıcan/Deney 1/Kaş/real/test/real_test_00076.jpg,real/test/real_test_00076.jpg,real_test_00076.jpg,real,0,test,4578d179cd8eecbbece2d2e5e67a5105fb78bfea7c378731d02f675f99cfd292,,76,0.0,SUCCESS,802301094aa2a3de115425caa3123b127b2c9f991de204171ea3793c42763084,95.0,25.0,523.98971674,0.09375
/content/drive/MyDrive/AISC DeepFake Çalışmaları/Deneyler/Nazlıcan/Deney 1/Kaş/real/test/real_test_00078.jpg,real/test/real_test_00078.jpg,real_test_00078.jpg,real,0,test,81f05653d664a8d55b099ea0177be5b78e22dbacea7f324b99fd3496a0d05ce6,,78,0.0,SUCCESS,fe62b4c21c2aa8f22af612e3c1ebdbe36bc7f746982f61fe5997b8ab2fbb7871,171.0,41.0,37.93939983,0.0
/content/drive/MyDrive/AISC DeepFake Çalışmaları/Deneyler/Nazlıcan/Deney 1/Kaş/real/test/real_test_00080.jpg,real/test/real_test_00080.jpg,real_test_00080.jpg,real,0,test,41b7e288b5a6ad0bf35d0c98775939a3c6b5a17eeaf48de0f669845f39c2d71a,,80,0.0,SUCCESS,e9f3678286a13793ef3b7e760b15f73b6a2e330e285ba9854429cf4ed24615ee,178.0,36.0,246.34589478,0.0
/content/drive/MyDrive/AISC DeepFake Çalışmaları/Deneyler/Nazlıcan/Deney 1/Kaş/real/test/real_test_00082.jpg,real/test/real_test_00082.jpg,real_test_00082.jpg,real,0,test,bde5547ff38847b7b3e16cddbbca41706906f38dcca4a1ded034505fb93e5933,,82,0.0,SUCCESS,dde0c56cd8af86417bab65f091d409cc7ee97c291186be0b1510017e343c8703,112.0,30.0,52.40382618,0.0
/content/drive/MyDrive/AISC DeepFake Çalışmaları/Deneyler/Nazlıcan/Deney 1/Kaş/real/test/real_test_00083.jpg,real/test/real_test_00083.jpg,real_test_00083.jpg,real,0,test,552df17cc48d20becf34ce6caa62a2661555274a9f912520623bd7281ed8a742,,83,0.0,SUCCESS,370e05fb50d52d87038703556db0eeda96aed3252178dc9fba3c1bdd7541cd86,97.0,22.0,174.32451192,0.0
/content/drive/MyDrive/AISC DeepFake Çalışmaları/Deneyler/Nazlıcan/Deney 1/Kaş/real/test/real_test_00085.jpg,real/test/real_test_00085.jpg,real_test_00085.jpg,real,0,test,b37ba538afa062380779ac4d3b9ffedcd50d704bc106be50e62832b07c6b9916,,85,0.0,SUCCESS,de1dd0e51715c8b13aa3b1451d30adb1ba87b674f5863cba451d1d07abf5391a,416.0,118.0,17.67194716,0.0
/content/drive/MyDrive/AISC DeepFake Çalışmaları/Deneyler/Nazlıcan/Deney 1/Kaş/real/test/real_test_00086.jpg,real/test/real_test_00086.jpg,real_test_00086.jpg,real,0,test,4235938808fb2d4eecd1bdff26ff1f3c9d60323d3b6ad6f375b6b9bbe9c04f0b,,86,0.0,SUCCESS,44485d5803f6c7e6ce4b9b0079d1ffde64f833cbbfb6b67aadce74689865b0c6,176.0,37.0,8.87530729,0.0
/content/drive/MyDrive/AISC DeepFake Çalışmaları/Deneyler/Nazlıcan/Deney 1/Kaş/real/test/real_test_00087.jpg,real/test/real_test_00087.jpg,real_test_00087.jpg,real,0,test,2362093b8bbdda4729b94e04e5c8da925e6f5f57aa8631b20cce10f7bd51a8cf,,87,0.0,SUCCESS,dcb8f75ae3c85239c379ae011770674c4facdd9f14976fcfb00c29355d4f8443,162.0,36.0,111.21500761,0.125
/content/drive/MyDrive/AISC DeepFake Çalışmaları/Deneyler/Nazlıcan/Deney 1/Kaş/real/test/real_test_00088.jpg,real/test/real_test_00088.jpg,real_test_00088.jpg,real,0,test,7a00bc19abe713511409cdc9e8431b0c16a79a84bc653ac48a9428662939bb32,,88,0.0,SUCCESS,961f60f8aa6abdfca274f212cb456fc5d18e067e25441dd8ea299abb5b8abd25,71.0,14.0,302.13349716,0.0
/content/drive/MyDrive/AISC DeepFake Çalışmaları/Deneyler/Nazlıcan/Deney 1/Kaş/real/test/real_test_00089.jpg,real/test/real_test_00089.jpg,real_test_00089.jpg,real,0,test,8fd043aa92952f2b20bcb95e406378ae728c7cedc38e9738bfe9f1f784005396,,89,0.0,SUCCESS,61c1362ff557fc7929b3f6852dd42dc80b8a6e3e03d4c5664f029b2409615b2c,151.0,40.0,26.57216874,0.03125
/content/drive/MyDrive/AISC DeepFake Çalışmaları/Deneyler/Nazlıcan/Deney 1/Kaş/real/test/real_test_00090.jpg,real/test/real_test_00090.jpg,real_test_00090.jpg,real,0,test,b2b68d8b3054bc0a05b9231d13c00da04687fbc1eb6d3c5b36391aecf985db00,,90,0.0,SUCCESS,1f8a62d7069aeb301651dd8c2d42265eb3adad179231779a64cf99363d98d41f,411.0,107.0,13.52058879,0.0
/content/drive/MyDrive/AISC DeepFake Çalışmaları/Deneyler/Nazlıcan/Deney 1/Kaş/real/test/real_test_00091.jpg,real/test/real_test_00091.jpg,real_test_00091.jpg,real,0,test,8bb48135c76e1f3baa4fb3d983bfe80c12f46a0f5a218a4bbac13490391a11a5,,91,0.0,SUCCESS,8ef7c491341629976567a04594abeda0fe8b52800f20340167877d111f8a6ac6,227.0,54.0,23.92396419,0.0625
/content/drive/MyDrive/AISC DeepFake Çalışmaları/Deneyler/Nazlıcan/Deney 1/Kaş/real/test/real_test_00096.jpg,real/test/real_test_00096.jpg,real_test_00096.jpg,real,0,test,bf4169048bbb49948f0b15057090da6d96e5bc32d2b48daff67c53b58fe1ffa3,,96,0.0,SUCCESS,e42beced0bd08759ffc58edbaff54c5fb5dec757fd3e3716ebb089160a7743e6,116.0,31.0,145.01444226,0.125
/content/drive/MyDrive/AISC DeepFake Çalışmaları/Deneyler/Nazlıcan/Deney 1/Kaş/real/test/real_test_00097.jpg,real/test/real_test_00097.jpg,real_test_00097.jpg,real,0,test,63e636f59961881480d5a2fe38129ca57951167cda801f3fe66083c86dac39b8,,97,0.0,SUCCESS,cedd77a29d8ec6081a99b59ff7bf8930db15346d6f41fce7434cc640a3169c16,161.0,58.0,103.37596937,0.125
/content/drive/MyDrive/AISC DeepFake Çalışmaları/Deneyler/Nazlıcan/Deney 1/Kaş/real/test/real_test_00098.jpg,real/test/real_test_00098.jpg,real_test_00098.jpg,real,0,test,6068d995fda3a74bfabfe36be1ce9ab6feeefc56d98b100743ba24b2e03a8d68,,98,0.0,SUCCESS,265c1a0e5906b34e31f0e772ed3ba46511ab7e5ce0c6307b581a6a51a1a94b86,144.0,33.0,69.30331084,0.09375
/content/drive/MyDrive/AISC DeepFake Çalışmaları/Deneyler/Nazlıcan/Deney 1/Kaş/real/test/real_test_00099.jpg,real/test/real_test_00099.jpg,real_test_00099.jpg,real,0,test,9048a2637babe9b1e59db01901a3f0ed5cbbe0df9eb6ebb6128be8d1ab3ec59b,,99,0.0,SUCCESS,035f084b9370a8ed1129354789d027855cec3f8822c6d60a76c6f703f8d8ba18,169.0,47.0,64.03939751,0.09375
/content/drive/MyDrive/AISC DeepFake Çalışmaları/Deneyler/Nazlıcan/Deney 1/Kaş/real/test/real_test_00101.jpg,real/test/real_test_00101.jpg,real_test_00101.jpg,real,0,test,fc98d2197f98e2342ba1605699c4c0ab4703e2a7a6e5dddec32787d736715512,,101,0.0,SUCCESS,1913e8703cecf030101b17e784f702772be89d6b910501123af5edb751ccbc4e,86.0,19.0,66.13308871,0.0
/content/drive/MyDrive/AISC DeepFake Çalışmaları/Deneyler/Nazlıcan/Deney 1/Kaş/real/test/real_test_00102.jpg,real/test/real_test_00102.jpg,real_test_00102.jpg,real,0,test,cc88e5fc85f858073bd4bc9f587a0b05d6e905092d053a30294affc4e103940d,,102,0.0,SUCCESS,6a6f99aa83fe783748fcc1fa3b89f5a519dc29d43e9ab4fb48ddf6f49b0be1be,205.0,51.0,51.9333948,0.09375
/content/drive/MyDrive/AISC DeepFake Çalışmaları/Deneyler/Nazlıcan/Deney 1/Kaş/real/test/real_test_00103.jpg,real/test/real_test_00103.jpg,real_test_00103.jpg,real,0,test,dc881bc9686645f8ddd1343d4c843a96ff7d15f05ea54f49431f47635a8b9669,,103,0.0,SUCCESS,5784d4a51bfaf6575621da66a3bdb24a944ce29b56f9b1da1fbea4d11f4c0ce9,108.0,21.0,255.13980727,0.0
/content/drive/MyDrive/AISC DeepFake Çalışmaları/Deneyler/Nazlıcan/Deney 1/Kaş/real/test/real_test_00104.jpg,real/test/real_test_00104.jpg,real_test_00104.jpg,real,0,test,51881f10513b6010c8cf4704730fd4d1ac142953c81dc15e7846b1657a7933ec,,104,0.0,SUCCESS,b4964855a8862e3fa7b067bca7b790be04bc1932840e7b4bb6a2f029c2964fd9,401.0,85.0,17.16005266,0.0
/content/drive/MyDrive/AISC DeepFake Çalışmaları/Deneyler/Nazlıcan/Deney 1/Kaş/real/test/real_test_00105.jpg,real/test/real_test_00105.jpg,real_test_00105.jpg,real,0,test,940f928d3c04a3f4ec7f14d888340df6b88de7e156492ec8c83a92d3e765f3a2,,105,0.0,SUCCESS,4cb9272e09a00cd865559685f7ef2b10f452555cb225fc09b41e2fd66aea9329,156.0,45.0,57.98951875,0.0
/content/drive/MyDrive/AISC DeepFake Çalışmaları/Deneyler/Nazlıcan/Deney 1/Kaş/real/test/real_test_00106.jpg,real/test/real_test_00106.jpg,real_test_00106.jpg,real,0,test,57f304d0143b61bb6e1ebba4bce3ad45880e3f16bebae5ede690b629d8196173,,106,0.0,SUCCESS,55048e94a4e2f5c08d82a58907ca4ff8f130c7b68a2ac254147a4c5a74929076,86.0,20.0,254.32479178,0.0
/content/drive/MyDrive/AISC DeepFake Çalışmaları/Deneyler/Nazlıcan/Deney 1/Kaş/real/test/real_test_00107.jpg,real/test/real_test_00107.jpg,real_test_00107.jpg,real,0,test,27719b63f460fa42d5835eb82b283082101582431008fef435f10d9706a918cf,,107,0.0,SUCCESS,125775698abdc3eb1dc829f9d964da964593d3fa5cf2cd35cdcb10a712e65f6e,124.0,37.0,79.36280954,0.125
/content/drive/MyDrive/AISC DeepFake Çalışmaları/Deneyler/Nazlıcan/Deney 1/Kaş/real/test/real_test_00108.jpg,real/test/real_test_00108.jpg,real_test_00108.jpg,real,0,test,bfa0113ee8775ac41bc46739b4985717d19aec3af2a596736b12e4acf3e36fb9,,108,0.0,SUCCESS,c60160f4f5780527c52f9078a5504801f3434f499081b5eeee2944d27de5c9bf,76.0,23.0,172.41650575,0.0
/content/drive/MyDrive/AISC DeepFake Çalışmaları/Deneyler/Nazlıcan/Deney 1/Kaş/real/test/real_test_00110.jpg,real/test/real_test_00110.jpg,real_test_00110.jpg,real,0,test,9824214b002dedc57409792b2e6c9417f53653c23c67f14e0cc3a447089c3424,,110,0.0,SUCCESS,9a0e22ad9c2ce8133860e418ea1c08341a50dbaad0820c2611e9d18614c8e711,98.0,26.0,277.27783958,0.09375
/content/drive/MyDrive/AISC DeepFake Çalışmaları/Deneyler/Nazlıcan/Deney 1/Kaş/real/test/real_test_00111.jpg,real/test/real_test_00111.jpg,real_test_00111.jpg,real,0,test,46674c89ed774af3c2e28c5baf15758726c7994b6fb5b0ef6d5db0f1541f5ccc,,111,0.0,SUCCESS,61a3db7b19e2f3d3154652f52c9817eeadfd98b291e2a69937083bf27a4fb14e,75.0,27.0,144.61835062,0.0
/content/drive/MyDrive/AISC DeepFake Çalışmaları/Deneyler/Nazlıcan/Deney 1/Kaş/real/test/real_test_00114.jpg,real/test/real_test_00114.jpg,real_test_00114.jpg,real,0,test,74f88d5bedbc1379ed668e07665adf61e14eef362ad5c1b9041e4eef84e51021,,114,0.0,SUCCESS,22b414e78cff77be2b7786802319ea03fbac95c46a90f4745ce8f39a28ad7832,223.0,62.0,24.72841312,0.0
/content/drive/MyDrive/AISC DeepFake Çalışmaları/Deneyler/Nazlıcan/Deney 1/Kaş/real/test/real_test_00115.jpg,real/test/real_test_00115.jpg,real_test_00115.jpg,real,0,test,c744616ad217e11930a74cea237b0fa9e2a1f2b74a014ea7707933e8f66d6485,,115,0.0,SUCCESS,ecedf3b6fca84bf11b53d0cc4b7dd803c40849edeea7813a8e393937c28b75b0,108.0,26.0,82.5594009,0.09375
/content/drive/MyDrive/AISC DeepFake Çalışmaları/Deneyler/Nazlıcan/Deney 1/Kaş/real/test/real_test_00117.jpg,real/test/real_test_00117.jpg,real_test_00117.jpg,real,0,test,43f5f8d16fe33ebcf3696ffe430a1cc4a1e8fea6fc20bb9ad9acaa2504dab155,,117,0.0,SUCCESS,1f27f1a4918f43232763d32a62e635e17c018cee90debac064e867ddb05fb7c7,323.0,110.0,11.51158156,0.0
/content/drive/MyDrive/AISC DeepFake Çalışmaları/Deneyler/Nazlıcan/Deney 1/Kaş/real/test/real_test_00119.jpg,real/test/real_test_00119.jpg,real_test_00119.jpg,real,0,test,4a37a39116bad2d915f8f41b7726813fa3e294130b63b7e0cbfa685911bf56c3,,119,0.0,SUCCESS,dc13d35914ed73e27f30dc66ac0b7a206d2c5ae61df0c960f0df9ee84a900583,107.0,27.0,149.23807699,0.0
/content/drive/MyDrive/AISC DeepFake Çalışmaları/Deneyler/Nazlıcan/Deney 1/Kaş/real/test/real_test_00120.jpg,real/test/real_test_00120.jpg,real_test_00120.jpg,real,0,test,3601936a1662e0ac4ca109b483c4ace3c26c9c436a391067ac3bc7770f8bee59,,120,0.0,SUCCESS,b1f46c32c511d1b2250c81acce7b7ae9f517c78501467dc8f9f4e270a17c5784,116.0,25.0,206.54868014,0.0
/content/drive/MyDrive/AISC DeepFake Çalışmaları/Deneyler/Nazlıcan/Deney 1/Kaş/real/test/real_test_00121.jpg,real/test/real_test_00121.jpg,real_test_00121.jpg,real,0,test,c6f9382d6bb6d34e66fb4c664ff45496980fa64d957625382187f81f0c291d0b,,121,0.0,SUCCESS,41f314ef3959c01a8c25feaa76de6764736e8886871facdf8695d3609c2d5170,402.0,86.0,5.80017623,0.0
/content/drive/MyDrive/AISC DeepFake Çalışmaları/Deneyler/Nazlıcan/Deney 1/Kaş/real/test/real_test_00122.jpg,real/test/real_test_00122.jpg,real_test_00122.jpg,real,0,test,c9076c1d8e551deec0795703842f2acb8048cbb27d64f26fe23893379e4be796,,122,0.0,SUCCESS,ec4b602d27cea9ba7176ebdc4227315a81d6c40034871f40dde92ea466992893,173.0,52.0,63.79343424,0.09375
/content/drive/MyDrive/AISC DeepFake Çalışmaları/Deneyler/Nazlıcan/Deney 1/Kaş/real/test/real_test_00123.jpg,real/test/real_test_00123.jpg,real_test_00123.jpg,real,0,test,02dad0a97d08e099fdeca07451f0b9985c6095fe7037420579bce4bf1e38b217,,123,0.0,SUCCESS,a659d00a6fe002fa4417d5b542bf087a333b6b875da9f614d4bb71c8b3e15e95,201.0,49.0,44.07013255,0.0
/content/drive/MyDrive/AISC DeepFake Çalışmaları/Deneyler/Nazlıcan/Deney 1/Kaş/real/test/real_test_00125.jpg,real/test/real_test_00125.jpg,real_test_00125.jpg,real,0,test,4e7affe190e9ab2229376f2857ad1cb50e33d692dfd4a4fd16825f4b191f1302,,125,0.0,SUCCESS,7d0cc5f3dfe24b6f40bf69396a4a1f206eb060da0974ed9e6c8fbd5877f99f92,125.0,39.0,145.77338,0.09375
/content/drive/MyDrive/AISC DeepFake Çalışmaları/Deneyler/Nazlıcan/Deney 1/Kaş/real/test/real_test_00126.jpg,real/test/real_test_00126.jpg,real_test_00126.jpg,real,0,test,e918965e0e8ef27bb982c9629e212ec06f2bc4c5f13eb3ca75087d4048ab3818,,126,0.0,SUCCESS,418ccd4c49b905ed7729dcb2d832b00be619876fd50aa07b2385ff28af87c589,79.0,18.0,169.23868692,0.0
/content/drive/MyDrive/AISC DeepFake Çalışmaları/Deneyler/Nazlıcan/Deney 1/Kaş/real/test/real_test_00127.jpg,real/test/real_test_00127.jpg,real_test_00127.jpg,real,0,test,51efcd6da49649b1e66a42398aeae0be8cc0a2aa99db8b55a35289571e97dd5f,,127,0.0,SUCCESS,83a9c9de6593c3590ebfe7110a19d695bff71971d9b2b824f52d6498ee3469f1,211.0,42.0,15.55735878,0.0
/content/drive/MyDrive/AISC DeepFake Çalışmaları/Deneyler/Nazlıcan/Deney 1/Kaş/real/test/real_test_00128.jpg,real/test/real_test_00128.jpg,real_test_00128.jpg,real,0,test,b43b0bbaac6d6eae2057fc712aafbbe6ab5a03d6da500f32f6844090fbd721ab,,128,0.0,SUCCESS,fa8714da30b4bea1bb28d6dccf13bdd91a76ec77322b5fea952490e320061c68,161.0,34.0,53.97131276,0.0
/content/drive/MyDrive/AISC DeepFake Çalışmaları/Deneyler/Nazlıcan/Deney 1/Kaş/real/test/real_test_00129.jpg,real/test/real_test_00129.jpg,real_test_00129.jpg,real,0,test,20c159c242d46e2db443194d9dfd1276735d012e00d3a76d8fc59c8e5c1a3ef4,,129,0.0,SUCCESS,2f798e61f999356e46733b06a79f2ce79674fb83897d4248c46928139fe81cc2,90.0,28.0,240.78366953,0.09375
/content/drive/MyDrive/AISC DeepFake Çalışmaları/Deneyler/Nazlıcan/Deney 1/Kaş/real/test/real_test_00130.jpg,real/test/real_test_00130.jpg,real_test_00130.jpg,real,0,test,798a64f034eaab3ea28a9954cb75959f1d9a229de20aa98c0c03ff4f11c92cc3,,130,0.0,SUCCESS,b4bd099df44bc0455b3e9edd4489e7e5bb9e5a4f0226c88ec806f55bfacb028c,70.0,14.0,208.37877551,0.09375
/content/drive/MyDrive/AISC DeepFake Çalışmaları/Deneyler/Nazlıcan/Deney 1/Kaş/real/test/real_test_00132.jpg,real/test/real_test_00132.jpg,real_test_00132.jpg,real,0,test,b98c15efbfade4a6d1039da0f1eb6c26767ac94b8ad2a61ba42785162761649d,,132,0.0,SUCCESS,59fda9dd7ebff7d6eb360435662b2b397297c8ea7756a485ad1e7c9d04ef77e4,74.0,30.0,181.70360279,0.125
/content/drive/MyDrive/AISC DeepFake Çalışmaları/Deneyler/Nazlıcan/Deney 1/Kaş/real/test/real_test_00133.jpg,real/test/real_test_00133.jpg,real_test_00133.jpg,real,0,test,67e7438305b6cc1962d7c96934d1f2a75e55ab1fdfe4a1db6a9a07c9c9574381,,133,0.0,SUCCESS,bf07b522b2d885f7487f2dca37aa7b49071152b8a2db0da45bcc1496425fbf70,382.0,89.0,24.09389625,0.0
/content/drive/MyDrive/AISC DeepFake Çalışmaları/Deneyler/Nazlıcan/Deney 1/Kaş/real/test/real_test_00134.jpg,real/test/real_test_00134.jpg,real_test_00134.jpg,real,0,test,2cfb6bdeefcda1cf47b2ba2f6ea7c01588dc778aa136772e0b091e9e5416bc1d,,134,0.0,SUCCESS,9c8480e7ab50b197525e82c3a68cd26c0912b4d218c6ff3bd04ddc948ce388c3,226.0,59.0,19.50889249,0.0
/content/drive/MyDrive/AISC DeepFake Çalışmaları/Deneyler/Nazlıcan/Deney 1/Kaş/real/test/real_test_00137.jpg,real/test/real_test_00137.jpg,real_test_00137.jpg,real,0,test,41e308a955bee2f778c26e498805f5b0b1c08f3bc009e96840a3c733e0e0a302,,137,0.0,SUCCESS,f271695c46dc3be8912d79779209a3872ac3ef8c36a5589cb05aa87045692e2f,122.0,24.0,41.11506938,0.0
/content/drive/MyDrive/AISC DeepFake Çalışmaları/Deneyler/Nazlıcan/Deney 1/Kaş/real/test/real_test_00138.jpg,real/test/real_test_00138.jpg,real_test_00138.jpg,real,0,test,3e45dacffc10a09047fa8cbd13fc9b8b48d781ab2fcea20ec2e561fc3f275813,,138,0.0,SUCCESS,029d55407027fc8e455d72a8bc9cd636365a9da18648cc776c8d42bd36b266f4,106.0,29.0,155.50919448,0.0
/content/drive/MyDrive/AISC DeepFake Çalışmaları/Deneyler/Nazlıcan/Deney 1/Kaş/real/test/real_test_00139.jpg,real/test/real_test_00139.jpg,real_test_00139.jpg,real,0,test,54f4561f595ba3d200ea69d9b3d7b0aa17dc603c529d500f77c622ba53bbf76e,,139,0.0,SUCCESS,6d50961a1836987e166455f3ad04f10a4d6ba51c2ea04b4a0bb1befd2bf13809,158.0,30.0,26.89864921,0.03125
/content/drive/MyDrive/AISC DeepFake Çalışmaları/Deneyler/Nazlıcan/Deney 1/Kaş/real/test/real_test_00140.jpg,real/test/real_test_00140.jpg,real_test_00140.jpg,real,0,test,a7b2ec0c69ba30eb457b55c407a5b46ec9c85cdd754a83f77c27877785db16d1,,140,0.0,SUCCESS,ae1ccceae426bd6bdd6b793070ce159c14b4b709c55781efbd4297a34a950b86,71.0,17.0,139.65578176,0.09375
/content/drive/MyDrive/AISC DeepFake Çalışmaları/Deneyler/Nazlıcan/Deney 1/Kaş/real/test/real_test_00141.jpg,real/test/real_test_00141.jpg,real_test_00141.jpg,real,0,test,d620a399f16fa241e337cd84c6f06fe5c6298e79fd98d178af1d8e5d8dda93d9,,141,0.0,SUCCESS,2f9651aab731cf7cb936519f780fd0efe01d95239df4a08bebe4ade3be668710,127.0,25.0,160.43410047,0.0
/content/drive/MyDrive/AISC DeepFake Çalışmaları/Deneyler/Nazlıcan/Deney 1/Kaş/real/test/real_test_00142.jpg,real/test/real_test_00142.jpg,real_test_00142.jpg,real,0,test,a2d200ec01a0202d0558262457575596a46b371115feb34e21db79f8cc2f6876,,142,0.0,SUCCESS,34b8e7b64c74d6a5f420e802c9112ff755bf1c2293274d9745d23bb4b362210c,82.0,28.0,282.99411414,0.09375
/content/drive/MyDrive/AISC DeepFake Çalışmaları/Deneyler/Nazlıcan/Deney 1/Kaş/real/test/real_test_00143.jpg,real/test/real_test_00143.jpg,real_test_00143.jpg,real,0,test,4793a39b17357340ba324d32197f2bc371b57972d3d3998fbaf73fe03ae93c00,,143,0.0,SUCCESS,c366e205f2e53fa5bf60977f5e58564db45f9b620b3ccf7a59acbc94ce399c5e,126.0,29.0,30.25948882,0.09375
/content/drive/MyDrive/AISC DeepFake Çalışmaları/Deneyler/Nazlıcan/Deney 1/Kaş/real/test/real_test_00144.jpg,real/test/real_test_00144.jpg,real_test_00144.jpg,real,0,test,573484a82ae071c715106e5cf1fe8bd9e19a21b9d4f385b0f1aa5fd3c058ed6d,,144,0.0,SUCCESS,b8708bd1b13db7a4a981b4e8d2239051beb451af1df248930dea7e85ab44a4a9,332.0,64.0,13.87337313,0.0
/content/drive/MyDrive/AISC DeepFake Çalışmaları/Deneyler/Nazlıcan/Deney 1/Kaş/real/test/real_test_00145.jpg,real/test/real_test_00145.jpg,real_test_00145.jpg,real,0,test,38eb87afeb694c0a3fbb22d71dab8b31518d9cc547fc287347e19ad3333071df,,145,0.0,SUCCESS,bad5a8e1dcc326608a6403cdc22840540f8392c3b8e958aa866b30171d7b6878,200.0,50.0,37.75104399,0.03125
/content/drive/MyDrive/AISC DeepFake Çalışmaları/Deneyler/Nazlıcan/Deney 1/Kaş/real/test/real_test_00146.jpg,real/test/real_test_00146.jpg,real_test_00146.jpg,real,0,test,e84250729c44165fd195840e01c11b2c1897e20d1ead1fee4c46dab2dad6473c,,146,0.0,SUCCESS,02ecbdaa9f942a44bb521248b73fb6426205f35b9436bf7e6fd2cdf4dc8b0858,174.0,41.0,194.98807137,0.0
/content/drive/MyDrive/AISC DeepFake Çalışmaları/Deneyler/Nazlıcan/Deney 1/Kaş/real/test/real_test_00147.jpg,real/test/real_test_00147.jpg,real_test_00147.jpg,real,0,test,f7097f1dfd382e8ba4764c1c77fe48e5f07254969de376f28cfe1c16f8293455,,147,0.0,SUCCESS,8c9457752dc4034d7fbfffef918008245c5015ca09dec33a5a7ed681b18d66e4,214.0,56.0,10.9727781,0.03125
/content/drive/MyDrive/AISC DeepFake Çalışmaları/Deneyler/Nazlıcan/Deney 1/Kaş/real/test/real_test_00149.jpg,real/test/real_test_00149.jpg,real_test_00149.jpg,real,0,test,aa7e3714af14200e8f7e5939fa680c30dae81c60f0c9c41a0f2c4c6142098a36,,149,0.0,SUCCESS,6ab95a2508dcaedf6de6bd157961c6feb5cfad11fc079b1a3e055f823a75f41a,395.0,99.0,4.85043915,0.0
/content/drive/MyDrive/AISC DeepFake Çalışmaları/Deneyler/Nazlıcan/Deney 1/Kaş/fake/train/fake_train_00003.jpg,fake/train/fake_train_00003.jpg,fake_train_00003.jpg,fake,1,train,b6a9ab130271b83318b198f631360d8f7c283e69f247fd2a2c9de49aed0516cc,,3,0.0,SUCCESS,9cb0037e0b3b1afcf47b8bf6ef0babcd241a377ac2689840ff36fd4ec75ba4a8,150.0,40.0,35.30435289,0.0
/content/drive/MyDrive/AISC DeepFake Çalışmaları/Deneyler/Nazlıcan/Deney 1/Kaş/fake/train/fake_train_00004.jpg,fake/train/fake_train_00004.jpg,fake_train_00004.jpg,fake,1,train,e3a1f92250c7502693120c1cf177e16377d7aae258290b689a887016ab1fda94,,4,0.0,SUCCESS,6aefe1716fce99e6e5a5c7e5eb66d6fa12f10e500c2596b31aaa78f9e40afe99,166.0,39.0,28.06933234,0.0
/content/drive/MyDrive/AISC DeepFake Çalışmaları/Deneyler/Nazlıcan/Deney 1/Kaş/fake/train/fake_train_00005.jpg,fake/train/fake_train_00005.jpg,fake_train_00005.jpg,fake,1,train,fd351d55908ebbe9e48436482594c0018b64b9b688377752fd1f3a9393ae7503,,5,0.0,SUCCESS,cceafdf75a8bfcf86392d515795edaf75e136002b4f26bf9f4bbd0eacde8cb85,110.0,22.0,93.03383717,0.0
/content/drive/MyDrive/AISC DeepFake Çalışmaları/Deneyler/Nazlıcan/Deney 1/Kaş/fake/train/fake_train_00009.jpg,fake/train/fake_train_00009.jpg,fake_train_00009.jpg,fake,1,train,de292f1b92a967325a3b6a17294c8e0e9b5ca0b8188fe08a6149692ac30aff9f,,9,0.0,SUCCESS,f16942fd6c8d38e8883e889ceb44dfa598943925b7880f1a365dbae9b6f982b8,102.0,30.0,170.95234429,0.0
/content/drive/MyDrive/AISC DeepFake Çalışmaları/Deneyler/Nazlıcan/Deney 1/Kaş/fake/train/fake_train_00011.jpg,fake/train/fake_train_00011.jpg,fake_train_00011.jpg,fake,1,train,c8767e305b01b9c7f0ba63bf70cf2fc4e339b94126d024e501ae6a7e288ad20c,,11,0.0,SUCCESS,3ffc24bc2f9bc608410ae005762894d6f40b8b5244a6c933570d91de6b94dc67,113.0,33.0,119.09182355,0.0
/content/drive/MyDrive/AISC DeepFake Çalışmaları/Deneyler/Nazlıcan/Deney 1/Kaş/fake/train/fake_train_00012.jpg,fake/train/fake_train_00012.jpg,fake_train_00012.jpg,fake,1,train,1ec443f27ba4b46d4537025681868a3d897d8faddfa313278d26eb2276e9c9b8,,12,0.0,SUCCESS,d4ad20c52ba8fdf1605ae89f6e67ebe98e3a5917f2d79e14c5a16a347f1e2031,186.0,46.0,11.48386026,0.09375
/content/drive/MyDrive/AISC DeepFake Çalışmaları/Deneyler/Nazlıcan/Deney 1/Kaş/fake/train/fake_train_00013.jpg,fake/train/fake_train_00013.jpg,fake_train_00013.jpg,fake,1,train,90d5312a7b1e0294945df919e1bff69435ca5ada28004ab18ee2633cf9fc7022,,13,0.0,SUCCESS,f0ca37387dba9477d18c99d930e740b96b3884d894e9f984f290f8cb3dab80ab,421.0,139.0,8.29761228,0.09375
/content/drive/MyDrive/AISC DeepFake Çalışmaları/Deneyler/Nazlıcan/Deney 1/Kaş/fake/train/fake_train_00014.jpg,fake/train/fake_train_00014.jpg,fake_train_00014.jpg,fake,1,train,03b7e6f06ea86b1777d7d711fb39fc4b9bea77903380d091592b986d5ba0d9f5,,14,0.0,SUCCESS,ca03512af0afb1ae719a93955a52a93c55e5fb7c55a51c7ef23a193c0ab0c527,173.0,50.0,26.23906638,0.0
/content/drive/MyDrive/AISC DeepFake Çalışmaları/Deneyler/Nazlıcan/Deney 1/Kaş/fake/train/fake_train_00016.jpg,fake/train/fake_train_00016.jpg,fake_train_00016.jpg,fake,1,train,580817dfee828a3a8a903695c8e38290842f1b12b08b48d39ca7560ac3a5967a,,16,0.0,SUCCESS,fd3c5e57c25648fff2771f8d2d96b7485ecbd6c5f46255ba6e07877c7698c0bd,104.0,24.0,88.17975427,0.0
/content/drive/MyDrive/AISC DeepFake Çalışmaları/Deneyler/Nazlıcan/Deney 1/Kaş/fake/train/fake_train_00018.jpg,fake/train/fake_train_00018.jpg,fake_train_00018.jpg,fake,1,train,b4224b6159652b1dc9b9b221c30c48456f1c59b82b366aec31a645b83f7eec0c,,18,0.0,SUCCESS,a3e49f2aaa7855fd6778b14815c82c05b802787b4d0e5a19345884262ae86279,103.0,29.0,97.47862924,0.15625
/content/drive/MyDrive/AISC DeepFake Çalışmaları/Deneyler/Nazlıcan/Deney 1/Kaş/fake/train/fake_train_00021.jpg,fake/train/fake_train_00021.jpg,fake_train_00021.jpg,fake,1,train,fe64e5a1a15a78e3444ad0683866b3a6b402fe2a6dd76e7073c7580ea716da6e,,21,0.0,SUCCESS,c1a0ba18064927c67681f0d2dc61aa4de1aa04984655cde10bedd3dd36fd301c,92.0,18.0,125.01198066,0.0
/content/drive/MyDrive/AISC DeepFake Çalışmaları/Deneyler/Nazlıcan/Deney 1/Kaş/fake/train/fake_train_00023.jpg,fake/train/fake_train_00023.jpg,fake_train_00023.jpg,fake,1,train,a3cb131d2308919c5b5a46accdd3df38a6a4939641d103516d0a95825d88f4ff,,23,0.0,SUCCESS,3c93bf92e136b8537022e5aaa96e862b44b328290d0f3f378414dbe4a2ad7d14,245.0,59.0,20.42407612,0.0
/content/drive/MyDrive/AISC DeepFake Çalışmaları/Deneyler/Nazlıcan/Deney 1/Kaş/fake/train/fake_train_00024.jpg,fake/train/fake_train_00024.jpg,fake_train_00024.jpg,fake,1,train,fb7a66d8ac4f3be90e67fd10ad393bd71d6d30e640d0df7e17557c46ab0f6f54,,24,0.0,SUCCESS,119f715e20e2c0cc036e088d4212b660fc736e3a8d2f21297a805e1fa64426b0,162.0,51.0,47.33759478,0.0
/content/drive/MyDrive/AISC DeepFake Çalışmaları/Deneyler/Nazlıcan/Deney 1/Kaş/fake/train/fake_train_00025.jpg,fake/train/fake_train_00025.jpg,fake_train_00025.jpg,fake,1,train,d3e058b9703f43ba935d76136bd80d3a74339ad4056f7b8e62732a4f99cccf0f,,25,0.0,SUCCESS,75512a858d52681f46ff3c9332d33fd2c1240fa3f8fe6bc325b3c537593a20fb,124.0,26.0,32.94190131,0.0
/content/drive/MyDrive/AISC DeepFake Çalışmaları/Deneyler/Nazlıcan/Deney 1/Kaş/fake/train/fake_train_00026.jpg,fake/train/fake_train_00026.jpg,fake_train_00026.jpg,fake,1,train,e1ff34c405b4926df63b195cbbaecd63b3fa76ed0296414940a0c73ead4d65ad,,26,0.0,SUCCESS,f7031211b4cea95ca82584bbfc90a3439fa0416060950bdee24ef56b5e759eb0,126.0,25.0,72.79013112,0.0
/content/drive/MyDrive/AISC DeepFake Çalışmaları/Deneyler/Nazlıcan/Deney 1/Kaş/fake/train/fake_train_00027.jpg,fake/train/fake_train_00027.jpg,fake_train_00027.jpg,fake,1,train,34d3267fffa48350dd4303b97bc719da93cb6b27a94e7e6170846e2074c6217a,,27,0.0,SUCCESS,86602fc5315ee653ab488e7f4129f121e39083fb23eb4c7451057fb685970503,74.0,28.0,165.20238755,0.1875
/content/drive/MyDrive/AISC DeepFake Çalışmaları/Deneyler/Nazlıcan/Deney 1/Kaş/fake/train/fake_train_00032.jpg,fake/train/fake_train_00032.jpg,fake_train_00032.jpg,fake,1,train,821d5429364e44034603d43618af71aca348334e01f5be349bc4fa2fbe5449ac,,32,0.0,SUCCESS,d334453ffffae824a370447e2c2f6e9c4968da17779fd396a077d6c373a7ee47,82.0,19.0,419.11992804,0.0
/content/drive/MyDrive/AISC DeepFake Çalışmaları/Deneyler/Nazlıcan/Deney 1/Kaş/fake/train/fake_train_00034.jpg,fake/train/fake_train_00034.jpg,fake_train_00034.jpg,fake,1,train,a8b5ae7a31c212a5222031ec61abd016da2295cd3e3cfe20fbdb4e1f695e6f26,,34,0.0,SUCCESS,2551d79b610dad895f634e4bd69ae90ecd446b22221ba998a4b74d7297fabf0d,288.0,92.0,13.76381614,0.09375
/content/drive/MyDrive/AISC DeepFake Çalışmaları/Deneyler/Nazlıcan/Deney 1/Kaş/fake/train/fake_train_00035.jpg,fake/train/fake_train_00035.jpg,fake_train_00035.jpg,fake,1,train,e9858e1273cabf7d3ae365b343b72277651e50ad5ba78ec985c78e80b1b900c5,,35,0.0,SUCCESS,31cd1997cf0d2157cc20643677f7f6834fd194d3fabff02aa10f8401487925ae,408.0,96.0,5.22599296,0.0625
/content/drive/MyDrive/AISC DeepFake Çalışmaları/Deneyler/Nazlıcan/Deney 1/Kaş/fake/train/fake_train_00037.jpg,fake/train/fake_train_00037.jpg,fake_train_00037.jpg,fake,1,train,1033b21219180b6641a6ff049ee25e54bee2e1d09086ed1b75cd4a7828cbd840,,37,0.0,SUCCESS,44261840323a45835382549825701d20598869f2e9571b1c74e7a7b61b18f8cd,205.0,46.0,60.87849968,0.0
/content/drive/MyDrive/AISC DeepFake Çalışmaları/Deneyler/Nazlıcan/Deney 1/Kaş/fake/train/fake_train_00038.jpg,fake/train/fake_train_00038.jpg,fake_train_00038.jpg,fake,1,train,24a7cdc327df1efecdfc71f90fd8ad518c593a2a1cefe780817ea82cdbd03f89,,38,0.0,SUCCESS,f14c36a2eda069e1db4c69f7ca25a3b1ebda9ba8f5eef1f54b5e08260b6ac96f,249.0,64.0,36.69007383,0.0625
/content/drive/MyDrive/AISC DeepFake Çalışmaları/Deneyler/Nazlıcan/Deney 1/Kaş/fake/train/fake_train_00040.jpg,fake/train/fake_train_00040.jpg,fake_train_00040.jpg,fake,1,train,ea1cbd59996b5c5ce169768241be9ab7a1f3fd1e0c584abfedb59468bf990cb2,,40,0.0,SUCCESS,d70416f47cd682fdb9f5a0689a53e26e308240ed122f8333524762078b9db008,164.0,41.0,52.1372149,0.0
/content/drive/MyDrive/AISC DeepFake Çalışmaları/Deneyler/Nazlıcan/Deney 1/Kaş/fake/train/fake_train_00041.jpg,fake/train/fake_train_00041.jpg,fake_train_00041.jpg,fake,1,train,cce77172bd848c5ecd9d63299c7f697c7bf58a253eb4b8f32fe686872bc0970d,,41,0.0,SUCCESS,c05312075ba6ed72543144cea47e7bce11778e2bf7a3c072f5e0d8f07f18c74d,119.0,22.0,77.11795929,0.0
/content/drive/MyDrive/AISC DeepFake Çalışmaları/Deneyler/Nazlıcan/Deney 1/Kaş/fake/train/fake_train_00042.jpg,fake/train/fake_train_00042.jpg,fake_train_00042.jpg,fake,1,train,eb3a914f81b8a273856bc82cb59538f09c531e51dff56916be8171fbab2e3b92,,42,0.0,SUCCESS,fd24e3979ffb07c10c29f240682374366aca9feda3d510b4b3167f86266fd0b8,144.0,29.0,22.70870491,0.0
/content/drive/MyDrive/AISC DeepFake Çalışmaları/Deneyler/Nazlıcan/Deney 1/Kaş/fake/train/fake_train_00043.jpg,fake/train/fake_train_00043.jpg,fake_train_00043.jpg,fake,1,train,afb9e1391436d3bda6f30d825adaaa049692c84bf6c80613e3b7c7c871025be3,,43,0.0,SUCCESS,30130a1b96898b2b14988c587ad35ed64682c712d571145a92bb76e8371d347e,222.0,59.0,34.87454157,0.125
/content/drive/MyDrive/AISC DeepFake Çalışmaları/Deneyler/Nazlıcan/Deney 1/Kaş/fake/train/fake_train_00045.jpg,fake/train/fake_train_00045.jpg,fake_train_00045.jpg,fake,1,train,34c7cddb5275fe3ba5406f2aa9d271eac415c2f000ce4059e86afae3ec9003c3,,45,0.0,SUCCESS,5a2e7cace790e0d7726013a53c34f532cb51ae1eeba6f5047941e488343c092b,163.0,50.0,53.46196733,0.0
/content/drive/MyDrive/AISC DeepFake Çalışmaları/Deneyler/Nazlıcan/Deney 1/Kaş/fake/train/fake_train_00049.jpg,fake/train/fake_train_00049.jpg,fake_train_00049.jpg,fake,1,train,7a21bd0bcc00cf2eed813acb0b9a1c5abbb6d1b8096466d807ebbf23f1a55275,,49,0.0,SUCCESS,de22bce9c23d0ad6d1aa9f58a5eaf790cd9ce618db82789ce9fc65138c99abd7,166.0,53.0,15.45409957,0.0
/content/drive/MyDrive/AISC DeepFake Çalışmaları/Deneyler/Nazlıcan/Deney 1/Kaş/fake/train/fake_train_00050.jpg,fake/train/fake_train_00050.jpg,fake_train_00050.jpg,fake,1,train,bfaa19d803a19ba69966ee9ae8085034de45d41ea7ecb0e84230d932c264d3fb,,50,0.0,SUCCESS,bec64a717afb299b9d265ce230e82ba19844b9f7ea0292bb6876d345b5d67ecb,142.0,40.0,26.71169879,0.125
/content/drive/MyDrive/AISC DeepFake Çalışmaları/Deneyler/Nazlıcan/Deney 1/Kaş/fake/train/fake_train_00051.jpg,fake/train/fake_train_00051.jpg,fake_train_00051.jpg,fake,1,train,b788f9b244a4cbce01b084bb9bc149641d1ff0458d3e5ea1cb15236e8e33748e,,51,0.0,SUCCESS,3860c513c5e5f34fe58d4b3db2c3b6b921ccab87ac061264a4f05b0b3f82b5f7,176.0,45.0,150.23838326,0.125
/content/drive/MyDrive/AISC DeepFake Çalışmaları/Deneyler/Nazlıcan/Deney 1/Kaş/fake/train/fake_train_00052.jpg,fake/train/fake_train_00052.jpg,fake_train_00052.jpg,fake,1,train,6c71f98aa6f18007547e223397a79ba364fac4c306ca7e44d47bd978a60eff94,,52,0.0,SUCCESS,a21aad468dd151ee3674af68c90da90586dd3327c61066eab24d497146e0ec45,159.0,42.0,141.16509116,0.0625
/content/drive/MyDrive/AISC DeepFake Çalışmaları/Deneyler/Nazlıcan/Deney 1/Kaş/fake/train/fake_train_00054.jpg,fake/train/fake_train_00054.jpg,fake_train_00054.jpg,fake,1,train,46320f5234d7249e0ef680b8c3118eb3f97d3dfabf20ac5109513e3ab803c006,,54,0.0,SUCCESS,87a7d644ede9d426002ac9f6fd57ea9665ff63d6ad62e98a744c59be012f95c3,211.0,44.0,15.79216355,0.0
/content/drive/MyDrive/AISC DeepFake Çalışmaları/Deneyler/Nazlıcan/Deney 1/Kaş/fake/train/fake_train_00055.jpg,fake/train/fake_train_00055.jpg,fake_train_00055.jpg,fake,1,train,ee7f473cd07e78fc4a5111e2d3fba1cf3604d4cf2fd845a205a0ec624921798a,,55,0.0,SUCCESS,ba4bf12173c2510e5484144ff1f531f38670c387b7b0b26d66a7d5bde07d622a,145.0,38.0,52.72601026,0.09375
/content/drive/MyDrive/AISC DeepFake Çalışmaları/Deneyler/Nazlıcan/Deney 1/Kaş/fake/train/fake_train_00056.jpg,fake/train/fake_train_00056.jpg,fake_train_00056.jpg,fake,1,train,03dad477385fea90cac0ab4bd621c8757c8c8ff836868f8aad0a50564f191351,,56,0.0,SUCCESS,0a3f6b39a0f85e053bf1e64f695efea218ee7896758317426d92c9ca6144c18e,106.0,24.0,109.48557217,0.0
/content/drive/MyDrive/AISC DeepFake Çalışmaları/Deneyler/Nazlıcan/Deney 1/Kaş/fake/train/fake_train_00057.jpg,fake/train/fake_train_00057.jpg,fake_train_00057.jpg,fake,1,train,52884ade576693690d3c1c0d0d3a4b56eb3e2b7254231160936576506c0950fb,,57,0.0,SUCCESS,5e07fa09e05fb1eb22e4af5937a9173bd3e8b2827ed74eb98091f3e5e2885e45,240.0,48.0,9.11857048,0.0
/content/drive/MyDrive/AISC DeepFake Çalışmaları/Deneyler/Nazlıcan/Deney 1/Kaş/fake/train/fake_train_00059.jpg,fake/train/fake_train_00059.jpg,fake_train_00059.jpg,fake,1,train,5503e35c96e44dc0b2a70ac1cfc304b1841ff54f1b2afc508fa49ef30bffafd1,,59,0.0,SUCCESS,ef536ac45a36335fcd5c992b483c3fe9b6a1f59c13d0c46f508801e0ef96aefc,171.0,49.0,11.64735403,0.0
/content/drive/MyDrive/AISC DeepFake Çalışmaları/Deneyler/Nazlıcan/Deney 1/Kaş/fake/train/fake_train_00060.jpg,fake/train/fake_train_00060.jpg,fake_train_00060.jpg,fake,1,train,6b99117994037c359a27d5417dc3d63b0957fae95c93dda0ae24d29f2ce88a76,,60,0.0,SUCCESS,3a17ef047650ade77004edf830c5211227ce893a029163aa62d4bfbec14b0d41,113.0,30.0,60.12772157,0.0
/content/drive/MyDrive/AISC DeepFake Çalışmaları/Deneyler/Nazlıcan/Deney 1/Kaş/fake/train/fake_train_00061.jpg,fake/train/fake_train_00061.jpg,fake_train_00061.jpg,fake,1,train,00377d171a4542b642d5f1b7e4055357c4ff6d5e1c12fdbec2f1476b61d8ad70,,61,0.0,SUCCESS,068cd9a5f4f7812b28df75dae56c6b906581d4b372b4cbed360959897c84830d,106.0,20.0,28.53495906,0.0
/content/drive/MyDrive/AISC DeepFake Çalışmaları/Deneyler/Nazlıcan/Deney 1/Kaş/fake/train/fake_train_00063.jpg,fake/train/fake_train_00063.jpg,fake_train_00063.jpg,fake,1,train,cf7aeea34a7a97731b0c3cc0a4516f45bac1c69ca5211b1596077c49b6942f2b,,63,0.0,SUCCESS,8427f1bcb619e3e56a66fbefaa07a329193929ff09c1e7d3cb2676068f5cb335,246.0,55.0,42.29102805,0.0
/content/drive/MyDrive/AISC DeepFake Çalışmaları/Deneyler/Nazlıcan/Deney 1/Kaş/fake/train/fake_train_00064.jpg,fake/train/fake_train_00064.jpg,fake_train_00064.jpg,fake,1,train,d69015fcfdf0a183d2c6a4177e4ad8d1c8a40820a5bc70b9403ed3811181e350,,64,0.0,SUCCESS,08520d8d68d8f7d33ee464d72bda3bd19625a16841f06d8477831869bf6b9ca4,135.0,27.0,19.67717086,0.0
/content/drive/MyDrive/AISC DeepFake Çalışmaları/Deneyler/Nazlıcan/Deney 1/Kaş/fake/train/fake_train_00066.jpg,fake/train/fake_train_00066.jpg,fake_train_00066.jpg,fake,1,train,37ba7dad5a37421e713ced2ce2389720be0b47fc9774953356aecbb4e167ddd2,,66,0.0,SUCCESS,75792ef37368763f06d579ac6a710c03b9c143d196fbb3267bebadf28f628dea,100.0,23.0,180.66571248,0.0
/content/drive/MyDrive/AISC DeepFake Çalışmaları/Deneyler/Nazlıcan/Deney 1/Kaş/fake/train/fake_train_00067.jpg,fake/train/fake_train_00067.jpg,fake_train_00067.jpg,fake,1,train,1d86b2ea1279551ebfdd976c0e143853073a0a122a0553c6f2c02942d9e15090,,67,0.0,SUCCESS,cb12ed7595c0ff02e192c0a834523188c7039c6d540aa822fd03a4777373f5a0,186.0,39.0,21.90354753,0.0
/content/drive/MyDrive/AISC DeepFake Çalışmaları/Deneyler/Nazlıcan/Deney 1/Kaş/fake/train/fake_train_00068.jpg,fake/train/fake_train_00068.jpg,fake_train_00068.jpg,fake,1,train,4015c5d0a4fa8a307b87c49a239feb2d35e1a48936b73c6f274a853ccd8d3210,,68,0.0,SUCCESS,7edb58c66f2b73436ab513cf599af7e39bdf74616d780bf2ee3eb88430de7418,226.0,51.0,12.25590943,0.09375
/content/drive/MyDrive/AISC DeepFake Çalışmaları/Deneyler/Nazlıcan/Deney 1/Kaş/fake/train/fake_train_00069.jpg,fake/train/fake_train_00069.jpg,fake_train_00069.jpg,fake,1,train,c76c1793b69831f67f62f6b0751b30629cadb561a3c00ab2680bc9a600ee526f,,69,0.0,SUCCESS,75154ad86e61b124c1402cc32d99f2c0ed1c98b1ba65266f29a6ba3716b30053,161.0,42.0,76.49275354,0.03125
/content/drive/MyDrive/AISC DeepFake Çalışmaları/Deneyler/Nazlıcan/Deney 1/Kaş/fake/train/fake_train_00071.jpg,fake/train/fake_train_00071.jpg,fake_train_00071.jpg,fake,1,train,01bb5c12b551a93abcc75d31d7a765844c4193dc05d386cc1a91c538ddbfb4f5,,71,0.0,SUCCESS,9bba531a6d247a4097416128195261bc0eb5b8f310e87c8c5732494cdc968249,148.0,28.0,24.02803607,0.0
/content/drive/MyDrive/AISC DeepFake Çalışmaları/Deneyler/Nazlıcan/Deney 1/Kaş/fake/train/fake_train_00073.jpg,fake/train/fake_train_00073.jpg,fake_train_00073.jpg,fake,1,train,5ed5a0217acea336e1c133938e884ab207674bd36cb6ea0ce2370093dd263975,,73,0.0,SUCCESS,9efe90ac4c962cc549323f1863f4ba5d959d6b3b39cb0b3210b89c433068efe0,105.0,24.0,67.58051005,0.0
/content/drive/MyDrive/AISC DeepFake Çalışmaları/Deneyler/Nazlıcan/Deney 1/Kaş/fake/train/fake_train_00074.jpg,fake/train/fake_train_00074.jpg,fake_train_00074.jpg,fake,1,train,20f14d3b2ed6586f2a18a55ad6b8760b96463906e82d7d93c223a02be4b7ec41,,74,0.0,SUCCESS,421dc08dc4b7a06ad9390d2c8d62dc71e24b794ca904266213aa319b92731227,85.0,16.0,59.67436797,0.0
/content/drive/MyDrive/AISC DeepFake Çalışmaları/Deneyler/Nazlıcan/Deney 1/Kaş/fake/train/fake_train_00075.jpg,fake/train/fake_train_00075.jpg,fake_train_00075.jpg,fake,1,train,5d47dafe7be5bb1b74167ce17899e57b45d79f97f21255942ffcc73f3342842c,,75,0.0,SUCCESS,f60be45c3322f0efc64b2089f137727141927ac826976d87ccbce887c4a05737,108.0,26.0,67.40612089,0.0
/content/drive/MyDrive/AISC DeepFake Çalışmaları/Deneyler/Nazlıcan/Deney 1/Kaş/fake/train/fake_train_00076.jpg,fake/train/fake_train_00076.jpg,fake_train_00076.jpg,fake,1,train,cb3d45b14c08e3021227a277a9c4cca20fd35e1083968c10804f3e8750979782,,76,0.0,SUCCESS,71b8213f7543b96dc988fd91a859266908dedbd00a0319b3cd8f92c8ddbf04ea,152.0,34.0,63.47111781,0.0
/content/drive/MyDrive/AISC DeepFake Çalışmaları/Deneyler/Nazlıcan/Deney 1/Kaş/fake/train/fake_train_00077.jpg,fake/train/fake_train_00077.jpg,fake_train_00077.jpg,fake,1,train,bc69204f1759ef1469784be26814012457e199cc665091eabc3e1a30707011e7,,77,0.0,SUCCESS,261e66529c98c20fc2d9ab25c87a0d4801ae701d27ed3a7f8f02287f7b44fcd3,98.0,20.0,179.26494976,0.0
/content/drive/MyDrive/AISC DeepFake Çalışmaları/Deneyler/Nazlıcan/Deney 1/Kaş/fake/train/fake_train_00078.jpg,fake/train/fake_train_00078.jpg,fake_train_00078.jpg,fake,1,train,64390e91291f9d7aadee458534c6d5c8da83e44560a9ce35d7922c68cb1741be,,78,0.0,SUCCESS,4417f269139b13cd2d362280c4be3c8203584fecda5cfd2f3e6c0cf69b4fc454,103.0,25.0,27.10655692,0.15625
/content/drive/MyDrive/AISC DeepFake Çalışmaları/Deneyler/Nazlıcan/Deney 1/Kaş/fake/train/fake_train_00079.jpg,fake/train/fake_train_00079.jpg,fake_train_00079.jpg,fake,1,train,10d4901ea40b07a195a9c70a383ce6d366a670e79045d65837274ef40c93b29b,,79,0.0,SUCCESS,e785050d506d82922953494e5c3b8916446f6ba486460683d92ee45853f9eb13,104.0,27.0,60.37584871,0.03125
/content/drive/MyDrive/AISC DeepFake Çalışmaları/Deneyler/Nazlıcan/Deney 1/Kaş/fake/train/fake_train_00082.jpg,fake/train/fake_train_00082.jpg,fake_train_00082.jpg,fake,1,train,a6269a8bd9b4e6e66d7351c8a81530121a233381caa0c5c41bef595fbe69c9e2,,82,0.0,SUCCESS,25cf73c72e919538f3c0594b4c1c4f08ef20f66b43e765e9adf0bd7750fc38d1,96.0,32.0,111.54113505,0.15625
/content/drive/MyDrive/AISC DeepFake Çalışmaları/Deneyler/Nazlıcan/Deney 1/Kaş/fake/train/fake_train_00083.jpg,fake/train/fake_train_00083.jpg,fake_train_00083.jpg,fake,1,train,e5526e761c61588bc5033485105e34baff721c3d9765315e72d51ac898eb02f1,,83,0.0,SUCCESS,76264df19091bd3b3ced1a84b3b0b646080c8581f8edb5e7ee9efcef40ec6adb,256.0,66.0,36.74731336,0.09375
/content/drive/MyDrive/AISC DeepFake Çalışmaları/Deneyler/Nazlıcan/Deney 1/Kaş/fake/train/fake_train_00088.jpg,fake/train/fake_train_00088.jpg,fake_train_00088.jpg,fake,1,train,b6e9b696b39b84ccb60a901e6f0652355d7366ff1e85c61d3dee35279aad8151,,88,0.0,SUCCESS,7b03d75654b8fe857b891aad856a417d4adec931d6f55da3a2fbcf18058e4833,411.0,79.0,6.13131865,0.0
/content/drive/MyDrive/AISC DeepFake Çalışmaları/Deneyler/Nazlıcan/Deney 1/Kaş/fake/train/fake_train_00090.jpg,fake/train/fake_train_00090.jpg,fake_train_00090.jpg,fake,1,train,99d7dba809dfa02446a08cde3fada105f9898516de42ca8c6f9b2b9d764c8a2a,,90,0.0,SUCCESS,1700c5b7960e0e86ec87356c827f46d3d76fdda22087a99c61aba3c03351c237,384.0,82.0,10.40034292,0.0
/content/drive/MyDrive/AISC DeepFake Çalışmaları/Deneyler/Nazlıcan/Deney 1/Kaş/fake/train/fake_train_00091.jpg,fake/train/fake_train_00091.jpg,fake_train_00091.jpg,fake,1,train,41cb9179e84869198511110dd62eb74255bc67d77f97fc5d153a31174e219b37,,91,0.0,SUCCESS,40754999011bcf9e316189ee2f10f48fbcd6a168f68b5d4ef0a3929e72e87580,107.0,26.0,119.77279287,0.15625
/content/drive/MyDrive/AISC DeepFake Çalışmaları/Deneyler/Nazlıcan/Deney 1/Kaş/fake/train/fake_train_00092.jpg,fake/train/fake_train_00092.jpg,fake_train_00092.jpg,fake,1,train,462d76bea721b90a9b88949e4b0ea7055887b5ec1958b0bd8b7d6bf257da9cb4,,92,0.0,SUCCESS,21c353d1734c0fae1247b4c4c1bdd49740f656c1717ac8689f02b0469266b4ff,66.0,15.0,322.24963167,0.0
/content/drive/MyDrive/AISC DeepFake Çalışmaları/Deneyler/Nazlıcan/Deney 1/Kaş/fake/train/fake_train_00093.jpg,fake/train/fake_train_00093.jpg,fake_train_00093.jpg,fake,1,train,bc40ad45893b8d4420dd162be15c45dc69f04ebc35eb45705c261bece99a1280,,93,0.0,SUCCESS,da5386c769ea0b64d8911f9b3ddcb41069ba838f257d22c199518c112f033f51,205.0,44.0,15.59666083,0.09375
/content/drive/MyDrive/AISC DeepFake Çalışmaları/Deneyler/Nazlıcan/Deney 1/Kaş/fake/train/fake_train_00094.jpg,fake/train/fake_train_00094.jpg,fake_train_00094.jpg,fake,1,train,ed411905a4f85a486742b4f6da900cf242ee73bb0ee06d377f2f61c4e930b019,,94,0.0,SUCCESS,fc707d5a7e7652a656724715e5afce87e8c271ee4e6140efcbdf9392615876cd,110.0,29.0,85.20321105,0.09375
/content/drive/MyDrive/AISC DeepFake Çalışmaları/Deneyler/Nazlıcan/Deney 1/Kaş/fake/train/fake_train_00098.jpg,fake/train/fake_train_00098.jpg,fake_train_00098.jpg,fake,1,train,1fb1213d5b59cdf2065eb217779807bca170538e7c6c6c4b9f92f3a91730861f,,98,0.0,SUCCESS,f52292502fcdc79789033286607340de03a1a0e229e3b0d4fe6250562b411cde,148.0,31.0,13.64370455,0.0
/content/drive/MyDrive/AISC DeepFake Çalışmaları/Deneyler/Nazlıcan/Deney 1/Kaş/fake/train/fake_train_00100.jpg,fake/train/fake_train_00100.jpg,fake_train_00100.jpg,fake,1,train,e138f83cd6f31db47017430753884e1ce8e77ccbe332f6672b71b22bb4e10ba2,,100,0.0,SUCCESS,acf462bb85ab839f06a6e8426f20708cd30df08ba9fb830383507b6b7e15a030,70.0,18.0,349.2339229,0.09375
/content/drive/MyDrive/AISC DeepFake Çalışmaları/Deneyler/Nazlıcan/Deney 1/Kaş/fake/train/fake_train_00101.jpg,fake/train/fake_train_00101.jpg,fake_train_00101.jpg,fake,1,train,a9017b972506cde1e650afdd72fd226869c0fd6834468c789f015f15b4ec1f89,,101,0.0,SUCCESS,ce272af03746dc1876fbb029e68ec048178bc55bf8a72a0f2cc491889d03d8ea,202.0,42.0,17.34203341,0.03125
/content/drive/MyDrive/AISC DeepFake Çalışmaları/Deneyler/Nazlıcan/Deney 1/Kaş/fake/train/fake_train_00102.jpg,fake/train/fake_train_00102.jpg,fake_train_00102.jpg,fake,1,train,1ed06d9ad4e51aa49a88e6f5f55ae2b5f6d24668b973b15db5025fc1d34e560f,,102,0.0,SUCCESS,564ed9caaadd242729d41cc5e499f1578b086e251cfd5f1654d6a8a4da7046de,160.0,32.0,53.83569336,0.0
/content/drive/MyDrive/AISC DeepFake Çalışmaları/Deneyler/Nazlıcan/Deney 1/Kaş/fake/train/fake_train_00103.jpg,fake/train/fake_train_00103.jpg,fake_train_00103.jpg,fake,1,train,b27059e822ea1b49c89085a92767bfed0078d793b299661ef1a41cea3ea240ac,,103,0.0,SUCCESS,55653e111cbea511b6b4e9f704643a83c226bb3314416623339edb82f953ac05,173.0,34.0,12.55773511,0.0
/content/drive/MyDrive/AISC DeepFake Çalışmaları/Deneyler/Nazlıcan/Deney 1/Kaş/fake/train/fake_train_00104.jpg,fake/train/fake_train_00104.jpg,fake_train_00104.jpg,fake,1,train,d632ee648445e5639ad20d2b39d2695dd7ce4ff759686add7497f961b93bec16,,104,0.0,SUCCESS,0bbc5283679827b74bc7dbd68387ce4127786d8290323eea1a731dc85591f45d,87.0,22.0,683.42097142,0.0625
/content/drive/MyDrive/AISC DeepFake Çalışmaları/Deneyler/Nazlıcan/Deney 1/Kaş/fake/train/fake_train_00105.jpg,fake/train/fake_train_00105.jpg,fake_train_00105.jpg,fake,1,train,5c48bcf161fc8d790b1d547ca8068d205e33685c3fbf140ba8e44f4918bea493,,105,0.0,SUCCESS,07f1ea20489634dfeda354754f64726fb24f2e4aef6f9f3c443570aac8abaa0a,175.0,47.0,25.23059638,0.0
/content/drive/MyDrive/AISC DeepFake Çalışmaları/Deneyler/Nazlıcan/Deney 1/Kaş/fake/train/fake_train_00108.jpg,fake/train/fake_train_00108.jpg,fake_train_00108.jpg,fake,1,train,2593f543054c4774b0538505028e631efba5c479d0db067bdfcd6624621b6cc6,,108,0.0,SUCCESS,e0ffd60f5c26a70f5a93dc337ba7602d8596207f4a75c2ecc7cd8383bc35b5ec,178.0,59.0,14.97757499,0.09375
/content/drive/MyDrive/AISC DeepFake Çalışmaları/Deneyler/Nazlıcan/Deney 1/Kaş/fake/train/fake_train_00111.jpg,fake/train/fake_train_00111.jpg,fake_train_00111.jpg,fake,1,train,b38d5ee2425ee2ca2e355c1c700eda9a59d15d12fde36352716175352e21c9d4,,111,0.0,SUCCESS,62cc5ddcea45136982ff8eeea58ff946bbe7865615520804a19802a3624b998f,88.0,17.0,278.45776572,0.0625
/content/drive/MyDrive/AISC DeepFake Çalışmaları/Deneyler/Nazlıcan/Deney 1/Kaş/fake/train/fake_train_00112.jpg,fake/train/fake_train_00112.jpg,fake_train_00112.jpg,fake,1,train,3e27197367934b236ee1a0edbdab8dc8b9ff3090bab7a295322ef223c2b46712,,112,0.0,SUCCESS,1a7ff6489974d493186ef2551b1cc769357b455157f43675260d680844563ffa,206.0,45.0,15.91185956,0.0
/content/drive/MyDrive/AISC DeepFake Çalışmaları/Deneyler/Nazlıcan/Deney 1/Kaş/fake/train/fake_train_00113.jpg,fake/train/fake_train_00113.jpg,fake_train_00113.jpg,fake,1,train,b42ab3ddc5c8de8017f4a4b2f214e9fed3d03d1809fbf098a97ab6b056debc7d,,113,0.0,SUCCESS,0e9597666ed2e3eaaff91124c03db646dea90ae13bdcfca23569f65691854ab1,99.0,22.0,379.07090628,0.0
/content/drive/MyDrive/AISC DeepFake Çalışmaları/Deneyler/Nazlıcan/Deney 1/Kaş/fake/train/fake_train_00114.jpg,fake/train/fake_train_00114.jpg,fake_train_00114.jpg,fake,1,train,3c5d7c00924d7185f63f5be60ca6fdd0d331d89a520e4373eb86724a58c54fb2,,114,0.0,SUCCESS,02bec12129dca882bb2d1a8524b13986f35f2f20c24f6d30a7119fe2d24a407c,378.0,128.0,7.31624559,0.09375
/content/drive/MyDrive/AISC DeepFake Çalışmaları/Deneyler/Nazlıcan/Deney 1/Kaş/fake/train/fake_train_00115.jpg,fake/train/fake_train_00115.jpg,fake_train_00115.jpg,fake,1,train,731bbb2865ac2a64b5fc8563adf2f1178cbdd8e9f7ddeba27d56740e85eb860f,,115,0.0,SUCCESS,8f5acf0bfe660dbef4372a2d5bb4a722f18757877754dd290d3b510645a7af93,133.0,27.0,56.35905274,0.0
/content/drive/MyDrive/AISC DeepFake Çalışmaları/Deneyler/Nazlıcan/Deney 1/Kaş/fake/train/fake_train_00117.jpg,fake/train/fake_train_00117.jpg,fake_train_00117.jpg,fake,1,train,944ad823b1a716f1030843ad0433329db6a3251e974457e184883d191c4550f1,,117,0.0,SUCCESS,1ec19430f0ad88ca09b667f0171093c29dd02f4ea3ea3a5834d8ef24d2a94281,140.0,35.0,64.89827339,0.0625
/content/drive/MyDrive/AISC DeepFake Çalışmaları/Deneyler/Nazlıcan/Deney 1/Kaş/fake/train/fake_train_00118.jpg,fake/train/fake_train_00118.jpg,fake_train_00118.jpg,fake,1,train,0ec71eb4c346697913d5398d819d88934731c07dae5605c6db2d8e0101bdde4d,,118,0.0,SUCCESS,f28427758cc7fe3b365e07d64ed9ffcc7b7fcb3236fa53e0d0c0bae8abaa4e05,110.0,23.0,73.47141558,0.0625
/content/drive/MyDrive/AISC DeepFake Çalışmaları/Deneyler/Nazlıcan/Deney 1/Kaş/fake/train/fake_train_00120.jpg,fake/train/fake_train_00120.jpg,fake_train_00120.jpg,fake,1,train,85f7b51249a387ddc0c230a36f1648eb459cfa53566eab42c5fc1001a5a11cb6,,120,0.0,SUCCESS,3485f107bbdcf85fa2e24cb5a1a0cbd6de2e04297521bf30a2872846d59d4533,380.0,80.0,32.44500162,0.09375
/content/drive/MyDrive/AISC DeepFake Çalışmaları/Deneyler/Nazlıcan/Deney 1/Kaş/fake/train/fake_train_00122.jpg,fake/train/fake_train_00122.jpg,fake_train_00122.jpg,fake,1,train,c9be9da40390fdcfabd69af706b99490377a36e8ecba4b1816ba9a65b661d75d,,122,0.0,SUCCESS,abb628640632ca1d053152bec78e6330e44aa84b0e31ef545eea2ea7c581ec3e,96.0,23.0,155.94787646,0.09375
/content/drive/MyDrive/AISC DeepFake Çalışmaları/Deneyler/Nazlıcan/Deney 1/Kaş/fake/train/fake_train_00124.jpg,fake/train/fake_train_00124.jpg,fake_train_00124.jpg,fake,1,train,3cb4a1b0f77e44483edc8884e4e48e030d45bbce483965a48027f8e5512de3e2,,124,0.0,SUCCESS,3c96f3805f3ef913e5c72a80a942768889f8a24a3f697c53d71ff1ff5a518957,156.0,50.0,42.55099985,0.0
/content/drive/MyDrive/AISC DeepFake Çalışmaları/Deneyler/Nazlıcan/Deney 1/Kaş/fake/train/fake_train_00125.jpg,fake/train/fake_train_00125.jpg,fake_train_00125.jpg,fake,1,train,dc5b460d8b914784cb35e264836f2dc262cd6ed4b814c7683084332f2737f515,,125,0.0,SUCCESS,3bb624277a2677bce4a5e035cc7faa7bc9267ce6f992ece09100ab1b15712c7e,184.0,49.0,20.27553539,0.0
/content/drive/MyDrive/AISC DeepFake Çalışmaları/Deneyler/Nazlıcan/Deney 1/Kaş/fake/train/fake_train_00126.jpg,fake/train/fake_train_00126.jpg,fake_train_00126.jpg,fake,1,train,b5b6b61bb8f44edfb399020aeb083ae5a193b015ef016b34d7ffbc68152e4715,,126,0.0,SUCCESS,c5902ae8ea24cda233bfa3e883d91992cb81067006fffbce53670017a20b520d,335.0,66.0,4.79975405,0.0
/content/drive/MyDrive/AISC DeepFake Çalışmaları/Deneyler/Nazlıcan/Deney 1/Kaş/fake/train/fake_train_00127.jpg,fake/train/fake_train_00127.jpg,fake_train_00127.jpg,fake,1,train,0e264b0fb4f3ec4518bc211abdda97d2fa8fc792f75f0d397d99bf1caf5cb25e,,127,0.0,SUCCESS,7a75ff1c9ac5a0475f3ce42348cdc4310ad5659325fa527717a0b6be6a5ae312,140.0,30.0,119.83750544,0.0
/content/drive/MyDrive/AISC DeepFake Çalışmaları/Deneyler/Nazlıcan/Deney 1/Kaş/fake/train/fake_train_00128.jpg,fake/train/fake_train_00128.jpg,fake_train_00128.jpg,fake,1,train,e324949b34bf0d783a01054c4172b93fadafd217875f8353eb64cfb45be2961d,,128,0.0,SUCCESS,eb1d635d52f58e16ee16c40d3f6ac2217d84917a876176139adf9e02fe184598,147.0,46.0,80.6258765,0.0
/content/drive/MyDrive/AISC DeepFake Çalışmaları/Deneyler/Nazlıcan/Deney 1/Kaş/fake/train/fake_train_00131.jpg,fake/train/fake_train_00131.jpg,fake_train_00131.jpg,fake,1,train,73452f148b1b249489f7123a914171a180e8a7027aa18653b6c35c954dd5dafb,,131,0.0,SUCCESS,ce494b50c84ff064c4747bc69c82a382982fa9c11497e9c4f8cbe15eb1cd9435,97.0,20.0,163.53937294,0.0
/content/drive/MyDrive/AISC DeepFake Çalışmaları/Deneyler/Nazlıcan/Deney 1/Kaş/fake/train/fake_train_00133.jpg,fake/train/fake_train_00133.jpg,fake_train_00133.jpg,fake,1,train,9c5775953b39f98498fa0fc60545abc2deb13842abe03516dc3e2134858a8907,,133,0.0,SUCCESS,e7b29bf935eb7015bbf7cb1a01c9c83009a8b8bbf1dc349fb076848e7227e4a1,179.0,34.0,66.48557954,0.0
/content/drive/MyDrive/AISC DeepFake Çalışmaları/Deneyler/Nazlıcan/Deney 1/Kaş/fake/train/fake_train_00134.jpg,fake/train/fake_train_00134.jpg,fake_train_00134.jpg,fake,1,train,eb7df939a75c843140864d72760ee2f470652765a529bcdeffe8c3797796e141,,134,0.0,SUCCESS,3aa71edba587a49fe54e7d7a3ac6c88b8aa0e450e3312a8fb58ebb39b943b3c2,220.0,47.0,43.83108241,0.0625
/content/drive/MyDrive/AISC DeepFake Çalışmaları/Deneyler/Nazlıcan/Deney 1/Kaş/fake/train/fake_train_00135.jpg,fake/train/fake_train_00135.jpg,fake_train_00135.jpg,fake,1,train,8d994f82ec090e99ef3d58b12af4c4d93faf9da8d6d22c112ac87b9067d6d5a3,,135,0.0,SUCCESS,d517a15a3d91183534a8bf08d14994eb604bb4f952cd6d3f3bfaf64da5fc3b34,87.0,20.0,298.89616198,0.0
/content/drive/MyDrive/AISC DeepFake Çalışmaları/Deneyler/Nazlıcan/Deney 1/Kaş/fake/train/fake_train_00136.jpg,fake/train/fake_train_00136.jpg,fake_train_00136.jpg,fake,1,train,09d39fb85ef4a2768591cdd9c0b57587058b600ae807fb6370c521be796d4cae,,136,0.0,SUCCESS,d334de30b7626ebc0c7b4cc298596a15e6c6e14cfaf0739ecf82753dbc3249ac,185.0,41.0,57.5208687,0.0
/content/drive/MyDrive/AISC DeepFake Çalışmaları/Deneyler/Nazlıcan/Deney 1/Kaş/fake/train/fake_train_00138.jpg,fake/train/fake_train_00138.jpg,fake_train_00138.jpg,fake,1,train,31f3a3b9ad1c60f313faa8e4a079036f5be422bf4f09f6c41b5afdaeb332844f,,138,0.0,SUCCESS,bf1e60544de9757880e8409a992ed19c1e8d5269bb95f1c453b904d00290bc7c,89.0,27.0,135.77636569,0.0
/content/drive/MyDrive/AISC DeepFake Çalışmaları/Deneyler/Nazlıcan/Deney 1/Kaş/fake/train/fake_train_00139.jpg,fake/train/fake_train_00139.jpg,fake_train_00139.jpg,fake,1,train,2cdbf9b9efacc7f44b912a242ab0495a386e4844a72fd2056780947bcd062395,,139,0.0,SUCCESS,3c7de399f49cb965c956ff322314628bf584635ecc6c8c381ca804f4f55779bc,117.0,25.0,55.17311196,0.0
/content/drive/MyDrive/AISC DeepFake Çalışmaları/Deneyler/Nazlıcan/Deney 1/Kaş/fake/train/fake_train_00140.jpg,fake/train/fake_train_00140.jpg,fake_train_00140.jpg,fake,1,train,4e921de1ab2fae776c455fba3d68354fed030c7c4727000a491a00d808759d4f,,140,0.0,SUCCESS,dd22327cf82fa92e4c385580691b64f68c706c3938304d6196629aa1f5285aa6,321.0,88.0,8.27375113,0.09375
/content/drive/MyDrive/AISC DeepFake Çalışmaları/Deneyler/Nazlıcan/Deney 1/Kaş/fake/train/fake_train_00142.jpg,fake/train/fake_train_00142.jpg,fake_train_00142.jpg,fake,1,train,ea3d8958b6a9c9d49dae008e7e8738df0fbaa87733b4ad626bf9e0d9e19f00f8,,142,0.0,SUCCESS,10405a61d2071c1ad0c550d7a45c80c91de1612d8f086f81a19a15ab05e11fd4,103.0,20.0,225.65653195,0.09375
/content/drive/MyDrive/AISC DeepFake Çalışmaları/Deneyler/Nazlıcan/Deney 1/Kaş/fake/train/fake_train_00143.jpg,fake/train/fake_train_00143.jpg,fake_train_00143.jpg,fake,1,train,d948c0bcc387e2fc0f3107421e941ba71cb3e40cbe51ae19399c859670604749,,143,0.0,SUCCESS,ef995599dbf95559b0e68ccdcb8a698890b8f32bde1a147f5b77df201dbeb615,114.0,22.0,73.13551468,0.0
/content/drive/MyDrive/AISC DeepFake Çalışmaları/Deneyler/Nazlıcan/Deney 1/Kaş/fake/train/fake_train_00144.jpg,fake/train/fake_train_00144.jpg,fake_train_00144.jpg,fake,1,train,9a842c7b1ad494c866a1d230d31e8df1042ec289f494a7b242a552ad7f47d359,,144,0.0,SUCCESS,1cae38ca0b4bb0185901cc51a2ffb18e76fe3940fe5218983ed3f30854916cfd,124.0,25.0,54.61887399,0.0
/content/drive/MyDrive/AISC DeepFake Çalışmaları/Deneyler/Nazlıcan/Deney 1/Kaş/fake/train/fake_train_00147.jpg,fake/train/fake_train_00147.jpg,fake_train_00147.jpg,fake,1,train,0ec557ff41e063ee91c05db989b5059c50dcfa4a744c652c71db898e8cf6a556,,147,0.0,SUCCESS,94834a667572d9bfe5ec4ed2d9f9a0e1647a186b70ec72a596b2ed0b20b9ff53,236.0,73.0,38.46406257,0.0
/content/drive/MyDrive/AISC DeepFake Çalışmaları/Deneyler/Nazlıcan/Deney 1/Kaş/fake/train/fake_train_00148.jpg,fake/train/fake_train_00148.jpg,fake_train_00148.jpg,fake,1,train,486350be207def022dcb270eca4932b7fd364ddbd96a904f17daf95d2bed285d,,148,0.0,SUCCESS,387d4683132354647e0924729aaf4b119584cd40df7cef12354f2bc84256f023,91.0,20.0,137.06829006,0.0
/content/drive/MyDrive/AISC DeepFake Çalışmaları/Deneyler/Nazlıcan/Deney 1/Kaş/fake/train/fake_train_00150.jpg,fake/train/fake_train_00150.jpg,fake_train_00150.jpg,fake,1,train,cd64571bef6ae0fef32f6452bc7e24fc0c20c2fdc72ce08098f5b879d4050d5a,,150,0.0,SUCCESS,3353bcfd937d86c8bb5de9eb9295baf44f55366cde289913d499635beb2e7598,181.0,38.0,199.00107798,0.0
/content/drive/MyDrive/AISC DeepFake Çalışmaları/Deneyler/Nazlıcan/Deney 1/Kaş/fake/train/fake_train_00151.jpg,fake/train/fake_train_00151.jpg,fake_train_00151.jpg,fake,1,train,12af8521ee58539211bcd18262a2959bbe6eec9640499df082603d979df59440,,151,0.0,SUCCESS,5df2f4f09f4bfd4fd741de5027635929c79adaf62f7c686107331a9beab57660,246.0,71.0,17.70250516,0.0625
/content/drive/MyDrive/AISC DeepFake Çalışmaları/Deneyler/Nazlıcan/Deney 1/Kaş/fake/train/fake_train_00154.jpg,fake/train/fake_train_00154.jpg,fake_train_00154.jpg,fake,1,train,deec37c619d1bd9ba6f08efa7844d7ae13be923aec84d60514a3897a963b33f0,,154,0.0,SUCCESS,06cd78d53aa0be297e248617669bffb4753bc79d7d856a348216e71fdcb83bc2,141.0,35.0,53.78791277,0.0
/content/drive/MyDrive/AISC DeepFake Çalışmaları/Deneyler/Nazlıcan/Deney 1/Kaş/fake/train/fake_train_00155.jpg,fake/train/fake_train_00155.jpg,fake_train_00155.jpg,fake,1,train,1e06cae5d14c65c48aabda157d546e571f6aa14ec1996004749da39acc576366,,155,0.0,SUCCESS,2d3f092b2826ba03ef59ab28d46d6c2ee71c379e4e3ad99abe71e28cb7f22b51,129.0,38.0,91.93728457,0.0
/content/drive/MyDrive/AISC DeepFake Çalışmaları/Deneyler/Nazlıcan/Deney 1/Kaş/fake/train/fake_train_00160.jpg,fake/train/fake_train_00160.jpg,fake_train_00160.jpg,fake,1,train,3c8325becdf80a03e511c210f9ea76520c93ed6c13df8a2ecaefdeeee8f4afce,,160,0.0,SUCCESS,4431c7c94e393dcabd920332a811ba91f5d37b9aff17986341debf139a8273aa,90.0,28.0,103.7476033,0.03125
/content/drive/MyDrive/AISC DeepFake Çalışmaları/Deneyler/Nazlıcan/Deney 1/Kaş/fake/train/fake_train_00162.jpg,fake/train/fake_train_00162.jpg,fake_train_00162.jpg,fake,1,train,b0fd4923f18ccd34ae8dff873e4634fcb0dd18583f6ca2c0903cf8d1235c1605,,162,0.0,SUCCESS,bdf9831b4d1fa50004bdcc9905df95813a40358b8d4d5ad6351a44d3392f43c6,336.0,73.0,11.00348822,0.0
/content/drive/MyDrive/AISC DeepFake Çalışmaları/Deneyler/Nazlıcan/Deney 1/Kaş/fake/train/fake_train_00163.jpg,fake/train/fake_train_00163.jpg,fake_train_00163.jpg,fake,1,train,2bf198932ea214428c185b02f17ab4fd0244098569792c17b79a00133bdcdc0c,,163,0.0,SUCCESS,7cbaf2f9ff185e5e36a8c43b64d5456a4ee226e4297c94a628eb610fe22f7349,120.0,24.0,179.95447483,0.0
/content/drive/MyDrive/AISC DeepFake Çalışmaları/Deneyler/Nazlıcan/Deney 1/Kaş/fake/train/fake_train_00164.jpg,fake/train/fake_train_00164.jpg,fake_train_00164.jpg,fake,1,train,ace13ce3e46e6117aa9c33a6e0c078bd0c7e4d154dc551325fd5281dea90300b,,164,0.0,SUCCESS,cd92a01ad23cc8eeca9cfd0bcde13f5a07890e3a93a326f876557efaa2b89317,103.0,25.0,90.24514642,0.03125
/content/drive/MyDrive/AISC DeepFake Çalışmaları/Deneyler/Nazlıcan/Deney 1/Kaş/fake/train/fake_train_00165.jpg,fake/train/fake_train_00165.jpg,fake_train_00165.jpg,fake,1,train,4924ce06aa3a20d2683064145b996afa13bf86100e89b91a869ce3f2e95d9dba,,165,0.0,SUCCESS,1e3f658340533dad004388f8afbb7ec1464aa1347023d4652a5dd905d446d95d,89.0,23.0,100.64498119,0.09375
/content/drive/MyDrive/AISC DeepFake Çalışmaları/Deneyler/Nazlıcan/Deney 1/Kaş/fake/train/fake_train_00169.jpg,fake/train/fake_train_00169.jpg,fake_train_00169.jpg,fake,1,train,0128d795b3bfdd58cfce44b0a8dbaba82548903786cd052ad7b6dd7f51517be7,,169,0.0,SUCCESS,bcbab1ba6348418289a9a6e336b37ce257be04707fd25fa0387fc03b75eb62c8,233.0,73.0,9.88676923,0.0625
/content/drive/MyDrive/AISC DeepFake Çalışmaları/Deneyler/Nazlıcan/Deney 1/Kaş/fake/train/fake_train_00170.jpg,fake/train/fake_train_00170.jpg,fake_train_00170.jpg,fake,1,train,455d67fe8b90d4d81d3f012116bef0c87ab08d350b3917c4bdec1d32425c095d,,170,0.0,SUCCESS,d809e4741b941bf22f38ebce417f5659b7af54ddd527770f06f13044f6ea6c9f,165.0,43.0,35.61423834,0.0
/content/drive/MyDrive/AISC DeepFake Çalışmaları/Deneyler/Nazlıcan/Deney 1/Kaş/fake/train/fake_train_00172.jpg,fake/train/fake_train_00172.jpg,fake_train_00172.jpg,fake,1,train,7e45f28040896609fc794565f9f02f700b00c3c64e6f96ef6a4f0f401a50fcec,,172,0.0,SUCCESS,1aa5a88b40cd2abb415ed7a2379e9c01c56b2c2005dd957a1474e358764f24a1,387.0,108.0,10.95553311,0.0
/content/drive/MyDrive/AISC DeepFake Çalışmaları/Deneyler/Nazlıcan/Deney 1/Kaş/fake/train/fake_train_00173.jpg,fake/train/fake_train_00173.jpg,fake_train_00173.jpg,fake,1,train,26251bcb1116c9c40cd97c95148c8858d0fa8cbb5797334cc79c3ccf8fe422c2,,173,0.0,SUCCESS,bd6004f46e2a47fc5494a191dedea2d9543d19aa68c4210bc9d8f1093ef80e66,124.0,46.0,26.64244645,0.15625
/content/drive/MyDrive/AISC DeepFake Çalışmaları/Deneyler/Nazlıcan/Deney 1/Kaş/fake/train/fake_train_00174.jpg,fake/train/fake_train_00174.jpg,fake_train_00174.jpg,fake,1,train,573cd31df3e2784aef280a6390108c7ab92f39f48a3ba00f8459cc2179891763,,174,0.0,SUCCESS,b25a965a5485926f306a833f453a751e423606f41b3f95abae155c449c3135a6,76.0,15.0,50.47517005,0.0
/content/drive/MyDrive/AISC DeepFake Çalışmaları/Deneyler/Nazlıcan/Deney 1/Kaş/fake/train/fake_train_00176.jpg,fake/train/fake_train_00176.jpg,fake_train_00176.jpg,fake,1,train,5d8cf11ae8feaecad8e869f97ff2e7f44846d542c9118a0020f45a54a5fc1076,,176,0.0,SUCCESS,d3daf57bac5b1c4dbf95f22bb80b5f17308d58e663fa03db08059b5c2b403d11,102.0,20.0,1539.16006127,0.09375
/content/drive/MyDrive/AISC DeepFake Çalışmaları/Deneyler/Nazlıcan/Deney 1/Kaş/fake/train/fake_train_00177.jpg,fake/train/fake_train_00177.jpg,fake_train_00177.jpg,fake,1,train,07e6f4828db96cef4fae13bd710729fd61ea4870b5e27ad10e997dc56457dde5,,177,0.0,SUCCESS,bf66e326a2cedc1e111ab5f9f279d5b400dd6e5d834e0fb0baa80ddfb519f906,252.0,63.0,82.36308274,0.0
/content/drive/MyDrive/AISC DeepFake Çalışmaları/Deneyler/Nazlıcan/Deney 1/Kaş/fake/train/fake_train_00179.jpg,fake/train/fake_train_00179.jpg,fake_train_00179.jpg,fake,1,train,438c3ed1fb07e94d74672dde89526c0b8650fdf09e63b302ec24d5ca9d8d11ec,,179,0.0,SUCCESS,12d2bbdf72495c655cfbfee1da2c030dc8022ba0e0a04762e94d716e81a2972d,86.0,21.0,134.6755064,0.09375
/content/drive/MyDrive/AISC DeepFake Çalışmaları/Deneyler/Nazlıcan/Deney 1/Kaş/fake/train/fake_train_00180.jpg,fake/train/fake_train_00180.jpg,fake_train_00180.jpg,fake,1,train,491281cc8f8318c0616cba7bec0ea8b4d98e66867a260ecb22b8923b2a003e89,,180,0.0,SUCCESS,f673236d40fb5bb43015a781b35d7c72b3bb3b112be955d6b1f47926d04d51a9,64.0,15.0,185.45379232,0.125
/content/drive/MyDrive/AISC DeepFake Çalışmaları/Deneyler/Nazlıcan/Deney 1/Kaş/fake/train/fake_train_00181.jpg,fake/train/fake_train_00181.jpg,fake_train_00181.jpg,fake,1,train,d7bc5ff2176986ca996940bac3afe6804acb01310f8664dad5f1b46f97e47575,,181,0.0,SUCCESS,78f120ff9ff3b3ee6cb75f54690b8d1b448713ab4dec8f3f7abe275814e3fc7a,110.0,33.0,43.9625594,0.09375
/content/drive/MyDrive/AISC DeepFake Çalışmaları/Deneyler/Nazlıcan/Deney 1/Kaş/fake/train/fake_train_00183.jpg,fake/train/fake_train_00183.jpg,fake_train_00183.jpg,fake,1,train,6a5310cd1550c6f80ce845c43a56df98a7145c1591d7ec51a7dbd139cc8dfc85,,183,0.0,SUCCESS,7d44c752284586bc3cf6d104901a8c26aa9f9020afdba981316800f9ba4a20bf,100.0,23.0,33.55399074,0.1875
/content/drive/MyDrive/AISC DeepFake Çalışmaları/Deneyler/Nazlıcan/Deney 1/Kaş/fake/train/fake_train_00185.jpg,fake/train/fake_train_00185.jpg,fake_train_00185.jpg,fake,1,train,4d57eefbae545a0b506e6e7358f54e96499d6c236050d80594fa957b20626ebc,,185,0.0,SUCCESS,d79cbb0f00c82c8837ba62077abdb606066d0d65955bf459b60bc55911c480bf,84.0,17.0,305.92516222,0.0
/content/drive/MyDrive/AISC DeepFake Çalışmaları/Deneyler/Nazlıcan/Deney 1/Kaş/fake/train/fake_train_00186.jpg,fake/train/fake_train_00186.jpg,fake_train_00186.jpg,fake,1,train,c159af6d53b8f370615a4e6aa1f1280fb60f6d4868f918795efe3fca20347196,,186,0.0,SUCCESS,adeeca506a28fc35ef1fd35e9807493735635edc5f84c7c9a327971b04930a40,114.0,33.0,82.56399553,0.25
/content/drive/MyDrive/AISC DeepFake Çalışmaları/Deneyler/Nazlıcan/Deney 1/Kaş/fake/train/fake_train_00189.jpg,fake/train/fake_train_00189.jpg,fake_train_00189.jpg,fake,1,train,5def5d28c2fa5cd09d93dc44638629ce596a24c43f59608e66254e0329faddd4,,189,0.0,SUCCESS,462f8db2c5be946a20f2fdd2e17bd5af944ed6757072f9fd8e571a4f4c971f36,177.0,37.0,63.9830249,0.0
/content/drive/MyDrive/AISC DeepFake Çalışmaları/Deneyler/Nazlıcan/Deney 1/Kaş/fake/train/fake_train_00191.jpg,fake/train/fake_train_00191.jpg,fake_train_00191.jpg,fake,1,train,2aade9019192c78c6944d1a31443e05cb9e452fc5070b5b1f752cd0f2d481e30,,191,0.0,SUCCESS,2ff6cd4f3186d444ca0a58d32e6b59694fb46b9a7ff2e9ef492eb1f5eaf68b89,248.0,45.0,11.15479426,0.0625
/content/drive/MyDrive/AISC DeepFake Çalışmaları/Deneyler/Nazlıcan/Deney 1/Kaş/fake/train/fake_train_00192.jpg,fake/train/fake_train_00192.jpg,fake_train_00192.jpg,fake,1,train,d791e6fa4d710d3f1fb79b220570edbd3c3e7ded50efea6eb28b1a939ead0dd2,,192,0.0,SUCCESS,42a5221f7ac2ad734b30b328af2eb5ee9096cf270906cc6bace1b861eface5ee,86.0,28.0,283.1163584,0.03125
/content/drive/MyDrive/AISC DeepFake Çalışmaları/Deneyler/Nazlıcan/Deney 1/Kaş/fake/train/fake_train_00195.jpg,fake/train/fake_train_00195.jpg,fake_train_00195.jpg,fake,1,train,f509906f85d30244111a30894b7f135b7b705320429a329b10f84e515e473844,,195,0.0,SUCCESS,7f0ec339b220e95383f7070acf0a63c4a92fe75cc5282c0ab01640fe1e1d10af,202.0,37.0,34.728454,0.0
/content/drive/MyDrive/AISC DeepFake Çalışmaları/Deneyler/Nazlıcan/Deney 1/Kaş/fake/train/fake_train_00197.jpg,fake/train/fake_train_00197.jpg,fake_train_00197.jpg,fake,1,train,23ccaff7f9c7d42a17825c632796f43a19c3cf76114c6edc19d5f553a4f9974d,,197,0.0,SUCCESS,481701150ba8fb0d62493aa74388a41c5b43b3e0a1d3e0a8ba02c49bea19bd1f,87.0,19.0,44.17982008,0.0625
/content/drive/MyDrive/AISC DeepFake Çalışmaları/Deneyler/Nazlıcan/Deney 1/Kaş/fake/train/fake_train_00198.jpg,fake/train/fake_train_00198.jpg,fake_train_00198.jpg,fake,1,train,340f9f2906c06c2d9166d1c1f34b7a1963c73772e21ef5be36d6ec56c985b9f9,,198,0.0,SUCCESS,ff28f6697501ef36dd69deaec7e4be7de5c58de53131aa386a33a8827834b0b1,246.0,55.0,51.12180425,0.0
/content/drive/MyDrive/AISC DeepFake Çalışmaları/Deneyler/Nazlıcan/Deney 1/Kaş/fake/train/fake_train_00201.jpg,fake/train/fake_train_00201.jpg,fake_train_00201.jpg,fake,1,train,f8da8f8d4ce8bedd1f4c6c39e6f41a3308d4332912a48729bc3ca1a3a47f5d9c,,201,0.0,SUCCESS,58c29183552a7e95242339ae101a0378bd901acd39a151cc97af36b964254eb3,110.0,29.0,72.00206327,0.09375
/content/drive/MyDrive/AISC DeepFake Çalışmaları/Deneyler/Nazlıcan/Deney 1/Kaş/fake/train/fake_train_00202.jpg,fake/train/fake_train_00202.jpg,fake_train_00202.jpg,fake,1,train,b2a74cbcea4e2e59ec6333d7fae6d8c6ade54469dbe8afb626ab5fd1f0856395,,202,0.0,SUCCESS,0c05ac9ceabfc05997a0a5f8b6fc481ddced3897887ff23908e736b482b13d44,152.0,45.0,7.95719194,0.0
/content/drive/MyDrive/AISC DeepFake Çalışmaları/Deneyler/Nazlıcan/Deney 1/Kaş/fake/train/fake_train_00203.jpg,fake/train/fake_train_00203.jpg,fake_train_00203.jpg,fake,1,train,1e2f08e0b12bcc05f60fd05da1d40d2c4a8a964e7a48a065bdee1992080c8ab5,,203,0.0,SUCCESS,26d3c31240d6e3193a631b43cad8982a99a9234f0fb0b09be8aa997289a90930,100.0,22.0,84.90694029,0.0
/content/drive/MyDrive/AISC DeepFake Çalışmaları/Deneyler/Nazlıcan/Deney 1/Kaş/fake/train/fake_train_00204.jpg,fake/train/fake_train_00204.jpg,fake_train_00204.jpg,fake,1,train,11c344471c8923b3b0aa5f42148cbe5781ca39d1823490d77cca375824fc38eb,,204,0.0,SUCCESS,7de874799c71a32abe2f919ed6e1c22d517fae357b63dbb6464fd5fd18b01ed1,160.0,62.0,21.35766185,0.0625
/content/drive/MyDrive/AISC DeepFake Çalışmaları/Deneyler/Nazlıcan/Deney 1/Kaş/fake/train/fake_train_00206.jpg,fake/train/fake_train_00206.jpg,fake_train_00206.jpg,fake,1,train,bc24bdbb29ba778d233b57aca1eb730f38b3257f08473a4164447619ed448ca9,,206,0.0,SUCCESS,4b341b64b833fab2270366f26a16278cad347df80c25d8d07dc0f68202d0285b,190.0,42.0,17.91859951,0.0
/content/drive/MyDrive/AISC DeepFake Çalışmaları/Deneyler/Nazlıcan/Deney 1/Kaş/fake/train/fake_train_00207.jpg,fake/train/fake_train_00207.jpg,fake_train_00207.jpg,fake,1,train,95f67e65d7e73b329945dfa8d6de2aa7400c4afaa9935ce528dd61868c678ab4,,207,0.0,SUCCESS,4fbefc8734bec170dc529125686c624878ec59027e2effd97681518cc90fd217,116.0,29.0,33.22954455,0.0
/content/drive/MyDrive/AISC DeepFake Çalışmaları/Deneyler/Nazlıcan/Deney 1/Kaş/fake/train/fake_train_00209.jpg,fake/train/fake_train_00209.jpg,fake_train_00209.jpg,fake,1,train,9c4edf02ed157f5dd207e3cdecc623b9406f29b511517b635f173e7255116503,,209,0.0,SUCCESS,96c4d7c7cbd55f7e696d1f0c202502e75fef80a16780ee06b49fd93b7c46c8ca,230.0,52.0,37.43210658,0.0625
/content/drive/MyDrive/AISC DeepFake Çalışmaları/Deneyler/Nazlıcan/Deney 1/Kaş/fake/train/fake_train_00211.jpg,fake/train/fake_train_00211.jpg,fake_train_00211.jpg,fake,1,train,7d0214b8f09490fc9a7654e3e771178709e35827422d1e5f1e1695ced8bdbda5,,211,0.0,SUCCESS,5ab0420d294e4150d2250ce5eca8a067c72e5853335a8819a305ad30b11d1a9e,115.0,30.0,88.50808864,0.0
/content/drive/MyDrive/AISC DeepFake Çalışmaları/Deneyler/Nazlıcan/Deney 1/Kaş/fake/train/fake_train_00212.jpg,fake/train/fake_train_00212.jpg,fake_train_00212.jpg,fake,1,train,2586281f6adba93a17b785565529541b63cc413f68648a0702858bf0364e82d7,,212,0.0,SUCCESS,5862b2cbb52d635e386cc421a0df7ea2e824577c7f799f497bab84ef18ae63ba,369.0,73.0,6.46328321,0.0
/content/drive/MyDrive/AISC DeepFake Çalışmaları/Deneyler/Nazlıcan/Deney 1/Kaş/fake/train/fake_train_00213.jpg,fake/train/fake_train_00213.jpg,fake_train_00213.jpg,fake,1,train,5322b6a785e9c504136ad1d3d2908e57f62a60bc583f62818a29990d6f8e8423,,213,0.0,SUCCESS,7322c508f4c8eafa1945a89bef331938e5db76eca81252be11e3970816f38a88,177.0,39.0,9.11860785,0.09375
/content/drive/MyDrive/AISC DeepFake Çalışmaları/Deneyler/Nazlıcan/Deney 1/Kaş/fake/train/fake_train_00215.jpg,fake/train/fake_train_00215.jpg,fake_train_00215.jpg,fake,1,train,8d3161f858a170965f03317372f2c7f1f428727838ff65c6600e1d95ddf95b58,,215,0.0,SUCCESS,028f860bf388f27724c693f19a46b244196fac3215105e6a180bfeb023b7ed92,204.0,58.0,32.77808667,0.0625
/content/drive/MyDrive/AISC DeepFake Çalışmaları/Deneyler/Nazlıcan/Deney 1/Kaş/fake/train/fake_train_00216.jpg,fake/train/fake_train_00216.jpg,fake_train_00216.jpg,fake,1,train,cd64e3f06d6f648ff86369aeea8648dae27b785c7dc701aa708592b72bc528fc,,216,0.0,SUCCESS,9b740df81d82aaa8069050bb5e7f02b61123938683486b72710df5e759730301,119.0,22.0,47.49169965,0.0
/content/drive/MyDrive/AISC DeepFake Çalışmaları/Deneyler/Nazlıcan/Deney 1/Kaş/fake/train/fake_train_00218.jpg,fake/train/fake_train_00218.jpg,fake_train_00218.jpg,fake,1,train,fab6e4cd6faba830ca8bdc70769c7d94b047d42215021e5e7f259a1917b7473f,,218,0.0,SUCCESS,a86cf434bb0c5d24319c9d13744b06c1ae23fbb6375ed6d189e4fa7656c901e5,118.0,27.0,205.48744616,0.0
/content/drive/MyDrive/AISC DeepFake Çalışmaları/Deneyler/Nazlıcan/Deney 1/Kaş/fake/train/fake_train_00219.jpg,fake/train/fake_train_00219.jpg,fake_train_00219.jpg,fake,1,train,4df7562ec8b41cf0864ba1aa5a72a59e4aab87db9de8feb0d7ea636d13686fe3,,219,0.0,SUCCESS,265b840bcdd71898246491a44d7a094aa370f83b07935ce7e22ca1caf0f58d1d,92.0,18.0,155.53370995,0.0
/content/drive/MyDrive/AISC DeepFake Çalışmaları/Deneyler/Nazlıcan/Deney 1/Kaş/fake/train/fake_train_00220.jpg,fake/train/fake_train_00220.jpg,fake_train_00220.jpg,fake,1,train,1332b53a1aa6e9b2a762c456bd439cc1695a2a5448ed27c61e9396d300944502,,220,0.0,SUCCESS,12c87db2cafc4499ef340a961c01765eda4f22f6bea0170d7fefdf7b81439134,96.0,29.0,141.76106887,0.09375
/content/drive/MyDrive/AISC DeepFake Çalışmaları/Deneyler/Nazlıcan/Deney 1/Kaş/fake/train/fake_train_00222.jpg,fake/train/fake_train_00222.jpg,fake_train_00222.jpg,fake,1,train,cadfdea1565555e22927990f770fc50dca04ea10d1ac93af4c705c822ca7368e,,222,0.0,SUCCESS,83818df7d5201b584fa2abf1747433abe1bbfc976bf1526dac35f2667008abeb,80.0,26.0,247.2568082,0.09375
/content/drive/MyDrive/AISC DeepFake Çalışmaları/Deneyler/Nazlıcan/Deney 1/Kaş/fake/train/fake_train_00224.jpg,fake/train/fake_train_00224.jpg,fake_train_00224.jpg,fake,1,train,7cba85b902261f96b33704e8b16370391e14cdd9f7f24f0052e03df05a3494b3,,224,0.0,SUCCESS,7188b8f963ca920cf0a3e48a97bec2097d8c8e4d754183ee7d6e39b93f317f2a,133.0,30.0,38.81220526,0.0625
/content/drive/MyDrive/AISC DeepFake Çalışmaları/Deneyler/Nazlıcan/Deney 1/Kaş/fake/train/fake_train_00225.jpg,fake/train/fake_train_00225.jpg,fake_train_00225.jpg,fake,1,train,9416e2b9e917818c64aa79fcd8d29e83dfda4f2c7b9964c35961574754a6de9c,,225,0.0,SUCCESS,06ef180e1c8c634f5a0270a59113459a7fb0d150d6bfb56ceedd251b3c3b0661,253.0,53.0,8.31483244,0.0625
/content/drive/MyDrive/AISC DeepFake Çalışmaları/Deneyler/Nazlıcan/Deney 1/Kaş/fake/train/fake_train_00227.jpg,fake/train/fake_train_00227.jpg,fake_train_00227.jpg,fake,1,train,92653d7d0f523f5faa81a50ed362c693e576914f97361791ee4ae6f47e843dbf,,227,0.0,SUCCESS,3704e3d80ea89b56fd5862cd75e6bdc12d2ab75bd2909604a2fd1fdc4b5ff1d6,76.0,21.0,205.00007538,0.03125
/content/drive/MyDrive/AISC DeepFake Çalışmaları/Deneyler/Nazlıcan/Deney 1/Kaş/fake/train/fake_train_00228.jpg,fake/train/fake_train_00228.jpg,fake_train_00228.jpg,fake,1,train,a2ab282fc29fd04eda56a86108c43f6517ed22ee8e0e2b1933743e4de72bb5b5,,228,0.0,SUCCESS,8e0e287d92dd6b97b642336e8f893d00e2f0b75a5757c0de76e1572644728bc9,337.0,66.0,3.11192409,0.0
/content/drive/MyDrive/AISC DeepFake Çalışmaları/Deneyler/Nazlıcan/Deney 1/Kaş/fake/train/fake_train_00229.jpg,fake/train/fake_train_00229.jpg,fake_train_00229.jpg,fake,1,train,562974ed8c87cc4807b6a474d33561ad7aefa8d9af4849713f0d9db8c3335a51,,229,0.0,SUCCESS,5b082657375db1290c258185da63c3fc2d795bea1591d884fffba2840d4b8529,257.0,67.0,38.8589616,0.0
/content/drive/MyDrive/AISC DeepFake Çalışmaları/Deneyler/Nazlıcan/Deney 1/Kaş/fake/train/fake_train_00231.jpg,fake/train/fake_train_00231.jpg,fake_train_00231.jpg,fake,1,train,186e2d92d24df5e7fd2b88dd7c53a5b184109d4a36a13f1a330c714890e92deb,,231,0.0,SUCCESS,2c20618aa6275090541f8fae3dd90606358bee1bf46475e1b18c16b606e3557b,138.0,34.0,67.55176407,0.09375
/content/drive/MyDrive/AISC DeepFake Çalışmaları/Deneyler/Nazlıcan/Deney 1/Kaş/fake/train/fake_train_00232.jpg,fake/train/fake_train_00232.jpg,fake_train_00232.jpg,fake,1,train,7d107e7949a1300a456d82ba51a4b018ccc0463e66aa9dabe46dab829899de0c,,232,0.0,SUCCESS,d8dfc4132c13bcb82480d6e80431ad1bfc631dcaec5b3bbd772b6be869252021,86.0,23.0,447.76269117,0.09375
/content/drive/MyDrive/AISC DeepFake Çalışmaları/Deneyler/Nazlıcan/Deney 1/Kaş/fake/train/fake_train_00233.jpg,fake/train/fake_train_00233.jpg,fake_train_00233.jpg,fake,1,train,0cbf921ab1e9003aaa70c2086a3108bc547e8508fcfa070c4676021b3a2b981e,,233,0.0,SUCCESS,ee4695f3a037a370ddfdf380d1e8a62d2a70e524cff525231d68f1a83d73b5ef,92.0,24.0,122.42441189,0.09375
/content/drive/MyDrive/AISC DeepFake Çalışmaları/Deneyler/Nazlıcan/Deney 1/Kaş/fake/train/fake_train_00236.jpg,fake/train/fake_train_00236.jpg,fake_train_00236.jpg,fake,1,train,355af03bef33e8715d39c71d547e8066c281b90b8c5f8f8a2e992f79fad881b8,,236,0.0,SUCCESS,67f89265e667319e01b4be449bd3acfcc2720e98c10dbb821ad870916b6bfc8c,210.0,63.0,13.5005656,0.0625
/content/drive/MyDrive/AISC DeepFake Çalışmaları/Deneyler/Nazlıcan/Deney 1/Kaş/fake/train/fake_train_00237.jpg,fake/train/fake_train_00237.jpg,fake_train_00237.jpg,fake,1,train,912f03d7cd18d91d20bf21a242850ae8935332a33b62d3da4c9e4604300388b1,,237,0.0,SUCCESS,f79a81ac6d9f4a5d9890afd699f1f04876b0a8aa026d1bdfc24ffa64e2dae11f,92.0,23.0,669.33917899,0.03125
/content/drive/MyDrive/AISC DeepFake Çalışmaları/Deneyler/Nazlıcan/Deney 1/Kaş/fake/train/fake_train_00238.jpg,fake/train/fake_train_00238.jpg,fake_train_00238.jpg,fake,1,train,d312b397cdf6cd1c1579ccd7b3c88d06fbe0e8fd934ddc3d336f194cc24cbe6a,,238,0.0,SUCCESS,a29f701242bb4d97c0021b06e385bfc4a61614d007465dc102c5d879bbc9bab6,104.0,21.0,39.84400011,0.0
/content/drive/MyDrive/AISC DeepFake Çalışmaları/Deneyler/Nazlıcan/Deney 1/Kaş/fake/train/fake_train_00239.jpg,fake/train/fake_train_00239.jpg,fake_train_00239.jpg,fake,1,train,8e63c2757f96be8c2bd2cf238a7bdceabb3e727932d51121bd06a96aeb96c720,,239,0.0,SUCCESS,e1eda739bcf07bb8adea7fce21210bb30add0c36119f5870b8d5c33eff283da6,79.0,15.0,233.4827282,0.03125
/content/drive/MyDrive/AISC DeepFake Çalışmaları/Deneyler/Nazlıcan/Deney 1/Kaş/fake/train/fake_train_00241.jpg,fake/train/fake_train_00241.jpg,fake_train_00241.jpg,fake,1,train,fd8744835d9c8bfa1e3e544be124de5564ca16a7799eed63cdbdbbd7be286a21,,241,0.0,SUCCESS,7b2773c720521cbd1eefe3eb7d564780f437b5c32c69e613ffbf58c32c7de9ec,90.0,19.0,146.29644985,0.0
/content/drive/MyDrive/AISC DeepFake Çalışmaları/Deneyler/Nazlıcan/Deney 1/Kaş/fake/train/fake_train_00242.jpg,fake/train/fake_train_00242.jpg,fake_train_00242.jpg,fake,1,train,c37f854474ded85af811384c599de1cdf0b59c85eeaba4cca46a3bb90eb65494,,242,0.0,SUCCESS,73a28f1217fa89625cf59a77dcbcfa9a332f44994298491e6a918b9e33021769,254.0,65.0,21.93028407,0.0
/content/drive/MyDrive/AISC DeepFake Çalışmaları/Deneyler/Nazlıcan/Deney 1/Kaş/fake/train/fake_train_00243.jpg,fake/train/fake_train_00243.jpg,fake_train_00243.jpg,fake,1,train,f3e3641ab56007bf34064517c4d1433216649a43eb3ff86a02278fd4234b09dc,,243,0.0,SUCCESS,8e74777ca26be41db242301d3e20d993b233d669f4b8870a2b65a4a15132f975,182.0,53.0,23.44639298,0.03125
/content/drive/MyDrive/AISC DeepFake Çalışmaları/Deneyler/Nazlıcan/Deney 1/Kaş/fake/train/fake_train_00244.jpg,fake/train/fake_train_00244.jpg,fake_train_00244.jpg,fake,1,train,0a31140b8d338f402bc790baa3ac278f0fe8cf109ff14f33bd6edac3da99f0e5,,244,0.0,SUCCESS,33afd3c1598a077bc598b5faebdaefbbdd1284c54e2322c0b4b474b74a18a3d5,299.0,86.0,25.43702645,0.0625
/content/drive/MyDrive/AISC DeepFake Çalışmaları/Deneyler/Nazlıcan/Deney 1/Kaş/fake/train/fake_train_00245.jpg,fake/train/fake_train_00245.jpg,fake_train_00245.jpg,fake,1,train,d5adf652bd190634269259b677eda93eb8cf9d41a2992c2552872f66cc0f39ce,,245,0.0,SUCCESS,320737d05b495026063a4d802cae35ba5f31e53ff8238fcad934e756ceaee8f5,107.0,20.0,63.9814534,0.0
/content/drive/MyDrive/AISC DeepFake Çalışmaları/Deneyler/Nazlıcan/Deney 1/Kaş/fake/train/fake_train_00246.jpg,fake/train/fake_train_00246.jpg,fake_train_00246.jpg,fake,1,train,20d8052e6a83597cfd2818dedb44da9735232d255ddaaada443266d463a5b15a,,246,0.0,SUCCESS,553d1c640f6d18332aca9ed1837076471d0016bbbc3363ce65a90493fefc4ec1,157.0,53.0,29.03353933,0.0
/content/drive/MyDrive/AISC DeepFake Çalışmaları/Deneyler/Nazlıcan/Deney 1/Kaş/fake/train/fake_train_00247.jpg,fake/train/fake_train_00247.jpg,fake_train_00247.jpg,fake,1,train,4ad2c388be9a745ba4d9829f59bf928c7e3643e66c775b9f039c9cc8199efb6e,,247,0.0,SUCCESS,6ef30ae334d8d31b2d4f1c385ab260eb42e71d8888cb42630a56f3d78ed773e0,96.0,29.0,365.18052549,0.0
/content/drive/MyDrive/AISC DeepFake Çalışmaları/Deneyler/Nazlıcan/Deney 1/Kaş/fake/train/fake_train_00249.jpg,fake/train/fake_train_00249.jpg,fake_train_00249.jpg,fake,1,train,acf78c878d157a42e9d76a34215dff4521a601f3b7f6dc3acb077c23138a8a00,,249,0.0,SUCCESS,279c2fe16a68107e6478abe502d6d4e89f6bd52da20e35a227caaffdd5716c95,92.0,26.0,82.93624355,0.0
/content/drive/MyDrive/AISC DeepFake Çalışmaları/Deneyler/Nazlıcan/Deney 1/Kaş/fake/train/fake_train_00250.jpg,fake/train/fake_train_00250.jpg,fake_train_00250.jpg,fake,1,train,6ce49603b1c3036f8ccffa30af637af9172bbd33cd982b3f3b12f28e2ec9bf02,,250,0.0,SUCCESS,29d5ad99859ca08373e8bb04e0b7c1a59b224b140be3fbbc1b62fc5400c486b9,194.0,38.0,53.39444926,0.09375
/content/drive/MyDrive/AISC DeepFake Çalışmaları/Deneyler/Nazlıcan/Deney 1/Kaş/fake/train/fake_train_00252.jpg,fake/train/fake_train_00252.jpg,fake_train_00252.jpg,fake,1,train,6d0f443b009efc06ba8137d0c06d5420451b9d8cbc1f0ba9fa55e62d3902219b,,252,0.0,SUCCESS,682c436bafb492e6919ef73059a05b7cc92b0bc94c0c8435d216602c0a7288bf,152.0,46.0,76.8879512,0.0
/content/drive/MyDrive/AISC DeepFake Çalışmaları/Deneyler/Nazlıcan/Deney 1/Kaş/fake/train/fake_train_00253.jpg,fake/train/fake_train_00253.jpg,fake_train_00253.jpg,fake,1,train,182f71395a196aaed9b03cf8481e99a5e05f017ee3896ffe18d844566e6a8693,,253,0.0,SUCCESS,9bbfefdc474f5b8dca0e9cf75283eacbbf1817e4e687d78a9dc55c2ce28a7b69,198.0,44.0,31.94001043,0.0
/content/drive/MyDrive/AISC DeepFake Çalışmaları/Deneyler/Nazlıcan/Deney 1/Kaş/fake/train/fake_train_00255.jpg,fake/train/fake_train_00255.jpg,fake_train_00255.jpg,fake,1,train,66fffd70ae733595022e7a7f423ed7eb4e8b3e6399eb64c5f976d5d3579e7023,,255,0.0,SUCCESS,88a8b5abb347bab4293559e7ea9de4ec044420d9c8dec225671baddc7831a773,206.0,56.0,11.21047156,0.09375
/content/drive/MyDrive/AISC DeepFake Çalışmaları/Deneyler/Nazlıcan/Deney 1/Kaş/fake/train/fake_train_00257.jpg,fake/train/fake_train_00257.jpg,fake_train_00257.jpg,fake,1,train,9cd2e603a64a26cb509836b46489f695e2d55032ef07d80771ec09f70e855e95,,257,0.0,SUCCESS,bd611d6f62aa91523f541c45baa9be45a9f2054cc7f8225317c7fc2e523d3e01,118.0,25.0,26.99146464,0.0
/content/drive/MyDrive/AISC DeepFake Çalışmaları/Deneyler/Nazlıcan/Deney 1/Kaş/fake/train/fake_train_00260.jpg,fake/train/fake_train_00260.jpg,fake_train_00260.jpg,fake,1,train,1330a71a5a6feddd3c1c73ac4359b40fdd9eb4404d029e98d672504c2a068fb8,,260,0.0,SUCCESS,3a845af72ac43215ea3356e995f80c20fec2af28abdd042fb5a2e8257e8db337,106.0,24.0,98.28290515,0.09375
/content/drive/MyDrive/AISC DeepFake Çalışmaları/Deneyler/Nazlıcan/Deney 1/Kaş/fake/train/fake_train_00262.jpg,fake/train/fake_train_00262.jpg,fake_train_00262.jpg,fake,1,train,9d5f49da5dfa8316dabf712c87ae80e942493249d49170d0e001d205508058f1,,262,0.0,SUCCESS,870319620e6b61fda5f4ee101ea2343f2d6d73a5e6f85ef9821f790fe1ec5106,66.0,20.0,374.46280934,0.09375
/content/drive/MyDrive/AISC DeepFake Çalışmaları/Deneyler/Nazlıcan/Deney 1/Kaş/fake/train/fake_train_00263.jpg,fake/train/fake_train_00263.jpg,fake_train_00263.jpg,fake,1,train,86f7bf01b098724bcd02b73930d24bc9399beff63a07c26760e23fbc59cef970,,263,0.0,SUCCESS,b6ffab2574520688619ee7e8edce69eebd20c7aa29be0d258c55519b5cecc47b,193.0,60.0,69.18920313,0.0
/content/drive/MyDrive/AISC DeepFake Çalışmaları/Deneyler/Nazlıcan/Deney 1/Kaş/fake/train/fake_train_00264.jpg,fake/train/fake_train_00264.jpg,fake_train_00264.jpg,fake,1,train,13e53ed9329ffc08a6afe38b48677e6ba99d35f14ec4c9d3c529232d8ba1f6d5,,264,0.0,SUCCESS,e14c1c70365a835d57af7c062b50b98f7e755a9e61644e0a29cf4497849673d1,107.0,29.0,38.04861097,0.125
/content/drive/MyDrive/AISC DeepFake Çalışmaları/Deneyler/Nazlıcan/Deney 1/Kaş/fake/train/fake_train_00266.jpg,fake/train/fake_train_00266.jpg,fake_train_00266.jpg,fake,1,train,68a08b225c10dc7fb1d7c61cc68976565f54f60618a3873867cbe62140e50391,,266,0.0,SUCCESS,520c502a13aa61a5829216a466720582ce406c84a678a11e523afcfb53439612,404.0,86.0,6.55617096,0.0
/content/drive/MyDrive/AISC DeepFake Çalışmaları/Deneyler/Nazlıcan/Deney 1/Kaş/fake/train/fake_train_00267.jpg,fake/train/fake_train_00267.jpg,fake_train_00267.jpg,fake,1,train,c9014e49d1cf8efadc2f259374fc1d273783646feac9d02ec3a02e96f4c6cf74,,267,0.0,SUCCESS,436c13db6a3f7fa5f2b06b824c906e3cca69ed91edfcf9d559a3fbbe2b9b280c,90.0,20.0,227.77236914,0.09375
/content/drive/MyDrive/AISC DeepFake Çalışmaları/Deneyler/Nazlıcan/Deney 1/Kaş/fake/train/fake_train_00268.jpg,fake/train/fake_train_00268.jpg,fake_train_00268.jpg,fake,1,train,685fbe36a68125afb77686a1bc2d990db6acab77ba3059040e4443de75f46465,,268,0.0,SUCCESS,14fd3128dfeb0449b7eda059062f1230afca54bf9978b6e70aa78be4a08aba32,105.0,24.0,90.33350907,0.09375
/content/drive/MyDrive/AISC DeepFake Çalışmaları/Deneyler/Nazlıcan/Deney 1/Kaş/fake/train/fake_train_00271.jpg,fake/train/fake_train_00271.jpg,fake_train_00271.jpg,fake,1,train,2fe71baf1ca4cd2b638a7a858a93fbe63738b020807c731c272e1cf14e727095,,271,0.0,SUCCESS,c45b486aea4272e81fc0a4f71345f41197ef93f6d48dac3000fe74815c20973e,97.0,25.0,90.08181715,0.0
/content/drive/MyDrive/AISC DeepFake Çalışmaları/Deneyler/Nazlıcan/Deney 1/Kaş/fake/train/fake_train_00272.jpg,fake/train/fake_train_00272.jpg,fake_train_00272.jpg,fake,1,train,d968f2165a2b05bb0ea5479cccad47b5e34e8b4f07b927535a8d0e6b34190c56,,272,0.0,SUCCESS,0ef7c937c28cb3ee825404d72d0204df9d9e02408f3aa79b95157af76462fec3,270.0,56.0,16.56946418,0.0
/content/drive/MyDrive/AISC DeepFake Çalışmaları/Deneyler/Nazlıcan/Deney 1/Kaş/fake/train/fake_train_00273.jpg,fake/train/fake_train_00273.jpg,fake_train_00273.jpg,fake,1,train,44924626213d245289735d11d5e225cd8a3424606f6a1a81b9bcf533595b4459,,273,0.0,SUCCESS,3c4308568e391527b51c9d24c60cc192acb647eed0d273270e9a4d008a196b3f,111.0,25.0,72.98825173,0.0
/content/drive/MyDrive/AISC DeepFake Çalışmaları/Deneyler/Nazlıcan/Deney 1/Kaş/fake/train/fake_train_00274.jpg,fake/train/fake_train_00274.jpg,fake_train_00274.jpg,fake,1,train,8c593fee0bcc9ddc79461e0306b2fa139588a5b6ec4c9433ec14a8af49bfe3ab,,274,0.0,SUCCESS,6a74dbf5c026b70a17a6fb2ddfd229d2da58624ffb3bf6b90df3c9c895fdf3e8,166.0,39.0,161.22790318,0.03125
/content/drive/MyDrive/AISC DeepFake Çalışmaları/Deneyler/Nazlıcan/Deney 1/Kaş/fake/train/fake_train_00275.jpg,fake/train/fake_train_00275.jpg,fake_train_00275.jpg,fake,1,train,931301fbf122d33e6db457ab84710fa4211f7a14dffccc0834c133fd33d44588,,275,0.0,SUCCESS,ba2743be228636287286c96a11ddc7288d01b7c3484b1d57b474adbd4d7fdab2,158.0,34.0,21.54956906,0.0
/content/drive/MyDrive/AISC DeepFake Çalışmaları/Deneyler/Nazlıcan/Deney 1/Kaş/fake/train/fake_train_00276.jpg,fake/train/fake_train_00276.jpg,fake_train_00276.jpg,fake,1,train,75c879b6ac3398900d6f78382b3c4b87f1b82736768334fcb0201e4fee883ddf,,276,0.0,SUCCESS,1c3528754f461a212d3806b04756a4264f3a3c40d41f8716a324dda95f5d67ed,166.0,46.0,22.80510175,0.0
/content/drive/MyDrive/AISC DeepFake Çalışmaları/Deneyler/Nazlıcan/Deney 1/Kaş/fake/train/fake_train_00278.jpg,fake/train/fake_train_00278.jpg,fake_train_00278.jpg,fake,1,train,81d05485374b665b2dd4bd2df2e09710beec88bafe498c970b62d16c80b21ef8,,278,0.0,SUCCESS,f2b5d8c62d056ceab47de76250fc99239871199c1484f91be6e84eedb47f52cd,148.0,48.0,50.24198895,0.09375
/content/drive/MyDrive/AISC DeepFake Çalışmaları/Deneyler/Nazlıcan/Deney 1/Kaş/fake/train/fake_train_00279.jpg,fake/train/fake_train_00279.jpg,fake_train_00279.jpg,fake,1,train,1453ea07c32e7756262724c303e4ea5a33aa310d85cec83cb5ae8ed5e8d9417b,,279,0.0,SUCCESS,aa236471d8fc0b154ea4a6cda452b10d2cca291e93edeed28ccff0085b0d3687,192.0,51.0,10.41285653,0.0625
/content/drive/MyDrive/AISC DeepFake Çalışmaları/Deneyler/Nazlıcan/Deney 1/Kaş/fake/train/fake_train_00280.jpg,fake/train/fake_train_00280.jpg,fake_train_00280.jpg,fake,1,train,9ec4f0e4f6be23720f3e94089f0fee881e82d8b8b9cd21c2947e6407c72a6f89,,280,0.0,SUCCESS,5c91300a4d048aade3eb1611170fbb225b85daf7ff40812e6fb3b1eb912d8d01,109.0,33.0,60.58285126,0.125
/content/drive/MyDrive/AISC DeepFake Çalışmaları/Deneyler/Nazlıcan/Deney 1/Kaş/fake/train/fake_train_00281.jpg,fake/train/fake_train_00281.jpg,fake_train_00281.jpg,fake,1,train,7d13f3d2d8e41f5d1f7744c510782abbc0f72ac03e275f74f3fa59ee741cf5b7,,281,0.0,SUCCESS,1b66c0dc2965311bfafd87ac9bf2d56bc8f2d4300a7b4b534f3f5f946ba2cd54,102.0,20.0,42.62274486,0.0
/content/drive/MyDrive/AISC DeepFake Çalışmaları/Deneyler/Nazlıcan/Deney 1/Kaş/fake/train/fake_train_00283.jpg,fake/train/fake_train_00283.jpg,fake_train_00283.jpg,fake,1,train,1124c8cff45768db927426cf8b074454413ecf0192a92a28d9cb02cf2319b788,,283,0.0,SUCCESS,68483ea6e2a5f766a6f4982e6958b0717107e909dbd825a6e189adc291cf99ef,107.0,33.0,144.61480173,0.09375
/content/drive/MyDrive/AISC DeepFake Çalışmaları/Deneyler/Nazlıcan/Deney 1/Kaş/fake/train/fake_train_00285.jpg,fake/train/fake_train_00285.jpg,fake_train_00285.jpg,fake,1,train,0974967ed251634eb192cbd6ae50555eecd216e2be616cdaea36af0671e9e941,,285,0.0,SUCCESS,82580bc9e20c26117decf7eb2d079eddd3d6a03ff900d5d41064919d2f0d9964,98.0,32.0,119.80806327,0.0
/content/drive/MyDrive/AISC DeepFake Çalışmaları/Deneyler/Nazlıcan/Deney 1/Kaş/fake/train/fake_train_00286.jpg,fake/train/fake_train_00286.jpg,fake_train_00286.jpg,fake,1,train,6c0f86ad34dd5ea289d37a444b21b81dda5d6801a8668e3a767420ea2545ac3d,,286,0.0,SUCCESS,c9963fe45f353e8f1313157d6c8c1d8f8f204afd7f2d96fcb5664228f56cf837,267.0,63.0,14.36449088,0.0
/content/drive/MyDrive/AISC DeepFake Çalışmaları/Deneyler/Nazlıcan/Deney 1/Kaş/fake/train/fake_train_00288.jpg,fake/train/fake_train_00288.jpg,fake_train_00288.jpg,fake,1,train,0e8ff19c5bad7b688a83e4f7063856781306a9035af4adca3617fb1c56911aa5,,288,0.0,SUCCESS,1f1782219fe9ea99e0f59dac17f417214854b7290c31844d20186ae7dd034993,89.0,18.0,116.30384772,0.0
/content/drive/MyDrive/AISC DeepFake Çalışmaları/Deneyler/Nazlıcan/Deney 1/Kaş/fake/train/fake_train_00290.jpg,fake/train/fake_train_00290.jpg,fake_train_00290.jpg,fake,1,train,2f44ec67f308fdfd04e9e7ee5a9fbd2a8b94cac9b50a4efa7a38b2d69115e9d0,,290,0.0,SUCCESS,d1635148ba622a7e3e2cbef7fb7ca8cb86f714282910ddda542f09cb84609520,130.0,45.0,119.5041923,0.09375
/content/drive/MyDrive/AISC DeepFake Çalışmaları/Deneyler/Nazlıcan/Deney 1/Kaş/fake/train/fake_train_00292.jpg,fake/train/fake_train_00292.jpg,fake_train_00292.jpg,fake,1,train,4154148597e1279625903677efb71cab7505fc942f8d04cd0802796e4bcc4811,,292,0.0,SUCCESS,681b8fe4150028c8da799fc04dfe2bff786059dfba088e3339e23d28a25910a4,221.0,70.0,35.60101302,0.09375
/content/drive/MyDrive/AISC DeepFake Çalışmaları/Deneyler/Nazlıcan/Deney 1/Kaş/fake/train/fake_train_00297.jpg,fake/train/fake_train_00297.jpg,fake_train_00297.jpg,fake,1,train,ef530aa44f2f4672147065b6c1d80efa6f57254c613a1b3eaa8fea81eae1d531,,297,0.0,SUCCESS,fcd86958b23a26d0b0622f17cb4405de3c8ab7aa6a127ef70d25c15e8113fcfb,136.0,35.0,25.05620789,0.0
/content/drive/MyDrive/AISC DeepFake Çalışmaları/Deneyler/Nazlıcan/Deney 1/Kaş/fake/train/fake_train_00298.jpg,fake/train/fake_train_00298.jpg,fake_train_00298.jpg,fake,1,train,cc551c29587086f2f90f2f559428d30ee98e9ae6f9420cbf88bb4bdae5b4d1d4,,298,0.0,SUCCESS,afad666cd9dccabc1e5d0227a3fe3f5cb31d4463679163279dd0fe88b1c43f5f,162.0,36.0,34.52572507,0.0
/content/drive/MyDrive/AISC DeepFake Çalışmaları/Deneyler/Nazlıcan/Deney 1/Kaş/fake/train/fake_train_00300.jpg,fake/train/fake_train_00300.jpg,fake_train_00300.jpg,fake,1,train,ca8ae11a996ab39c06c6dedaad3046bc827ab6f2b8254716d8184586de1a5fe7,,300,0.0,SUCCESS,3d8d9c0abd925a4d7629334f11878c29c789c2c00d46eb11fbfd966844623f93,113.0,24.0,144.39922194,0.21875
/content/drive/MyDrive/AISC DeepFake Çalışmaları/Deneyler/Nazlıcan/Deney 1/Kaş/fake/train/fake_train_00301.jpg,fake/train/fake_train_00301.jpg,fake_train_00301.jpg,fake,1,train,11d95829e13013eb473b20a038bc7bed927add4674b2cc32dfbffb0c00d62c94,,301,0.0,SUCCESS,e33084920229d87e99127934e538b327d590b749c72df85635c35eb191d6d2d6,414.0,84.0,18.41156875,0.0
/content/drive/MyDrive/AISC DeepFake Çalışmaları/Deneyler/Nazlıcan/Deney 1/Kaş/fake/train/fake_train_00302.jpg,fake/train/fake_train_00302.jpg,fake_train_00302.jpg,fake,1,train,8384b77158918c203d4ff6f7ff539d3a307d09f99e14644f571ae12e00ee2498,,302,0.0,SUCCESS,0b29860df94d93a2f019de8ac9fe6c07adee70f68ae77ab4d309f42738d1313e,110.0,30.0,109.40595445,0.0
/content/drive/MyDrive/AISC DeepFake Çalışmaları/Deneyler/Nazlıcan/Deney 1/Kaş/fake/train/fake_train_00303.jpg,fake/train/fake_train_00303.jpg,fake_train_00303.jpg,fake,1,train,cdf3d657fe6e2cc89e26e033cf3208a5e86b0012853fb7d9dec9c99ef49e2a84,,303,0.0,SUCCESS,9b59103ef8892cbae0f3b74541cb7b9feb7c4ee369d1c371117ca486a600b853,299.0,67.0,4.72686167,0.0
/content/drive/MyDrive/AISC DeepFake Çalışmaları/Deneyler/Nazlıcan/Deney 1/Kaş/fake/train/fake_train_00305.jpg,fake/train/fake_train_00305.jpg,fake_train_00305.jpg,fake,1,train,5d4218f652b08cd815028ac9c5940d91f8d60ac54ed2720adcaa85f60fc5da19,,305,0.0,SUCCESS,e67b9d58005afa36fefd3ed261ad833dd4cc73f30cc65d2d6e3ae6fca27d3ace,358.0,69.0,6.32146988,0.0
/content/drive/MyDrive/AISC DeepFake Çalışmaları/Deneyler/Nazlıcan/Deney 1/Kaş/fake/train/fake_train_00306.jpg,fake/train/fake_train_00306.jpg,fake_train_00306.jpg,fake,1,train,e4e5204cd201310c10798f68ca05bdcc6163a346ed254bfbc2ce5f8e5a039672,,306,0.0,SUCCESS,75629c43a21efbe09719a4a020dedbd0be7231fe4716321983d26bea572d7ac2,72.0,15.0,167.01229081,0.25
/content/drive/MyDrive/AISC DeepFake Çalışmaları/Deneyler/Nazlıcan/Deney 1/Kaş/fake/train/fake_train_00307.jpg,fake/train/fake_train_00307.jpg,fake_train_00307.jpg,fake,1,train,9f11a4c831e7266be45e4bdb28e1fed6e35483a810b77807693c30e37fe4c105,,307,0.0,SUCCESS,4270a51e3dc3dded1f805e656a14a2178831c8d3211817e44e3f70f1448fab0c,100.0,24.0,151.22154844,0.0
/content/drive/MyDrive/AISC DeepFake Çalışmaları/Deneyler/Nazlıcan/Deney 1/Kaş/fake/train/fake_train_00310.jpg,fake/train/fake_train_00310.jpg,fake_train_00310.jpg,fake,1,train,fbdea71a302c1b0746f10d7e34be0d370e61119ea94c2f813973eaf1e96c3a25,,310,0.0,SUCCESS,0cace27fc7a2e77e72c6eb1dcc63cb27ab4eabfa70c8c3668b0d2337ac2465d2,160.0,40.0,64.36794138,0.0625
/content/drive/MyDrive/AISC DeepFake Çalışmaları/Deneyler/Nazlıcan/Deney 1/Kaş/fake/train/fake_train_00311.jpg,fake/train/fake_train_00311.jpg,fake_train_00311.jpg,fake,1,train,bd8f7c7a7f8a255426391ee3c07a699881a6d800c84e6a7abbf5b4468ae4c5d4,,311,0.0,SUCCESS,725d70593916f55476cd7bb3dc0ec53ec86ef268c14e804ae9781233a6fed9a1,458.0,104.0,10.83723315,0.0
/content/drive/MyDrive/AISC DeepFake Çalışmaları/Deneyler/Nazlıcan/Deney 1/Kaş/fake/train/fake_train_00312.jpg,fake/train/fake_train_00312.jpg,fake_train_00312.jpg,fake,1,train,8117aa83e4eca639b6a10530d77b3c7312e7882d6f2083dd9defb408452e9529,,312,0.0,SUCCESS,70e1d735098d1bf377faa40a2a40432831c557c1bf77c2981f9f727d81e5f93f,117.0,23.0,74.90756987,0.0
/content/drive/MyDrive/AISC DeepFake Çalışmaları/Deneyler/Nazlıcan/Deney 1/Kaş/fake/train/fake_train_00313.jpg,fake/train/fake_train_00313.jpg,fake_train_00313.jpg,fake,1,train,c5c460ee7d7402e677f052a036765725c183c1ff93675bc20ca387d86c39dde0,,313,0.0,SUCCESS,f8311f55dfa745225ca2d134628c879dd064cad6db2589d39bde4b114f0c83b7,99.0,25.0,125.87233205,0.0
/content/drive/MyDrive/AISC DeepFake Çalışmaları/Deneyler/Nazlıcan/Deney 1/Kaş/fake/train/fake_train_00314.jpg,fake/train/fake_train_00314.jpg,fake_train_00314.jpg,fake,1,train,b291003cc901336c0d1ba6684b500209c2b7b7b1d782fc1d4e52d4b070c02276,,314,0.0,SUCCESS,d9d8a7fd5d3dd531873b29d8d68eeeab6294bab3ac60d675288740d61a2f9b4a,213.0,58.0,25.41684809,0.125
/content/drive/MyDrive/AISC DeepFake Çalışmaları/Deneyler/Nazlıcan/Deney 1/Kaş/fake/train/fake_train_00315.jpg,fake/train/fake_train_00315.jpg,fake_train_00315.jpg,fake,1,train,81de58e10fe023665b281628b46ce233c0869bb7193ddff70b23cb06d67cdfff,,315,0.0,SUCCESS,fc3da9af1d4860528a8a7e8cd7c1cf371468abb898e6c1bb7017c1d631b24528,202.0,44.0,10.24604204,0.1875
/content/drive/MyDrive/AISC DeepFake Çalışmaları/Deneyler/Nazlıcan/Deney 1/Kaş/fake/train/fake_train_00317.jpg,fake/train/fake_train_00317.jpg,fake_train_00317.jpg,fake,1,train,5532c806c48c7ab92dea1ef5a569ee9cf0d055fce9bc57ddd151a8afa6e9dab5,,317,0.0,SUCCESS,f44c073940b736fae4e899eebecf98a7f31051021a0ef7c92b3605afbb5e94a1,122.0,38.0,317.59260362,0.09375
/content/drive/MyDrive/AISC DeepFake Çalışmaları/Deneyler/Nazlıcan/Deney 1/Kaş/fake/train/fake_train_00318.jpg,fake/train/fake_train_00318.jpg,fake_train_00318.jpg,fake,1,train,6935ef1d2f6b59f717fc9c59902988c3275322d8b9b6f01090d0e35caac5502d,,318,0.0,SUCCESS,abbb2615c40c5a0945d4b3355b7182c95a7bdb23fab1e290cce09957f565d966,272.0,57.0,13.72040981,0.0
/content/drive/MyDrive/AISC DeepFake Çalışmaları/Deneyler/Nazlıcan/Deney 1/Kaş/fake/train/fake_train_00320.jpg,fake/train/fake_train_00320.jpg,fake_train_00320.jpg,fake,1,train,8b654c706d17320b9371686003d21aafc26fa6d2382f28cd449f20408c064c72,,320,0.0,SUCCESS,52283aca83bcf31fa2036ec2f9c220f87af7b49cde21cb6ca4c958b52e8669cc,313.0,86.0,30.72605572,0.0
/content/drive/MyDrive/AISC DeepFake Çalışmaları/Deneyler/Nazlıcan/Deney 1/Kaş/fake/train/fake_train_00321.jpg,fake/train/fake_train_00321.jpg,fake_train_00321.jpg,fake,1,train,dd915c72280e1d85cff9c55ed0464d6337455d81bb35447f888a149f6f5bdf4b,,321,0.0,SUCCESS,50d1b05029207f0876e51e50a9f172567f7f05ba3cca3ed0a959fd7095e472cf,224.0,48.0,50.2548806,0.0
/content/drive/MyDrive/AISC DeepFake Çalışmaları/Deneyler/Nazlıcan/Deney 1/Kaş/fake/train/fake_train_00322.jpg,fake/train/fake_train_00322.jpg,fake_train_00322.jpg,fake,1,train,fb25aa158bb691645460e00a1ced5b4859e2103944e44cf8f438640a4738add1,,322,0.0,SUCCESS,d98b201040e5c42761b427f2fbc0e8b57085e2a78fd2d7c1f34d99d0cb658fa1,176.0,42.0,22.411636,0.0
/content/drive/MyDrive/AISC DeepFake Çalışmaları/Deneyler/Nazlıcan/Deney 1/Kaş/fake/train/fake_train_00323.jpg,fake/train/fake_train_00323.jpg,fake_train_00323.jpg,fake,1,train,84a0546de0d7e610f87fdb926717802f11ec0c1f22bc54a8bc15d1582c5d3c6c,,323,0.0,SUCCESS,3d5fc174db137022868466e2e908f0d38dbc66f540a03ed5636acf3dba1674f3,274.0,61.0,13.8484176,0.0
/content/drive/MyDrive/AISC DeepFake Çalışmaları/Deneyler/Nazlıcan/Deney 1/Kaş/fake/train/fake_train_00325.jpg,fake/train/fake_train_00325.jpg,fake_train_00325.jpg,fake,1,train,4f6d1609741a31b93ef47496d94c4ce6eac971517e6074ec52652336360e1d7a,,325,0.0,SUCCESS,01d4d01eb4ca84a17503b20e896af4df2b3934c3b2818714315e92f005353358,102.0,32.0,124.350634,0.0
/content/drive/MyDrive/AISC DeepFake Çalışmaları/Deneyler/Nazlıcan/Deney 1/Kaş/fake/train/fake_train_00326.jpg,fake/train/fake_train_00326.jpg,fake_train_00326.jpg,fake,1,train,7790c1c0569f4d1f041c5f512ff921ac84a1b862774ffc25a71d2a1747a1cebd,,326,0.0,SUCCESS,e287b3e1009b17a2bdbceb1eb81706ac0c7b62f156ca6ee31805e4de932da807,198.0,38.0,19.368038,0.03125
/content/drive/MyDrive/AISC DeepFake Çalışmaları/Deneyler/Nazlıcan/Deney 1/Kaş/fake/train/fake_train_00327.jpg,fake/train/fake_train_00327.jpg,fake_train_00327.jpg,fake,1,train,c2d03cd560c5c3492fa799ac15bba83bcd51a93ced60a2a7153342850b8499ec,,327,0.0,SUCCESS,1a02ad67f3189b573b7193b281a634bd67ed5937a9a154323d725f8937bfe52c,110.0,36.0,190.86401796,0.125
/content/drive/MyDrive/AISC DeepFake Çalışmaları/Deneyler/Nazlıcan/Deney 1/Kaş/fake/train/fake_train_00329.jpg,fake/train/fake_train_00329.jpg,fake_train_00329.jpg,fake,1,train,dd73b27e39ef6a86c23e04da5381e4da79cf016aed8a73755838e0b2f6f62843,,329,0.0,SUCCESS,86a25b95ccfb6840bcd69cd49b83186bae8185495e0e66b6979107c49f8b4ca0,203.0,64.0,19.48429338,0.0
/content/drive/MyDrive/AISC DeepFake Çalışmaları/Deneyler/Nazlıcan/Deney 1/Kaş/fake/train/fake_train_00331.jpg,fake/train/fake_train_00331.jpg,fake_train_00331.jpg,fake,1,train,384ab152109d93edf2e245ff237bf3a8a06f5fec03451b7edb2aea73a9001d1a,,331,0.0,SUCCESS,00ce4bcfe8c2abe9475837686cf346c933442199f8893f1b6ac3bc2e9583e3fa,237.0,57.0,28.43207317,0.09375
/content/drive/MyDrive/AISC DeepFake Çalışmaları/Deneyler/Nazlıcan/Deney 1/Kaş/fake/train/fake_train_00333.jpg,fake/train/fake_train_00333.jpg,fake_train_00333.jpg,fake,1,train,551c29fdcba7403f01421361480708705da13a4f4bff18a6f6d0a01ab52eb283,,333,0.0,SUCCESS,ec9497ba29e26620a78851d5c1e39bd86d337172788a8b91b3917e3725158c73,90.0,23.0,106.84183902,0.09375
/content/drive/MyDrive/AISC DeepFake Çalışmaları/Deneyler/Nazlıcan/Deney 1/Kaş/fake/train/fake_train_00334.jpg,fake/train/fake_train_00334.jpg,fake_train_00334.jpg,fake,1,train,ff5078d6076f8ac03016deca8661d567392adcd4c89c56cbd83c5f0e06461aa3,,334,0.0,SUCCESS,9fe162d768f1c2b1168465c8209998cb13ab8db9f683383dfee6b77ced3969db,103.0,21.0,100.21618191,0.0
/content/drive/MyDrive/AISC DeepFake Çalışmaları/Deneyler/Nazlıcan/Deney 1/Kaş/fake/train/fake_train_00335.jpg,fake/train/fake_train_00335.jpg,fake_train_00335.jpg,fake,1,train,031a703c01ae4b5801874b9c964761360ddb32cbb61b1118b951bc89849690c5,,335,0.0,SUCCESS,9893ae3728c13e6e9f4c3fee0b28e6fd2c6c6223524cf0fb2b1b225d337ef8d6,83.0,17.0,55.52270934,0.0
/content/drive/MyDrive/AISC DeepFake Çalışmaları/Deneyler/Nazlıcan/Deney 1/Kaş/fake/train/fake_train_00336.jpg,fake/train/fake_train_00336.jpg,fake_train_00336.jpg,fake,1,train,b1ff5edac99ea55f722593ab9cc197835ae67390422235b8913068a1eb207165,,336,0.0,SUCCESS,ddb7dde973f789ce982913f1e34131f7a95b415056429f7494d5df7fa330e35d,112.0,23.0,163.07118851,0.0
/content/drive/MyDrive/AISC DeepFake Çalışmaları/Deneyler/Nazlıcan/Deney 1/Kaş/fake/train/fake_train_00337.jpg,fake/train/fake_train_00337.jpg,fake_train_00337.jpg,fake,1,train,6ecfcbfa7e8fc47a32911c99b9464aba346e2f90f868fed5df3fdb54f642fc26,,337,0.0,SUCCESS,72227f36f504fcfef92445b17cd0f00096903bfd5d3944c56697d6f3586d2df4,103.0,19.0,158.95986343,0.0
/content/drive/MyDrive/AISC DeepFake Çalışmaları/Deneyler/Nazlıcan/Deney 1/Kaş/fake/train/fake_train_00340.jpg,fake/train/fake_train_00340.jpg,fake_train_00340.jpg,fake,1,train,a44e602080f643c7b51233d2f6f179ea8e57c373f8a95aacfb4e9ab665e70872,,340,0.0,SUCCESS,f54f99625bf3a8c2c401ab164b21e790997e9d68f2642be41c0bbcc33d9dfc4b,138.0,36.0,37.15738845,0.0
/content/drive/MyDrive/AISC DeepFake Çalışmaları/Deneyler/Nazlıcan/Deney 1/Kaş/fake/train/fake_train_00342.jpg,fake/train/fake_train_00342.jpg,fake_train_00342.jpg,fake,1,train,f85287df6cf60dffc2ec9b0b2268a01ddf7db0af394aea8ced60ada2d525bf58,,342,0.0,SUCCESS,523c3d555e8db77e739f01ffbfa75b3c70d93eb757edc4b0905d22c8a3509a2b,131.0,38.0,40.58230166,0.09375
/content/drive/MyDrive/AISC DeepFake Çalışmaları/Deneyler/Nazlıcan/Deney 1/Kaş/fake/train/fake_train_00344.jpg,fake/train/fake_train_00344.jpg,fake_train_00344.jpg,fake,1,train,d2e9193d64dd3e03283afbb985f44b5395af92d508d20ac2a3b51efb53c48653,,344,0.0,SUCCESS,a6e2d02e75a6dc39cea0ed0287444b7ac9bc1a968f196e5629343c1833b69714,129.0,34.0,20.99958751,0.125
/content/drive/MyDrive/AISC DeepFake Çalışmaları/Deneyler/Nazlıcan/Deney 1/Kaş/fake/train/fake_train_00345.jpg,fake/train/fake_train_00345.jpg,fake_train_00345.jpg,fake,1,train,858a8021ce696a2b4444163ccefd60d7041ad94de36204d2bb4fc0e59bf53fa6,,345,0.0,SUCCESS,aaad8ced3d1074dc6c8097657c957fbb7d898c8f8929e5aa05bc281599f69f6b,84.0,19.0,295.97889932,0.0
/content/drive/MyDrive/AISC DeepFake Çalışmaları/Deneyler/Nazlıcan/Deney 1/Kaş/fake/train/fake_train_00347.jpg,fake/train/fake_train_00347.jpg,fake_train_00347.jpg,fake,1,train,b90e7ff2f188493578c3b803bab9e705fb03497b0b15697627d35e359cc11385,,347,0.0,SUCCESS,e1041b5a13b72960ee5479cb000a27364cfbdbe0222dec2059adc9455e3299cf,91.0,18.0,171.84455119,0.0
/content/drive/MyDrive/AISC DeepFake Çalışmaları/Deneyler/Nazlıcan/Deney 1/Kaş/fake/train/fake_train_00348.jpg,fake/train/fake_train_00348.jpg,fake_train_00348.jpg,fake,1,train,fc503cdc052e53c1d4dc0dc02b071e4b5cdf50a30b1bc2c874e862948c44d205,,348,0.0,SUCCESS,868b96dba658af40ff0c6e1e7975591eaa094dc4838edb87c6f166dd9790fb18,202.0,60.0,30.80060844,0.09375
/content/drive/MyDrive/AISC DeepFake Çalışmaları/Deneyler/Nazlıcan/Deney 1/Kaş/fake/train/fake_train_00351.jpg,fake/train/fake_train_00351.jpg,fake_train_00351.jpg,fake,1,train,b470c739ee46bbb1b65b54a71c09a7d4d7cb5c6f7d5bb58d8ef8377372d9bf70,,351,0.0,SUCCESS,242bf7ff53487e9535211e4e106c8b24f1c1337bea45583c5aa412f13b448844,161.0,31.0,26.01028917,0.0
/content/drive/MyDrive/AISC DeepFake Çalışmaları/Deneyler/Nazlıcan/Deney 1/Kaş/fake/train/fake_train_00352.jpg,fake/train/fake_train_00352.jpg,fake_train_00352.jpg,fake,1,train,6ffb6e6306b6992eec4f5771469cec2dd908c1fd533854991bd5ce424111994d,,352,0.0,SUCCESS,08827bf5085b4a81f96708fb46f9861e3562642aaedb564f7282a7b1ee5675af,390.0,94.0,5.12750461,0.0
/content/drive/MyDrive/AISC DeepFake Çalışmaları/Deneyler/Nazlıcan/Deney 1/Kaş/fake/train/fake_train_00356.jpg,fake/train/fake_train_00356.jpg,fake_train_00356.jpg,fake,1,train,82516541105c948d75d37a84ea28ad8000b66aed9dc83fce68865e8248f322dc,,356,0.0,SUCCESS,06b7bc6dca5e8e63bc989786ac3095b4f4d008dd6b26c53e691ad6ff0d232d62,301.0,70.0,55.859253,0.0
/content/drive/MyDrive/AISC DeepFake Çalışmaları/Deneyler/Nazlıcan/Deney 1/Kaş/fake/train/fake_train_00357.jpg,fake/train/fake_train_00357.jpg,fake_train_00357.jpg,fake,1,train,b2a1baa7ebe1adc90d48766f1d7815670f8dee5fa7a591168c8b8ec091f9615f,,357,0.0,SUCCESS,d27bb5bda76d9b2fdc5f63286f57fb530f1b929b847b791eff6a1c69884e609a,54.0,16.0,150.31570966,0.09375
/content/drive/MyDrive/AISC DeepFake Çalışmaları/Deneyler/Nazlıcan/Deney 1/Kaş/fake/train/fake_train_00358.jpg,fake/train/fake_train_00358.jpg,fake_train_00358.jpg,fake,1,train,dd461ef591a8341844e2a62c40e097177573b7bc5fb3106b182b736902f48df5,,358,0.0,SUCCESS,b472091efae951930dfb7021a220540752169284243d0286892921d1068be7ec,257.0,71.0,12.61600361,0.0
/content/drive/MyDrive/AISC DeepFake Çalışmaları/Deneyler/Nazlıcan/Deney 1/Kaş/fake/train/fake_train_00359.jpg,fake/train/fake_train_00359.jpg,fake_train_00359.jpg,fake,1,train,06d28798a04a301a11f40a69daf9987f673eff4db29a4afdc5f5f8df46b9e664,,359,0.0,SUCCESS,d85888a25c712c28244e3b7b9f5374ca2fda0f682c0d3c97781d362e285140a6,180.0,44.0,107.36499592,0.09375
/content/drive/MyDrive/AISC DeepFake Çalışmaları/Deneyler/Nazlıcan/Deney 1/Kaş/fake/train/fake_train_00360.jpg,fake/train/fake_train_00360.jpg,fake_train_00360.jpg,fake,1,train,13d240c5c669621d3ea51bd46dbced56192d4f5db18acb2dc4bd91a22cac5f21,,360,0.0,SUCCESS,83ec0760dff7985b6c21d9e07c90bffa9ad32ee4d085d53ca3bf0ab320d53d97,186.0,38.0,34.27321564,0.0
/content/drive/MyDrive/AISC DeepFake Çalışmaları/Deneyler/Nazlıcan/Deney 1/Kaş/fake/train/fake_train_00361.jpg,fake/train/fake_train_00361.jpg,fake_train_00361.jpg,fake,1,train,604d33d18afad9fc3e9af1cd14aadcc135fc6c972e4894aa6f4452eee283c1a5,,361,0.0,SUCCESS,ab04fde13a25d05238cebe06d0b4ddaf70e66ee39e1c0c3ed0c6948f27ec3d46,80.0,18.0,120.30055507,0.09375
/content/drive/MyDrive/AISC DeepFake Çalışmaları/Deneyler/Nazlıcan/Deney 1/Kaş/fake/train/fake_train_00362.jpg,fake/train/fake_train_00362.jpg,fake_train_00362.jpg,fake,1,train,d169205534598eef61251dbdd1c6c5c8871622b14004ebe382d8ab72946b5232,,362,0.0,SUCCESS,23fb6ffe71a7d9a89c2200712de58263b2e668f5d1803bdbb5c7ebddf70e94f8,116.0,25.0,97.51407503,0.0
/content/drive/MyDrive/AISC DeepFake Çalışmaları/Deneyler/Nazlıcan/Deney 1/Kaş/fake/train/fake_train_00363.jpg,fake/train/fake_train_00363.jpg,fake_train_00363.jpg,fake,1,train,39bb5c417e2f3dc3101fe1d152483d2f07f6968d04e03406bfc03368e9ed3011,,363,0.0,SUCCESS,26b0e8e7cd7573dde99ec3c502ea12de3ccf6acac9c8100cbf92045103f9d7e8,192.0,62.0,21.43386651,0.09375
/content/drive/MyDrive/AISC DeepFake Çalışmaları/Deneyler/Nazlıcan/Deney 1/Kaş/fake/train/fake_train_00364.jpg,fake/train/fake_train_00364.jpg,fake_train_00364.jpg,fake,1,train,5bb0f2244e7c52d32f93ad14c7b75ccc0e370bf2ace8ec231549c608b1ab0933,,364,0.0,SUCCESS,3e59c7cbeecb0916423564b0f05607b209444097e8e95711bc5fb1bbed5a5969,293.0,110.0,15.12982917,0.03125
/content/drive/MyDrive/AISC DeepFake Çalışmaları/Deneyler/Nazlıcan/Deney 1/Kaş/fake/train/fake_train_00365.jpg,fake/train/fake_train_00365.jpg,fake_train_00365.jpg,fake,1,train,671ae95a6b468e501ed9c79ecc02a24dfb90c7802fffeff9031e31971e20e08a,,365,0.0,SUCCESS,213f2a42eb6cb05cbf98491cc28ee86c46ad66049e1b54d9038f66d87b4f13b4,167.0,39.0,21.44205583,0.0625
/content/drive/MyDrive/AISC DeepFake Çalışmaları/Deneyler/Nazlıcan/Deney 1/Kaş/fake/train/fake_train_00367.jpg,fake/train/fake_train_00367.jpg,fake_train_00367.jpg,fake,1,train,6d3fbcc86b69ed920754c75ba68ed8b5f4d3a6e03652447acec2467831fe3c1e,,367,0.0,SUCCESS,d8428add18bf43854cf0b1d9e333dc316919186a0b7d77ece8250789e9232ebe,482.0,99.0,5.16262359,0.0
/content/drive/MyDrive/AISC DeepFake Çalışmaları/Deneyler/Nazlıcan/Deney 1/Kaş/fake/train/fake_train_00368.jpg,fake/train/fake_train_00368.jpg,fake_train_00368.jpg,fake,1,train,63c43f3bd46fcd538f358834c216d0d018b10cf816537c5bef0829becab65f57,,368,0.0,SUCCESS,289b3efc837447f53eec06f1927268e128fc8e3676e73a287077953a63dfb3af,101.0,23.0,102.71951877,0.0
/content/drive/MyDrive/AISC DeepFake Çalışmaları/Deneyler/Nazlıcan/Deney 1/Kaş/fake/train/fake_train_00369.jpg,fake/train/fake_train_00369.jpg,fake_train_00369.jpg,fake,1,train,88a584258db4b0f36110b0b11bee8097f8b59f9df1836d4b02639e6ffec50c29,,369,0.0,SUCCESS,096faeac08fa28d15446c474912f72b15cf890ebe10634aac8e96766f77812be,100.0,25.0,245.874476,0.0
/content/drive/MyDrive/AISC DeepFake Çalışmaları/Deneyler/Nazlıcan/Deney 1/Kaş/fake/train/fake_train_00371.jpg,fake/train/fake_train_00371.jpg,fake_train_00371.jpg,fake,1,train,2f7a717d38a7e2fd6946c85a9243df6a5c2dcf7515272230e21456089066274f,,371,0.0,SUCCESS,5a7d95e05cd077a0ddf5cad75ab206fdddb41aa90f208984468138634b225d91,180.0,34.0,11.10242959,0.0
/content/drive/MyDrive/AISC DeepFake Çalışmaları/Deneyler/Nazlıcan/Deney 1/Kaş/fake/train/fake_train_00372.jpg,fake/train/fake_train_00372.jpg,fake_train_00372.jpg,fake,1,train,2693f15c1b59e6f5b6b77fb27bbe50e86d3e6cde53f67ebbc9c0ac1a777f91cb,,372,0.0,SUCCESS,fe6a1b440fd98148253603622e88e860497ec38576f09bd22771f6b6830e968b,121.0,28.0,104.82720483,0.0
/content/drive/MyDrive/AISC DeepFake Çalışmaları/Deneyler/Nazlıcan/Deney 1/Kaş/fake/train/fake_train_00373.jpg,fake/train/fake_train_00373.jpg,fake_train_00373.jpg,fake,1,train,0ea5c237222a318d9ab601ad5183f1cbcafb0f6ff33d2745a18181cedf346ee7,,373,0.0,SUCCESS,81432c68b1f98e678cff18997aef6b2c33ac51e18455a592032141f377a99cd6,105.0,33.0,164.3571494,0.0
/content/drive/MyDrive/AISC DeepFake Çalışmaları/Deneyler/Nazlıcan/Deney 1/Kaş/fake/train/fake_train_00375.jpg,fake/train/fake_train_00375.jpg,fake_train_00375.jpg,fake,1,train,31ef0b14505610e40b50be6e8744f2289717cb9b8d5d0e1ea1662030d843c84b,,375,0.0,SUCCESS,14f6021b3e00a82c2c03bbdceb4d6ea2d60c8a94a51333228875ed28f8c3fdf5,313.0,101.0,10.8408459,0.03125
/content/drive/MyDrive/AISC DeepFake Çalışmaları/Deneyler/Nazlıcan/Deney 1/Kaş/fake/train/fake_train_00377.jpg,fake/train/fake_train_00377.jpg,fake_train_00377.jpg,fake,1,train,3fc968d864ede6db759024e3f18458b4e3e318933a5f078b30073d586f991e74,,377,0.0,SUCCESS,2b76783b4a601ae5825e539ee93532f27c03422e49d67618e030cc72099c44e4,67.0,20.0,357.8947182,0.09375
/content/drive/MyDrive/AISC DeepFake Çalışmaları/Deneyler/Nazlıcan/Deney 1/Kaş/fake/train/fake_train_00378.jpg,fake/train/fake_train_00378.jpg,fake_train_00378.jpg,fake,1,train,30702c9df5bb0ac2fa551f1209c090371dccb52391ceadfdb36fc46a51bc6266,,378,0.0,SUCCESS,1ec71d9a65fb96265bf5037f7643709c8fedca24656bbf78dd84a673f2071878,130.0,28.0,181.42799179,0.0
/content/drive/MyDrive/AISC DeepFake Çalışmaları/Deneyler/Nazlıcan/Deney 1/Kaş/fake/train/fake_train_00380.jpg,fake/train/fake_train_00380.jpg,fake_train_00380.jpg,fake,1,train,c6d2fba0728e813f7c810ccbebba850fe946ec171ed3f5083264d56407debcc5,,380,0.0,SUCCESS,e14777e0dc1f3c780a4cc3d36f85bb8b75ff6211ce16387f5db3bc5e530dcef7,122.0,30.0,19.68202537,0.0
/content/drive/MyDrive/AISC DeepFake Çalışmaları/Deneyler/Nazlıcan/Deney 1/Kaş/fake/train/fake_train_00382.jpg,fake/train/fake_train_00382.jpg,fake_train_00382.jpg,fake,1,train,432d426650cde8c8cb806f3091c8cc6eca05d3c086759fddc7326b69ab88a9c6,,382,0.0,SUCCESS,22f34d1a0e5f59d7f7eec256fc65198ed02105e0adc5171022c99e9e580e35dc,217.0,56.0,45.41441605,0.03125
/content/drive/MyDrive/AISC DeepFake Çalışmaları/Deneyler/Nazlıcan/Deney 1/Kaş/fake/train/fake_train_00383.jpg,fake/train/fake_train_00383.jpg,fake_train_00383.jpg,fake,1,train,2c26ab98d849e09041f35f5413375a20070ae045be187069c15a759f16de88b6,,383,0.0,SUCCESS,835d39e69778d10fc8ae302a22e259ecb2e81c19b18562f70d088b75131c2fff,173.0,38.0,67.48019586,0.0
/content/drive/MyDrive/AISC DeepFake Çalışmaları/Deneyler/Nazlıcan/Deney 1/Kaş/fake/train/fake_train_00384.jpg,fake/train/fake_train_00384.jpg,fake_train_00384.jpg,fake,1,train,953fa8e20b08d6f8773939b76b270db0eb9947d2f52fad793c0241ef3e25dc23,,384,0.0,SUCCESS,d0b865c5f1acab9ccdda79f8fb4147d5b0fb38c4bbcd2c350001cb48a9de6d57,211.0,45.0,61.9569155,0.0
/content/drive/MyDrive/AISC DeepFake Çalışmaları/Deneyler/Nazlıcan/Deney 1/Kaş/fake/train/fake_train_00387.jpg,fake/train/fake_train_00387.jpg,fake_train_00387.jpg,fake,1,train,feb0474a35cd1e405a2f4a46aefb5584378b9bec2feed49ecaa38ff63a5fa410,,387,0.0,SUCCESS,43870ffa9f717403e1cacddc346a930d35ac6c88ea9ca24e3513939c9fc43270,113.0,24.0,89.47411687,0.0
/content/drive/MyDrive/AISC DeepFake Çalışmaları/Deneyler/Nazlıcan/Deney 1/Kaş/fake/train/fake_train_00389.jpg,fake/train/fake_train_00389.jpg,fake_train_00389.jpg,fake,1,train,a781b8b4845ceda4453fc3058b498ddd83c1ec97cfa590e87167189ffdc9fde8,,389,0.0,SUCCESS,c29404881310fbf07a31caeae31d3c8c907f97e6a3702b0fcbb3c6305859e190,77.0,21.0,132.25141346,0.15625
/content/drive/MyDrive/AISC DeepFake Çalışmaları/Deneyler/Nazlıcan/Deney 1/Kaş/fake/train/fake_train_00390.jpg,fake/train/fake_train_00390.jpg,fake_train_00390.jpg,fake,1,train,1daf2303eba00475ed950450ff95e2c147fcc99a75e59d5e63e0c45485692ee2,,390,0.0,SUCCESS,272f95a2124862e8d827205fd57b36d94aefec0a5a0cc53898df0b0b7c9ed46b,108.0,21.0,169.53350659,0.1875
/content/drive/MyDrive/AISC DeepFake Çalışmaları/Deneyler/Nazlıcan/Deney 1/Kaş/fake/train/fake_train_00392.jpg,fake/train/fake_train_00392.jpg,fake_train_00392.jpg,fake,1,train,391f58695081db34f3ba8c50a47cdbb7c0a25ef7333291548ce8ec4f58abb7e3,,392,0.0,SUCCESS,af37d5db334db171d8711cdb8da0c933235621b309f31adb23b7e92e70ba9666,125.0,40.0,33.21663344,0.25
/content/drive/MyDrive/AISC DeepFake Çalışmaları/Deneyler/Nazlıcan/Deney 1/Kaş/fake/train/fake_train_00393.jpg,fake/train/fake_train_00393.jpg,fake_train_00393.jpg,fake,1,train,88e815c38776cada54478eb1338e9eab8717b88fb98cde6024f42395a112e1d1,,393,0.0,SUCCESS,1f867a9f09c4298d660db1f822c27c5e480ccab0780b02c7d6c411e6a1ffa90e,185.0,43.0,23.43905256,0.0
/content/drive/MyDrive/AISC DeepFake Çalışmaları/Deneyler/Nazlıcan/Deney 1/Kaş/fake/train/fake_train_00395.jpg,fake/train/fake_train_00395.jpg,fake_train_00395.jpg,fake,1,train,447a39536cbd5ccccebb63a466aa047d8741131b1c3cbe27063b20b32251c8f7,,395,0.0,SUCCESS,2ee0dc6eb4b8dc8195ba32aea15d35f15365cb9ced780271ff8c30971a9d3790,86.0,23.0,405.70831318,0.09375
/content/drive/MyDrive/AISC DeepFake Çalışmaları/Deneyler/Nazlıcan/Deney 1/Kaş/fake/train/fake_train_00397.jpg,fake/train/fake_train_00397.jpg,fake_train_00397.jpg,fake,1,train,735135a4e8da107f473fbc6326769b222580e7cf571b2c11bf91e15d5be2b6bf,,397,0.0,SUCCESS,ac7f762773eb5fe5b2b98a800630e36584b13060628a63075cab143b5ef094f6,82.0,19.0,320.31434099,0.0
/content/drive/MyDrive/AISC DeepFake Çalışmaları/Deneyler/Nazlıcan/Deney 1/Kaş/fake/train/fake_train_00401.jpg,fake/train/fake_train_00401.jpg,fake_train_00401.jpg,fake,1,train,4ed2041499b028aa2d9f69b348d710b93979ddfdb2dfc4b2a557238aaef06cc3,,401,0.0,SUCCESS,c37ceb0d10684bd6e8efe5c8bb201ffb71d92a31b57b89e9e769c8d3bb4aae27,109.0,25.0,247.82674105,0.0
/content/drive/MyDrive/AISC DeepFake Çalışmaları/Deneyler/Nazlıcan/Deney 1/Kaş/fake/train/fake_train_00402.jpg,fake/train/fake_train_00402.jpg,fake_train_00402.jpg,fake,1,train,1410d4b1d637085e8157fa2eccea79f9886df33b662b5fe8ca9fae79043ad0c7,,402,0.0,SUCCESS,3b2aa3520b376e12e0faf679c4abf3cc08461551e1cbb7dc2eec771fa7b9c7ca,106.0,26.0,63.58894698,0.0
/content/drive/MyDrive/AISC DeepFake Çalışmaları/Deneyler/Nazlıcan/Deney 1/Kaş/fake/train/fake_train_00403.jpg,fake/train/fake_train_00403.jpg,fake_train_00403.jpg,fake,1,train,151035a4a60897ca2429bf7f276389704fa3479c73070b7675e1a6739050649e,,403,0.0,SUCCESS,8a2c137527700049ad929b606928a8419ab586d977664a0fb92cee5937fcc621,203.0,50.0,11.06251536,0.0
/content/drive/MyDrive/AISC DeepFake Çalışmaları/Deneyler/Nazlıcan/Deney 1/Kaş/fake/train/fake_train_00404.jpg,fake/train/fake_train_00404.jpg,fake_train_00404.jpg,fake,1,train,d197071aba558ef09dbf8fea36ee4adde774a5164cdeb7f994c084f09e47360f,,404,0.0,SUCCESS,e5b0858db6c4e71ef35c6137722a3b85bdb37aa3aa3fcdf50819ad991ae8beb8,95.0,22.0,79.32803828,0.0625
/content/drive/MyDrive/AISC DeepFake Çalışmaları/Deneyler/Nazlıcan/Deney 1/Kaş/fake/train/fake_train_00405.jpg,fake/train/fake_train_00405.jpg,fake_train_00405.jpg,fake,1,train,f81ec678752b4aaaa54b007ca06b3b9720ec9dcd96071323289f9bccae52f589,,405,0.0,SUCCESS,307073d7e7f63543e9f5b61106d34189250d87612eabcf9ec0d5f264551962f8,94.0,21.0,133.28429667,0.0
/content/drive/MyDrive/AISC DeepFake Çalışmaları/Deneyler/Nazlıcan/Deney 1/Kaş/fake/train/fake_train_00406.jpg,fake/train/fake_train_00406.jpg,fake_train_00406.jpg,fake,1,train,0e9d1e578ce900635a9c87e771599d7bc93776a0c343009c4e124e1c4cece9e0,,406,0.0,SUCCESS,52ecfc1245fa78caffe7860e7288416cea75f9f57f95d4dda09e82a9dbf0f179,133.0,29.0,64.91883352,0.0
/content/drive/MyDrive/AISC DeepFake Çalışmaları/Deneyler/Nazlıcan/Deney 1/Kaş/fake/train/fake_train_00407.jpg,fake/train/fake_train_00407.jpg,fake_train_00407.jpg,fake,1,train,9b576c6061da94373d5e229a5f725552eed3cb06c0901e3f76a4609ffe510bf6,,407,0.0,SUCCESS,fa157ca52eaa758cb63c54d0afadf2f028d2a75030d53f403d05586af2215089,322.0,61.0,8.67422935,0.0
/content/drive/MyDrive/AISC DeepFake Çalışmaları/Deneyler/Nazlıcan/Deney 1/Kaş/fake/train/fake_train_00409.jpg,fake/train/fake_train_00409.jpg,fake_train_00409.jpg,fake,1,train,e4b1fe03d864eb8d36a2df8f745bbd767e5aad3ed29fe0527b13691cc371b437,,409,0.0,SUCCESS,8242d66cd61400ab0fef38357dd805fc76854372eb2bfa77407313f48a7e44a7,99.0,22.0,244.41753793,0.03125
/content/drive/MyDrive/AISC DeepFake Çalışmaları/Deneyler/Nazlıcan/Deney 1/Kaş/fake/train/fake_train_00410.jpg,fake/train/fake_train_00410.jpg,fake_train_00410.jpg,fake,1,train,d28bd1d5620932533b949af36e6ab05350e3ea1c5351404719c4b5bcfe211746,,410,0.0,SUCCESS,c21b0d84414d91cf58b5f7bf02f70ea1c07c376f2ff0ed20357073122f574334,138.0,37.0,27.15042647,0.09375
/content/drive/MyDrive/AISC DeepFake Çalışmaları/Deneyler/Nazlıcan/Deney 1/Kaş/fake/train/fake_train_00411.jpg,fake/train/fake_train_00411.jpg,fake_train_00411.jpg,fake,1,train,a5694e698c3d0998f180069fb32daf92ab666779d6a0dcb49d95bd1fdc0884cb,,411,0.0,SUCCESS,fdae2852d4b26c3f53ce87936eba394933b6aff496d071b9135847c6958fa8dd,141.0,29.0,33.5421842,0.09375
/content/drive/MyDrive/AISC DeepFake Çalışmaları/Deneyler/Nazlıcan/Deney 1/Kaş/fake/train/fake_train_00412.jpg,fake/train/fake_train_00412.jpg,fake_train_00412.jpg,fake,1,train,82424268dcd7b0dcf03e25e50bda934a3e2059156a670a782a2c69e065f664dd,,412,0.0,SUCCESS,25e7acc9015c5d50819f606897d4edd6c37a02e0c43e074dd9a4886f643b6fdd,132.0,38.0,63.98527738,0.0
/content/drive/MyDrive/AISC DeepFake Çalışmaları/Deneyler/Nazlıcan/Deney 1/Kaş/fake/train/fake_train_00413.jpg,fake/train/fake_train_00413.jpg,fake_train_00413.jpg,fake,1,train,ba8a489afad94a47860f35a12c0b88b6c05fb1c0ab933715c8a21d4afe7b7bf8,,413,0.0,SUCCESS,b1a8d43fda4bf86e784e3d634161e93c0235a035357ad2b8f8e8fa15e14b341f,224.0,58.0,8.17472854,0.0
/content/drive/MyDrive/AISC DeepFake Çalışmaları/Deneyler/Nazlıcan/Deney 1/Kaş/fake/train/fake_train_00414.jpg,fake/train/fake_train_00414.jpg,fake_train_00414.jpg,fake,1,train,6fba08ede569f3d8f5b987d122475d8c498955b60c15d85836719aafbc32135d,,414,0.0,SUCCESS,69098232ebaf968a24d2e18d6c134653e062723e3ff3ce084765652f6631dcb4,184.0,34.0,167.83818665,0.0
/content/drive/MyDrive/AISC DeepFake Çalışmaları/Deneyler/Nazlıcan/Deney 1/Kaş/fake/train/fake_train_00416.jpg,fake/train/fake_train_00416.jpg,fake_train_00416.jpg,fake,1,train,791cf64d5312a27581c189b746567449ded18a942553ff2756cf6781c59aa71b,,416,0.0,SUCCESS,b0775360a32ba06a5362bcc36dc517ebab2e305271ff051f1ab370031511a6bf,92.0,18.0,323.0816789,0.0
/content/drive/MyDrive/AISC DeepFake Çalışmaları/Deneyler/Nazlıcan/Deney 1/Kaş/fake/train/fake_train_00417.jpg,fake/train/fake_train_00417.jpg,fake_train_00417.jpg,fake,1,train,635ad4be0d8e9f10948cb582ad4743957705fd954c69ff08dd64c2c8af895424,,417,0.0,SUCCESS,60de33ae37a975f4c0348eaceba5dbae2de8d140a562eee0c1292075a45f7051,108.0,21.0,90.37893676,0.09375
/content/drive/MyDrive/AISC DeepFake Çalışmaları/Deneyler/Nazlıcan/Deney 1/Kaş/fake/train/fake_train_00419.jpg,fake/train/fake_train_00419.jpg,fake_train_00419.jpg,fake,1,train,927eb421a78194bbb339827a4df5acabf15a5e46d9ffb674dbf27c8559a56fe1,,419,0.0,SUCCESS,22c658a604e4e3f1273f89b4bc18b49c1f8992cf0ff4cdef8d29821acf211c5d,274.0,83.0,8.65956018,0.0
/content/drive/MyDrive/AISC DeepFake Çalışmaları/Deneyler/Nazlıcan/Deney 1/Kaş/fake/train/fake_train_00420.jpg,fake/train/fake_train_00420.jpg,fake_train_00420.jpg,fake,1,train,d63a2c6d07c5c0c757178ca30c4cbd721818e39bb3672adce7e065a3b0a31412,,420,0.0,SUCCESS,6aff1b07ba18d8db166a6def7b9603eb7d339fd490308cdc162fc8ced35919d8,463.0,90.0,4.64724825,0.0
/content/drive/MyDrive/AISC DeepFake Çalışmaları/Deneyler/Nazlıcan/Deney 1/Kaş/fake/train/fake_train_00421.jpg,fake/train/fake_train_00421.jpg,fake_train_00421.jpg,fake,1,train,c1761b0d83df0873e08631201f15804515a9b240784d37b3faeb2fc9b889587b,,421,0.0,SUCCESS,ea03ca6119a86ba959ed2f0344ba6d42a9108c9c8b6d84693691b0f67c53fdf2,147.0,33.0,80.51659681,0.0
/content/drive/MyDrive/AISC DeepFake Çalışmaları/Deneyler/Nazlıcan/Deney 1/Kaş/fake/train/fake_train_00422.jpg,fake/train/fake_train_00422.jpg,fake_train_00422.jpg,fake,1,train,f1765ff0e78b1768cfcce5428ea8e26a09c16db62b3ed51b8fdfeb899ec794f8,,422,0.0,SUCCESS,5f5204efbeafcb9ac114845fa5820c84bdc29dc462081efa2793edbb47fc6950,92.0,27.0,320.85231861,0.0
/content/drive/MyDrive/AISC DeepFake Çalışmaları/Deneyler/Nazlıcan/Deney 1/Kaş/fake/train/fake_train_00423.jpg,fake/train/fake_train_00423.jpg,fake_train_00423.jpg,fake,1,train,f64b97abdbeee7c37879ea5d43a256dd7ad1f030b13bc38d79e616a36f39ef9f,,423,0.0,SUCCESS,b773f0c61659fec8774b2f3d2b26eecb30512d20af7217e72ead2b7e5f2ec49d,94.0,26.0,18.65319172,0.125
/content/drive/MyDrive/AISC DeepFake Çalışmaları/Deneyler/Nazlıcan/Deney 1/Kaş/fake/train/fake_train_00425.jpg,fake/train/fake_train_00425.jpg,fake_train_00425.jpg,fake,1,train,96207bfc8bf6013ec0b31e4523b0a9cdd919e00e2997375e29cc087268eb1445,,425,0.0,SUCCESS,c7f1c193e5c73cc2dae23f76ab9973a15a92f0cd9236c4493edca9873358788a,96.0,26.0,123.52631647,0.0
/content/drive/MyDrive/AISC DeepFake Çalışmaları/Deneyler/Nazlıcan/Deney 1/Kaş/fake/train/fake_train_00427.jpg,fake/train/fake_train_00427.jpg,fake_train_00427.jpg,fake,1,train,995adadef39560d3e09e188e9c6d6016569eff16a2cf3cf64add3312ee2c336c,,427,0.0,SUCCESS,9e81a6cfa8ac15492ae127d03a88833e1873c5369f786035cc8b75098149e881,152.0,32.0,34.44915581,0.0
/content/drive/MyDrive/AISC DeepFake Çalışmaları/Deneyler/Nazlıcan/Deney 1/Kaş/fake/train/fake_train_00429.jpg,fake/train/fake_train_00429.jpg,fake_train_00429.jpg,fake,1,train,ca9cc3345146497e430ff998746c43810cce33deb5eb20e2c78230beb87ff487,,429,0.0,SUCCESS,3d18f1ef03965bec6225a48ef4dd345a11266f1b4cb879887c6fb0ab15f83f1e,279.0,61.0,14.46767782,0.0
/content/drive/MyDrive/AISC DeepFake Çalışmaları/Deneyler/Nazlıcan/Deney 1/Kaş/fake/train/fake_train_00430.jpg,fake/train/fake_train_00430.jpg,fake_train_00430.jpg,fake,1,train,96a25e16d4c0b2183a62fefc413362d8929729543bc37ed1f3393f36b2eb1881,,430,0.0,SUCCESS,2fdc44fb28a222468760bb54e40734407e8c36f4299c190991f92e070a00d4cf,162.0,44.0,50.31630542,0.0625
/content/drive/MyDrive/AISC DeepFake Çalışmaları/Deneyler/Nazlıcan/Deney 1/Kaş/fake/train/fake_train_00431.jpg,fake/train/fake_train_00431.jpg,fake_train_00431.jpg,fake,1,train,8bd7cb415d094aa2cf99e1f20fe144bc20bb17eb5af5c65ce9b7a433c9ba399f,,431,0.0,SUCCESS,7895f783d0af4164587b5862d16b442d81cc8d009254e42104697cc19fc8894d,246.0,54.0,72.43395745,0.0625
/content/drive/MyDrive/AISC DeepFake Çalışmaları/Deneyler/Nazlıcan/Deney 1/Kaş/fake/train/fake_train_00432.jpg,fake/train/fake_train_00432.jpg,fake_train_00432.jpg,fake,1,train,0e466868df2160d6a89521c21605d728082a752afd8414aed97c9ff4fd90c7ad,,432,0.0,SUCCESS,008d8e22b058da4e33caa8f575b9978d5d2319bb0a430e6e15fb168645dc13fb,218.0,56.0,24.0109231,0.0
/content/drive/MyDrive/AISC DeepFake Çalışmaları/Deneyler/Nazlıcan/Deney 1/Kaş/fake/train/fake_train_00433.jpg,fake/train/fake_train_00433.jpg,fake_train_00433.jpg,fake,1,train,a66e8bc19f6aab1e2aa58bb9f1788b9cde9e7187fb142a9d2e98e42474c35522,,433,0.0,SUCCESS,5553d1a0d814b9bd8097e018cd11be7a3bfd4c2d330a083b8756669496487ec5,102.0,26.0,94.37303742,0.09375
/content/drive/MyDrive/AISC DeepFake Çalışmaları/Deneyler/Nazlıcan/Deney 1/Kaş/fake/train/fake_train_00434.jpg,fake/train/fake_train_00434.jpg,fake_train_00434.jpg,fake,1,train,355401790eb521b64daae7f862c92300b3d5c19d427a683f45a2d0940dfc6e79,,434,0.0,SUCCESS,c0066bb546844399c8a674d1dca4f9e5d541960c577f4a1f9cd04b81e89a85b2,82.0,19.0,235.99953571,0.0
/content/drive/MyDrive/AISC DeepFake Çalışmaları/Deneyler/Nazlıcan/Deney 1/Kaş/fake/train/fake_train_00436.jpg,fake/train/fake_train_00436.jpg,fake_train_00436.jpg,fake,1,train,029f44175d2e2ec190c9a1e46183eba4f3a7f4c1c53b1e71f539cd6a29241ab2,,436,0.0,SUCCESS,f964f83d3d627fc65ae465eed41634fa3fcd5e3d95613ecd6ac55f38208c7048,91.0,22.0,137.30687095,0.09375
/content/drive/MyDrive/AISC DeepFake Çalışmaları/Deneyler/Nazlıcan/Deney 1/Kaş/fake/train/fake_train_00437.jpg,fake/train/fake_train_00437.jpg,fake_train_00437.jpg,fake,1,train,e0234d1f9cde5811cbfc57d5b557207a2d4e72d0a45b39264642ee36f9700d46,,437,0.0,SUCCESS,9bcf8fbfcaa7580b175577ead3c731ef7ef01d4266abc6ac479aa2182e8a5247,187.0,53.0,19.31822865,0.0625
/content/drive/MyDrive/AISC DeepFake Çalışmaları/Deneyler/Nazlıcan/Deney 1/Kaş/fake/train/fake_train_00438.jpg,fake/train/fake_train_00438.jpg,fake_train_00438.jpg,fake,1,train,d2b40282b702d635f6f7599e027abda56788ad0b81465e8103a80f121f071343,,438,0.0,SUCCESS,6ec462d6a34fa658c77574c0e92e760d88c9b8f9bbf3f58ed4ef24b8bb04c594,180.0,50.0,15.40543462,0.09375
/content/drive/MyDrive/AISC DeepFake Çalışmaları/Deneyler/Nazlıcan/Deney 1/Kaş/fake/train/fake_train_00439.jpg,fake/train/fake_train_00439.jpg,fake_train_00439.jpg,fake,1,train,9bfbcecca3dcbf6249a48b84cfc7d50af11c000a18e30f4a035560499401d30d,,439,0.0,SUCCESS,03de4c55c7d37de79a6fb632f28d64b1a425ba94dd4007384539bef54f02b6f7,115.0,39.0,22.15702912,0.125
/content/drive/MyDrive/AISC DeepFake Çalışmaları/Deneyler/Nazlıcan/Deney 1/Kaş/fake/train/fake_train_00440.jpg,fake/train/fake_train_00440.jpg,fake_train_00440.jpg,fake,1,train,4469ed32c6f9103bcf08ec18b834dbea283d39b2731085672cf44bbe86612494,,440,0.0,SUCCESS,4681e456e337de5629595bae67679b3d8ccd661697e00da39d1fc1c618441e66,194.0,38.0,23.19679917,0.0
/content/drive/MyDrive/AISC DeepFake Çalışmaları/Deneyler/Nazlıcan/Deney 1/Kaş/fake/train/fake_train_00441.jpg,fake/train/fake_train_00441.jpg,fake_train_00441.jpg,fake,1,train,e491f183185e9521553a905feb0573c1140a83064bd0d40421d3ee8696abd3db,,441,0.0,SUCCESS,5439292314093ed27c37fbf04fcfe98688b03550a77407b3e2de0fe07a08673a,224.0,64.0,24.9821578,0.125
/content/drive/MyDrive/AISC DeepFake Çalışmaları/Deneyler/Nazlıcan/Deney 1/Kaş/fake/train/fake_train_00442.jpg,fake/train/fake_train_00442.jpg,fake_train_00442.jpg,fake,1,train,cec730bb87ce33ed13262c7d0dff4aa2d8feba566f48be711f81a6c8a41dc82e,,442,0.0,SUCCESS,1b5a9d5363aa8e6792572fd30658b2bbcb4bec4de1efb33728dbdaacd7d17ee6,242.0,44.0,125.46665997,0.125
/content/drive/MyDrive/AISC DeepFake Çalışmaları/Deneyler/Nazlıcan/Deney 1/Kaş/fake/train/fake_train_00443.jpg,fake/train/fake_train_00443.jpg,fake_train_00443.jpg,fake,1,train,bfe37de03a6635c1ec93616b5d2cbf0a48b5f6ec9161a51102e276ebc77db6c7,,443,0.0,SUCCESS,2e9d40d2a5b240103221b39bca94ef3f0d981712630f5b674a11a1a2e7f29845,192.0,61.0,39.92576526,0.0
/content/drive/MyDrive/AISC DeepFake Çalışmaları/Deneyler/Nazlıcan/Deney 1/Kaş/fake/train/fake_train_00444.jpg,fake/train/fake_train_00444.jpg,fake_train_00444.jpg,fake,1,train,4ed73bdcf55253dde6e57450e0d2abf04b9272e9be590c0b45883dbdb87142cf,,444,0.0,SUCCESS,379e1e6c21bd2343f70d213d8b9bb958c17a66411d972eccab3030cac8cf5924,109.0,22.0,140.16028387,0.09375
/content/drive/MyDrive/AISC DeepFake Çalışmaları/Deneyler/Nazlıcan/Deney 1/Kaş/fake/train/fake_train_00445.jpg,fake/train/fake_train_00445.jpg,fake_train_00445.jpg,fake,1,train,97ab326d90efa6c564212a1b6987db303af6f84684bb65352645540ca7410537,,445,0.0,SUCCESS,2b17583be645eb05d49df82b33c367e397dc48e16895479a12b1e118b36b2565,116.0,32.0,26.18834041,0.09375
/content/drive/MyDrive/AISC DeepFake Çalışmaları/Deneyler/Nazlıcan/Deney 1/Kaş/fake/train/fake_train_00446.jpg,fake/train/fake_train_00446.jpg,fake_train_00446.jpg,fake,1,train,c4f474f273a8571f6463f3e720ba67adee85dd37923aaa5847853d2214c6df6d,,446,0.0,SUCCESS,fc862c868c32a5a36424180e977510a1e9ac3a68e8be8e818500dbf17dee0e19,98.0,22.0,265.63017196,0.0
/content/drive/MyDrive/AISC DeepFake Çalışmaları/Deneyler/Nazlıcan/Deney 1/Kaş/fake/train/fake_train_00451.jpg,fake/train/fake_train_00451.jpg,fake_train_00451.jpg,fake,1,train,e7cfbe292004dadac46605813ae5d5f175596d171d479a2a223fd07e18e54d0e,,451,0.0,SUCCESS,6a034a10237ab59bffcdc5648c59869a129b53229b7cef0f34c99b3037e91eb7,137.0,28.0,29.14969613,0.0
/content/drive/MyDrive/AISC DeepFake Çalışmaları/Deneyler/Nazlıcan/Deney 1/Kaş/fake/train/fake_train_00454.jpg,fake/train/fake_train_00454.jpg,fake_train_00454.jpg,fake,1,train,18355e6fadf12c0e8e8ec2f93f884aa1aac4562312b8eed9a4689799b5035ab1,,454,0.0,SUCCESS,85113082270369bc5c2a5c601ee9cfd2aee7e8971eea23679143f0b975365f9c,102.0,21.0,102.26274671,0.0
/content/drive/MyDrive/AISC DeepFake Çalışmaları/Deneyler/Nazlıcan/Deney 1/Kaş/fake/train/fake_train_00457.jpg,fake/train/fake_train_00457.jpg,fake_train_00457.jpg,fake,1,train,a26150b5cb07a6db4183c6cf0a59189054297d879e6326a02a90601b02553a4b,,457,0.0,SUCCESS,40428c47281299aa5179e82693d74930f66156b56915a6fb674cebf510f099aa,102.0,25.0,106.82813133,0.0
/content/drive/MyDrive/AISC DeepFake Çalışmaları/Deneyler/Nazlıcan/Deney 1/Kaş/fake/train/fake_train_00461.jpg,fake/train/fake_train_00461.jpg,fake_train_00461.jpg,fake,1,train,75b2242bfcf0cd8c707879b4bc36af82d7c36a30433f56e4cb2b870eff5d616b,,461,0.0,SUCCESS,34c4ef4b62e99b124502e9cea4070463dfca88af0e6b00b2c9df09e858f1d25e,152.0,30.0,29.07555382,0.0
/content/drive/MyDrive/AISC DeepFake Çalışmaları/Deneyler/Nazlıcan/Deney 1/Kaş/fake/train/fake_train_00464.jpg,fake/train/fake_train_00464.jpg,fake_train_00464.jpg,fake,1,train,ed48a8d9e2c9399027ec6a10765c1201083badb8e51fc7855be3faed8158523b,,464,0.0,SUCCESS,0de0d96e8ea0c1e95f0fe28ecb20c5e9a4935c647eb2f6e02ca8952b7e27cc61,112.0,24.0,70.261702,0.0
/content/drive/MyDrive/AISC DeepFake Çalışmaları/Deneyler/Nazlıcan/Deney 1/Kaş/fake/train/fake_train_00465.jpg,fake/train/fake_train_00465.jpg,fake_train_00465.jpg,fake,1,train,abe3df5eae9db196aeef540757a8db5f0aa1a65f96c0212bdbdfbd173a84fc70,,465,0.0,SUCCESS,50a38e50267eb92e851a5bb20dd804a0abc8cf660b8e647a048c5f1879f95061,225.0,47.0,8.35586942,0.0
/content/drive/MyDrive/AISC DeepFake Çalışmaları/Deneyler/Nazlıcan/Deney 1/Kaş/fake/train/fake_train_00466.jpg,fake/train/fake_train_00466.jpg,fake_train_00466.jpg,fake,1,train,1ec16e1ad695677bb141e05c23a567a7b74e74e7d42c1561e63103906063d6cf,,466,0.0,SUCCESS,57cdba3a1489a3da06f8c17b61586e8c1ae0713361d67bc55156aa8bf108e4f0,79.0,17.0,335.62876369,0.0
/content/drive/MyDrive/AISC DeepFake Çalışmaları/Deneyler/Nazlıcan/Deney 1/Kaş/fake/train/fake_train_00467.jpg,fake/train/fake_train_00467.jpg,fake_train_00467.jpg,fake,1,train,f2679ce4da8e115284daabdd37298e17d1bf6d7268a305acb28b04d9b875f42f,,467,0.0,SUCCESS,32e76bc0040cba32eed631bd72ccb7a4860989d5195b3c1d00c83776863e63fb,93.0,23.0,144.5839293,0.09375
/content/drive/MyDrive/AISC DeepFake Çalışmaları/Deneyler/Nazlıcan/Deney 1/Kaş/fake/train/fake_train_00470.jpg,fake/train/fake_train_00470.jpg,fake_train_00470.jpg,fake,1,train,b140ff3de8f645f99e33be8a316bd9713fd3fb87bd09736022530a8108a519fb,,470,0.0,SUCCESS,fb89a5d8bf689512a69b58d10e063ddfa8948489ecacf64bcaf191763bc6b80b,99.0,26.0,135.81353506,0.09375
/content/drive/MyDrive/AISC DeepFake Çalışmaları/Deneyler/Nazlıcan/Deney 1/Kaş/fake/train/fake_train_00471.jpg,fake/train/fake_train_00471.jpg,fake_train_00471.jpg,fake,1,train,19d32c2fe852d57bc20dc3af27ef86dab31860c1e32b4b34f1268fab0c615eff,,471,0.0,SUCCESS,8cc6e6c6ee1eacb35893854139e272eaa2856bab4191013e88bac330744736ad,104.0,22.0,38.54891571,0.0
/content/drive/MyDrive/AISC DeepFake Çalışmaları/Deneyler/Nazlıcan/Deney 1/Kaş/fake/train/fake_train_00472.jpg,fake/train/fake_train_00472.jpg,fake_train_00472.jpg,fake,1,train,06a16f4edd36376ed6164f82e4d229d1049f160f6e07e8b2375325f5e94c6a51,,472,0.0,SUCCESS,218449841cc6054638e55a2b7a6b535980b07a46a95cae510fd89c69d2fa4668,184.0,54.0,18.24867873,0.09375
/content/drive/MyDrive/AISC DeepFake Çalışmaları/Deneyler/Nazlıcan/Deney 1/Kaş/fake/train/fake_train_00474.jpg,fake/train/fake_train_00474.jpg,fake_train_00474.jpg,fake,1,train,5edf35ec60fbf568380ae642b7e18bcf152f75960896a771b55aa4b4f9a78aaf,,474,0.0,SUCCESS,8a6dd182869f869729fe4e3133e755815cf83c992635ccdbdb018d37c9bfb2bf,210.0,41.0,87.54758783,0.0
/content/drive/MyDrive/AISC DeepFake Çalışmaları/Deneyler/Nazlıcan/Deney 1/Kaş/fake/train/fake_train_00475.jpg,fake/train/fake_train_00475.jpg,fake_train_00475.jpg,fake,1,train,1f45595eb87ddc064f32f97aa9faf033e7164473073d2561419797caa91be86c,,475,0.0,SUCCESS,b4ed71d4b975fd5e1a22c6a014ad0f52ff013353c9b25ea134ec07d225ea44f9,144.0,36.0,41.44428366,0.0
/content/drive/MyDrive/AISC DeepFake Çalışmaları/Deneyler/Nazlıcan/Deney 1/Kaş/fake/train/fake_train_00477.jpg,fake/train/fake_train_00477.jpg,fake_train_00477.jpg,fake,1,train,239efe8e0f72d72749f3f32330f5f0ef2ce6954fed9a90cc0a91fb24f44778f4,,477,0.0,SUCCESS,49392b09d900e2b8f7ede5a97611a85c8aecccbfd85a649b85bf3f161194908b,100.0,29.0,202.9909698,0.125
/content/drive/MyDrive/AISC DeepFake Çalışmaları/Deneyler/Nazlıcan/Deney 1/Kaş/fake/train/fake_train_00478.jpg,fake/train/fake_train_00478.jpg,fake_train_00478.jpg,fake,1,train,95e068e7b4512928b509ae9280fd528d119eeec00c7305349e86c132e41aaa4f,,478,0.0,SUCCESS,682bfae4ee0ee3ad18719813f74a99d0b7ddf4a0a5f94972b889cb7d92adb1ba,181.0,35.0,45.051965,0.0
/content/drive/MyDrive/AISC DeepFake Çalışmaları/Deneyler/Nazlıcan/Deney 1/Kaş/fake/train/fake_train_00479.jpg,fake/train/fake_train_00479.jpg,fake_train_00479.jpg,fake,1,train,23b2dc13594b9cde50be2a9862b8f461677bc89412c105669ce5e3c48c9eca3a,,479,0.0,SUCCESS,02c4aca006508f7fdf81fc43a507f0552f31e597f6bd002b549c9ff1bd4759b3,384.0,87.0,9.0246841,0.0
/content/drive/MyDrive/AISC DeepFake Çalışmaları/Deneyler/Nazlıcan/Deney 1/Kaş/fake/train/fake_train_00481.jpg,fake/train/fake_train_00481.jpg,fake_train_00481.jpg,fake,1,train,8325c6c2bd60ea1dcc634b30518cd8f4d3796cf7de11de17eac597a040513e02,,481,0.0,SUCCESS,9e971f6a5a60ed1a081c03222533215e381f03f3c0f45feda51a768a43fce1d5,181.0,39.0,48.8555349,0.0
/content/drive/MyDrive/AISC DeepFake Çalışmaları/Deneyler/Nazlıcan/Deney 1/Kaş/fake/train/fake_train_00482.jpg,fake/train/fake_train_00482.jpg,fake_train_00482.jpg,fake,1,train,988a7a546facb844ea5aeb316d8d18aaaf2ca7568710d397dd12c5016b9197f9,,482,0.0,SUCCESS,94f793d93f72917894883fd36a84060d51cd6cc6bc2bbeb3249b155d24246cbd,119.0,25.0,153.28873769,0.03125
/content/drive/MyDrive/AISC DeepFake Çalışmaları/Deneyler/Nazlıcan/Deney 1/Kaş/fake/train/fake_train_00484.jpg,fake/train/fake_train_00484.jpg,fake_train_00484.jpg,fake,1,train,3240b34cf4fceb4a8c2d301d5d2f504a3028c7eaa8626c39ebc833e46105e426,,484,0.0,SUCCESS,7e279081d01c3d2273f65e754359d44fbb4cba7f4002ba6e63ea23a2062235c6,223.0,55.0,31.65398055,0.0625
/content/drive/MyDrive/AISC DeepFake Çalışmaları/Deneyler/Nazlıcan/Deney 1/Kaş/fake/train/fake_train_00486.jpg,fake/train/fake_train_00486.jpg,fake_train_00486.jpg,fake,1,train,5e134f064dba0049febbfb362ae070537076ca342bdf7b2f961273a07be900a6,,486,0.0,SUCCESS,f17f472f345489aba297055f3e8407901dfb8f435c1c219f2e67b354196e98e5,266.0,53.0,16.57506739,0.0
/content/drive/MyDrive/AISC DeepFake Çalışmaları/Deneyler/Nazlıcan/Deney 1/Kaş/fake/train/fake_train_00487.jpg,fake/train/fake_train_00487.jpg,fake_train_00487.jpg,fake,1,train,e8c14748b40180ac2dddd7429d070c7145f45d1b5d7b40e2e08d873e6c9084df,,487,0.0,SUCCESS,cdacc4d747c7b5a3771356db8cfd780692ea39091b4b7d4aec5f8a4dfe8f844b,106.0,27.0,73.10677125,0.0
/content/drive/MyDrive/AISC DeepFake Çalışmaları/Deneyler/Nazlıcan/Deney 1/Kaş/fake/train/fake_train_00490.jpg,fake/train/fake_train_00490.jpg,fake_train_00490.jpg,fake,1,train,a1144126bc346639b4195dd52a69b875a9fb8a5314bbfc44a246c09634ff2029,,490,0.0,SUCCESS,9534ff23671b4142d883381932453988501d9338723cc3d4bcf2029e20280a58,76.0,24.0,342.60209602,0.09375
/content/drive/MyDrive/AISC DeepFake Çalışmaları/Deneyler/Nazlıcan/Deney 1/Kaş/fake/train/fake_train_00493.jpg,fake/train/fake_train_00493.jpg,fake_train_00493.jpg,fake,1,train,67eb5e220266df44fc94263ed9ae8ed899500fc65607e20d33b40806baa03f27,,493,0.0,SUCCESS,f7ec58179575412ed8ab1389a4cf444c0b218eb5248effdc5fb4eb0053a5ab85,343.0,77.0,5.69425775,0.0
/content/drive/MyDrive/AISC DeepFake Çalışmaları/Deneyler/Nazlıcan/Deney 1/Kaş/fake/train/fake_train_00494.jpg,fake/train/fake_train_00494.jpg,fake_train_00494.jpg,fake,1,train,0f2920625edfa0e68f536d2f4e91f591236c61dd1d09bae38100aa35cf423269,,494,0.0,SUCCESS,8ffbc0fd9bf4bfee547679af2af9bfdb798014e211c38b840cd8ce4903e10308,171.0,34.0,25.21554809,0.0
/content/drive/MyDrive/AISC DeepFake Çalışmaları/Deneyler/Nazlıcan/Deney 1/Kaş/fake/train/fake_train_00495.jpg,fake/train/fake_train_00495.jpg,fake_train_00495.jpg,fake,1,train,a77ce2a5bfd28a2b0b6ba27d8c3303c35b323df71e040cfaa9d599f1bc94385c,,495,0.0,SUCCESS,be6d8f283c01bf167e491de48b061574163a25a3c0b53b571173ef0d3f2c913a,164.0,46.0,59.917458,0.0
/content/drive/MyDrive/AISC DeepFake Çalışmaları/Deneyler/Nazlıcan/Deney 1/Kaş/fake/train/fake_train_00496.jpg,fake/train/fake_train_00496.jpg,fake_train_00496.jpg,fake,1,train,fc656ce65d9e6b4480b8c26a61833b60e61bf5889acd68f3fb9f19b35a699ac3,,496,0.0,SUCCESS,5c9698be6324572445208fe51e3e0e9388d2f7df3c5d3c6db46c08d34a8aa8f6,189.0,56.0,27.9245626,0.0
/content/drive/MyDrive/AISC DeepFake Çalışmaları/Deneyler/Nazlıcan/Deney 1/Kaş/fake/train/fake_train_00497.jpg,fake/train/fake_train_00497.jpg,fake_train_00497.jpg,fake,1,train,ffd2b5cc9a31e2e649315be0c0139a3e3e5cfc9c51a96e2dbdf192acc55b6580,,497,0.0,SUCCESS,033bc5732c6819a5a9271380042c81f987974e327d8857de88fcec9c902927f0,109.0,23.0,122.27191928,0.09375
/content/drive/MyDrive/AISC DeepFake Çalışmaları/Deneyler/Nazlıcan/Deney 1/Kaş/fake/train/fake_train_00498.jpg,fake/train/fake_train_00498.jpg,fake_train_00498.jpg,fake,1,train,94adbf6ed2131b9e57b08485efedfb10f95b22e79f8a9fee9dd1ccfe4c673c78,,498,0.0,SUCCESS,39d00cf2438cfe9133e0422ff3d8b73391edca84c0fbdd5b269ade9a1a8397b5,114.0,21.0,61.14628049,0.09375
/content/drive/MyDrive/AISC DeepFake Çalışmaları/Deneyler/Nazlıcan/Deney 1/Kaş/fake/train/fake_train_00499.jpg,fake/train/fake_train_00499.jpg,fake_train_00499.jpg,fake,1,train,c82458bddb3605db28fd5517294a0ab2312e66d795c5e6a1aca923b5a424165a,,499,0.0,SUCCESS,2a5856b6df45977ae235151e3796f2c41f249b989f0c8e32fabd5f765bf0cb12,85.0,27.0,126.498721,0.0
/content/drive/MyDrive/AISC DeepFake Çalışmaları/Deneyler/Nazlıcan/Deney 1/Kaş/fake/train/fake_train_00500.jpg,fake/train/fake_train_00500.jpg,fake_train_00500.jpg,fake,1,train,9b5fa6a44f0d00239401bd92429a0df679d85d95b68bc4168846c5afe6eb51ee,,500,0.0,SUCCESS,7bbd3e4671f736791fcd6c988479ad67b4c4f4cd2627e04c984aca68b7840802,112.0,33.0,152.29191966,0.09375
/content/drive/MyDrive/AISC DeepFake Çalışmaları/Deneyler/Nazlıcan/Deney 1/Kaş/fake/train/fake_train_00501.jpg,fake/train/fake_train_00501.jpg,fake_train_00501.jpg,fake,1,train,8514e7e71e3bf9b049d7c158d22457d6e0448ee3a4e2d463e8e7f6732bea3f99,,501,0.0,SUCCESS,94fdad7530e60dbd5c65ea1adba4daa13b81bdbfcf4b36af9cd5f5c2f1970f48,82.0,20.0,497.63211035,0.125
/content/drive/MyDrive/AISC DeepFake Çalışmaları/Deneyler/Nazlıcan/Deney 1/Kaş/fake/train/fake_train_00503.jpg,fake/train/fake_train_00503.jpg,fake_train_00503.jpg,fake,1,train,2fdf359d31dc0e781432c3dd8b9286c24a973cbc80649f070aa7f41b7b4c3b7d,,503,0.0,SUCCESS,31574249e6bc7a6c1e529adb83324169331b353b44dbefacc3cd1af78422ee6b,233.0,46.0,13.68975612,0.03125
/content/drive/MyDrive/AISC DeepFake Çalışmaları/Deneyler/Nazlıcan/Deney 1/Kaş/fake/train/fake_train_00504.jpg,fake/train/fake_train_00504.jpg,fake_train_00504.jpg,fake,1,train,85bcbe2f88a112e95440f29a525dc16ce4a3775e8ec5b7d517b7b00ee913d1e1,,504,0.0,SUCCESS,5e0ac0fd14c09cc4b070d2a7011f5d133da8d55f8122038c71862470fddd7546,160.0,34.0,18.07272515,0.0
/content/drive/MyDrive/AISC DeepFake Çalışmaları/Deneyler/Nazlıcan/Deney 1/Kaş/fake/train/fake_train_00505.jpg,fake/train/fake_train_00505.jpg,fake_train_00505.jpg,fake,1,train,f841521572cc432e0779cdc90da6f268db2196ab702ae4320803b538be0c8e29,,505,0.0,SUCCESS,847d9d068e7c56265ba5702e03fa4b3dfa7e4e7866ab563dc001d93a132e572c,79.0,17.0,392.46444513,0.0
/content/drive/MyDrive/AISC DeepFake Çalışmaları/Deneyler/Nazlıcan/Deney 1/Kaş/fake/train/fake_train_00507.jpg,fake/train/fake_train_00507.jpg,fake_train_00507.jpg,fake,1,train,8a4b9a7967e0dcdd49c556b8f1f6eac35b432b7bfe4ac9354ad7dc10c8052e45,,507,0.0,SUCCESS,c963e8b35270331e0c12df48b98e569035032a7737ae0d6ecc8820d4f7a7083d,150.0,39.0,28.37320304,0.09375
/content/drive/MyDrive/AISC DeepFake Çalışmaları/Deneyler/Nazlıcan/Deney 1/Kaş/fake/train/fake_train_00508.jpg,fake/train/fake_train_00508.jpg,fake_train_00508.jpg,fake,1,train,8240a444be8c4eeec3f2ec291cc55b0a4675a259605d813ac3c97950a8dbca7d,,508,0.0,SUCCESS,85e2f8b1c2a906138cff37847827864fea7bf2ed30583b10319cf0d355c2fb18,257.0,58.0,25.98326282,0.0
/content/drive/MyDrive/AISC DeepFake Çalışmaları/Deneyler/Nazlıcan/Deney 1/Kaş/fake/train/fake_train_00515.jpg,fake/train/fake_train_00515.jpg,fake_train_00515.jpg,fake,1,train,a46b6d6e81287ce1fdd98c8d2864d0daeca274390e166a746ec3d46c633b52b8,,515,0.0,SUCCESS,d67d17ef8109c8aaafe8981e927f173e10a51f6c3a53d47efc4381efc341a691,164.0,41.0,50.07403678,0.0
/content/drive/MyDrive/AISC DeepFake Çalışmaları/Deneyler/Nazlıcan/Deney 1/Kaş/fake/train/fake_train_00516.jpg,fake/train/fake_train_00516.jpg,fake_train_00516.jpg,fake,1,train,d69f8dd2df930bf1fa3213aa001cfe47ffd8d904ebcd29c4add30e9786260b06,,516,0.0,SUCCESS,78372507e3f414da75363cb4ba74184ed740aa454096ff78e1a4d2cc495efebf,169.0,41.0,8.45066563,0.0
/content/drive/MyDrive/AISC DeepFake Çalışmaları/Deneyler/Nazlıcan/Deney 1/Kaş/fake/train/fake_train_00517.jpg,fake/train/fake_train_00517.jpg,fake_train_00517.jpg,fake,1,train,05db29ccad24154113a379a87607d944ce0edb378a62c09338e7b20050c9f487,,517,0.0,SUCCESS,a6eec4ef0525657b26a6c0a7facbda0d94a4697f7ddfe2965a962b6e664a7208,287.0,85.0,14.84372676,0.0
/content/drive/MyDrive/AISC DeepFake Çalışmaları/Deneyler/Nazlıcan/Deney 1/Kaş/fake/train/fake_train_00519.jpg,fake/train/fake_train_00519.jpg,fake_train_00519.jpg,fake,1,train,2392416557309e737673dba564f7944b03399f7e474234ae8ce441ce92a23221,,519,0.0,SUCCESS,57f767cae78415c9b2486ffeef1aa623cf1b703093e96659a374ae12ad900264,106.0,32.0,151.48052264,0.0
/content/drive/MyDrive/AISC DeepFake Çalışmaları/Deneyler/Nazlıcan/Deney 1/Kaş/fake/train/fake_train_00521.jpg,fake/train/fake_train_00521.jpg,fake_train_00521.jpg,fake,1,train,db96d2893ec50a30484bc8245c0fe17b261169f769af6f40fd4f445c4c0809a1,,521,0.0,SUCCESS,ec82869cced5e8b10460a0f0ed7f795895d53ab4982a6afa0b3f16b9fc172fb7,105.0,21.0,165.48698042,0.0
/content/drive/MyDrive/AISC DeepFake Çalışmaları/Deneyler/Nazlıcan/Deney 1/Kaş/fake/train/fake_train_00522.jpg,fake/train/fake_train_00522.jpg,fake_train_00522.jpg,fake,1,train,45a26aa4e7cd87f631a0ca93a7fd356fb15be10dc32756475c24c37823828a6b,,522,0.0,SUCCESS,8109a5f96a0bcb0f774cb87746b21cc5fcf79c265625dcabec593b68d49e6c3f,69.0,18.0,362.75420404,0.0
/content/drive/MyDrive/AISC DeepFake Çalışmaları/Deneyler/Nazlıcan/Deney 1/Kaş/fake/train/fake_train_00524.jpg,fake/train/fake_train_00524.jpg,fake_train_00524.jpg,fake,1,train,4d3e5ee0a4465bff0e1a8ec9d9ad993a612a40747d628eed67f000684a3c2170,,524,0.0,SUCCESS,e636471457657fdb0e560aad0147cedef50578e85861c6fb269c80a7f112f416,129.0,33.0,435.30409955,0.0
/content/drive/MyDrive/AISC DeepFake Çalışmaları/Deneyler/Nazlıcan/Deney 1/Kaş/fake/train/fake_train_00525.jpg,fake/train/fake_train_00525.jpg,fake_train_00525.jpg,fake,1,train,bdeb8c2a48014762bdf565c18ee047ee7b1423d1b3cca95e517fae5af533befb,,525,0.0,SUCCESS,be58707621ab1ea0a3690e30e695553ae8cd5d5ef8ca4c36cd9cbd4e3f4b0947,235.0,57.0,43.59926697,0.0625
/content/drive/MyDrive/AISC DeepFake Çalışmaları/Deneyler/Nazlıcan/Deney 1/Kaş/fake/train/fake_train_00528.jpg,fake/train/fake_train_00528.jpg,fake_train_00528.jpg,fake,1,train,29bab6897627d87b8d66799d213307a46b7f23d6420bf72280155e5c6ec97559,,528,0.0,SUCCESS,f41580bdbcb923651fce1092645f1a6c9d0a236f796f0c94dfb3a59b76836f3b,224.0,54.0,36.46976043,0.09375
/content/drive/MyDrive/AISC DeepFake Çalışmaları/Deneyler/Nazlıcan/Deney 1/Kaş/fake/train/fake_train_00530.jpg,fake/train/fake_train_00530.jpg,fake_train_00530.jpg,fake,1,train,16bb48595eda14496d39efe04a8f1014d86dd8898dcca1977096b847d91613e9,,530,0.0,SUCCESS,8e52c38b83e2db22319c035a2ce8d0425c6acb2dcd9ed332fb9fd03ee08cb9c8,166.0,41.0,89.03732174,0.0
/content/drive/MyDrive/AISC DeepFake Çalışmaları/Deneyler/Nazlıcan/Deney 1/Kaş/fake/train/fake_train_00531.jpg,fake/train/fake_train_00531.jpg,fake_train_00531.jpg,fake,1,train,9245c1cea8bbb8c13b84b963a8c485d6c234728a0de1411295fe3c2acb2c579d,,531,0.0,SUCCESS,9be088219d4f55b943c54a0931c7d8fc878e4e39dc53d31b178a65cecafd9540,188.0,66.0,24.53787814,0.1875
/content/drive/MyDrive/AISC DeepFake Çalışmaları/Deneyler/Nazlıcan/Deney 1/Kaş/fake/train/fake_train_00533.jpg,fake/train/fake_train_00533.jpg,fake_train_00533.jpg,fake,1,train,624392c29c754e2877731bb9f6dbb5945f93d725da04746dca2400be8b30ed3c,,533,0.0,SUCCESS,686f247a2bc4b309495fea8f61c17d1455abda08aa946a81e0554b013ef96455,122.0,26.0,73.75256182,0.0
/content/drive/MyDrive/AISC DeepFake Çalışmaları/Deneyler/Nazlıcan/Deney 1/Kaş/fake/train/fake_train_00534.jpg,fake/train/fake_train_00534.jpg,fake_train_00534.jpg,fake,1,train,93cff7804d658dd082226ef5ac0f4d315665a289f5f63e2a2f4b16287503510a,,534,0.0,SUCCESS,ccc1d81a0da03fe08633b46838817d41d999740cba341ab20e10f225979d79f8,185.0,35.0,182.65962103,0.0
/content/drive/MyDrive/AISC DeepFake Çalışmaları/Deneyler/Nazlıcan/Deney 1/Kaş/fake/train/fake_train_00536.jpg,fake/train/fake_train_00536.jpg,fake_train_00536.jpg,fake,1,train,d352589299101b7fff9b47ab11f1e89cae752d8ee8cc4c9cced7e604496913fb,,536,0.0,SUCCESS,1cebb0d987590b35a736112807a0287f239b598f4cd371ef986749e00ceae692,85.0,18.0,322.31943312,0.0
/content/drive/MyDrive/AISC DeepFake Çalışmaları/Deneyler/Nazlıcan/Deney 1/Kaş/fake/train/fake_train_00537.jpg,fake/train/fake_train_00537.jpg,fake_train_00537.jpg,fake,1,train,742daad959b9ae7fa87a8c3cfba8084b16193cbb6fbcf00ca186d54ebcdae824,,537,0.0,SUCCESS,a22fee54905ae95b4de2a28cca05cd051b43f22481e91f5274dba103fd3a9556,108.0,25.0,47.18219698,0.0
/content/drive/MyDrive/AISC DeepFake Çalışmaları/Deneyler/Nazlıcan/Deney 1/Kaş/fake/train/fake_train_00539.jpg,fake/train/fake_train_00539.jpg,fake_train_00539.jpg,fake,1,train,307ebfa41a96a50d03fa11c65960cce07f5250a6bfef89df8cfbcb10204e3dea,,539,0.0,SUCCESS,3ce98d161c2135ff2779e0e73ed40701d83325dd47a6a1a7373fb156736bc463,74.0,15.0,232.54577469,0.0
/content/drive/MyDrive/AISC DeepFake Çalışmaları/Deneyler/Nazlıcan/Deney 1/Kaş/fake/train/fake_train_00540.jpg,fake/train/fake_train_00540.jpg,fake_train_00540.jpg,fake,1,train,2bb2b762561143552915b964aa26868f72d0b70f275c2bfdfa6856f5d6b2e1f4,,540,0.0,SUCCESS,8d741e71d5491b46b778129efc2a30c8151c30f344cb1736290fb205e28985f9,165.0,32.0,62.94341996,0.0
/content/drive/MyDrive/AISC DeepFake Çalışmaları/Deneyler/Nazlıcan/Deney 1/Kaş/fake/train/fake_train_00543.jpg,fake/train/fake_train_00543.jpg,fake_train_00543.jpg,fake,1,train,84def88a8bdd1842b7160b48e7401e54246b3257f92bec4ec506e8ad53fa7198,,543,0.0,SUCCESS,0ec2f8afa5c7cee5e8b4049e69374a9b98fb139f6f626ea89ad43d123d770ae8,79.0,16.0,190.7111816,0.0
/content/drive/MyDrive/AISC DeepFake Çalışmaları/Deneyler/Nazlıcan/Deney 1/Kaş/fake/train/fake_train_00544.jpg,fake/train/fake_train_00544.jpg,fake_train_00544.jpg,fake,1,train,0943b7f350508a6adf99eb5a32501725ae3c4dfdbd1f74131792e7e2fc6ecafc,,544,0.0,SUCCESS,7919c02a5bc65353c7d990038ab10e71756358b0a7c8019a7b79e7b679c139c4,105.0,21.0,67.04422046,0.0
/content/drive/MyDrive/AISC DeepFake Çalışmaları/Deneyler/Nazlıcan/Deney 1/Kaş/fake/train/fake_train_00545.jpg,fake/train/fake_train_00545.jpg,fake_train_00545.jpg,fake,1,train,3b55313d233b8083c847cfdcdae34388b7361446e5b2d610f3aac84339533e44,,545,0.0,SUCCESS,5b064f54fee4aac5b7a996b222335e7dc5540d44cb62f1c6fc99fa873b5d098d,210.0,44.0,18.16739331,0.0
/content/drive/MyDrive/AISC DeepFake Çalışmaları/Deneyler/Nazlıcan/Deney 1/Kaş/fake/train/fake_train_00546.jpg,fake/train/fake_train_00546.jpg,fake_train_00546.jpg,fake,1,train,b77bdb8174701f477a4d0b05e49da56839cadc621480e3b74a00ea81929202c7,,546,0.0,SUCCESS,2d8dac71ab249d0096736f53294ccb78b14e11835ded95ad27acc4aaa43cd680,214.0,42.0,13.63922498,0.0
/content/drive/MyDrive/AISC DeepFake Çalışmaları/Deneyler/Nazlıcan/Deney 1/Kaş/fake/train/fake_train_00547.jpg,fake/train/fake_train_00547.jpg,fake_train_00547.jpg,fake,1,train,2caf72d44ede158d0751fc2871f6a9e2ecc14206212599d3ae6cdf6209001231,,547,0.0,SUCCESS,3625149f82ee940e1d847165338f2ac27e900bb1afd33ac53041335c00127d76,99.0,22.0,195.10046559,0.0
/content/drive/MyDrive/AISC DeepFake Çalışmaları/Deneyler/Nazlıcan/Deney 1/Kaş/fake/train/fake_train_00548.jpg,fake/train/fake_train_00548.jpg,fake_train_00548.jpg,fake,1,train,9d6c694e33919744e6ea695b7d46e24b53caaa2023ee7773e2c9f82e42fe3d34,,548,0.0,SUCCESS,00d3bd4e43235dcfd43aaf4baaa3ee65a80a6ab1c92ab5e13875b66bb868c157,114.0,27.0,298.67682364,0.0
/content/drive/MyDrive/AISC DeepFake Çalışmaları/Deneyler/Nazlıcan/Deney 1/Kaş/fake/train/fake_train_00549.jpg,fake/train/fake_train_00549.jpg,fake_train_00549.jpg,fake,1,train,b07d28381fd0f09c9487dd9eb03de29edc17b738eae5583e2a4987bee4ff5540,,549,0.0,SUCCESS,5ba47d3e8b713640b11214202d9baef7df98e6321d4e9a347bb6c5417fe77c3f,118.0,37.0,57.94217514,0.09375
/content/drive/MyDrive/AISC DeepFake Çalışmaları/Deneyler/Nazlıcan/Deney 1/Kaş/fake/train/fake_train_00551.jpg,fake/train/fake_train_00551.jpg,fake_train_00551.jpg,fake,1,train,8694cbc124c1077e868205f5ac9654de8d8cd41840f5f759687b8da89ba2b04a,,551,0.0,SUCCESS,ae78bf6794132930c0157af7dec0382f75422274d4c7cbfa2c9450938e7419b7,73.0,26.0,244.32325636,0.15625
/content/drive/MyDrive/AISC DeepFake Çalışmaları/Deneyler/Nazlıcan/Deney 1/Kaş/fake/train/fake_train_00552.jpg,fake/train/fake_train_00552.jpg,fake_train_00552.jpg,fake,1,train,e3ba24ecce80f23dfdb6ca6674636eecf37df978335867a95b6d741d351e7649,,552,0.0,SUCCESS,036148ea11453bbcc1d140b263f1cca5a62a5cfeee13bf5cc9493dbb85c564e0,157.0,50.0,42.44099632,0.09375
/content/drive/MyDrive/AISC DeepFake Çalışmaları/Deneyler/Nazlıcan/Deney 1/Kaş/fake/train/fake_train_00556.jpg,fake/train/fake_train_00556.jpg,fake_train_00556.jpg,fake,1,train,488496fc6b77e910a1e63000ac39b125a1cccf0a8ccedcdf58ad8885b2da3f60,,556,0.0,SUCCESS,800e696b638827606261bebd9836a7aadf126fa92a02a3c6bfadd5fa0b9d2637,256.0,52.0,22.01432861,0.0
/content/drive/MyDrive/AISC DeepFake Çalışmaları/Deneyler/Nazlıcan/Deney 1/Kaş/fake/train/fake_train_00557.jpg,fake/train/fake_train_00557.jpg,fake_train_00557.jpg,fake,1,train,5cf21f772a05208a98c3eb6734b3edd33340d7532d388af01374b2cef70d4793,,557,0.0,SUCCESS,4a9d39c65f6dd58da2d62a782091ece71f396eed9eb479cec6def0bf0de898b2,82.0,24.0,362.16489751,0.09375
/content/drive/MyDrive/AISC DeepFake Çalışmaları/Deneyler/Nazlıcan/Deney 1/Kaş/fake/train/fake_train_00558.jpg,fake/train/fake_train_00558.jpg,fake_train_00558.jpg,fake,1,train,d00640c01218ee0652b37da042b83e306cedb33f4a9547036a31fb17fdca76d8,,558,0.0,SUCCESS,8c7e3a59b79b2389a9a819188a42f91616de203cd1bc08de50be6214ab5d8851,104.0,20.0,119.92116864,0.0625
/content/drive/MyDrive/AISC DeepFake Çalışmaları/Deneyler/Nazlıcan/Deney 1/Kaş/fake/train/fake_train_00559.jpg,fake/train/fake_train_00559.jpg,fake_train_00559.jpg,fake,1,train,739dcbb5d5af63a818c9be9c04bcb68cd1fc8e8d21a6b0cb41afb30d4643e52f,,559,0.0,SUCCESS,7bcf016cb025dc18434f4c058f449064c3531645118b298fd81909bf1381433a,73.0,18.0,620.68383108,0.0
/content/drive/MyDrive/AISC DeepFake Çalışmaları/Deneyler/Nazlıcan/Deney 1/Kaş/fake/train/fake_train_00560.jpg,fake/train/fake_train_00560.jpg,fake_train_00560.jpg,fake,1,train,1c41138bcb87d503ea2ccce5a64364f0e1e6d32c0ab63ce854649ffc9884c42d,,560,0.0,SUCCESS,b5d84228036b471578257b7738b6c7a5f9a92f01cd584808fca219a7650d97da,93.0,17.0,402.08723132,0.09375
/content/drive/MyDrive/AISC DeepFake Çalışmaları/Deneyler/Nazlıcan/Deney 1/Kaş/fake/train/fake_train_00564.jpg,fake/train/fake_train_00564.jpg,fake_train_00564.jpg,fake,1,train,d0352c68fc0a445b3e8d26d09d19ab0d0591a0607c25013fcfc9020d17ef10e7,,564,0.0,SUCCESS,5f7d56d654fd8685518416833b771b960216b91c93d2508011a1d9f392e26b50,481.0,168.0,24.86452721,0.09375
/content/drive/MyDrive/AISC DeepFake Çalışmaları/Deneyler/Nazlıcan/Deney 1/Kaş/fake/train/fake_train_00567.jpg,fake/train/fake_train_00567.jpg,fake_train_00567.jpg,fake,1,train,7072ecf5f36f16751b6dfb5efd28c13a8521b28512cbbe178155cabe402d49dd,,567,0.0,SUCCESS,ac930b0288e1a00e19a4b294b6833ab6e181185b8e1533b33debeb2a3865993a,363.0,98.0,5.11716078,0.0
/content/drive/MyDrive/AISC DeepFake Çalışmaları/Deneyler/Nazlıcan/Deney 1/Kaş/fake/train/fake_train_00570.jpg,fake/train/fake_train_00570.jpg,fake_train_00570.jpg,fake,1,train,b3e3bd09c71e82d3680c039a78807779dbd62922eb0e648ad589d4bfea866636,,570,0.0,SUCCESS,62146530fbf0746d7383657a9e310e6918b16f26c1305197df8ae8a218b3d1c7,102.0,23.0,57.9995305,0.125
/content/drive/MyDrive/AISC DeepFake Çalışmaları/Deneyler/Nazlıcan/Deney 1/Kaş/fake/train/fake_train_00571.jpg,fake/train/fake_train_00571.jpg,fake_train_00571.jpg,fake,1,train,5feafd61521502db233befa42ad9ab13d99482a44791e6ea55e43a969d8f088f,,571,0.0,SUCCESS,74624a42ff3180d2a0d403b082816ece16504414227717fc211a77fb57588f20,130.0,25.0,30.84999991,0.125
/content/drive/MyDrive/AISC DeepFake Çalışmaları/Deneyler/Nazlıcan/Deney 1/Kaş/fake/train/fake_train_00572.jpg,fake/train/fake_train_00572.jpg,fake_train_00572.jpg,fake,1,train,61bcfb209ca9e78f172759aba9a196070ddfba9d969a0773d02efb4a95d17907,,572,0.0,SUCCESS,8b45b623af3721dd01c54b277456ce16119e342e9446531f8aadfe6c9837af3f,232.0,51.0,11.85784296,0.0
/content/drive/MyDrive/AISC DeepFake Çalışmaları/Deneyler/Nazlıcan/Deney 1/Kaş/fake/train/fake_train_00573.jpg,fake/train/fake_train_00573.jpg,fake_train_00573.jpg,fake,1,train,91d4e87b5b0bd438c7a3fb030e0018286e22b68ef46f3809bbb871f7ec54c2b8,,573,0.0,SUCCESS,34bfbd7f84a7ecca6c87f4d6cbd8ee5bda05e10d8350dac1001c07f9cd89c5f2,184.0,42.0,19.59493744,0.0
/content/drive/MyDrive/AISC DeepFake Çalışmaları/Deneyler/Nazlıcan/Deney 1/Kaş/fake/train/fake_train_00574.jpg,fake/train/fake_train_00574.jpg,fake_train_00574.jpg,fake,1,train,9d2f401cd159c385c45fddf01a8aa59c85bd027477fed0f67a762f5cd16f2875,,574,0.0,SUCCESS,0ad5e8aad36d9f8940cfb73215e3ad3e42b7e734ac7ac3c74ab05310378e5bd2,183.0,42.0,42.36009949,0.0
/content/drive/MyDrive/AISC DeepFake Çalışmaları/Deneyler/Nazlıcan/Deney 1/Kaş/fake/train/fake_train_00576.jpg,fake/train/fake_train_00576.jpg,fake_train_00576.jpg,fake,1,train,e7ecabcc9a699f661d6b2e84319e1afdb926c5c2599d17e558023166c852cd65,,576,0.0,SUCCESS,bc8fb80eba09f969599925792e6716d61ccf059f04931dbfdeef41f9a9fd020c,186.0,35.0,9.64654376,0.0
/content/drive/MyDrive/AISC DeepFake Çalışmaları/Deneyler/Nazlıcan/Deney 1/Kaş/fake/train/fake_train_00579.jpg,fake/train/fake_train_00579.jpg,fake_train_00579.jpg,fake,1,train,7fbb1489adbde3e515e1dc9649bb306a3365d2d2012e28c118a08bdd82e79a75,,579,0.0,SUCCESS,4dd95bcc26ac1df959cfdd78c0c5ff201de75d67100b9ef0cab41a6d26496ca6,159.0,46.0,52.33655953,0.0
/content/drive/MyDrive/AISC DeepFake Çalışmaları/Deneyler/Nazlıcan/Deney 1/Kaş/fake/train/fake_train_00580.jpg,fake/train/fake_train_00580.jpg,fake_train_00580.jpg,fake,1,train,90e9c1d4f0d3450c2ba863ed51e51c2ce10bd238156173445903616634694cfc,,580,0.0,SUCCESS,7ccbf2f7aae46aaec75d2b3e997b3c66349c829ebb4058a2f9aef1b42e7fc109,247.0,48.0,61.12346698,0.0
/content/drive/MyDrive/AISC DeepFake Çalışmaları/Deneyler/Nazlıcan/Deney 1/Kaş/fake/train/fake_train_00582.jpg,fake/train/fake_train_00582.jpg,fake_train_00582.jpg,fake,1,train,0eb1315557c1499532de03f6d6da9ed44f107c2c6f2aa641b7d39f0223d2e43e,,582,0.0,SUCCESS,2bd0615a2ab0c9bda20bb58983ba6004d7dc6a2fb722a6ee644b05b2636cb2d0,98.0,25.0,101.47414311,0.0
/content/drive/MyDrive/AISC DeepFake Çalışmaları/Deneyler/Nazlıcan/Deney 1/Kaş/fake/train/fake_train_00584.jpg,fake/train/fake_train_00584.jpg,fake_train_00584.jpg,fake,1,train,1bb3491716c0817b08fb1d50a4e2e6cc2fe777ebec62788954999135854dce0b,,584,0.0,SUCCESS,4a07eb7bc17b404b3445ca1437aca850cd776bd6e1b2e1975070de083379f0db,71.0,22.0,166.89519371,0.15625
/content/drive/MyDrive/AISC DeepFake Çalışmaları/Deneyler/Nazlıcan/Deney 1/Kaş/fake/train/fake_train_00586.jpg,fake/train/fake_train_00586.jpg,fake_train_00586.jpg,fake,1,train,5629d3fc5948a34184cc21845e6564db7d147dbd0477f54eeb3725216d1ee19f,,586,0.0,SUCCESS,f49e3b918cfac6c9b8c0e1ad2fb0ff46e9680d23542757dc2a6b1299e4329c5c,212.0,50.0,8.51611227,0.0
/content/drive/MyDrive/AISC DeepFake Çalışmaları/Deneyler/Nazlıcan/Deney 1/Kaş/fake/train/fake_train_00589.jpg,fake/train/fake_train_00589.jpg,fake_train_00589.jpg,fake,1,train,6eaf1714d18a14d68cdd368f7ee427edd250436216c3f87dc2010fdcd465803b,,589,0.0,SUCCESS,307a399cb59de649e47518ca07ae76a11b3114cdebc1812585157409d32f9324,361.0,104.0,8.10979522,0.09375
/content/drive/MyDrive/AISC DeepFake Çalışmaları/Deneyler/Nazlıcan/Deney 1/Kaş/fake/train/fake_train_00590.jpg,fake/train/fake_train_00590.jpg,fake_train_00590.jpg,fake,1,train,cc49d14d60a290828948dc21ad310061a961ce3a4b18f6e0bc9f0df825824554,,590,0.0,SUCCESS,fab73e18dd78051ec36d3b38dee6917c2b17d883b58edb441c90cafc2ce7ec47,245.0,57.0,20.58858631,0.0
/content/drive/MyDrive/AISC DeepFake Çalışmaları/Deneyler/Nazlıcan/Deney 1/Kaş/fake/train/fake_train_00591.jpg,fake/train/fake_train_00591.jpg,fake_train_00591.jpg,fake,1,train,b09205e6002017b4aa0f504da3b616cbe59ba2aa00a14b66b0dbc36e13001314,,591,0.0,SUCCESS,6be7299310f34c9f53a0aecc3db9987c299be3fd00417f8cd5732ada04eabb9d,160.0,33.0,40.64564735,0.0
/content/drive/MyDrive/AISC DeepFake Çalışmaları/Deneyler/Nazlıcan/Deney 1/Kaş/fake/train/fake_train_00592.jpg,fake/train/fake_train_00592.jpg,fake_train_00592.jpg,fake,1,train,782cd64629d8a3ee57f3e6975d1942f40d0018ddcc77eb59718b77c71489fc44,,592,0.0,SUCCESS,e82d4d54a355784970c17e90a7d927c70ff28e047543a9795ffc2e1522ed6b09,120.0,29.0,14.73638889,0.0
/content/drive/MyDrive/AISC DeepFake Çalışmaları/Deneyler/Nazlıcan/Deney 1/Kaş/fake/train/fake_train_00593.jpg,fake/train/fake_train_00593.jpg,fake_train_00593.jpg,fake,1,train,d39287e14be9cbf356207c9380c22ef33fc91f6f1c8c89f097391a71c8a175f2,,593,0.0,SUCCESS,d5f6b21c0823c2a9108c39eb55b5eed621a876d454ca5d424d124df92799f4d4,101.0,31.0,224.52316452,0.09375
/content/drive/MyDrive/AISC DeepFake Çalışmaları/Deneyler/Nazlıcan/Deney 1/Kaş/fake/train/fake_train_00594.jpg,fake/train/fake_train_00594.jpg,fake_train_00594.jpg,fake,1,train,929c07b03f52805072bc3d46ab5f101772879923e6e4135d2eb3cc46702c974d,,594,0.0,SUCCESS,1448bce0b92e2e291b34b3d9197374f9dd3017fa03fa061f221b4151438e799c,228.0,51.0,14.75271257,0.0
/content/drive/MyDrive/AISC DeepFake Çalışmaları/Deneyler/Nazlıcan/Deney 1/Kaş/fake/train/fake_train_00595.jpg,fake/train/fake_train_00595.jpg,fake_train_00595.jpg,fake,1,train,e4a40fe9275655fa174b58044dd0b5ae3d89b2a682f1b136ab1841b86f6a3159,,595,0.0,SUCCESS,84d9dc80705292f62d42f826aacb3d04be918297f5b9c1d26ac63d45932b7aeb,329.0,77.0,15.93440456,0.0
/content/drive/MyDrive/AISC DeepFake Çalışmaları/Deneyler/Nazlıcan/Deney 1/Kaş/fake/train/fake_train_00596.jpg,fake/train/fake_train_00596.jpg,fake_train_00596.jpg,fake,1,train,5b12f7ea79ec22d3cad740812dbefc12a71b7020e86a1448156b4b4d3a89880e,,596,0.0,SUCCESS,6f7df27ab69c23dbf77af6dcdc69becde53e87d7546922c55aadead7694e3a95,74.0,21.0,85.98112232,0.0
/content/drive/MyDrive/AISC DeepFake Çalışmaları/Deneyler/Nazlıcan/Deney 1/Kaş/fake/train/fake_train_00597.jpg,fake/train/fake_train_00597.jpg,fake_train_00597.jpg,fake,1,train,17bef71e97c3f751d4554a93d6bac7e47d67325efe137a1d71231db86bbe8b07,,597,0.0,SUCCESS,aefdc2200c321543cf91375310e3f9645ba8a9fd4c85a5e8afb9f831c9cb8554,106.0,27.0,79.26758591,0.0
/content/drive/MyDrive/AISC DeepFake Çalışmaları/Deneyler/Nazlıcan/Deney 1/Kaş/fake/train/fake_train_00598.jpg,fake/train/fake_train_00598.jpg,fake_train_00598.jpg,fake,1,train,f7b119edd53d2bdb3f32104d9bbcf1cfd5da086fa8e578a37f271b35bae34453,,598,0.0,SUCCESS,6f2ac439f0167bbb16c023daf1ccbeb25d6d2c0a3bf9bc60fe4d9951497328c5,86.0,30.0,73.20796992,0.1875
/content/drive/MyDrive/AISC DeepFake Çalışmaları/Deneyler/Nazlıcan/Deney 1/Kaş/fake/train/fake_train_00599.jpg,fake/train/fake_train_00599.jpg,fake_train_00599.jpg,fake,1,train,ee529f9e294303674e0ecef63d20ced732bee2f300cf1e6d33ea71dc50fda8f4,,599,0.0,SUCCESS,c6a29ce4abc8ae9bb18cb7e98c76970e8a79eb72d902c35c33b50e5722589a54,65.0,19.0,261.04120113,0.0
/content/drive/MyDrive/AISC DeepFake Çalışmaları/Deneyler/Nazlıcan/Deney 1/Kaş/fake/train/fake_train_00600.jpg,fake/train/fake_train_00600.jpg,fake_train_00600.jpg,fake,1,train,bfc85a534782acb918583c05cadecbd89bcc199c6d72b26d1c3b2425bb5f7ab1,,600,0.0,SUCCESS,1eec8e062b002e2d97d279a6824c813bcee0da6dcabe33a9f79c255b3d102068,247.0,50.0,15.35554529,0.0
/content/drive/MyDrive/AISC DeepFake Çalışmaları/Deneyler/Nazlıcan/Deney 1/Kaş/fake/train/fake_train_00603.jpg,fake/train/fake_train_00603.jpg,fake_train_00603.jpg,fake,1,train,d35d073f336484e3a6d4ed035a9b457829530cb3002e8825d34936193bbf77c9,,603,0.0,SUCCESS,f186cffaf090fc210f6d680f135be999676899084625b83e24b99d861e78d329,127.0,29.0,55.47301561,0.09375
/content/drive/MyDrive/AISC DeepFake Çalışmaları/Deneyler/Nazlıcan/Deney 1/Kaş/fake/train/fake_train_00605.jpg,fake/train/fake_train_00605.jpg,fake_train_00605.jpg,fake,1,train,30dc81c7da8879012632581738bf534ab8e86b77fa3fac151d4ca1c121348c25,,605,0.0,SUCCESS,795b7aebdb7ac7ff72d171282bab80cb9eb53593bbbef0a92e13247a78cf6188,209.0,42.0,21.49030638,0.0
/content/drive/MyDrive/AISC DeepFake Çalışmaları/Deneyler/Nazlıcan/Deney 1/Kaş/fake/train/fake_train_00606.jpg,fake/train/fake_train_00606.jpg,fake_train_00606.jpg,fake,1,train,58c3cb9397391455fed120ac7eda4ca9b93eb81b68be0fb177405d810c72d74f,,606,0.0,SUCCESS,f64c191056f4e9da60bdfc81a0863aba2337219ccacbc9864eab105c46e9928b,183.0,35.0,8.89035452,0.0
/content/drive/MyDrive/AISC DeepFake Çalışmaları/Deneyler/Nazlıcan/Deney 1/Kaş/fake/train/fake_train_00608.jpg,fake/train/fake_train_00608.jpg,fake_train_00608.jpg,fake,1,train,beb5879f48229ad4d6fb091a1e41ed9a86cf0c14351fbefbcdf9a2e4c198759f,,608,0.0,SUCCESS,1aa5f12b54165e8dfbbd43f85ad31cb2d28e5b3f6866aec9fc85ddcedeb6aadb,442.0,97.0,14.88763447,0.0
/content/drive/MyDrive/AISC DeepFake Çalışmaları/Deneyler/Nazlıcan/Deney 1/Kaş/fake/train/fake_train_00609.jpg,fake/train/fake_train_00609.jpg,fake_train_00609.jpg,fake,1,train,3a49e37d15a724d78621068109f3a79213216f84b8b6edef87e74cc2ccf74dd9,,609,0.0,SUCCESS,fc651618cde76254b617c383a10083f90739fd5c20eb4fd82c6064a21db13704,182.0,39.0,16.95790934,0.0
/content/drive/MyDrive/AISC DeepFake Çalışmaları/Deneyler/Nazlıcan/Deney 1/Kaş/fake/train/fake_train_00610.jpg,fake/train/fake_train_00610.jpg,fake_train_00610.jpg,fake,1,train,df02eaedd972182eec7e3c01e073fef594e5c2eae5f03ffb4da7d91934d67b87,,610,0.0,SUCCESS,95c8fe144273abbbd7e5bf1fdda34f6e63938621b59e7579d0e7d88a3c068a22,162.0,30.0,112.7404713,0.09375
/content/drive/MyDrive/AISC DeepFake Çalışmaları/Deneyler/Nazlıcan/Deney 1/Kaş/fake/train/fake_train_00613.jpg,fake/train/fake_train_00613.jpg,fake_train_00613.jpg,fake,1,train,b4f19e057442170e51ad89b59424077c6dfb870bef1621dc903b32606ed4ef7b,,613,0.0,SUCCESS,19246e59792f9b4fb2e4080e7b8d01f74901b68081b0064582bb0fa1e9d82216,237.0,65.0,13.97524738,0.0
/content/drive/MyDrive/AISC DeepFake Çalışmaları/Deneyler/Nazlıcan/Deney 1/Kaş/fake/train/fake_train_00614.jpg,fake/train/fake_train_00614.jpg,fake_train_00614.jpg,fake,1,train,24640fb96d2a2a2c9da970adb7ed908d0d68169e7b70a29d08efc820617285c0,,614,0.0,SUCCESS,bc231232838e593775be833d4540302db28e0cdb6a95ac2a5368c0a0c266b42f,261.0,55.0,15.93981751,0.0
/content/drive/MyDrive/AISC DeepFake Çalışmaları/Deneyler/Nazlıcan/Deney 1/Kaş/fake/train/fake_train_00615.jpg,fake/train/fake_train_00615.jpg,fake_train_00615.jpg,fake,1,train,041bf6a2343b2b09cb5b19f22ff1de669abdea497229861b3c6d38c20a3bd774,,615,0.0,SUCCESS,772dcbf2edd1ff297b8259cb50bb8ca926955dda91dbb08378101b5cd0ff1625,108.0,24.0,170.35897714,0.0
/content/drive/MyDrive/AISC DeepFake Çalışmaları/Deneyler/Nazlıcan/Deney 1/Kaş/fake/train/fake_train_00617.jpg,fake/train/fake_train_00617.jpg,fake_train_00617.jpg,fake,1,train,8062ec82b0fe893d19f8c2ba669627c4052a75272391af8e59a28511ec0b844e,,617,0.0,SUCCESS,3f80045606087bcb5e2ec1387da86cf141e8f0350d4413c36c03073bb4982297,378.0,116.0,5.82055319,0.0625
/content/drive/MyDrive/AISC DeepFake Çalışmaları/Deneyler/Nazlıcan/Deney 1/Kaş/fake/train/fake_train_00618.jpg,fake/train/fake_train_00618.jpg,fake_train_00618.jpg,fake,1,train,5cb4681b9e16b41676824555a3b4b6bb0eb3c505a78908400126a7f33e93c564,,618,0.0,SUCCESS,8a5d33b929aed7715519dea213f84ce975658790e7610e73e8c10007e3062d8d,91.0,21.0,351.98071207,0.0
/content/drive/MyDrive/AISC DeepFake Çalışmaları/Deneyler/Nazlıcan/Deney 1/Kaş/fake/train/fake_train_00619.jpg,fake/train/fake_train_00619.jpg,fake_train_00619.jpg,fake,1,train,5549a386efa133f91810d164157ee62a878b6a979036af169356e869a5e2f88c,,619,0.0,SUCCESS,c69390b8a1695bb7bc19e1cb476148858f3b73a27614fc47747c7fb4a44052ba,166.0,52.0,57.86469681,0.25
/content/drive/MyDrive/AISC DeepFake Çalışmaları/Deneyler/Nazlıcan/Deney 1/Kaş/fake/train/fake_train_00621.jpg,fake/train/fake_train_00621.jpg,fake_train_00621.jpg,fake,1,train,8a38cb0118852290a8f7fbeeca399e2de4a8e7ee1d1c8c2e3388547d66ec1231,,621,0.0,SUCCESS,dd2ec7544431a620b63b9fca45d9172d6124b3d16aa9faa4f8d6730847dded33,92.0,17.0,583.14719741,0.0
/content/drive/MyDrive/AISC DeepFake Çalışmaları/Deneyler/Nazlıcan/Deney 1/Kaş/fake/train/fake_train_00622.jpg,fake/train/fake_train_00622.jpg,fake_train_00622.jpg,fake,1,train,790bfc962c009e59061efc9f12364b8d36962b402bbe05fd7e8a288e937d07bb,,622,0.0,SUCCESS,47dd7c25589a1ac05560bd57f06aa6bed6e836f0f64a2c82316441b2c5a91c74,337.0,78.0,10.79346786,0.0
/content/drive/MyDrive/AISC DeepFake Çalışmaları/Deneyler/Nazlıcan/Deney 1/Kaş/fake/train/fake_train_00623.jpg,fake/train/fake_train_00623.jpg,fake_train_00623.jpg,fake,1,train,f0eab647287cf5c9057953dfeb8d00e2b60d176f686774e58b28e34fe56d5c0d,,623,0.0,SUCCESS,314b1f5fac1ac8a1800f754a96329229f209a27a423748622ad38ec7eb3848a4,66.0,16.0,183.0670833,0.1875
/content/drive/MyDrive/AISC DeepFake Çalışmaları/Deneyler/Nazlıcan/Deney 1/Kaş/fake/train/fake_train_00624.jpg,fake/train/fake_train_00624.jpg,fake_train_00624.jpg,fake,1,train,82b91626a617e9f17b4fa5a060a914fbae30230d784181358d1cf638a8b7b36a,,624,0.0,SUCCESS,befba1cc019d71aa55f5bd1d59b201c350dc81982c43ed80167e60943934a47c,154.0,29.0,18.03802633,0.0
/content/drive/MyDrive/AISC DeepFake Çalışmaları/Deneyler/Nazlıcan/Deney 1/Kaş/fake/train/fake_train_00625.jpg,fake/train/fake_train_00625.jpg,fake_train_00625.jpg,fake,1,train,6ac2820d22c745739943ed440acd434af770329842e2731c0d3ed7132b8e3391,,625,0.0,SUCCESS,5369bfb60b3aa2c7618e4061c71cfedf9706afcb4963724edf5ddc5c3cf0f2b3,84.0,17.0,96.94463815,0.0
/content/drive/MyDrive/AISC DeepFake Çalışmaları/Deneyler/Nazlıcan/Deney 1/Kaş/fake/train/fake_train_00628.jpg,fake/train/fake_train_00628.jpg,fake_train_00628.jpg,fake,1,train,757c1a0f68966d8fd4e844dca31e01b3fccefd22c55a864bb8ab29e532fbd2ec,,628,0.0,SUCCESS,9934b863e87a7c263fe5e923131b3855506d1db55ff848ede2eb14a2b03b302c,128.0,35.0,52.3708087,0.09375
/content/drive/MyDrive/AISC DeepFake Çalışmaları/Deneyler/Nazlıcan/Deney 1/Kaş/fake/train/fake_train_00629.jpg,fake/train/fake_train_00629.jpg,fake_train_00629.jpg,fake,1,train,7a6978daacf4eb4059520459ec52b02c338dfa5054c7fc5968910af3f0fbbfd2,,629,0.0,SUCCESS,50e46c1cba503c56261504a247128e3056c77f81d1d0d911eb42cd0b2226784e,77.0,16.0,28.63285335,0.0
/content/drive/MyDrive/AISC DeepFake Çalışmaları/Deneyler/Nazlıcan/Deney 1/Kaş/fake/train/fake_train_00630.jpg,fake/train/fake_train_00630.jpg,fake_train_00630.jpg,fake,1,train,f967c6ff77e658a9c12bda595b25697185c8286a267748607e48f0b378ba8edc,,630,0.0,SUCCESS,096b75d44bc1259cdcf811233601ab157ef5f2d5bf9467c57f2a76ac3fb83a9b,105.0,28.0,48.31452126,0.0
/content/drive/MyDrive/AISC DeepFake Çalışmaları/Deneyler/Nazlıcan/Deney 1/Kaş/fake/train/fake_train_00632.jpg,fake/train/fake_train_00632.jpg,fake_train_00632.jpg,fake,1,train,99fed3ec5962c1e8bbf517f32c325330b90552efef8310afc407200c33781db2,,632,0.0,SUCCESS,88bb87a0c9a44d47a56878aad7a4fa643c610d09e7b8b5471ff53c56dc19ccc2,136.0,44.0,7.90596805,0.125
/content/drive/MyDrive/AISC DeepFake Çalışmaları/Deneyler/Nazlıcan/Deney 1/Kaş/fake/train/fake_train_00633.jpg,fake/train/fake_train_00633.jpg,fake_train_00633.jpg,fake,1,train,692d13abc76575acbf230b34602cf8a8bf712ee8ca480f7bd110b2f87cdd5b1f,,633,0.0,SUCCESS,156ca294b402d16841e3bc3082b3f66fb004fd24b505dd0ef54c8861ab135380,171.0,42.0,42.36914705,0.09375
/content/drive/MyDrive/AISC DeepFake Çalışmaları/Deneyler/Nazlıcan/Deney 1/Kaş/fake/train/fake_train_00634.jpg,fake/train/fake_train_00634.jpg,fake_train_00634.jpg,fake,1,train,46e2aa678c302ca7ef62ede3c485d87ce8e8b6c9e876660dec93ac30d660642f,,634,0.0,SUCCESS,2391fcd323b1d15a40d956eb7b880c59d1583363caac6e9bfc8320741babd3d5,218.0,66.0,25.53744535,0.09375
/content/drive/MyDrive/AISC DeepFake Çalışmaları/Deneyler/Nazlıcan/Deney 1/Kaş/fake/train/fake_train_00637.jpg,fake/train/fake_train_00637.jpg,fake_train_00637.jpg,fake,1,train,320fac10bd96214ba45d54eb11d171694e02c6313652f265b5752e0896018ce0,,637,0.0,SUCCESS,50d6c9bab72e902d6b318f7a2bacb57f69ba6705096444b65b0b4e9019153d02,87.0,26.0,380.99931908,0.125
/content/drive/MyDrive/AISC DeepFake Çalışmaları/Deneyler/Nazlıcan/Deney 1/Kaş/fake/train/fake_train_00640.jpg,fake/train/fake_train_00640.jpg,fake_train_00640.jpg,fake,1,train,8237ecb5bf13698765a29ba841ab1b7b3f7bd5b510bb9de8040358549befb443,,640,0.0,SUCCESS,98ec7b7ebd9b1cb4164c72f0904ce3b57f4d97880fad483257343e38f136b0e4,66.0,15.0,278.81068156,0.0
/content/drive/MyDrive/AISC DeepFake Çalışmaları/Deneyler/Nazlıcan/Deney 1/Kaş/fake/train/fake_train_00641.jpg,fake/train/fake_train_00641.jpg,fake_train_00641.jpg,fake,1,train,21deac92f40e26d81ac641592ede467e06fef50d6367c76286954393cb7eb6ef,,641,0.0,SUCCESS,8dbab44808624c36676c81e31077bac8b37d6b721ffecb59981bf2780c932229,146.0,29.0,22.7369972,0.0
/content/drive/MyDrive/AISC DeepFake Çalışmaları/Deneyler/Nazlıcan/Deney 1/Kaş/fake/train/fake_train_00643.jpg,fake/train/fake_train_00643.jpg,fake_train_00643.jpg,fake,1,train,8d2a46fb450b96eb50c83b34255431cd72c5ed93d33dbbe58b7adb2b3f46486c,,643,0.0,SUCCESS,87de792deb739337fca4bbae220c21d0579ad1b430753ec2ae61f4293c74013a,164.0,40.0,54.13953738,0.0625
/content/drive/MyDrive/AISC DeepFake Çalışmaları/Deneyler/Nazlıcan/Deney 1/Kaş/fake/train/fake_train_00646.jpg,fake/train/fake_train_00646.jpg,fake_train_00646.jpg,fake,1,train,5f9f4e0638253ce6526ef1b4870a6ea8bebbbebb07b2cd080c0b996e32d934f8,,646,0.0,SUCCESS,e98f310dd402bf161305b6a52d7d4b872da4f0a0c935d6e7fb09009f7bf82835,142.0,43.0,35.17491293,0.09375
/content/drive/MyDrive/AISC DeepFake Çalışmaları/Deneyler/Nazlıcan/Deney 1/Kaş/fake/train/fake_train_00647.jpg,fake/train/fake_train_00647.jpg,fake_train_00647.jpg,fake,1,train,4f3753523bd6d21c96ee0a9086205edd5a63ca9b28c2c1428e6cbb1466d66b9f,,647,0.0,SUCCESS,61ae836856bc02888bf48463548fc435f3d1000dba3c087ddccf79f4d49a5a0e,158.0,33.0,22.14297746,0.0
/content/drive/MyDrive/AISC DeepFake Çalışmaları/Deneyler/Nazlıcan/Deney 1/Kaş/fake/train/fake_train_00651.jpg,fake/train/fake_train_00651.jpg,fake_train_00651.jpg,fake,1,train,7667d8dd8739f5ac4201c717795e82b9768c96a39bbe501b1f8f1fdc3b373237,,651,0.0,SUCCESS,e1d2bac540dde796e5fbe8322407e43da9eb24176b27f95848b6ce81dce26745,319.0,69.0,13.38003741,0.0
/content/drive/MyDrive/AISC DeepFake Çalışmaları/Deneyler/Nazlıcan/Deney 1/Kaş/fake/train/fake_train_00653.jpg,fake/train/fake_train_00653.jpg,fake_train_00653.jpg,fake,1,train,27b48d9916fdf914bf161dfd371d50f7192cf0d2de4685f21cbefe211509711c,,653,0.0,SUCCESS,66dba963a54a08017ea993edd517eec2353e9e164488ff14eb50cd4396a2fe86,115.0,25.0,66.71863459,0.09375
/content/drive/MyDrive/AISC DeepFake Çalışmaları/Deneyler/Nazlıcan/Deney 1/Kaş/fake/train/fake_train_00655.jpg,fake/train/fake_train_00655.jpg,fake_train_00655.jpg,fake,1,train,3070c63fe651bb0a2144d9f310220356399bff6f18ff47e9112ca592210a45d5,,655,0.0,SUCCESS,e292e81652bf2b0090cf4b795eb9a07b1cc24c797fb433f57a2d3cd748fe74f4,428.0,108.0,6.95543921,0.0625
/content/drive/MyDrive/AISC DeepFake Çalışmaları/Deneyler/Nazlıcan/Deney 1/Kaş/fake/train/fake_train_00656.jpg,fake/train/fake_train_00656.jpg,fake_train_00656.jpg,fake,1,train,d240e576934d82021b5a5d396917ec6fa9280af7159332524468baf322d839ba,,656,0.0,SUCCESS,00204f67e9f7dc0f29210706b5c35763fb6908b5c6dc16bd6ec57b9ea2c0565c,232.0,89.0,10.84352214,0.09375
/content/drive/MyDrive/AISC DeepFake Çalışmaları/Deneyler/Nazlıcan/Deney 1/Kaş/fake/train/fake_train_00657.jpg,fake/train/fake_train_00657.jpg,fake_train_00657.jpg,fake,1,train,a98324ed5a2381fef903b4eb26adae4c63c025262e5d5c190bd6a573eb0ece89,,657,0.0,SUCCESS,56847de96a26836eca60a62426fc06ba7ba8076711dc8d7f560125da1bf84f5f,63.0,20.0,246.11480159,0.125
/content/drive/MyDrive/AISC DeepFake Çalışmaları/Deneyler/Nazlıcan/Deney 1/Kaş/fake/train/fake_train_00658.jpg,fake/train/fake_train_00658.jpg,fake_train_00658.jpg,fake,1,train,2c828484417b0d1c0441ccb51bb33b8774d33c6c3f24ba2b998fb1cc867460a9,,658,0.0,SUCCESS,6e91f060ef919d2f8f6da6e0d7d03fdfa79da1fd5335d397c5abd554e35045f3,139.0,40.0,47.95454994,0.09375
/content/drive/MyDrive/AISC DeepFake Çalışmaları/Deneyler/Nazlıcan/Deney 1/Kaş/fake/train/fake_train_00659.jpg,fake/train/fake_train_00659.jpg,fake_train_00659.jpg,fake,1,train,5b394f172e5c123380af557a45647ca14821618a7b998c29999fb48dead2c81c,,659,0.0,SUCCESS,c25a30dadf1176cae7602e28b1e8462eb6ee4deb91d87fe6b8f933fb4a19f9a9,130.0,26.0,229.3638472,0.03125
/content/drive/MyDrive/AISC DeepFake Çalışmaları/Deneyler/Nazlıcan/Deney 1/Kaş/fake/train/fake_train_00660.jpg,fake/train/fake_train_00660.jpg,fake_train_00660.jpg,fake,1,train,5297fecc27df02f3b1bdcf1b3a004a6437ae6a00f514b63ca4c139911290fde7,,660,0.0,SUCCESS,d74eff730ba08a7063a7945aa4abff00cfb61fc8581cc43789c256471e333252,175.0,44.0,67.03510548,0.03125
/content/drive/MyDrive/AISC DeepFake Çalışmaları/Deneyler/Nazlıcan/Deney 1/Kaş/fake/train/fake_train_00661.jpg,fake/train/fake_train_00661.jpg,fake_train_00661.jpg,fake,1,train,3d9d0879c61e548b72ed46bf58f6a7888bdf5478a243649c23b09992c4dec046,,661,0.0,SUCCESS,aae856b3e694a69b91b9026934adc447d0b0804287112e30527a9ff13bbd6299,193.0,51.0,5.54845635,0.21875
/content/drive/MyDrive/AISC DeepFake Çalışmaları/Deneyler/Nazlıcan/Deney 1/Kaş/fake/train/fake_train_00662.jpg,fake/train/fake_train_00662.jpg,fake_train_00662.jpg,fake,1,train,7af40565d35e4595dd3f7d57acf4c97490545fa849a85f4c7cfe64f7851640d6,,662,0.0,SUCCESS,73a9c0a07d4a803d538a84cd9af9ecfd4b7bb65dd48f910f944d0511bf2af649,107.0,25.0,130.73611543,0.03125
/content/drive/MyDrive/AISC DeepFake Çalışmaları/Deneyler/Nazlıcan/Deney 1/Kaş/fake/train/fake_train_00663.jpg,fake/train/fake_train_00663.jpg,fake_train_00663.jpg,fake,1,train,42c291bdec56f42a329a510193afdd8f361baff5332c176b0c61a165f6aa5c2d,,663,0.0,SUCCESS,e0506afd7960b2dac55c5591d4f28d97f4af000d2159f3009dbd61d16150c9f7,175.0,43.0,24.75470574,0.09375
/content/drive/MyDrive/AISC DeepFake Çalışmaları/Deneyler/Nazlıcan/Deney 1/Kaş/fake/train/fake_train_00664.jpg,fake/train/fake_train_00664.jpg,fake_train_00664.jpg,fake,1,train,5ac01a1e1b39d085672361aba65393f2f218f1f7179e638fc9ee8759500069ab,,664,0.0,SUCCESS,a57f96531cd311cc4ebe9dbd22fd68638d282848c01afdc50d194d84c8a17c5b,298.0,68.0,4.45300279,0.0
/content/drive/MyDrive/AISC DeepFake Çalışmaları/Deneyler/Nazlıcan/Deney 1/Kaş/fake/train/fake_train_00665.jpg,fake/train/fake_train_00665.jpg,fake_train_00665.jpg,fake,1,train,c7a9fbc59335e047c53984a82f3961fa91c5f3f6ac7e8492a5ace55d5e3fec43,,665,0.0,SUCCESS,397e5c1942c9b33132100cd9a10a45a85a2496ee11984af6a4ad40c7c8da7fce,174.0,41.0,31.04472392,0.0625
/content/drive/MyDrive/AISC DeepFake Çalışmaları/Deneyler/Nazlıcan/Deney 1/Kaş/fake/train/fake_train_00666.jpg,fake/train/fake_train_00666.jpg,fake_train_00666.jpg,fake,1,train,2d389bcbff21a5f464cc9fe1f8c892d6fd7d8f8577c3cc7b8eb20aeb6ac22403,,666,0.0,SUCCESS,f31676db761f5a164c1e3dd6538e4f30cc3b87fd87af3b6384d04208abd9277a,112.0,25.0,50.12238724,0.125
/content/drive/MyDrive/AISC DeepFake Çalışmaları/Deneyler/Nazlıcan/Deney 1/Kaş/fake/train/fake_train_00668.jpg,fake/train/fake_train_00668.jpg,fake_train_00668.jpg,fake,1,train,6b2f25feb0463c616eb550506cdc228064bbd12b4ad9374b5d3393b830e40cf6,,668,0.0,SUCCESS,52dd8c3cc77175f4e41a9f54a607958c5307ef84bc9619c6533c019bb887cdac,113.0,27.0,46.67514871,0.0
/content/drive/MyDrive/AISC DeepFake Çalışmaları/Deneyler/Nazlıcan/Deney 1/Kaş/fake/train/fake_train_00670.jpg,fake/train/fake_train_00670.jpg,fake_train_00670.jpg,fake,1,train,29027ecfd2e7b7704f92709c02355bad98c2de59c91c4d905c7d0b3aaa53f7c2,,670,0.0,SUCCESS,bc643dcec86ce5bedf260c7a5582e6782e56ce05a6bcf4695709de29aeaf470f,99.0,25.0,192.89285322,0.03125
/content/drive/MyDrive/AISC DeepFake Çalışmaları/Deneyler/Nazlıcan/Deney 1/Kaş/fake/train/fake_train_00671.jpg,fake/train/fake_train_00671.jpg,fake_train_00671.jpg,fake,1,train,40fda270cffa137003ba386364248410a934ea7cfbb3e7e7c33372f502e327e4,,671,0.0,SUCCESS,f8e4159077657564def9892b28763266c8ffefacf4bba7bc2ebd071c7e05ffb7,84.0,22.0,244.18595393,0.0
/content/drive/MyDrive/AISC DeepFake Çalışmaları/Deneyler/Nazlıcan/Deney 1/Kaş/fake/train/fake_train_00672.jpg,fake/train/fake_train_00672.jpg,fake_train_00672.jpg,fake,1,train,188d3835d5c9bfb32b10dd8d74a5204d0f8015f3234beac3e852dc5f0c2af0c7,,672,0.0,SUCCESS,e2bf38c59fffd3e5eebca3d6a274d0ba1a49ef1c5d920766a9c995354b228a18,102.0,19.0,110.21142731,0.0
/content/drive/MyDrive/AISC DeepFake Çalışmaları/Deneyler/Nazlıcan/Deney 1/Kaş/fake/train/fake_train_00673.jpg,fake/train/fake_train_00673.jpg,fake_train_00673.jpg,fake,1,train,5d5dcf2c7db754a25686916e638aefccf421cd1cf01973fcf2d14d18c36af761,,673,0.0,SUCCESS,a07981c29afdf279f414eed26c2119f1e10e4ab0ad3e524321522999af7ff454,227.0,47.0,30.7668713,0.0
/content/drive/MyDrive/AISC DeepFake Çalışmaları/Deneyler/Nazlıcan/Deney 1/Kaş/fake/train/fake_train_00674.jpg,fake/train/fake_train_00674.jpg,fake_train_00674.jpg,fake,1,train,c9c7dc1f1e55fa357b8050b83f0cf8fcae78c5f631b5326e77afe83fabff08c1,,674,0.0,SUCCESS,5b949aa5af023d6752be83d21e9a40b2114435602dbfdfa6f04370eef03aa299,116.0,23.0,63.87126901,0.0
/content/drive/MyDrive/AISC DeepFake Çalışmaları/Deneyler/Nazlıcan/Deney 1/Kaş/fake/train/fake_train_00675.jpg,fake/train/fake_train_00675.jpg,fake_train_00675.jpg,fake,1,train,3331cf41a5e432ec968747e9eed64dd928aca89def6cf62bc832ffbbb61ab10f,,675,0.0,SUCCESS,5f60f919f849b5cd4f35a70518aa2510203f96ad61f556437322ffd0a34b970b,217.0,47.0,22.24954856,0.0
/content/drive/MyDrive/AISC DeepFake Çalışmaları/Deneyler/Nazlıcan/Deney 1/Kaş/fake/train/fake_train_00676.jpg,fake/train/fake_train_00676.jpg,fake_train_00676.jpg,fake,1,train,ed0bc667260ccf84303df911e484463a37fd070e86ece4864aea22acf770dc4e,,676,0.0,SUCCESS,e2ab9c93c5d0200e09c69b031d4fc9b6637ae4adfa7894c45da1bec6ad23ed88,57.0,15.0,508.69598714,0.0
/content/drive/MyDrive/AISC DeepFake Çalışmaları/Deneyler/Nazlıcan/Deney 1/Kaş/fake/train/fake_train_00678.jpg,fake/train/fake_train_00678.jpg,fake_train_00678.jpg,fake,1,train,67e6e34b0fe92694502220f929d61667d2454f6cb9111da6d310d2ba2cd46e0f,,678,0.0,SUCCESS,206cffbc41fbfb6bac6e945dcfceba04f0aafa2b7a92da55da828c757790c2c6,220.0,58.0,30.33670556,0.09375
/content/drive/MyDrive/AISC DeepFake Çalışmaları/Deneyler/Nazlıcan/Deney 1/Kaş/fake/train/fake_train_00679.jpg,fake/train/fake_train_00679.jpg,fake_train_00679.jpg,fake,1,train,e0fbc7da039c2263f61e8eb4df29716874e9160fba1eda0a59299fc46d407c94,,679,0.0,SUCCESS,dfc64ab2912bfab28ba3cdb0f86f2effcb0c0183cea0a126afe0eb639b093da8,73.0,16.0,657.49140244,0.03125
/content/drive/MyDrive/AISC DeepFake Çalışmaları/Deneyler/Nazlıcan/Deney 1/Kaş/fake/train/fake_train_00681.jpg,fake/train/fake_train_00681.jpg,fake_train_00681.jpg,fake,1,train,064bbfb1ac36e6164a4a6b1d096d409a26f3570b66319543dba2fc3d9ce37599,,681,0.0,SUCCESS,baaf9b69c62d5c7c03e8e97282f3f681cef2b85d1851d46f57d065b402583073,166.0,45.0,155.97856309,0.125
/content/drive/MyDrive/AISC DeepFake Çalışmaları/Deneyler/Nazlıcan/Deney 1/Kaş/fake/train/fake_train_00682.jpg,fake/train/fake_train_00682.jpg,fake_train_00682.jpg,fake,1,train,4e906b7dff155308dc18966daac10a302dabce4bd8d80d37e51c7680ac58b357,,682,0.0,SUCCESS,cc5b58841f8a7dfec04e644da6dcd670d05247899ae9cab7169bb603b848a89d,103.0,27.0,45.11043099,0.09375
/content/drive/MyDrive/AISC DeepFake Çalışmaları/Deneyler/Nazlıcan/Deney 1/Kaş/fake/train/fake_train_00683.jpg,fake/train/fake_train_00683.jpg,fake_train_00683.jpg,fake,1,train,d6a09082ea66b3cfe549974f2e121d29d10bcab19d8bc0c2c068c5113055639d,,683,0.0,SUCCESS,adc9651499d6aa57aa9f576697f9b51be9a19d541677fff74deef2838a0fc3d3,99.0,21.0,101.38896697,0.0
/content/drive/MyDrive/AISC DeepFake Çalışmaları/Deneyler/Nazlıcan/Deney 1/Kaş/fake/train/fake_train_00684.jpg,fake/train/fake_train_00684.jpg,fake_train_00684.jpg,fake,1,train,6a8efbcb3ce00a033143bddee71699ffeb13859e73b1c38af934d864f4b26e5d,,684,0.0,SUCCESS,6062979e49e8b54513d7b49e34b4d23985e43ce8adcc53d7d4513abe014ff3bc,103.0,22.0,125.76271764,0.0
/content/drive/MyDrive/AISC DeepFake Çalışmaları/Deneyler/Nazlıcan/Deney 1/Kaş/fake/train/fake_train_00686.jpg,fake/train/fake_train_00686.jpg,fake_train_00686.jpg,fake,1,train,8c4ecaeae7223a16522a1c95415a8d49f1ea6d7ad980ef3fb42af149e4ec9f0e,,686,0.0,SUCCESS,325b66c7958a749ecafaf7fa0363fd09046dbcadcf7f55aaf51e20353e063a14,223.0,55.0,64.99094407,0.0
/content/drive/MyDrive/AISC DeepFake Çalışmaları/Deneyler/Nazlıcan/Deney 1/Kaş/fake/train/fake_train_00687.jpg,fake/train/fake_train_00687.jpg,fake_train_00687.jpg,fake,1,train,29b58c31bb4e8dd1b5fe88373696af735feab7e7ecee4d6a23093b13a423655b,,687,0.0,SUCCESS,2a57c76d3d9d6f13aed834cc5f1680147ec7e11525862f3dab875ee75854e8a2,77.0,15.0,418.2045269,0.0
/content/drive/MyDrive/AISC DeepFake Çalışmaları/Deneyler/Nazlıcan/Deney 1/Kaş/fake/train/fake_train_00688.jpg,fake/train/fake_train_00688.jpg,fake_train_00688.jpg,fake,1,train,4dcbeb128a74fe453bc127509cd00f936bda20c9727dac65923d8c6234536bc9,,688,0.0,SUCCESS,85dcc46c0b6734f28e046b33e73841e947cca416d636cb7069d75f5d44372e39,79.0,21.0,372.54893741,0.09375
/content/drive/MyDrive/AISC DeepFake Çalışmaları/Deneyler/Nazlıcan/Deney 1/Kaş/fake/train/fake_train_00694.jpg,fake/train/fake_train_00694.jpg,fake_train_00694.jpg,fake,1,train,d1818e03a4a0ff4a22bbcdef350a7129cd51e374b5c02383800a3ec70727978c,,694,0.0,SUCCESS,88c48f7241cb8b81719900e6d1c6e453bebbe4bcd1f76d4e24d10e6cc02a1964,176.0,51.0,68.25579079,0.09375
/content/drive/MyDrive/AISC DeepFake Çalışmaları/Deneyler/Nazlıcan/Deney 1/Kaş/fake/train/fake_train_00696.jpg,fake/train/fake_train_00696.jpg,fake_train_00696.jpg,fake,1,train,b689e8ddc9bea543ebd40bcab5e13a725c6f4b3fe108c1d054e276f48753bbef,,696,0.0,SUCCESS,5e887a725b473b580ba5ff2fd39085c6b5d9e72d3ebbe37d389af75fa2d12841,258.0,55.0,20.60864987,0.0
/content/drive/MyDrive/AISC DeepFake Çalışmaları/Deneyler/Nazlıcan/Deney 1/Kaş/fake/train/fake_train_00698.jpg,fake/train/fake_train_00698.jpg,fake_train_00698.jpg,fake,1,train,112f459c94ba88287712d8e3eb79b61019e2ec360bc8cb05a3fcd3c4e23522b3,,698,0.0,SUCCESS,cbdfb5632772e1ab69c0d744cfbff56cd273803484a0c9f899dc2d1b82d57de8,86.0,27.0,42.73712554,0.0
/content/drive/MyDrive/AISC DeepFake Çalışmaları/Deneyler/Nazlıcan/Deney 1/Kaş/fake/train/fake_train_00700.jpg,fake/train/fake_train_00700.jpg,fake_train_00700.jpg,fake,1,train,ab25b91a4d62a73568cb6ca739901da85d91f2c7c730fd7ae031b874a42625ce,,700,0.0,SUCCESS,16a48acafae3547db6cecd0e4abe66332c6d4484dd5dd2bdc282072b38f5c3c7,437.0,117.0,6.26993179,0.0
/content/drive/MyDrive/AISC DeepFake Çalışmaları/Deneyler/Nazlıcan/Deney 1/Kaş/fake/train/fake_train_00704.jpg,fake/train/fake_train_00704.jpg,fake_train_00704.jpg,fake,1,train,7b29bf7048a716c484cdc89753f12e4fa42dec733b004bdb824d32e212f12283,,704,0.0,SUCCESS,7b8c1bf033f619eac5078f92a1d67a82ce4f5c346eba5b3e821b4f37ddd11999,104.0,28.0,81.63172284,0.15625
/content/drive/MyDrive/AISC DeepFake Çalışmaları/Deneyler/Nazlıcan/Deney 1/Kaş/fake/train/fake_train_00706.jpg,fake/train/fake_train_00706.jpg,fake_train_00706.jpg,fake,1,train,30a694cb36ddaca0c55dddcfa8d3e13859ee8b76c9dd5e30c2857cfd3e96dafc,,706,0.0,SUCCESS,6e6531ff308179fcb3f858ecb95dc0208ee0e533fb70a6d31e15b4331ac7bfec,156.0,36.0,24.52180126,0.0
/content/drive/MyDrive/AISC DeepFake Çalışmaları/Deneyler/Nazlıcan/Deney 1/Kaş/fake/train/fake_train_00708.jpg,fake/train/fake_train_00708.jpg,fake_train_00708.jpg,fake,1,train,da0482fdd3f2846ed2181ccc3cee08a6be6544cdc562ea762ea24ffba21ef728,,708,0.0,SUCCESS,4d41462c81d46d2099130d478c033456793b560ca8082adc197fd3775ac20307,75.0,21.0,106.97715939,0.0625
/content/drive/MyDrive/AISC DeepFake Çalışmaları/Deneyler/Nazlıcan/Deney 1/Kaş/fake/train/fake_train_00709.jpg,fake/train/fake_train_00709.jpg,fake_train_00709.jpg,fake,1,train,d42917f07e7a518ce367fca63fe43c1333294366e5ed11a4bd260bd666e4a900,,709,0.0,SUCCESS,1e8bb548f9bca8578e149a3cb6064ab6ad8edd5c55ccd404ff4363a392f5e720,279.0,60.0,11.16920161,0.0
/content/drive/MyDrive/AISC DeepFake Çalışmaları/Deneyler/Nazlıcan/Deney 1/Kaş/fake/train/fake_train_00710.jpg,fake/train/fake_train_00710.jpg,fake_train_00710.jpg,fake,1,train,8de53fec8ef3ce444e4b152c0b3280f089ec92c2355dfa53a8067247de590191,,710,0.0,SUCCESS,4ace501d37fde86b98ae85782ede09ce669e4ccef517d654a15800163aba7d5f,222.0,51.0,32.35638088,0.0
/content/drive/MyDrive/AISC DeepFake Çalışmaları/Deneyler/Nazlıcan/Deney 1/Kaş/fake/train/fake_train_00711.jpg,fake/train/fake_train_00711.jpg,fake_train_00711.jpg,fake,1,train,0ca85db1dcfa27bf50d965cf89dbe4a3f4d619d990c7128474dd1ee26e845c0b,,711,0.0,SUCCESS,d54cd91e53f4edac2dd9faafdcc7c45c585e98810ac0596db24edbf251a0e8e9,104.0,30.0,89.60934819,0.09375
/content/drive/MyDrive/AISC DeepFake Çalışmaları/Deneyler/Nazlıcan/Deney 1/Kaş/fake/train/fake_train_00713.jpg,fake/train/fake_train_00713.jpg,fake_train_00713.jpg,fake,1,train,ae30d562b26391bc73993bfbd95d0bb34f68a397e78458f87a7277a5e894f1f8,,713,0.0,SUCCESS,550a8c378d015efce045915d1bba4f19a288ac1f6eb0a28cfb3cedd36c7cf70d,377.0,84.0,5.17065458,0.0
/content/drive/MyDrive/AISC DeepFake Çalışmaları/Deneyler/Nazlıcan/Deney 1/Kaş/fake/train/fake_train_00714.jpg,fake/train/fake_train_00714.jpg,fake_train_00714.jpg,fake,1,train,f4a1b14a1334911a9e9f4c6bb0f14378c013c1bdc719254c85d5bc78c8cd1f56,,714,0.0,SUCCESS,c34ea6e4efbe6433a31e312d3b705a964e700e5d2b68d6de61a1fea097fc15e5,208.0,42.0,44.65380669,0.0
/content/drive/MyDrive/AISC DeepFake Çalışmaları/Deneyler/Nazlıcan/Deney 1/Kaş/fake/train/fake_train_00715.jpg,fake/train/fake_train_00715.jpg,fake_train_00715.jpg,fake,1,train,25e2a9ecae938168a464c23a5ae8fa947434730a00ce6a34b52a9ef41fa56160,,715,0.0,SUCCESS,fccf6b2883cadc073cbc44d522775ad9ab94120bf3513201d3c8398ff87d4da1,101.0,21.0,112.81751089,0.0
/content/drive/MyDrive/AISC DeepFake Çalışmaları/Deneyler/Nazlıcan/Deney 1/Kaş/fake/train/fake_train_00716.jpg,fake/train/fake_train_00716.jpg,fake_train_00716.jpg,fake,1,train,f04b3f77a0ab66eab0613c9c34dd6083278dee5df1c47863dba78efdf0094d3a,,716,0.0,SUCCESS,be72da2da59ca4e5adfd3c9f919f76baf3e5c9617c21f15c147019cb25329edf,160.0,49.0,38.03690936,0.0
/content/drive/MyDrive/AISC DeepFake Çalışmaları/Deneyler/Nazlıcan/Deney 1/Kaş/fake/train/fake_train_00718.jpg,fake/train/fake_train_00718.jpg,fake_train_00718.jpg,fake,1,train,8538f706e39c51b4e9855f0943a80e05518c71794dfa44a59394afb4d6af982f,,718,0.0,SUCCESS,b0fe91a01cbff8018d033b6ae7ff919c76866e97ac1e51006e34e54e60abd0a0,75.0,17.0,72.52530319,0.03125
/content/drive/MyDrive/AISC DeepFake Çalışmaları/Deneyler/Nazlıcan/Deney 1/Kaş/fake/train/fake_train_00719.jpg,fake/train/fake_train_00719.jpg,fake_train_00719.jpg,fake,1,train,c9a16d0de9eaa8691249ec895a6f08596b838dc8071f5067dfcfae62bcd95d29,,719,0.0,SUCCESS,2576042f3a2ac16d594a0a22d209cabd4984a966fd61d55272ed6a7ffead9cb3,147.0,30.0,34.57322021,0.0
/content/drive/MyDrive/AISC DeepFake Çalışmaları/Deneyler/Nazlıcan/Deney 1/Kaş/fake/train/fake_train_00722.jpg,fake/train/fake_train_00722.jpg,fake_train_00722.jpg,fake,1,train,9a6d41f569c14760c16c4f557b577bbb8d76990513c92ed5977135330fcf6eb0,,722,0.0,SUCCESS,29b4603e974aa73bc336f48faa92301536edf09efa9f540ff6087046466616b9,227.0,45.0,12.45881598,0.0
/content/drive/MyDrive/AISC DeepFake Çalışmaları/Deneyler/Nazlıcan/Deney 1/Kaş/fake/train/fake_train_00723.jpg,fake/train/fake_train_00723.jpg,fake_train_00723.jpg,fake,1,train,95b9fed7359e55b41652a3aa703500de868ce6b27cce1721a85218a3aa108564,,723,0.0,SUCCESS,a7af8bf4554450236b185a2addc92bb344732589c19b009af31a793a7964ba92,122.0,35.0,44.21280981,0.09375
/content/drive/MyDrive/AISC DeepFake Çalışmaları/Deneyler/Nazlıcan/Deney 1/Kaş/fake/train/fake_train_00724.jpg,fake/train/fake_train_00724.jpg,fake_train_00724.jpg,fake,1,train,37af40822b4a3ae4a36742217cc1d2f7026b795cc110dca442df2a961fbed1f8,,724,0.0,SUCCESS,642d92fa48cfc31c6f7e5817b4d4cf5b089924fee9385b1442caefb8bbdcc7cf,161.0,45.0,81.70590024,0.09375
/content/drive/MyDrive/AISC DeepFake Çalışmaları/Deneyler/Nazlıcan/Deney 1/Kaş/fake/train/fake_train_00726.jpg,fake/train/fake_train_00726.jpg,fake_train_00726.jpg,fake,1,train,0a8096d44d56f33ee98567f98aa0f0e7cd4ca526eb1f970a53cf203bf70ffbb2,,726,0.0,SUCCESS,bbdffdc067f2705fb39c431d8e8f2a9a7761b4bc16f39392f1ad94753b56fb2b,127.0,29.0,33.39874595,0.0
/content/drive/MyDrive/AISC DeepFake Çalışmaları/Deneyler/Nazlıcan/Deney 1/Kaş/fake/train/fake_train_00729.jpg,fake/train/fake_train_00729.jpg,fake_train_00729.jpg,fake,1,train,03b2d15a60542c72f5b318d635084708790b3d48604609ee551e3e77e8091a92,,729,0.0,SUCCESS,13cbbfef848530b4ce9432ff3d71a5a1c6b450f2b8b46a4a17fb8fdca73c87c3,454.0,139.0,12.32237044,0.0
/content/drive/MyDrive/AISC DeepFake Çalışmaları/Deneyler/Nazlıcan/Deney 1/Kaş/fake/train/fake_train_00730.jpg,fake/train/fake_train_00730.jpg,fake_train_00730.jpg,fake,1,train,92f8681c475d81edd527300542a2a7d8afef8fd450a695b875d0c6492b2f670f,,730,0.0,SUCCESS,36c5d81a158c5ec5dcbe30e6d207c890a1cfcc718a4577059a4d2a72dcb562a0,138.0,37.0,24.30212775,0.0
/content/drive/MyDrive/AISC DeepFake Çalışmaları/Deneyler/Nazlıcan/Deney 1/Kaş/fake/train/fake_train_00732.jpg,fake/train/fake_train_00732.jpg,fake_train_00732.jpg,fake,1,train,8a53715fd934891f0701b822b4d3132182577cf45062725b43aeb9592cf9dad5,,732,0.0,SUCCESS,cc9f02ea552dd844be54e001886095dd94b2188a720e35277a97acaa1ee4f410,150.0,32.0,23.32623264,0.0
/content/drive/MyDrive/AISC DeepFake Çalışmaları/Deneyler/Nazlıcan/Deney 1/Kaş/fake/train/fake_train_00733.jpg,fake/train/fake_train_00733.jpg,fake_train_00733.jpg,fake,1,train,8fe8b788cf2ba7cc033a52b2e11293790f5a4842efd91e656dc87921f77b52fd,,733,0.0,SUCCESS,515112b224c317cbc0732631e0765fad9dc1b15416bd6dc94f8e08669f9cbde0,293.0,92.0,7.55074412,0.0
/content/drive/MyDrive/AISC DeepFake Çalışmaları/Deneyler/Nazlıcan/Deney 1/Kaş/fake/train/fake_train_00735.jpg,fake/train/fake_train_00735.jpg,fake_train_00735.jpg,fake,1,train,eb45147252e25f7069180e912dc70f401adb057466d88f2491ce1b4fb416f2b9,,735,0.0,SUCCESS,3173fe80abfb68f03702cbc1ca4621ad69287784da0ceb81e507e6253f94f48c,310.0,67.0,16.34374624,0.0
/content/drive/MyDrive/AISC DeepFake Çalışmaları/Deneyler/Nazlıcan/Deney 1/Kaş/fake/train/fake_train_00736.jpg,fake/train/fake_train_00736.jpg,fake_train_00736.jpg,fake,1,train,2fa1830b4ec25e5d444765a23e2d7f2f4766fb9fea765b54a604b04ee2bc283d,,736,0.0,SUCCESS,2fd9c97fa0f47d0841ce4f836fcce4414efed4b3918683a738b768f7c855c067,82.0,29.0,135.82044477,0.125
/content/drive/MyDrive/AISC DeepFake Çalışmaları/Deneyler/Nazlıcan/Deney 1/Kaş/fake/train/fake_train_00737.jpg,fake/train/fake_train_00737.jpg,fake_train_00737.jpg,fake,1,train,f117f95117efe68d6dac22fa32a99c6ddc591683d6123a7d2bfc964056d2aff6,,737,0.0,SUCCESS,a68d4a6901709ea36444960f4cf1ac38475b2427810bec76e8f73f3620822121,103.0,32.0,110.88681448,0.09375
/content/drive/MyDrive/AISC DeepFake Çalışmaları/Deneyler/Nazlıcan/Deney 1/Kaş/fake/train/fake_train_00738.jpg,fake/train/fake_train_00738.jpg,fake_train_00738.jpg,fake,1,train,e06e4fda81d4d6ff53b55ea770d499bf3a88e3caa1c4131af56c299cc4fba098,,738,0.0,SUCCESS,88c8b11a765862fda6b1d65acf6a0d622fec78e58d4e54518f7dd77fc0b23bdc,129.0,27.0,32.62895229,0.0
/content/drive/MyDrive/AISC DeepFake Çalışmaları/Deneyler/Nazlıcan/Deney 1/Kaş/fake/train/fake_train_00739.jpg,fake/train/fake_train_00739.jpg,fake_train_00739.jpg,fake,1,train,a58a4fcd6547144d7779ba251882e6e7682a18bbd4d13310f95e2bc945d0e4e3,,739,0.0,SUCCESS,1c03ff79c384610e3be60ea51247563eac22d578ca3f4ab0493c16e76e0bf5a7,195.0,49.0,26.58129608,0.09375
/content/drive/MyDrive/AISC DeepFake Çalışmaları/Deneyler/Nazlıcan/Deney 1/Kaş/fake/train/fake_train_00740.jpg,fake/train/fake_train_00740.jpg,fake_train_00740.jpg,fake,1,train,3a19d80465e976084b87e88c0617aaef7f62edcbd6d07c46affa71cd34115732,,740,0.0,SUCCESS,fdf11f401dba5fd41f05531938727f84d4699af3503d6dfeb02818dc2bb72735,67.0,22.0,128.52857444,0.125
/content/drive/MyDrive/AISC DeepFake Çalışmaları/Deneyler/Nazlıcan/Deney 1/Kaş/fake/train/fake_train_00741.jpg,fake/train/fake_train_00741.jpg,fake_train_00741.jpg,fake,1,train,528db9a9774c15e1e28923187028230cd3a972ccd215484466636922db4f1a8e,,741,0.0,SUCCESS,8ba4f70076838113189582077ed06d403e4e4714d63ac71719516beda2a96e76,121.0,36.0,89.82029895,0.125
/content/drive/MyDrive/AISC DeepFake Çalışmaları/Deneyler/Nazlıcan/Deney 1/Kaş/fake/train/fake_train_00744.jpg,fake/train/fake_train_00744.jpg,fake_train_00744.jpg,fake,1,train,fe0518495af852b8fc6dc988f5c089a7753b4b573bdefc10955e00b8dcce2c83,,744,0.0,SUCCESS,7d24d8c7b40d7f3d476e281a2f09cd95a16a54f11380a6b86f3d702b2e2c5574,438.0,96.0,13.56741652,0.0
/content/drive/MyDrive/AISC DeepFake Çalışmaları/Deneyler/Nazlıcan/Deney 1/Kaş/fake/train/fake_train_00748.jpg,fake/train/fake_train_00748.jpg,fake_train_00748.jpg,fake,1,train,2bb4eddb8fdc76bf042697660d23e5d8d059d69956de57efc1d21ed9d7a35eb1,,748,0.0,SUCCESS,286d9c864e32dc6f3d5e136087adda1a9d6acf7ce072ab97d169ff48ec7d817a,181.0,45.0,51.21115554,0.0
/content/drive/MyDrive/AISC DeepFake Çalışmaları/Deneyler/Nazlıcan/Deney 1/Kaş/fake/train/fake_train_00749.jpg,fake/train/fake_train_00749.jpg,fake_train_00749.jpg,fake,1,train,1e991337ccd0ba96cfc62f36e2ae5f77ed94e95f86f8e6e8f44e84d7554b650d,,749,0.0,SUCCESS,ccc499207c4fbef193721cbec1e08eb891478fb29654c2a5d979e9b7bacb8f27,412.0,79.0,7.16047924,0.0
/content/drive/MyDrive/AISC DeepFake Çalışmaları/Deneyler/Nazlıcan/Deney 1/Kaş/fake/train/fake_train_00751.jpg,fake/train/fake_train_00751.jpg,fake_train_00751.jpg,fake,1,train,0ab60b78416c3dacaca73f47536407370f0da43d4757299a14f67b255e6e1b2e,,751,0.0,SUCCESS,b2491a41b9b7b90a8bfe98ef6c98b1d92a775651629f57411dea8a407ba4cf3a,130.0,35.0,10.0521922,0.125
/content/drive/MyDrive/AISC DeepFake Çalışmaları/Deneyler/Nazlıcan/Deney 1/Kaş/fake/train/fake_train_00752.jpg,fake/train/fake_train_00752.jpg,fake_train_00752.jpg,fake,1,train,520a5bb364524c96af54d9a1e5d78ffd785f7336073bb2fa00074999eafa32b7,,752,0.0,SUCCESS,7293531162052285214c6320177247c3798613f3ee8f21461267c8206a57cd62,85.0,27.0,97.08368842,0.1875
/content/drive/MyDrive/AISC DeepFake Çalışmaları/Deneyler/Nazlıcan/Deney 1/Kaş/fake/train/fake_train_00753.jpg,fake/train/fake_train_00753.jpg,fake_train_00753.jpg,fake,1,train,7abdb647bae61e7c606240e1b841027ef17ec636a3c59223e4ee6a7cf11a734b,,753,0.0,SUCCESS,f7ba77f8ef298f715fc439523fc6f7867618740b7fbe17036a0fa207947bea8c,103.0,33.0,41.12591722,0.0
/content/drive/MyDrive/AISC DeepFake Çalışmaları/Deneyler/Nazlıcan/Deney 1/Kaş/fake/train/fake_train_00755.jpg,fake/train/fake_train_00755.jpg,fake_train_00755.jpg,fake,1,train,e6e2a666bc1e12e2187290c496c25ab58cd280777bea45b99ea72678b367362f,,755,0.0,SUCCESS,a479f1ee4778dd2c1942ead5a0b4b7352e1815fc520d825510b328602cbedd64,109.0,30.0,135.95816514,0.09375
/content/drive/MyDrive/AISC DeepFake Çalışmaları/Deneyler/Nazlıcan/Deney 1/Kaş/fake/train/fake_train_00756.jpg,fake/train/fake_train_00756.jpg,fake_train_00756.jpg,fake,1,train,f63623f35da605f70ee35f150b2a342f53b782be95882da57b3e3738cb5f57e6,,756,0.0,SUCCESS,9ba75dfd2dc2618ca0467462365b31d1f109c0b2a3abb84d6dd764cd97fd58a8,159.0,44.0,13.38930594,0.0625
/content/drive/MyDrive/AISC DeepFake Çalışmaları/Deneyler/Nazlıcan/Deney 1/Kaş/fake/train/fake_train_00757.jpg,fake/train/fake_train_00757.jpg,fake_train_00757.jpg,fake,1,train,7cc5b28bb7124ef372264994a771fd51ec555f932ecfdbf69f13e2b8e82aaad3,,757,0.0,SUCCESS,cab74d48598ca6401d11221648ad5db92c8148557fe49536a21237f7d1c1f9a8,230.0,41.0,11.74812167,0.0625
/content/drive/MyDrive/AISC DeepFake Çalışmaları/Deneyler/Nazlıcan/Deney 1/Kaş/fake/train/fake_train_00758.jpg,fake/train/fake_train_00758.jpg,fake_train_00758.jpg,fake,1,train,6f044b743df7880e01c0401f1c0f60d99c2c0d45d40c43c0bdba61be68005ae6,,758,0.0,SUCCESS,847f1c747a5301b3515c5725999f5ef3e4a625b56dca420258cad96100287618,88.0,18.0,47.391452,0.0
/content/drive/MyDrive/AISC DeepFake Çalışmaları/Deneyler/Nazlıcan/Deney 1/Kaş/fake/train/fake_train_00759.jpg,fake/train/fake_train_00759.jpg,fake_train_00759.jpg,fake,1,train,c30263da22310a44cb58f1a9741f8f07180ecce40955076335a3dd2e0bad7969,,759,0.0,SUCCESS,ed9b14cff3871a11ddbdb2ae743ab972d6a075fdee68ef3ee76f19c3e5738386,167.0,37.0,70.51035398,0.0
/content/drive/MyDrive/AISC DeepFake Çalışmaları/Deneyler/Nazlıcan/Deney 1/Kaş/fake/train/fake_train_00760.jpg,fake/train/fake_train_00760.jpg,fake_train_00760.jpg,fake,1,train,ddb54dfeb67151cb280db594cf038e67918b46b22bbebac69644555945bc0ad0,,760,0.0,SUCCESS,b5c4166ae6d958c3364c4d2f10bdc9e7a05bfc3bb5f77da61b9d001d9fe2ecf2,363.0,81.0,9.37182979,0.0
/content/drive/MyDrive/AISC DeepFake Çalışmaları/Deneyler/Nazlıcan/Deney 1/Kaş/fake/train/fake_train_00761.jpg,fake/train/fake_train_00761.jpg,fake_train_00761.jpg,fake,1,train,8f276029ba64be30fead6efd09040adf9c6f20697f8b4ff441d0d8b2eed9eddd,,761,0.0,SUCCESS,941431d6220b46f9cfea1c4ec6ae8f955b9a279b00024d469623f54bfe7fb006,237.0,71.0,19.1803026,0.0
/content/drive/MyDrive/AISC DeepFake Çalışmaları/Deneyler/Nazlıcan/Deney 1/Kaş/fake/train/fake_train_00762.jpg,fake/train/fake_train_00762.jpg,fake_train_00762.jpg,fake,1,train,1c51219f8053b7673aabbe88c8adf8351fc2a8c3e12d045015df63eb464cf5a6,,762,0.0,SUCCESS,e7c6d925434ab542098fdc5f3426ba5ec3b3aae41bcc0beebe4c977e6bab53da,90.0,25.0,1136.65277551,0.0
/content/drive/MyDrive/AISC DeepFake Çalışmaları/Deneyler/Nazlıcan/Deney 1/Kaş/fake/train/fake_train_00763.jpg,fake/train/fake_train_00763.jpg,fake_train_00763.jpg,fake,1,train,5a297bb109a375a3a06d0871da94b82434d2fba84cc3501fcbf4169a1668892a,,763,0.0,SUCCESS,6bc61e4049649a475ff005dbbd3539d991de38fe423e888a77edd12613d3c43c,158.0,31.0,37.02422935,0.0
/content/drive/MyDrive/AISC DeepFake Çalışmaları/Deneyler/Nazlıcan/Deney 1/Kaş/fake/train/fake_train_00764.jpg,fake/train/fake_train_00764.jpg,fake_train_00764.jpg,fake,1,train,bdec69a712cd6ac437c2aa74c558a3634e34cb4805552300f20a157a8806d127,,764,0.0,SUCCESS,382b6f890377ae3a424277c6286a4582ba30452f9c6732f580b8b3eabca504c5,81.0,19.0,295.20511914,0.0
/content/drive/MyDrive/AISC DeepFake Çalışmaları/Deneyler/Nazlıcan/Deney 1/Kaş/fake/train/fake_train_00766.jpg,fake/train/fake_train_00766.jpg,fake_train_00766.jpg,fake,1,train,db503f79f99504327389ece5bf097d7b8dc114481c096a7720a6c2346e0c2626,,766,0.0,SUCCESS,de59185eb99201f5befb44c266706d04af9ba7c78f26feca6dbce709a968ce45,130.0,35.0,72.74770178,0.09375
/content/drive/MyDrive/AISC DeepFake Çalışmaları/Deneyler/Nazlıcan/Deney 1/Kaş/fake/train/fake_train_00767.jpg,fake/train/fake_train_00767.jpg,fake_train_00767.jpg,fake,1,train,34b5315eca3ed5a21dfe8c88a57841ce33aaeaa800779eb7a5db4885ba6181a3,,767,0.0,SUCCESS,24f4e57c58dbac3f901a02f721cb1a163ecac4a266a88eefcb706691e9d40779,279.0,63.0,11.92360108,0.0
/content/drive/MyDrive/AISC DeepFake Çalışmaları/Deneyler/Nazlıcan/Deney 1/Kaş/fake/train/fake_train_00770.jpg,fake/train/fake_train_00770.jpg,fake_train_00770.jpg,fake,1,train,d4900e469606ec772f5c00c2868c589683b309cd35251e745914674f41e7f3cd,,770,0.0,SUCCESS,2a959a0be106db58031bdffdf5576b721cbbae6557587de3eab725199292938b,198.0,57.0,172.89013841,0.0625
/content/drive/MyDrive/AISC DeepFake Çalışmaları/Deneyler/Nazlıcan/Deney 1/Kaş/fake/train/fake_train_00771.jpg,fake/train/fake_train_00771.jpg,fake_train_00771.jpg,fake,1,train,6208088571fadaa908f53cc631542a50870b17500a3e8b3ae89bc20ffbe882a7,,771,0.0,SUCCESS,37526115bd95e66dd0bbff1c4546bda4f49aa238142c26d128028123b1e4555a,139.0,28.0,60.70087084,0.0
/content/drive/MyDrive/AISC DeepFake Çalışmaları/Deneyler/Nazlıcan/Deney 1/Kaş/fake/train/fake_train_00772.jpg,fake/train/fake_train_00772.jpg,fake_train_00772.jpg,fake,1,train,c3581f1592f472afcf94a5949112efceb2e375bde8a40f118fd803d7d7531c0d,,772,0.0,SUCCESS,7a2e8fbd6f3a96730cee3e81d1efe79d45f7e47ebdef35f6c7215abddfc9b320,84.0,21.0,85.27905297,0.0
/content/drive/MyDrive/AISC DeepFake Çalışmaları/Deneyler/Nazlıcan/Deney 1/Kaş/fake/train/fake_train_00773.jpg,fake/train/fake_train_00773.jpg,fake_train_00773.jpg,fake,1,train,b14140fe8a30ef9d1f0bc5f893e908b71ad994e1d1c1d1a574e9637243d0683b,,773,0.0,SUCCESS,f2491f378dd74cfe97cd33918e0d35866d221e2d50a3fdb5f9d139d38dcf3aad,169.0,36.0,22.4567737,0.0
/content/drive/MyDrive/AISC DeepFake Çalışmaları/Deneyler/Nazlıcan/Deney 1/Kaş/fake/train/fake_train_00774.jpg,fake/train/fake_train_00774.jpg,fake_train_00774.jpg,fake,1,train,6d8ce9b9dfbe2239405ee4cf43db67df06457c3ad02198b6a4b5f49781a5b077,,774,0.0,SUCCESS,e4c70edbf4bbcfae469da8b5c9ca60644259ac454c1c37fbcb45ae6d6467cbab,84.0,18.0,375.43573633,0.09375
/content/drive/MyDrive/AISC DeepFake Çalışmaları/Deneyler/Nazlıcan/Deney 1/Kaş/fake/train/fake_train_00775.jpg,fake/train/fake_train_00775.jpg,fake_train_00775.jpg,fake,1,train,f6ddd1c8fd195ba1798df5705b979e7cc124070a1fdfc8bcb4e4047577c0f2ff,,775,0.0,SUCCESS,f18d34c0f2f2da3741ef1f6ceeaeb589612537bd30b96ff80efe0ca5a1de912b,86.0,17.0,25.82874873,0.0625
/content/drive/MyDrive/AISC DeepFake Çalışmaları/Deneyler/Nazlıcan/Deney 1/Kaş/fake/train/fake_train_00776.jpg,fake/train/fake_train_00776.jpg,fake_train_00776.jpg,fake,1,train,87e1bf06deee3635131791a6916afe78577751ddf8e41ac8407a72c2d3750212,,776,0.0,SUCCESS,4426e6e86a401baf9ccedf21c564bd27b05eaaf9e46b65284114c9c20005ec97,157.0,35.0,22.57109792,0.0
/content/drive/MyDrive/AISC DeepFake Çalışmaları/Deneyler/Nazlıcan/Deney 1/Kaş/fake/train/fake_train_00777.jpg,fake/train/fake_train_00777.jpg,fake_train_00777.jpg,fake,1,train,2facf1eec675d428e13962140892cdf33959b285efcc418c49b3e443d10286b4,,777,0.0,SUCCESS,ef372443b7e7b714a0fe8a9f1b86c1f2dc345562be105858af7375b59ae5fae5,326.0,72.0,11.41863443,0.0
/content/drive/MyDrive/AISC DeepFake Çalışmaları/Deneyler/Nazlıcan/Deney 1/Kaş/fake/train/fake_train_00778.jpg,fake/train/fake_train_00778.jpg,fake_train_00778.jpg,fake,1,train,ab51a6b13200d26a704d36d32b45de5ce5cb6dd6897a7742b33be3c177ee2854,,778,0.0,SUCCESS,e748fdd623f152b34768bc098426c72b0ddd0acbd6be7f8a6ed46df96e2854d4,135.0,42.0,241.94197985,0.0625
/content/drive/MyDrive/AISC DeepFake Çalışmaları/Deneyler/Nazlıcan/Deney 1/Kaş/fake/train/fake_train_00780.jpg,fake/train/fake_train_00780.jpg,fake_train_00780.jpg,fake,1,train,478e29e8306cb615493881fe3c03c61f3556c3ca55423ca8e7153000ecb1bbec,,780,0.0,SUCCESS,ec89173d6cd65abbf3bbe9c6cad828862be3ccc720b9cd0f1e0e19f5b109c823,300.0,58.0,5.6487732,0.0
/content/drive/MyDrive/AISC DeepFake Çalışmaları/Deneyler/Nazlıcan/Deney 1/Kaş/fake/train/fake_train_00781.jpg,fake/train/fake_train_00781.jpg,fake_train_00781.jpg,fake,1,train,ffc14a3952447e04618e6b8d2e7cf4528cffa50c23dbe9e3b8b46788ceb21b2a,,781,0.0,SUCCESS,81898ee454c4e910fe04a48aa5cb94877ed20fcba581196f22a57228638df929,87.0,23.0,110.47331407,0.125
/content/drive/MyDrive/AISC DeepFake Çalışmaları/Deneyler/Nazlıcan/Deney 1/Kaş/fake/train/fake_train_00785.jpg,fake/train/fake_train_00785.jpg,fake_train_00785.jpg,fake,1,train,1a16dd58317319d4e10282d8d332244d6e37a5adf97bdddb228f6eca5128e145,,785,0.0,SUCCESS,ca4effc0fb9e37399068615567823c85ef59a74c29979ff742e9c543e3bcabbd,234.0,42.0,18.69955129,0.0
/content/drive/MyDrive/AISC DeepFake Çalışmaları/Deneyler/Nazlıcan/Deney 1/Kaş/fake/train/fake_train_00786.jpg,fake/train/fake_train_00786.jpg,fake_train_00786.jpg,fake,1,train,8c6d8ada030d5521dd0344359ccfe870a046f02a3c8e657873bed96cf460a957,,786,0.0,SUCCESS,cdf277e7e239520efd89aeb0916de4f75e5e3f6f4fef795a12f91c0ed414d7fa,228.0,44.0,31.89251139,0.0
/content/drive/MyDrive/AISC DeepFake Çalışmaları/Deneyler/Nazlıcan/Deney 1/Kaş/fake/train/fake_train_00787.jpg,fake/train/fake_train_00787.jpg,fake_train_00787.jpg,fake,1,train,8484e58cfed526cbe0cd8671d02fdbae584d87f790e8119baf3498fe4e69f355,,787,0.0,SUCCESS,45688bdf27bffdfac003a0ecfc8f7d512b66d0de240b5ca376dc371901352047,150.0,48.0,26.38804444,0.0
/content/drive/MyDrive/AISC DeepFake Çalışmaları/Deneyler/Nazlıcan/Deney 1/Kaş/fake/train/fake_train_00790.jpg,fake/train/fake_train_00790.jpg,fake_train_00790.jpg,fake,1,train,24fc285becca0b4e3aed770e22c479ca92fe8371b99c272cd2eb85fb66af5cdf,,790,0.0,SUCCESS,11766de514155ff64b6aed052fa5dd45c06227e0bc4964325f2baf658a366f0d,135.0,27.0,78.4135839,0.0
/content/drive/MyDrive/AISC DeepFake Çalışmaları/Deneyler/Nazlıcan/Deney 1/Kaş/fake/train/fake_train_00791.jpg,fake/train/fake_train_00791.jpg,fake_train_00791.jpg,fake,1,train,30611ba89a98a77e4aba5a62d9c152ffaf662c715b8cb8d5a660315cdcc43b13,,791,0.0,SUCCESS,da48018b5c73689ed004ef121abbd3ad6fdaa8d66ef931b66df19f0e2baf7810,108.0,20.0,246.75796982,0.0
/content/drive/MyDrive/AISC DeepFake Çalışmaları/Deneyler/Nazlıcan/Deney 1/Kaş/fake/train/fake_train_00792.jpg,fake/train/fake_train_00792.jpg,fake_train_00792.jpg,fake,1,train,c670cc51dac03d3159382e10f1d37323a435e505c79b3b05e0f94d6610e5c40b,,792,0.0,SUCCESS,8f26aca6cd72882bd5ea70759d121776c29e418858d05c9377dd82370be840aa,188.0,54.0,17.78117003,0.0
/content/drive/MyDrive/AISC DeepFake Çalışmaları/Deneyler/Nazlıcan/Deney 1/Kaş/fake/train/fake_train_00793.jpg,fake/train/fake_train_00793.jpg,fake_train_00793.jpg,fake,1,train,563bdd9c68fdc26441746f761440c73c3f7ff0b38db8379d55b94b9cb15ef1f2,,793,0.0,SUCCESS,ce07b70ad1ea4fc024ec99a34f46c91da402a827c847bc3e3cc0ce9157d864ad,87.0,26.0,195.05702488,0.125
/content/drive/MyDrive/AISC DeepFake Çalışmaları/Deneyler/Nazlıcan/Deney 1/Kaş/fake/train/fake_train_00794.jpg,fake/train/fake_train_00794.jpg,fake_train_00794.jpg,fake,1,train,1040460b259f7dcef41f29a949f80d50bdad50b721e50b6ec5887c9e261615d7,,794,0.0,SUCCESS,88ae6ffc378a367a6ab3b28ee6e03b4a4729040f3b806bb06005d800b660d42c,199.0,66.0,22.87965357,0.0625
/content/drive/MyDrive/AISC DeepFake Çalışmaları/Deneyler/Nazlıcan/Deney 1/Kaş/fake/train/fake_train_00795.jpg,fake/train/fake_train_00795.jpg,fake_train_00795.jpg,fake,1,train,d92f78350c2c429e472b90714159894b523ee181704c2fcd4bc53718e8b4a2dd,,795,0.0,SUCCESS,aa8330a894369364caeb1c08455af7b9102664b338120cee38a967c0f5d4da98,313.0,65.0,38.87400686,0.0
/content/drive/MyDrive/AISC DeepFake Çalışmaları/Deneyler/Nazlıcan/Deney 1/Kaş/fake/train/fake_train_00796.jpg,fake/train/fake_train_00796.jpg,fake_train_00796.jpg,fake,1,train,46a00f3fed403aa77436538ac5a5d41b773f94dd665f4d817ca3d38ae3672713,,796,0.0,SUCCESS,846bd5341e1c406a94306b66c98a96ff4416e2947a58fcecd71c51a4990ea794,358.0,79.0,76.88931417,0.0
/content/drive/MyDrive/AISC DeepFake Çalışmaları/Deneyler/Nazlıcan/Deney 1/Kaş/fake/train/fake_train_00797.jpg,fake/train/fake_train_00797.jpg,fake_train_00797.jpg,fake,1,train,951221452307b1ac5d094066ef6ccf0d24db9ace58905d7e6028aa7f8a30490f,,797,0.0,SUCCESS,1b4c3f30285bf9fd819a09fb4d4bc8d0202194f914a0fb2c016ab6e8ee3ccdae,194.0,49.0,17.10855138,0.09375
/content/drive/MyDrive/AISC DeepFake Çalışmaları/Deneyler/Nazlıcan/Deney 1/Kaş/fake/train/fake_train_00799.jpg,fake/train/fake_train_00799.jpg,fake_train_00799.jpg,fake,1,train,adbe8bdbb2b9a90a48edbfe560d8339e5caf1440b1bd5e1f7cf18bd9cf2a0856,,799,0.0,SUCCESS,79f7edd86236eeb7bbe285fc3abdca03040e3bbc4547d0c231dc2006768d75d6,329.0,67.0,15.31601645,0.0
/content/drive/MyDrive/AISC DeepFake Çalışmaları/Deneyler/Nazlıcan/Deney 1/Kaş/fake/train/fake_train_00800.jpg,fake/train/fake_train_00800.jpg,fake_train_00800.jpg,fake,1,train,55f0cc3dcd1ab7562f07c7fc2d7b2ac530bed33699e4159d45e564f36f7d3596,,800,0.0,SUCCESS,344bb8f316475a32b811dbdbde972cda15b5dacfd9c2234a5a77ed52e721593b,89.0,17.0,250.57248984,0.09375
/content/drive/MyDrive/AISC DeepFake Çalışmaları/Deneyler/Nazlıcan/Deney 1/Kaş/fake/train/fake_train_00801.jpg,fake/train/fake_train_00801.jpg,fake_train_00801.jpg,fake,1,train,db07e0271cb98c803e8964d7ea969dd4a54463c3cf6ce4cbb75202e425e96f78,,801,0.0,SUCCESS,67772a62ab254deb658e934d3c196ddf4f41e08d263e3c63aabf46488d8da287,110.0,33.0,52.48370983,0.0
/content/drive/MyDrive/AISC DeepFake Çalışmaları/Deneyler/Nazlıcan/Deney 1/Kaş/fake/train/fake_train_00802.jpg,fake/train/fake_train_00802.jpg,fake_train_00802.jpg,fake,1,train,0b79c455b76bdab9127bb7aff483977ae9dd1c64e90d58997ba6fc41bc99d174,,802,0.0,SUCCESS,c50d97f6c37a40945027de49c167a95b149547443f245a0c5fc1680d13475d92,141.0,49.0,38.25767712,0.25
/content/drive/MyDrive/AISC DeepFake Çalışmaları/Deneyler/Nazlıcan/Deney 1/Kaş/fake/train/fake_train_00805.jpg,fake/train/fake_train_00805.jpg,fake_train_00805.jpg,fake,1,train,f6f8627f1242d51f2c6128d41722d3b11e9f9f613d8519452c3cbdd717cf9878,,805,0.0,SUCCESS,da8e4cd873489e9746887717afd63e31073126a60366cce3325bbd44294ac39e,145.0,48.0,85.71454368,0.0625
/content/drive/MyDrive/AISC DeepFake Çalışmaları/Deneyler/Nazlıcan/Deney 1/Kaş/fake/train/fake_train_00806.jpg,fake/train/fake_train_00806.jpg,fake_train_00806.jpg,fake,1,train,e457b6251892818170558f8b7cbdbbb43acadbf25ff2b11dd37f867bebd9c4aa,,806,0.0,SUCCESS,61bd67f2e1ec8c7db705714583aaeb6e88c6b3c51fe55f9963084be812555a32,121.0,23.0,42.85889368,0.0
/content/drive/MyDrive/AISC DeepFake Çalışmaları/Deneyler/Nazlıcan/Deney 1/Kaş/fake/train/fake_train_00808.jpg,fake/train/fake_train_00808.jpg,fake_train_00808.jpg,fake,1,train,7ff63de7e96c9a10731e8917472e18f5723e6ad944d9bcc93884f9a969f0ca69,,808,0.0,SUCCESS,4220e1da01922144b98eeea66059a238705a6acd96865b96589f3a2c97b4a059,168.0,43.0,10.35733814,0.0
/content/drive/MyDrive/AISC DeepFake Çalışmaları/Deneyler/Nazlıcan/Deney 1/Kaş/fake/train/fake_train_00810.jpg,fake/train/fake_train_00810.jpg,fake_train_00810.jpg,fake,1,train,592aa967f046b0dd2ca7ebab2dcd5cb5300e974319cd0e4bb76acfb5b5e2e847,,810,0.0,SUCCESS,c056d9a9d26b3db20aa11a167d6b557472678111563c02f866dbf2349ad4832e,81.0,19.0,141.91011437,0.0
/content/drive/MyDrive/AISC DeepFake Çalışmaları/Deneyler/Nazlıcan/Deney 1/Kaş/fake/train/fake_train_00811.jpg,fake/train/fake_train_00811.jpg,fake_train_00811.jpg,fake,1,train,83b3a8e9ede514577a1046490b612716ad973cbd916a72de323a13152425e406,,811,0.0,SUCCESS,a2827d6289f6575bcaa2193ba19440df42153698c00e05150c6815fcdc34a83e,217.0,65.0,19.09104984,0.09375
/content/drive/MyDrive/AISC DeepFake Çalışmaları/Deneyler/Nazlıcan/Deney 1/Kaş/fake/train/fake_train_00813.jpg,fake/train/fake_train_00813.jpg,fake_train_00813.jpg,fake,1,train,a8130816d598dedda7fe38db1cf65ab3a13287e0286b01a29352d23f94a52d89,,813,0.0,SUCCESS,3887b53dab67061fb286791c59958a9fbc64e4bf47d3ef73ca5d7aa45744a54a,219.0,43.0,16.32338595,0.0
/content/drive/MyDrive/AISC DeepFake Çalışmaları/Deneyler/Nazlıcan/Deney 1/Kaş/fake/train/fake_train_00814.jpg,fake/train/fake_train_00814.jpg,fake_train_00814.jpg,fake,1,train,c3e7fedfc98cbc30f46ae8a44766b1b6fee9cfdb9ff8eed0843038de467a25d0,,814,0.0,SUCCESS,c476e1ea3e8faae537936cee63d2a8bb831977a8dfa9b300640ad1a126853b0e,145.0,35.0,48.9975959,0.09375
/content/drive/MyDrive/AISC DeepFake Çalışmaları/Deneyler/Nazlıcan/Deney 1/Kaş/fake/train/fake_train_00815.jpg,fake/train/fake_train_00815.jpg,fake_train_00815.jpg,fake,1,train,b22bef3338f6f97b91d743a21404ad9eebb011979cfd84976144e5f7c6f4b21d,,815,0.0,SUCCESS,6dc6be31fc2758d6390bd8706bb6866cef559a5d2df38a7843a89de2b6c0e7f6,95.0,20.0,350.34443213,0.0
/content/drive/MyDrive/AISC DeepFake Çalışmaları/Deneyler/Nazlıcan/Deney 1/Kaş/fake/train/fake_train_00816.jpg,fake/train/fake_train_00816.jpg,fake_train_00816.jpg,fake,1,train,f8ea4fa6e2d0f9a296b796a0ae664bd39e1771fd6c71b87fef49746974477e2e,,816,0.0,SUCCESS,e4fb0fdf882d1a4a6c307bd1deb7f5ea00f264f849728470ae257273de26e137,193.0,62.0,20.91131048,0.0
/content/drive/MyDrive/AISC DeepFake Çalışmaları/Deneyler/Nazlıcan/Deney 1/Kaş/fake/train/fake_train_00817.jpg,fake/train/fake_train_00817.jpg,fake_train_00817.jpg,fake,1,train,2f7db93d2cd74158bdd08b1da80ca48794efa35b1f5bfec618af5a9ff9f64ef9,,817,0.0,SUCCESS,31f350597f79c8af1cc77ef28cfe99c65a7ce2daa6e9211e0d626e310337310e,173.0,35.0,10.42854636,0.0625
/content/drive/MyDrive/AISC DeepFake Çalışmaları/Deneyler/Nazlıcan/Deney 1/Kaş/fake/train/fake_train_00818.jpg,fake/train/fake_train_00818.jpg,fake_train_00818.jpg,fake,1,train,74beb64bbca115e0431804caacb06d2603a38aff91c0a3c79fde744afddacaea,,818,0.0,SUCCESS,ebdbd19aad9c0953c3c7acd730929afae3e2b832773e0d896df31f2082a3939c,213.0,44.0,37.18900019,0.09375
/content/drive/MyDrive/AISC DeepFake Çalışmaları/Deneyler/Nazlıcan/Deney 1/Kaş/fake/train/fake_train_00822.jpg,fake/train/fake_train_00822.jpg,fake_train_00822.jpg,fake,1,train,f91e3aa142dd57309f81117d746571b275630611e642a5948e2001c386b315de,,822,0.0,SUCCESS,5811234f23d5f66d04dfe3c8906370e57cd76eff9ca729d9ecb49c025f1d4a3f,173.0,40.0,48.09386306,0.0
/content/drive/MyDrive/AISC DeepFake Çalışmaları/Deneyler/Nazlıcan/Deney 1/Kaş/fake/train/fake_train_00824.jpg,fake/train/fake_train_00824.jpg,fake_train_00824.jpg,fake,1,train,76a528018098d93523ce1383150a76b24dde9555bd31c85bc02aa485c067f8a1,,824,0.0,SUCCESS,b8cd5b24483345518ad449814cc29b09d63989797fbca20ec9f3c78620079404,166.0,36.0,233.70191137,0.0
/content/drive/MyDrive/AISC DeepFake Çalışmaları/Deneyler/Nazlıcan/Deney 1/Kaş/fake/train/fake_train_00826.jpg,fake/train/fake_train_00826.jpg,fake_train_00826.jpg,fake,1,train,a0e36576f9b7692e8fb033677cd3725949d5da6faf08f3bb096727dbd6d255df,,826,0.0,SUCCESS,9a570925dce2a39cd9cc47d1611dfafde10664f90d277ceff8cbbeabd5dcb149,112.0,24.0,102.66059789,0.0
/content/drive/MyDrive/AISC DeepFake Çalışmaları/Deneyler/Nazlıcan/Deney 1/Kaş/fake/train/fake_train_00827.jpg,fake/train/fake_train_00827.jpg,fake_train_00827.jpg,fake,1,train,caab49e70f9e4265c5af73ffb37f6e817dd7b57d6faf257fde94a4ceebd835c8,,827,0.0,SUCCESS,06cf80268e86cd0a21c1e19a62c1a2bd9769d5919f03412adb53b39d68ec379c,73.0,16.0,302.81367796,0.03125
/content/drive/MyDrive/AISC DeepFake Çalışmaları/Deneyler/Nazlıcan/Deney 1/Kaş/fake/train/fake_train_00828.jpg,fake/train/fake_train_00828.jpg,fake_train_00828.jpg,fake,1,train,2e6f88ccf96ad458286e86bfc826f6ecb096f8833784e1224d85256b6817c55c,,828,0.0,SUCCESS,649b8412b982daff0d96fcc075d46359038bae713ba302e9ccd26f8432e130f8,163.0,46.0,64.51761955,0.0
/content/drive/MyDrive/AISC DeepFake Çalışmaları/Deneyler/Nazlıcan/Deney 1/Kaş/fake/train/fake_train_00829.jpg,fake/train/fake_train_00829.jpg,fake_train_00829.jpg,fake,1,train,fb56d56a39ae2d7eb98c25de04fc8f2ee2e79d05cd3ed79094ce07734185dd15,,829,0.0,SUCCESS,ebdbecdc88d3617f3a65090da3cc7ce060b721266199abcb220cfa0a6eaf984c,108.0,27.0,88.23153887,0.0
/content/drive/MyDrive/AISC DeepFake Çalışmaları/Deneyler/Nazlıcan/Deney 1/Kaş/fake/train/fake_train_00833.jpg,fake/train/fake_train_00833.jpg,fake_train_00833.jpg,fake,1,train,ea203ff7cae992480a336cf103a94ffe0d463f82038086cad3cb8427c0d04247,,833,0.0,SUCCESS,0cfb47d743f71448b213648a03772bd60b2f46965b35a39578198096729e7d48,87.0,24.0,35.42187706,0.0
/content/drive/MyDrive/AISC DeepFake Çalışmaları/Deneyler/Nazlıcan/Deney 1/Kaş/fake/train/fake_train_00834.jpg,fake/train/fake_train_00834.jpg,fake_train_00834.jpg,fake,1,train,251c63562d76bd7bc9f129ad5c9d920cb1952dff30c18faa663de54f74ba8e88,,834,0.0,SUCCESS,ae08563a758150c47cd69e7797e3a6250ea9a8e1921838eb04dd6d58dfd68f4c,345.0,94.0,4.71175725,0.0
/content/drive/MyDrive/AISC DeepFake Çalışmaları/Deneyler/Nazlıcan/Deney 1/Kaş/fake/train/fake_train_00836.jpg,fake/train/fake_train_00836.jpg,fake_train_00836.jpg,fake,1,train,c5eb70cbc7a5dbff116e000ae058aa84ad2a0db59a3bf8e682b54709c1d8920f,,836,0.0,SUCCESS,17a9da80272271dda8222d18802e0421407cf9d757edcf7895840a937a93df2e,84.0,18.0,210.09374038,0.09375
/content/drive/MyDrive/AISC DeepFake Çalışmaları/Deneyler/Nazlıcan/Deney 1/Kaş/fake/train/fake_train_00837.jpg,fake/train/fake_train_00837.jpg,fake_train_00837.jpg,fake,1,train,86e5e68e55f4aa38e6601df6cc10cf606570263744fa7ff697e167f90e04be8c,,837,0.0,SUCCESS,bf81d9644c9e3cfbd09acae4869afc94de5ff551f5ded5b27984b8ecfbbe9cd3,183.0,35.0,18.72158473,0.0
/content/drive/MyDrive/AISC DeepFake Çalışmaları/Deneyler/Nazlıcan/Deney 1/Kaş/fake/train/fake_train_00838.jpg,fake/train/fake_train_00838.jpg,fake_train_00838.jpg,fake,1,train,20fb7fc853e520bc90ddce5a7931b93d433d28d7aca0eab21ffbd9b553a49dbc,,838,0.0,SUCCESS,660df021a2c8ca25da69f7c7f7b983b94d350300c5f9e646af244fc33b98fa32,112.0,23.0,36.94858356,0.03125
/content/drive/MyDrive/AISC DeepFake Çalışmaları/Deneyler/Nazlıcan/Deney 1/Kaş/fake/train/fake_train_00839.jpg,fake/train/fake_train_00839.jpg,fake_train_00839.jpg,fake,1,train,eaaa2fa9a7993721ed8a5403ace23c247bd64f7d1c14192809ed1229dea76c72,,839,0.0,SUCCESS,799b221cfafc8622c931db3eddf1af1e6f39387ca705f47955714d648a43d446,99.0,19.0,71.26873424,0.0
/content/drive/MyDrive/AISC DeepFake Çalışmaları/Deneyler/Nazlıcan/Deney 1/Kaş/fake/train/fake_train_00841.jpg,fake/train/fake_train_00841.jpg,fake_train_00841.jpg,fake,1,train,db35ec4d9fa1e915ac3eb28f9267a642dea8293a99f1b7dcf3d927b20a42e6a5,,841,0.0,SUCCESS,45680eefa6f5bd05cca2aa2413146d86eba106f6c4d64a406f48ce3ae6db6e68,208.0,43.0,33.17341814,0.0
/content/drive/MyDrive/AISC DeepFake Çalışmaları/Deneyler/Nazlıcan/Deney 1/Kaş/fake/train/fake_train_00842.jpg,fake/train/fake_train_00842.jpg,fake_train_00842.jpg,fake,1,train,1670277352e3867078400c57f690b964649730c7599bb7e0fd1768b089a4b8e3,,842,0.0,SUCCESS,4d41734d58134db9bea901a19b622a7d6f5ed9955d430abd3f81ae4ec1726ee2,191.0,37.0,81.97032242,0.0
/content/drive/MyDrive/AISC DeepFake Çalışmaları/Deneyler/Nazlıcan/Deney 1/Kaş/fake/train/fake_train_00844.jpg,fake/train/fake_train_00844.jpg,fake_train_00844.jpg,fake,1,train,588c6a6a534323f898340462bfb23f3e45c027394878dba46d00de8ee045664c,,844,0.0,SUCCESS,f5e6d8c823d7d07932f1d1140d12f68e487ca0a69efc3b4a0aa28410e7e8f71b,169.0,53.0,30.92607284,0.0
/content/drive/MyDrive/AISC DeepFake Çalışmaları/Deneyler/Nazlıcan/Deney 1/Kaş/fake/train/fake_train_00847.jpg,fake/train/fake_train_00847.jpg,fake_train_00847.jpg,fake,1,train,f584264c528de28728fd6600e14be7155b2cc28d1ff4f7d62b893fcc04e33ff6,,847,0.0,SUCCESS,a8c87778cb6e2f6765bd9451e9c322dba077ef0ba8adc6661679e95abb38cd42,173.0,48.0,23.16558168,0.0
/content/drive/MyDrive/AISC DeepFake Çalışmaları/Deneyler/Nazlıcan/Deney 1/Kaş/fake/train/fake_train_00848.jpg,fake/train/fake_train_00848.jpg,fake_train_00848.jpg,fake,1,train,625aa686c63ec2ebdb74e02124346697b3945a2c49b18774ce52f3662095295f,,848,0.0,SUCCESS,3e04de0f3f472ef87df14045a1a444b12e025410688e4e0cad864771e12f315b,183.0,41.0,23.08324257,0.0
/content/drive/MyDrive/AISC DeepFake Çalışmaları/Deneyler/Nazlıcan/Deney 1/Kaş/fake/train/fake_train_00850.jpg,fake/train/fake_train_00850.jpg,fake_train_00850.jpg,fake,1,train,b008c7676d153f1a5382a12d4e39533bfd1293b33c7ae1e1ee38c32c5d9c2aa4,,850,0.0,SUCCESS,d7c9532f9dcd17546e6fd076ab23901e5db7492ff520e1e4e70d76a23b568296,229.0,52.0,24.38023878,0.0
/content/drive/MyDrive/AISC DeepFake Çalışmaları/Deneyler/Nazlıcan/Deney 1/Kaş/fake/train/fake_train_00851.jpg,fake/train/fake_train_00851.jpg,fake_train_00851.jpg,fake,1,train,bc1da7eb252d77c6ae8a30c89051117124cf03e582836d3ade70fe9873b26093,,851,0.0,SUCCESS,4b4e9ff71b25d11c7d3addc826167dfa9e2cd3b227307afd713c8c53dc70782d,112.0,21.0,165.56160899,0.0
/content/drive/MyDrive/AISC DeepFake Çalışmaları/Deneyler/Nazlıcan/Deney 1/Kaş/fake/train/fake_train_00852.jpg,fake/train/fake_train_00852.jpg,fake_train_00852.jpg,fake,1,train,d945826773962311421cef66d396d118ea0b509d908f1232f291ed037e006ae3,,852,0.0,SUCCESS,3edcac125f0c16ad79f3aa5ec5fc20ef5801ac881e1052838cf6dccf7d5a921a,319.0,103.0,17.21087212,0.0625
/content/drive/MyDrive/AISC DeepFake Çalışmaları/Deneyler/Nazlıcan/Deney 1/Kaş/fake/train/fake_train_00853.jpg,fake/train/fake_train_00853.jpg,fake_train_00853.jpg,fake,1,train,05c93e8b9ed11ff1aa692992bd058b3029eb5b2f36d163e552d580555d23da2d,,853,0.0,SUCCESS,5277bea5a181c2524aeeb7a4d646b6ef36e5e5ceb80dde726b9103eace9c3201,196.0,52.0,57.39724217,0.0
/content/drive/MyDrive/AISC DeepFake Çalışmaları/Deneyler/Nazlıcan/Deney 1/Kaş/fake/train/fake_train_00854.jpg,fake/train/fake_train_00854.jpg,fake_train_00854.jpg,fake,1,train,63b5a3283704ff51e025a81a6a68499f910001125b1a639b1303eb9464c55f45,,854,0.0,SUCCESS,687995a20a0c3b8a194bdc98a368f9fc0d7c4ce044bbf2b303c71063a0850f24,97.0,30.0,78.175518,0.0
/content/drive/MyDrive/AISC DeepFake Çalışmaları/Deneyler/Nazlıcan/Deney 1/Kaş/fake/train/fake_train_00856.jpg,fake/train/fake_train_00856.jpg,fake_train_00856.jpg,fake,1,train,5db2b79eff5d5ba75fc66d3ababeb361ae1ff7b672d9efe777eb1fd10bf1978b,,856,0.0,SUCCESS,129b441c7e205137380aeabea2bd690449981f5f288f94e1f9126bcd2b3518b6,114.0,23.0,27.19058663,0.0
/content/drive/MyDrive/AISC DeepFake Çalışmaları/Deneyler/Nazlıcan/Deney 1/Kaş/fake/train/fake_train_00857.jpg,fake/train/fake_train_00857.jpg,fake_train_00857.jpg,fake,1,train,6f4f8621e72a12af959af6e76ce42c1112b50baeff2b7ec676c356cde1f1b57a,,857,0.0,SUCCESS,82263c2e1f3c7147a3ca34e85b21346812140bd101f534ac84f08cb675b7d62f,441.0,122.0,18.12345307,0.0
/content/drive/MyDrive/AISC DeepFake Çalışmaları/Deneyler/Nazlıcan/Deney 1/Kaş/fake/train/fake_train_00858.jpg,fake/train/fake_train_00858.jpg,fake_train_00858.jpg,fake,1,train,b029fd44063d9bb10e0610f992ec08c92fd0b65b8303699a16190d9d6ec9921f,,858,0.0,SUCCESS,60146c56f8ab26185bba103f7cc948ec5d45494a3d9fcbee2c994fae385deb07,92.0,22.0,114.05298254,0.03125
/content/drive/MyDrive/AISC DeepFake Çalışmaları/Deneyler/Nazlıcan/Deney 1/Kaş/fake/train/fake_train_00859.jpg,fake/train/fake_train_00859.jpg,fake_train_00859.jpg,fake,1,train,16bce08586f67a00e25449197fe7411fbf03e9c8c6cf3a77fb46212e26113643,,859,0.0,SUCCESS,2662c0a3bbedd56e7f98be9c1fb45df803a0fc01b23417aed11733c73a0e111f,173.0,46.0,53.66543872,0.0
/content/drive/MyDrive/AISC DeepFake Çalışmaları/Deneyler/Nazlıcan/Deney 1/Kaş/fake/train/fake_train_00861.jpg,fake/train/fake_train_00861.jpg,fake_train_00861.jpg,fake,1,train,c2fdb8c46380592d50f7ad5c9fe203ba7970e77a8e5afcf2f69117fdab2604f4,,861,0.0,SUCCESS,e6d7fd8560fb4cd14bc8db19496efad03b2b51484876f2dc14a51fb116698bb1,217.0,42.0,16.82849917,0.09375
/content/drive/MyDrive/AISC DeepFake Çalışmaları/Deneyler/Nazlıcan/Deney 1/Kaş/fake/train/fake_train_00862.jpg,fake/train/fake_train_00862.jpg,fake_train_00862.jpg,fake,1,train,b188fe4b6cfa5ea58cb7082d7b64d3a329ed1c4603e0e70a085898959a12996b,,862,0.0,SUCCESS,41dffe4d38b794d16497b1230ccc91fb77b0d46a7de470188f4cdc52fea9710a,90.0,23.0,391.06057761,0.0
/content/drive/MyDrive/AISC DeepFake Çalışmaları/Deneyler/Nazlıcan/Deney 1/Kaş/fake/train/fake_train_00865.jpg,fake/train/fake_train_00865.jpg,fake_train_00865.jpg,fake,1,train,23ce5a3b7ff900d135f3ba4d84e772d29bdfef21592e89284472cf8a71bc3332,,865,0.0,SUCCESS,0b89f3b04e0f7bd644330a25756711d09a6e3ed706a93b00cfc4ad46f9f41627,155.0,32.0,24.73498955,0.0
/content/drive/MyDrive/AISC DeepFake Çalışmaları/Deneyler/Nazlıcan/Deney 1/Kaş/fake/train/fake_train_00867.jpg,fake/train/fake_train_00867.jpg,fake_train_00867.jpg,fake,1,train,a0ff884fbcd4688647187e262f9ac9fd0c9e88f7e3f2b35a6611baaee626bc2d,,867,0.0,SUCCESS,a8dd9ded9ddc1421514c7b102fde29792a25fbd365eb8077586b69f0eb422641,183.0,45.0,20.80054492,0.0
/content/drive/MyDrive/AISC DeepFake Çalışmaları/Deneyler/Nazlıcan/Deney 1/Kaş/fake/train/fake_train_00868.jpg,fake/train/fake_train_00868.jpg,fake_train_00868.jpg,fake,1,train,12061ac3908f303a2c303ab9b904804a510786cc9e53a3a4cc73056bff9f2073,,868,0.0,SUCCESS,c240f10bf426916e9343d48b68703bf816d146e4fd143107cc2e322fec0716ac,108.0,33.0,211.49801765,0.09375
/content/drive/MyDrive/AISC DeepFake Çalışmaları/Deneyler/Nazlıcan/Deney 1/Kaş/fake/train/fake_train_00870.jpg,fake/train/fake_train_00870.jpg,fake_train_00870.jpg,fake,1,train,4c4c521b4c97bd47bbad863b060986e1877189aa9126dbe4afdb1724950563e3,,870,0.0,SUCCESS,e37f56ab5b6a132ed54a80138d88e47691b4015aca02e34407fff14dfe27ad82,113.0,23.0,99.19390816,0.09375
/content/drive/MyDrive/AISC DeepFake Çalışmaları/Deneyler/Nazlıcan/Deney 1/Kaş/fake/train/fake_train_00871.jpg,fake/train/fake_train_00871.jpg,fake_train_00871.jpg,fake,1,train,db893bc2744e2b19e610f3a0cb215eb01ff7edd741b1ac8882cd4438ddbc9a6c,,871,0.0,SUCCESS,e6dc88b93c233bdcc31760978a826d1151dd4d8bec582f380eb56f132730980e,189.0,35.0,17.14273296,0.0
/content/drive/MyDrive/AISC DeepFake Çalışmaları/Deneyler/Nazlıcan/Deney 1/Kaş/fake/train/fake_train_00872.jpg,fake/train/fake_train_00872.jpg,fake_train_00872.jpg,fake,1,train,51825508a3eb04c64bf9167ece55ed2f03a23d16cd3232c1ffe304a04695c7cd,,872,0.0,SUCCESS,031d461aa2bfd0bb2a35ee1f9efe4a68b185dcebea33a06d1e0165c7db4e432c,174.0,38.0,59.05205597,0.09375
/content/drive/MyDrive/AISC DeepFake Çalışmaları/Deneyler/Nazlıcan/Deney 1/Kaş/fake/train/fake_train_00873.jpg,fake/train/fake_train_00873.jpg,fake_train_00873.jpg,fake,1,train,11e231d0901d1a3353686b6532960d62c5d30e4a82db4b44a5cf75c76c77157d,,873,0.0,SUCCESS,c8775b34369a77acbd9804a4b077ad1746d9e55585e4b1b3c7cf4bfd06b12226,88.0,28.0,42.04967094,0.0
/content/drive/MyDrive/AISC DeepFake Çalışmaları/Deneyler/Nazlıcan/Deney 1/Kaş/fake/train/fake_train_00874.jpg,fake/train/fake_train_00874.jpg,fake_train_00874.jpg,fake,1,train,17b9ad2e9f58a4f8a1483b5b70e8bd04c0f3fe83df905ab376705279d9954959,,874,0.0,SUCCESS,26292f88b5eaab07f1569202741c07a41845cb2083dadf146db3348d1514d1cb,174.0,32.0,33.21769099,0.0
/content/drive/MyDrive/AISC DeepFake Çalışmaları/Deneyler/Nazlıcan/Deney 1/Kaş/fake/train/fake_train_00876.jpg,fake/train/fake_train_00876.jpg,fake_train_00876.jpg,fake,1,train,6804d146bd175608380194ecdc7eb407f4b10b3109d7824614abbd7e9789a622,,876,0.0,SUCCESS,de9c15705e5dfee4b502c6c4da5cfc6510c3b22dc37389efbbc46f57cc44038f,192.0,41.0,15.81312561,0.125
/content/drive/MyDrive/AISC DeepFake Çalışmaları/Deneyler/Nazlıcan/Deney 1/Kaş/fake/train/fake_train_00879.jpg,fake/train/fake_train_00879.jpg,fake_train_00879.jpg,fake,1,train,281b2bea5091562ddb262e8065ba640165bd0ec98a2917879feeec85b3cf9217,,879,0.0,SUCCESS,1002a1168cb05e9f01d69982d63606451bcfdccace7020eeef8a418ac055e076,79.0,18.0,382.48062939,0.0
/content/drive/MyDrive/AISC DeepFake Çalışmaları/Deneyler/Nazlıcan/Deney 1/Kaş/fake/train/fake_train_00880.jpg,fake/train/fake_train_00880.jpg,fake_train_00880.jpg,fake,1,train,4fd8ff4d997a4f695d9a55391b3e5093231f5a6d6e073d1690f19638333c3e83,,880,0.0,SUCCESS,c54813315880410e4fcb9390f7c39080b960cdf990443d82f900d51619b81548,198.0,42.0,50.30016968,0.0
/content/drive/MyDrive/AISC DeepFake Çalışmaları/Deneyler/Nazlıcan/Deney 1/Kaş/fake/train/fake_train_00881.jpg,fake/train/fake_train_00881.jpg,fake_train_00881.jpg,fake,1,train,7c044a5d2fb650c9e4d881f4088e5f5729297bf574bc5b7f9702c6628a5c4cd4,,881,0.0,SUCCESS,d48c8d77eaafdcc9749e8244d55503a2bb5b776f8aa81f91009348484bb69b0c,253.0,48.0,19.65866356,0.0
/content/drive/MyDrive/AISC DeepFake Çalışmaları/Deneyler/Nazlıcan/Deney 1/Kaş/fake/train/fake_train_00882.jpg,fake/train/fake_train_00882.jpg,fake_train_00882.jpg,fake,1,train,f3f7275d66c18999fb8f775cbe8edbaa738089a2484f510a9a73c89e33c71ca5,,882,0.0,SUCCESS,6d21327ebc781270d460a32034f9313d06c41e1f16ef91dec699857b0dcefad9,103.0,23.0,61.98729331,0.03125
/content/drive/MyDrive/AISC DeepFake Çalışmaları/Deneyler/Nazlıcan/Deney 1/Kaş/fake/train/fake_train_00883.jpg,fake/train/fake_train_00883.jpg,fake_train_00883.jpg,fake,1,train,5904ad38679949d70f97eb1e333c2443656922c0906042d5c15a85c0623ba875,,883,0.0,SUCCESS,c65ef683e19212fc26c6afd2f6061008b5ca90bdfea0bd67de21ef4a33d13e3a,97.0,22.0,144.52185419,0.0
/content/drive/MyDrive/AISC DeepFake Çalışmaları/Deneyler/Nazlıcan/Deney 1/Kaş/fake/train/fake_train_00885.jpg,fake/train/fake_train_00885.jpg,fake_train_00885.jpg,fake,1,train,ff0d1d65fdd664ceb459a02bd8a70a5428f9bc44e9cc7a70f4d1698a14c54cf1,,885,0.0,SUCCESS,40d7cb553d58f5fd169591b706b96733c77276b00f90a31abdaa9209c60f3e90,63.0,19.0,114.21680768,0.125
/content/drive/MyDrive/AISC DeepFake Çalışmaları/Deneyler/Nazlıcan/Deney 1/Kaş/fake/train/fake_train_00886.jpg,fake/train/fake_train_00886.jpg,fake_train_00886.jpg,fake,1,train,924eeefcf03b0e60433fec808750cdccfb01e11c34d80830395d0f40a543266e,,886,0.0,SUCCESS,592f668665140b22a0fca011ff3a69e7a24797e734e484c951e2c145942bd0ef,86.0,19.0,140.77124717,0.0
/content/drive/MyDrive/AISC DeepFake Çalışmaları/Deneyler/Nazlıcan/Deney 1/Kaş/fake/train/fake_train_00887.jpg,fake/train/fake_train_00887.jpg,fake_train_00887.jpg,fake,1,train,bec7fc7118021b3cff33ec63786f972dbe986cc542c6f02cc416eec594233f57,,887,0.0,SUCCESS,d322de2a6467cf3753d5771b90804f01c13da4183a88fc07331e96b04e69e90a,145.0,36.0,34.56523227,0.0
/content/drive/MyDrive/AISC DeepFake Çalışmaları/Deneyler/Nazlıcan/Deney 1/Kaş/fake/train/fake_train_00889.jpg,fake/train/fake_train_00889.jpg,fake_train_00889.jpg,fake,1,train,6acd805f7c4c2b6929d54b7290ddf3c03003e0fbcfc2f267149aaf88ab07fec7,,889,0.0,SUCCESS,3f5237af64fc7a02426501cf90674a27b0fc9bf0f1df06e11100be9b4b1d2892,182.0,46.0,15.59270259,0.0625
/content/drive/MyDrive/AISC DeepFake Çalışmaları/Deneyler/Nazlıcan/Deney 1/Kaş/fake/train/fake_train_00890.jpg,fake/train/fake_train_00890.jpg,fake_train_00890.jpg,fake,1,train,119009cd09a5fc02901bb273799c1a6a15c6b2df13cb38891944b2f51902cac3,,890,0.0,SUCCESS,966ecd8bcf5454d1cf60ba8f2b202689de41e99ee1cfdf22a3cb73262c917bd5,74.0,26.0,113.49026494,0.125
/content/drive/MyDrive/AISC DeepFake Çalışmaları/Deneyler/Nazlıcan/Deney 1/Kaş/fake/train/fake_train_00891.jpg,fake/train/fake_train_00891.jpg,fake_train_00891.jpg,fake,1,train,2d2ec5c38cfe7b08e91297ac129f011e0e02baaaffbb38262787297ad923549b,,891,0.0,SUCCESS,dfc60d9276abaecbadc350d767bd813ecdf00bd641ea7e0826fba5ec327f9427,154.0,32.0,100.31478683,0.0
/content/drive/MyDrive/AISC DeepFake Çalışmaları/Deneyler/Nazlıcan/Deney 1/Kaş/fake/train/fake_train_00892.jpg,fake/train/fake_train_00892.jpg,fake_train_00892.jpg,fake,1,train,4262a0f6ba2d630a4759835f8bb445f0fd169bdce0514cd0fabb7d8ab715f3bd,,892,0.0,SUCCESS,6c5acef3aab0e614b15df92c3d9a9c7218ecc9a45bb1f511cbf3026f6d79e557,236.0,45.0,30.03989427,0.0
/content/drive/MyDrive/AISC DeepFake Çalışmaları/Deneyler/Nazlıcan/Deney 1/Kaş/fake/train/fake_train_00893.jpg,fake/train/fake_train_00893.jpg,fake_train_00893.jpg,fake,1,train,93a32505bd7d25aadd9ec0fdecb85fdd14949fa5567ac8eee8b767162d0ab65e,,893,0.0,SUCCESS,573d0cabf39a5b5241d6730549878f5ad548e548a6f3e6730bf449e90a55c122,112.0,30.0,58.71763384,0.09375
/content/drive/MyDrive/AISC DeepFake Çalışmaları/Deneyler/Nazlıcan/Deney 1/Kaş/fake/train/fake_train_00895.jpg,fake/train/fake_train_00895.jpg,fake_train_00895.jpg,fake,1,train,9dc112e0654b7fbb9c1e6c1269022f79134f5581a8b839a3a3c5770a44f169f9,,895,0.0,SUCCESS,ba509cca2baf798e91ef9df0762d38c8ce066aa5fa3feed551796d5bb67626c6,310.0,68.0,19.77191438,0.0
/content/drive/MyDrive/AISC DeepFake Çalışmaları/Deneyler/Nazlıcan/Deney 1/Kaş/fake/train/fake_train_00896.jpg,fake/train/fake_train_00896.jpg,fake_train_00896.jpg,fake,1,train,f061a411ed970424b663ffa83ba9243ba7559ba82fe8ec90875553d5c2bc33b1,,896,0.0,SUCCESS,f78ae258c10e54114690cdc4487edbb6fdfc147d7a53fc432d2b2a3e35f54a88,150.0,32.0,38.06631927,0.0
/content/drive/MyDrive/AISC DeepFake Çalışmaları/Deneyler/Nazlıcan/Deney 1/Kaş/fake/train/fake_train_00897.jpg,fake/train/fake_train_00897.jpg,fake_train_00897.jpg,fake,1,train,e9f0664454f95a40b0c6ac95423ade5ee6960e336659bc53f0ec56ccf2d6ab87,,897,0.0,SUCCESS,1920e59ec1666f36e1f1dbb1f19c01b4e49efe5fb22d7999eb321dab4a93b454,120.0,26.0,54.2931213,0.0
/content/drive/MyDrive/AISC DeepFake Çalışmaları/Deneyler/Nazlıcan/Deney 1/Kaş/fake/train/fake_train_00902.jpg,fake/train/fake_train_00902.jpg,fake_train_00902.jpg,fake,1,train,d8bea5629e36cb72857878ae3a5556d44103e10bd4130663e6d41f981342a7f3,,902,0.0,SUCCESS,66d40ff48f72c3706931924b560e5fced6c21bf60be1f13fd4e8c843e07fcb55,170.0,37.0,62.61199178,0.0
/content/drive/MyDrive/AISC DeepFake Çalışmaları/Deneyler/Nazlıcan/Deney 1/Kaş/fake/train/fake_train_00903.jpg,fake/train/fake_train_00903.jpg,fake_train_00903.jpg,fake,1,train,1843a312c51ae745eca42ce12b96a5b8121135e943d6dc4cf1371d997498f2fb,,903,0.0,SUCCESS,be883bf27cae5be6595bceab749cb58310f3415dd71311fd70e2d8f00e67785a,382.0,86.0,23.02565849,0.0
/content/drive/MyDrive/AISC DeepFake Çalışmaları/Deneyler/Nazlıcan/Deney 1/Kaş/fake/train/fake_train_00904.jpg,fake/train/fake_train_00904.jpg,fake_train_00904.jpg,fake,1,train,5d262adf5fcc8369f98878c9adc90dd589a25811197aeb3025767a17d0af12c5,,904,0.0,SUCCESS,8b5b21d4a86df507d1de799af71b1ef241a500baf61bc1c1841ca192321dfb18,116.0,26.0,228.88872389,0.0
/content/drive/MyDrive/AISC DeepFake Çalışmaları/Deneyler/Nazlıcan/Deney 1/Kaş/fake/train/fake_train_00906.jpg,fake/train/fake_train_00906.jpg,fake_train_00906.jpg,fake,1,train,b676f7f8e2129977ed5fc3a434d304e5e25eb7b9d72a604b2ee122ced2b97116,,906,0.0,SUCCESS,3f6b902cd14b01a5b7e7bc877651a84a7eb32544cf372f0f2fe3b3cd2a70f35c,136.0,42.0,45.88870941,0.125
/content/drive/MyDrive/AISC DeepFake Çalışmaları/Deneyler/Nazlıcan/Deney 1/Kaş/fake/train/fake_train_00908.jpg,fake/train/fake_train_00908.jpg,fake_train_00908.jpg,fake,1,train,97391fe48707ccbe505774f67485b80be1183e3c918d6841e6147f646e9906b1,,908,0.0,SUCCESS,b0c4f20bad31d2220d8aa18bb68b14aba8d40b09fd074a398ed2298f11b50f29,192.0,63.0,40.3791152,0.0625
/content/drive/MyDrive/AISC DeepFake Çalışmaları/Deneyler/Nazlıcan/Deney 1/Kaş/fake/train/fake_train_00909.jpg,fake/train/fake_train_00909.jpg,fake_train_00909.jpg,fake,1,train,c8850604de07a3a734ff42946433c5f159b9bd9f53e11b8beb3c7dbcc7dc76d7,,909,0.0,SUCCESS,01d81f34e2a347af3bfe568047ec6e676a978cb2ca4f3c2240750817e6418873,163.0,31.0,12.36055735,0.0
/content/drive/MyDrive/AISC DeepFake Çalışmaları/Deneyler/Nazlıcan/Deney 1/Kaş/fake/train/fake_train_00910.jpg,fake/train/fake_train_00910.jpg,fake_train_00910.jpg,fake,1,train,8020cef5558221f31572eb9b663132817311660451d7c1763f0c450bc9797041,,910,0.0,SUCCESS,1adcc059380d8e18139278fb325ca6a1a1ed0f0b2e2e01397b329958e86e13cd,143.0,37.0,46.86029671,0.09375
/content/drive/MyDrive/AISC DeepFake Çalışmaları/Deneyler/Nazlıcan/Deney 1/Kaş/fake/train/fake_train_00912.jpg,fake/train/fake_train_00912.jpg,fake_train_00912.jpg,fake,1,train,620ba91772a77ef4b7351dc66d1bd719f899fb0fc08fb4442e29f99821e3a422,,912,0.0,SUCCESS,111553d2abde64d7df0e031c2fd091645952e9d2ec07cfaea05e91534450468a,235.0,51.0,19.92514474,0.0625
/content/drive/MyDrive/AISC DeepFake Çalışmaları/Deneyler/Nazlıcan/Deney 1/Kaş/fake/train/fake_train_00915.jpg,fake/train/fake_train_00915.jpg,fake_train_00915.jpg,fake,1,train,20464a62600bfe5b56039bdfaedf95d10ddd48929473b1eaad849355bbcf70cc,,915,0.0,SUCCESS,74b8aa1f0145266595fb5afc01f04c2264630085e5f861945090ab59c6afe8c0,263.0,61.0,27.02421002,0.0
/content/drive/MyDrive/AISC DeepFake Çalışmaları/Deneyler/Nazlıcan/Deney 1/Kaş/fake/train/fake_train_00918.jpg,fake/train/fake_train_00918.jpg,fake_train_00918.jpg,fake,1,train,fcec5fd786744cb98edd42ce9527637c3e4f82e66e4e2d05429f490cc9ee84ef,,918,0.0,SUCCESS,f292f91c83c47691d5bbceda8561dfc871e1f235e914eac4cadb4aff0fdd933f,104.0,23.0,120.40322658,0.09375
/content/drive/MyDrive/AISC DeepFake Çalışmaları/Deneyler/Nazlıcan/Deney 1/Kaş/fake/train/fake_train_00919.jpg,fake/train/fake_train_00919.jpg,fake_train_00919.jpg,fake,1,train,2047e4425a3343e15b0d14e23208f2d88c2add3b64f613bf2ea54982ee00976a,,919,0.0,SUCCESS,18ec07cf2c9ac42617e4097348023c559e96010a4abc39f5b3bed0fa44ed2cda,83.0,18.0,177.73683982,0.0
/content/drive/MyDrive/AISC DeepFake Çalışmaları/Deneyler/Nazlıcan/Deney 1/Kaş/fake/train/fake_train_00921.jpg,fake/train/fake_train_00921.jpg,fake_train_00921.jpg,fake,1,train,51efcda794afe92682c0af2d77a6724a2d9737d9086a1bbdb3b75d714964b28c,,921,0.0,SUCCESS,8609ab9c28cd074439a7d1d30f73ca282d5c0f6182f7035866f7e557e9cfaeb5,124.0,22.0,28.32237801,0.0
/content/drive/MyDrive/AISC DeepFake Çalışmaları/Deneyler/Nazlıcan/Deney 1/Kaş/fake/train/fake_train_00922.jpg,fake/train/fake_train_00922.jpg,fake_train_00922.jpg,fake,1,train,b1adaeb71d906096d2ad421d2e710e129be3c5bb9546ddb2ecb03ec2343cefba,,922,0.0,SUCCESS,e2f20d110da989976c729770c43bf62b5e9500f5962d5aa7ca961a246b823e2e,313.0,78.0,8.80160992,0.0
/content/drive/MyDrive/AISC DeepFake Çalışmaları/Deneyler/Nazlıcan/Deney 1/Kaş/fake/train/fake_train_00925.jpg,fake/train/fake_train_00925.jpg,fake_train_00925.jpg,fake,1,train,6b64d6e28571eecaec5188b89b733681e230d728bc1899ed3cfed089330be6e9,,925,0.0,SUCCESS,9d301276caf5166dc5ef4f6ab49af4ce95567e5a3c75accf2057ce5b9028a077,128.0,46.0,48.56179377,0.0625
/content/drive/MyDrive/AISC DeepFake Çalışmaları/Deneyler/Nazlıcan/Deney 1/Kaş/fake/train/fake_train_00927.jpg,fake/train/fake_train_00927.jpg,fake_train_00927.jpg,fake,1,train,ba7289fa7cfe42d71c3f8d780de180978f6d92a2f685d47fecab5aa34f28126d,,927,0.0,SUCCESS,d8c20fc8be11477e1482d05bfb0f38b39a6edc9f2b287766b9e79b3df8040cfb,67.0,20.0,94.92050791,0.125
/content/drive/MyDrive/AISC DeepFake Çalışmaları/Deneyler/Nazlıcan/Deney 1/Kaş/fake/train/fake_train_00928.jpg,fake/train/fake_train_00928.jpg,fake_train_00928.jpg,fake,1,train,aca7d8d34bf3bfb1842c0b831b09f57eedfdca01e89d02a32010dc717bf24f5e,,928,0.0,SUCCESS,66d62c0338e243a7fb59f9e63c4dccc676dd200df579fff034219aa8a34909d7,98.0,20.0,115.48110136,0.09375
/content/drive/MyDrive/AISC DeepFake Çalışmaları/Deneyler/Nazlıcan/Deney 1/Kaş/fake/train/fake_train_00929.jpg,fake/train/fake_train_00929.jpg,fake_train_00929.jpg,fake,1,train,9fb59ef06df10176013cf4bc84804d8c09e87915432923338f7fa7dcbc1bc1cc,,929,0.0,SUCCESS,f344e36323c6ab837daecb2cb12fad1de54eddc7bdd9135dcef4dcb75a20be4d,135.0,28.0,55.35370307,0.0
/content/drive/MyDrive/AISC DeepFake Çalışmaları/Deneyler/Nazlıcan/Deney 1/Kaş/fake/train/fake_train_00930.jpg,fake/train/fake_train_00930.jpg,fake_train_00930.jpg,fake,1,train,e7d551feb1672b97f12d32ddd4a7ddffc8e5940567a2d29f4ee3001fb8046bfc,,930,0.0,SUCCESS,a9c2aac33c883d37e17789c4067acaf4b7f30b6ea002657010a993b2ba6ee6b4,414.0,117.0,9.85334172,0.09375
/content/drive/MyDrive/AISC DeepFake Çalışmaları/Deneyler/Nazlıcan/Deney 1/Kaş/fake/train/fake_train_00931.jpg,fake/train/fake_train_00931.jpg,fake_train_00931.jpg,fake,1,train,0eceb7afb4e72ae6b9668f24c3b37ff512707b508d6fb8b36b3ece15d4eeed4e,,931,0.0,SUCCESS,99c873e2844a6c70cc3d411358ba29b83f17e02ee3499a7658b1991a7f64bbb5,77.0,15.0,59.27935833,0.0
/content/drive/MyDrive/AISC DeepFake Çalışmaları/Deneyler/Nazlıcan/Deney 1/Kaş/fake/train/fake_train_00932.jpg,fake/train/fake_train_00932.jpg,fake_train_00932.jpg,fake,1,train,3c4eb38fff7bf3bdeb00fb54e651ad523ec3b758d87996197ba1bc7f84fe3086,,932,0.0,SUCCESS,8ea12e47818e80e7a9c44ee8da23ef8e91832d95d3314d9cced037bb17e63cb8,318.0,100.0,8.84526207,0.0625
/content/drive/MyDrive/AISC DeepFake Çalışmaları/Deneyler/Nazlıcan/Deney 1/Kaş/fake/train/fake_train_00934.jpg,fake/train/fake_train_00934.jpg,fake_train_00934.jpg,fake,1,train,878054b62f76e91f35be804058c45dfb26b1684ac7824473578119e9492b89a6,,934,0.0,SUCCESS,c35dc2d32589d9c1bfdf32baeed68002ecc063b352102f70a44bb5be835a7ae4,108.0,23.0,48.13719285,0.0
/content/drive/MyDrive/AISC DeepFake Çalışmaları/Deneyler/Nazlıcan/Deney 1/Kaş/fake/train/fake_train_00935.jpg,fake/train/fake_train_00935.jpg,fake_train_00935.jpg,fake,1,train,7aea2bcf24a2ed32ac80b9b56f94efacdcd982892656f0e63dc0ebd1c5b3c2cd,,935,0.0,SUCCESS,70ced0eb8700551e7661caad3abcb6c0225d174f75b16f9839dadc511dffa226,259.0,57.0,20.44007753,0.03125
/content/drive/MyDrive/AISC DeepFake Çalışmaları/Deneyler/Nazlıcan/Deney 1/Kaş/fake/train/fake_train_00938.jpg,fake/train/fake_train_00938.jpg,fake_train_00938.jpg,fake,1,train,3a2d82213aad3310c87efc407760a4a414cd658213d5462b3c7f072bad4712ce,,938,0.0,SUCCESS,efee81fab5ab54b3df0908cb8a678ed4dcb17c723f9b3e7d2f13e2ac1d661a64,213.0,40.0,15.13186008,0.0
/content/drive/MyDrive/AISC DeepFake Çalışmaları/Deneyler/Nazlıcan/Deney 1/Kaş/fake/train/fake_train_00939.jpg,fake/train/fake_train_00939.jpg,fake_train_00939.jpg,fake,1,train,f591bc558b35cb88cdeaadde9a28f07adaef7b40ff5b29fad63cfb996cd15b5c,,939,0.0,SUCCESS,2ff1b3ee2acc875eab0b8e0cc2b00ce14d9ae8e26795fe78c800aa7cd987939b,308.0,92.0,19.64689247,0.0
/content/drive/MyDrive/AISC DeepFake Çalışmaları/Deneyler/Nazlıcan/Deney 1/Kaş/fake/train/fake_train_00941.jpg,fake/train/fake_train_00941.jpg,fake_train_00941.jpg,fake,1,train,864b5c798de6cdc93ae4587bd36bc7f390890e90f71c64e7dca40481d65d55db,,941,0.0,SUCCESS,b3e9bd97dd317b0fe9801ef7f6509088441973745e34f73cf6ed5b1c5595671c,138.0,25.0,29.64632943,0.0
/content/drive/MyDrive/AISC DeepFake Çalışmaları/Deneyler/Nazlıcan/Deney 1/Kaş/fake/train/fake_train_00942.jpg,fake/train/fake_train_00942.jpg,fake_train_00942.jpg,fake,1,train,9c178eea7e049494532cc9a5855c36f1fa33637cb32f949eda812ecee6972aa0,,942,0.0,SUCCESS,1c54b876687318b7793d3b66c5e95190c202f5c42092e9eeb1121e6ec4d08e32,172.0,56.0,25.66544001,0.125
/content/drive/MyDrive/AISC DeepFake Çalışmaları/Deneyler/Nazlıcan/Deney 1/Kaş/fake/train/fake_train_00943.jpg,fake/train/fake_train_00943.jpg,fake_train_00943.jpg,fake,1,train,5eedb48c417a9390d54101d90ef3789fac1317566c731fcc3fbc84f897f10ffd,,943,0.0,SUCCESS,be76344bfcb5100870468660a9870b77fc40b37607b05bd955556ca3666f2ca3,195.0,45.0,60.21979562,0.0
/content/drive/MyDrive/AISC DeepFake Çalışmaları/Deneyler/Nazlıcan/Deney 1/Kaş/fake/train/fake_train_00944.jpg,fake/train/fake_train_00944.jpg,fake_train_00944.jpg,fake,1,train,17a8f08d430eb863f810904b7f7d78a83cd988ea5a731f5d4179b5acde27fb63,,944,0.0,SUCCESS,336c133b1a91b82172a98c597e30260f29a96798a75ffe5b18dc06d6d5eef5a2,115.0,28.0,34.73540218,0.09375
/content/drive/MyDrive/AISC DeepFake Çalışmaları/Deneyler/Nazlıcan/Deney 1/Kaş/fake/train/fake_train_00945.jpg,fake/train/fake_train_00945.jpg,fake_train_00945.jpg,fake,1,train,bf79319f44f0721f70349d178e4c1babc51096ede3df9efbea873dae3dc8fe11,,945,0.0,SUCCESS,66a0e8faa25f29d17180c37c61afc1da9665b4532daeba246d7dbc0afeba2d6a,282.0,58.0,16.58307325,0.0
/content/drive/MyDrive/AISC DeepFake Çalışmaları/Deneyler/Nazlıcan/Deney 1/Kaş/fake/train/fake_train_00947.jpg,fake/train/fake_train_00947.jpg,fake_train_00947.jpg,fake,1,train,26e64173edb9bff5dc497bf3e7598fdff93284b0bf13776cfedd53d5a347a647,,947,0.0,SUCCESS,0c62713da62d1a0f0df8f5b1ffee5da563c1981e4838fc1413ff01beb47fd95d,269.0,66.0,20.07815366,0.0
/content/drive/MyDrive/AISC DeepFake Çalışmaları/Deneyler/Nazlıcan/Deney 1/Kaş/fake/train/fake_train_00949.jpg,fake/train/fake_train_00949.jpg,fake_train_00949.jpg,fake,1,train,b9281efb961d39cb194bfa729eafbff239b1a1e77ffe373f54f36424f58c8beb,,949,0.0,SUCCESS,00e4e77b1552ebcad77c09bea3fbfe356d0aa530cca10f63ee9e49d022440f7e,190.0,37.0,27.69803796,0.0
/content/drive/MyDrive/AISC DeepFake Çalışmaları/Deneyler/Nazlıcan/Deney 1/Kaş/fake/train/fake_train_00950.jpg,fake/train/fake_train_00950.jpg,fake_train_00950.jpg,fake,1,train,536fade6862510f675eabd063bfe95c6cc2f8bd994047d3931653b9b0dba768e,,950,0.0,SUCCESS,badfa6c3e17af149cec97ddefad5578311a4d52290d7d8962c2937614eff7c61,189.0,41.0,31.56521519,0.0
/content/drive/MyDrive/AISC DeepFake Çalışmaları/Deneyler/Nazlıcan/Deney 1/Kaş/fake/train/fake_train_00952.jpg,fake/train/fake_train_00952.jpg,fake_train_00952.jpg,fake,1,train,75e1d256d4654f33cd2799b9cd11bfd7b47bab6d7eeae544181f50776bb5eeab,,952,0.0,SUCCESS,2543a116f9b77608942305876b689490d5eb0aa0c38b299aa0717a4ca60494bd,196.0,42.0,34.81410026,0.0
/content/drive/MyDrive/AISC DeepFake Çalışmaları/Deneyler/Nazlıcan/Deney 1/Kaş/fake/train/fake_train_00953.jpg,fake/train/fake_train_00953.jpg,fake_train_00953.jpg,fake,1,train,1bc4e98dc6f6cfebd28b35f7dec2dbdb7bf57bc7f3b0223c6ef588fabb5ee3cb,,953,0.0,SUCCESS,613755acdc386d372987315a391da60745a82921d120c5bb5e837522dcdf9940,99.0,28.0,165.939003,0.125
/content/drive/MyDrive/AISC DeepFake Çalışmaları/Deneyler/Nazlıcan/Deney 1/Kaş/fake/train/fake_train_00954.jpg,fake/train/fake_train_00954.jpg,fake_train_00954.jpg,fake,1,train,6d3794d1144f2b05dd39f080ac242541f39c8f76cd6c6cd100a316d387bdc7b0,,954,0.0,SUCCESS,67ef26fd105709f62939987c4c984ff83cc34807730b7f2310ad0143be0b6302,153.0,41.0,63.93195243,0.03125
/content/drive/MyDrive/AISC DeepFake Çalışmaları/Deneyler/Nazlıcan/Deney 1/Kaş/fake/train/fake_train_00959.jpg,fake/train/fake_train_00959.jpg,fake_train_00959.jpg,fake,1,train,bb0bd9890c6d3b96f88afbffab068e7336eaa406c6e7f615fa8766ee8c86a6e7,,959,0.0,SUCCESS,a006819e658541192c60efbb5f39e5fda5bd938a3b019f468f697af127c709d6,108.0,21.0,79.00533825,0.0
/content/drive/MyDrive/AISC DeepFake Çalışmaları/Deneyler/Nazlıcan/Deney 1/Kaş/fake/train/fake_train_00961.jpg,fake/train/fake_train_00961.jpg,fake_train_00961.jpg,fake,1,train,3352a1f355fcef1320e17fd11b8fd4167fc2fb27549f72e6b87ca2650d69f0c8,,961,0.0,SUCCESS,15ea02b6128f1febe05ceea2244a94a47dc3ee5539341225224ff8e935452f9a,90.0,21.0,69.9802248,0.0625
/content/drive/MyDrive/AISC DeepFake Çalışmaları/Deneyler/Nazlıcan/Deney 1/Kaş/fake/train/fake_train_00962.jpg,fake/train/fake_train_00962.jpg,fake_train_00962.jpg,fake,1,train,82ae68c0d1bd757962160c74cfaf753d10ff371433124c9ef163af6d784a674d,,962,0.0,SUCCESS,179a645be5bf08cb09259c3b0d7a9d652bf676d9b674e2f0f349317cc03cb120,86.0,21.0,75.81957797,0.0
/content/drive/MyDrive/AISC DeepFake Çalışmaları/Deneyler/Nazlıcan/Deney 1/Kaş/fake/train/fake_train_00963.jpg,fake/train/fake_train_00963.jpg,fake_train_00963.jpg,fake,1,train,fa183cb4afa4508e350763f0cbc3eb6c1273f625ee8cc8a965eaabd6c1fde361,,963,0.0,SUCCESS,8528ed4a11a55d3adb70c0ebb5a8ef2fcd358bad70928ba08acf2dc794180c05,105.0,21.0,83.07137582,0.0625
/content/drive/MyDrive/AISC DeepFake Çalışmaları/Deneyler/Nazlıcan/Deney 1/Kaş/fake/train/fake_train_00965.jpg,fake/train/fake_train_00965.jpg,fake_train_00965.jpg,fake,1,train,a6337719df05a03d026ec3ecebb053398fb8c3fb15be5033152c2d3f3fac5145,,965,0.0,SUCCESS,aec0e09e2c0ecf15562b77de20d49d66bd9f10d4aedd6df834b0a650d4e3039d,247.0,56.0,19.18008509,0.0
/content/drive/MyDrive/AISC DeepFake Çalışmaları/Deneyler/Nazlıcan/Deney 1/Kaş/fake/train/fake_train_00968.jpg,fake/train/fake_train_00968.jpg,fake_train_00968.jpg,fake,1,train,70c798ff9fcee96119477c40be176584005086d863c438a71d6c869aea0b1918,,968,0.0,SUCCESS,5f56a662dc2335d4f18a56a3798c0bd94384eaf8f6f0d5504f75d362fd5c352c,130.0,25.0,26.81817221,0.0
/content/drive/MyDrive/AISC DeepFake Çalışmaları/Deneyler/Nazlıcan/Deney 1/Kaş/fake/train/fake_train_00969.jpg,fake/train/fake_train_00969.jpg,fake_train_00969.jpg,fake,1,train,2ff2f25020aa8581a2027174f15ce387e74fc34006872724158fed782b230f67,,969,0.0,SUCCESS,e92285e520dedb223a5db2daf6fb29803b5e0f22f56b4ed387dbdd1e24de65f0,189.0,36.0,8.447113,0.0
/content/drive/MyDrive/AISC DeepFake Çalışmaları/Deneyler/Nazlıcan/Deney 1/Kaş/fake/train/fake_train_00970.jpg,fake/train/fake_train_00970.jpg,fake_train_00970.jpg,fake,1,train,5cf537c1e47cead9ab250a89ee600080f2f4b136b9360bb087e02cb63c35dde3,,970,0.0,SUCCESS,520af280ce76c83bff4ae07b08f441d24ae0dd6f5a1473e8625df69ae60f2412,68.0,15.0,952.91345636,0.0
/content/drive/MyDrive/AISC DeepFake Çalışmaları/Deneyler/Nazlıcan/Deney 1/Kaş/fake/train/fake_train_00972.jpg,fake/train/fake_train_00972.jpg,fake_train_00972.jpg,fake,1,train,52d2232fef5baaaf6924c85dbe1784940578d3774a0ba265d9e2ceb8ef311f57,,972,0.0,SUCCESS,ead56d9f54c60d9fac2c3718cb5e9fac0433cb2b86da21e692f3a771429568c9,177.0,39.0,58.31785301,0.03125
/content/drive/MyDrive/AISC DeepFake Çalışmaları/Deneyler/Nazlıcan/Deney 1/Kaş/fake/train/fake_train_00973.jpg,fake/train/fake_train_00973.jpg,fake_train_00973.jpg,fake,1,train,a587c57d888cf7d2692040b469e4b470a5a4e2e66d9a5c05b0d88b848823377b,,973,0.0,SUCCESS,5432a6640e3d6db42fafbf32dd5023f02a3f032f6293abf2414e2b7cec028f15,106.0,24.0,62.84551871,0.0
/content/drive/MyDrive/AISC DeepFake Çalışmaları/Deneyler/Nazlıcan/Deney 1/Kaş/fake/train/fake_train_00975.jpg,fake/train/fake_train_00975.jpg,fake_train_00975.jpg,fake,1,train,9e95c469812e1a83aa69275ac5008af8b41c7ad0380e8fe08103b36c5df087a3,,975,0.0,SUCCESS,7ea71f9022ef26f068446957aabe6c373c678085968c94e39ad42204cfe3d4de,195.0,50.0,24.67210887,0.09375
/content/drive/MyDrive/AISC DeepFake Çalışmaları/Deneyler/Nazlıcan/Deney 1/Kaş/fake/train/fake_train_00977.jpg,fake/train/fake_train_00977.jpg,fake_train_00977.jpg,fake,1,train,779fa02232ac27f3002f8aec21ce2fddd6936148553d7f74303ad826e7aee5cf,,977,0.0,SUCCESS,166473e49fb93b4fb16dd8c53e17a2a20ce66f8a4b5a18f2edea29c628faa6d1,65.0,20.0,305.00703609,0.0
/content/drive/MyDrive/AISC DeepFake Çalışmaları/Deneyler/Nazlıcan/Deney 1/Kaş/fake/train/fake_train_00979.jpg,fake/train/fake_train_00979.jpg,fake_train_00979.jpg,fake,1,train,1195131cb5aaa043fb54112d45fc44395edcbcd2920bb02b1c12418b68974faa,,979,0.0,SUCCESS,1a33ea226e82475a690fda2377cb4fe5e4c0aabe01cf6a2590e29bdf8dc95480,116.0,27.0,32.1038849,0.0
/content/drive/MyDrive/AISC DeepFake Çalışmaları/Deneyler/Nazlıcan/Deney 1/Kaş/fake/train/fake_train_00981.jpg,fake/train/fake_train_00981.jpg,fake_train_00981.jpg,fake,1,train,ea395119f72ad72641e28c66c826d9ee1130b43518e3cae0f4efd2335cf62dd9,,981,0.0,SUCCESS,901efe5f32378ac3b9b55086ba9739acadc0743b05a1b0f306c6862ab0a92b70,67.0,15.0,920.2944739,0.0
/content/drive/MyDrive/AISC DeepFake Çalışmaları/Deneyler/Nazlıcan/Deney 1/Kaş/fake/train/fake_train_00983.jpg,fake/train/fake_train_00983.jpg,fake_train_00983.jpg,fake,1,train,d16fe731136884c3022404afeaad2976ad396518406dbd94981c7459ebb94146,,983,0.0,SUCCESS,921757d542dc79d68ec9488ef4f0caa5516a5f672fe6be22ffb3c2f97b62d934,171.0,40.0,35.92526143,0.0
/content/drive/MyDrive/AISC DeepFake Çalışmaları/Deneyler/Nazlıcan/Deney 1/Kaş/fake/train/fake_train_00984.jpg,fake/train/fake_train_00984.jpg,fake_train_00984.jpg,fake,1,train,5d82c256f61525a7ff51be797f53a8234395b6efd9b8b2798759f3d06f16c92f,,984,0.0,SUCCESS,32d71e1815ff4f85ebe59f8f3d7524bf46a726e0b7559a75f0af05146ab8adce,164.0,51.0,42.68484454,0.0625
/content/drive/MyDrive/AISC DeepFake Çalışmaları/Deneyler/Nazlıcan/Deney 1/Kaş/fake/train/fake_train_00985.jpg,fake/train/fake_train_00985.jpg,fake_train_00985.jpg,fake,1,train,689e92ed222eddd09d568e4df975c905785e3b7463867007e6426911d2bb97f7,,985,0.0,SUCCESS,e6390416cc9c5ae6b74837eb4bbd01ada5c9fe8c44b45cb23c9aafcf3f0f860d,272.0,91.0,7.94646623,0.09375
/content/drive/MyDrive/AISC DeepFake Çalışmaları/Deneyler/Nazlıcan/Deney 1/Kaş/fake/train/fake_train_00987.jpg,fake/train/fake_train_00987.jpg,fake_train_00987.jpg,fake,1,train,c0a56747209dae85df6a3d68acbcb68d0228bbba02d7c070aeb3a0dbbfd13439,,987,0.0,SUCCESS,477d97a14e846a083bcc1c9ea0b5b7e8a7712159c747af5247a3c4275ea49b8f,217.0,58.0,26.13400198,0.0
/content/drive/MyDrive/AISC DeepFake Çalışmaları/Deneyler/Nazlıcan/Deney 1/Kaş/fake/train/fake_train_00988.jpg,fake/train/fake_train_00988.jpg,fake_train_00988.jpg,fake,1,train,1390302f9fd055bfe7c5b7917cab2ea0a1d365725b79b48b17db58bf1f9537ab,,988,0.0,SUCCESS,c39ec91ddb6c3cadfd855d52276fc489f4e25722b0bc7a2db17803b480534757,190.0,62.0,17.45616924,0.15625
/content/drive/MyDrive/AISC DeepFake Çalışmaları/Deneyler/Nazlıcan/Deney 1/Kaş/fake/train/fake_train_00990.jpg,fake/train/fake_train_00990.jpg,fake_train_00990.jpg,fake,1,train,397e7789f845c61ac5630766db2ff18fc77811d1420caecabcaa5541675a604e,,990,0.0,SUCCESS,4e5dd3cd8a47658048ff92542ae237a7c38360b0992d82f74b298c1d42635d52,106.0,27.0,67.44796439,0.125
/content/drive/MyDrive/AISC DeepFake Çalışmaları/Deneyler/Nazlıcan/Deney 1/Kaş/fake/train/fake_train_00993.jpg,fake/train/fake_train_00993.jpg,fake_train_00993.jpg,fake,1,train,7a37dbd43fb4e84551b89789af2f73120e7ebd55ee62c3bcc8b16b030a517af6,,993,0.0,SUCCESS,d70436a08e964b7fb0b360bab85bcabfafca3b0119c7a97c94c1fd28b68a0c16,183.0,41.0,72.74741507,0.0
/content/drive/MyDrive/AISC DeepFake Çalışmaları/Deneyler/Nazlıcan/Deney 1/Kaş/fake/train/fake_train_00995.jpg,fake/train/fake_train_00995.jpg,fake_train_00995.jpg,fake,1,train,4cabf7b0dc8c3909d1eebc45995d64057c10be439c4bb991dc456b61a122ed46,,995,0.0,SUCCESS,b77eba131ffa6c7d3d0c3f9c3e4d1132f597ebfdf387c2aaee10f1b71b896b48,157.0,34.0,24.99715269,0.0625
/content/drive/MyDrive/AISC DeepFake Çalışmaları/Deneyler/Nazlıcan/Deney 1/Kaş/fake/train/fake_train_00996.jpg,fake/train/fake_train_00996.jpg,fake_train_00996.jpg,fake,1,train,fdd79606b3f44900c2e2a141074d13a612143dfa791ca9e3f1b86e2d3248f284,,996,0.0,SUCCESS,3f69649ec936b0821c12639478897ac987b4ae8073dae3b3c939ecedec2d00a1,86.0,23.0,147.25812962,0.0
/content/drive/MyDrive/AISC DeepFake Çalışmaları/Deneyler/Nazlıcan/Deney 1/Kaş/fake/train/fake_train_00997.jpg,fake/train/fake_train_00997.jpg,fake_train_00997.jpg,fake,1,train,588b2482a115baad873d912de2640c3580bdb7c722ce4ab0a748accca2f13e2e,,997,0.0,SUCCESS,936e41bf8ccac5e7b9ccbcc5a61d2aa53e2c47e3accea240068c05e1dd7d034f,92.0,23.0,85.12160834,0.0
/content/drive/MyDrive/AISC DeepFake Çalışmaları/Deneyler/Nazlıcan/Deney 1/Kaş/fake/train/fake_train_00998.jpg,fake/train/fake_train_00998.jpg,fake_train_00998.jpg,fake,1,train,4a6c1b1f105d5fc2a8c68c6e5668089c8f8790bbfcc268f8551a3497fb0a579b,,998,0.0,SUCCESS,64627af2bad84324adc3f6cf3cd64e7b29f0d2aaf11ddd11c7e6ad90ada37351,70.0,18.0,153.4267095,0.125
/content/drive/MyDrive/AISC DeepFake Çalışmaları/Deneyler/Nazlıcan/Deney 1/Kaş/fake/train/fake_train_00999.jpg,fake/train/fake_train_00999.jpg,fake_train_00999.jpg,fake,1,train,f7b58cf3d6f29a0276e3064d5004e22b2cc318fe5a376881315874d5ffb6c189,,999,0.0,SUCCESS,1cc6458f8f532c329fd8a7028495d9d295b3033aa7a9322a436f300b973ce4a8,215.0,52.0,9.85260175,0.0
/content/drive/MyDrive/AISC DeepFake Çalışmaları/Deneyler/Nazlıcan/Deney 1/Kaş/fake/train/fake_train_01002.jpg,fake/train/fake_train_01002.jpg,fake_train_01002.jpg,fake,1,train,e32c0c8ccf21c629797f336e14f843f6537b7e2eb82b48e4d891a260b3af5ead,,1002,0.0,SUCCESS,c2f102e6de6dc12104508497aaed87c5d4a7c4abeb5482fddba5d5e0ac10fbd3,94.0,27.0,149.56951159,0.09375
/content/drive/MyDrive/AISC DeepFake Çalışmaları/Deneyler/Nazlıcan/Deney 1/Kaş/fake/train/fake_train_01004.jpg,fake/train/fake_train_01004.jpg,fake_train_01004.jpg,fake,1,train,79c6c222978d7e96ae93df18e92a8a0240a2669984eac7b266633e9c85101536,,1004,0.0,SUCCESS,f586acbd7aa32e8bcf0746cfde873feccb1d46015e03c1211a0fadbe9da09fe9,335.0,88.0,16.04727615,0.0
/content/drive/MyDrive/AISC DeepFake Çalışmaları/Deneyler/Nazlıcan/Deney 1/Kaş/fake/train/fake_train_01005.jpg,fake/train/fake_train_01005.jpg,fake_train_01005.jpg,fake,1,train,fb644a2a6de7aa729fb060e6171b926f2efc05a2aeab0b057e103bd2b78d0ade,,1005,0.0,SUCCESS,4da4284a099e8bb71f6838f7ec0093dbed1e0a501430cf796e48d1ae9e0d16a0,291.0,53.0,16.721864,0.0
/content/drive/MyDrive/AISC DeepFake Çalışmaları/Deneyler/Nazlıcan/Deney 1/Kaş/fake/train/fake_train_01006.jpg,fake/train/fake_train_01006.jpg,fake_train_01006.jpg,fake,1,train,f7d035c1dd71a3e0166c190e7e9ff7511c84f30d749b4cb62ec75cd84299bda4,,1006,0.0,SUCCESS,8ccf287d1e01e736d0db7f58f9524f66ccf28acfad869e31896c2c7c233edabc,184.0,36.0,29.79811206,0.0
/content/drive/MyDrive/AISC DeepFake Çalışmaları/Deneyler/Nazlıcan/Deney 1/Kaş/fake/train/fake_train_01008.jpg,fake/train/fake_train_01008.jpg,fake_train_01008.jpg,fake,1,train,7fdab3ae22efdd2fd39b7ce4763b752d381e64eb3a7a732d7fd0d602a7342e7b,,1008,0.0,SUCCESS,0456c9ef39711ebc075f73d243691135563b89f93f18ba45955031318c128208,113.0,25.0,61.41054115,0.0
/content/drive/MyDrive/AISC DeepFake Çalışmaları/Deneyler/Nazlıcan/Deney 1/Kaş/fake/train/fake_train_01009.jpg,fake/train/fake_train_01009.jpg,fake_train_01009.jpg,fake,1,train,2b3919e37e422de9033298f7b8bce5ac3c177d53b3ef9b3c7bebd190eba5795d,,1009,0.0,SUCCESS,3b19f3a5a4b0f9f34e0270fa506ba85a7904ffd2c763f91dcd0bdcd691a9e995,329.0,119.0,14.67964218,0.15625
/content/drive/MyDrive/AISC DeepFake Çalışmaları/Deneyler/Nazlıcan/Deney 1/Kaş/fake/train/fake_train_01010.jpg,fake/train/fake_train_01010.jpg,fake_train_01010.jpg,fake,1,train,d3ceafc3573a63def9c154abd73c395cf8ef99fb0b3cf02ba5ec093f3224b5a9,,1010,0.0,SUCCESS,782a05b6e3742d3864ccfedd908b9e3c5017e0fb67448498bc479a494ade3314,145.0,43.0,135.87334288,0.03125
/content/drive/MyDrive/AISC DeepFake Çalışmaları/Deneyler/Nazlıcan/Deney 1/Kaş/fake/train/fake_train_01011.jpg,fake/train/fake_train_01011.jpg,fake_train_01011.jpg,fake,1,train,6569f94b1a28942bd471ab73282bd0ef4c6527a5b3df880930db099b53946c5b,,1011,0.0,SUCCESS,74e4851a5d884ca8643ea2009530d8702d6b99d5144a62766de3638299f29ea9,127.0,31.0,132.4627528,0.0
/content/drive/MyDrive/AISC DeepFake Çalışmaları/Deneyler/Nazlıcan/Deney 1/Kaş/fake/train/fake_train_01014.jpg,fake/train/fake_train_01014.jpg,fake_train_01014.jpg,fake,1,train,63d7e7fa59971b0883b49fd6e7bf19cf015d173247375b835d428d76b2a5a26c,,1014,0.0,SUCCESS,87e549c10ec74d9ef9515ee2088487866b474e5c9e3ce21976f395d72799be1f,120.0,22.0,72.48406279,0.0
/content/drive/MyDrive/AISC DeepFake Çalışmaları/Deneyler/Nazlıcan/Deney 1/Kaş/fake/train/fake_train_01015.jpg,fake/train/fake_train_01015.jpg,fake_train_01015.jpg,fake,1,train,f4573464d88db09e5ac22630db69a8e53f68ff200560b229a248bedcf728ead7,,1015,0.0,SUCCESS,029c26b3b318c9dfda9eeb5b90b41180daa8409a8f5614fcff5ad0843f9c1c8e,99.0,26.0,49.6323603,0.0
/content/drive/MyDrive/AISC DeepFake Çalışmaları/Deneyler/Nazlıcan/Deney 1/Kaş/fake/train/fake_train_01016.jpg,fake/train/fake_train_01016.jpg,fake_train_01016.jpg,fake,1,train,41cae409d84ba7c8e6700f0cdd48d835c9c415ee0304ce83b88c33956f1938e7,,1016,0.0,SUCCESS,cdf8ea98e9ba1b1d5b541d5253d413152d05231f8272cc3b55337b64aed52320,170.0,54.0,186.16607643,0.0625
/content/drive/MyDrive/AISC DeepFake Çalışmaları/Deneyler/Nazlıcan/Deney 1/Kaş/fake/train/fake_train_01018.jpg,fake/train/fake_train_01018.jpg,fake_train_01018.jpg,fake,1,train,e654f4ba913572938744437f15928db9c0b8de7e1ae8e69e8fa8d45d2ef866e8,,1018,0.0,SUCCESS,3bda4b51b2b05360ab51157e0e785ec864af0dc5b7869474ab4be1d6e70e63e7,96.0,24.0,189.04448107,0.0
/content/drive/MyDrive/AISC DeepFake Çalışmaları/Deneyler/Nazlıcan/Deney 1/Kaş/fake/train/fake_train_01019.jpg,fake/train/fake_train_01019.jpg,fake_train_01019.jpg,fake,1,train,23f6275ce7e04d11b30a27253bfe8f108be6db15bed044cc15bcf05fe662e96a,,1019,0.0,SUCCESS,7ef439ae435f347f1e789845a75230d71b1fc725b566db787822ce0a7ba8dbd1,249.0,61.0,24.10045874,0.09375
/content/drive/MyDrive/AISC DeepFake Çalışmaları/Deneyler/Nazlıcan/Deney 1/Kaş/fake/train/fake_train_01021.jpg,fake/train/fake_train_01021.jpg,fake_train_01021.jpg,fake,1,train,4f0eb6db04b0cc3b3de55f457fbb60a84b1f1efe2b01d177233589c0520ca9a6,,1021,0.0,SUCCESS,ce0cf8351561504bd5376dc8bf1ef58b4e4c4f760fdff07a18274caa002eb682,74.0,24.0,90.48156064,0.125
/content/drive/MyDrive/AISC DeepFake Çalışmaları/Deneyler/Nazlıcan/Deney 1/Kaş/fake/train/fake_train_01023.jpg,fake/train/fake_train_01023.jpg,fake_train_01023.jpg,fake,1,train,1947bf913051e7e0d46d382fd28522780cb940c7172a5ce25dff3d0dfb42dc91,,1023,0.0,SUCCESS,34d0be2d7290ed9db68139515d75816793239cd9e1d814f84a41af5945c2de2b,122.0,36.0,34.28912396,0.125
/content/drive/MyDrive/AISC DeepFake Çalışmaları/Deneyler/Nazlıcan/Deney 1/Kaş/fake/train/fake_train_01025.jpg,fake/train/fake_train_01025.jpg,fake_train_01025.jpg,fake,1,train,838698731c6b8fd39f31210314054cc7986d96a5a1915e576d82c4f36386b058,,1025,0.0,SUCCESS,3fa84879119790096bc40f22e204224df73e4eb7ed104a194a7063af291deb68,190.0,38.0,99.80977147,0.0625
/content/drive/MyDrive/AISC DeepFake Çalışmaları/Deneyler/Nazlıcan/Deney 1/Kaş/fake/train/fake_train_01027.jpg,fake/train/fake_train_01027.jpg,fake_train_01027.jpg,fake,1,train,8860d3541107d075e9fe550cf620d66e43210aacb35c657b466661539edc86e1,,1027,0.0,SUCCESS,02c172e894a38c13dc340f273fdca3c809f7a5b95a58cf49c0aa7a7caa2bbff5,115.0,31.0,255.19188967,0.125
/content/drive/MyDrive/AISC DeepFake Çalışmaları/Deneyler/Nazlıcan/Deney 1/Kaş/fake/train/fake_train_01028.jpg,fake/train/fake_train_01028.jpg,fake_train_01028.jpg,fake,1,train,6f7a539688c8b28190ac3d360e6ff38c82811502ea38dbedabd294b399b6791d,,1028,0.0,SUCCESS,bba81b51d8e5a146039072425a8f6fd833af8deffec0929180e94b234c314b1c,157.0,32.0,91.35424925,0.0
/content/drive/MyDrive/AISC DeepFake Çalışmaları/Deneyler/Nazlıcan/Deney 1/Kaş/fake/train/fake_train_01030.jpg,fake/train/fake_train_01030.jpg,fake_train_01030.jpg,fake,1,train,85e0a38e19e92087690f5f3167cce04e814c6ad89993efc2b457819e2bfb9365,,1030,0.0,SUCCESS,11acfa757a4fcfd16f450f9cd2a801232111b14b5f04e48afdcb35f1b347b157,122.0,23.0,27.71344179,0.0
/content/drive/MyDrive/AISC DeepFake Çalışmaları/Deneyler/Nazlıcan/Deney 1/Kaş/fake/train/fake_train_01031.jpg,fake/train/fake_train_01031.jpg,fake_train_01031.jpg,fake,1,train,60145b329cc0e21a34dde4b6c5f8e09e566c04a85164c2533780048376d262d6,,1031,0.0,SUCCESS,c4d06ac53d846e90c0d8cff7a3df133ae639d90a9ca71180ced9fc0089f0c117,173.0,35.0,39.43176631,0.0
/content/drive/MyDrive/AISC DeepFake Çalışmaları/Deneyler/Nazlıcan/Deney 1/Kaş/fake/train/fake_train_01035.jpg,fake/train/fake_train_01035.jpg,fake_train_01035.jpg,fake,1,train,ff91e96a714e891bf52d0cd0adf31742bc4baf604d26f4f88ff3df968ed539a8,,1035,0.0,SUCCESS,26b66031c70361cc68dfc94afb5b275666c3b1a168093739c5dd57038b643c0b,411.0,91.0,7.69697578,0.0
/content/drive/MyDrive/AISC DeepFake Çalışmaları/Deneyler/Nazlıcan/Deney 1/Kaş/fake/train/fake_train_01036.jpg,fake/train/fake_train_01036.jpg,fake_train_01036.jpg,fake,1,train,f0d03703db2f052f890e921262507da55dc279ddfe405fca34428d423269c189,,1036,0.0,SUCCESS,8d2ef60327b4d48d038d7b108ac09d541113350be4b734d651d2efec59230020,161.0,30.0,58.50228279,0.0
/content/drive/MyDrive/AISC DeepFake Çalışmaları/Deneyler/Nazlıcan/Deney 1/Kaş/fake/train/fake_train_01037.jpg,fake/train/fake_train_01037.jpg,fake_train_01037.jpg,fake,1,train,03003963230bd2b647479f99ef43bbb0cb9cabba13af0a62bdbb6d033354cfc2,,1037,0.0,SUCCESS,e429795efc06450794090d09177db13a6675d86cc7aad03d724a1642730e5134,173.0,54.0,35.32015295,0.0
/content/drive/MyDrive/AISC DeepFake Çalışmaları/Deneyler/Nazlıcan/Deney 1/Kaş/fake/train/fake_train_01038.jpg,fake/train/fake_train_01038.jpg,fake_train_01038.jpg,fake,1,train,975207a54a62fa581ac810df42357e4508a4ab01d79fcf6493043204cd091a33,,1038,0.0,SUCCESS,a7859012d4669473db7c74f98330f7492bc435113069cd289407d00d17cbdf5e,125.0,31.0,19.56336709,0.0
/content/drive/MyDrive/AISC DeepFake Çalışmaları/Deneyler/Nazlıcan/Deney 1/Kaş/fake/train/fake_train_01039.jpg,fake/train/fake_train_01039.jpg,fake_train_01039.jpg,fake,1,train,28f3b871f6522482c0d083bbbbd922dbb8f6f0e8bfb4b1cfc8fccdfccf89395b,,1039,0.0,SUCCESS,385520d595a1cec962d3fcc10e645d2621a75e9edab39cf20f9cb78b238228df,106.0,25.0,71.01870061,0.0
/content/drive/MyDrive/AISC DeepFake Çalışmaları/Deneyler/Nazlıcan/Deney 1/Kaş/fake/train/fake_train_01040.jpg,fake/train/fake_train_01040.jpg,fake_train_01040.jpg,fake,1,train,39a3eaf62a78414a7ce462f2f5b96a19e0538c3ecc357bc995369f277435b61d,,1040,0.0,SUCCESS,e6a3623fd27eb8d4bf7a181e88f431f5a9a354ba7838c6b9a8106ec1b23ba23d,187.0,35.0,50.31613386,0.0
/content/drive/MyDrive/AISC DeepFake Çalışmaları/Deneyler/Nazlıcan/Deney 1/Kaş/fake/train/fake_train_01042.jpg,fake/train/fake_train_01042.jpg,fake_train_01042.jpg,fake,1,train,124aeeabae55ff947cfb41f099c7d4ad1956a80424ead59326a682017d47b02a,,1042,0.0,SUCCESS,b639b58003b8f3f86909d60c4f5e174d535910f4d4a57011dab4a1376fdb2a23,114.0,20.0,140.77630636,0.0
/content/drive/MyDrive/AISC DeepFake Çalışmaları/Deneyler/Nazlıcan/Deney 1/Kaş/fake/train/fake_train_01043.jpg,fake/train/fake_train_01043.jpg,fake_train_01043.jpg,fake,1,train,e00590946109978e34336cd123e51961f06c33cb241094fc4c287505ddb721e5,,1043,0.0,SUCCESS,873bac585c410003bad3d75b6bcd9dfb097e9f377c7a17627c54bd47af9960c2,80.0,24.0,219.38595378,0.125
/content/drive/MyDrive/AISC DeepFake Çalışmaları/Deneyler/Nazlıcan/Deney 1/Kaş/fake/train/fake_train_01044.jpg,fake/train/fake_train_01044.jpg,fake_train_01044.jpg,fake,1,train,c89cb30381f7c974eb0e70f43d589153d19106a8d76c7644345c8e6e30f33812,,1044,0.0,SUCCESS,7f3896a549430f22b99db2c2b25998e0daf121fe2a9a22d8feeeea4c10af546b,71.0,15.0,132.01282462,0.0
/content/drive/MyDrive/AISC DeepFake Çalışmaları/Deneyler/Nazlıcan/Deney 1/Kaş/fake/train/fake_train_01046.jpg,fake/train/fake_train_01046.jpg,fake_train_01046.jpg,fake,1,train,4dbe7bfaef9aadca88daf0ae0dab75b85211ef2b188403e0020c155b88de4ddc,,1046,0.0,SUCCESS,70da1a9cd4be53863c35f5b1e5bebfae5864ca354737d1e3772708db715b0540,151.0,43.0,21.41769446,0.0
/content/drive/MyDrive/AISC DeepFake Çalışmaları/Deneyler/Nazlıcan/Deney 1/Kaş/fake/train/fake_train_01047.jpg,fake/train/fake_train_01047.jpg,fake_train_01047.jpg,fake,1,train,98e9869b314ba4b26ad24c5f0f5b94b962ca33e2ccb37783e542931db172ad89,,1047,0.0,SUCCESS,6cd21e7c3a81fd239e8e5a4b3d302a7031bfdf13e5cde8b4744652401dffc2ba,100.0,23.0,96.65382155,0.0
/content/drive/MyDrive/AISC DeepFake Çalışmaları/Deneyler/Nazlıcan/Deney 1/Kaş/fake/train/fake_train_01048.jpg,fake/train/fake_train_01048.jpg,fake_train_01048.jpg,fake,1,train,aaea03561b4e00f55264939d1b99f5c3961a92d0b019fd0a20f8ce781895924f,,1048,0.0,SUCCESS,e9f9d6164911c748d2c912afc0f4c076acb9f559306af044b7d411f1723a7e0e,90.0,18.0,140.13833981,0.0625
/content/drive/MyDrive/AISC DeepFake Çalışmaları/Deneyler/Nazlıcan/Deney 1/Kaş/fake/train/fake_train_01050.jpg,fake/train/fake_train_01050.jpg,fake_train_01050.jpg,fake,1,train,ee8ecd61315b60c53d9bf67ec1b4f7234e9cc37678a33ad4901bfd102e37fc16,,1050,0.0,SUCCESS,f18f68eb14c1e5c011e9121a15ed9de40989dbb2a553bd5eb189e37a5bfe0046,121.0,28.0,80.7255334,0.0
/content/drive/MyDrive/AISC DeepFake Çalışmaları/Deneyler/Nazlıcan/Deney 1/Kaş/fake/train/fake_train_01051.jpg,fake/train/fake_train_01051.jpg,fake_train_01051.jpg,fake,1,train,c09621a8faef570a1ef1e7326a9885d6a4592ad50db896d8a6ddfe20dd040d4e,,1051,0.0,SUCCESS,7c253df226b1102eec99f3d0a850c5fe8c6a257b937c13e383d6a813248e95cc,263.0,89.0,24.10094124,0.125
/content/drive/MyDrive/AISC DeepFake Çalışmaları/Deneyler/Nazlıcan/Deney 1/Kaş/fake/train/fake_train_01052.jpg,fake/train/fake_train_01052.jpg,fake_train_01052.jpg,fake,1,train,3aa9963e98b8e5d6388ead78a651e0ae9ac4485c6dc6666ac17aee6e537b9c02,,1052,0.0,SUCCESS,db7abe5e94561c6249c63f01d0e35fbc39a8defe39f7f0aea8d5f85d5d68f625,97.0,23.0,129.90228276,0.0
/content/drive/MyDrive/AISC DeepFake Çalışmaları/Deneyler/Nazlıcan/Deney 1/Kaş/fake/train/fake_train_01053.jpg,fake/train/fake_train_01053.jpg,fake_train_01053.jpg,fake,1,train,6327e998b94aaa7388777a6c7b12d55e4123c9ce9e9e2de3c5e17b6c6dc37f14,,1053,0.0,SUCCESS,223fcdbf7a9b8db5f98900771a47748986f66f756ce5ab56a4eaa1b519d6652e,127.0,31.0,105.34149623,0.125
/content/drive/MyDrive/AISC DeepFake Çalışmaları/Deneyler/Nazlıcan/Deney 1/Kaş/fake/train/fake_train_01054.jpg,fake/train/fake_train_01054.jpg,fake_train_01054.jpg,fake,1,train,1308f85704e4fe3b650608b75596d5e1eb573535a17df293d9762b2a391c684c,,1054,0.0,SUCCESS,cf9b3825d2a23e8828f26bddc77f7315184f0ce78aec6c692aab7bc1683f5a23,133.0,29.0,9.84231412,0.0
/content/drive/MyDrive/AISC DeepFake Çalışmaları/Deneyler/Nazlıcan/Deney 1/Kaş/fake/train/fake_train_01057.jpg,fake/train/fake_train_01057.jpg,fake_train_01057.jpg,fake,1,train,dfbccdbee6e64261ec209437bce3b437a47378535aedbdd78ad5411280a6d61c,,1057,0.0,SUCCESS,312bb711c8c7d3d4f376fd6ccc9f83026616c7d8be1e8de18505e6496460a688,75.0,19.0,152.39056645,0.0
/content/drive/MyDrive/AISC DeepFake Çalışmaları/Deneyler/Nazlıcan/Deney 1/Kaş/fake/train/fake_train_01060.jpg,fake/train/fake_train_01060.jpg,fake_train_01060.jpg,fake,1,train,5023558183b1535f33ab4c4520662157b24e0b1b708b895f346360e37cda3226,,1060,0.0,SUCCESS,3367c7e8f325576dfd2b513cb574729db3442554e111feb30178959a84eccc9c,257.0,63.0,20.52317113,0.0
/content/drive/MyDrive/AISC DeepFake Çalışmaları/Deneyler/Nazlıcan/Deney 1/Kaş/fake/train/fake_train_01061.jpg,fake/train/fake_train_01061.jpg,fake_train_01061.jpg,fake,1,train,582cc0c0c58dcdde937a4e193baf6b363b4cd7c000d173ea81578ff22ac0c9c8,,1061,0.0,SUCCESS,7d1fc92d364cd9bf6359ee8838854eebf61c89e3af4a457f2b179c178f92e694,511.0,126.0,7.1364581,0.0
/content/drive/MyDrive/AISC DeepFake Çalışmaları/Deneyler/Nazlıcan/Deney 1/Kaş/fake/train/fake_train_01062.jpg,fake/train/fake_train_01062.jpg,fake_train_01062.jpg,fake,1,train,0172096a5c4b2c4b68d0298b37d3abd4c73a091b435dd2a3fd26334abc577251,,1062,0.0,SUCCESS,e25053b310fb5b5868b124ecf4b55cd567c9ae6ef89c73853f9a109de104c534,114.0,25.0,83.41281576,0.125
/content/drive/MyDrive/AISC DeepFake Çalışmaları/Deneyler/Nazlıcan/Deney 1/Kaş/fake/train/fake_train_01064.jpg,fake/train/fake_train_01064.jpg,fake_train_01064.jpg,fake,1,train,9376d27512b7ef5fe6d3c08d636a198c94e0fa751db34d7462d5bb8ff63eda78,,1064,0.0,SUCCESS,93a8c58d5a30f5060c83422bb9c66a9cddbb67104fca0f2ddc6cc1075a446b1d,79.0,23.0,484.98759136,0.125
/content/drive/MyDrive/AISC DeepFake Çalışmaları/Deneyler/Nazlıcan/Deney 1/Kaş/fake/train/fake_train_01065.jpg,fake/train/fake_train_01065.jpg,fake_train_01065.jpg,fake,1,train,bbd7ac1a7f240e1dcde71f588776200f4b92693f8efb48d59fb53aefdc45f6e9,,1065,0.0,SUCCESS,1aa3d0d8b932f5567e8d423d192ed9a2fb32611c0e3c2e9cbcdf489a3bc1a2a6,379.0,88.0,8.70755955,0.09375
/content/drive/MyDrive/AISC DeepFake Çalışmaları/Deneyler/Nazlıcan/Deney 1/Kaş/fake/train/fake_train_01066.jpg,fake/train/fake_train_01066.jpg,fake_train_01066.jpg,fake,1,train,b96010155a969606c34e6e236858d1cf194d1a7b12a558d22fc678a36df4b84e,,1066,0.0,SUCCESS,23d0a4c203292a6bf490d101785bbca3c541b2940359024a444f5d9065c716e2,260.0,71.0,40.59862574,0.09375
/content/drive/MyDrive/AISC DeepFake Çalışmaları/Deneyler/Nazlıcan/Deney 1/Kaş/fake/train/fake_train_01067.jpg,fake/train/fake_train_01067.jpg,fake_train_01067.jpg,fake,1,train,0034e694f29fa053d266d332bd4c6ecfdd6db59039424dbb5ffc8e181ae15325,,1067,0.0,SUCCESS,5ff35e6b6f1d5948a6eea8c7d7fe609210341a4c1f2fb53a37281f34332b7171,151.0,36.0,53.95448878,0.0
/content/drive/MyDrive/AISC DeepFake Çalışmaları/Deneyler/Nazlıcan/Deney 1/Kaş/fake/train/fake_train_01070.jpg,fake/train/fake_train_01070.jpg,fake_train_01070.jpg,fake,1,train,421f2454c4dcd68dd333ccdf0b298b28dfea15800f1fa0a972f915aea897fa7b,,1070,0.0,SUCCESS,13cb09c25e5d88a2367e9f60aa937a86a24ea6cca5276dbec8bed5dd0cb2e16e,105.0,19.0,40.21537955,0.0
/content/drive/MyDrive/AISC DeepFake Çalışmaları/Deneyler/Nazlıcan/Deney 1/Kaş/fake/train/fake_train_01072.jpg,fake/train/fake_train_01072.jpg,fake_train_01072.jpg,fake,1,train,121196593b25adb31606234a4b4ef1fc508972bba6ff4b5b25084ae8f3908283,,1072,0.0,SUCCESS,fc2ff5949e60b2ab2e1c0bc8371c2704781245b28b632504d15011016e51cfeb,215.0,38.0,13.01776342,0.0
/content/drive/MyDrive/AISC DeepFake Çalışmaları/Deneyler/Nazlıcan/Deney 1/Kaş/fake/train/fake_train_01073.jpg,fake/train/fake_train_01073.jpg,fake_train_01073.jpg,fake,1,train,da6b5d6c4c03e059bb8e89671bb4e15ead61912d883ee455fd508580ff5c5f92,,1073,0.0,SUCCESS,397de4dff08d95e349586a9c04e987de58a01705ffcfc1f6b2c1b5fa2da5a601,83.0,17.0,296.12451423,0.0
/content/drive/MyDrive/AISC DeepFake Çalışmaları/Deneyler/Nazlıcan/Deney 1/Kaş/fake/train/fake_train_01074.jpg,fake/train/fake_train_01074.jpg,fake_train_01074.jpg,fake,1,train,1c3353af347ce59cd84e180b26bb28ff706079f4ce170e6eff283544df3643eb,,1074,0.0,SUCCESS,ab6a8014b80b4c17b74a334bfe5aa15221e00d9d96f44ea1954d9960a93c081e,110.0,27.0,91.82336825,0.0
/content/drive/MyDrive/AISC DeepFake Çalışmaları/Deneyler/Nazlıcan/Deney 1/Kaş/fake/train/fake_train_01075.jpg,fake/train/fake_train_01075.jpg,fake_train_01075.jpg,fake,1,train,dcda1f4529fb54efe8814413d6c2d7c6c4d0e268b8d591b80f336c6b502691f0,,1075,0.0,SUCCESS,6e0f50c3462a780d58cf29f335f134430c1d3a20cdfac9c4ff34ee6b5556770b,209.0,46.0,33.73099036,0.0
/content/drive/MyDrive/AISC DeepFake Çalışmaları/Deneyler/Nazlıcan/Deney 1/Kaş/fake/train/fake_train_01077.jpg,fake/train/fake_train_01077.jpg,fake_train_01077.jpg,fake,1,train,b6c4b9adf7ce4d116bc3347809d7fa2a90cdfa2f2970a5391532a28a7b75007e,,1077,0.0,SUCCESS,fb8089f6f00c9b962487299ecfaefec7c5b0ac2babe31b58a2972276d12f0fa9,228.0,76.0,16.88312625,0.125
/content/drive/MyDrive/AISC DeepFake Çalışmaları/Deneyler/Nazlıcan/Deney 1/Kaş/fake/train/fake_train_01078.jpg,fake/train/fake_train_01078.jpg,fake_train_01078.jpg,fake,1,train,57c61d3c74967a4877b1b942c9eb974798c4b494fca4907cac447557622c8b17,,1078,0.0,SUCCESS,ae360a07d26cc7690b316b4e27c06aeac7b3cabe65e5346f37c30eb3dcfc0ad5,108.0,23.0,54.09120837,0.0
/content/drive/MyDrive/AISC DeepFake Çalışmaları/Deneyler/Nazlıcan/Deney 1/Kaş/fake/train/fake_train_01079.jpg,fake/train/fake_train_01079.jpg,fake_train_01079.jpg,fake,1,train,3e6e0b367c24780451747ac8e97fadf8c55634b28eb4120a83987596dce1994d,,1079,0.0,SUCCESS,8126e733251428db667c56a683adbc423e4bd3fcfff252d7856c640cc31d646b,223.0,52.0,61.86590153,0.0
/content/drive/MyDrive/AISC DeepFake Çalışmaları/Deneyler/Nazlıcan/Deney 1/Kaş/fake/train/fake_train_01080.jpg,fake/train/fake_train_01080.jpg,fake_train_01080.jpg,fake,1,train,6cf31b4d65c94421afb81451600fe22a54543fcebd73d5aa6598c75aac365be1,,1080,0.0,SUCCESS,9b144f42fe51ed0e8d1ded46c86fa9af0eb5dffba5829a5e00594a1d0a406539,92.0,24.0,102.05861406,0.0
/content/drive/MyDrive/AISC DeepFake Çalışmaları/Deneyler/Nazlıcan/Deney 1/Kaş/fake/train/fake_train_01081.jpg,fake/train/fake_train_01081.jpg,fake_train_01081.jpg,fake,1,train,16a8f791e740b2add777fe3cad5765c01f4fcb457b6bcd936425e72e5be3e569,,1081,0.0,SUCCESS,038f30170e6a0c1c32c40c33d037549c5f50ce3b0369406ae760ef03dc20e057,484.0,127.0,4.15389391,0.0
/content/drive/MyDrive/AISC DeepFake Çalışmaları/Deneyler/Nazlıcan/Deney 1/Kaş/fake/train/fake_train_01082.jpg,fake/train/fake_train_01082.jpg,fake_train_01082.jpg,fake,1,train,d0803e33ec7cd31b405cdd8d93e5d2ffc0e6378d66a0d5cf40d5bf2e33e5d7c7,,1082,0.0,SUCCESS,db8f7c28fe017cb88dd76920f3a3913562f8748725df554477f63a5eed5e2430,240.0,55.0,31.76587075,0.0
/content/drive/MyDrive/AISC DeepFake Çalışmaları/Deneyler/Nazlıcan/Deney 1/Kaş/fake/train/fake_train_01083.jpg,fake/train/fake_train_01083.jpg,fake_train_01083.jpg,fake,1,train,9a6c0b4cea0f446113cfdb8e5d0b3c58f9ffb4550193738b97922f0160862db1,,1083,0.0,SUCCESS,fc13c98622c5d826f29e260cde536153d008ede98dc2fc652c67cb1c572bd9b0,171.0,42.0,35.74394302,0.0625
/content/drive/MyDrive/AISC DeepFake Çalışmaları/Deneyler/Nazlıcan/Deney 1/Kaş/fake/train/fake_train_01084.jpg,fake/train/fake_train_01084.jpg,fake_train_01084.jpg,fake,1,train,fb0b7b6cd990139d921bbb10087dd544eabd03a855dab9e56e128670c2b7aabd,,1084,0.0,SUCCESS,6cc413ac406092b951b792b49105e8a2c2ff489e9f25ed08e659d263d2e1f6cc,205.0,62.0,27.55923835,0.09375
/content/drive/MyDrive/AISC DeepFake Çalışmaları/Deneyler/Nazlıcan/Deney 1/Kaş/fake/train/fake_train_01086.jpg,fake/train/fake_train_01086.jpg,fake_train_01086.jpg,fake,1,train,673c2b01d7a312ea38e86fabdbf1579e6333384abb15de2dd3c149f912f4afc2,,1086,0.0,SUCCESS,124eb81288f7dddce2f185bb5e2c30729eeef34db2a081933894637034341a7a,184.0,38.0,65.18656413,0.0
/content/drive/MyDrive/AISC DeepFake Çalışmaları/Deneyler/Nazlıcan/Deney 1/Kaş/fake/train/fake_train_01087.jpg,fake/train/fake_train_01087.jpg,fake_train_01087.jpg,fake,1,train,6e4340e81f58af349afb084088f6279efd860a9e99115814d033129c60c53e37,,1087,0.0,SUCCESS,ba43ec491c4a09a90745bc3ae1924ab4e787afb4e2c6ed24645abc65e47db403,218.0,49.0,34.21298844,0.09375
/content/drive/MyDrive/AISC DeepFake Çalışmaları/Deneyler/Nazlıcan/Deney 1/Kaş/fake/train/fake_train_01089.jpg,fake/train/fake_train_01089.jpg,fake_train_01089.jpg,fake,1,train,2343d62f3369bf667db4e4be4fdba55b284310ca9eabd8f83f813e6dd6984c2d,,1089,0.0,SUCCESS,6a0e00298eecb95a1a570ee6023a96e218a9fd75bdb41685e72578d56451bb7c,99.0,21.0,220.9397227,0.09375
/content/drive/MyDrive/AISC DeepFake Çalışmaları/Deneyler/Nazlıcan/Deney 1/Kaş/fake/train/fake_train_01091.jpg,fake/train/fake_train_01091.jpg,fake_train_01091.jpg,fake,1,train,bf0275e3364625aac33afa3b980e51c4facb22ae5846e45d8cdd76e4834e268e,,1091,0.0,SUCCESS,8782c98bb3640b00c4ed0e5c0efecad3cc53bb5d5c522af0b5e917294012288e,101.0,21.0,109.14582204,0.21875
/content/drive/MyDrive/AISC DeepFake Çalışmaları/Deneyler/Nazlıcan/Deney 1/Kaş/fake/train/fake_train_01092.jpg,fake/train/fake_train_01092.jpg,fake_train_01092.jpg,fake,1,train,966bc267c6f2a5537eb16a11c0ce30c83192a9b1b8d360fc99cb457084b45fb0,,1092,0.0,SUCCESS,c3f8d182828857c31a11670e3014ffeba068605c415743b7c8928a20ba76cbb7,131.0,37.0,77.8153374,0.09375
/content/drive/MyDrive/AISC DeepFake Çalışmaları/Deneyler/Nazlıcan/Deney 1/Kaş/fake/train/fake_train_01093.jpg,fake/train/fake_train_01093.jpg,fake_train_01093.jpg,fake,1,train,f766671851e498208bbeb8d445af9abf807b7bb7807991736dabd897ee1a724f,,1093,0.0,SUCCESS,9c75bdf687f4a191da9aee214d0856e7c09f8fd57935bfe4360e3f08414fee13,112.0,26.0,92.61065983,0.0
/content/drive/MyDrive/AISC DeepFake Çalışmaları/Deneyler/Nazlıcan/Deney 1/Kaş/fake/train/fake_train_01094.jpg,fake/train/fake_train_01094.jpg,fake_train_01094.jpg,fake,1,train,4f33aa7930990cebf1a9ca6091775730fa278dbaac66433f5b1dc6b37b10797d,,1094,0.0,SUCCESS,26799d4550ea6634d35e20afb45e2149e7e1983a62d61d84ddddd0ac17f4ed9e,75.0,15.0,633.81053156,0.21875
/content/drive/MyDrive/AISC DeepFake Çalışmaları/Deneyler/Nazlıcan/Deney 1/Kaş/fake/train/fake_train_01099.jpg,fake/train/fake_train_01099.jpg,fake_train_01099.jpg,fake,1,train,bd54b2ddf045930853e8003cd8b24b5cae5a1888b2c0391359b991cdd8dc5c59,,1099,0.0,SUCCESS,070c4e09d6d7c8329fd77e94e92495ce6a1b19416eb567bf08a673fc88db2c36,136.0,44.0,89.27354739,0.09375
/content/drive/MyDrive/AISC DeepFake Çalışmaları/Deneyler/Nazlıcan/Deney 1/Kaş/fake/train/fake_train_01100.jpg,fake/train/fake_train_01100.jpg,fake_train_01100.jpg,fake,1,train,d0050cc9d910d7e279c7f92967120247b66cc0f656d04db6513343df0cd2613d,,1100,0.0,SUCCESS,eca7a40fac82fd02d41aac776a3ef219ef3992292b3342f88eb8d8eb01f4b75f,97.0,27.0,123.63797584,0.125
/content/drive/MyDrive/AISC DeepFake Çalışmaları/Deneyler/Nazlıcan/Deney 1/Kaş/fake/train/fake_train_01103.jpg,fake/train/fake_train_01103.jpg,fake_train_01103.jpg,fake,1,train,a3cf7f0296ebd914b41b551fd282d3bf14aba0ba2b8fe3755e505a775c807667,,1103,0.0,SUCCESS,eefc44d4d897e393176ae9ef49ba5484e29bb282d1c7ae822a2694c369ddd5a2,196.0,57.0,6.23726881,0.0
/content/drive/MyDrive/AISC DeepFake Çalışmaları/Deneyler/Nazlıcan/Deney 1/Kaş/fake/train/fake_train_01106.jpg,fake/train/fake_train_01106.jpg,fake_train_01106.jpg,fake,1,train,a889c72b9d01bc36473c132b86ee56ed3e939763dce526800e0e8eba4b902890,,1106,0.0,SUCCESS,edfc344c43f19a9dffa5512ab344c932c673780b820e141b638eaa2f9c709b39,252.0,60.0,10.77114197,0.0
/content/drive/MyDrive/AISC DeepFake Çalışmaları/Deneyler/Nazlıcan/Deney 1/Kaş/fake/train/fake_train_01108.jpg,fake/train/fake_train_01108.jpg,fake_train_01108.jpg,fake,1,train,70af8103cd510f55b3bbe631021b204e1601fabbae5625a7dc84e32e57c9fe1a,,1108,0.0,SUCCESS,5c9a7084d1b3b4738bb857cd28b9f12bcd909bbe12e13539d0afc7dd42c3af6b,199.0,58.0,39.25158805,0.09375
/content/drive/MyDrive/AISC DeepFake Çalışmaları/Deneyler/Nazlıcan/Deney 1/Kaş/fake/train/fake_train_01109.jpg,fake/train/fake_train_01109.jpg,fake_train_01109.jpg,fake,1,train,378f3f150955cc08c17f2979c31f535b3974b9c95a0ae70c5706985c805dc19f,,1109,0.0,SUCCESS,71a51ff41b04390d273c5f69bcdb38a183c41b204e5af355525416f12eefd047,74.0,18.0,180.62453444,0.0625
/content/drive/MyDrive/AISC DeepFake Çalışmaları/Deneyler/Nazlıcan/Deney 1/Kaş/fake/train/fake_train_01110.jpg,fake/train/fake_train_01110.jpg,fake_train_01110.jpg,fake,1,train,a041207050ab6c9408ee1c57e21bccf1ccb9fa04f804032b948ed734bd9f680d,,1110,0.0,SUCCESS,69948422d9afb77dd0e1a447a6cc529ea0474f1ec8f9d4bb89b4412c64937fb1,92.0,22.0,1215.00782605,0.03125
/content/drive/MyDrive/AISC DeepFake Çalışmaları/Deneyler/Nazlıcan/Deney 1/Kaş/fake/train/fake_train_01111.jpg,fake/train/fake_train_01111.jpg,fake_train_01111.jpg,fake,1,train,23cd92c3030516d22f0acb07e2ff24cfb7530e98815b642228e06e3c4b5e4683,,1111,0.0,SUCCESS,ab22c8417253461b5f147398fab153b7f26dc5ce00c6bf30a8ecfbe0e6e10def,107.0,31.0,243.04066307,0.09375
/content/drive/MyDrive/AISC DeepFake Çalışmaları/Deneyler/Nazlıcan/Deney 1/Kaş/fake/train/fake_train_01113.jpg,fake/train/fake_train_01113.jpg,fake_train_01113.jpg,fake,1,train,b5120c361b78bdd9691298fff59c806f40738ff7ae06d9340f77352ccc764861,,1113,0.0,SUCCESS,44c1fe32cf17828d890e3e758473df32bf8dca4f4a4337dd4660046d027c434e,182.0,41.0,56.89751904,0.0
/content/drive/MyDrive/AISC DeepFake Çalışmaları/Deneyler/Nazlıcan/Deney 1/Kaş/fake/train/fake_train_01115.jpg,fake/train/fake_train_01115.jpg,fake_train_01115.jpg,fake,1,train,5e5bbfaa4fb9843a2551cc7a4255542c031b86cef81c29af5983d90bae224f82,,1115,0.0,SUCCESS,e8975b472329867f8662013de5a9606039f04b9c99adbd2a4b3e38db85510f2c,211.0,50.0,21.8074816,0.0
/content/drive/MyDrive/AISC DeepFake Çalışmaları/Deneyler/Nazlıcan/Deney 1/Kaş/fake/train/fake_train_01116.jpg,fake/train/fake_train_01116.jpg,fake_train_01116.jpg,fake,1,train,0c1e57f9a088d7b5ca155a9d89ae42ede4ef1548237a1b0156d37f32ee4f17c4,,1116,0.0,SUCCESS,dc4413be00c22fe168123dcbefd3633ecda5e2267b20949f6e5b646889c02e0d,123.0,29.0,66.60921183,0.0
/content/drive/MyDrive/AISC DeepFake Çalışmaları/Deneyler/Nazlıcan/Deney 1/Kaş/fake/train/fake_train_01117.jpg,fake/train/fake_train_01117.jpg,fake_train_01117.jpg,fake,1,train,783b4ee7ac259b6a3719487e8955d3977d7969e45e33c433b31f814b67edfdce,,1117,0.0,SUCCESS,1ed7358304369927124df8ede2a77c2c158bfd61b7e1806c3fb11ec308ab8d4c,259.0,54.0,15.06923964,0.03125
/content/drive/MyDrive/AISC DeepFake Çalışmaları/Deneyler/Nazlıcan/Deney 1/Kaş/fake/train/fake_train_01120.jpg,fake/train/fake_train_01120.jpg,fake_train_01120.jpg,fake,1,train,d214ef44114be779b029d46ed131add7621e53a15acd37ed12d22036d5d9435f,,1120,0.0,SUCCESS,51a45a9bc785b6a23952f5d026756af0e014d5c59fa5a82ce2a7bf3f7e551486,85.0,27.0,83.85416131,0.09375
/content/drive/MyDrive/AISC DeepFake Çalışmaları/Deneyler/Nazlıcan/Deney 1/Kaş/fake/train/fake_train_01121.jpg,fake/train/fake_train_01121.jpg,fake_train_01121.jpg,fake,1,train,3b386f5e4851b2bfbaccdd7bb6b57467a5656fa2ac0eb560058b413e360aea95,,1121,0.0,SUCCESS,c48bf7c2164370ed4270b234e409fc52e591f3abd103731af73ec4448e7758ff,211.0,63.0,40.91459135,0.0
/content/drive/MyDrive/AISC DeepFake Çalışmaları/Deneyler/Nazlıcan/Deney 1/Kaş/fake/train/fake_train_01122.jpg,fake/train/fake_train_01122.jpg,fake_train_01122.jpg,fake,1,train,5575f0238663d28ad11ab15b2d1f522a10a665a19bcaea2c35d9cdc79ef56800,,1122,0.0,SUCCESS,c10869bffe0359c1f3ec323041c0b0199afc1eed17f2442f63eed338044cf177,82.0,18.0,476.04806947,0.0
/content/drive/MyDrive/AISC DeepFake Çalışmaları/Deneyler/Nazlıcan/Deney 1/Kaş/fake/train/fake_train_01123.jpg,fake/train/fake_train_01123.jpg,fake_train_01123.jpg,fake,1,train,77052bd76501760b82e4efae5365641d0098b2bd7022d3df16682bac87376bd3,,1123,0.0,SUCCESS,d55933b0d31dd223070a6009a7abb1e640bb500517c48abcbe0c9241a6e51332,292.0,84.0,31.41449773,0.0625
/content/drive/MyDrive/AISC DeepFake Çalışmaları/Deneyler/Nazlıcan/Deney 1/Kaş/fake/train/fake_train_01124.jpg,fake/train/fake_train_01124.jpg,fake_train_01124.jpg,fake,1,train,b337a6e06c579327ec3ea42a8cdb052dba9748bd33c8a21eaca68faa425e0a46,,1124,0.0,SUCCESS,6cce30daace9f31d5fcc32d7b534849ea5d5faffe6a9f014d89aad13de6000d0,114.0,23.0,76.37759081,0.0
/content/drive/MyDrive/AISC DeepFake Çalışmaları/Deneyler/Nazlıcan/Deney 1/Kaş/fake/train/fake_train_01126.jpg,fake/train/fake_train_01126.jpg,fake_train_01126.jpg,fake,1,train,d59c6ef84e6c8994d12f180a6addbd6eceb9967a2f1ca365d655035f550a0ac4,,1126,0.0,SUCCESS,d9f4888cab9067e4ac0949054c9d677f23a5b932da5c32088cf7ca7a26f89d99,134.0,29.0,51.56892857,0.0
/content/drive/MyDrive/AISC DeepFake Çalışmaları/Deneyler/Nazlıcan/Deney 1/Kaş/fake/train/fake_train_01128.jpg,fake/train/fake_train_01128.jpg,fake_train_01128.jpg,fake,1,train,bd380f195ef529e5fab3fd14873cdf8e46f33592b2a674fa602580191c4aa337,,1128,0.0,SUCCESS,4ad8592b2de2c89ed5b24d09bf5bcd2c9bc2a5f703b53e9f754dc98892d7394f,122.0,25.0,23.17967385,0.0
/content/drive/MyDrive/AISC DeepFake Çalışmaları/Deneyler/Nazlıcan/Deney 1/Kaş/fake/train/fake_train_01129.jpg,fake/train/fake_train_01129.jpg,fake_train_01129.jpg,fake,1,train,2708f7f09ad70483187ae1e5f84a56e9437a89fd7c4e6ffc3ba4ba7cca634133,,1129,0.0,SUCCESS,2d8347b0037d6cd7bb1f8e68720ab188e7d122175bc33a64ef6e4e52c2f6e6bf,73.0,15.0,140.10707366,0.0
/content/drive/MyDrive/AISC DeepFake Çalışmaları/Deneyler/Nazlıcan/Deney 1/Kaş/fake/train/fake_train_01131.jpg,fake/train/fake_train_01131.jpg,fake_train_01131.jpg,fake,1,train,413823df0281b485c088cb27d8b0fb523f1aa4b369d947b7c336f34563f1148f,,1131,0.0,SUCCESS,0fde447fa243c38685fe6f5ecce61d4dc5d620217c7fa2800f041f846bb02022,89.0,19.0,377.57944186,0.0625
/content/drive/MyDrive/AISC DeepFake Çalışmaları/Deneyler/Nazlıcan/Deney 1/Kaş/fake/train/fake_train_01132.jpg,fake/train/fake_train_01132.jpg,fake_train_01132.jpg,fake,1,train,3d0ad3b3d42c29cbdc789fa4acc03f26cd24c9c2d85ba1cc4abe1b14affe8119,,1132,0.0,SUCCESS,07e00c7a4dbad8699e88d211a14ca5d5cc0f9dd96a65b1c8c6494d3108794228,85.0,22.0,87.90721496,0.09375
/content/drive/MyDrive/AISC DeepFake Çalışmaları/Deneyler/Nazlıcan/Deney 1/Kaş/fake/train/fake_train_01134.jpg,fake/train/fake_train_01134.jpg,fake_train_01134.jpg,fake,1,train,3bb741f211fcf02be62a2f022baf62695eda508a89e83ab8fe670b29cc5fae94,,1134,0.0,SUCCESS,5d92b4cb9c91e3ced9ee18ce1da6ba6d2222eef25d9cb78c330242581d530e0b,270.0,54.0,12.97250993,0.0
/content/drive/MyDrive/AISC DeepFake Çalışmaları/Deneyler/Nazlıcan/Deney 1/Kaş/fake/train/fake_train_01135.jpg,fake/train/fake_train_01135.jpg,fake_train_01135.jpg,fake,1,train,c7576e54658d3608406b6021c890520005d84e9e18d4199530251746d172805a,,1135,0.0,SUCCESS,c110407ac0d3d3a8811bbbe4e8d9c08024e6123d87934d2da1ce78e93b62c408,130.0,32.0,60.97316915,0.0625
/content/drive/MyDrive/AISC DeepFake Çalışmaları/Deneyler/Nazlıcan/Deney 1/Kaş/fake/train/fake_train_01140.jpg,fake/train/fake_train_01140.jpg,fake_train_01140.jpg,fake,1,train,1d7389e4232a4d4d32389a208f9673c293d906e026c22c68907ada0fc982bed9,,1140,0.0,SUCCESS,d5bf1650fac1686f7264da40c6612c203a03cfb26b1fbbc44504fdfb343e5ccb,302.0,69.0,79.3645577,0.09375
/content/drive/MyDrive/AISC DeepFake Çalışmaları/Deneyler/Nazlıcan/Deney 1/Kaş/fake/train/fake_train_01141.jpg,fake/train/fake_train_01141.jpg,fake_train_01141.jpg,fake,1,train,b6205566c8111c5ca57328f64b1f0c6037e52b0afbd9c1f74023c170df6c6ce0,,1141,0.0,SUCCESS,8364b45f50057360a9c64ae25a9f648ea12e9ac26f46bb60153fc16008c51de1,208.0,58.0,9.40941193,0.09375
/content/drive/MyDrive/AISC DeepFake Çalışmaları/Deneyler/Nazlıcan/Deney 1/Kaş/fake/train/fake_train_01142.jpg,fake/train/fake_train_01142.jpg,fake_train_01142.jpg,fake,1,train,a16bd4d35479fbf012ca21f2d198f395b6c343275df773c73d024d5e3f0e17f5,,1142,0.0,SUCCESS,0071c258cf7896b9ffab276484125482d2a94ed6247e4a785376ecf80c908d62,416.0,105.0,8.37995678,0.0
/content/drive/MyDrive/AISC DeepFake Çalışmaları/Deneyler/Nazlıcan/Deney 1/Kaş/fake/train/fake_train_01146.jpg,fake/train/fake_train_01146.jpg,fake_train_01146.jpg,fake,1,train,c82c36dba3247f4b827b3030a9af0b05f23bc26a19b7f486c5d83514ba4575ef,,1146,0.0,SUCCESS,3ac5a3556da11a8a47b6442536ef1feaea7842debbc006fa82b05cc2a76dc726,96.0,23.0,21.39680477,0.09375
/content/drive/MyDrive/AISC DeepFake Çalışmaları/Deneyler/Nazlıcan/Deney 1/Kaş/fake/train/fake_train_01147.jpg,fake/train/fake_train_01147.jpg,fake_train_01147.jpg,fake,1,train,e5d5fbfe23e5cc5f924025a7636bfbcdd0a74edbe0646bf461fdff5b93bd4a0e,,1147,0.0,SUCCESS,79f8c54ac700b5b24749cb1514c80afd7684077ede9fa3f41d12a1ddea6a054c,68.0,18.0,289.49653912,0.0
/content/drive/MyDrive/AISC DeepFake Çalışmaları/Deneyler/Nazlıcan/Deney 1/Kaş/fake/train/fake_train_01148.jpg,fake/train/fake_train_01148.jpg,fake_train_01148.jpg,fake,1,train,59996d69dd5831cd7d86cda628273f4c2a56575c8e94775076c82fc0c824011a,,1148,0.0,SUCCESS,7ff2fed425fba0be88ef40ecce82fe9d38028b6864b10fb91b3a49113ee56cf2,155.0,37.0,88.24440678,0.03125
/content/drive/MyDrive/AISC DeepFake Çalışmaları/Deneyler/Nazlıcan/Deney 1/Kaş/fake/train/fake_train_01149.jpg,fake/train/fake_train_01149.jpg,fake_train_01149.jpg,fake,1,train,322468584493225e920d8730f34ba705dfd09e8d5bec9cf3f6eda94d4a474365,,1149,0.0,SUCCESS,24c00b3435be57732ca5822a76e3d2796c45fe3972582136687a74f99f3201ba,131.0,27.0,24.57367341,0.0
/content/drive/MyDrive/AISC DeepFake Çalışmaları/Deneyler/Nazlıcan/Deney 1/Kaş/fake/train/fake_train_01150.jpg,fake/train/fake_train_01150.jpg,fake_train_01150.jpg,fake,1,train,a1683ab4a30858741aa12fa12253739db1301c00a300e294b71476d5c51de46b,,1150,0.0,SUCCESS,789ad867cca3baf2893659eea3606ec1dc8e25078c3e520a83b954a396c1253b,128.0,26.0,64.02857881,0.0
/content/drive/MyDrive/AISC DeepFake Çalışmaları/Deneyler/Nazlıcan/Deney 1/Kaş/fake/train/fake_train_01151.jpg,fake/train/fake_train_01151.jpg,fake_train_01151.jpg,fake,1,train,4f82c6f1c3dab6105d781647f27b077a3cb61be8e89d0610e836151d6306fa48,,1151,0.0,SUCCESS,6b289d0117efacf3423a1d84579f1a93c61b3a94c9f14582156bf02f793e9c1b,80.0,17.0,258.05672794,0.0
/content/drive/MyDrive/AISC DeepFake Çalışmaları/Deneyler/Nazlıcan/Deney 1/Kaş/fake/train/fake_train_01152.jpg,fake/train/fake_train_01152.jpg,fake_train_01152.jpg,fake,1,train,3a00e6634f74d6947f00d16e7c595aeed4ddbbe54c1ff256ddcb126afc3884fc,,1152,0.0,SUCCESS,a9af0ed272864b523157296fc8a340eedec9487d64bc655c4dc0fb8a9620060f,131.0,28.0,108.99862378,0.0
/content/drive/MyDrive/AISC DeepFake Çalışmaları/Deneyler/Nazlıcan/Deney 1/Kaş/fake/train/fake_train_01154.jpg,fake/train/fake_train_01154.jpg,fake_train_01154.jpg,fake,1,train,6221b8727cef7dfa1b36d6e228adc6eb87d214a0708380f0ed98d970adb3861a,,1154,0.0,SUCCESS,14a09c84bbd7ec66fb1d09462ff958b7e05ac35fcd9204f039a9a870c95d7005,134.0,27.0,34.60990094,0.0
/content/drive/MyDrive/AISC DeepFake Çalışmaları/Deneyler/Nazlıcan/Deney 1/Kaş/fake/train/fake_train_01155.jpg,fake/train/fake_train_01155.jpg,fake_train_01155.jpg,fake,1,train,b7cac79920ace542268049e38310a871344a9c5e5f02d906c72878e09e293b5c,,1155,0.0,SUCCESS,d7fb011309070fca32dc6daa108aaeeabd81d37ec6ccc5a8827445febda3059b,204.0,47.0,22.84014683,0.0
/content/drive/MyDrive/AISC DeepFake Çalışmaları/Deneyler/Nazlıcan/Deney 1/Kaş/fake/train/fake_train_01156.jpg,fake/train/fake_train_01156.jpg,fake_train_01156.jpg,fake,1,train,a174b40ddbdcebdf9d0db20c06608414655c459bd5149f5eeba1bb5767b7d425,,1156,0.0,SUCCESS,9f8833652823bd4f4cff00833817bcfbe15e6e0c76fce1ac6de8044329fcb70b,92.0,27.0,73.93991627,0.21875
/content/drive/MyDrive/AISC DeepFake Çalışmaları/Deneyler/Nazlıcan/Deney 1/Kaş/fake/train/fake_train_01157.jpg,fake/train/fake_train_01157.jpg,fake_train_01157.jpg,fake,1,train,aff5fa316997edbf7b7a69a6f0eaee585aabd1a72ee54656b9bdd475fedd0068,,1157,0.0,SUCCESS,539d1630f55a433aadaca175fb2731a2d4d315c2eac8438845d64be25d273135,287.0,71.0,35.9289506,0.0
/content/drive/MyDrive/AISC DeepFake Çalışmaları/Deneyler/Nazlıcan/Deney 1/Kaş/fake/train/fake_train_01158.jpg,fake/train/fake_train_01158.jpg,fake_train_01158.jpg,fake,1,train,92b2de40d94c02afd64aab4685b749eea778d23042345587cecdfa9eef2f03f5,,1158,0.0,SUCCESS,24655c9acaed54e3c6bc9058dcc3a2be87899f10a9339f6e9a074f72680da8f9,82.0,16.0,130.06300135,0.0
/content/drive/MyDrive/AISC DeepFake Çalışmaları/Deneyler/Nazlıcan/Deney 1/Kaş/fake/train/fake_train_01161.jpg,fake/train/fake_train_01161.jpg,fake_train_01161.jpg,fake,1,train,8aaf021f42a1f20c9359b3aa46fd61e1ecfdf79625fba3df26eb4e7906c996b3,,1161,0.0,SUCCESS,0fd19ed7b03dba1e5bb07adc5fde4cb4d0681de4cbf86d075a35eb0ad4b6cf00,108.0,34.0,51.54336176,0.125
/content/drive/MyDrive/AISC DeepFake Çalışmaları/Deneyler/Nazlıcan/Deney 1/Kaş/fake/train/fake_train_01162.jpg,fake/train/fake_train_01162.jpg,fake_train_01162.jpg,fake,1,train,88f6637eb77625a31a537317ae34a6f8a79cf48d82602e6253f1e71907435f3e,,1162,0.0,SUCCESS,77d4b746b6e3af3efd05a1c4d726a22d5095e253e2936ac893fff525d564572d,191.0,39.0,27.1299116,0.0
/content/drive/MyDrive/AISC DeepFake Çalışmaları/Deneyler/Nazlıcan/Deney 1/Kaş/fake/train/fake_train_01164.jpg,fake/train/fake_train_01164.jpg,fake_train_01164.jpg,fake,1,train,6a571eee4123f1e740b237cceedde47757f92b8e7d86722d55047812035239d4,,1164,0.0,SUCCESS,1cb6faec5f6ffae254036466ef079de077e56a39ef87cbe97379b3d7b9598d46,52.0,14.0,353.06782846,0.03125
/content/drive/MyDrive/AISC DeepFake Çalışmaları/Deneyler/Nazlıcan/Deney 1/Kaş/fake/train/fake_train_01167.jpg,fake/train/fake_train_01167.jpg,fake_train_01167.jpg,fake,1,train,b863b4d91da9d7e99095bf60eee301773e018456ba93cf19b1e03399590a0e4c,,1167,0.0,SUCCESS,4d682e2b799bf99772048892550557c55e9390b1a5318a72a5da1a7a50679a31,83.0,19.0,701.765473,0.09375
/content/drive/MyDrive/AISC DeepFake Çalışmaları/Deneyler/Nazlıcan/Deney 1/Kaş/fake/train/fake_train_01168.jpg,fake/train/fake_train_01168.jpg,fake_train_01168.jpg,fake,1,train,14042f25d91715b8918e43a6668342b977d8ce497ea164da5f4db5ca8e1c2933,,1168,0.0,SUCCESS,1e8e11b6f818159056317cbb320b919e025128e0017e68e5c97e007c61ef31fc,304.0,56.0,5.08473119,0.0
/content/drive/MyDrive/AISC DeepFake Çalışmaları/Deneyler/Nazlıcan/Deney 1/Kaş/fake/train/fake_train_01169.jpg,fake/train/fake_train_01169.jpg,fake_train_01169.jpg,fake,1,train,c5365f94e8cd23e97093794cef0c31c76af48f6993c744ac9187bf60ff6f4df8,,1169,0.0,SUCCESS,2cc367b6cfd367b3ea57c108ac6e9e4e589fb366d96a7eb6175a80ff83079a18,168.0,37.0,36.76933481,0.0
/content/drive/MyDrive/AISC DeepFake Çalışmaları/Deneyler/Nazlıcan/Deney 1/Kaş/fake/train/fake_train_01171.jpg,fake/train/fake_train_01171.jpg,fake_train_01171.jpg,fake,1,train,b32aaccb616d9c4ff26249b475290122548cdbd2d7fa9890e29076d86ada21ba,,1171,0.0,SUCCESS,b19744270d2e29b4c9bcb1947d6fadd5bd3389c33d614810689efc66a13bfcfc,200.0,39.0,33.17918711,0.03125
/content/drive/MyDrive/AISC DeepFake Çalışmaları/Deneyler/Nazlıcan/Deney 1/Kaş/fake/train/fake_train_01172.jpg,fake/train/fake_train_01172.jpg,fake_train_01172.jpg,fake,1,train,0a14925198bf9d29b5673bd062dcf4e4883bafc42a8f1ff75ea3d4d1e1e3323e,,1172,0.0,SUCCESS,72569ff2b8464837747e9dd74cba64dc14e2ceebd6a14e8817821c594a12e65b,78.0,20.0,122.57989974,0.0625
/content/drive/MyDrive/AISC DeepFake Çalışmaları/Deneyler/Nazlıcan/Deney 1/Kaş/fake/train/fake_train_01173.jpg,fake/train/fake_train_01173.jpg,fake_train_01173.jpg,fake,1,train,a8ca49d8a188a38e289ff7e8b6045389ce3da8eca70a634ca8f5cea9d1d938b5,,1173,0.0,SUCCESS,6e8243e32331939d126fc4947308adc854c3422bad7507e1f43cb4e7c3f5c727,202.0,43.0,14.23223129,0.0
/content/drive/MyDrive/AISC DeepFake Çalışmaları/Deneyler/Nazlıcan/Deney 1/Kaş/fake/train/fake_train_01175.jpg,fake/train/fake_train_01175.jpg,fake_train_01175.jpg,fake,1,train,5e9d197e40858c65952c0eb4cd585b7eb0514995720c1530841dc6c5a16c69fa,,1175,0.0,SUCCESS,958d84ad424dc3401f48ae94e63cecb764d15f44013bf47899a112d267dd52e1,182.0,55.0,36.28390167,0.125
/content/drive/MyDrive/AISC DeepFake Çalışmaları/Deneyler/Nazlıcan/Deney 1/Kaş/fake/train/fake_train_01176.jpg,fake/train/fake_train_01176.jpg,fake_train_01176.jpg,fake,1,train,15de14dc03bfedb1c602c3b5925631d44e02ce4f58774939c424c4b3bd0d2378,,1176,0.0,SUCCESS,cd0b6a6afa891a7e1d4ce708d5261e33f5aeb93e83c7af499bbc2a016eb63778,74.0,14.0,504.41805057,0.0
/content/drive/MyDrive/AISC DeepFake Çalışmaları/Deneyler/Nazlıcan/Deney 1/Kaş/fake/train/fake_train_01179.jpg,fake/train/fake_train_01179.jpg,fake_train_01179.jpg,fake,1,train,621ee62b1413a68638bb4dc1e7938dc8cf529ad3347fabb4064e71de4203c777,,1179,0.0,SUCCESS,0e748eacdc8990d2e854ac5b4d34b7255dd4720c18116a5cba6aadbf6dddb2e4,130.0,29.0,29.88745154,0.09375
/content/drive/MyDrive/AISC DeepFake Çalışmaları/Deneyler/Nazlıcan/Deney 1/Kaş/fake/train/fake_train_01181.jpg,fake/train/fake_train_01181.jpg,fake_train_01181.jpg,fake,1,train,ac27ac81714e94af3b55afe882f538b27f9ca4abcb56d44f4668f26778fec115,,1181,0.0,SUCCESS,2aacb5974b783224aa0705edf8aae3d7692cae53d4008765c1e6f95a84369bd7,175.0,43.0,29.67929968,0.0
/content/drive/MyDrive/AISC DeepFake Çalışmaları/Deneyler/Nazlıcan/Deney 1/Kaş/fake/train/fake_train_01182.jpg,fake/train/fake_train_01182.jpg,fake_train_01182.jpg,fake,1,train,852bb163147d2f0d3d91e8d04790263d73cef301084de6f9abf51c5a37735afd,,1182,0.0,SUCCESS,80e1d00dff6324b3f98efef76ce224a849d069ea3e507f68dd7a76783f152163,99.0,19.0,210.5937186,0.0
/content/drive/MyDrive/AISC DeepFake Çalışmaları/Deneyler/Nazlıcan/Deney 1/Kaş/fake/train/fake_train_01183.jpg,fake/train/fake_train_01183.jpg,fake_train_01183.jpg,fake,1,train,31591cb1cd77e4faf65c4e4ca2969cb965e7ce156531340af706e4ce0cfcee75,,1183,0.0,SUCCESS,af59d375906e0d83974d944a6828062c28588cf760ec6f64b0cd25cf41a1d0be,189.0,54.0,83.92257755,0.0
/content/drive/MyDrive/AISC DeepFake Çalışmaları/Deneyler/Nazlıcan/Deney 1/Kaş/fake/train/fake_train_01184.jpg,fake/train/fake_train_01184.jpg,fake_train_01184.jpg,fake,1,train,f41c65b00f3c163bb82f738dcff3a742ad67e750d2aea17e786a22b1b69ac330,,1184,0.0,SUCCESS,739820c888874e77d9d321fa60e26de9292e5d5661dd86ba4c202a3661ab0dd3,158.0,36.0,18.15106268,0.0
/content/drive/MyDrive/AISC DeepFake Çalışmaları/Deneyler/Nazlıcan/Deney 1/Kaş/fake/train/fake_train_01185.jpg,fake/train/fake_train_01185.jpg,fake_train_01185.jpg,fake,1,train,61660573c637d4de1676a056016f2b038976d524c4d789163617c88b14c1a543,,1185,0.0,SUCCESS,335a1dbb33d117aab2ed9192edc6cbc7f7564644187166d52adebfd12ce1990d,129.0,27.0,67.41782048,0.0
/content/drive/MyDrive/AISC DeepFake Çalışmaları/Deneyler/Nazlıcan/Deney 1/Kaş/fake/train/fake_train_01186.jpg,fake/train/fake_train_01186.jpg,fake_train_01186.jpg,fake,1,train,632476da068cd62512808de91bce77edb5843ca064e68415526e93ff453977a6,,1186,0.0,SUCCESS,370fe7cd9edc8b622f339b29be925d065839b3cc6151c344267916d896666dbb,165.0,47.0,44.40881366,0.0
/content/drive/MyDrive/AISC DeepFake Çalışmaları/Deneyler/Nazlıcan/Deney 1/Kaş/fake/train/fake_train_01188.jpg,fake/train/fake_train_01188.jpg,fake_train_01188.jpg,fake,1,train,3a09da84212fd15975c87f5d5e0ab977ce8727fe6de22e2334d27ffd87dac45e,,1188,0.0,SUCCESS,1e429deebe915fcacd08827a9edcc9f0acd55f8d0dabd7c9a12d7796c6a26db9,174.0,35.0,53.51890361,0.09375
/content/drive/MyDrive/AISC DeepFake Çalışmaları/Deneyler/Nazlıcan/Deney 1/Kaş/fake/train/fake_train_01189.jpg,fake/train/fake_train_01189.jpg,fake_train_01189.jpg,fake,1,train,c3e78031269f2980e93353454163c679fe7778771745243c5985804e6f547364,,1189,0.0,SUCCESS,1be652f57c83385913ec3238ba0516300bb2729f99ae2d97f6cde4f5dc3ea284,116.0,24.0,26.21770906,0.0
/content/drive/MyDrive/AISC DeepFake Çalışmaları/Deneyler/Nazlıcan/Deney 1/Kaş/fake/train/fake_train_01191.jpg,fake/train/fake_train_01191.jpg,fake_train_01191.jpg,fake,1,train,08bec9d13415d4bf3a28d482435d4299a2f3642d3a2b0d6b1831c67483741e98,,1191,0.0,SUCCESS,351bffbdb8e4f3e3b52bfcaf678f3d48401f2812a914d7b9fc0df1fcb62ba2c5,451.0,112.0,25.21822049,0.0625
/content/drive/MyDrive/AISC DeepFake Çalışmaları/Deneyler/Nazlıcan/Deney 1/Kaş/fake/train/fake_train_01192.jpg,fake/train/fake_train_01192.jpg,fake_train_01192.jpg,fake,1,train,548beabaa265235ab2a059e09254415c9fb6e56c79c48af1011827e505b579e5,,1192,0.0,SUCCESS,8af07f85ba3b9880eab8a175a44fc4126ac0bd233a65e4116f677994d1e8b94d,278.0,62.0,11.03060974,0.0
/content/drive/MyDrive/AISC DeepFake Çalışmaları/Deneyler/Nazlıcan/Deney 1/Kaş/fake/train/fake_train_01195.jpg,fake/train/fake_train_01195.jpg,fake_train_01195.jpg,fake,1,train,9048d06335d4017d3e84a54cee2ac8339e5da7ec17aedd76b6c8144e056bacac,,1195,0.0,SUCCESS,50fcb440220236d34d03fbc5fc8963188dc7ecf95966eb4161846bff6cb62822,174.0,48.0,38.39463321,0.09375
/content/drive/MyDrive/AISC DeepFake Çalışmaları/Deneyler/Nazlıcan/Deney 1/Kaş/fake/train/fake_train_01196.jpg,fake/train/fake_train_01196.jpg,fake_train_01196.jpg,fake,1,train,dd6b29856c14b74fe8c38eed45ab2a11de7c4cbe7ee820576713cf05b1bdd753,,1196,0.0,SUCCESS,8886d04bf0e0ba024c1fdc729104fce6fa664e52c52f33a6bd0a4492c20542ca,221.0,59.0,34.49797811,0.0625
/content/drive/MyDrive/AISC DeepFake Çalışmaları/Deneyler/Nazlıcan/Deney 1/Kaş/fake/train/fake_train_01198.jpg,fake/train/fake_train_01198.jpg,fake_train_01198.jpg,fake,1,train,d0b1cded431d18e5b91c9677cc21386c7d729c031446930342af3a2e437caaf8,,1198,0.0,SUCCESS,391982efe54d61ea12d115101dac01cb0a0d506918cfdf8b48316a40cb0510e1,92.0,24.0,174.3765111,0.0
/content/drive/MyDrive/AISC DeepFake Çalışmaları/Deneyler/Nazlıcan/Deney 1/Kaş/fake/train/fake_train_01199.jpg,fake/train/fake_train_01199.jpg,fake_train_01199.jpg,fake,1,train,fc5359d6684d24abdc8b0aed7747177864fd4e9ee1c8a647d03a1e369ac75af1,,1199,0.0,SUCCESS,8dd947e42ca95c5cc83c963e75edc39a86896e47bf87f0ae062de3810f4ef9c7,94.0,25.0,181.48863757,0.09375
/content/drive/MyDrive/AISC DeepFake Çalışmaları/Deneyler/Nazlıcan/Deney 1/Kaş/real/train/real_train_00000.jpg,real/train/real_train_00000.jpg,real_train_00000.jpg,real,0,train,adcd7820acd8e614796bff5e6d6530b79744d99546db1ee4ffd1d6be63017af6,,0,0.0,SUCCESS,2774f079f069c44c6f8f7c5359d85dc4494d32556fa092728fa7ad5e0563fac2,275.0,67.0,15.56540317,0.0
/content/drive/MyDrive/AISC DeepFake Çalışmaları/Deneyler/Nazlıcan/Deney 1/Kaş/real/train/real_train_00001.jpg,real/train/real_train_00001.jpg,real_train_00001.jpg,real,0,train,2e023e9f8eea387e5144185362b4a2453c327771a386e7b513d954818af24e6a,,1,0.0,SUCCESS,86c6c72be0aadb5ffa0cd7bda1a13e06e9c199a80696a85c55e55de52c3cd424,99.0,19.0,191.45927164,0.0
/content/drive/MyDrive/AISC DeepFake Çalışmaları/Deneyler/Nazlıcan/Deney 1/Kaş/real/train/real_train_00002.jpg,real/train/real_train_00002.jpg,real_train_00002.jpg,real,0,train,6101c46f24bc229a684a1ade31466555daa1b6345f5436f8ba9656a9d8c1fe9e,,2,0.0,SUCCESS,607cebb44274fda739b611f2d3560c292d10f232dcb4962754c0baf16f7090bd,275.0,81.0,71.32332144,0.09375
/content/drive/MyDrive/AISC DeepFake Çalışmaları/Deneyler/Nazlıcan/Deney 1/Kaş/real/train/real_train_00004.jpg,real/train/real_train_00004.jpg,real_train_00004.jpg,real,0,train,b9fedd0c1b18128a60bd2da779955a05df73d09d6fa893183f73d8f00898a2c4,,4,0.0,SUCCESS,1ca809254c4a112ee7d1c6b264f252f66b39349053ec2c178920a705fdd55498,135.0,30.0,55.19012596,0.0
/content/drive/MyDrive/AISC DeepFake Çalışmaları/Deneyler/Nazlıcan/Deney 1/Kaş/real/train/real_train_00005.jpg,real/train/real_train_00005.jpg,real_train_00005.jpg,real,0,train,d79248488605bf020dfd05ab7f3ef5acf6511928359183a018ecbf22486db6e8,,5,0.0,SUCCESS,8a36c2c6a301e9ffcb68c1894229bbb8273b4dfcddf59c13f128cb5173cc602d,207.0,38.0,56.89227004,0.125
/content/drive/MyDrive/AISC DeepFake Çalışmaları/Deneyler/Nazlıcan/Deney 1/Kaş/real/train/real_train_00006.jpg,real/train/real_train_00006.jpg,real_train_00006.jpg,real,0,train,e3e1132aadc64feb4aba41b3a267ed3f9eef0f52243fab9c0b46c054c7408fc4,,6,0.0,SUCCESS,c6df82430158c3e6e061815cf4c8ceadc0d7fb55bc523e4b999402c38c2f3fda,130.0,24.0,182.60314092,0.0
/content/drive/MyDrive/AISC DeepFake Çalışmaları/Deneyler/Nazlıcan/Deney 1/Kaş/real/train/real_train_00008.jpg,real/train/real_train_00008.jpg,real_train_00008.jpg,real,0,train,90052f75f29540011805d9b864db55f44dfc1e352d7aa602839a7b17785ef1e3,,8,0.0,SUCCESS,eede9a4b355875497d56d3d898afc8cc92d9cabd57c03f569410b0532523f19f,551.0,143.0,3.86388392,0.0
/content/drive/MyDrive/AISC DeepFake Çalışmaları/Deneyler/Nazlıcan/Deney 1/Kaş/real/train/real_train_00010.jpg,real/train/real_train_00010.jpg,real_train_00010.jpg,real,0,train,5d40fa04af83df4ce9017ec115e6b80701f2c8483c27e87a5f1aa7b8a9314eac,,10,0.0,SUCCESS,7169accf835b152876803f96d0fff2853684a38ba89a9e279e7479988e3100ef,113.0,23.0,152.3243231,0.09375
/content/drive/MyDrive/AISC DeepFake Çalışmaları/Deneyler/Nazlıcan/Deney 1/Kaş/real/train/real_train_00012.jpg,real/train/real_train_00012.jpg,real_train_00012.jpg,real,0,train,6811e7bdb22284173d149efe70e1657717e1610dfed290aafaf074999c1c577b,,12,0.0,SUCCESS,7e89ba193f1b32cc7ef583e881fcafa2d88a4b5bf97cab501cbf37eae3075c74,62.0,15.0,432.61699618,0.0
/content/drive/MyDrive/AISC DeepFake Çalışmaları/Deneyler/Nazlıcan/Deney 1/Kaş/real/train/real_train_00013.jpg,real/train/real_train_00013.jpg,real_train_00013.jpg,real,0,train,1d029b47b7aa2057dba12b44cf0a90f5f791d9e4b8589007359a2c9a856b63ab,,13,0.0,SUCCESS,45513a3b35133c631ae5dcab6a988ded3b429db79bf9f0dc373ee07e3e1e94bb,107.0,31.0,155.30995723,0.125
/content/drive/MyDrive/AISC DeepFake Çalışmaları/Deneyler/Nazlıcan/Deney 1/Kaş/real/train/real_train_00016.jpg,real/train/real_train_00016.jpg,real_train_00016.jpg,real,0,train,77a4b2de57ee32b7d5577880c49e9d9d90ded4f577aeda5676e2c728d6e9cc9a,,16,0.0,SUCCESS,9249a2a53b8940911dbce611f4a75eaf27b815ee7e3d6d45aead12573ca18844,287.0,64.0,49.46282681,0.0
/content/drive/MyDrive/AISC DeepFake Çalışmaları/Deneyler/Nazlıcan/Deney 1/Kaş/real/train/real_train_00017.jpg,real/train/real_train_00017.jpg,real_train_00017.jpg,real,0,train,6821d4e3aa586b4fde59a2b6d36754b692dbc7b5eb6047adbb81f49853f100bc,,17,0.0,SUCCESS,01be46bf3cdc64cc6e40f8ef3854c8191be22b4b2be571da8dd1b190aa6e5c51,317.0,69.0,39.7280055,0.0
/content/drive/MyDrive/AISC DeepFake Çalışmaları/Deneyler/Nazlıcan/Deney 1/Kaş/real/train/real_train_00019.jpg,real/train/real_train_00019.jpg,real_train_00019.jpg,real,0,train,08243034b75b9832307cd2f2713340b1dfdd4dc5682c8f6ecfd2bd3f426db196,,19,0.0,SUCCESS,aa40e45a5e040ec587fcc02b984029b2247157b305203a555e5cc1a1bac16805,256.0,67.0,43.80559766,0.0
/content/drive/MyDrive/AISC DeepFake Çalışmaları/Deneyler/Nazlıcan/Deney 1/Kaş/real/train/real_train_00021.jpg,real/train/real_train_00021.jpg,real_train_00021.jpg,real,0,train,ef22a3b32f90ba98c188b6a9587d19711344d4d16be54a9c7946ea7f9e46a09b,,21,0.0,SUCCESS,967a2d7e70ceca82938f55ed8eb584039365173a10e949fda1b8df2e28fe677b,96.0,33.0,43.21269513,0.09375
/content/drive/MyDrive/AISC DeepFake Çalışmaları/Deneyler/Nazlıcan/Deney 1/Kaş/real/train/real_train_00023.jpg,real/train/real_train_00023.jpg,real_train_00023.jpg,real,0,train,f571b1af6c3f19530a74ec32f86378b0339c9cbee6108f386de5e96cc081848a,,23,0.0,SUCCESS,e8ca65884e72b3fdf1ca575ccc602802260f1ad0aa2ee3fec6553da42bc602b2,99.0,28.0,251.43762246,0.0
/content/drive/MyDrive/AISC DeepFake Çalışmaları/Deneyler/Nazlıcan/Deney 1/Kaş/real/train/real_train_00025.jpg,real/train/real_train_00025.jpg,real_train_00025.jpg,real,0,train,6460c8a85b8f785f6050f155dca88f186cb463b78acf9169d8ce8ec64deb7ef8,,25,0.0,SUCCESS,9c2c8eaa9315025898549c05bb1cb5aba8f13ac8ad9ccbba45d8c25d3a1b18f9,168.0,38.0,133.56150457,0.09375
/content/drive/MyDrive/AISC DeepFake Çalışmaları/Deneyler/Nazlıcan/Deney 1/Kaş/real/train/real_train_00027.jpg,real/train/real_train_00027.jpg,real_train_00027.jpg,real,0,train,fa42bf971cf01ef2fb60ea3a3b187512e33bceccdf3f841483ed6a473fcd3e0a,,27,0.0,SUCCESS,4e622be247dea01b7dce1acc0de5dcd55e02490873b80b08a3d24a72b69386b7,131.0,27.0,41.47669569,0.0
/content/drive/MyDrive/AISC DeepFake Çalışmaları/Deneyler/Nazlıcan/Deney 1/Kaş/real/train/real_train_00028.jpg,real/train/real_train_00028.jpg,real_train_00028.jpg,real,0,train,9ad4628531e8117e0546a45095b529b0d86562ff0762a8e0dc5d90792833e39f,,28,0.0,SUCCESS,40b8f9c7d41c6b86f3ab14aff8b84adcbfc7d96556bd72ac7f3524dcae6c007d,91.0,28.0,415.81853515,0.0
/content/drive/MyDrive/AISC DeepFake Çalışmaları/Deneyler/Nazlıcan/Deney 1/Kaş/real/train/real_train_00029.jpg,real/train/real_train_00029.jpg,real_train_00029.jpg,real,0,train,4d4171ba2b79c49909cbac7735ae30c0bc55491c91e194072f613311f91ca215,,29,0.0,SUCCESS,bcc533b33b88573a3053654835f7cf65d1778f56bf9838771388b4bcec8696cb,96.0,21.0,85.86793647,0.0
/content/drive/MyDrive/AISC DeepFake Çalışmaları/Deneyler/Nazlıcan/Deney 1/Kaş/real/train/real_train_00031.jpg,real/train/real_train_00031.jpg,real_train_00031.jpg,real,0,train,146f664bda0ea58f92a81ab025880ca84ae36793791a9773ce67800d42366b2d,,31,0.0,SUCCESS,a197691e8983e0063c828585beb4b8d7515029cb6146af5ced3c54efe2d11882,87.0,26.0,58.3992875,0.0
/content/drive/MyDrive/AISC DeepFake Çalışmaları/Deneyler/Nazlıcan/Deney 1/Kaş/real/train/real_train_00035.jpg,real/train/real_train_00035.jpg,real_train_00035.jpg,real,0,train,c2625a5b99b8511c8deae8f38a57506b5104cef2da1aa884df4106a46ec14fab,,35,0.0,SUCCESS,0f42d7c463c23bbd0622ff6eabf3e1bbdc2dda3095d7eba8ece05fda9d70404e,89.0,19.0,153.7851792,0.0
/content/drive/MyDrive/AISC DeepFake Çalışmaları/Deneyler/Nazlıcan/Deney 1/Kaş/real/train/real_train_00036.jpg,real/train/real_train_00036.jpg,real_train_00036.jpg,real,0,train,7a6ecbb7462187286cfebcb692f9fe21eb64f0884dfdca7a3f53f85326617b8f,,36,0.0,SUCCESS,80b763194646a394dc6c8628087f9d87452d35dbddb8e16015f62720f4338bdc,443.0,99.0,6.57040986,0.0
/content/drive/MyDrive/AISC DeepFake Çalışmaları/Deneyler/Nazlıcan/Deney 1/Kaş/real/train/real_train_00037.jpg,real/train/real_train_00037.jpg,real_train_00037.jpg,real,0,train,c9e3273621928c7fc69cdd1fec966747de030b2806bc0a9404d41c3fab62b31e,,37,0.0,SUCCESS,c1d9f7204c04405e7f4a3bdcca35a8a4c40ef326e5af6e7c5064b4f9c63c88a6,150.0,44.0,36.62109963,0.0
/content/drive/MyDrive/AISC DeepFake Çalışmaları/Deneyler/Nazlıcan/Deney 1/Kaş/real/train/real_train_00040.jpg,real/train/real_train_00040.jpg,real_train_00040.jpg,real,0,train,c479dbb52dd101de6eac9af60a476d592743df664baec70b05c719f1144aeca5,,40,0.0,SUCCESS,e99796f6cfb8faf28b2d21cf6e3afb2d06f71fbbc56a0dcede338877d39d158e,269.0,59.0,16.72027891,0.09375
/content/drive/MyDrive/AISC DeepFake Çalışmaları/Deneyler/Nazlıcan/Deney 1/Kaş/real/train/real_train_00042.jpg,real/train/real_train_00042.jpg,real_train_00042.jpg,real,0,train,4ed9f9a1edc5a7c6dce6275e36ab6f4677d45733930412a80c9adc2630354b75,,42,0.0,SUCCESS,4eef30b39b7521f7ea4c6bac027bbfdd2556f83b03fafec837fe18892623e165,128.0,27.0,60.19017039,0.0
/content/drive/MyDrive/AISC DeepFake Çalışmaları/Deneyler/Nazlıcan/Deney 1/Kaş/real/train/real_train_00043.jpg,real/train/real_train_00043.jpg,real_train_00043.jpg,real,0,train,531ddc5b639e5fcbfb1a7cae9b68c17d33d000732b9113e98ad039a31fc44713,,43,0.0,SUCCESS,8a2df7ca299e823abb98b375493937e31c4d91241e11d30d15e3dc4d154e1ab6,99.0,25.0,111.68818953,0.03125
/content/drive/MyDrive/AISC DeepFake Çalışmaları/Deneyler/Nazlıcan/Deney 1/Kaş/real/train/real_train_00044.jpg,real/train/real_train_00044.jpg,real_train_00044.jpg,real,0,train,35fe00692088bf17ac05cc0cd7fbe9ff312dcac1399fa0ad68b777af1bdf87e2,,44,0.0,SUCCESS,9fff9a7b240308a8d5384d5bdbdd9a753e85556cb96615449bcce4a16c58085f,94.0,23.0,166.76924547,0.09375
/content/drive/MyDrive/AISC DeepFake Çalışmaları/Deneyler/Nazlıcan/Deney 1/Kaş/real/train/real_train_00045.jpg,real/train/real_train_00045.jpg,real_train_00045.jpg,real,0,train,c2541fd0e1708f6b2a5bdc13a60eb4de2617b1698a6c7b6b33e8d3c268c519dc,,45,0.0,SUCCESS,d8e9c7b7e8929300f9016b38da3fb71a99b40d935e3754d23c108a7f17aa7258,87.0,20.0,288.92082805,0.0625
/content/drive/MyDrive/AISC DeepFake Çalışmaları/Deneyler/Nazlıcan/Deney 1/Kaş/real/train/real_train_00046.jpg,real/train/real_train_00046.jpg,real_train_00046.jpg,real,0,train,6b30d7ca35548830073e3261bc08b0732918024d95284282fc0fae19b48a65d7,,46,0.0,SUCCESS,e28ca748ff6f11c57f1cfb48e71da3be43ccac2c3c798d23cfa85aa518223f67,86.0,27.0,264.16018168,0.0625
/content/drive/MyDrive/AISC DeepFake Çalışmaları/Deneyler/Nazlıcan/Deney 1/Kaş/real/train/real_train_00047.jpg,real/train/real_train_00047.jpg,real_train_00047.jpg,real,0,train,9b42ba15a96d0af539bd1732d8a9251043af1a7ec39f371d63be2dc2b4c4ae3d,,47,0.0,SUCCESS,717258607f8a1a53037c8f00c6193dcb28e2406d56e0e6fb1cc87af41f370119,266.0,73.0,13.93692623,0.09375
/content/drive/MyDrive/AISC DeepFake Çalışmaları/Deneyler/Nazlıcan/Deney 1/Kaş/real/train/real_train_00048.jpg,real/train/real_train_00048.jpg,real_train_00048.jpg,real,0,train,86bdbc78d1127923532b2dd85a35dd0b2c008a7cbd473d68f90c4c3ccef395fe,,48,0.0,SUCCESS,9e6b3a0e13211f8090b26be0eb8bfb53a6c378e1173e63a2e1c702dd399ac521,211.0,47.0,14.57783282,0.0
/content/drive/MyDrive/AISC DeepFake Çalışmaları/Deneyler/Nazlıcan/Deney 1/Kaş/real/train/real_train_00050.jpg,real/train/real_train_00050.jpg,real_train_00050.jpg,real,0,train,5d1aa09d7da3d7890c30adf08bb9ee037bf42bd292cc5cf1bf4a16bc9f5e8049,,50,0.0,SUCCESS,68bce04962567d97474118efdbd52a35101372aaf5517abad829b2cf047b981e,64.0,15.0,184.05618056,0.03125
/content/drive/MyDrive/AISC DeepFake Çalışmaları/Deneyler/Nazlıcan/Deney 1/Kaş/real/train/real_train_00051.jpg,real/train/real_train_00051.jpg,real_train_00051.jpg,real,0,train,c145c1759a49bb385153693a63326e2355bf18e5d862cb622a1cf368407aeb81,,51,0.0,SUCCESS,0087e1ec9a4915014d1a4ce2370f079867f8c6892d9e34d22ea715b399e72bef,146.0,38.0,49.62092512,0.0
/content/drive/MyDrive/AISC DeepFake Çalışmaları/Deneyler/Nazlıcan/Deney 1/Kaş/real/train/real_train_00056.jpg,real/train/real_train_00056.jpg,real_train_00056.jpg,real,0,train,f2564793ceea53f0e15a6c39811874c0119d4cc3dc486bb7fd8eec7b2711d5f2,,56,0.0,SUCCESS,5253e1bf4f55dd56498a2b24182dec14ebaaeb42ab4ffafb040f7b78e0147f0c,99.0,31.0,457.37451476,0.09375
/content/drive/MyDrive/AISC DeepFake Çalışmaları/Deneyler/Nazlıcan/Deney 1/Kaş/real/train/real_train_00059.jpg,real/train/real_train_00059.jpg,real_train_00059.jpg,real,0,train,353d148606de960bc3c993606e117845e863728241c8e58967d8bc9f7c972a1e,,59,0.0,SUCCESS,5e3ba99ce37af13c33be32a2649f752659900143166e62d8e56d9ce836f6cc05,93.0,18.0,454.5206657,0.0
/content/drive/MyDrive/AISC DeepFake Çalışmaları/Deneyler/Nazlıcan/Deney 1/Kaş/real/train/real_train_00060.jpg,real/train/real_train_00060.jpg,real_train_00060.jpg,real,0,train,f7936c85840dcb4692ecbdd1822f0bcec1c604d285b83ddbcc6fd3716c3fa3a4,,60,0.0,SUCCESS,3610dab7585bd8271ac39b3838126228be44add82cd4057b25734df037f26a8c,66.0,19.0,1227.85714931,0.03125
/content/drive/MyDrive/AISC DeepFake Çalışmaları/Deneyler/Nazlıcan/Deney 1/Kaş/real/train/real_train_00061.jpg,real/train/real_train_00061.jpg,real_train_00061.jpg,real,0,train,ac0fe8e1d4f9850350c7f70a446e37c01ecfa7d542eb810cfa8c854d557cfc2d,,61,0.0,SUCCESS,a7879ce266f6763ed87a887b9a94da11c3d71ad4cba60c2ce3298f5ae6acd761,92.0,26.0,137.06808299,0.09375
/content/drive/MyDrive/AISC DeepFake Çalışmaları/Deneyler/Nazlıcan/Deney 1/Kaş/real/train/real_train_00062.jpg,real/train/real_train_00062.jpg,real_train_00062.jpg,real,0,train,be3d6de22237043617bd5a0e3306a760343f6c1f25fe3879928dddc4e46b0101,,62,0.0,SUCCESS,87dde2b89bbb27c9c7c1320f7374caa62007e6a0f972025838966f30034ded8e,87.0,15.0,16.33544193,0.0
/content/drive/MyDrive/AISC DeepFake Çalışmaları/Deneyler/Nazlıcan/Deney 1/Kaş/real/train/real_train_00063.jpg,real/train/real_train_00063.jpg,real_train_00063.jpg,real,0,train,cea0005819733197acdf3810e81e097e4c38ee70bff4293208f7f8e3134f5bdc,,63,0.0,SUCCESS,c02f3682f05d70c2ebc62a00f26d7b722c4765d1e5ffbddfad1adde2884f0ccb,73.0,14.0,297.09470035,0.0
/content/drive/MyDrive/AISC DeepFake Çalışmaları/Deneyler/Nazlıcan/Deney 1/Kaş/real/train/real_train_00065.jpg,real/train/real_train_00065.jpg,real_train_00065.jpg,real,0,train,33f0886ee305d3c86788d2edae9f7753e99be23f7fe9ea87256746002dfe4245,,65,0.0,SUCCESS,3356214fd0b75aefccaa461fd42a6503cde60dcaa3a15533b259762ac772a76a,118.0,24.0,161.21523538,0.0
/content/drive/MyDrive/AISC DeepFake Çalışmaları/Deneyler/Nazlıcan/Deney 1/Kaş/real/train/real_train_00066.jpg,real/train/real_train_00066.jpg,real_train_00066.jpg,real,0,train,d8a331755e103b998feb131c1323d59c7ef1f02e3b39cfc30fb419ba3030cb1b,,66,0.0,SUCCESS,63b039175cb78051e461e6d231c24e64ee2440eab8faf2a835e25699b9e906cf,173.0,34.0,29.0342683,0.0
/content/drive/MyDrive/AISC DeepFake Çalışmaları/Deneyler/Nazlıcan/Deney 1/Kaş/real/train/real_train_00069.jpg,real/train/real_train_00069.jpg,real_train_00069.jpg,real,0,train,ee0c3f14ddd424ac49c81a2ad4c663957061fdece3906654e031579240fe22d4,,69,0.0,SUCCESS,27f7e7e03445a9b0146c5c8bb9fd84a8e344ed2400856610414a839849e4fea6,123.0,33.0,58.55114093,0.15625
/content/drive/MyDrive/AISC DeepFake Çalışmaları/Deneyler/Nazlıcan/Deney 1/Kaş/real/train/real_train_00071.jpg,real/train/real_train_00071.jpg,real_train_00071.jpg,real,0,train,c304ffede58e9588aa7d25a659119f09fddd316afe0e56f7a39c0e0512d6d32f,,71,0.0,SUCCESS,44c3f7587c63089b98ac11bc012b6ca92d816e01837d3d4e6be1be0db01a34f6,84.0,20.0,71.87583759,0.09375
/content/drive/MyDrive/AISC DeepFake Çalışmaları/Deneyler/Nazlıcan/Deney 1/Kaş/real/train/real_train_00072.jpg,real/train/real_train_00072.jpg,real_train_00072.jpg,real,0,train,ca608c230a06bd0088d0fbcce39f8f4d49a8f5f7ca46d4a45bf2c12f00316be4,,72,0.0,SUCCESS,6babade7bc2d317f961a4696d882bcd1527f22fb561c9363f2f7f8e0f730846a,89.0,27.0,46.92209367,0.0
/content/drive/MyDrive/AISC DeepFake Çalışmaları/Deneyler/Nazlıcan/Deney 1/Kaş/real/train/real_train_00076.jpg,real/train/real_train_00076.jpg,real_train_00076.jpg,real,0,train,a42c3bbe81bca6070cc76c8bbb7fb10610aa1b950a1e2ad6fd7cf433bfe10388,,76,0.0,SUCCESS,6e8298dcaf0594f5fbc1cf7fde81898835546b2d8dce014656bd93963709e36c,207.0,42.0,36.19771245,0.0
/content/drive/MyDrive/AISC DeepFake Çalışmaları/Deneyler/Nazlıcan/Deney 1/Kaş/real/train/real_train_00077.jpg,real/train/real_train_00077.jpg,real_train_00077.jpg,real,0,train,77611f0fbbbad5efd1464d60925563c95ffc4c6a5342037aca3be23bb674dec4,,77,0.0,SUCCESS,9f6453cf566179ec019d74b464fb91fe5ce111ac8f27b9c61a18f559fcaae52e,64.0,19.0,235.01808128,0.09375
/content/drive/MyDrive/AISC DeepFake Çalışmaları/Deneyler/Nazlıcan/Deney 1/Kaş/real/train/real_train_00078.jpg,real/train/real_train_00078.jpg,real_train_00078.jpg,real,0,train,d21b90941fc125b98c928fa7e057bb0e3fe2ab924b4b1798127b4d7c7bf771d4,,78,0.0,SUCCESS,5878e7a056e2e2cf940624697f84a9ef490f95f713465a2fc6b190c45f30924d,128.0,34.0,59.74897275,0.0
/content/drive/MyDrive/AISC DeepFake Çalışmaları/Deneyler/Nazlıcan/Deney 1/Kaş/real/train/real_train_00082.jpg,real/train/real_train_00082.jpg,real_train_00082.jpg,real,0,train,c5c062bb060a4872b856edf5cda05e1dc166300c7fa45b84ebcbf72f68020fc5,,82,0.0,SUCCESS,b0f30e279bee69362f8eab9126e9def1317f317be78cf9c04331baaeb852738b,244.0,60.0,12.07780984,0.15625
/content/drive/MyDrive/AISC DeepFake Çalışmaları/Deneyler/Nazlıcan/Deney 1/Kaş/real/train/real_train_00083.jpg,real/train/real_train_00083.jpg,real_train_00083.jpg,real,0,train,15366761a601f5c77d2d4404d93bfb2b1ed0cd939b1ff8df4063576600384e5e,,83,0.0,SUCCESS,37d8d36afe124c583a7d424ea463c6cb4d52ef0b7a518013ecf3d31a3ba1d5e6,137.0,28.0,333.87206461,0.0
/content/drive/MyDrive/AISC DeepFake Çalışmaları/Deneyler/Nazlıcan/Deney 1/Kaş/real/train/real_train_00085.jpg,real/train/real_train_00085.jpg,real_train_00085.jpg,real,0,train,1425b5ec8009af2e8d0564e3100418219391cb2fd8df0aeb283d1a4b5df46f04,,85,0.0,SUCCESS,e815bc1c64da682732c83fab7ac36a9be9d8ad3b2a21f66af82e211fb74b0dec,284.0,55.0,34.03000305,0.0
/content/drive/MyDrive/AISC DeepFake Çalışmaları/Deneyler/Nazlıcan/Deney 1/Kaş/real/train/real_train_00086.jpg,real/train/real_train_00086.jpg,real_train_00086.jpg,real,0,train,392c3b06e4441b00bac1131929d52989ee11afb9c4eb4013bf2285f20c7baab4,,86,0.0,SUCCESS,c4e078c2a2455db2c9ab5e4f2b3988a29079584fb689fe0f48ece7179eb2c688,277.0,58.0,12.98134131,0.0
/content/drive/MyDrive/AISC DeepFake Çalışmaları/Deneyler/Nazlıcan/Deney 1/Kaş/real/train/real_train_00088.jpg,real/train/real_train_00088.jpg,real_train_00088.jpg,real,0,train,df039c178ae388d6833d2c17fbbb05af9ff9212c2fe3ae278fbed7947fd6dfce,,88,0.0,SUCCESS,abc83110b67f4302261914b73b71a4d5a6e6cf5ec45fed0c3e2c3b8bcbe79f1c,107.0,33.0,86.78618019,0.09375
/content/drive/MyDrive/AISC DeepFake Çalışmaları/Deneyler/Nazlıcan/Deney 1/Kaş/real/train/real_train_00089.jpg,real/train/real_train_00089.jpg,real_train_00089.jpg,real,0,train,e9e0ad07ddb3ad4654f3019ebd5a3f867edbf8abc6ef9defb86ccf53b17c7538,,89,0.0,SUCCESS,f7eaf367ccb9b78e963cf8e403cd07e5edf1db3498514154612a1d6e1bf12f29,100.0,21.0,261.8874093,0.0
/content/drive/MyDrive/AISC DeepFake Çalışmaları/Deneyler/Nazlıcan/Deney 1/Kaş/real/train/real_train_00090.jpg,real/train/real_train_00090.jpg,real_train_00090.jpg,real,0,train,f9e04b83d02949fa20fa7d20b7a4ac66c8fc4e26a26daddda2593981c39a883b,,90,0.0,SUCCESS,62504edc8e59f577602869b1f5b94c848deccb47dcd2575d44faedd2f7293670,132.0,40.0,74.42736567,0.03125
/content/drive/MyDrive/AISC DeepFake Çalışmaları/Deneyler/Nazlıcan/Deney 1/Kaş/real/train/real_train_00092.jpg,real/train/real_train_00092.jpg,real_train_00092.jpg,real,0,train,e7db61fc9d922b89d6487d0b06a0f62683b914b4b86ef43e6d4568b8c343430c,,92,0.0,SUCCESS,838235f30a43ba4b68a78fae81a90aa8b87d013a3482b4e399ba40bc76f837af,136.0,38.0,43.33687568,0.09375
/content/drive/MyDrive/AISC DeepFake Çalışmaları/Deneyler/Nazlıcan/Deney 1/Kaş/real/train/real_train_00093.jpg,real/train/real_train_00093.jpg,real_train_00093.jpg,real,0,train,cfd5c80be486f0ff019f9312b07d320b2091f8de4ebbaa959cfe94939bd379e8,,93,0.0,SUCCESS,4ffada32ea6d9b35368cbab3279656b401b47673c933979c356d606e08a11daa,70.0,24.0,689.65749681,0.09375
/content/drive/MyDrive/AISC DeepFake Çalışmaları/Deneyler/Nazlıcan/Deney 1/Kaş/real/train/real_train_00096.jpg,real/train/real_train_00096.jpg,real_train_00096.jpg,real,0,train,cbd4d41114e838ca7a4f681e12844f104660de08477e5e5907ac31ed853fb3a0,,96,0.0,SUCCESS,163e09d8dd1078d7c2ae82e9a849f64891f7736be5be12101ca872d79ab3b218,196.0,39.0,32.0273719,0.0
/content/drive/MyDrive/AISC DeepFake Çalışmaları/Deneyler/Nazlıcan/Deney 1/Kaş/real/train/real_train_00099.jpg,real/train/real_train_00099.jpg,real_train_00099.jpg,real,0,train,4bbf5912241ce3fbf172672e08ea65b5fa6358d5b831e252b5c4a4773385c4cf,,99,0.0,SUCCESS,33fc259b7e5141b173b8ce15dfeb1ec8600ac506ad8d725bd63afc36b40fc6bc,143.0,36.0,202.17120411,0.09375
/content/drive/MyDrive/AISC DeepFake Çalışmaları/Deneyler/Nazlıcan/Deney 1/Kaş/real/train/real_train_00100.jpg,real/train/real_train_00100.jpg,real_train_00100.jpg,real,0,train,e02b7c7e7311a9cfd792d5277249b7c1f9592a98d805bab74d6651831c83548f,,100,0.0,SUCCESS,25bd41c4118a71a84f445b5083b45c264b12dbc9f69fd1d588412f1d96c7a33e,110.0,20.0,113.20476364,0.15625
/content/drive/MyDrive/AISC DeepFake Çalışmaları/Deneyler/Nazlıcan/Deney 1/Kaş/real/train/real_train_00104.jpg,real/train/real_train_00104.jpg,real_train_00104.jpg,real,0,train,0ac254e073db42b5efe3835be474099595b17844ed9669ffb5da68bf06f2c735,,104,0.0,SUCCESS,52f99ed4942fc62d175349aecbc86d5f4ee9b138e60c0eda27ec01339817ec5a,154.0,43.0,43.87237842,0.09375
/content/drive/MyDrive/AISC DeepFake Çalışmaları/Deneyler/Nazlıcan/Deney 1/Kaş/real/train/real_train_00105.jpg,real/train/real_train_00105.jpg,real_train_00105.jpg,real,0,train,6f20d5e3440d0e939c7ae9810232f3008932bcb5c448a1081501befd89b6e211,,105,0.0,SUCCESS,da8289c5ac485dbc026a45aa1804b1896ebfff0ed0dfd87b6c05440c30cb5725,105.0,22.0,113.74103203,0.0625
/content/drive/MyDrive/AISC DeepFake Çalışmaları/Deneyler/Nazlıcan/Deney 1/Kaş/real/train/real_train_00107.jpg,real/train/real_train_00107.jpg,real_train_00107.jpg,real,0,train,25f567ec2cf458160bfabca7d398fcc1f8bc2c7f128ad7a526fe0b9c0782dd67,,107,0.0,SUCCESS,12a66a822ba9ff9404fd5baf7816b24fcb52dd7882a65184b2a1c80356a34286,83.0,17.0,113.42125077,0.0625
/content/drive/MyDrive/AISC DeepFake Çalışmaları/Deneyler/Nazlıcan/Deney 1/Kaş/real/train/real_train_00108.jpg,real/train/real_train_00108.jpg,real_train_00108.jpg,real,0,train,4442a1e40576c4644bdd3c80737abc7d6d46fdaa5f9fe97f6f6a40b8ca3542c9,,108,0.0,SUCCESS,fa373746dfe799f7522e4c680a7012124bfd44c9904fd63f6d50dfddaca2e6df,89.0,19.0,203.26675365,0.0
/content/drive/MyDrive/AISC DeepFake Çalışmaları/Deneyler/Nazlıcan/Deney 1/Kaş/real/train/real_train_00110.jpg,real/train/real_train_00110.jpg,real_train_00110.jpg,real,0,train,f22a958c79986160668b83feccf4dc8abf37d5399944f1f5f746ecfcdaf8abf3,,110,0.0,SUCCESS,b6e8d0bea124b35d6830f45523f9504114e2d011ba1bf789ea7ea7c3b6d8673e,110.0,39.0,44.83796138,0.0
/content/drive/MyDrive/AISC DeepFake Çalışmaları/Deneyler/Nazlıcan/Deney 1/Kaş/real/train/real_train_00112.jpg,real/train/real_train_00112.jpg,real_train_00112.jpg,real,0,train,feea4266bab189ed9c60d5542adcfb85bab6df11bad2378c04d0d110e67dd421,,112,0.0,SUCCESS,219b2907b8bf07b36e5f182525748609da46c45c0af3f6ba3268ed53686d9fa7,110.0,24.0,191.38209237,0.0
/content/drive/MyDrive/AISC DeepFake Çalışmaları/Deneyler/Nazlıcan/Deney 1/Kaş/real/train/real_train_00113.jpg,real/train/real_train_00113.jpg,real_train_00113.jpg,real,0,train,9fcd3feaa5495a1c18d8f01f61d24217b600a56a845b40d2c2ca424a663b776b,,113,0.0,SUCCESS,7d8e4138d13c9c9c6daa514b2f37abec0b089f8503522b551a09bbf0a4dd45c5,136.0,33.0,165.89037254,0.09375
/content/drive/MyDrive/AISC DeepFake Çalışmaları/Deneyler/Nazlıcan/Deney 1/Kaş/real/train/real_train_00114.jpg,real/train/real_train_00114.jpg,real_train_00114.jpg,real,0,train,831389bbc89926f9f696f506db30c33a74348018ef1e4d7ad86bd950acda4dc2,,114,0.0,SUCCESS,426f7df73eecf4ad51707d86e5cddbdf088b8e45589cd70dfa7d58d4a190c287,325.0,125.0,8.67770508,0.09375
/content/drive/MyDrive/AISC DeepFake Çalışmaları/Deneyler/Nazlıcan/Deney 1/Kaş/real/train/real_train_00115.jpg,real/train/real_train_00115.jpg,real_train_00115.jpg,real,0,train,07686f43f26e01d0d5cdc33ca2afa9f7b4a27fee0eae058581ecce2aa31b9dea,,115,0.0,SUCCESS,4779d9bb7c913bc4536a895b5857854850a39fc11554e93a81509e88308fdb7b,67.0,22.0,85.11109802,0.0
/content/drive/MyDrive/AISC DeepFake Çalışmaları/Deneyler/Nazlıcan/Deney 1/Kaş/real/train/real_train_00116.jpg,real/train/real_train_00116.jpg,real_train_00116.jpg,real,0,train,2aad464d6e75fb964483e822e829b08c5dbaa31cded1807293cdf9fa0853a36a,,116,0.0,SUCCESS,87ced1af03a0910f7e1fa3a04b75519db7c80ef4eecf719aeeee8ad753d1cb00,121.0,31.0,51.04483774,0.0
/content/drive/MyDrive/AISC DeepFake Çalışmaları/Deneyler/Nazlıcan/Deney 1/Kaş/real/train/real_train_00117.jpg,real/train/real_train_00117.jpg,real_train_00117.jpg,real,0,train,f1088e7a73647054dfd9de62567e41f96b57e9c8293821b1318f7c3c51ebf8f5,,117,0.0,SUCCESS,e2e2728de7f0b50b4df2f520cf1a9b48700948e13f15e0a83939c067fd8e7a8f,167.0,43.0,28.30945248,0.09375
/content/drive/MyDrive/AISC DeepFake Çalışmaları/Deneyler/Nazlıcan/Deney 1/Kaş/real/train/real_train_00119.jpg,real/train/real_train_00119.jpg,real_train_00119.jpg,real,0,train,7e8c5c7edfce03f3f591a08a3b2c24be37105637d6ed79e70ab89df1af47bd20,,119,0.0,SUCCESS,ffbb54cbedfe1f6cf94b4157ce6c50d0942526715f441e2bfc645d0edb995f5c,115.0,23.0,120.57172552,0.0
/content/drive/MyDrive/AISC DeepFake Çalışmaları/Deneyler/Nazlıcan/Deney 1/Kaş/real/train/real_train_00120.jpg,real/train/real_train_00120.jpg,real_train_00120.jpg,real,0,train,fcd1e0ba6c21b4916879e69fcafc9f47aaebf0c7b986d7f293d35d554a84ad93,,120,0.0,SUCCESS,3217d1aed1ea524b648e61edde2bcd0cbb491c3d0626f1220d2a71f4a0c1e3d3,106.0,25.0,42.09008202,0.0
/content/drive/MyDrive/AISC DeepFake Çalışmaları/Deneyler/Nazlıcan/Deney 1/Kaş/real/train/real_train_00122.jpg,real/train/real_train_00122.jpg,real_train_00122.jpg,real,0,train,b8cbb36234bbfc1031782f4069c7e921cbb3638ff166fdb5cc7a16953a9e5b3e,,122,0.0,SUCCESS,6f1335b7f5982221dc5418951bc84da181492f6dddbe98d53b7faed5447bd737,194.0,59.0,74.56067838,0.0625
/content/drive/MyDrive/AISC DeepFake Çalışmaları/Deneyler/Nazlıcan/Deney 1/Kaş/real/train/real_train_00123.jpg,real/train/real_train_00123.jpg,real_train_00123.jpg,real,0,train,2f46eb42004ce626961731abe9b5771948a328fa414ae7e18182de1cbfbadaf5,,123,0.0,SUCCESS,6d83fbfd8ab3d0cf3cab281e05a991e9e1f486859a58e431dbc9a428301df14b,286.0,80.0,32.6816661,0.25
/content/drive/MyDrive/AISC DeepFake Çalışmaları/Deneyler/Nazlıcan/Deney 1/Kaş/real/train/real_train_00124.jpg,real/train/real_train_00124.jpg,real_train_00124.jpg,real,0,train,ec6d36a1913dd9271f58daefda19401c3097ffc69912aa52b3b7f2e7d0dc2397,,124,0.0,SUCCESS,9d4e6c5504a131a49fb66da91d01e3de19cd4283f04e2eb2ac11f9dd4f4b90a9,84.0,18.0,159.99744854,0.0
/content/drive/MyDrive/AISC DeepFake Çalışmaları/Deneyler/Nazlıcan/Deney 1/Kaş/real/train/real_train_00125.jpg,real/train/real_train_00125.jpg,real_train_00125.jpg,real,0,train,354be55a99d52ae6be0117962b08a7dac1ae6f73d8ab4ec020b42bf010aabb23,,125,0.0,SUCCESS,06e0949d1cba45b647d44ee9b62868bd2eb6ad0c6dbdd93727310d45b9a38113,220.0,55.0,42.84538007,0.0625
/content/drive/MyDrive/AISC DeepFake Çalışmaları/Deneyler/Nazlıcan/Deney 1/Kaş/real/train/real_train_00126.jpg,real/train/real_train_00126.jpg,real_train_00126.jpg,real,0,train,6cfc6760a245654992da81f6d0c2330a8d860ca27254239973c30b88ae835bea,,126,0.0,SUCCESS,55558b735897143aad3cbbfb5975974d6783503a2b9cd5fd904f142d97801640,381.0,130.0,12.30229406,0.09375
/content/drive/MyDrive/AISC DeepFake Çalışmaları/Deneyler/Nazlıcan/Deney 1/Kaş/real/train/real_train_00127.jpg,real/train/real_train_00127.jpg,real_train_00127.jpg,real,0,train,42be05cf055bba93276eae6dc943bcd99e71f8ebf6ba543fc7297cbbed927c9c,,127,0.0,SUCCESS,6cd2dd2bb79f387386d3fbfbef11b25e59dfe0d09864c27a43ee71375c23161c,98.0,30.0,288.28909193,0.09375
/content/drive/MyDrive/AISC DeepFake Çalışmaları/Deneyler/Nazlıcan/Deney 1/Kaş/real/train/real_train_00128.jpg,real/train/real_train_00128.jpg,real_train_00128.jpg,real,0,train,ce28c9a261f6fb1960aec1607366f05dc6210f7afe1770eedb4fb642087d3c43,,128,0.0,SUCCESS,aa9d0649efd5586950fb6688c46c8b429671b30b593600f4b8ddea4bcd8e7ab9,76.0,18.0,291.52985053,0.03125
/content/drive/MyDrive/AISC DeepFake Çalışmaları/Deneyler/Nazlıcan/Deney 1/Kaş/real/train/real_train_00132.jpg,real/train/real_train_00132.jpg,real_train_00132.jpg,real,0,train,1605b44e8ddb0b85594985a939e8ed62a0ef0f79bf7e864dd0f0e1c570a1b5ff,,132,0.0,SUCCESS,d96ace594eb384445e7189930a9966422a4c47562d9f797a26b0abbc16f8bbe8,142.0,31.0,21.52986246,0.0
/content/drive/MyDrive/AISC DeepFake Çalışmaları/Deneyler/Nazlıcan/Deney 1/Kaş/real/train/real_train_00133.jpg,real/train/real_train_00133.jpg,real_train_00133.jpg,real,0,train,b473e61a4db05454b60af2da3f8279f18d63c9c74876862aa33c1129e2d2bded,,133,0.0,SUCCESS,ae64ddc65a7bb1524a071a8b853c1ccf88d6b04d164f8cc34d5863ee8f3f8878,77.0,18.0,374.77606408,0.0
/content/drive/MyDrive/AISC DeepFake Çalışmaları/Deneyler/Nazlıcan/Deney 1/Kaş/real/train/real_train_00136.jpg,real/train/real_train_00136.jpg,real_train_00136.jpg,real,0,train,0b0f42e8f9ae655fc98ecc6e30c4e8718e47c376cb4d8f286452c47f9587ff86,,136,0.0,SUCCESS,b077dbee39bf71d4fa50f253885a0e7a389c04e80c58698264a9792226d0519f,103.0,26.0,225.44505698,0.0
/content/drive/MyDrive/AISC DeepFake Çalışmaları/Deneyler/Nazlıcan/Deney 1/Kaş/real/train/real_train_00138.jpg,real/train/real_train_00138.jpg,real_train_00138.jpg,real,0,train,e9e8487591f738d8d62b7e7642669530f8b6bf08160933978809ca34c2871b98,,138,0.0,SUCCESS,c7836a7ca92c031e013caf733429d5906cb33808d9410cd71c489c56840132c3,144.0,42.0,61.94473355,0.09375
/content/drive/MyDrive/AISC DeepFake Çalışmaları/Deneyler/Nazlıcan/Deney 1/Kaş/real/train/real_train_00139.jpg,real/train/real_train_00139.jpg,real_train_00139.jpg,real,0,train,b241093ab3b85371a0d5da59dd719fdc3f2d9f0ddd88f2e1a96bf5ac0ae47d70,,139,0.0,SUCCESS,af54afb3344bac4a0bab3ce97498032932d920f529a0a25b6bf972d20b4d0254,113.0,25.0,223.28636993,0.0
/content/drive/MyDrive/AISC DeepFake Çalışmaları/Deneyler/Nazlıcan/Deney 1/Kaş/real/train/real_train_00141.jpg,real/train/real_train_00141.jpg,real_train_00141.jpg,real,0,train,e76bf453cecf4f76c0551d8195bbe238e657f389f53446aec6690dc0afa3de59,,141,0.0,SUCCESS,a0e51375dfb3c692ec7c95f4ba3d81f629f2b046120f6ce6a13dfd6056914d26,118.0,28.0,52.2924927,0.0
/content/drive/MyDrive/AISC DeepFake Çalışmaları/Deneyler/Nazlıcan/Deney 1/Kaş/real/train/real_train_00142.jpg,real/train/real_train_00142.jpg,real_train_00142.jpg,real,0,train,d6c0eda01711c99ab6afcdcbcb6511ef1d21087a3b4a703d34434c65a96a9aaa,,142,0.0,SUCCESS,2993167ae273c19566f54199e0e64b39cfb64dfd2532c58c31b68baf46a2ad32,185.0,42.0,11.97574037,0.0
/content/drive/MyDrive/AISC DeepFake Çalışmaları/Deneyler/Nazlıcan/Deney 1/Kaş/real/train/real_train_00143.jpg,real/train/real_train_00143.jpg,real_train_00143.jpg,real,0,train,6e767b96e6cb2689eb9f3415fc4134bdefe5ea21983c75da8b23e695de3eb91d,,143,0.0,SUCCESS,1b86afc5add6c290ede39463cb6e6b3f6af461603072422e83d70f6021f8b1a8,374.0,74.0,22.57861955,0.0
/content/drive/MyDrive/AISC DeepFake Çalışmaları/Deneyler/Nazlıcan/Deney 1/Kaş/real/train/real_train_00144.jpg,real/train/real_train_00144.jpg,real_train_00144.jpg,real,0,train,6785fc20552dabce8b3f23c1bfbdc1719863c1a923fd4614aaf600da837e9855,,144,0.0,SUCCESS,5b57f4e6c7a9d6ad3a01acbc699c43fad0ffe8dfbce89a314fb32df6ca867ace,82.0,17.0,422.45924221,0.0
/content/drive/MyDrive/AISC DeepFake Çalışmaları/Deneyler/Nazlıcan/Deney 1/Kaş/real/train/real_train_00145.jpg,real/train/real_train_00145.jpg,real_train_00145.jpg,real,0,train,d88adba09259c90071b3d02ed86fbd45ba50748e4b18421814685122bd37a9e5,,145,0.0,SUCCESS,ffe8349f0305712c8376bdb2bc534d8e6ada27d126703cf5a4cf5deaa0e2488a,94.0,23.0,215.01018004,0.09375
/content/drive/MyDrive/AISC DeepFake Çalışmaları/Deneyler/Nazlıcan/Deney 1/Kaş/real/train/real_train_00146.jpg,real/train/real_train_00146.jpg,real_train_00146.jpg,real,0,train,e9aebdb7756cd13a4e2e45016558e7dc00d242b69e252778e4573b2cabe4f3ef,,146,0.0,SUCCESS,c3185b4949edc534e3b686310b4e21daf56f54356b947a79da482a886b6a60ce,95.0,40.0,162.21777777,0.0625
/content/drive/MyDrive/AISC DeepFake Çalışmaları/Deneyler/Nazlıcan/Deney 1/Kaş/real/train/real_train_00147.jpg,real/train/real_train_00147.jpg,real_train_00147.jpg,real,0,train,8551d04e7d97565ab2c2e54a32da0913106a0fbff088606842408b44c19173f9,,147,0.0,SUCCESS,5a6c67c587829a7a1b7599bc33be991577fa0beeeca3f000db63a0c3c7a0e310,108.0,21.0,507.6712197,0.0
/content/drive/MyDrive/AISC DeepFake Çalışmaları/Deneyler/Nazlıcan/Deney 1/Kaş/real/train/real_train_00148.jpg,real/train/real_train_00148.jpg,real_train_00148.jpg,real,0,train,57c4560979eee6f003f613053f8aa058b1535b3fe48baefda26fd4929a5a3bff,,148,0.0,SUCCESS,477d973e3dd36f9f6941230d90b2cef492feae5999898d02e02c2b65fcd049d4,135.0,39.0,57.32055515,0.09375
/content/drive/MyDrive/AISC DeepFake Çalışmaları/Deneyler/Nazlıcan/Deney 1/Kaş/real/train/real_train_00149.jpg,real/train/real_train_00149.jpg,real_train_00149.jpg,real,0,train,ae44e8c7642d246b520590a4c02e4f4a567d3a06785abd51016a00794068d21a,,149,0.0,SUCCESS,8699cb97b00cf246663fc0b6b320aec114f6809c047019957d5ed412ed92549e,180.0,44.0,32.25583097,0.0
/content/drive/MyDrive/AISC DeepFake Çalışmaları/Deneyler/Nazlıcan/Deney 1/Kaş/real/train/real_train_00150.jpg,real/train/real_train_00150.jpg,real_train_00150.jpg,real,0,train,0c94a0d0d6a3289ad18185e852fbebd8500678b78d7b43ac61d5e83f39e9da22,,150,0.0,SUCCESS,d4585a5a5ed44c283c157a3724260138a6abb37564ff45be660d344e6de3f6ec,97.0,19.0,367.53085114,0.0
/content/drive/MyDrive/AISC DeepFake Çalışmaları/Deneyler/Nazlıcan/Deney 1/Kaş/real/train/real_train_00151.jpg,real/train/real_train_00151.jpg,real_train_00151.jpg,real,0,train,f408d4a136d9963308fb203927215120ebbca2a3d63ec2f58f5c2af24c1dc465,,151,0.0,SUCCESS,d4c9a32fa86cc8a9ddbd6598d6b8a15569b798147d781c789a70ee47e2a121f6,104.0,20.0,66.72847263,0.0
/content/drive/MyDrive/AISC DeepFake Çalışmaları/Deneyler/Nazlıcan/Deney 1/Kaş/real/train/real_train_00152.jpg,real/train/real_train_00152.jpg,real_train_00152.jpg,real,0,train,8bcd9f5c72575de7998bbfc6cd2a95ae7089769fb653f7025f1f440f2a0c82a9,,152,0.0,SUCCESS,401c1244cab1cb6fed6be519b5f8cb94d4ca96180a7d4956a8f2790f792b6946,287.0,74.0,8.71682473,0.0
/content/drive/MyDrive/AISC DeepFake Çalışmaları/Deneyler/Nazlıcan/Deney 1/Kaş/real/train/real_train_00153.jpg,real/train/real_train_00153.jpg,real_train_00153.jpg,real,0,train,bf605ea3bef93d98001a2f9decfd350908cf84fcb21df93761e53b9ddb7d9988,,153,0.0,SUCCESS,191d16b034533359d4b3473be2d3db99aa7fa7b22d2dcbe57a1516057b60a4e5,71.0,19.0,166.97349545,0.09375
/content/drive/MyDrive/AISC DeepFake Çalışmaları/Deneyler/Nazlıcan/Deney 1/Kaş/real/train/real_train_00154.jpg,real/train/real_train_00154.jpg,real_train_00154.jpg,real,0,train,11135fc4a7abef7cf895f4f26b49b781926fa6d6e85ecf0393572786e62b1bfd,,154,0.0,SUCCESS,3599250a076e0453a53b6b7a28873e82afa342ff399949aa810a90945699ee4b,438.0,118.0,9.89876771,0.0625
/content/drive/MyDrive/AISC DeepFake Çalışmaları/Deneyler/Nazlıcan/Deney 1/Kaş/real/train/real_train_00155.jpg,real/train/real_train_00155.jpg,real_train_00155.jpg,real,0,train,80dfeb373fd721cbe3ffdc98c9ba1ecd7e318bdae1a274f84f3e655a16fc30c0,,155,0.0,SUCCESS,2f1976fa43a5e5bf3ee1d127763c64a6f409916208d795ffc8c5799a764d39f8,598.0,148.0,3.3066455,0.0
/content/drive/MyDrive/AISC DeepFake Çalışmaları/Deneyler/Nazlıcan/Deney 1/Kaş/real/train/real_train_00156.jpg,real/train/real_train_00156.jpg,real_train_00156.jpg,real,0,train,5ba05f4da3ea032cd8e1b0031304f7362dc4f6ba0890e0d43d6e2d90b0040a0c,,156,0.0,SUCCESS,16393781965a3e2904f79f1d3c84a81fbf48564f2fd19d72669841b19125e01b,73.0,26.0,270.86324355,0.09375
/content/drive/MyDrive/AISC DeepFake Çalışmaları/Deneyler/Nazlıcan/Deney 1/Kaş/real/train/real_train_00160.jpg,real/train/real_train_00160.jpg,real_train_00160.jpg,real,0,train,95705311d77a33365fa54a6c802fea409a0e17798e01a923faf3be9f2e42ba3f,,160,0.0,SUCCESS,6b698e38359f48ec4c255620a6b10ee93c0234e064ea5026871a07a2ffdad3b8,119.0,33.0,43.44399163,0.09375
/content/drive/MyDrive/AISC DeepFake Çalışmaları/Deneyler/Nazlıcan/Deney 1/Kaş/real/train/real_train_00161.jpg,real/train/real_train_00161.jpg,real_train_00161.jpg,real,0,train,6b94061f5d6214b02277424a4a9bf96959a032c31073b4d381d68ef7fa23614e,,161,0.0,SUCCESS,b718418564e280664220874d29b833dbfad88b7679ec24adaae2bccc3611b056,103.0,24.0,132.11075436,0.09375
/content/drive/MyDrive/AISC DeepFake Çalışmaları/Deneyler/Nazlıcan/Deney 1/Kaş/real/train/real_train_00162.jpg,real/train/real_train_00162.jpg,real_train_00162.jpg,real,0,train,f9bd2f20b93e6770048a4eaf951cd52a90ba418b56868f50f40d6ecb1b9cddae,,162,0.0,SUCCESS,0780560d08ec0e817b914c0c9270b8942e4b9a80976adbf0986f17523bd3fdf9,100.0,29.0,42.39365933,0.0
/content/drive/MyDrive/AISC DeepFake Çalışmaları/Deneyler/Nazlıcan/Deney 1/Kaş/real/train/real_train_00163.jpg,real/train/real_train_00163.jpg,real_train_00163.jpg,real,0,train,dec74e6d9c814e7515a61060546354c51b17f06ce3a10dd648275c9044b747d1,,163,0.0,SUCCESS,31d559e77d7fd83dd48a2f63fbbe225975cad0f8d2a9a56f974687561948c2b3,211.0,52.0,29.00544484,0.0
/content/drive/MyDrive/AISC DeepFake Çalışmaları/Deneyler/Nazlıcan/Deney 1/Kaş/real/train/real_train_00164.jpg,real/train/real_train_00164.jpg,real_train_00164.jpg,real,0,train,bcafd364b5141cd849af19b5515e0d443b76f6600c9ee28b0a26f8cd3712f1ef,,164,0.0,SUCCESS,923b0d9f6083d57b95e64a0dababf8091874f5ed40427941acb983ab8d54154a,152.0,46.0,133.97255508,0.0
/content/drive/MyDrive/AISC DeepFake Çalışmaları/Deneyler/Nazlıcan/Deney 1/Kaş/real/train/real_train_00165.jpg,real/train/real_train_00165.jpg,real_train_00165.jpg,real,0,train,8fc5c623963beaf9ad04826b5fecc61d501fcabf86fb25ab133db005d9a05495,,165,0.0,SUCCESS,a430ebb684f31bd41b679ad09d540113199ca43edc65c4960d747186d95256f2,80.0,15.0,722.4425,0.0
/content/drive/MyDrive/AISC DeepFake Çalışmaları/Deneyler/Nazlıcan/Deney 1/Kaş/real/train/real_train_00168.jpg,real/train/real_train_00168.jpg,real_train_00168.jpg,real,0,train,01aa842da03ca0c73e7632245ebbf46f9febba1f6ec3ddbe27ad901017106782,,168,0.0,SUCCESS,7e43fa404e5850ea59e06e9e89a712c676825d0cac85340a6655c2437281e84a,412.0,149.0,8.70613082,0.15625
/content/drive/MyDrive/AISC DeepFake Çalışmaları/Deneyler/Nazlıcan/Deney 1/Kaş/real/train/real_train_00170.jpg,real/train/real_train_00170.jpg,real_train_00170.jpg,real,0,train,f26b0a204f2f1ba87f498f0d41f4cf4082aeccdec17f3271620886fea188bc57,,170,0.0,SUCCESS,5aced2e5089e7158c177b3b91f5a66370f25da883f8316453361720965304d67,96.0,22.0,98.59767575,0.0
/content/drive/MyDrive/AISC DeepFake Çalışmaları/Deneyler/Nazlıcan/Deney 1/Kaş/real/train/real_train_00171.jpg,real/train/real_train_00171.jpg,real_train_00171.jpg,real,0,train,b997cacecdc6d92b0646a938e5994800fda3be0e0317db7ad9013f841093b2cc,,171,0.0,SUCCESS,cb7b9c72c9c4fa6684e6a1291961d098a13eeafba4923cd4b066d7ffefa5eb74,135.0,30.0,204.91568169,0.0
/content/drive/MyDrive/AISC DeepFake Çalışmaları/Deneyler/Nazlıcan/Deney 1/Kaş/real/train/real_train_00172.jpg,real/train/real_train_00172.jpg,real_train_00172.jpg,real,0,train,5cdc049ada1161ee54192ea63e3036deb8f2ff207e859e757158765f98691c2c,,172,0.0,SUCCESS,1af1bee08cdf0424679544c1584e03c2cd4bb8e9e0a460160b7f10a153f0923e,268.0,90.0,51.05227461,0.09375
/content/drive/MyDrive/AISC DeepFake Çalışmaları/Deneyler/Nazlıcan/Deney 1/Kaş/real/train/real_train_00174.jpg,real/train/real_train_00174.jpg,real_train_00174.jpg,real,0,train,2af4c29d653e6d62c06a5391384d460e4bde2c40fe2e06ba4a8f5f70f2d550ef,,174,0.0,SUCCESS,55e7c001895c173533fa5c626eb943d5545c8e162d5c909057edc6a06cd46246,97.0,21.0,354.32595414,0.09375
/content/drive/MyDrive/AISC DeepFake Çalışmaları/Deneyler/Nazlıcan/Deney 1/Kaş/real/train/real_train_00175.jpg,real/train/real_train_00175.jpg,real_train_00175.jpg,real,0,train,5dab1dfef08d7e2f0cb3b6dd0396cd585628d6afe49a741fa047549cf8e80850,,175,0.0,SUCCESS,e1bb874d6a3c836ec1098ab038afa08f21e051005a38e2c20335961d743f955d,124.0,30.0,52.50300353,0.09375
/content/drive/MyDrive/AISC DeepFake Çalışmaları/Deneyler/Nazlıcan/Deney 1/Kaş/real/train/real_train_00177.jpg,real/train/real_train_00177.jpg,real_train_00177.jpg,real,0,train,6947eab04b1427771bebd8b1355be7291a7de6948d93e129f9e429b380e0b5b2,,177,0.0,SUCCESS,c3fdf2b4f57620f41cc59ec1a3410449718b7d1a88e8b5fbbdfdc63f5bfa1f22,400.0,76.0,8.19254458,0.0
/content/drive/MyDrive/AISC DeepFake Çalışmaları/Deneyler/Nazlıcan/Deney 1/Kaş/real/train/real_train_00179.jpg,real/train/real_train_00179.jpg,real_train_00179.jpg,real,0,train,90c210698bf0fd10c9f3f10551dbb0ad539c134adc7b4a2ddf8badab07edb38c,,179,0.0,SUCCESS,8f3980dc1383c184eb48dd626289c1a93c2c12e9fc866081ebc451703a3b0a33,75.0,16.0,325.97319722,0.0
/content/drive/MyDrive/AISC DeepFake Çalışmaları/Deneyler/Nazlıcan/Deney 1/Kaş/real/train/real_train_00181.jpg,real/train/real_train_00181.jpg,real_train_00181.jpg,real,0,train,f6e60da7a5d1326b59f53696f00c7e643d40d5c8afb63004135709afb1388bf5,,181,0.0,SUCCESS,ffbd20afbd1e85a3a18d076b11600f929208f9af8d5d1bedda8cbe2d7313dd5d,205.0,51.0,29.16625079,0.0
/content/drive/MyDrive/AISC DeepFake Çalışmaları/Deneyler/Nazlıcan/Deney 1/Kaş/real/train/real_train_00184.jpg,real/train/real_train_00184.jpg,real_train_00184.jpg,real,0,train,2143d903fdcf6a4192cd1ba5e99c2af80f37bacef4f9712e5e06ddd7009b42fa,,184,0.0,SUCCESS,5062a6b9c52818dba38f5e29f98a8b437fad8dc16bc9e678c3c036ebfb3ebf9f,157.0,39.0,24.8440554,0.09375
/content/drive/MyDrive/AISC DeepFake Çalışmaları/Deneyler/Nazlıcan/Deney 1/Kaş/real/train/real_train_00185.jpg,real/train/real_train_00185.jpg,real_train_00185.jpg,real,0,train,47cc5ba3e55799ae5c60daaf533c7f1851bf737473084dcdcc9f1767a3003ed5,,185,0.0,SUCCESS,a1553740f999f65828d458eafdbb8689f683d41c357f7cfaed1141015fa5865b,236.0,91.0,21.95939609,0.0625
/content/drive/MyDrive/AISC DeepFake Çalışmaları/Deneyler/Nazlıcan/Deney 1/Kaş/real/train/real_train_00186.jpg,real/train/real_train_00186.jpg,real_train_00186.jpg,real,0,train,42c14995d1e2faaedbab475d0f6205d97031c903e6d8f641fc7f14253f8bd556,,186,0.0,SUCCESS,6c64a225238636528fce5427a27b58266256cb1e755f0b72293b2bbc656930ec,209.0,52.0,50.72457081,0.0
/content/drive/MyDrive/AISC DeepFake Çalışmaları/Deneyler/Nazlıcan/Deney 1/Kaş/real/train/real_train_00188.jpg,real/train/real_train_00188.jpg,real_train_00188.jpg,real,0,train,24de99fd2367e7918e0b09feec42ef21b6ad910a10aa17d856f5e32d371159c8,,188,0.0,SUCCESS,2442a8563acb889cab43fcf9c9bbd6eaf93816555ba213bef1af9d721205f387,198.0,60.0,30.46889291,0.09375
/content/drive/MyDrive/AISC DeepFake Çalışmaları/Deneyler/Nazlıcan/Deney 1/Kaş/real/train/real_train_00190.jpg,real/train/real_train_00190.jpg,real_train_00190.jpg,real,0,train,7b853dc50776d481fb4dcf77c694b60d50ad94073469279fd39bd628eb39af1d,,190,0.0,SUCCESS,2e35895b55d2f99e49d0acfcaa5c432f670d8f3f20efe5a0a1fd47f9425d7cc7,65.0,15.0,53.82024037,0.0
/content/drive/MyDrive/AISC DeepFake Çalışmaları/Deneyler/Nazlıcan/Deney 1/Kaş/real/train/real_train_00192.jpg,real/train/real_train_00192.jpg,real_train_00192.jpg,real,0,train,9fe634b2af94b05e9495955b95f304dc930541537a7a1faac8dd36337978748c,,192,0.0,SUCCESS,d2eb645739d10400b1e75efa629ea6b176b256435808ae896d6efa0336ef3c6c,289.0,116.0,16.26989754,0.1875
/content/drive/MyDrive/AISC DeepFake Çalışmaları/Deneyler/Nazlıcan/Deney 1/Kaş/real/train/real_train_00193.jpg,real/train/real_train_00193.jpg,real_train_00193.jpg,real,0,train,3d559be437dcd1d8dc1a1e9815c5795632a7b915b56265dca60f54fb9b827de3,,193,0.0,SUCCESS,8f3cc6f749dcb88b5f1c4c88e811c33f9bf67bac699a9f48ec326443f61ef277,422.0,108.0,21.947161,0.09375
/content/drive/MyDrive/AISC DeepFake Çalışmaları/Deneyler/Nazlıcan/Deney 1/Kaş/real/train/real_train_00194.jpg,real/train/real_train_00194.jpg,real_train_00194.jpg,real,0,train,9ab63a5fff5000ce6e1055d6ed3a125b9a14899d0373c40ac9bc4f58cf4b40e6,,194,0.0,SUCCESS,3abecd6b8ebedf82ac74573984e6d187da20b09ac7b89e614920546f6ea13816,139.0,32.0,45.68224261,0.0
/content/drive/MyDrive/AISC DeepFake Çalışmaları/Deneyler/Nazlıcan/Deney 1/Kaş/real/train/real_train_00195.jpg,real/train/real_train_00195.jpg,real_train_00195.jpg,real,0,train,a2d14ffe8e830c1d80194229b07d006b92c08938b712727814139c87a222667a,,195,0.0,SUCCESS,f031f32f665381136b18e53915e64dcf733d9f3a2ce4b0fa54face76fdee84ab,138.0,46.0,46.93673451,0.1875
/content/drive/MyDrive/AISC DeepFake Çalışmaları/Deneyler/Nazlıcan/Deney 1/Kaş/real/train/real_train_00199.jpg,real/train/real_train_00199.jpg,real_train_00199.jpg,real,0,train,e0b1005f9bd24303402d8aa726b6a20f40c703e0c3a6fdecf444a6d930e2a18e,,199,0.0,SUCCESS,b670a29f1f57dd26d63d2109a5b30f29a455c45d308bfc3969c4196d08ff4f78,79.0,17.0,70.5438974,0.0
/content/drive/MyDrive/AISC DeepFake Çalışmaları/Deneyler/Nazlıcan/Deney 1/Kaş/real/train/real_train_00201.jpg,real/train/real_train_00201.jpg,real_train_00201.jpg,real,0,train,b7fab88c8d66619a09a5df36d6ab4387308cc4fbcbd736b3632c37350d0541f8,,201,0.0,SUCCESS,7a36a4f355fcb1b1351209dd02df9183ab08f3488450f2383784c7d0a9c7863a,71.0,19.0,457.70136075,0.0
/content/drive/MyDrive/AISC DeepFake Çalışmaları/Deneyler/Nazlıcan/Deney 1/Kaş/real/train/real_train_00202.jpg,real/train/real_train_00202.jpg,real_train_00202.jpg,real,0,train,a174a976223e44a7c6bce81a6964f5a05720a0574457044e38d17a7f535ce541,,202,0.0,SUCCESS,8f268c6a7f826e1647e9c5f6681fc2ab4b36daa22aff4320873430a71cf1734d,132.0,27.0,71.1040707,0.0
/content/drive/MyDrive/AISC DeepFake Çalışmaları/Deneyler/Nazlıcan/Deney 1/Kaş/real/train/real_train_00203.jpg,real/train/real_train_00203.jpg,real_train_00203.jpg,real,0,train,7b3e32d81e1a6fb158b7d901a41a501bff1248e874407124725f405fa8bc2320,,203,0.0,SUCCESS,ea3df8e680322de3c5c40fcade4bfdbd44c2553ed73fb250c602a72071abec7e,96.0,25.0,354.72526233,0.0
/content/drive/MyDrive/AISC DeepFake Çalışmaları/Deneyler/Nazlıcan/Deney 1/Kaş/real/train/real_train_00205.jpg,real/train/real_train_00205.jpg,real_train_00205.jpg,real,0,train,e30e545a5630f911b820b20ea8fa2c645a2dca92c1b002a3f80d21e3f21a9380,,205,0.0,SUCCESS,12b10204ad23895e8c030a1ad68ac47cb3081c7ce094ba4dadf27a08cef55119,188.0,49.0,54.55471172,0.09375
/content/drive/MyDrive/AISC DeepFake Çalışmaları/Deneyler/Nazlıcan/Deney 1/Kaş/real/train/real_train_00206.jpg,real/train/real_train_00206.jpg,real_train_00206.jpg,real,0,train,35a2901969b011325c4e5383f8cac5745812e851a993dc9b696a6b17c20ee02b,,206,0.0,SUCCESS,7db246be37c7590eada672c40abb2fc6cf8825b1338a7ac463bdac57ed251c93,77.0,24.0,190.40069878,0.03125
/content/drive/MyDrive/AISC DeepFake Çalışmaları/Deneyler/Nazlıcan/Deney 1/Kaş/real/train/real_train_00207.jpg,real/train/real_train_00207.jpg,real_train_00207.jpg,real,0,train,5fe6a57b6285661f6f2d920a7194ae67b0e2043d097a69976b778702a3b70f3e,,207,0.0,SUCCESS,f63378d34e4c3d587c2ede6fbb4f6686896be849bf11f7c1c1e10887049790c6,205.0,44.0,64.84932447,0.0
/content/drive/MyDrive/AISC DeepFake Çalışmaları/Deneyler/Nazlıcan/Deney 1/Kaş/real/train/real_train_00209.jpg,real/train/real_train_00209.jpg,real_train_00209.jpg,real,0,train,ab15e3236ee7f4498dd09e2c63b46e4f4fe6d385f51faa28f059209229c8b1cd,,209,0.0,SUCCESS,beec42e101a48a96b86dc3a47ca14e1eb5f567ae8aed08b222560d2843fe73f3,292.0,57.0,14.42849864,0.0
/content/drive/MyDrive/AISC DeepFake Çalışmaları/Deneyler/Nazlıcan/Deney 1/Kaş/real/train/real_train_00210.jpg,real/train/real_train_00210.jpg,real_train_00210.jpg,real,0,train,e8b684f89729cc5f0d29cbf346bd432633d176e662e6854a35aaef4d7656c27c,,210,0.0,SUCCESS,cc3f3cfc421347c072f6cd99351fa69b9f0bd65f5cbae4bcbcda6404612e3669,198.0,39.0,201.71029838,0.0
/content/drive/MyDrive/AISC DeepFake Çalışmaları/Deneyler/Nazlıcan/Deney 1/Kaş/real/train/real_train_00211.jpg,real/train/real_train_00211.jpg,real_train_00211.jpg,real,0,train,0f5352005d1be4cb9d24b9066f6d3ddb300a5a89d0accc352907dbc535ad8535,,211,0.0,SUCCESS,9db60740c735068bdbc27b1eaf2e3469b258ce9b93c532e185d5cbd8bbf192e6,93.0,31.0,288.2204594,0.125
/content/drive/MyDrive/AISC DeepFake Çalışmaları/Deneyler/Nazlıcan/Deney 1/Kaş/real/train/real_train_00212.jpg,real/train/real_train_00212.jpg,real_train_00212.jpg,real,0,train,354883f96ddc3fc66c59f4e885ecb2dad56e29c9f9c3d4e7ae676f20d4d51138,,212,0.0,SUCCESS,6a52f6b488e6ecb3d01eadd642df58a84bcee76cd74c3cafd02ce4ffc9468605,104.0,20.0,35.75756634,0.0
/content/drive/MyDrive/AISC DeepFake Çalışmaları/Deneyler/Nazlıcan/Deney 1/Kaş/real/train/real_train_00213.jpg,real/train/real_train_00213.jpg,real_train_00213.jpg,real,0,train,f158bddb678e21e6aa0327e236522eac5e702030abebba58af76d6da421f7b1d,,213,0.0,SUCCESS,deb380413e4c02884f4ec57c15b1b50ceb6274d216ddb3ffd7a042285518a9dc,164.0,36.0,28.96453208,0.09375
/content/drive/MyDrive/AISC DeepFake Çalışmaları/Deneyler/Nazlıcan/Deney 1/Kaş/real/train/real_train_00214.jpg,real/train/real_train_00214.jpg,real_train_00214.jpg,real,0,train,4d531f0f737179794065983447ae17d73ba88e27b488ddcb89b676f77b5f507b,,214,0.0,SUCCESS,8c741adaaa78ee9e1e1b3361cdf75abcbcb86c812996f9fb44e136633645096d,137.0,32.0,50.81623205,0.0
/content/drive/MyDrive/AISC DeepFake Çalışmaları/Deneyler/Nazlıcan/Deney 1/Kaş/real/train/real_train_00216.jpg,real/train/real_train_00216.jpg,real_train_00216.jpg,real,0,train,ae4e30f1370d6a9351514daa329ce75feb4387f6311ce5a9a40f4600be1ea0f9,,216,0.0,SUCCESS,c9c614bc52f89dd3040c6c917f2a4da0935ed3fa34eb19fbd94d9b8ed4590203,143.0,30.0,83.19956184,0.0
/content/drive/MyDrive/AISC DeepFake Çalışmaları/Deneyler/Nazlıcan/Deney 1/Kaş/real/train/real_train_00217.jpg,real/train/real_train_00217.jpg,real_train_00217.jpg,real,0,train,23f8f64732faccfab773112345c46574a137fe1fd54e35e5b2e0355cc813e33a,,217,0.0,SUCCESS,e3d1ad96e6e69cebd331718e0ca59bb31e91bf7e6536487d4b476ddcd02996be,79.0,15.0,1008.97074187,0.0
/content/drive/MyDrive/AISC DeepFake Çalışmaları/Deneyler/Nazlıcan/Deney 1/Kaş/real/train/real_train_00218.jpg,real/train/real_train_00218.jpg,real_train_00218.jpg,real,0,train,1d173735458e6b53cfac80fd040c0afc901b48f17a872d9706de9469d3da0503,,218,0.0,SUCCESS,37923f301bd7921457052599627ca373e141321b56adb5357468a8ef1dcbaa8d,109.0,30.0,226.6820508,0.03125
/content/drive/MyDrive/AISC DeepFake Çalışmaları/Deneyler/Nazlıcan/Deney 1/Kaş/real/train/real_train_00220.jpg,real/train/real_train_00220.jpg,real_train_00220.jpg,real,0,train,5bf04e3d37163940f76158845ea3a04db53ad4a00161d2308e8de935a71b297b,,220,0.0,SUCCESS,bfbe91f3b9558aa5bd78e2336214cc3c92997f5255800252cfbf44f33ac32f54,101.0,23.0,124.27062101,0.0
/content/drive/MyDrive/AISC DeepFake Çalışmaları/Deneyler/Nazlıcan/Deney 1/Kaş/real/train/real_train_00221.jpg,real/train/real_train_00221.jpg,real_train_00221.jpg,real,0,train,472979a0f8390c54bd0121c986664b8b15aa5407b2582ef3f1d88a661ca78500,,221,0.0,SUCCESS,1f11d6835802b4b990c9f060b88259ddb13fee9092bd4a9a37d06aea5d47d3ad,165.0,40.0,77.44896178,0.09375
/content/drive/MyDrive/AISC DeepFake Çalışmaları/Deneyler/Nazlıcan/Deney 1/Kaş/real/train/real_train_00223.jpg,real/train/real_train_00223.jpg,real_train_00223.jpg,real,0,train,912e83a0909b5aacdbd9cf57a4b317ebb782f3dbfcf8baee0e313be3cb92dc46,,223,0.0,SUCCESS,83993efde2ed5bef74e49500a25d19733298ecbf777904fa1d48991df311b378,123.0,37.0,69.06806297,0.0
/content/drive/MyDrive/AISC DeepFake Çalışmaları/Deneyler/Nazlıcan/Deney 1/Kaş/real/train/real_train_00224.jpg,real/train/real_train_00224.jpg,real_train_00224.jpg,real,0,train,ca80c4fb1306e8126f15a70da0b248dfc1b2afb88b2841b5d6c726bcbb6b6ada,,224,0.0,SUCCESS,a2a5f8d107289b0b4253401e31da08312c0013ca8121a4ac821b3282fe34b2f4,249.0,47.0,32.81514144,0.0625
/content/drive/MyDrive/AISC DeepFake Çalışmaları/Deneyler/Nazlıcan/Deney 1/Kaş/real/train/real_train_00225.jpg,real/train/real_train_00225.jpg,real_train_00225.jpg,real,0,train,85a9aa3906edf89c875a059553b42233d7e799fea2a2a733af26c345ee7a8825,,225,0.0,SUCCESS,7e15366fb3927d696820299c908582e3945b09b3ff5e2feec20b8dabdd2784cf,86.0,15.0,943.86357791,0.125
/content/drive/MyDrive/AISC DeepFake Çalışmaları/Deneyler/Nazlıcan/Deney 1/Kaş/real/train/real_train_00226.jpg,real/train/real_train_00226.jpg,real_train_00226.jpg,real,0,train,70cd47f898f0cc5cb965a5cd36135e8eba4924354fbd679e54c5939371fc97c1,,226,0.0,SUCCESS,5ad4a369e74a6528da81723c330b0e12103f2870f4211abf8c1de4846ab9b4b5,88.0,23.0,69.15952835,0.0
/content/drive/MyDrive/AISC DeepFake Çalışmaları/Deneyler/Nazlıcan/Deney 1/Kaş/real/train/real_train_00229.jpg,real/train/real_train_00229.jpg,real_train_00229.jpg,real,0,train,84dfba2164e2f5d645e841d99997a16d240e88575b16d873f384033769f6c51e,,229,0.0,SUCCESS,7f9a58b009bb395cd608eaebafb815edd0ed25f0cbfccd8399fb8fa036609c89,626.0,187.0,3.23388249,0.0
/content/drive/MyDrive/AISC DeepFake Çalışmaları/Deneyler/Nazlıcan/Deney 1/Kaş/real/train/real_train_00230.jpg,real/train/real_train_00230.jpg,real_train_00230.jpg,real,0,train,fff4d1bd29871815878b8affd0d0e53a144d059656d27df07859757cd468f632,,230,0.0,SUCCESS,6abcafd4229b96328c38894eed4979e7a438f6bc7e6d9ebc93ad8c474fab61b5,130.0,35.0,35.12537563,0.0
/content/drive/MyDrive/AISC DeepFake Çalışmaları/Deneyler/Nazlıcan/Deney 1/Kaş/real/train/real_train_00231.jpg,real/train/real_train_00231.jpg,real_train_00231.jpg,real,0,train,e43e5910c037377a0618bec5dd39bb4334dd15d48fad2d3e64c68f21d3f92ff5,,231,0.0,SUCCESS,0ddfe37ddcc536edb8c5b457168cac47672a9ddc287482d8e2eaeed865a5ea83,84.0,19.0,215.04158422,0.125
/content/drive/MyDrive/AISC DeepFake Çalışmaları/Deneyler/Nazlıcan/Deney 1/Kaş/real/train/real_train_00232.jpg,real/train/real_train_00232.jpg,real_train_00232.jpg,real,0,train,779324917ffa9a7f305a70f57d3dba72115462ae9188f4f3f44e060554d7fdd7,,232,0.0,SUCCESS,ae6e319f7a40a57ea0af15b5c88ccc15ef8da599f04bc244f734fe604dd86222,235.0,61.0,12.74259038,0.0
/content/drive/MyDrive/AISC DeepFake Çalışmaları/Deneyler/Nazlıcan/Deney 1/Kaş/real/train/real_train_00233.jpg,real/train/real_train_00233.jpg,real_train_00233.jpg,real,0,train,5f8ed07b7ca0dee66acaba41e3ced0b9cde042d64b424b02a99074b4467fa721,,233,0.0,SUCCESS,eaad4307be20e61ca0a4893d9efba1973f338186e4a68551fb83592ba760a1da,131.0,28.0,70.17959505,0.0
/content/drive/MyDrive/AISC DeepFake Çalışmaları/Deneyler/Nazlıcan/Deney 1/Kaş/real/train/real_train_00234.jpg,real/train/real_train_00234.jpg,real_train_00234.jpg,real,0,train,17a6df43d4c583588f13cce1e25392c5548860c097acb792ffd91fbf4b13b743,,234,0.0,SUCCESS,3f105af78d2bbd4e3250c8327f78b82452dbfea0fa53d4cebb1ece5683cfec41,103.0,20.0,121.96840678,0.0
/content/drive/MyDrive/AISC DeepFake Çalışmaları/Deneyler/Nazlıcan/Deney 1/Kaş/real/train/real_train_00235.jpg,real/train/real_train_00235.jpg,real_train_00235.jpg,real,0,train,c0f2cc11e13b64ee20f2bad0cafbbff1a8ebbb95929a75b744296d12c2198fd7,,235,0.0,SUCCESS,2b86da17196996681852fda1b921293694fbde65f7998d1d8eed048e5fdcb4a9,106.0,34.0,171.96640456,0.0
/content/drive/MyDrive/AISC DeepFake Çalışmaları/Deneyler/Nazlıcan/Deney 1/Kaş/real/train/real_train_00236.jpg,real/train/real_train_00236.jpg,real_train_00236.jpg,real,0,train,5fec2d12d6ad01e825286be94535ece1f926e455cc1ec1a0a7d2a07941a885a1,,236,0.0,SUCCESS,f14990ddd726b769f47de949342f49f35ef259588bf368ea18bbd1069e3b7bcf,169.0,33.0,17.86736387,0.0
/content/drive/MyDrive/AISC DeepFake Çalışmaları/Deneyler/Nazlıcan/Deney 1/Kaş/real/train/real_train_00238.jpg,real/train/real_train_00238.jpg,real_train_00238.jpg,real,0,train,9dd8f68a6c99f99765c3910fc0da4abcf5307ac11093f560ce9bb94f26d2a310,,238,0.0,SUCCESS,7c817ca90e31ce2f735063bcd68eb3e620d4b0f296ec185fb3d12295f170ac77,122.0,32.0,455.01346343,0.0
/content/drive/MyDrive/AISC DeepFake Çalışmaları/Deneyler/Nazlıcan/Deney 1/Kaş/real/train/real_train_00239.jpg,real/train/real_train_00239.jpg,real_train_00239.jpg,real,0,train,e90fadc627519c9f80ed19ff5a8c1f904dd174cd4a19ba060efe49f414df40d7,,239,0.0,SUCCESS,490c75b6afce15d79d42587a13a0408ba1055a4ce6cca447e0cc9d8b1cc0d95a,173.0,37.0,106.76031482,0.09375
/content/drive/MyDrive/AISC DeepFake Çalışmaları/Deneyler/Nazlıcan/Deney 1/Kaş/real/train/real_train_00241.jpg,real/train/real_train_00241.jpg,real_train_00241.jpg,real,0,train,850239b808cb5e81b07213196cbb8cd20aca1036a26e989241aaa14d3c9f74cf,,241,0.0,SUCCESS,1f86659bfeb4bee69e4e078172053e41f622dfec9da5b3ecd1227d5fd67c50e8,122.0,36.0,49.96086396,0.125
/content/drive/MyDrive/AISC DeepFake Çalışmaları/Deneyler/Nazlıcan/Deney 1/Kaş/real/train/real_train_00242.jpg,real/train/real_train_00242.jpg,real_train_00242.jpg,real,0,train,a4b6299516b85791fda1532251b525e5d2743b38c31fca1ba7a1bbb0fa207ef2,,242,0.0,SUCCESS,a357524f7a0e305443c710885beb4baedcea3673711dc5872384e7af89f68dce,407.0,89.0,6.19676269,0.0
/content/drive/MyDrive/AISC DeepFake Çalışmaları/Deneyler/Nazlıcan/Deney 1/Kaş/real/train/real_train_00243.jpg,real/train/real_train_00243.jpg,real_train_00243.jpg,real,0,train,109b683bb3c0172dfe31954c51cc24cdeaade826fbab2ff0658064940b9f5667,,243,0.0,SUCCESS,00f9e60116505c9ed6699141b3747ca873aa00f6ef44161847abb667bfb515e6,65.0,15.0,148.01192479,0.09375
/content/drive/MyDrive/AISC DeepFake Çalışmaları/Deneyler/Nazlıcan/Deney 1/Kaş/real/train/real_train_00244.jpg,real/train/real_train_00244.jpg,real_train_00244.jpg,real,0,train,9bea31eb167679ca002835887be656fe947e542b1a052731c1e035b0b28f7b94,,244,0.0,SUCCESS,1fbb77d3781e9d263009e82cb3e27b6c78063410e63175e2a8e7dc7166093f95,106.0,24.0,87.78002749,0.09375
/content/drive/MyDrive/AISC DeepFake Çalışmaları/Deneyler/Nazlıcan/Deney 1/Kaş/real/train/real_train_00245.jpg,real/train/real_train_00245.jpg,real_train_00245.jpg,real,0,train,df7164d073be359f0879614f950adcd03a79e3c3a27eb9afec4cacd9e131fdc9,,245,0.0,SUCCESS,d687aeabd5817c51205ff5a754e698c5d67a1d69d708221d2e0c85efbaca223a,177.0,61.0,78.05969918,0.1875
/content/drive/MyDrive/AISC DeepFake Çalışmaları/Deneyler/Nazlıcan/Deney 1/Kaş/real/train/real_train_00246.jpg,real/train/real_train_00246.jpg,real_train_00246.jpg,real,0,train,26f77f41629a5d2faf866051f1260139ec34585a895cd295c88864a221e7f831,,246,0.0,SUCCESS,26d070e87549fc0f82beb688db032037a0c1a3784d7cbc8b27c6ed0603ab102e,107.0,33.0,70.47917394,0.09375
/content/drive/MyDrive/AISC DeepFake Çalışmaları/Deneyler/Nazlıcan/Deney 1/Kaş/real/train/real_train_00247.jpg,real/train/real_train_00247.jpg,real_train_00247.jpg,real,0,train,831b43eb995af7a3d2eaf9ee9d0f1e3af1c94efec6ff8d15106a4469ee89019d,,247,0.0,SUCCESS,bc801d578309d844f9489efff308058610320fa3ac6e28a4578d817dc26c40c6,149.0,30.0,73.72994129,0.0
/content/drive/MyDrive/AISC DeepFake Çalışmaları/Deneyler/Nazlıcan/Deney 1/Kaş/real/train/real_train_00248.jpg,real/train/real_train_00248.jpg,real_train_00248.jpg,real,0,train,eea1c1309ea07f7a179cb4d8ac12679220d6a1271020da561f3ab3c7b21155f9,,248,0.0,SUCCESS,7c6c4797d593ca201f099a2c1dd14c749ca362aaf1c653f802c426679df8c280,112.0,25.0,178.86333469,0.0
/content/drive/MyDrive/AISC DeepFake Çalışmaları/Deneyler/Nazlıcan/Deney 1/Kaş/real/train/real_train_00250.jpg,real/train/real_train_00250.jpg,real_train_00250.jpg,real,0,train,ca1f075f40f8838e23d89f3e2f9b5e443621bcc0ad970de9309d72e0f9821c3e,,250,0.0,SUCCESS,79a74b299a521c6f25ea1d33386e162975a3671bd960d7baf4cfed25b5185647,261.0,54.0,18.75737219,0.0
/content/drive/MyDrive/AISC DeepFake Çalışmaları/Deneyler/Nazlıcan/Deney 1/Kaş/real/train/real_train_00252.jpg,real/train/real_train_00252.jpg,real_train_00252.jpg,real,0,train,385b8ea2f8d773f0b77a34e0015f87d963f7d24bca2718d7e085839d6cf8b1ce,,252,0.0,SUCCESS,349b41cb10383e20db60202ff49dbc4d2417e5956ac970a122171bc5b96542c4,294.0,64.0,17.17544853,0.0
/content/drive/MyDrive/AISC DeepFake Çalışmaları/Deneyler/Nazlıcan/Deney 1/Kaş/real/train/real_train_00254.jpg,real/train/real_train_00254.jpg,real_train_00254.jpg,real,0,train,7c08591d7b21256b808e1ac319b0f7ec7699795863d5f8dc2a47486fe792dae5,,254,0.0,SUCCESS,f1c6a426b5155ef0dbdd8b8ceca2c99cdc03bb43b9c8a2acd943cfcc248f8550,124.0,36.0,125.47174885,0.09375
/content/drive/MyDrive/AISC DeepFake Çalışmaları/Deneyler/Nazlıcan/Deney 1/Kaş/real/train/real_train_00257.jpg,real/train/real_train_00257.jpg,real_train_00257.jpg,real,0,train,de0c3ac34e429d18583b61bf1b12d22e2e92a989f6305531244d3f72de80f8d2,,257,0.0,SUCCESS,90ae50800e06c438db5e4c6dad558f06c2ae2af0c84da23d5f571ee3aa04553c,101.0,24.0,554.94052803,0.0
/content/drive/MyDrive/AISC DeepFake Çalışmaları/Deneyler/Nazlıcan/Deney 1/Kaş/real/train/real_train_00258.jpg,real/train/real_train_00258.jpg,real_train_00258.jpg,real,0,train,f34dcc7d6660cdb47dfc981b6baf93d923e53839db271f651f7da1c89bfe4e73,,258,0.0,SUCCESS,8446e7e4a26d47f39a665415b1af586deb97a780e0325e745bd4a544beccf5c3,138.0,30.0,69.2407244,0.0
/content/drive/MyDrive/AISC DeepFake Çalışmaları/Deneyler/Nazlıcan/Deney 1/Kaş/real/train/real_train_00260.jpg,real/train/real_train_00260.jpg,real_train_00260.jpg,real,0,train,bd466786bab6a72e4e1d280b22541ba2c329806e9063c788e9b57780521c8d76,,260,0.0,SUCCESS,54a57f7f568aef3556ab8873c86cd78c653048b23096f92116a8386a73fcdbdc,192.0,32.0,28.44104192,0.09375
/content/drive/MyDrive/AISC DeepFake Çalışmaları/Deneyler/Nazlıcan/Deney 1/Kaş/real/train/real_train_00261.jpg,real/train/real_train_00261.jpg,real_train_00261.jpg,real,0,train,426c35d747ff27e67debc3ee1ec816bd6ec5971ba09552e74977a532217b316e,,261,0.0,SUCCESS,7f977b3fca0c32421b0028e37eb56291eba481790c29c0be32f75fff9c1b0bec,113.0,26.0,335.54575419,0.0
/content/drive/MyDrive/AISC DeepFake Çalışmaları/Deneyler/Nazlıcan/Deney 1/Kaş/real/train/real_train_00264.jpg,real/train/real_train_00264.jpg,real_train_00264.jpg,real,0,train,e84026bf46db50c02fa8e6d7c28d539cff97fbfe3f4da7b1844946b0b12cc87b,,264,0.0,SUCCESS,b1502f37848cd2c11db86d972fc9c93f6bd74d169d53587dcc8483eb23f92455,107.0,31.0,37.35233019,0.09375
/content/drive/MyDrive/AISC DeepFake Çalışmaları/Deneyler/Nazlıcan/Deney 1/Kaş/real/train/real_train_00265.jpg,real/train/real_train_00265.jpg,real_train_00265.jpg,real,0,train,2e8c7c037ed5c7e55643ab1883d53840dc4e683d7c7e203ed52ab0c46e8a4f72,,265,0.0,SUCCESS,265624d0ca608ceec09eff18c582ae2c5955b0af04240bc4a45a93f0be856507,108.0,33.0,62.13633742,0.0
/content/drive/MyDrive/AISC DeepFake Çalışmaları/Deneyler/Nazlıcan/Deney 1/Kaş/real/train/real_train_00267.jpg,real/train/real_train_00267.jpg,real_train_00267.jpg,real,0,train,f821c362c34a0c02f963ff4cfc94f1a7962c3cf6bb7c70a8451c681e2caeae05,,267,0.0,SUCCESS,d721f5c5a912b23004a42b62afe92e1589042fa66beac82294642378af57be8d,279.0,61.0,44.75817303,0.0
/content/drive/MyDrive/AISC DeepFake Çalışmaları/Deneyler/Nazlıcan/Deney 1/Kaş/real/train/real_train_00268.jpg,real/train/real_train_00268.jpg,real_train_00268.jpg,real,0,train,680d8fb0c64153a21a37d46267916f108c2111217f968cf6b4fa126a643f5000,,268,0.0,SUCCESS,e3f4bae9d3abe9c174c1a6ad350c3283968dd0451801065262368f728ab84630,112.0,26.0,51.44227703,0.0
/content/drive/MyDrive/AISC DeepFake Çalışmaları/Deneyler/Nazlıcan/Deney 1/Kaş/real/train/real_train_00269.jpg,real/train/real_train_00269.jpg,real_train_00269.jpg,real,0,train,9c52ba0e8423070f50eb768adf88d0c018c88de311adc3ee32c51aba5e41e6b1,,269,0.0,SUCCESS,f2cb66c7c00cf0977526bb0185ce81d1ec738680156446e7b9fb60c866d743d4,223.0,44.0,30.20413575,0.0
/content/drive/MyDrive/AISC DeepFake Çalışmaları/Deneyler/Nazlıcan/Deney 1/Kaş/real/train/real_train_00270.jpg,real/train/real_train_00270.jpg,real_train_00270.jpg,real,0,train,fc3814854f72689dc76f0f30a2d23ef4bcf4e13b7ec5b87207377d778b8d0527,,270,0.0,SUCCESS,c9637891382df991667b41920034bba3623d838436fa1b94893d32c0a6dca4fc,189.0,44.0,28.09178364,0.09375
/content/drive/MyDrive/AISC DeepFake Çalışmaları/Deneyler/Nazlıcan/Deney 1/Kaş/real/train/real_train_00274.jpg,real/train/real_train_00274.jpg,real_train_00274.jpg,real,0,train,32f14d9e0e6d32ac85fea5b7943dc9fbd32b717176d0a7e6c4ec4c2b402d149f,,274,0.0,SUCCESS,bfafccfefc0b91aff0758b5b96ca7b8a8eda62a13a3eacfb3df31ee521708565,135.0,41.0,114.91213653,0.0
/content/drive/MyDrive/AISC DeepFake Çalışmaları/Deneyler/Nazlıcan/Deney 1/Kaş/real/train/real_train_00275.jpg,real/train/real_train_00275.jpg,real_train_00275.jpg,real,0,train,4a9be109d0ec89b02d52fdf7e4fbb28ea2c3e493bfa2b1f47a57c093757ca915,,275,0.0,SUCCESS,c21871fe73890a53550fff3a937f46e53512db2a8f5986c5176bd3b9dfdcbaff,102.0,28.0,106.24182565,0.0
/content/drive/MyDrive/AISC DeepFake Çalışmaları/Deneyler/Nazlıcan/Deney 1/Kaş/real/train/real_train_00276.jpg,real/train/real_train_00276.jpg,real_train_00276.jpg,real,0,train,f21432c2f0016c1c1d3a908556bc1d64e5666980fb38354e7b9772d052027725,,276,0.0,SUCCESS,f522dbf2139b473444c8e8a4fbda34ff61a299942d125f4f0fbe6775de1ef8d8,458.0,100.0,10.57269436,0.09375
/content/drive/MyDrive/AISC DeepFake Çalışmaları/Deneyler/Nazlıcan/Deney 1/Kaş/real/train/real_train_00279.jpg,real/train/real_train_00279.jpg,real_train_00279.jpg,real,0,train,aca2c73869bd5d2a889cf7dfc55249174a0984d84b4219bd224bcf9b0170fcd1,,279,0.0,SUCCESS,813dac985b2a67ff6e3bd08ef52e9255b51db17e2f7191f87078f5f5437744e9,443.0,127.0,29.07582355,0.0
/content/drive/MyDrive/AISC DeepFake Çalışmaları/Deneyler/Nazlıcan/Deney 1/Kaş/real/train/real_train_00280.jpg,real/train/real_train_00280.jpg,real_train_00280.jpg,real,0,train,9a1d2901f0d6af3536550af522deabe7f984350f0a690afa6b5aee17eb5775e9,,280,0.0,SUCCESS,e6365096ef898fd4c071918a2890b79bc077547317ed9bf3266b8f70116f3ee4,403.0,86.0,98.08280922,0.0625
/content/drive/MyDrive/AISC DeepFake Çalışmaları/Deneyler/Nazlıcan/Deney 1/Kaş/real/train/real_train_00284.jpg,real/train/real_train_00284.jpg,real_train_00284.jpg,real,0,train,ff238061842a16b3e80e3617bbd58585241dabfaf72f9175669e3c97f1340100,,284,0.0,SUCCESS,1bb1da9e2826ca67ca422023cdead4447c33d962ba8ad5267a851ddc57a46470,184.0,39.0,56.97062717,0.0
/content/drive/MyDrive/AISC DeepFake Çalışmaları/Deneyler/Nazlıcan/Deney 1/Kaş/real/train/real_train_00285.jpg,real/train/real_train_00285.jpg,real_train_00285.jpg,real,0,train,d6145ddf39645ebedef77089154ce60c81a21f92456fe8549d4baec4f6c04d32,,285,0.0,SUCCESS,41b48ef8badd22632766d7858305717f09e353da324975302651d3e5f31874bc,79.0,15.0,750.58648009,0.0
/content/drive/MyDrive/AISC DeepFake Çalışmaları/Deneyler/Nazlıcan/Deney 1/Kaş/real/train/real_train_00286.jpg,real/train/real_train_00286.jpg,real_train_00286.jpg,real,0,train,54989096b2f68541c86591360e9addd308a457b2c2e7b85c836f95fabc8a3e25,,286,0.0,SUCCESS,d6e5123727f778cf804d203bf312be9cc01fbd02166188fa5ef21a311c86a18d,87.0,21.0,333.99675787,0.09375
/content/drive/MyDrive/AISC DeepFake Çalışmaları/Deneyler/Nazlıcan/Deney 1/Kaş/real/train/real_train_00287.jpg,real/train/real_train_00287.jpg,real_train_00287.jpg,real,0,train,18112ec7e4e896f1e1e4a5ee47b3e35d1537c211659fca150256120eac34132c,,287,0.0,SUCCESS,3a383a5a8af5be53fff1fcf88ca1796540b82d2ac33ec3d8943f86dc7df7bd25,217.0,56.0,25.72723161,0.0
/content/drive/MyDrive/AISC DeepFake Çalışmaları/Deneyler/Nazlıcan/Deney 1/Kaş/real/train/real_train_00288.jpg,real/train/real_train_00288.jpg,real_train_00288.jpg,real,0,train,1ab8494c7aaa94407df27297798b4ad7d23ff7a6df541ff31bf8e238552a905c,,288,0.0,SUCCESS,ba2032442090258e0aaadbd61ea384b68f52c4bf4a68c99d154fc2740d56ba65,95.0,37.0,528.05575584,0.125
/content/drive/MyDrive/AISC DeepFake Çalışmaları/Deneyler/Nazlıcan/Deney 1/Kaş/real/train/real_train_00289.jpg,real/train/real_train_00289.jpg,real_train_00289.jpg,real,0,train,c785cad716abef68c434b37fd8955b24c5306386bc6e0bd0f50fa9e5be353a6c,,289,0.0,SUCCESS,f8f0a9abd509c99f97b3721eb3e978bd21e02ac9830b4dff40a028570599e9e1,149.0,28.0,36.3558828,0.0
/content/drive/MyDrive/AISC DeepFake Çalışmaları/Deneyler/Nazlıcan/Deney 1/Kaş/real/train/real_train_00290.jpg,real/train/real_train_00290.jpg,real_train_00290.jpg,real,0,train,6ba5662935f9cae84e7c88cc93d3633e4c43dc0cf2a1f949fa5d3d4a9e670216,,290,0.0,SUCCESS,19716ae66e6c62b3dbc69088370bde8b94e58c5a15e320906da01943670023e1,84.0,18.0,94.76812484,0.125
/content/drive/MyDrive/AISC DeepFake Çalışmaları/Deneyler/Nazlıcan/Deney 1/Kaş/real/train/real_train_00291.jpg,real/train/real_train_00291.jpg,real_train_00291.jpg,real,0,train,06a8665d34d4fcbcf748c01bac6b0c7ead8f429bbd71516e5dac85ca4ed0c4e8,,291,0.0,SUCCESS,eae5b94f0769c951d46d866db6e2e82d3bb9e13891bb9d435ea0177a109d7906,416.0,138.0,10.63386934,0.0625
/content/drive/MyDrive/AISC DeepFake Çalışmaları/Deneyler/Nazlıcan/Deney 1/Kaş/real/train/real_train_00293.jpg,real/train/real_train_00293.jpg,real_train_00293.jpg,real,0,train,b4fc5ab2e85113aa939349a774b51a91e202aa9187cde8ec5c1a9575cae271e1,,293,0.0,SUCCESS,4093114e47ef3aa918d7e0abee1c77f4aa8e96997704eb22c33e28a4aad59daa,179.0,39.0,109.47873313,0.09375
/content/drive/MyDrive/AISC DeepFake Çalışmaları/Deneyler/Nazlıcan/Deney 1/Kaş/real/train/real_train_00294.jpg,real/train/real_train_00294.jpg,real_train_00294.jpg,real,0,train,1447a9bd4745939388a648c70275924b9316206be25a2e52a6a9bba194c57383,,294,0.0,SUCCESS,c0aa2d4624a8bccf1fbf5dfac4bc16d99f2c79286dafc49c158028264c5623f3,67.0,16.0,926.73731622,0.03125
/content/drive/MyDrive/AISC DeepFake Çalışmaları/Deneyler/Nazlıcan/Deney 1/Kaş/real/train/real_train_00296.jpg,real/train/real_train_00296.jpg,real_train_00296.jpg,real,0,train,7779a639de0bb0eeb01111a0d79d5003ea7c4619960d985ef540bf9b487758ae,,296,0.0,SUCCESS,a2de2d30a83b007d4229040fa8d68ea8cb76f375979fbae9a0e1fa1d0ffe217b,163.0,43.0,27.27567143,0.09375
/content/drive/MyDrive/AISC DeepFake Çalışmaları/Deneyler/Nazlıcan/Deney 1/Kaş/real/train/real_train_00299.jpg,real/train/real_train_00299.jpg,real_train_00299.jpg,real,0,train,fe3b2475b4b5955dcce39792ee973039b7a91fb5537dd06c622579a7ce0ee7f2,,299,0.0,SUCCESS,3b1ad1471d4b64f13f31ee6b284cdcdaf73570949ee3e6e8865651c825aea445,282.0,86.0,10.21398942,0.0
/content/drive/MyDrive/AISC DeepFake Çalışmaları/Deneyler/Nazlıcan/Deney 1/Kaş/real/train/real_train_00300.jpg,real/train/real_train_00300.jpg,real_train_00300.jpg,real,0,train,5ea1970f93a01d8bf1ac572583661cf6d6acb4cdeb485adbe7cc21aa3571dd93,,300,0.0,SUCCESS,6320b1f88e21c554903b58bbadb55dcb1e1b57a08862352aaa4921af16f59ce7,165.0,34.0,66.84494142,0.0
/content/drive/MyDrive/AISC DeepFake Çalışmaları/Deneyler/Nazlıcan/Deney 1/Kaş/real/train/real_train_00302.jpg,real/train/real_train_00302.jpg,real_train_00302.jpg,real,0,train,d52b6c50e98dfad38df244b2e9901a82d4d1aac8c0eaad4a4c4870734f9f2184,,302,0.0,SUCCESS,d37e27be1d5fe6c6a183207381e73d7d3ac45f72cef39c9cdcf166e2c1391239,120.0,27.0,87.09562414,0.0
/content/drive/MyDrive/AISC DeepFake Çalışmaları/Deneyler/Nazlıcan/Deney 1/Kaş/real/train/real_train_00304.jpg,real/train/real_train_00304.jpg,real_train_00304.jpg,real,0,train,05724da13e49a8605f7ff5cf48dec88ecffb334694f3a6f9a852d961be4f2545,,304,0.0,SUCCESS,b68a260be731360684ac0ec8d205e6902515f7e99aadbf68c30ecdfbf844896c,77.0,16.0,65.09753964,0.0
/content/drive/MyDrive/AISC DeepFake Çalışmaları/Deneyler/Nazlıcan/Deney 1/Kaş/real/train/real_train_00305.jpg,real/train/real_train_00305.jpg,real_train_00305.jpg,real,0,train,9d5db4cee1e337ba2b99edf3dd90a0d6543a37e7f11f9ad0d0c1d8e6160f6f08,,305,0.0,SUCCESS,560d84a5de435c749c6f77b55cb7c6752e9b7c1c30d8bf3f39bacb49a0908383,194.0,49.0,10.63685469,0.0
/content/drive/MyDrive/AISC DeepFake Çalışmaları/Deneyler/Nazlıcan/Deney 1/Kaş/real/train/real_train_00307.jpg,real/train/real_train_00307.jpg,real_train_00307.jpg,real,0,train,6891234c44243f4e238afaa2c572d65418f1088d81b8d9527366fdf4aa1ca8ac,,307,0.0,SUCCESS,422e5dd6ac474f4945508a34ec0ada113f6da7f405f807caa981f8c2837fa040,131.0,28.0,35.8882849,0.0
/content/drive/MyDrive/AISC DeepFake Çalışmaları/Deneyler/Nazlıcan/Deney 1/Kaş/real/train/real_train_00308.jpg,real/train/real_train_00308.jpg,real_train_00308.jpg,real,0,train,61a8078896c2e188ef5c5275ab67ac926d3e0ee846ab67c7af7f5b30c4bd4674,,308,0.0,SUCCESS,d0ef8819342730f2b0beb9e4372db7318c905f74fa0aa2960c1ef5405f3834bb,258.0,52.0,39.07353415,0.09375
/content/drive/MyDrive/AISC DeepFake Çalışmaları/Deneyler/Nazlıcan/Deney 1/Kaş/real/train/real_train_00309.jpg,real/train/real_train_00309.jpg,real_train_00309.jpg,real,0,train,d3ca1711d798065a924add74de4a7783557d0f8190f155304020cc33d18b61b6,,309,0.0,SUCCESS,998ff839da883cd08ece3a2f3f9cb2d0542208c7fccdc65cd1630abb0f2044cc,93.0,23.0,103.34459987,0.03125
/content/drive/MyDrive/AISC DeepFake Çalışmaları/Deneyler/Nazlıcan/Deney 1/Kaş/real/train/real_train_00311.jpg,real/train/real_train_00311.jpg,real_train_00311.jpg,real,0,train,0613562a4d2f01cdec131e7f7011528aecfe844dda01e1fe95e8d54d93875133,,311,0.0,SUCCESS,e9beabd8a6bf897181b72328822b51e64e7edc5a0709c6666e0449e584bf89c4,100.0,28.0,450.51807028,0.125
/content/drive/MyDrive/AISC DeepFake Çalışmaları/Deneyler/Nazlıcan/Deney 1/Kaş/real/train/real_train_00313.jpg,real/train/real_train_00313.jpg,real_train_00313.jpg,real,0,train,764fc16b95384f06c1b5dc88e8907c6d0d993f7f27c5d2739772b8964dbbb50f,,313,0.0,SUCCESS,d24954d53518a1960d21f757b544a14a0f282395cf0430e0ba0de6bcb65a2da9,107.0,22.0,43.83906801,0.0
/content/drive/MyDrive/AISC DeepFake Çalışmaları/Deneyler/Nazlıcan/Deney 1/Kaş/real/train/real_train_00314.jpg,real/train/real_train_00314.jpg,real_train_00314.jpg,real,0,train,ff95aff07fcefac40fb971b321a0c9cb5b2a5ef442e8372611f7034ac0be4a47,,314,0.0,SUCCESS,3224e770bc936b38472cfeb090219b63ca35c5578fb88c05521f77ec657cd3dd,220.0,52.0,12.06938405,0.0
/content/drive/MyDrive/AISC DeepFake Çalışmaları/Deneyler/Nazlıcan/Deney 1/Kaş/real/train/real_train_00315.jpg,real/train/real_train_00315.jpg,real_train_00315.jpg,real,0,train,759600c8c99a4d510b809f97687ae855e61cb260bf301a87d1a6ddf5c0373c9e,,315,0.0,SUCCESS,fc4f30b76a1fe68255e80993677892ccdc07bb2347b3f18873e89fd6710fd728,89.0,25.0,205.1401724,0.0
/content/drive/MyDrive/AISC DeepFake Çalışmaları/Deneyler/Nazlıcan/Deney 1/Kaş/real/train/real_train_00316.jpg,real/train/real_train_00316.jpg,real_train_00316.jpg,real,0,train,f4d182fe7119fca195dcec81701f41da993b43791fa3985ed46b84d492221021,,316,0.0,SUCCESS,2f3362e25bc46f03f58c1dceea85596f72cc65520821c38d82e532db7a94616a,99.0,32.0,394.98567818,0.125
/content/drive/MyDrive/AISC DeepFake Çalışmaları/Deneyler/Nazlıcan/Deney 1/Kaş/real/train/real_train_00317.jpg,real/train/real_train_00317.jpg,real_train_00317.jpg,real,0,train,e25c03ed0206729ad7e7c5bf20a7f29bbf83710834a4790bf8be87d1bc20a4d1,,317,0.0,SUCCESS,7d5785342af46e16b51b6ff68404e6a83e8b70c1ca5efa5793a90c14a6031a4c,457.0,129.0,5.39283419,0.0
/content/drive/MyDrive/AISC DeepFake Çalışmaları/Deneyler/Nazlıcan/Deney 1/Kaş/real/train/real_train_00318.jpg,real/train/real_train_00318.jpg,real_train_00318.jpg,real,0,train,c2437d017ed0ae332cbbd8b1ade7482c361de0daa9af3411e43679d65ff8a585,,318,0.0,SUCCESS,5d8917aa65f63ede0da68dc02f8475791aed95784f575e0d09d42deae5388262,103.0,27.0,58.84434897,0.09375
/content/drive/MyDrive/AISC DeepFake Çalışmaları/Deneyler/Nazlıcan/Deney 1/Kaş/real/train/real_train_00319.jpg,real/train/real_train_00319.jpg,real_train_00319.jpg,real,0,train,1e56856ab1dac8f94f026b2fe2ff36d4e725bd44fe273a765dc1d38978301d8a,,319,0.0,SUCCESS,9acb5eadd838a858a95ade4bdbf03899d4eacb4f4b2ac9c8fa45329540274d76,284.0,67.0,30.59547786,0.0
/content/drive/MyDrive/AISC DeepFake Çalışmaları/Deneyler/Nazlıcan/Deney 1/Kaş/real/train/real_train_00320.jpg,real/train/real_train_00320.jpg,real_train_00320.jpg,real,0,train,5e914557120aa819d463a54b696eb6ff2fa35c13676f3173d3a33a4343ffd635,,320,0.0,SUCCESS,d0c3c5f64c421b08c16c7fe1ceb1f7dbde46a8492cbf60ffb8f2f7afd9bbdef8,143.0,28.0,107.30574296,0.0
/content/drive/MyDrive/AISC DeepFake Çalışmaları/Deneyler/Nazlıcan/Deney 1/Kaş/real/train/real_train_00321.jpg,real/train/real_train_00321.jpg,real_train_00321.jpg,real,0,train,8a2398d39669b7e9ce3d30791cf1732c33eee2ffe81950416ad0a1e1cacb706b,,321,0.0,SUCCESS,d1aa01f6292d554f89a4b248b262ff8e14f60da8255cdcce42145ad7f6e2d59f,74.0,20.0,168.28166499,0.1875
/content/drive/MyDrive/AISC DeepFake Çalışmaları/Deneyler/Nazlıcan/Deney 1/Kaş/real/train/real_train_00322.jpg,real/train/real_train_00322.jpg,real_train_00322.jpg,real,0,train,dbedf9af6a599fcd85d2540291902e8abfeebfabcef6428507a8cd2e68de9e27,,322,0.0,SUCCESS,ae72eea494c3626eafe08c2a14a91aa6fdb960fa64b20fae61c4e40888fd2c64,71.0,15.0,536.09847782,0.0625
/content/drive/MyDrive/AISC DeepFake Çalışmaları/Deneyler/Nazlıcan/Deney 1/Kaş/real/train/real_train_00323.jpg,real/train/real_train_00323.jpg,real_train_00323.jpg,real,0,train,2cf266bcb688c2624bc508d6b71fdb9cb9d64d72478fc20dce61b8c80ecc4df4,,323,0.0,SUCCESS,7e92f1c34aac2ea6e60f749c276a2e59cc84928102ee48d3a8abfb767f942818,84.0,20.0,229.39803536,0.125
/content/drive/MyDrive/AISC DeepFake Çalışmaları/Deneyler/Nazlıcan/Deney 1/Kaş/real/train/real_train_00324.jpg,real/train/real_train_00324.jpg,real_train_00324.jpg,real,0,train,44588a8d6f22c32976c6f80d89e600fa8c98fbd6b5139f3a8bba5e0d9d4eeb80,,324,0.0,SUCCESS,26216e7f09aeb2f74c36579abdfca624b1eb177c19fca9dcb2d513fb99d82293,98.0,22.0,258.42440219,0.0
/content/drive/MyDrive/AISC DeepFake Çalışmaları/Deneyler/Nazlıcan/Deney 1/Kaş/real/train/real_train_00326.jpg,real/train/real_train_00326.jpg,real_train_00326.jpg,real,0,train,c38a1406df1690abbd4e5fdd883a5d9180186900fde9be2140a6f45377808bd1,,326,0.0,SUCCESS,3f5040c658e713980c69b1f9a6a9479dffc530b18c1d9ad5623b682674b2b291,97.0,24.0,197.79176833,0.0
/content/drive/MyDrive/AISC DeepFake Çalışmaları/Deneyler/Nazlıcan/Deney 1/Kaş/real/train/real_train_00327.jpg,real/train/real_train_00327.jpg,real_train_00327.jpg,real,0,train,24b2a8647694754b8072192de9ba46f7386f88b0d1bacaba6440f4c290a51dff,,327,0.0,SUCCESS,612dbece334183d0989aba1cce9fcb5718f51baf7fdaf202d0f87d1813b16a63,197.0,44.0,22.12103209,0.0625
/content/drive/MyDrive/AISC DeepFake Çalışmaları/Deneyler/Nazlıcan/Deney 1/Kaş/real/train/real_train_00328.jpg,real/train/real_train_00328.jpg,real_train_00328.jpg,real,0,train,736c4732dca1fce85c47c02bcae87b95a7e01cf9977bef5326ca6f974965ad9d,,328,0.0,SUCCESS,9543bb2fbab223b9ac87436194903e65ee0eaa739ae34579287382865591bfba,74.0,19.0,294.15498908,0.09375
/content/drive/MyDrive/AISC DeepFake Çalışmaları/Deneyler/Nazlıcan/Deney 1/Kaş/real/train/real_train_00329.jpg,real/train/real_train_00329.jpg,real_train_00329.jpg,real,0,train,c3e5434844ed9159964deb823a85fa919a2641a8138cef5b5bf1df6df866361f,,329,0.0,SUCCESS,752f76ee18557e8c9b3ed2f6cec0f38ad8f364e848417ab01090dd9debf6cd8d,327.0,71.0,19.15703098,0.0
/content/drive/MyDrive/AISC DeepFake Çalışmaları/Deneyler/Nazlıcan/Deney 1/Kaş/real/train/real_train_00330.jpg,real/train/real_train_00330.jpg,real_train_00330.jpg,real,0,train,fddbd1cd06b1147b0d15e3637581b05fcd5dfbd7955a4ddac1f96672c377f39c,,330,0.0,SUCCESS,ca2ed179f08a98c2ab676f687dd8b774daca3bc6e3d57a5fdda234f3a8d74234,134.0,30.0,36.59226622,0.0
/content/drive/MyDrive/AISC DeepFake Çalışmaları/Deneyler/Nazlıcan/Deney 1/Kaş/real/train/real_train_00331.jpg,real/train/real_train_00331.jpg,real_train_00331.jpg,real,0,train,fe26b70bde71e7c9a7ef62c903b8833a11f62bebad1f208a8b743fab7653fc5d,,331,0.0,SUCCESS,2309fc478dbdb7c6feba4355db64432e4c742fea59df0db53736da120741fe1e,79.0,21.0,659.65201664,0.03125
/content/drive/MyDrive/AISC DeepFake Çalışmaları/Deneyler/Nazlıcan/Deney 1/Kaş/real/train/real_train_00332.jpg,real/train/real_train_00332.jpg,real_train_00332.jpg,real,0,train,f87c1564c6858325a3a02dfba957f32f44e3d14f25f659e1534da1cf7eafe692,,332,0.0,SUCCESS,75c327b1e631b6a2fa5313e3870c6391c4fe8fb4c159b741b0686030fdbc0a4e,55.0,16.0,215.89609375,0.0
/content/drive/MyDrive/AISC DeepFake Çalışmaları/Deneyler/Nazlıcan/Deney 1/Kaş/real/train/real_train_00333.jpg,real/train/real_train_00333.jpg,real_train_00333.jpg,real,0,train,3bc83ad77bb404eea0d3053a83ec1d9bf2a65053837df21625f5bd9561fcb9d9,,333,0.0,SUCCESS,bb5bec6bfe9addf4bb0deb3942162d0410dad5a9ad3635d3c756f48e310cfbe5,374.0,83.0,5.09883846,0.0
/content/drive/MyDrive/AISC DeepFake Çalışmaları/Deneyler/Nazlıcan/Deney 1/Kaş/real/train/real_train_00335.jpg,real/train/real_train_00335.jpg,real_train_00335.jpg,real,0,train,d89c1389f1a14afb9b270c55743d93a41ee9352a48efd0f44a8853359ab2f9ec,,335,0.0,SUCCESS,0e2c444be3c54dacc221bea610167ee0585a201fc1f399d2ffe70f422762dc89,106.0,25.0,106.80621659,0.0
/content/drive/MyDrive/AISC DeepFake Çalışmaları/Deneyler/Nazlıcan/Deney 1/Kaş/real/train/real_train_00336.jpg,real/train/real_train_00336.jpg,real_train_00336.jpg,real,0,train,c6013be10df66c88f229363a398d9a0196fc03cd06da240db58155fe9da7262f,,336,0.0,SUCCESS,a4a5176cccca50fbfc7197fd026e9dccfca27fb5673acfc3c266b2d50ba6376d,218.0,47.0,55.3826485,0.0
/content/drive/MyDrive/AISC DeepFake Çalışmaları/Deneyler/Nazlıcan/Deney 1/Kaş/real/train/real_train_00337.jpg,real/train/real_train_00337.jpg,real_train_00337.jpg,real,0,train,6df54534dd55e05790e76947f6c0822b4a332fb364b4a9bb30a64e14708a9bb0,,337,0.0,SUCCESS,66232b640417ab176bc1893bc5bf3bb7d5b5d2c4e8dee76e375ec464c7371708,169.0,53.0,73.81326873,0.09375
/content/drive/MyDrive/AISC DeepFake Çalışmaları/Deneyler/Nazlıcan/Deney 1/Kaş/real/train/real_train_00339.jpg,real/train/real_train_00339.jpg,real_train_00339.jpg,real,0,train,7e1ec74132294b7710830e1f597ab45592a4cfd5b1be68b26e59551ac790535a,,339,0.0,SUCCESS,eb1f3301d776532f3b14b9609a574cc44e589b8085dd1d6f4014e569399fa6f4,68.0,16.0,848.78119256,0.0
/content/drive/MyDrive/AISC DeepFake Çalışmaları/Deneyler/Nazlıcan/Deney 1/Kaş/real/train/real_train_00340.jpg,real/train/real_train_00340.jpg,real_train_00340.jpg,real,0,train,0d18206853d39104bb5af5d5e13f7a5d1e9dcf388ed0efdd745ed7fff7a376b4,,340,0.0,SUCCESS,0c6ae1db21baef6dc0de102b331273c22827e4b2b37a36d7619ed988624ba4da,289.0,79.0,13.24084805,0.03125
/content/drive/MyDrive/AISC DeepFake Çalışmaları/Deneyler/Nazlıcan/Deney 1/Kaş/real/train/real_train_00342.jpg,real/train/real_train_00342.jpg,real_train_00342.jpg,real,0,train,468b0dc71434c3cf1f1eabe4521a38f0d2689c8e712d4f5d8d4ae3d3cef553be,,342,0.0,SUCCESS,f4f0addc471ce0892263db9d2e685551139f19e7f5f6c424ac3f0a4304148453,84.0,18.0,99.20943169,0.09375
/content/drive/MyDrive/AISC DeepFake Çalışmaları/Deneyler/Nazlıcan/Deney 1/Kaş/real/train/real_train_00343.jpg,real/train/real_train_00343.jpg,real_train_00343.jpg,real,0,train,8ac3f53b4a199c0562f3442be416878dde3e875b90adc2b1df6dbf8da889e2f9,,343,0.0,SUCCESS,152cfc593474330f565942e121afcd8fa9799dae1d1a3a4cffe51e207abd864c,109.0,25.0,88.04827876,0.09375
/content/drive/MyDrive/AISC DeepFake Çalışmaları/Deneyler/Nazlıcan/Deney 1/Kaş/real/train/real_train_00344.jpg,real/train/real_train_00344.jpg,real_train_00344.jpg,real,0,train,e48f3e56541d48bfa57140ee7b0401c1fcaf049eaad25912d58f7dfa1c0496a2,,344,0.0,SUCCESS,c7c92964e8c8d8c6cc55894ba1633d1f6f44a70c055b4123faed5163ef00281d,164.0,49.0,47.6005253,0.09375
/content/drive/MyDrive/AISC DeepFake Çalışmaları/Deneyler/Nazlıcan/Deney 1/Kaş/real/train/real_train_00345.jpg,real/train/real_train_00345.jpg,real_train_00345.jpg,real,0,train,2b5b374f9538e4c070bbd92bc3d29eae01ec9fd9bf5b65c3c60bf97e5a827e09,,345,0.0,SUCCESS,d001a0ed2739ad7762b6a77c68ea8266e119a30483be6ac3471c1c4e5cf4b33d,133.0,37.0,32.73208472,0.0
/content/drive/MyDrive/AISC DeepFake Çalışmaları/Deneyler/Nazlıcan/Deney 1/Kaş/real/train/real_train_00348.jpg,real/train/real_train_00348.jpg,real_train_00348.jpg,real,0,train,d1788b2c206cb0d077e0de3940dea91064ef55aade76cc452b573e0cf9a063bd,,348,0.0,SUCCESS,514a39747fc03458946eeece3f487d9cb71c469d1ba7f86eea38960be52fd9c0,101.0,28.0,95.21911055,0.0
/content/drive/MyDrive/AISC DeepFake Çalışmaları/Deneyler/Nazlıcan/Deney 1/Kaş/real/train/real_train_00350.jpg,real/train/real_train_00350.jpg,real_train_00350.jpg,real,0,train,77dfba4e9bc4a6b4f8d35c58f5f51550536f8f7c95f9d8b3e8fa9b5c6a2776e4,,350,0.0,SUCCESS,8e4e5017f9f7af15bfe4bc619d2211ab0c23a99a55697439e0cb0333b5d1a284,100.0,32.0,142.4356,0.0
/content/drive/MyDrive/AISC DeepFake Çalışmaları/Deneyler/Nazlıcan/Deney 1/Kaş/real/train/real_train_00353.jpg,real/train/real_train_00353.jpg,real_train_00353.jpg,real,0,train,a15cdaef3eb54812eea43ea901f5a1b751a3527d78dd270ae7c528964aec0f6d,,353,0.0,SUCCESS,7d0cb214034720493c8d738e09ab1dc132d572b2ba265cbf20bb2a3e4f589eb3,97.0,19.0,322.33880039,0.0
/content/drive/MyDrive/AISC DeepFake Çalışmaları/Deneyler/Nazlıcan/Deney 1/Kaş/real/train/real_train_00355.jpg,real/train/real_train_00355.jpg,real_train_00355.jpg,real,0,train,6e37320d36f201181fa2266670eba376c21c87428d885d2d884c88d82e3b86d5,,355,0.0,SUCCESS,a7a9518c838f70afbd62e0077aa7b71113a2ae9f3f21528869cb05cc79682c85,278.0,70.0,18.30398779,0.0
/content/drive/MyDrive/AISC DeepFake Çalışmaları/Deneyler/Nazlıcan/Deney 1/Kaş/real/train/real_train_00356.jpg,real/train/real_train_00356.jpg,real_train_00356.jpg,real,0,train,8a578a04cdb5ee0b1931bcd57692cf3002b9b399086003a551c935f07325bdfc,,356,0.0,SUCCESS,002517d6511f12155aa387fdc48277b0befd3f74589e96bbc03ca0e4ec1d4ec0,328.0,91.0,17.89527224,0.03125
/content/drive/MyDrive/AISC DeepFake Çalışmaları/Deneyler/Nazlıcan/Deney 1/Kaş/real/train/real_train_00357.jpg,real/train/real_train_00357.jpg,real_train_00357.jpg,real,0,train,39b6aaafd586ddb74caed48b6f07702fcec4e4dfcb3af6c9d6459d2ba98173e7,,357,0.0,SUCCESS,72428d05c928ccd7c93f7f44f4b539b03f966c08a8b4a0f418ab1eb0d7bac75d,145.0,29.0,18.52384238,0.0
/content/drive/MyDrive/AISC DeepFake Çalışmaları/Deneyler/Nazlıcan/Deney 1/Kaş/real/train/real_train_00358.jpg,real/train/real_train_00358.jpg,real_train_00358.jpg,real,0,train,3b38f3b6dff0e342c471e1eddcedd5bd75d5cb10ebfc674ae891839b02ffb2aa,,358,0.0,SUCCESS,778cec2b5a30023c72805e734085b5dab508c7ed97b3e44baebb85c0610d9dfa,123.0,27.0,196.72344422,0.0
/content/drive/MyDrive/AISC DeepFake Çalışmaları/Deneyler/Nazlıcan/Deney 1/Kaş/real/train/real_train_00360.jpg,real/train/real_train_00360.jpg,real_train_00360.jpg,real,0,train,4b33df716961c622211c03f811e518bae73362cb747c08dec432b6d6f530b3c0,,360,0.0,SUCCESS,1809794f518cdc4d9437bbf1e7fca27f96123d54991f77d35f615b8a1ff40138,127.0,35.0,64.81742158,0.03125
/content/drive/MyDrive/AISC DeepFake Çalışmaları/Deneyler/Nazlıcan/Deney 1/Kaş/real/train/real_train_00361.jpg,real/train/real_train_00361.jpg,real_train_00361.jpg,real,0,train,8816cf68dbbfe0f3076a2e0dd34408a109511c9fe59c8fc5bf610515273d8473,,361,0.0,SUCCESS,e7e93895348652080c0dfe4a64768a8cccd145861ef91ed1d47d9dd83dc363e1,407.0,99.0,44.85303388,0.03125
/content/drive/MyDrive/AISC DeepFake Çalışmaları/Deneyler/Nazlıcan/Deney 1/Kaş/real/train/real_train_00362.jpg,real/train/real_train_00362.jpg,real_train_00362.jpg,real,0,train,44fcc0e309a0e1828d970403e547424e55f31d4abb7f5349a6c4d46ef47cfc02,,362,0.0,SUCCESS,ce34cec17b890b2b9f62b9783135395cda6875ab336b14b7234088b252b02c8d,137.0,48.0,55.74446672,0.1875
/content/drive/MyDrive/AISC DeepFake Çalışmaları/Deneyler/Nazlıcan/Deney 1/Kaş/real/train/real_train_00363.jpg,real/train/real_train_00363.jpg,real_train_00363.jpg,real,0,train,1ba3017ba07212261bfbc3de37ea5baee5eb31faf138d6c819b4a54a6983e8da,,363,0.0,SUCCESS,fe45ad1d7e9d3b3fc424cd9d779ad3ed02baa4b3cc6e3ddf7e0dd16a8b85c192,155.0,35.0,71.95476256,0.0625
/content/drive/MyDrive/AISC DeepFake Çalışmaları/Deneyler/Nazlıcan/Deney 1/Kaş/real/train/real_train_00367.jpg,real/train/real_train_00367.jpg,real_train_00367.jpg,real,0,train,d73c8f9694a692e9fc04cf9d62120f35387e7b8097ff0003753b78628ec95fe1,,367,0.0,SUCCESS,aeec545aaa6ba09878ae38cb916bba3e1334aa0d0d6c12546db912f40d7c87c6,124.0,31.0,34.62964378,0.0
/content/drive/MyDrive/AISC DeepFake Çalışmaları/Deneyler/Nazlıcan/Deney 1/Kaş/real/train/real_train_00368.jpg,real/train/real_train_00368.jpg,real_train_00368.jpg,real,0,train,82b4b80738becc3091da652fefa4962b68a4d209d46ef4f351e68a092c88c14d,,368,0.0,SUCCESS,0dab9fb28ef6a708dc5e19e2aac59788ef9a3780f2179e45b0f4f96ffd55b6f4,102.0,23.0,177.04931941,0.09375
/content/drive/MyDrive/AISC DeepFake Çalışmaları/Deneyler/Nazlıcan/Deney 1/Kaş/real/train/real_train_00369.jpg,real/train/real_train_00369.jpg,real_train_00369.jpg,real,0,train,79bda2c32c27ea6736adcce6ff76d2aba89da00ef2a889cb5be1909091d51fe6,,369,0.0,SUCCESS,6692cad1f6e4b3715e6889d01533860aefe89776b8fab8164dad44a798ba552a,222.0,70.0,11.48793314,0.0
/content/drive/MyDrive/AISC DeepFake Çalışmaları/Deneyler/Nazlıcan/Deney 1/Kaş/real/train/real_train_00370.jpg,real/train/real_train_00370.jpg,real_train_00370.jpg,real,0,train,a1f55dc1cd72ea586aa5d10481d1ac4b329fbe594dbfaa24a80847ae4b8a9872,,370,0.0,SUCCESS,a586dc32e971d492eca1ce49c9ae2d0ab95e8ddca460576f2bd8e9f4e2debc0b,405.0,145.0,6.4251414,0.0
/content/drive/MyDrive/AISC DeepFake Çalışmaları/Deneyler/Nazlıcan/Deney 1/Kaş/real/train/real_train_00371.jpg,real/train/real_train_00371.jpg,real_train_00371.jpg,real,0,train,4d75a8cbfd01d466f4153723094dfc8d4f3d901503c55aaba01f83306e9a5d8a,,371,0.0,SUCCESS,3a76b84dcb52f86bbd26a17b505588c61db9660af417f1666aa099eb2f0b5fdf,169.0,39.0,65.38039042,0.09375
/content/drive/MyDrive/AISC DeepFake Çalışmaları/Deneyler/Nazlıcan/Deney 1/Kaş/real/train/real_train_00372.jpg,real/train/real_train_00372.jpg,real_train_00372.jpg,real,0,train,51cfebeeaca789b2fed8b232442be5bdecc44297f4c3a08c475fa7070f07faa1,,372,0.0,SUCCESS,de2e7638afa70e31388ed9559ae5e161ebb61c75112c8a323af272700e63453f,202.0,61.0,64.71957182,0.0625
/content/drive/MyDrive/AISC DeepFake Çalışmaları/Deneyler/Nazlıcan/Deney 1/Kaş/real/train/real_train_00375.jpg,real/train/real_train_00375.jpg,real_train_00375.jpg,real,0,train,33f45d5b8785821104d607da32127e9fc416e5b08d3862f765923cc4424f0008,,375,0.0,SUCCESS,a25d1f1680cc291bd2e6edb5c83e59107473cbf33c7830bee90aea8d04e89345,150.0,35.0,54.18341809,0.0625
/content/drive/MyDrive/AISC DeepFake Çalışmaları/Deneyler/Nazlıcan/Deney 1/Kaş/real/train/real_train_00378.jpg,real/train/real_train_00378.jpg,real_train_00378.jpg,real,0,train,6467620a5b00157e7d4115c9bdabcc6505d415ba9209601b595b11109da0420e,,378,0.0,SUCCESS,e81182b74d245b0f24688dcefd82934f4f58dc13496a8ce5c063a68474b5b2ab,76.0,20.0,46.84518698,0.03125
/content/drive/MyDrive/AISC DeepFake Çalışmaları/Deneyler/Nazlıcan/Deney 1/Kaş/real/train/real_train_00380.jpg,real/train/real_train_00380.jpg,real_train_00380.jpg,real,0,train,7478151341caadbea473667f6179d24d23c6f8c39decb1bbac3e3f10c93f2ea0,,380,0.0,SUCCESS,10b39d06fb735ebd69d73515471f9e0c37836dd02e6ff1a5647cc2da947d428d,101.0,22.0,79.85958859,0.0
/content/drive/MyDrive/AISC DeepFake Çalışmaları/Deneyler/Nazlıcan/Deney 1/Kaş/real/train/real_train_00381.jpg,real/train/real_train_00381.jpg,real_train_00381.jpg,real,0,train,cbe64d23c5a9f113ec904f7498cbc43d04c1d4b2a8b4640827f9d51e28fe1d9f,,381,0.0,SUCCESS,83346eeca53ee460862073b9c23fc3eae5162dc60284b5b3219d1ac139e3c008,133.0,28.0,64.57686166,0.0
/content/drive/MyDrive/AISC DeepFake Çalışmaları/Deneyler/Nazlıcan/Deney 1/Kaş/real/train/real_train_00385.jpg,real/train/real_train_00385.jpg,real_train_00385.jpg,real,0,train,ec8e0f45dd9cbb76fc60931fd98a5daceab1aff097d59157f9c29a60e4a7d757,,385,0.0,SUCCESS,608dd19d80113e2ecc1d3c0362afca3c149be448d5f868b453ab773d95eabb52,96.0,17.0,222.86953936,0.0
/content/drive/MyDrive/AISC DeepFake Çalışmaları/Deneyler/Nazlıcan/Deney 1/Kaş/real/train/real_train_00386.jpg,real/train/real_train_00386.jpg,real_train_00386.jpg,real,0,train,af23c3a0a7b555cf03376e1929cf066138e7db11ee21207c571e239c584ceaa1,,386,0.0,SUCCESS,dceaf2defb2885345aa657f8c1c22b8e683b12f7bf33ec7a1daceb850409270c,124.0,30.0,34.13220921,0.125
/content/drive/MyDrive/AISC DeepFake Çalışmaları/Deneyler/Nazlıcan/Deney 1/Kaş/real/train/real_train_00388.jpg,real/train/real_train_00388.jpg,real_train_00388.jpg,real,0,train,17a053b2f54f26c569ea5216462babbaf78e3bbb1f8205e5c41e125ef5015456,,388,0.0,SUCCESS,8030b6c89701c30885ab9de1b33a38d307bc45465e1055c4040843829ca400f9,379.0,84.0,5.78125744,0.0
/content/drive/MyDrive/AISC DeepFake Çalışmaları/Deneyler/Nazlıcan/Deney 1/Kaş/real/train/real_train_00389.jpg,real/train/real_train_00389.jpg,real_train_00389.jpg,real,0,train,2b61e5cd01f8f73b454fd8334609b092dc0a7e2b80c40a9aaeb6fd859e156aec,,389,0.0,SUCCESS,77a409773ee16798a6fbd5be4183b487206a6efc578546ea22d294b981dec2c6,179.0,40.0,37.66828626,0.0
/content/drive/MyDrive/AISC DeepFake Çalışmaları/Deneyler/Nazlıcan/Deney 1/Kaş/real/train/real_train_00391.jpg,real/train/real_train_00391.jpg,real_train_00391.jpg,real,0,train,21af21287ffca19a2793d062a85dd33c76a1db3b6ee542d03d38ac86d5592879,,391,0.0,SUCCESS,278ae37f34b0521bae498d2c6fae63d9f297564bcefd5cd0e04196b9ccccbd2a,98.0,24.0,361.8901644,0.09375
/content/drive/MyDrive/AISC DeepFake Çalışmaları/Deneyler/Nazlıcan/Deney 1/Kaş/real/train/real_train_00392.jpg,real/train/real_train_00392.jpg,real_train_00392.jpg,real,0,train,74b81dd316cec2e7bbc3959cdce093736620687299eed56f17098a28dbca757c,,392,0.0,SUCCESS,5bdcbdb5cfc8fec6189e91a4a9e29f074049f66ac2887158eba1cd06c7b11202,96.0,35.0,151.8541238,0.09375
/content/drive/MyDrive/AISC DeepFake Çalışmaları/Deneyler/Nazlıcan/Deney 1/Kaş/real/train/real_train_00394.jpg,real/train/real_train_00394.jpg,real_train_00394.jpg,real,0,train,b2e9de472fdbe70d5cd967ab9a8caabb64405f3f25c32b67f18a564721279bc5,,394,0.0,SUCCESS,ebd332033ef9d0afc527cac13127e9eac16e7a3d9abd4635cce40e49fe345502,386.0,71.0,15.41755288,0.0
/content/drive/MyDrive/AISC DeepFake Çalışmaları/Deneyler/Nazlıcan/Deney 1/Kaş/real/train/real_train_00395.jpg,real/train/real_train_00395.jpg,real_train_00395.jpg,real,0,train,233bde8fb0cbfb006ca5a4edc9ae2410d871a7d0bafc04ddd79c5d7455b7d1ad,,395,0.0,SUCCESS,0b0c9b7be7482f2cf5ba4ffdfc5accdf1341aaa300ed4d238d2b0cf2c0547477,96.0,28.0,54.38986711,0.0
/content/drive/MyDrive/AISC DeepFake Çalışmaları/Deneyler/Nazlıcan/Deney 1/Kaş/real/train/real_train_00397.jpg,real/train/real_train_00397.jpg,real_train_00397.jpg,real,0,train,66f88455ae8d0e4abbea3c4047eb85d3905dc115018bc801b543e44c8c3f80c5,,397,0.0,SUCCESS,bd08f44e8bf17b637bf14da30326b01f8e36c59238f0a1486844bb59aa17a04d,103.0,20.0,44.25457135,0.0625
/content/drive/MyDrive/AISC DeepFake Çalışmaları/Deneyler/Nazlıcan/Deney 1/Kaş/real/train/real_train_00399.jpg,real/train/real_train_00399.jpg,real_train_00399.jpg,real,0,train,416c6b8aee9ec0d7c9c8c64b08bb5054c0cdd2dc06f51aff9ad8fbb4dc5308b5,,399,0.0,SUCCESS,2db4a4071377fc307f6e07ded51475a44a957f620d7234982817beaebc65000e,77.0,18.0,591.78225931,0.0
/content/drive/MyDrive/AISC DeepFake Çalışmaları/Deneyler/Nazlıcan/Deney 1/Kaş/real/train/real_train_00400.jpg,real/train/real_train_00400.jpg,real_train_00400.jpg,real,0,train,0918c8a9eac41c686ced109538311c3f2bc5fbc132b407cccd9c3bf8d0085341,,400,0.0,SUCCESS,767f5e088911d804a9db37f2b6f5b671c9d06eb2cd69f3d2ea056377649f625e,115.0,23.0,134.54357667,0.09375
/content/drive/MyDrive/AISC DeepFake Çalışmaları/Deneyler/Nazlıcan/Deney 1/Kaş/real/train/real_train_00403.jpg,real/train/real_train_00403.jpg,real_train_00403.jpg,real,0,train,90802924cf1c4a7edece4e1b18846899625da0118a9955934505e79ec0e5afb8,,403,0.0,SUCCESS,a3ab7c72962d4d4bfec9a7b1c691c4aa8af443b63141b1876f120760b41388d3,356.0,114.0,56.51636662,0.0625
/content/drive/MyDrive/AISC DeepFake Çalışmaları/Deneyler/Nazlıcan/Deney 1/Kaş/real/train/real_train_00405.jpg,real/train/real_train_00405.jpg,real_train_00405.jpg,real,0,train,0580ec8fd9fe61630cf7359bd73a7f79bd2711ce96eacd04c9723ca55012d39b,,405,0.0,SUCCESS,09877dbe2a0d843b67beb8d35e6be02b08a39fd6e2b7234bca7eeb36a85a0d9a,199.0,55.0,50.86918546,0.09375
/content/drive/MyDrive/AISC DeepFake Çalışmaları/Deneyler/Nazlıcan/Deney 1/Kaş/real/train/real_train_00406.jpg,real/train/real_train_00406.jpg,real_train_00406.jpg,real,0,train,abaa7cf844b71525b4b4520570ff60c5d7daba02feee10dd75e720a5408e17e1,,406,0.0,SUCCESS,b72b14bb664f4f243aea007dd9f8118fa44cb6dcf63c7df4ab91633ab9da7f86,163.0,34.0,203.4728189,0.03125
/content/drive/MyDrive/AISC DeepFake Çalışmaları/Deneyler/Nazlıcan/Deney 1/Kaş/real/train/real_train_00407.jpg,real/train/real_train_00407.jpg,real_train_00407.jpg,real,0,train,aedf7251faf28211fbd3a34a3e26d6676e5c621027d4d44967a51ba14df5316d,,407,0.0,SUCCESS,e6f959e56f9ca0c521217441c9fdf804ea3c0d6468185d4772c7bf9781a39774,130.0,27.0,178.53827688,0.0625
/content/drive/MyDrive/AISC DeepFake Çalışmaları/Deneyler/Nazlıcan/Deney 1/Kaş/real/train/real_train_00408.jpg,real/train/real_train_00408.jpg,real_train_00408.jpg,real,0,train,196e8e1490d0da0cbca6533b7fa6935b00d3713499318eb0bcc22329c7f6a759,,408,0.0,SUCCESS,13a101798d46fd3521b4c55c781dc66f374fad105e09f833d189fade47c0902e,116.0,28.0,43.26767581,0.0
/content/drive/MyDrive/AISC DeepFake Çalışmaları/Deneyler/Nazlıcan/Deney 1/Kaş/real/train/real_train_00409.jpg,real/train/real_train_00409.jpg,real_train_00409.jpg,real,0,train,ac5cd034662b493b9b5276fec2405c1a768c92710082920c0caed0c57762115b,,409,0.0,SUCCESS,9ba7cad9da4866e9db025daec48d3a39b8d4a2c1ec9e2af788a9edc5e8b187ae,212.0,59.0,29.45416148,0.03125
/content/drive/MyDrive/AISC DeepFake Çalışmaları/Deneyler/Nazlıcan/Deney 1/Kaş/real/train/real_train_00410.jpg,real/train/real_train_00410.jpg,real_train_00410.jpg,real,0,train,1b59baf7cf513063706c948af3c4fbcfb82320e9754f892520fd308418424dfb,,410,0.0,SUCCESS,21583a96e099c3ace65fce7736e347414fcf8c4e536804d9ccac75d17d7f4f1c,288.0,87.0,12.89642714,0.0
/content/drive/MyDrive/AISC DeepFake Çalışmaları/Deneyler/Nazlıcan/Deney 1/Kaş/real/train/real_train_00412.jpg,real/train/real_train_00412.jpg,real_train_00412.jpg,real,0,train,310239535d1d87f55a0e236873c7193047f0435118c98dac4ed2f19f5a5d666f,,412,0.0,SUCCESS,121fad3475bef592e5b51197a58efc19df5d11976776f4711713d1dc5a57f757,168.0,32.0,82.72551532,0.0
/content/drive/MyDrive/AISC DeepFake Çalışmaları/Deneyler/Nazlıcan/Deney 1/Kaş/real/train/real_train_00413.jpg,real/train/real_train_00413.jpg,real_train_00413.jpg,real,0,train,d042b80c94988c611115ee60767b6b6919d5605a592c172d40300710ec2679fb,,413,0.0,SUCCESS,f98befc98d4d5e43e4fb8ea4eec1d226db8c72b2e3eecd408360b26a1fe64b96,129.0,28.0,147.03304684,0.09375
/content/drive/MyDrive/AISC DeepFake Çalışmaları/Deneyler/Nazlıcan/Deney 1/Kaş/real/train/real_train_00415.jpg,real/train/real_train_00415.jpg,real_train_00415.jpg,real,0,train,888bb225b7488590a841758708f3e636aea25a5a83f99a11ea08c226f0ec9f05,,415,0.0,SUCCESS,cc2ebe508ec5b2d59ad301cb53844ad1a42e125f57fd13299f1d53cb7c82f992,138.0,36.0,73.83075641,0.0625
/content/drive/MyDrive/AISC DeepFake Çalışmaları/Deneyler/Nazlıcan/Deney 1/Kaş/real/train/real_train_00416.jpg,real/train/real_train_00416.jpg,real_train_00416.jpg,real,0,train,381777812899e5e97f2aec602684dc646bccb9e3e30e77a33d7d7aa4fb40c6e8,,416,0.0,SUCCESS,b65de8f9b816e315ba8a65ef2082efe2dc42b00e527e29904fb695191cf802e7,115.0,25.0,75.80858846,0.0
/content/drive/MyDrive/AISC DeepFake Çalışmaları/Deneyler/Nazlıcan/Deney 1/Kaş/real/train/real_train_00419.jpg,real/train/real_train_00419.jpg,real_train_00419.jpg,real,0,train,786bcaf68bedcdd80491e986b6bffa49c6d3cf3ec035ddffd1cb0884e55497ca,,419,0.0,SUCCESS,9339fc7d96e22af241a60e2bb8bda62299ba5730584b5dbb5867ebd450287bca,138.0,35.0,63.90596025,0.0625
/content/drive/MyDrive/AISC DeepFake Çalışmaları/Deneyler/Nazlıcan/Deney 1/Kaş/real/train/real_train_00421.jpg,real/train/real_train_00421.jpg,real_train_00421.jpg,real,0,train,6ee8d0064ae7f09c8d00b604d66a852c91124ef7e07fc39e6ee7ac875864fc0d,,421,0.0,SUCCESS,f429917e3f9e6e9cdd7dc6ba92c13cea2e3779ac97de808eb97ce27a55ef77db,77.0,17.0,376.02554799,0.0
/content/drive/MyDrive/AISC DeepFake Çalışmaları/Deneyler/Nazlıcan/Deney 1/Kaş/real/train/real_train_00422.jpg,real/train/real_train_00422.jpg,real_train_00422.jpg,real,0,train,bc39c0730caba40641a6594e92c694a52495c0ec1001f6dd34d885ac73f68e6e,,422,0.0,SUCCESS,c71486bf9e00ffe711dc00eac6a631d23a6df3a30e07176b682426a0897747fd,100.0,22.0,134.45257665,0.0
/content/drive/MyDrive/AISC DeepFake Çalışmaları/Deneyler/Nazlıcan/Deney 1/Kaş/real/train/real_train_00427.jpg,real/train/real_train_00427.jpg,real_train_00427.jpg,real,0,train,a47f021e186ffbf092e289a956b5321f35928ff61458cc1c5cccbbeda9cb201b,,427,0.0,SUCCESS,777d5424cc94e7aed74018ddd59e2fc12689f0c48aeb7b5517d25b2f92b79f9e,157.0,33.0,94.73890029,0.0
/content/drive/MyDrive/AISC DeepFake Çalışmaları/Deneyler/Nazlıcan/Deney 1/Kaş/real/train/real_train_00429.jpg,real/train/real_train_00429.jpg,real_train_00429.jpg,real,0,train,7efffbcc8941d62208d063e7157ee3d085e2218198634813f566777894b67c20,,429,0.0,SUCCESS,8d6d99c89cb24b8a677b9fae355a207e3def0d42cdbee90afe2df9592fb338cf,84.0,21.0,228.30004056,0.0
/content/drive/MyDrive/AISC DeepFake Çalışmaları/Deneyler/Nazlıcan/Deney 1/Kaş/real/train/real_train_00430.jpg,real/train/real_train_00430.jpg,real_train_00430.jpg,real,0,train,a919f1a0faa53be8fc9e113cc15ece115498ce2d45533ca4d18e9f5179e0e763,,430,0.0,SUCCESS,55987c2a5570325ad7e06ba689cc7a7bea1604b6de75562015831fb2729761ec,92.0,23.0,44.09389863,0.09375
/content/drive/MyDrive/AISC DeepFake Çalışmaları/Deneyler/Nazlıcan/Deney 1/Kaş/real/train/real_train_00432.jpg,real/train/real_train_00432.jpg,real_train_00432.jpg,real,0,train,89a86ac85e2c3618b6947167828d915dd27898ab2e804a4c3e9dbbb8c61d069a,,432,0.0,SUCCESS,a525c47f385d2e1e3d136097e4c9219e56dc729d3866dd69f5636a195eb24e8c,98.0,21.0,236.10319514,0.0
/content/drive/MyDrive/AISC DeepFake Çalışmaları/Deneyler/Nazlıcan/Deney 1/Kaş/real/train/real_train_00437.jpg,real/train/real_train_00437.jpg,real_train_00437.jpg,real,0,train,b727913d3ae8ec393ce8aee91d47bff18a0b199ea85e3a4328fe342fbe9de51f,,437,0.0,SUCCESS,f5c91e49e93237c40cb9ae4ea3776c3ac306dd0d3cdbf2a5e5a372659498d35b,111.0,29.0,126.74484357,0.0
/content/drive/MyDrive/AISC DeepFake Çalışmaları/Deneyler/Nazlıcan/Deney 1/Kaş/real/train/real_train_00438.jpg,real/train/real_train_00438.jpg,real_train_00438.jpg,real,0,train,4b0e5afa9be9007897aa5a3fe6383b2206e7a376738fced6a39e3cc5e3c53c4b,,438,0.0,SUCCESS,af510bac44faf337742acf8aab3301f591820741ebd3699905d5baa54457c21a,149.0,49.0,54.3238397,0.09375
/content/drive/MyDrive/AISC DeepFake Çalışmaları/Deneyler/Nazlıcan/Deney 1/Kaş/real/train/real_train_00440.jpg,real/train/real_train_00440.jpg,real_train_00440.jpg,real,0,train,b7db2310ae1710af2de2858bf941d28fbdaa4b4a1fb76ffbc2c0b96ed579bfdc,,440,0.0,SUCCESS,7feb6f8a37d6f7d026864ef30f96ca8231820c41453004fe4a564de4738417b7,199.0,35.0,44.51855306,0.0
/content/drive/MyDrive/AISC DeepFake Çalışmaları/Deneyler/Nazlıcan/Deney 1/Kaş/real/train/real_train_00441.jpg,real/train/real_train_00441.jpg,real_train_00441.jpg,real,0,train,33923b1ff0dfc13b54d4ba156b7adea9efa50e597ca77d35520633d71a936bef,,441,0.0,SUCCESS,5da608090c6326ae4560a5f148dc9eedca1bcaaaeb6dedcc012b0cad166909bb,84.0,28.0,102.97654027,0.0
/content/drive/MyDrive/AISC DeepFake Çalışmaları/Deneyler/Nazlıcan/Deney 1/Kaş/real/train/real_train_00442.jpg,real/train/real_train_00442.jpg,real_train_00442.jpg,real,0,train,f4ac30603225fbf9b84d1776a010d69bdd5c9972788ed1d7171f333461389a27,,442,0.0,SUCCESS,1bf37e765231deec6c4563ebdd400a4f58071e5783761f186d00abbcf7045f60,113.0,26.0,60.23082449,0.09375
/content/drive/MyDrive/AISC DeepFake Çalışmaları/Deneyler/Nazlıcan/Deney 1/Kaş/real/train/real_train_00443.jpg,real/train/real_train_00443.jpg,real_train_00443.jpg,real,0,train,44baf1df1cf8e2519d0d8765af8371ee6654bc2b003ea7adab31a70ff3ab5173,,443,0.0,SUCCESS,248a6173e65c6112cddf91a1398f3392f6516abaf0139af0f6a6656f4609f396,297.0,74.0,57.29349746,0.0
/content/drive/MyDrive/AISC DeepFake Çalışmaları/Deneyler/Nazlıcan/Deney 1/Kaş/real/train/real_train_00444.jpg,real/train/real_train_00444.jpg,real_train_00444.jpg,real,0,train,54cd7220af6c54f99fdeed86204dd33ff5321bddcc916046963c5b87574d5f3e,,444,0.0,SUCCESS,3ac3c3abb8f1a58d673bac074b2161caa42a68d8bb697e623c471023094a0443,74.0,17.0,484.66623593,0.0
/content/drive/MyDrive/AISC DeepFake Çalışmaları/Deneyler/Nazlıcan/Deney 1/Kaş/real/train/real_train_00445.jpg,real/train/real_train_00445.jpg,real_train_00445.jpg,real,0,train,740743593eb34f85499df64e8f68c7cdf91081a6260ccef9d3eb81fb9c59f7e6,,445,0.0,SUCCESS,a72d189be5c472ae7a4ea3da949be08891442e2d8754db591f0d1e30a727cbd4,98.0,32.0,153.44507812,0.125
/content/drive/MyDrive/AISC DeepFake Çalışmaları/Deneyler/Nazlıcan/Deney 1/Kaş/real/train/real_train_00446.jpg,real/train/real_train_00446.jpg,real_train_00446.jpg,real,0,train,a4ae54475d1286fa10024e27ebd9212b76bc8c74eaf2ce9f36eda2bb07e37807,,446,0.0,SUCCESS,be6dd810d799c50e81a652dc3f26273cf302b3f55780ee0371ecab587da8d1f6,135.0,35.0,151.32949917,0.0
/content/drive/MyDrive/AISC DeepFake Çalışmaları/Deneyler/Nazlıcan/Deney 1/Kaş/real/train/real_train_00448.jpg,real/train/real_train_00448.jpg,real_train_00448.jpg,real,0,train,114816cd1257f94937411e11191b9065161de66befd0c6d143363048d8cf50db,,448,0.0,SUCCESS,c64b746f640ec0850ec7bf971ca8d55468b1b561963b1c4a117c481d68f47e73,253.0,50.0,42.93358644,0.09375
/content/drive/MyDrive/AISC DeepFake Çalışmaları/Deneyler/Nazlıcan/Deney 1/Kaş/real/train/real_train_00449.jpg,real/train/real_train_00449.jpg,real_train_00449.jpg,real,0,train,586f49e32050db5e5b7a3ad76e7ac65556ffa9c68598d2ab23d1fd2aef3f8463,,449,0.0,SUCCESS,6f5cdaee5450c943aadc5f04026f835933401b639dcccbd9006978f548af06c0,128.0,51.0,83.40832738,0.0
/content/drive/MyDrive/AISC DeepFake Çalışmaları/Deneyler/Nazlıcan/Deney 1/Kaş/real/train/real_train_00450.jpg,real/train/real_train_00450.jpg,real_train_00450.jpg,real,0,train,1d74ae22a75727d8b8019e66f7fb0c0f97206f53bfe39133f1fbc0877217997c,,450,0.0,SUCCESS,cbf385769e28947434461b7214c82007fdd4b89ac7f78358b7ce0e8866b08a7e,249.0,55.0,31.23091469,0.09375
/content/drive/MyDrive/AISC DeepFake Çalışmaları/Deneyler/Nazlıcan/Deney 1/Kaş/real/train/real_train_00451.jpg,real/train/real_train_00451.jpg,real_train_00451.jpg,real,0,train,7d3e23df7a32c55cfa6141bcfacc7f219e5aaf39f066927eb55ed3edd06b34f7,,451,0.0,SUCCESS,c04585677086320aab032a73e29f4d4593bef85fa9fa789417672274b0efcef3,172.0,40.0,156.29135039,0.09375
/content/drive/MyDrive/AISC DeepFake Çalışmaları/Deneyler/Nazlıcan/Deney 1/Kaş/real/train/real_train_00452.jpg,real/train/real_train_00452.jpg,real_train_00452.jpg,real,0,train,720ebee108dad12e14d7cfb14e40808a8d9d25aba09cfd6279821b82d29c5bd6,,452,0.0,SUCCESS,50d758854bb8a231c162d2590d9838d0d1a7b31503484ee9826b0b03d09b9094,216.0,50.0,36.45071481,0.03125
/content/drive/MyDrive/AISC DeepFake Çalışmaları/Deneyler/Nazlıcan/Deney 1/Kaş/real/train/real_train_00454.jpg,real/train/real_train_00454.jpg,real_train_00454.jpg,real,0,train,08ce8a7ddd5f2ef0cbe2221625d3f43e14bd87289d74a3884bfd3e203da439f7,,454,0.0,SUCCESS,a0ff43d6484bb3ed91805bce8b773169fa8c444c30cd594f90e1956fb0eeb535,118.0,25.0,70.88894502,0.03125
/content/drive/MyDrive/AISC DeepFake Çalışmaları/Deneyler/Nazlıcan/Deney 1/Kaş/real/train/real_train_00456.jpg,real/train/real_train_00456.jpg,real_train_00456.jpg,real,0,train,bbb31f13359def9ea4ab99333697dcd8febb32e7884dc2a21e15d7b5e99a9ef9,,456,0.0,SUCCESS,830371635cf4b771de505531878b6cb59a6cfd12ae9eb4c91fba20462455d166,213.0,47.0,20.44630148,0.0
/content/drive/MyDrive/AISC DeepFake Çalışmaları/Deneyler/Nazlıcan/Deney 1/Kaş/real/train/real_train_00457.jpg,real/train/real_train_00457.jpg,real_train_00457.jpg,real,0,train,3eabde243a6357e3f531131358d51bbd706da6ba2e2ae8d026e5e9f3144c1e7b,,457,0.0,SUCCESS,9be12c76043a205fc2580faf5f8d20a720e281d983bf695fe066f5f7e81acc30,396.0,147.0,9.17995577,0.21875
/content/drive/MyDrive/AISC DeepFake Çalışmaları/Deneyler/Nazlıcan/Deney 1/Kaş/real/train/real_train_00458.jpg,real/train/real_train_00458.jpg,real_train_00458.jpg,real,0,train,8de5502bcfd058d04698786bd93a4c9833721a7ebc2beb47c7971df445257c4c,,458,0.0,SUCCESS,f09df3b4e83ab11714b57a309fb9e39f6a7554d6170abf37151f89399693533a,99.0,27.0,638.9388334,0.0
/content/drive/MyDrive/AISC DeepFake Çalışmaları/Deneyler/Nazlıcan/Deney 1/Kaş/real/train/real_train_00459.jpg,real/train/real_train_00459.jpg,real_train_00459.jpg,real,0,train,0441415c9797776fc43822e2e2e2414502fdca45762e516b18588fd67c27bc8b,,459,0.0,SUCCESS,5e670791fa6fbf249404d6d7c12e0501decc049e34097821c6a97bef6c6d5372,99.0,29.0,424.0968197,0.15625
/content/drive/MyDrive/AISC DeepFake Çalışmaları/Deneyler/Nazlıcan/Deney 1/Kaş/real/train/real_train_00460.jpg,real/train/real_train_00460.jpg,real_train_00460.jpg,real,0,train,2bcee0187508247c053356523f75887f0ba9ffb4c429ba79197570bf7a89796f,,460,0.0,SUCCESS,f9d824d0fd911293f90858f4e54d7fe63b34e4ed60964a3edfe477249ab11dbd,80.0,15.0,122.81848889,0.0
/content/drive/MyDrive/AISC DeepFake Çalışmaları/Deneyler/Nazlıcan/Deney 1/Kaş/real/train/real_train_00462.jpg,real/train/real_train_00462.jpg,real_train_00462.jpg,real,0,train,150bec2bb775cd8a452db7bdf1df94124325fb4e60a99ca9d01af99b4a11d500,,462,0.0,SUCCESS,714f6c7b6b82551c9952dbc4ade445a3386d784cc9fa998f2bf84e9538b5e1e8,110.0,31.0,165.32341492,0.0
/content/drive/MyDrive/AISC DeepFake Çalışmaları/Deneyler/Nazlıcan/Deney 1/Kaş/real/train/real_train_00463.jpg,real/train/real_train_00463.jpg,real_train_00463.jpg,real,0,train,fe60b81e9841e70f8e3520bf918b7de672e3bd26236a639572b776131446e56f,,463,0.0,SUCCESS,77ea9617425be5e21f2da158f3d4b174ceb413a395a758cb18a2fd2c29ceacdd,103.0,25.0,122.56485837,0.125
/content/drive/MyDrive/AISC DeepFake Çalışmaları/Deneyler/Nazlıcan/Deney 1/Kaş/real/train/real_train_00464.jpg,real/train/real_train_00464.jpg,real_train_00464.jpg,real,0,train,2fa1c812ef1f0ffd1908e6c83d2a21ad7bfa05920b7cd1e5154447bfaacfed4d,,464,0.0,SUCCESS,f001ca10bbb1c89dda5104ce70405b52ada2a91587a9fd02ba002816524fe68e,131.0,22.0,37.38897924,0.03125
/content/drive/MyDrive/AISC DeepFake Çalışmaları/Deneyler/Nazlıcan/Deney 1/Kaş/real/train/real_train_00465.jpg,real/train/real_train_00465.jpg,real_train_00465.jpg,real,0,train,a882c78f0bb608c3fc8449fc2edcd32d425e02ba549a3390e5b7dbc0c02c863e,,465,0.0,SUCCESS,00c1095047e1917eb6589352f4dca0149a38e78241314cbf4af316bdb233a563,160.0,47.0,48.86436708,0.09375
/content/drive/MyDrive/AISC DeepFake Çalışmaları/Deneyler/Nazlıcan/Deney 1/Kaş/real/train/real_train_00466.jpg,real/train/real_train_00466.jpg,real_train_00466.jpg,real,0,train,3703392b8573f5f5da2b53bac801e09f091603c52fc0041725d3267316dc16bf,,466,0.0,SUCCESS,62e85ecf0c76602ca8dc0fa59f44476639bfe29616d84a8dcec41cdeec4e6fe5,96.0,25.0,141.65581597,0.0
/content/drive/MyDrive/AISC DeepFake Çalışmaları/Deneyler/Nazlıcan/Deney 1/Kaş/real/train/real_train_00467.jpg,real/train/real_train_00467.jpg,real_train_00467.jpg,real,0,train,16c33fee8da00c145a94d4d847db8a18ac2000ee9c74d22e6dcd1048bb66d763,,467,0.0,SUCCESS,226af1ce2cbd65d862a03fa0d7a4e351c56a234cc99f5a5c653ced42ce770d36,250.0,51.0,47.13484342,0.0625
/content/drive/MyDrive/AISC DeepFake Çalışmaları/Deneyler/Nazlıcan/Deney 1/Kaş/real/train/real_train_00468.jpg,real/train/real_train_00468.jpg,real_train_00468.jpg,real,0,train,2ccb923aab0af1f8c0e8e8a624b9cb25d08dcd9a4c8e362f80608f2af830b75b,,468,0.0,SUCCESS,6e3d4632a0bdef937bb5ac52903aabae7d1b1dd45e29a37affaf57b32b8fe511,94.0,20.0,69.73856383,0.0
/content/drive/MyDrive/AISC DeepFake Çalışmaları/Deneyler/Nazlıcan/Deney 1/Kaş/real/train/real_train_00469.jpg,real/train/real_train_00469.jpg,real_train_00469.jpg,real,0,train,88b5127394f600e287c454ea8ed63a5e40879ac768bcea8c70521f1b9b2f5f4f,,469,0.0,SUCCESS,2ce635f47ab9752d7e134ef23e0b5231274350365919e220831f6067771b530c,89.0,26.0,91.27601634,0.0
/content/drive/MyDrive/AISC DeepFake Çalışmaları/Deneyler/Nazlıcan/Deney 1/Kaş/real/train/real_train_00472.jpg,real/train/real_train_00472.jpg,real_train_00472.jpg,real,0,train,72dc852e288c47aabe8cd894018b4243558d0d22e45c14314942c3453e0fd4a0,,472,0.0,SUCCESS,73bd6d564da638da6362cbd7e978f6704cb3c42f501283128c76b5a99726e00e,109.0,24.0,105.12863544,0.09375
/content/drive/MyDrive/AISC DeepFake Çalışmaları/Deneyler/Nazlıcan/Deney 1/Kaş/real/train/real_train_00473.jpg,real/train/real_train_00473.jpg,real_train_00473.jpg,real,0,train,4a0c47cf6101b4a3922b9d220d6932385514b0ca0cc9122e974487512a008206,,473,0.0,SUCCESS,b598bdd8257d10f311e7efe1480daac1603f86fd7d249994c9bab73a167b8464,86.0,20.0,160.60915495,0.03125
/content/drive/MyDrive/AISC DeepFake Çalışmaları/Deneyler/Nazlıcan/Deney 1/Kaş/real/train/real_train_00474.jpg,real/train/real_train_00474.jpg,real_train_00474.jpg,real,0,train,e01631dda38e36b6950f2f55db121f38887723bc04d01c63b5e1b347d3253eed,,474,0.0,SUCCESS,4ae2c83f0cf50c9872ddaf5cf9cd6cc56b0b5143422cfdd828160cf3890694e9,104.0,22.0,259.32930706,0.0625
/content/drive/MyDrive/AISC DeepFake Çalışmaları/Deneyler/Nazlıcan/Deney 1/Kaş/real/train/real_train_00475.jpg,real/train/real_train_00475.jpg,real_train_00475.jpg,real,0,train,3153dfa63811984bc779f17586de7375db2ff560ae776bb88babfcf1b3e32aad,,475,0.0,SUCCESS,e63c75412c4039382f79a91a2ac0e680047a21276519d29d4e5461728d5aceb2,213.0,41.0,28.29999252,0.0
/content/drive/MyDrive/AISC DeepFake Çalışmaları/Deneyler/Nazlıcan/Deney 1/Kaş/real/train/real_train_00476.jpg,real/train/real_train_00476.jpg,real_train_00476.jpg,real,0,train,d865fbbdf7ce841c21a25b5939eb608257d332af7dacac92970e0f024e62fc2b,,476,0.0,SUCCESS,0015c552f9b6ab26f7229dc09dcbcaccdfd396aa037c27f0ba642e61109d97a5,110.0,27.0,78.47038556,0.09375
/content/drive/MyDrive/AISC DeepFake Çalışmaları/Deneyler/Nazlıcan/Deney 1/Kaş/real/train/real_train_00477.jpg,real/train/real_train_00477.jpg,real_train_00477.jpg,real,0,train,968a69d476b41590503e79007b67f2c48c8dee4e16a83d61b0f1b7ea37af557a,,477,0.0,SUCCESS,a6bdf26e4ad5174c27e2b66b3230fd9563db08c1946ddf6a604bf9ffaa0aa5cb,78.0,31.0,127.42359653,0.21875
/content/drive/MyDrive/AISC DeepFake Çalışmaları/Deneyler/Nazlıcan/Deney 1/Kaş/real/train/real_train_00478.jpg,real/train/real_train_00478.jpg,real_train_00478.jpg,real,0,train,071b3f6791bbb97ffb21c8b7ff23bdd3421256e5b3b20e3e3afe9434f0a33307,,478,0.0,SUCCESS,16e11390db1208fbdf6a309d40f1c873ed08839d69b1b6644e49d48d25b7ec51,255.0,51.0,32.95325513,0.0
/content/drive/MyDrive/AISC DeepFake Çalışmaları/Deneyler/Nazlıcan/Deney 1/Kaş/real/train/real_train_00479.jpg,real/train/real_train_00479.jpg,real_train_00479.jpg,real,0,train,27599f5d250965cfb529eb49e97c54e5479f98c676c362e9884f0c2678fb791c,,479,0.0,SUCCESS,12a18d4f1c8d7760cf8537f8c25e9da8e62fb6a5b004e552e5a5632ec4167782,104.0,20.0,37.71995562,0.0
/content/drive/MyDrive/AISC DeepFake Çalışmaları/Deneyler/Nazlıcan/Deney 1/Kaş/real/train/real_train_00481.jpg,real/train/real_train_00481.jpg,real_train_00481.jpg,real,0,train,e113d014e5260fb38af3cf7e7896c2a2d635405cdb8cd3e1e5ef9a997b9894e8,,481,0.0,SUCCESS,e5ab90d9f308ea42391253e7d9477610e1e08068c8178fa848c4eae01a1a3450,75.0,28.0,279.58038639,0.15625
/content/drive/MyDrive/AISC DeepFake Çalışmaları/Deneyler/Nazlıcan/Deney 1/Kaş/real/train/real_train_00484.jpg,real/train/real_train_00484.jpg,real_train_00484.jpg,real,0,train,dce38b39d868b8c0f5050db27bdd298aad60d3d4f0b84340b1537ed2dc5fafca,,484,0.0,SUCCESS,d546ffebc45f28ece25ae921dfd9ccb880ae8dc5a8e4a5f65fd5354a062361c3,105.0,22.0,118.82241731,0.0
/content/drive/MyDrive/AISC DeepFake Çalışmaları/Deneyler/Nazlıcan/Deney 1/Kaş/real/train/real_train_00486.jpg,real/train/real_train_00486.jpg,real_train_00486.jpg,real,0,train,439b085530d37950db46ec15c1e3806958485adb13468fcb19c9a12f5a4754f9,,486,0.0,SUCCESS,7bd8b5157b6fcd8ae0b67b8945e0c546a5935a59f7da5e217d502ddd6e3cb305,120.0,24.0,214.48597982,0.0625
/content/drive/MyDrive/AISC DeepFake Çalışmaları/Deneyler/Nazlıcan/Deney 1/Kaş/real/train/real_train_00487.jpg,real/train/real_train_00487.jpg,real_train_00487.jpg,real,0,train,14f0f276b3d701d6cf48dc9886ace0b49006620db20175fe6140d6eba957e5c0,,487,0.0,SUCCESS,c3f5458b94ac137022fa7580de86dd07dd1ffbc0269b06dd7851c9880883f339,151.0,35.0,37.06807739,0.0
/content/drive/MyDrive/AISC DeepFake Çalışmaları/Deneyler/Nazlıcan/Deney 1/Kaş/real/train/real_train_00489.jpg,real/train/real_train_00489.jpg,real_train_00489.jpg,real,0,train,aa756309f536de3e8973e70d490f81270d4bf4b5c818b37e7d2e0b62afb3a921,,489,0.0,SUCCESS,d522cd3a16b5b1acf86d87c87565c8a93de0b6e294cf410c0daa009a9e11c6c3,107.0,28.0,115.25797236,0.0
/content/drive/MyDrive/AISC DeepFake Çalışmaları/Deneyler/Nazlıcan/Deney 1/Kaş/real/train/real_train_00490.jpg,real/train/real_train_00490.jpg,real_train_00490.jpg,real,0,train,4cd2933043b8ca9894373c7e840c948766566085cd13afb6f2f2aaf5a9d613c5,,490,0.0,SUCCESS,53b22212f2b9537b1d37629eb8a046250bca54668e47efb0206fce8e5d8a879d,131.0,32.0,44.98989026,0.0
/content/drive/MyDrive/AISC DeepFake Çalışmaları/Deneyler/Nazlıcan/Deney 1/Kaş/real/train/real_train_00491.jpg,real/train/real_train_00491.jpg,real_train_00491.jpg,real,0,train,8b9590de83555f8a541686d6bf1ece82b3dcc0b841500d301d11d6bf5f39f1b2,,491,0.0,SUCCESS,af2ff698fae46bbd14621fbfa49a728a5f14cfca338048558bdd4153324aed2b,115.0,34.0,45.99653593,0.0
/content/drive/MyDrive/AISC DeepFake Çalışmaları/Deneyler/Nazlıcan/Deney 1/Kaş/real/train/real_train_00492.jpg,real/train/real_train_00492.jpg,real_train_00492.jpg,real,0,train,bf2fde114224912a09136a0bc6ce066718cf01261c8a2cba6b5b10a5ccee8502,,492,0.0,SUCCESS,bf7003a65d870dffc9de3efe4323d6972143511abfb8d639091486e01a336650,121.0,26.0,226.52554086,0.09375
/content/drive/MyDrive/AISC DeepFake Çalışmaları/Deneyler/Nazlıcan/Deney 1/Kaş/real/train/real_train_00494.jpg,real/train/real_train_00494.jpg,real_train_00494.jpg,real,0,train,f30499909a42680f6c5d11010ed5f78a1cced7a4100385f67c3ed80d8b5c5082,,494,0.0,SUCCESS,f06bbdb6782bc51760cd9fd1fba344256393d7025a4ef0361304541cd50c1710,96.0,19.0,163.03971895,0.0
/content/drive/MyDrive/AISC DeepFake Çalışmaları/Deneyler/Nazlıcan/Deney 1/Kaş/real/train/real_train_00495.jpg,real/train/real_train_00495.jpg,real_train_00495.jpg,real,0,train,6a9ccdc78195d6704e5fe73c2fa05442d219a7d458ac8a33821add28efa3510f,,495,0.0,SUCCESS,0534c30ee79c9d2d3ed56a1cfb444c2d2edb9e0d7b1f4dee022fff65ed9b27a0,149.0,41.0,50.05143264,0.0
/content/drive/MyDrive/AISC DeepFake Çalışmaları/Deneyler/Nazlıcan/Deney 1/Kaş/real/train/real_train_00496.jpg,real/train/real_train_00496.jpg,real_train_00496.jpg,real,0,train,1db18be9757c86476b0f4bdfe72355ca95933a8554408d9d1d901052b1d7974b,,496,0.0,SUCCESS,27eb7c80a085025e238e0219564c039326c808fd05cc25d582a7b28cb280ee18,461.0,120.0,29.99144797,0.0
/content/drive/MyDrive/AISC DeepFake Çalışmaları/Deneyler/Nazlıcan/Deney 1/Kaş/real/train/real_train_00497.jpg,real/train/real_train_00497.jpg,real_train_00497.jpg,real,0,train,f29baa4ecd06df153993826ffde790e0e1849e85ee3553534139a126fd4ad7da,,497,0.0,SUCCESS,674ee97452c016bde5d794c748ea637cf0d9cc941769edef95098267535b5f75,89.0,26.0,145.1969368,0.0
/content/drive/MyDrive/AISC DeepFake Çalışmaları/Deneyler/Nazlıcan/Deney 1/Kaş/real/train/real_train_00498.jpg,real/train/real_train_00498.jpg,real_train_00498.jpg,real,0,train,56e07816367dd863e90367b4134fc35cbdf7271562038388858ebf93511a3f33,,498,0.0,SUCCESS,bb39e5cf37976a4e4f172a05194dd3f2e3262350ffa19a79e6b4e1ceaddd440c,94.0,22.0,58.52710806,0.0
/content/drive/MyDrive/AISC DeepFake Çalışmaları/Deneyler/Nazlıcan/Deney 1/Kaş/real/train/real_train_00501.jpg,real/train/real_train_00501.jpg,real_train_00501.jpg,real,0,train,7d6d83e44f396c72ab6b46081397fcc3e33378c83bb2685cb3d7983ca43c4638,,501,0.0,SUCCESS,8dfe0ad344fc331a37b3305c9e8ea736a77972f591720197e40852dbc8d4dfd8,88.0,22.0,55.31470592,0.09375
/content/drive/MyDrive/AISC DeepFake Çalışmaları/Deneyler/Nazlıcan/Deney 1/Kaş/real/train/real_train_00502.jpg,real/train/real_train_00502.jpg,real_train_00502.jpg,real,0,train,ba9db9445b95d02034de8fa98bc73557b4da7a3e712d117e43762e25eb79b95e,,502,0.0,SUCCESS,95b7d433ced7ceee736a57e5dda9a0cb066d52bebbfcff133f384e786bd02a50,199.0,34.0,41.78674947,0.0
/content/drive/MyDrive/AISC DeepFake Çalışmaları/Deneyler/Nazlıcan/Deney 1/Kaş/real/train/real_train_00503.jpg,real/train/real_train_00503.jpg,real_train_00503.jpg,real,0,train,0600b92addbcfe0092e194620385537f001c55f8b6c04a11b967ad596933471f,,503,0.0,SUCCESS,aaf02342044ffb45e851beb2b3ce87614e69944ec535388ecf84cfcd550ed703,108.0,29.0,25.03701094,0.0
/content/drive/MyDrive/AISC DeepFake Çalışmaları/Deneyler/Nazlıcan/Deney 1/Kaş/real/train/real_train_00505.jpg,real/train/real_train_00505.jpg,real_train_00505.jpg,real,0,train,154c8fd09f7bd09b22c37efa6cb1c3845b2d25879193f118815f08fc5b117d5e,,505,0.0,SUCCESS,8cc37f7cf98afb6b794876855ab135010668e94ff3bf74633a0c75c27af6be6c,101.0,29.0,121.91375236,0.09375
/content/drive/MyDrive/AISC DeepFake Çalışmaları/Deneyler/Nazlıcan/Deney 1/Kaş/real/train/real_train_00507.jpg,real/train/real_train_00507.jpg,real_train_00507.jpg,real,0,train,87e7d5d6f171d7f0f785f6a6adc642c05fc751d0ec9820693adaa36a295a4744,,507,0.0,SUCCESS,e3c5e88a62e2cf8f7285cd6041252a483477692d9249968eadd59405a18605b2,249.0,55.0,22.06766932,0.09375
/content/drive/MyDrive/AISC DeepFake Çalışmaları/Deneyler/Nazlıcan/Deney 1/Kaş/real/train/real_train_00508.jpg,real/train/real_train_00508.jpg,real_train_00508.jpg,real,0,train,f6b7adb51d93537d6f58f49b389eb944a53eb68f77635dd8a9e5dd7123dfbe61,,508,0.0,SUCCESS,d238642290dfbcd204e477cfc532a8ac55a556f28c1eca6ef6b21952175e7cdb,100.0,29.0,357.91774031,0.09375
/content/drive/MyDrive/AISC DeepFake Çalışmaları/Deneyler/Nazlıcan/Deney 1/Kaş/real/train/real_train_00509.jpg,real/train/real_train_00509.jpg,real_train_00509.jpg,real,0,train,eee6fc5a96cf77bfcd83ce231e6c59bdc784ed1d6d36e8f315fa329c5c394d3c,,509,0.0,SUCCESS,12c46c8f92200705f0eddc70923bc804082d5a09844bbb693741c98cfbc74f75,96.0,20.0,449.37313775,0.0
/content/drive/MyDrive/AISC DeepFake Çalışmaları/Deneyler/Nazlıcan/Deney 1/Kaş/real/train/real_train_00511.jpg,real/train/real_train_00511.jpg,real_train_00511.jpg,real,0,train,75085e28d7d084b7d3e1399fe9445f54f565bf89700b9dbba986a2a870f9cffe,,511,0.0,SUCCESS,2a5645fa963fd3370f4ecf20b4dd39ee28519314a257fbe67bccad5ca4416663,95.0,22.0,207.4377512,0.0
/content/drive/MyDrive/AISC DeepFake Çalışmaları/Deneyler/Nazlıcan/Deney 1/Kaş/real/train/real_train_00515.jpg,real/train/real_train_00515.jpg,real_train_00515.jpg,real,0,train,61477714b1eaed41e88ae520c6184309024b4a8973e211b9b2bf850becbb144c,,515,0.0,SUCCESS,a88020de42f0376a2ccf95bb7f3abf0a896a7f3188bdefe3479a0885525e7d98,179.0,52.0,68.9393481,0.0
/content/drive/MyDrive/AISC DeepFake Çalışmaları/Deneyler/Nazlıcan/Deney 1/Kaş/real/train/real_train_00516.jpg,real/train/real_train_00516.jpg,real_train_00516.jpg,real,0,train,de520c0c4e21cde004241d99ece8d2485b7b7e85f7330cfe67e68345cca368a2,,516,0.0,SUCCESS,d21246aa07c7a37e79ba48c259b464655754c8f4f63abeac68730f8a5b46bb12,150.0,39.0,131.9147657,0.0
/content/drive/MyDrive/AISC DeepFake Çalışmaları/Deneyler/Nazlıcan/Deney 1/Kaş/real/train/real_train_00517.jpg,real/train/real_train_00517.jpg,real_train_00517.jpg,real,0,train,770e05648753b0cf866eb1b9c5b8c689e8751972474f0e6d5b8938d6dec05fac,,517,0.0,SUCCESS,10ebd4b63739e6e25886520ed104046929ab932723a158ff1857fa410867b9b7,131.0,28.0,85.85801366,0.0
/content/drive/MyDrive/AISC DeepFake Çalışmaları/Deneyler/Nazlıcan/Deney 1/Kaş/real/train/real_train_00518.jpg,real/train/real_train_00518.jpg,real_train_00518.jpg,real,0,train,471d76c555223c9c3867f5aab99cae5de80753589a1884146969fab437b008b3,,518,0.0,SUCCESS,a15240990d7030527788a02ca036eb57a2936156dee1ef339626f878c28220ed,77.0,26.0,287.92303501,0.15625
/content/drive/MyDrive/AISC DeepFake Çalışmaları/Deneyler/Nazlıcan/Deney 1/Kaş/real/train/real_train_00520.jpg,real/train/real_train_00520.jpg,real_train_00520.jpg,real,0,train,761e7177e263f7ae3747df2afab8cd17c99811dcd9827a98b7f0d2c0993c0dce,,520,0.0,SUCCESS,6905030356fd41f97ac0430e8173b1e69b0df047e3b0cadbef2445c406dc1ab3,85.0,17.0,279.76825948,0.03125
/content/drive/MyDrive/AISC DeepFake Çalışmaları/Deneyler/Nazlıcan/Deney 1/Kaş/real/train/real_train_00521.jpg,real/train/real_train_00521.jpg,real_train_00521.jpg,real,0,train,e83dff09022c5d9cbc910d4231af16b963cec1e3cdc0f516641273f96ca39def,,521,0.0,SUCCESS,de0b821972c3c94c928aa3e36b7665176e51f299f26580046fb1e4103c4efb02,188.0,36.0,88.84640896,0.0
/content/drive/MyDrive/AISC DeepFake Çalışmaları/Deneyler/Nazlıcan/Deney 1/Kaş/real/train/real_train_00522.jpg,real/train/real_train_00522.jpg,real_train_00522.jpg,real,0,train,e4c733dc94396f0df5aac98352327c4f951189a343c9110465e4ccc410b24e0e,,522,0.0,SUCCESS,92070c6f248c97158cfe91484e4823b73fe7c14b72add042ab810a3f4cbd08f8,86.0,26.0,93.64415996,0.0
/content/drive/MyDrive/AISC DeepFake Çalışmaları/Deneyler/Nazlıcan/Deney 1/Kaş/real/train/real_train_00523.jpg,real/train/real_train_00523.jpg,real_train_00523.jpg,real,0,train,8b4bc3a7f22072b4ce4a7df2d3598aaceeef062f0a75f66cbce513d2ffd3bf8f,,523,0.0,SUCCESS,098e041716a8d6c5483a06776f89154f65dbbc7f50f1db61bf2c727d050424c3,315.0,79.0,20.37394432,0.03125
/content/drive/MyDrive/AISC DeepFake Çalışmaları/Deneyler/Nazlıcan/Deney 1/Kaş/real/train/real_train_00525.jpg,real/train/real_train_00525.jpg,real_train_00525.jpg,real,0,train,cae4c483b639220dcdffea25abd488777bab3b2f26671401349bd78a2740a163,,525,0.0,SUCCESS,c133f25ad798a62e23ace2511bbc47353dbd80ffbf95adab64e1ae1d3067abb5,101.0,23.0,487.43012333,0.09375
/content/drive/MyDrive/AISC DeepFake Çalışmaları/Deneyler/Nazlıcan/Deney 1/Kaş/real/train/real_train_00527.jpg,real/train/real_train_00527.jpg,real_train_00527.jpg,real,0,train,cad59e04a33e78a0d94b6d25c0cbd44696e84cc250cdb0f22df70f9e2557374e,,527,0.0,SUCCESS,d25a6a7a629fe01792032a0e04528389b2a1e7f98f57c5d136e49f03e8ef4e23,148.0,36.0,54.38030091,0.0
/content/drive/MyDrive/AISC DeepFake Çalışmaları/Deneyler/Nazlıcan/Deney 1/Kaş/real/train/real_train_00528.jpg,real/train/real_train_00528.jpg,real_train_00528.jpg,real,0,train,6a52b1ee4571bca6a601048766044d971a6ee165e5186381acb33c12bba94268,,528,0.0,SUCCESS,b102f9c6551b62701468b196b9cbb41f0c2d18fe710399e2970cc2f399a864fe,239.0,46.0,180.91296141,0.0625
/content/drive/MyDrive/AISC DeepFake Çalışmaları/Deneyler/Nazlıcan/Deney 1/Kaş/real/train/real_train_00530.jpg,real/train/real_train_00530.jpg,real_train_00530.jpg,real,0,train,9b97cfa65d9a70ea37a7ab176a13e79bb9f0425823d0e6ad05c556b6279418d8,,530,0.0,SUCCESS,ea7cac75c4bf9ab10464a49602b3beccba56780e616fbb1674bf51ca3d1c6cb4,272.0,69.0,38.77868516,0.0
/content/drive/MyDrive/AISC DeepFake Çalışmaları/Deneyler/Nazlıcan/Deney 1/Kaş/real/train/real_train_00534.jpg,real/train/real_train_00534.jpg,real_train_00534.jpg,real,0,train,a92ec7a4c047ddaf92ed114a955353357b7e9b63990595d2c5af8b851b3cca87,,534,0.0,SUCCESS,510114c03190e622f6caac131379b91a122ad20d5ac8fbba745b6524412ec731,512.0,155.0,8.4872403,0.0
/content/drive/MyDrive/AISC DeepFake Çalışmaları/Deneyler/Nazlıcan/Deney 1/Kaş/real/train/real_train_00535.jpg,real/train/real_train_00535.jpg,real_train_00535.jpg,real,0,train,7001c4ee91ae2a6b62eef7a6ad43da3bbc919cdaee4c60e5b3efa08844797009,,535,0.0,SUCCESS,bdc5650b2674dc7e17294f7901f332596f973d51118bbd9c2a0ed17fb0e51239,383.0,95.0,17.59144452,0.0
/content/drive/MyDrive/AISC DeepFake Çalışmaları/Deneyler/Nazlıcan/Deney 1/Kaş/real/train/real_train_00536.jpg,real/train/real_train_00536.jpg,real_train_00536.jpg,real,0,train,562fe158901cd85da2a7ad152d6c7125c1c589605f551fd41a58edc8262863d4,,536,0.0,SUCCESS,5a4a905ad8df826873d499fff585850ab89ac734767171817ae65a7089486c8d,92.0,25.0,333.94477486,0.0
/content/drive/MyDrive/AISC DeepFake Çalışmaları/Deneyler/Nazlıcan/Deney 1/Kaş/real/train/real_train_00537.jpg,real/train/real_train_00537.jpg,real_train_00537.jpg,real,0,train,6f01e98834105a6240761495c0ebaaf752c05835a00c787e2faa28a790013f1c,,537,0.0,SUCCESS,d9db57eccf18046730bf8ac93cd26d048c54bf629701a9679d9db20fe7d8086d,168.0,42.0,29.25294419,0.03125
/content/drive/MyDrive/AISC DeepFake Çalışmaları/Deneyler/Nazlıcan/Deney 1/Kaş/real/train/real_train_00538.jpg,real/train/real_train_00538.jpg,real_train_00538.jpg,real,0,train,f686062cca405b7556010bc803c914dd91ced8b543b6296d84159a09e7227ac1,,538,0.0,SUCCESS,792f5bef28876c0c3162ffeba5896dc52b777d1fd0eec5536e9479e5ebf13820,123.0,24.0,118.77458808,0.0
/content/drive/MyDrive/AISC DeepFake Çalışmaları/Deneyler/Nazlıcan/Deney 1/Kaş/real/train/real_train_00539.jpg,real/train/real_train_00539.jpg,real_train_00539.jpg,real,0,train,3c0e8df86083922e55cf8d9047c0404612a4c4a73345ddb540e5dc1a41c334c4,,539,0.0,SUCCESS,d2e3c02f1c0c3285cca6266c3c70af6c287e6fd87796546fff51a02a714f4d2f,160.0,33.0,39.45196841,0.0
/content/drive/MyDrive/AISC DeepFake Çalışmaları/Deneyler/Nazlıcan/Deney 1/Kaş/real/train/real_train_00540.jpg,real/train/real_train_00540.jpg,real_train_00540.jpg,real,0,train,b3ec500f64833687f9c9b2d06a5c4e67c6e26ee1489f2a3232b6e72746d717df,,540,0.0,SUCCESS,5d8b9c0ea25e9f2e02e9b92d434160d6b65ec28ffc477143b61168ea6172701a,181.0,34.0,153.99749367,0.03125
/content/drive/MyDrive/AISC DeepFake Çalışmaları/Deneyler/Nazlıcan/Deney 1/Kaş/real/train/real_train_00541.jpg,real/train/real_train_00541.jpg,real_train_00541.jpg,real,0,train,1e0ffe57c1562b58a397222b978cf00864a70b9fefae936f1d018551b1f6978b,,541,0.0,SUCCESS,bbc1eca3230753390d81db13e35401422e84e30cfd91d5de28e5a12987cde7fc,83.0,19.0,202.88819423,0.0
/content/drive/MyDrive/AISC DeepFake Çalışmaları/Deneyler/Nazlıcan/Deney 1/Kaş/real/train/real_train_00543.jpg,real/train/real_train_00543.jpg,real_train_00543.jpg,real,0,train,665888fbc1f574e476e94ba2ffe3e52e4905112ae47e0850dde61fd3ce120b9f,,543,0.0,SUCCESS,3bf7c3b079749f892e8cb83ccbccfaf4d95054416592963f6148abfe95322e38,163.0,51.0,51.6758739,0.09375
/content/drive/MyDrive/AISC DeepFake Çalışmaları/Deneyler/Nazlıcan/Deney 1/Kaş/real/train/real_train_00544.jpg,real/train/real_train_00544.jpg,real_train_00544.jpg,real,0,train,40865e27e1787337422ed6a1ae11ceff7aa8d7287965dc58d82061e083727244,,544,0.0,SUCCESS,5a78295296ba39981420512e613511abf81c25641ddb5a961582db51706fa885,152.0,27.0,80.85987943,0.0
/content/drive/MyDrive/AISC DeepFake Çalışmaları/Deneyler/Nazlıcan/Deney 1/Kaş/real/train/real_train_00545.jpg,real/train/real_train_00545.jpg,real_train_00545.jpg,real,0,train,9e2d809af5b14b5cbef7939896a54add2b13d3af844896dc64bf8af2c63f7f27,,545,0.0,SUCCESS,8183e58fd2ebf31efd49d6c286dcbffd59bc60ea1a073a3b82a5ce82d0395682,58.0,14.0,728.27642475,0.0
/content/drive/MyDrive/AISC DeepFake Çalışmaları/Deneyler/Nazlıcan/Deney 1/Kaş/real/train/real_train_00546.jpg,real/train/real_train_00546.jpg,real_train_00546.jpg,real,0,train,ba30f866d2245a2b67665242e3e136ae4b1855d103f46e6a7cb444ac2a42ccfc,,546,0.0,SUCCESS,553f13a59fbd9246ce54f0518b1506079af498dfb83285e42c404f143cf873bb,108.0,19.0,216.37159772,0.09375
/content/drive/MyDrive/AISC DeepFake Çalışmaları/Deneyler/Nazlıcan/Deney 1/Kaş/real/train/real_train_00548.jpg,real/train/real_train_00548.jpg,real_train_00548.jpg,real,0,train,d873d5d792e324250875490bb911b5d5c28502ebce655c836176767c925fb6b4,,548,0.0,SUCCESS,1788544b7138ae248cd1f94cd842878bc723f83d67240255bc061a12cce22b03,152.0,45.0,96.41805547,0.0
/content/drive/MyDrive/AISC DeepFake Çalışmaları/Deneyler/Nazlıcan/Deney 1/Kaş/real/train/real_train_00549.jpg,real/train/real_train_00549.jpg,real_train_00549.jpg,real,0,train,9cf4b35e8f672c67d73346be20656e657e19a78a346af162eb16efb7e0e148bd,,549,0.0,SUCCESS,dcc2d06c07bab5e33329645ce7952c009dab332ace53518a4066074b9a6ad1ab,273.0,79.0,8.65187694,0.0
/content/drive/MyDrive/AISC DeepFake Çalışmaları/Deneyler/Nazlıcan/Deney 1/Kaş/real/train/real_train_00551.jpg,real/train/real_train_00551.jpg,real_train_00551.jpg,real,0,train,66f754090ce69e49fc1b82b21949c5dd82c43bcf4342fdb075c3ca5d301211ef,,551,0.0,SUCCESS,5f0e0bbb910784789ad2d1c166d041af327e38af02f11245a0d329618cadde0c,122.0,28.0,139.79294426,0.0
/content/drive/MyDrive/AISC DeepFake Çalışmaları/Deneyler/Nazlıcan/Deney 1/Kaş/real/train/real_train_00552.jpg,real/train/real_train_00552.jpg,real_train_00552.jpg,real,0,train,d0a267c03931faf50e6780dcb9792b175675ca7c2ba19222f17f0f9c62190255,,552,0.0,SUCCESS,dfc07030b67eb040a5e979081500e87a0b199d18a674ca3fa1eda3585371b462,115.0,26.0,135.19854185,0.0
/content/drive/MyDrive/AISC DeepFake Çalışmaları/Deneyler/Nazlıcan/Deney 1/Kaş/real/train/real_train_00555.jpg,real/train/real_train_00555.jpg,real_train_00555.jpg,real,0,train,82b163ed70966b26989cd0e281b172414487bb9082d7edf8c7fc24cdaf42a1e6,,555,0.0,SUCCESS,11971a079001c4b31746377eb98371d56c2fcb516ca994d74a52c3f21ccb0a81,400.0,124.0,6.55268503,0.0625
/content/drive/MyDrive/AISC DeepFake Çalışmaları/Deneyler/Nazlıcan/Deney 1/Kaş/real/train/real_train_00557.jpg,real/train/real_train_00557.jpg,real_train_00557.jpg,real,0,train,2c78df706a4e612f8a45aae177434434446ee724a85aab372d97883d0a9fd949,,557,0.0,SUCCESS,7d7ae2bfb05444b17bd312fd1cb1c407fc8976611cdeb779eab0747e1eaaff57,60.0,14.0,639.19657596,0.09375
/content/drive/MyDrive/AISC DeepFake Çalışmaları/Deneyler/Nazlıcan/Deney 1/Kaş/real/train/real_train_00558.jpg,real/train/real_train_00558.jpg,real_train_00558.jpg,real,0,train,d48877aca5107c2dea14a13b0aff0c5207e5054fdb8465a70df05f7d859c640c,,558,0.0,SUCCESS,794b00d027655cdea323093888560e792087104497721c433ac1440bc7728707,109.0,30.0,43.40722994,0.0
/content/drive/MyDrive/AISC DeepFake Çalışmaları/Deneyler/Nazlıcan/Deney 1/Kaş/real/train/real_train_00559.jpg,real/train/real_train_00559.jpg,real_train_00559.jpg,real,0,train,5462d0c3cac6a48b306d9ecd866b87276687cf7cb6d97b657c441f7d8d7e8f4a,,559,0.0,SUCCESS,887c7dc345e053162b16f9330b9a2de3d8909805084f4eaf61b456eba25a05ae,140.0,28.0,36.89267076,0.0
/content/drive/MyDrive/AISC DeepFake Çalışmaları/Deneyler/Nazlıcan/Deney 1/Kaş/real/train/real_train_00561.jpg,real/train/real_train_00561.jpg,real_train_00561.jpg,real,0,train,1ef0b610032dc5067ad0de76b762cb3b6de297b72477286f77f77a7e0809a38a,,561,0.0,SUCCESS,2e02c16cca0f9c3e469a9111e67eb247e9186a726886d4a658a29844a70ac640,123.0,41.0,31.93926387,0.09375
/content/drive/MyDrive/AISC DeepFake Çalışmaları/Deneyler/Nazlıcan/Deney 1/Kaş/real/train/real_train_00562.jpg,real/train/real_train_00562.jpg,real_train_00562.jpg,real,0,train,e8b49a6419b772d1864f33d68709f9edf303600849e5ae077c211d0f3c7638e5,,562,0.0,SUCCESS,59619c5b491ba36a19bf956f0139eb09d9593d6b1d8a3c58f525a3b0ceeec1c9,265.0,64.0,14.69568988,0.0
/content/drive/MyDrive/AISC DeepFake Çalışmaları/Deneyler/Nazlıcan/Deney 1/Kaş/real/train/real_train_00563.jpg,real/train/real_train_00563.jpg,real_train_00563.jpg,real,0,train,530f7bd8355028eda0fb5b68757bb2597e2aa85356ed552a410b63ea6fba7c38,,563,0.0,SUCCESS,f17d5c6d386c085da5b74cb7ff6755fc4694bf22a9bd76c34764f0e33e0e9d37,170.0,46.0,68.1795785,0.09375
/content/drive/MyDrive/AISC DeepFake Çalışmaları/Deneyler/Nazlıcan/Deney 1/Kaş/real/train/real_train_00565.jpg,real/train/real_train_00565.jpg,real_train_00565.jpg,real,0,train,2b10d226c1849326ee19660039b6b01f41f3e5e4c126a2c2d6165ae7840a7a89,,565,0.0,SUCCESS,f8ac804187e6d1f3ef23f640c49c7d06871355ee383915ff2cd7ed00cf7088a5,177.0,66.0,41.24115744,0.03125
/content/drive/MyDrive/AISC DeepFake Çalışmaları/Deneyler/Nazlıcan/Deney 1/Kaş/real/train/real_train_00566.jpg,real/train/real_train_00566.jpg,real_train_00566.jpg,real,0,train,3005afb150aff05d4577f13ab8a53a0e98e127674bedd44c118c537128d352d7,,566,0.0,SUCCESS,f81db9a4d1f0330b56547122788e0fda07bfbe1f1733309cad7da3767804ea9a,210.0,58.0,26.03585502,0.09375
/content/drive/MyDrive/AISC DeepFake Çalışmaları/Deneyler/Nazlıcan/Deney 1/Kaş/real/train/real_train_00567.jpg,real/train/real_train_00567.jpg,real_train_00567.jpg,real,0,train,8223c41301ea09fbe8ebb5a847827644a50ddc61309f23c5f33e4557b9590ee7,,567,0.0,SUCCESS,a43758f48daa186e03ff5921bd1450d3565aa007c09e3cac785aaa460956a3f8,82.0,19.0,98.62091924,0.03125
/content/drive/MyDrive/AISC DeepFake Çalışmaları/Deneyler/Nazlıcan/Deney 1/Kaş/real/train/real_train_00568.jpg,real/train/real_train_00568.jpg,real_train_00568.jpg,real,0,train,2b6a9ead67ad543cf58d8efc1e57ea07d31092af5ec44b80ce37be2b6a0aead9,,568,0.0,SUCCESS,6133ed807361cf9a41037eb5ca0836f1648256327bdb9dd927c618ee208ba4ac,199.0,46.0,31.82143584,0.09375
/content/drive/MyDrive/AISC DeepFake Çalışmaları/Deneyler/Nazlıcan/Deney 1/Kaş/real/train/real_train_00569.jpg,real/train/real_train_00569.jpg,real_train_00569.jpg,real,0,train,70f34f3a4dd10230efa5ae670b78d9bff416b52563f1f99758ce39d9e9c7132c,,569,0.0,SUCCESS,9eb6a14873bcbda43277b24c43e96739de6d147579957e79b0bd63d2e8a95bf2,70.0,19.0,415.24306688,0.0
/content/drive/MyDrive/AISC DeepFake Çalışmaları/Deneyler/Nazlıcan/Deney 1/Kaş/real/train/real_train_00570.jpg,real/train/real_train_00570.jpg,real_train_00570.jpg,real,0,train,aadfb39f96b90537525b3b36ec2929ed453b8fec73de6022f3c84a564118b977,,570,0.0,SUCCESS,137ba189d22f8d625279738bcac672619b38938184a8f3b6e32717e00f2cc2cb,85.0,19.0,210.82026896,0.0
/content/drive/MyDrive/AISC DeepFake Çalışmaları/Deneyler/Nazlıcan/Deney 1/Kaş/real/train/real_train_00571.jpg,real/train/real_train_00571.jpg,real_train_00571.jpg,real,0,train,3291190205665386b2ad1c7331c23cda475fab39c4c9d69e59435d3aff5b2573,,571,0.0,SUCCESS,f611b98eb2c265dd29dd9bf0930129be0828bc0eff0289c2337885541e82916d,130.0,44.0,32.60168269,0.0
/content/drive/MyDrive/AISC DeepFake Çalışmaları/Deneyler/Nazlıcan/Deney 1/Kaş/real/train/real_train_00572.jpg,real/train/real_train_00572.jpg,real_train_00572.jpg,real,0,train,b502b567c4ec4c0b8d7a53572a3b587809cc210203b63734d9a5a677d3e001b9,,572,0.0,SUCCESS,a3ac775cd454a7810691652bfa96b69f7c04b44129ad0b79cba348de4877638a,271.0,57.0,9.75995518,0.09375
/content/drive/MyDrive/AISC DeepFake Çalışmaları/Deneyler/Nazlıcan/Deney 1/Kaş/real/train/real_train_00573.jpg,real/train/real_train_00573.jpg,real_train_00573.jpg,real,0,train,ba975bcbe0a26910f418c162f8b4db5e49d65ef3f5000e658f66ad9b963a340e,,573,0.0,SUCCESS,ca23d4b3c8a63356d7e5ace7c073e39422cb77f64e68f5540d19233fed133878,109.0,31.0,268.02735048,0.0625
/content/drive/MyDrive/AISC DeepFake Çalışmaları/Deneyler/Nazlıcan/Deney 1/Kaş/real/train/real_train_00574.jpg,real/train/real_train_00574.jpg,real_train_00574.jpg,real,0,train,58dd09c28ad357bbf41327438155ef01bb9f6a03161496f543bc87793d73781c,,574,0.0,SUCCESS,9b174e72a5ed3a0b4233b4b5414696f11b576203d0ad319a0b6e33eaa3e64728,165.0,40.0,42.51128097,0.0
/content/drive/MyDrive/AISC DeepFake Çalışmaları/Deneyler/Nazlıcan/Deney 1/Kaş/real/train/real_train_00575.jpg,real/train/real_train_00575.jpg,real_train_00575.jpg,real,0,train,58d72dfaf180f8bdb6234e952a10fb6fa350258f6546c535f24158a357c21f85,,575,0.0,SUCCESS,e7f3dc45948c254288f15579e1eb0a7f86e456ac4c89431f5717887517a68e31,91.0,19.0,115.14335289,0.0
/content/drive/MyDrive/AISC DeepFake Çalışmaları/Deneyler/Nazlıcan/Deney 1/Kaş/real/train/real_train_00578.jpg,real/train/real_train_00578.jpg,real_train_00578.jpg,real,0,train,fb4b91234812c283fd412fd2319d18c7d60f9555749532350d825491f1fe3e8d,,578,0.0,SUCCESS,b51bfe094eaf16f65b2aa2ffe0f7d24a212d86fcbcaf746a341fb3aecfd79b7a,213.0,42.0,100.77243166,0.09375
/content/drive/MyDrive/AISC DeepFake Çalışmaları/Deneyler/Nazlıcan/Deney 1/Kaş/real/train/real_train_00581.jpg,real/train/real_train_00581.jpg,real_train_00581.jpg,real,0,train,db8b6a37e89f6b60876b7355578a78b4781b09ad4c07517531abd6b95d8ee490,,581,0.0,SUCCESS,ee97739e59a150df7ac41595580ba956c5583cc84c2dc6c2b90d3f3543ef12d1,78.0,21.0,286.93844641,0.0
/content/drive/MyDrive/AISC DeepFake Çalışmaları/Deneyler/Nazlıcan/Deney 1/Kaş/real/train/real_train_00582.jpg,real/train/real_train_00582.jpg,real_train_00582.jpg,real,0,train,787162845583ba8e22ee8ff28ea1be966325a64042e003fd5535c1855abeed67,,582,0.0,SUCCESS,d8e93ccca301fac84bbddad151c37b4041a82c61bb075a9cc262f98796df6337,117.0,23.0,40.76836354,0.0
/content/drive/MyDrive/AISC DeepFake Çalışmaları/Deneyler/Nazlıcan/Deney 1/Kaş/real/train/real_train_00584.jpg,real/train/real_train_00584.jpg,real_train_00584.jpg,real,0,train,2063c93829cff9f08d23329bbd089b8db528630e0c07487e586af46c658b80ac,,584,0.0,SUCCESS,b97e584be49b2a772daa39259001174b22569e9ce01d5f5d9ffa4351e9b032ac,86.0,17.0,87.17288313,0.0
/content/drive/MyDrive/AISC DeepFake Çalışmaları/Deneyler/Nazlıcan/Deney 1/Kaş/real/train/real_train_00588.jpg,real/train/real_train_00588.jpg,real_train_00588.jpg,real,0,train,03f5654b3c163456657e4b488bbe9b50c3afbbc110dfca36b4c8b07862e608d0,,588,0.0,SUCCESS,f4eab7bcbca8d0b2e8f07479274f47b46d951144839913228755f6d9715a08e7,92.0,31.0,90.70569409,0.1875
/content/drive/MyDrive/AISC DeepFake Çalışmaları/Deneyler/Nazlıcan/Deney 1/Kaş/real/train/real_train_00589.jpg,real/train/real_train_00589.jpg,real_train_00589.jpg,real,0,train,9d9a6bfbd5dfbf907f21de0bf044a412bc02c7e703496d50276081efe41bd3c0,,589,0.0,SUCCESS,2162692e3ed4de53b6c07961a6cc5a5ab019228f11a502cd09bebc65bebe731c,87.0,18.0,395.85671452,0.0
/content/drive/MyDrive/AISC DeepFake Çalışmaları/Deneyler/Nazlıcan/Deney 1/Kaş/real/train/real_train_00590.jpg,real/train/real_train_00590.jpg,real_train_00590.jpg,real,0,train,f2e40d8f7d0df480370416ac8e76870e1be164b1f9399974d72409e90644b51b,,590,0.0,SUCCESS,33c2dd978e4d3da1b46dc6bccca584b9f125cf7d40202b799f21d5671ddd1e76,133.0,41.0,156.15434766,0.09375
/content/drive/MyDrive/AISC DeepFake Çalışmaları/Deneyler/Nazlıcan/Deney 1/Kaş/real/train/real_train_00594.jpg,real/train/real_train_00594.jpg,real_train_00594.jpg,real,0,train,1b3f9664f4a02cdef02524bf5ad91ea6ad0e57bbbb4262fc08c8c4e76eb1e976,,594,0.0,SUCCESS,571e2c9c21c08757478e9a3d1334f29808e9229f4755f7d67699ae43fb0a3057,296.0,80.0,11.55078887,0.0
/content/drive/MyDrive/AISC DeepFake Çalışmaları/Deneyler/Nazlıcan/Deney 1/Kaş/real/train/real_train_00596.jpg,real/train/real_train_00596.jpg,real_train_00596.jpg,real,0,train,1edeec380f8429a3e6c261140c8578ff83d60ca72aa81d49f98a791310b4225a,,596,0.0,SUCCESS,19a0d9e6d373dc3f99479f2301911ddea057c6b16631cafe3228f6d4acf066c7,106.0,33.0,67.29796337,0.0
/content/drive/MyDrive/AISC DeepFake Çalışmaları/Deneyler/Nazlıcan/Deney 1/Kaş/real/train/real_train_00598.jpg,real/train/real_train_00598.jpg,real_train_00598.jpg,real,0,train,ce884ef5fb9cad92f4c6c426504f2eca6c7d71e322b74d4c7e6b543c6492ca15,,598,0.0,SUCCESS,2b5e53ab29ca421addb60ca219cd49f9865c7bfa16610ba55405bf52a65b87ef,95.0,22.0,463.01645567,0.0
/content/drive/MyDrive/AISC DeepFake Çalışmaları/Deneyler/Nazlıcan/Deney 1/Kaş/real/train/real_train_00599.jpg,real/train/real_train_00599.jpg,real_train_00599.jpg,real,0,train,9bf332d1899c115f6a53d3233c43eff2cea421453eba3e4cdf11eff485d414e4,,599,0.0,SUCCESS,46f5868670ca0c3efa0f909519ebbd3f049b599a374b8a1b9da5864c4ff4c446,71.0,14.0,189.42407058,0.0
/content/drive/MyDrive/AISC DeepFake Çalışmaları/Deneyler/Nazlıcan/Deney 1/Kaş/real/train/real_train_00600.jpg,real/train/real_train_00600.jpg,real_train_00600.jpg,real,0,train,2afcfc7db3d95959c973811e5967f5fb5dd3fc97d4657642d7d4a54e4f1082aa,,600,0.0,SUCCESS,74cce47d88598d40a65e3ecb93979fd151ca5fd50aead889a262f4ebddf684ce,149.0,43.0,31.0103017,0.0
/content/drive/MyDrive/AISC DeepFake Çalışmaları/Deneyler/Nazlıcan/Deney 1/Kaş/real/train/real_train_00602.jpg,real/train/real_train_00602.jpg,real_train_00602.jpg,real,0,train,01ebc986423b4255bc84e4e4dc70c926c6ace45fd53e18c5f410a99d7592c410,,602,0.0,SUCCESS,3db01dfa7497aefde735d3872ee0fd0ef97a9240d75b1570b4f0e7d401e7b992,149.0,36.0,190.7930344,0.0
/content/drive/MyDrive/AISC DeepFake Çalışmaları/Deneyler/Nazlıcan/Deney 1/Kaş/real/train/real_train_00604.jpg,real/train/real_train_00604.jpg,real_train_00604.jpg,real,0,train,91f0be9269a96d8871a0d0a54981027d2985823517ad94653c9c05668767563a,,604,0.0,SUCCESS,ab01c0421d9f419689bc187c2f6b07e09a42192be95e39d298cbca9e46aa7820,72.0,26.0,1446.54754017,0.1875
/content/drive/MyDrive/AISC DeepFake Çalışmaları/Deneyler/Nazlıcan/Deney 1/Kaş/real/train/real_train_00605.jpg,real/train/real_train_00605.jpg,real_train_00605.jpg,real,0,train,31ab3dddb8e3a45a76f6d6a96203fdc3666404e628c89237b3cbafcbda8e9bce,,605,0.0,SUCCESS,fe025de6202086ecc09ec4af711f1cc3cec84a84d6868d4ffb9e0e84da964d2c,125.0,28.0,208.18345992,0.0
/content/drive/MyDrive/AISC DeepFake Çalışmaları/Deneyler/Nazlıcan/Deney 1/Kaş/real/train/real_train_00606.jpg,real/train/real_train_00606.jpg,real_train_00606.jpg,real,0,train,237de8299bf1ef51c04513afe76d4d6258147d788ea925422839fa08778e9400,,606,0.0,SUCCESS,7a82f83f0129b656889205c92da06f75ac2804d4c22f6030ec63bba96ab1f3ae,110.0,22.0,302.6896993,0.09375
/content/drive/MyDrive/AISC DeepFake Çalışmaları/Deneyler/Nazlıcan/Deney 1/Kaş/real/train/real_train_00607.jpg,real/train/real_train_00607.jpg,real_train_00607.jpg,real,0,train,1515fb208410c50c887e54c0a053407b5c6cf9970ff6c5b429487be2541cc690,,607,0.0,SUCCESS,63959b4c8f851d7485691b7878d8cfede8c6d48b162ff3548ff8a8eefed6c561,137.0,31.0,61.55011798,0.0
/content/drive/MyDrive/AISC DeepFake Çalışmaları/Deneyler/Nazlıcan/Deney 1/Kaş/real/train/real_train_00608.jpg,real/train/real_train_00608.jpg,real_train_00608.jpg,real,0,train,33db6d4f7d45ee8b3442ae96376bd6f4c9c545770553e17cd92bc0d0c408d214,,608,0.0,SUCCESS,244769b2db3328dca366adf3e85bddc13cfddb90dd8cd9dd90815f1d191b45c5,127.0,35.0,63.47009582,0.0
/content/drive/MyDrive/AISC DeepFake Çalışmaları/Deneyler/Nazlıcan/Deney 1/Kaş/real/train/real_train_00609.jpg,real/train/real_train_00609.jpg,real_train_00609.jpg,real,0,train,0574c11f029865b1a381972bcd3c82851c4b205c0551c262482f52d9821ffd90,,609,0.0,SUCCESS,cf7393d22b79eddbdb798370d7b7a81ed354106dc3b6e6f45912684942b23c2c,62.0,14.0,1383.33564102,0.0
/content/drive/MyDrive/AISC DeepFake Çalışmaları/Deneyler/Nazlıcan/Deney 1/Kaş/real/train/real_train_00610.jpg,real/train/real_train_00610.jpg,real_train_00610.jpg,real,0,train,6b339d9865ddac0d479e0f1ca4ff61c64527bcbe0e2ab0ff3fde109d11469779,,610,0.0,SUCCESS,333eda030f8438b7db16e471fd5f526b29ce6baa150cc2d030e036ea87a9e5e9,84.0,22.0,104.19614717,0.0
/content/drive/MyDrive/AISC DeepFake Çalışmaları/Deneyler/Nazlıcan/Deney 1/Kaş/real/train/real_train_00611.jpg,real/train/real_train_00611.jpg,real_train_00611.jpg,real,0,train,5c2a360a0bfd54ec19874c924368f1e35e923790f815bbba51d9a7bdfaa07c5c,,611,0.0,SUCCESS,22968fb8e7e74b51e4910de943c9ec6e9ba422c1b57d2f209090e885d4227c8b,106.0,21.0,100.51555718,0.0
/content/drive/MyDrive/AISC DeepFake Çalışmaları/Deneyler/Nazlıcan/Deney 1/Kaş/real/train/real_train_00615.jpg,real/train/real_train_00615.jpg,real_train_00615.jpg,real,0,train,60c8899973bae8f63d18bd90a45f22a5fb6d3b5cd1146449cb05cb64e465f579,,615,0.0,SUCCESS,61db2553bd37cff765e75b4f4fa56e4a23437f349b6a3f502d0127c27ebfae35,276.0,76.0,12.85470611,0.0
/content/drive/MyDrive/AISC DeepFake Çalışmaları/Deneyler/Nazlıcan/Deney 1/Kaş/real/train/real_train_00616.jpg,real/train/real_train_00616.jpg,real_train_00616.jpg,real,0,train,c6eeee139fe99dd30fcdd362aceee64e82437bab46011a93ec3612444c25e7d6,,616,0.0,SUCCESS,570388d890cd581dc3b8b26371970ed894a7ba675f051a57094c62b1935351ed,101.0,31.0,59.53180775,0.0
/content/drive/MyDrive/AISC DeepFake Çalışmaları/Deneyler/Nazlıcan/Deney 1/Kaş/real/train/real_train_00617.jpg,real/train/real_train_00617.jpg,real_train_00617.jpg,real,0,train,e3b42e75e6f28c257c3f6bbc7df17e10256716a7151facd27e19b542c6038647,,617,0.0,SUCCESS,d2c0990e797b5e1ae21f2e7e43de93e16490ced21217d0ba382c6c2771dc9d2b,106.0,26.0,107.32514295,0.09375
/content/drive/MyDrive/AISC DeepFake Çalışmaları/Deneyler/Nazlıcan/Deney 1/Kaş/real/train/real_train_00619.jpg,real/train/real_train_00619.jpg,real_train_00619.jpg,real,0,train,b1dce7a40c05d6a5bfc80d732fbb9807f9e4c35d777c88124fa2c1e509da9c73,,619,0.0,SUCCESS,86c98501a1281e3b8a4ffa13bfbb97efccb4a272676ef17fd3c327c3387196d1,114.0,22.0,277.39744381,0.0
/content/drive/MyDrive/AISC DeepFake Çalışmaları/Deneyler/Nazlıcan/Deney 1/Kaş/real/train/real_train_00620.jpg,real/train/real_train_00620.jpg,real_train_00620.jpg,real,0,train,4ac5424a7e05f45d587f86855ef489d2220d0339b04f65742ed20f4322460d49,,620,0.0,SUCCESS,362d338eca8611242f7116bf84862c8630711e9ea45719d396ed926ac3dd8aa4,168.0,47.0,57.486811,0.09375
/content/drive/MyDrive/AISC DeepFake Çalışmaları/Deneyler/Nazlıcan/Deney 1/Kaş/real/train/real_train_00622.jpg,real/train/real_train_00622.jpg,real_train_00622.jpg,real,0,train,9e57d25e8daed8be6e8c9e15bf930fff5c03b61ad9665e57b1f66ab732ba3f81,,622,0.0,SUCCESS,3cc4b53d3bf394b99ff50f6c06e2cf8a35f67e057f0566b0a27576aec50be2a8,175.0,42.0,25.90900134,0.0
/content/drive/MyDrive/AISC DeepFake Çalışmaları/Deneyler/Nazlıcan/Deney 1/Kaş/real/train/real_train_00623.jpg,real/train/real_train_00623.jpg,real_train_00623.jpg,real,0,train,2b50c2dc0318db9688c0b92ffcde68d01e158cc7bc188e8c2789dcd14c3bfa03,,623,0.0,SUCCESS,e7397a03fe4faa4669eefe5964eaa1cebec6b3535e2329faf216b8774669cba9,114.0,32.0,77.69562622,0.0
/content/drive/MyDrive/AISC DeepFake Çalışmaları/Deneyler/Nazlıcan/Deney 1/Kaş/real/train/real_train_00624.jpg,real/train/real_train_00624.jpg,real_train_00624.jpg,real,0,train,7768d050a89886c87405f39e5df8e51a966d92cf574124b9214fe0d1ffe6f6e1,,624,0.0,SUCCESS,844bcf31e199bccc65dfdd25ae088e6d4c7822c6c6d72fd383651f63c90a54f7,400.0,84.0,6.33020395,0.0
/content/drive/MyDrive/AISC DeepFake Çalışmaları/Deneyler/Nazlıcan/Deney 1/Kaş/real/train/real_train_00626.jpg,real/train/real_train_00626.jpg,real_train_00626.jpg,real,0,train,ebf7c7b9d24dc1b3bb83b2c3819abfff4dd37ae1a28f093d74bc7460a68d0e07,,626,0.0,SUCCESS,05e3bc1bfaecf79b92f880dd0f233f06ec0e2c6c18f9c7b0c7a9923ce109bc2f,212.0,46.0,22.22783672,0.0
/content/drive/MyDrive/AISC DeepFake Çalışmaları/Deneyler/Nazlıcan/Deney 1/Kaş/real/train/real_train_00627.jpg,real/train/real_train_00627.jpg,real_train_00627.jpg,real,0,train,213fb58dcdbb5326b94fcf25a30bcdc8a39c6eff01c75909f7c73df1f1d0aa6b,,627,0.0,SUCCESS,9d29878e029cf785c2377fadea0c1dc8298f7e13df7b84e0a29d3a1e59fee291,413.0,89.0,6.07361458,0.0
/content/drive/MyDrive/AISC DeepFake Çalışmaları/Deneyler/Nazlıcan/Deney 1/Kaş/real/train/real_train_00628.jpg,real/train/real_train_00628.jpg,real_train_00628.jpg,real,0,train,e811d5573c94756bc9d003ca4b269d4df3b636c750e9b20efd048d3865dd1e5b,,628,0.0,SUCCESS,d260d19d2a188421df95e3fb4a462c8fde3a2213682e4c7aae5348cd7c24fa15,100.0,23.0,125.85865104,0.0
/content/drive/MyDrive/AISC DeepFake Çalışmaları/Deneyler/Nazlıcan/Deney 1/Kaş/real/train/real_train_00630.jpg,real/train/real_train_00630.jpg,real_train_00630.jpg,real,0,train,31eaa878b6d0073f7b53024a6d3a743c615364d957826f261315277bad42a9a4,,630,0.0,SUCCESS,a2056d091a86222edc650122f3ff67fa7b9d1b4effe16678079bacc36fefa533,123.0,35.0,99.0904181,0.09375
/content/drive/MyDrive/AISC DeepFake Çalışmaları/Deneyler/Nazlıcan/Deney 1/Kaş/real/train/real_train_00631.jpg,real/train/real_train_00631.jpg,real_train_00631.jpg,real,0,train,982f94aaa780f5af02ed37d7812861347bfd632f7a2ef1cc3e6876d4bcc8e7ca,,631,0.0,SUCCESS,994e78851873fdf5b17bae4471f33609c1529c0d045e27d9167959c95d22338f,121.0,28.0,32.5481054,0.09375
/content/drive/MyDrive/AISC DeepFake Çalışmaları/Deneyler/Nazlıcan/Deney 1/Kaş/real/train/real_train_00632.jpg,real/train/real_train_00632.jpg,real_train_00632.jpg,real,0,train,f0d1ebceb805cdc63340f88c8692ce5e20fcf5968e1764af6c1c5a04cd255058,,632,0.0,SUCCESS,53cf35d5181ccb9748c98c729708c83ebe51b03da430a79aa6e89f248c820f1f,203.0,44.0,18.33962175,0.0
/content/drive/MyDrive/AISC DeepFake Çalışmaları/Deneyler/Nazlıcan/Deney 1/Kaş/real/train/real_train_00633.jpg,real/train/real_train_00633.jpg,real_train_00633.jpg,real,0,train,106465c97acf94ce00cc00d25229de204290736f1071169374a8ccb15c7c16b2,,633,0.0,SUCCESS,af04c8a2b7d431909aa5e8094e25675765b4673c5b8f1c3f2f95ec76a445568f,63.0,14.0,227.25655077,0.09375
/content/drive/MyDrive/AISC DeepFake Çalışmaları/Deneyler/Nazlıcan/Deney 1/Kaş/real/train/real_train_00635.jpg,real/train/real_train_00635.jpg,real_train_00635.jpg,real,0,train,4d354b2f9d6cd0b5a78f4ce33490dac73b8d94f43d32091eb4e458b69b0be91b,,635,0.0,SUCCESS,b9eeda49d22f64c54ecfb9aff11597f87684ac5338b8993054abf50bddf6541e,110.0,22.0,51.60290691,0.0
/content/drive/MyDrive/AISC DeepFake Çalışmaları/Deneyler/Nazlıcan/Deney 1/Kaş/real/train/real_train_00636.jpg,real/train/real_train_00636.jpg,real_train_00636.jpg,real,0,train,801f81317ca46f722ec6d7bcd7d5b3d9ee824ccf82b4b11014a26244938e1c23,,636,0.0,SUCCESS,2338b95b9c5cb26f7d8b40c0f17bd7a11e0185fe7d97f1b82bd1da96f4c176ec,83.0,20.0,210.299194,0.125
/content/drive/MyDrive/AISC DeepFake Çalışmaları/Deneyler/Nazlıcan/Deney 1/Kaş/real/train/real_train_00637.jpg,real/train/real_train_00637.jpg,real_train_00637.jpg,real,0,train,a96eeef69fa3bc06adf9a6fcd082282d01afcabf7f1b0ae7571864e714abaf2c,,637,0.0,SUCCESS,24e14a4be1e1c42eba8569de4917ac7cdcca7e236ec975ab4e3193fd44dc53d4,238.0,64.0,23.60797529,0.0
/content/drive/MyDrive/AISC DeepFake Çalışmaları/Deneyler/Nazlıcan/Deney 1/Kaş/real/train/real_train_00641.jpg,real/train/real_train_00641.jpg,real_train_00641.jpg,real,0,train,8448281a7a21b8c31fb8d56eda9cf79e2bcdd23ccf5c94ab4a90cded3b83ec8e,,641,0.0,SUCCESS,2ee98993dcc928e1465a2415df90ee37f72ce9857be2e984eccc602ff159b921,90.0,16.0,101.45740548,0.15625
/content/drive/MyDrive/AISC DeepFake Çalışmaları/Deneyler/Nazlıcan/Deney 1/Kaş/real/train/real_train_00642.jpg,real/train/real_train_00642.jpg,real_train_00642.jpg,real,0,train,e30653ea834eff8dbbf698af65a3d15052f59e0282f55f0cbdb6fd874250a1d2,,642,0.0,SUCCESS,8801cb479cf85ddb959c9c0de5a80a0b1229f3d9a446ce1ce349b3ad6bddc48f,150.0,30.0,46.50274069,0.0
/content/drive/MyDrive/AISC DeepFake Çalışmaları/Deneyler/Nazlıcan/Deney 1/Kaş/real/train/real_train_00643.jpg,real/train/real_train_00643.jpg,real_train_00643.jpg,real,0,train,8de509520e22371bfe9068111dd6e1930d6efe11eb667202ac4e43365bcdf783,,643,0.0,SUCCESS,d2648f7465e3dd18f6af2cfe0703273e236dd8f62b25e0cf33306d3428b3f972,85.0,18.0,59.52466316,0.0
/content/drive/MyDrive/AISC DeepFake Çalışmaları/Deneyler/Nazlıcan/Deney 1/Kaş/real/train/real_train_00644.jpg,real/train/real_train_00644.jpg,real_train_00644.jpg,real,0,train,9658cd25ba7a39357e93d7b04870a43e2ca2327193eeffc9ec5d2c816168b35c,,644,0.0,SUCCESS,2dd9cd92a2ec7e313eaf1e5208c0cc7bbfb69e8c6dcc4e523373977ec090fbab,169.0,34.0,73.21359313,0.0
/content/drive/MyDrive/AISC DeepFake Çalışmaları/Deneyler/Nazlıcan/Deney 1/Kaş/real/train/real_train_00645.jpg,real/train/real_train_00645.jpg,real_train_00645.jpg,real,0,train,4048a3d6d055401f913a0fa4913593afe32424ec3cf0d2a2a795eb8b31268c8a,,645,0.0,SUCCESS,53d6ad2a05a19a67d20d5facc5eea9d8e0de17f674aa2525d52556e63b699125,112.0,25.0,95.61978559,0.0
/content/drive/MyDrive/AISC DeepFake Çalışmaları/Deneyler/Nazlıcan/Deney 1/Kaş/real/train/real_train_00646.jpg,real/train/real_train_00646.jpg,real_train_00646.jpg,real,0,train,8e4132e34a67bc1208e739973c553df60802a22bbd795719e2248ee98f76d2be,,646,0.0,SUCCESS,f0c5bed4c90235762947f64799d959092e279e2059d6b2f03155c7a2c46306bd,96.0,18.0,362.38661929,0.0
/content/drive/MyDrive/AISC DeepFake Çalışmaları/Deneyler/Nazlıcan/Deney 1/Kaş/real/train/real_train_00647.jpg,real/train/real_train_00647.jpg,real_train_00647.jpg,real,0,train,dc82c31c54695117b4764eefd912d495ea0e893f0720e0b171b5136d02aed018,,647,0.0,SUCCESS,e300ddf71c222983aabd07bcaa90c49e699f028648de6020d0ff402a77e69991,89.0,31.0,193.05858884,0.0
/content/drive/MyDrive/AISC DeepFake Çalışmaları/Deneyler/Nazlıcan/Deney 1/Kaş/real/train/real_train_00650.jpg,real/train/real_train_00650.jpg,real_train_00650.jpg,real,0,train,e83180e88e2ae61ac0212263cb3e87d32670e344d86d1d3a5f3bfbad7d3df8c5,,650,0.0,SUCCESS,5454b60a736ab04643a8bb017431028c45121d9a6c7400a946d187a579396a9a,85.0,20.0,84.03797197,0.0
/content/drive/MyDrive/AISC DeepFake Çalışmaları/Deneyler/Nazlıcan/Deney 1/Kaş/real/train/real_train_00651.jpg,real/train/real_train_00651.jpg,real_train_00651.jpg,real,0,train,8cad302b485f3c5eef76d720084d28f944644f3a6409e717ae8b647ec50516dc,,651,0.0,SUCCESS,1f0d7bff7d70e05e6ddf82a9531c49d5db6745d2459b8c32a160239964664f82,110.0,34.0,48.45456111,0.1875
/content/drive/MyDrive/AISC DeepFake Çalışmaları/Deneyler/Nazlıcan/Deney 1/Kaş/real/train/real_train_00654.jpg,real/train/real_train_00654.jpg,real_train_00654.jpg,real,0,train,2173d5eabee98452157ad7b5cc35b2273f9ffe05cf1950f951c0802eee3fec8d,,654,0.0,SUCCESS,8421b6a1dad82d4a5c0c507215fed6a55daad278a4e08940a7602a2255442b3c,71.0,23.0,368.36698468,0.09375
/content/drive/MyDrive/AISC DeepFake Çalışmaları/Deneyler/Nazlıcan/Deney 1/Kaş/real/train/real_train_00655.jpg,real/train/real_train_00655.jpg,real_train_00655.jpg,real,0,train,3e1365e97cd34f3df279df80d40486fd76dd0060dbebe7e2a85d4f77482925f7,,655,0.0,SUCCESS,6438b89d7a421d4455c0fe11a2287020a93ca9bffaf3f4e8b7d5822644053aab,362.0,98.0,11.71713582,0.0
/content/drive/MyDrive/AISC DeepFake Çalışmaları/Deneyler/Nazlıcan/Deney 1/Kaş/real/train/real_train_00656.jpg,real/train/real_train_00656.jpg,real_train_00656.jpg,real,0,train,49d79c8dc24de4fe2a51ee4eba4f128eb9378ba2ec9f685eacb0f849e0683dc3,,656,0.0,SUCCESS,3900194791e9b4cac5ca1bfab1f26147d2e521cbd917faa8c37c5a3541efa5f8,224.0,48.0,30.55746647,0.0
/content/drive/MyDrive/AISC DeepFake Çalışmaları/Deneyler/Nazlıcan/Deney 1/Kaş/real/train/real_train_00657.jpg,real/train/real_train_00657.jpg,real_train_00657.jpg,real,0,train,bb3fd1546318353566857237abc25c24d67fd516cd8a0acd26ea30fde159def9,,657,0.0,SUCCESS,30e5cd3020c98c28d1e2466695d06df980423b0def25fea7af1c5edbe3d8b340,181.0,41.0,23.79250607,0.0
/content/drive/MyDrive/AISC DeepFake Çalışmaları/Deneyler/Nazlıcan/Deney 1/Kaş/real/train/real_train_00658.jpg,real/train/real_train_00658.jpg,real_train_00658.jpg,real,0,train,93d9834ec387fabc48528da91ed079c0971cc6675fd5689849ed03044c6a9e5b,,658,0.0,SUCCESS,00c85f7e5b51cf22fbc179eb421287e22edb5040525079a6b1f98cdf1b0af2c7,100.0,29.0,177.29979203,0.09375
/content/drive/MyDrive/AISC DeepFake Çalışmaları/Deneyler/Nazlıcan/Deney 1/Kaş/real/train/real_train_00659.jpg,real/train/real_train_00659.jpg,real_train_00659.jpg,real,0,train,f3d487f56d40c497e4f687c63bdc2c901bb3aee2514e629ac34007e65a8924ec,,659,0.0,SUCCESS,b5dcbdf52948f3397666bc8bc47ac58d21de5b27b19069c39cc2f627982bb5b6,155.0,31.0,19.99897895,0.0
/content/drive/MyDrive/AISC DeepFake Çalışmaları/Deneyler/Nazlıcan/Deney 1/Kaş/real/train/real_train_00661.jpg,real/train/real_train_00661.jpg,real_train_00661.jpg,real,0,train,8b9ab230d1bffd43ee8abd93e66157564d91d1d48825bd767d39b6e29bac7c58,,661,0.0,SUCCESS,594e0c5bc12105ad449e588421df7d15551cd32c5da9b64ebbb2de80ea5ee61f,97.0,27.0,415.74386255,0.0
/content/drive/MyDrive/AISC DeepFake Çalışmaları/Deneyler/Nazlıcan/Deney 1/Kaş/real/train/real_train_00662.jpg,real/train/real_train_00662.jpg,real_train_00662.jpg,real,0,train,e740532f5fd8417b97f0e87fde4a78654696f40382c8f3c6751194d72140ae2d,,662,0.0,SUCCESS,c857d23408932f0f0a0aa54e2be46e49ed19b12c2339ad064867311b80b9c173,384.0,69.0,43.0998869,0.0
/content/drive/MyDrive/AISC DeepFake Çalışmaları/Deneyler/Nazlıcan/Deney 1/Kaş/real/train/real_train_00663.jpg,real/train/real_train_00663.jpg,real_train_00663.jpg,real,0,train,3e10d989d1af988ed3684541353cc485dc0238b879107e96c5e8b29660174396,,663,0.0,SUCCESS,a12ee07b3e345e8483b2abc5cb26d4b4a2916ce24be7f655097a97a995beedb3,86.0,26.0,121.34660027,0.09375
/content/drive/MyDrive/AISC DeepFake Çalışmaları/Deneyler/Nazlıcan/Deney 1/Kaş/real/train/real_train_00664.jpg,real/train/real_train_00664.jpg,real_train_00664.jpg,real,0,train,e8af308e86ba00f0db32c8a054cc0b25b5267506f4d63eecd45db364fe42fa10,,664,0.0,SUCCESS,12c782ec820317cb6b683759b729c7986fc8f5ed85baacbd93ec2dd481e73ef7,261.0,83.0,20.78341852,0.09375
/content/drive/MyDrive/AISC DeepFake Çalışmaları/Deneyler/Nazlıcan/Deney 1/Kaş/real/train/real_train_00667.jpg,real/train/real_train_00667.jpg,real_train_00667.jpg,real,0,train,ad6a4be383ed9c0e126ff97f5bd0213eecc059a4303beb87eaffcd92bb715a3c,,667,0.0,SUCCESS,c60db8978ede899f04eaedf3664d2df26686fe9e6ce01227ce57c5da237aa09e,134.0,28.0,36.2994994,0.0
/content/drive/MyDrive/AISC DeepFake Çalışmaları/Deneyler/Nazlıcan/Deney 1/Kaş/real/train/real_train_00670.jpg,real/train/real_train_00670.jpg,real_train_00670.jpg,real,0,train,8faf9e99985d737aa3ed741c2cb9b54b48009ee93af4364fb669ba1d92b74914,,670,0.0,SUCCESS,d34e5f604bef0e16bbc2cf53bc62c3d1a5a76fa622afafe2a352e8f7e0e7a6cd,344.0,83.0,31.4670154,0.0
/content/drive/MyDrive/AISC DeepFake Çalışmaları/Deneyler/Nazlıcan/Deney 1/Kaş/real/train/real_train_00674.jpg,real/train/real_train_00674.jpg,real_train_00674.jpg,real,0,train,80d11f48f1a26f2a6e1448cb5a1139c7a27c029148f0c82bdb2af76f0bbcaeb4,,674,0.0,SUCCESS,bd3e57d27ae0e577e6c9b4ba3eedbf61c170673065740b96039493b600cb9e32,208.0,43.0,20.78900057,0.0
/content/drive/MyDrive/AISC DeepFake Çalışmaları/Deneyler/Nazlıcan/Deney 1/Kaş/real/train/real_train_00676.jpg,real/train/real_train_00676.jpg,real_train_00676.jpg,real,0,train,e59f2d08141d92c8aefcf9497451b02b39357a815752c157291d9396686f3b37,,676,0.0,SUCCESS,d963cecd8be228bab2f0cb9ed6f241cd3d9a3402a66147a5264ea04f2fdfcc14,115.0,27.0,69.38587339,0.09375
/content/drive/MyDrive/AISC DeepFake Çalışmaları/Deneyler/Nazlıcan/Deney 1/Kaş/real/train/real_train_00679.jpg,real/train/real_train_00679.jpg,real_train_00679.jpg,real,0,train,3396cae9bc4bfffd7f8607df81f4fc7ec4bda4fbc0aeaa6c1de2c64c5e736233,,679,0.0,SUCCESS,229bbedee45a84ee0afaa3b5076e363ffd8b8a446b742b7b77b6d4f56e4587ec,140.0,39.0,39.00636678,0.125
/content/drive/MyDrive/AISC DeepFake Çalışmaları/Deneyler/Nazlıcan/Deney 1/Kaş/real/train/real_train_00681.jpg,real/train/real_train_00681.jpg,real_train_00681.jpg,real,0,train,33e9d69e4000c9f72ee5f3a17ff2633c870781d23cf2efbbac1bbfe7af23fed4,,681,0.0,SUCCESS,b8bebf7ed13c324e046b3290cfc18a0032f7e56def8030acb8f731f521865d5a,88.0,24.0,422.39494353,0.09375
/content/drive/MyDrive/AISC DeepFake Çalışmaları/Deneyler/Nazlıcan/Deney 1/Kaş/real/train/real_train_00682.jpg,real/train/real_train_00682.jpg,real_train_00682.jpg,real,0,train,071f094a21b0e43d14ab1cf58b7da5770e8c9dac489010065a5b559434fcb12d,,682,0.0,SUCCESS,45c278dba637e317ea6e809913d068ffb61978f6a9385cb352f8ef0144e6cedb,209.0,69.0,29.45413237,0.09375
/content/drive/MyDrive/AISC DeepFake Çalışmaları/Deneyler/Nazlıcan/Deney 1/Kaş/real/train/real_train_00685.jpg,real/train/real_train_00685.jpg,real_train_00685.jpg,real,0,train,c77ffc3f7898187705176284e3ef1d81a98e983b20e9b595bccc0e21389d8bfb,,685,0.0,SUCCESS,eda85b42ea288b6d96a2e9cbcd628394147c541c9312cec933e1da2bea417480,85.0,18.0,308.78304114,0.15625
/content/drive/MyDrive/AISC DeepFake Çalışmaları/Deneyler/Nazlıcan/Deney 1/Kaş/real/train/real_train_00686.jpg,real/train/real_train_00686.jpg,real_train_00686.jpg,real,0,train,3df0eeaac026cbbf883de1907c6ce038d263ed0feafc8becbe209656e0aaf7b4,,686,0.0,SUCCESS,f2906b46833eddb45756c406acb6d17eadaebe5f61f728f2541dc2807bfeda29,291.0,61.0,26.37125982,0.0
/content/drive/MyDrive/AISC DeepFake Çalışmaları/Deneyler/Nazlıcan/Deney 1/Kaş/real/train/real_train_00689.jpg,real/train/real_train_00689.jpg,real_train_00689.jpg,real,0,train,c55dd938cdbf4e9b2c8abf7e021df1197be55c4a8f6776c48f50a4ebc560a041,,689,0.0,SUCCESS,e0c2f3bb7ddc2fb05150f00ebbb9381fd51373a92c7af96f531f9b064e098ec5,83.0,17.0,37.95777532,0.125
/content/drive/MyDrive/AISC DeepFake Çalışmaları/Deneyler/Nazlıcan/Deney 1/Kaş/real/train/real_train_00690.jpg,real/train/real_train_00690.jpg,real_train_00690.jpg,real,0,train,a21a8c9863a65d19b82f6cfcdfe2c0e1fcc41585545f9de19099e2c4c86d4257,,690,0.0,SUCCESS,3b547ebcdf35d8e2d0453d6ed58fc918183ea31ccf574f17619cdea78f7a99a9,76.0,24.0,189.39308128,0.03125
/content/drive/MyDrive/AISC DeepFake Çalışmaları/Deneyler/Nazlıcan/Deney 1/Kaş/real/train/real_train_00691.jpg,real/train/real_train_00691.jpg,real_train_00691.jpg,real,0,train,4c63ba51da1ed190c899538a6039ddccac77afe6d40c381a498a6bfaf3afd4fc,,691,0.0,SUCCESS,055bf9f720fbd14ba58e40d95ff4e85cb35cc44dcbb165aecccbb6983a006973,84.0,18.0,445.04817894,0.0
/content/drive/MyDrive/AISC DeepFake Çalışmaları/Deneyler/Nazlıcan/Deney 1/Kaş/real/train/real_train_00692.jpg,real/train/real_train_00692.jpg,real_train_00692.jpg,real,0,train,5a17f3e4e5f1dd28b152ee2595034f2b99f22a86d53f2736125d26ef94dca34c,,692,0.0,SUCCESS,34cc3cbd01845fccc8e62ca0d49829438ec3bf00673ad9c520af15fa2ab69a9c,75.0,14.0,36.36690794,0.0
/content/drive/MyDrive/AISC DeepFake Çalışmaları/Deneyler/Nazlıcan/Deney 1/Kaş/real/train/real_train_00694.jpg,real/train/real_train_00694.jpg,real_train_00694.jpg,real,0,train,d4468121355edde4103147d2b00d6136294e549f1c180d227adce620394f8cc6,,694,0.0,SUCCESS,0c91c3b668b34bd85478aaf609e2e68ebb9833980aedc975ec5e3d65059e2598,76.0,17.0,194.78832527,0.0
/content/drive/MyDrive/AISC DeepFake Çalışmaları/Deneyler/Nazlıcan/Deney 1/Kaş/real/train/real_train_00695.jpg,real/train/real_train_00695.jpg,real_train_00695.jpg,real,0,train,54dcb4e5bc1e3fb1c3eeb122c634e5aac128f086c2966a26de0601e391194ae6,,695,0.0,SUCCESS,b7fe92b3dcec3bcccf5f54a68b9ff24abade31c916e4706db8bc5b0747b835d0,157.0,33.0,13.35203916,0.0
/content/drive/MyDrive/AISC DeepFake Çalışmaları/Deneyler/Nazlıcan/Deney 1/Kaş/real/train/real_train_00697.jpg,real/train/real_train_00697.jpg,real_train_00697.jpg,real,0,train,e59e238ffa9cb84959d08199a3bc1246f9a01f03b0b5538a700caa18275f74b4,,697,0.0,SUCCESS,bb355d0df437c41b665e8d18b1793c9a6facabb2e9733e3a396fad423f3588f9,177.0,57.0,17.16904087,0.09375
/content/drive/MyDrive/AISC DeepFake Çalışmaları/Deneyler/Nazlıcan/Deney 1/Kaş/real/train/real_train_00698.jpg,real/train/real_train_00698.jpg,real_train_00698.jpg,real,0,train,40dd1a67c666c47a87f3840d7932f71ed5dcafa10814bdbcc088327dc865a5bb,,698,0.0,SUCCESS,22cd35d1de7ec7251ea2a016f7bb5a51adf5a82e50e43aba1b7ba6387cef092e,414.0,80.0,37.44781063,0.0
/content/drive/MyDrive/AISC DeepFake Çalışmaları/Deneyler/Nazlıcan/Deney 1/Kaş/real/train/real_train_00699.jpg,real/train/real_train_00699.jpg,real_train_00699.jpg,real,0,train,54da9a60a7d68f58b8d9c00678b1ee9de4f7e9e0c5ce93a96017d2c13e48b600,,699,0.0,SUCCESS,82d3589c462973a8f986d73b5840418e6df0f9ec23ab228ace5d9db017f085fa,373.0,88.0,7.67934868,0.0
/content/drive/MyDrive/AISC DeepFake Çalışmaları/Deneyler/Nazlıcan/Deney 1/Kaş/real/train/real_train_00700.jpg,real/train/real_train_00700.jpg,real_train_00700.jpg,real,0,train,a5ed0873b06d6d3ecfca59bf07efa7eeb40e0640a308981687dbcaedf230feb6,,700,0.0,SUCCESS,0eab019e1cd37d2273d91ffff6898033c41d4b03dcef572ed27b708a4612516c,133.0,26.0,140.22438008,0.09375
/content/drive/MyDrive/AISC DeepFake Çalışmaları/Deneyler/Nazlıcan/Deney 1/Kaş/real/train/real_train_00701.jpg,real/train/real_train_00701.jpg,real_train_00701.jpg,real,0,train,d1be7d51d1222b5fd8ce893a44e0cfcd2791e3b12b386097c283b1f0f28a72a5,,701,0.0,SUCCESS,4b48cfc466ad164a9fc67fb99169b4e7a8aead87b5d88f29a16b6e6b092c3875,109.0,27.0,86.51468027,0.09375
/content/drive/MyDrive/AISC DeepFake Çalışmaları/Deneyler/Nazlıcan/Deney 1/Kaş/real/train/real_train_00702.jpg,real/train/real_train_00702.jpg,real_train_00702.jpg,real,0,train,ab4a6316565a0fe6ca6130bf56348a17795d20be644b6d2c390a48e5f0d6a68a,,702,0.0,SUCCESS,5f9a0fd2bc31fd1e07f1b072a73c8c8084f5bc78a222a53afbf0e59239d4b55f,108.0,25.0,169.95354883,0.09375
/content/drive/MyDrive/AISC DeepFake Çalışmaları/Deneyler/Nazlıcan/Deney 1/Kaş/real/train/real_train_00703.jpg,real/train/real_train_00703.jpg,real_train_00703.jpg,real,0,train,174f7d1e50ecf5a1ce298da355eb3e7f2e13696d2ab85f536865dd3dc87b5f34,,703,0.0,SUCCESS,4273cab3626c86a89ac6bb2009a9d87b35498afab7253283197522acef6be48c,217.0,51.0,47.31559556,0.0625
/content/drive/MyDrive/AISC DeepFake Çalışmaları/Deneyler/Nazlıcan/Deney 1/Kaş/real/train/real_train_00704.jpg,real/train/real_train_00704.jpg,real_train_00704.jpg,real,0,train,2dc46a5baa62660824a35d1cbd43643b14882b5e49a3fc4a1004f696faaaf4de,,704,0.0,SUCCESS,02d717b8dc7c780d68c27fa8c5624e24dfa84b51d0c0797b72cabe614c539dbc,176.0,37.0,23.14673345,0.0
/content/drive/MyDrive/AISC DeepFake Çalışmaları/Deneyler/Nazlıcan/Deney 1/Kaş/real/train/real_train_00705.jpg,real/train/real_train_00705.jpg,real_train_00705.jpg,real,0,train,36dc542c8364c5f1b4c7f837640eb2da9c3bf0a0e9e9ef9233b67273ac704948,,705,0.0,SUCCESS,2550b955e421082b6cbd56522d36a3a8dd7a811236cf4192867b72dc95056251,130.0,36.0,35.24813646,0.0
/content/drive/MyDrive/AISC DeepFake Çalışmaları/Deneyler/Nazlıcan/Deney 1/Kaş/real/train/real_train_00706.jpg,real/train/real_train_00706.jpg,real_train_00706.jpg,real,0,train,2e32f7c621bbbf069c07c5844238a0a12acab3bb2edcb112eb740b79a51b8e1d,,706,0.0,SUCCESS,07bd53daab19b5e51d96cc7ba49e13800f6d6b2257d184b76445f730d96143fb,131.0,30.0,149.8108305,0.09375
/content/drive/MyDrive/AISC DeepFake Çalışmaları/Deneyler/Nazlıcan/Deney 1/Kaş/real/train/real_train_00707.jpg,real/train/real_train_00707.jpg,real_train_00707.jpg,real,0,train,b0f4db779e8e648c9dee917f9f7c56fadc0470c7fc1fe4da3fb8d58623f8faee,,707,0.0,SUCCESS,f8d173b80c91704a60513c07a60fd659fc87ae6653e827dfb5e3e11f2e75c6ff,157.0,40.0,48.06329747,0.0
/content/drive/MyDrive/AISC DeepFake Çalışmaları/Deneyler/Nazlıcan/Deney 1/Kaş/real/train/real_train_00709.jpg,real/train/real_train_00709.jpg,real_train_00709.jpg,real,0,train,1eb2a6cc684d1f6477919f171ce02decd5f3bcabe7b9f61a10643a3d01a6b29f,,709,0.0,SUCCESS,f2fae9bcd37a88429f0bd3aff7921c64850d43f5707172e90e2fdcb4fb10e9f8,137.0,31.0,61.56373077,0.09375
/content/drive/MyDrive/AISC DeepFake Çalışmaları/Deneyler/Nazlıcan/Deney 1/Kaş/real/train/real_train_00711.jpg,real/train/real_train_00711.jpg,real_train_00711.jpg,real,0,train,b8b6d73bfc75e6f0d0d9422a74881b3d34e33c8afa40422020cb6e7bb8719005,,711,0.0,SUCCESS,9c72c08193f0e31fa73217005252f84b1964f8c698741415db4396f1e23fce6b,109.0,28.0,94.75380549,0.09375
/content/drive/MyDrive/AISC DeepFake Çalışmaları/Deneyler/Nazlıcan/Deney 1/Kaş/real/train/real_train_00712.jpg,real/train/real_train_00712.jpg,real_train_00712.jpg,real,0,train,59c739a62113c0884bae5051ea0d332855d09c4afb78470cb1d89ec3a8c75896,,712,0.0,SUCCESS,b086f8b1324f77b3f50e64bccaee2e522a2214e31b92173e373d2db96adb98ca,64.0,15.0,238.81355794,0.0
/content/drive/MyDrive/AISC DeepFake Çalışmaları/Deneyler/Nazlıcan/Deney 1/Kaş/real/train/real_train_00713.jpg,real/train/real_train_00713.jpg,real_train_00713.jpg,real,0,train,e47280cf67884d74d02ae3f20271241226a321765fed87d5f62ae14dd21ebcf7,,713,0.0,SUCCESS,1907525d7180c207570279826d977c66358c9701282208284cabbe23370879f0,97.0,26.0,84.91796866,0.0625
/content/drive/MyDrive/AISC DeepFake Çalışmaları/Deneyler/Nazlıcan/Deney 1/Kaş/real/train/real_train_00715.jpg,real/train/real_train_00715.jpg,real_train_00715.jpg,real,0,train,f0acec5a4a5b342f9b3e4da708de40248bcb3cfa7308c1dd663648b77ac18756,,715,0.0,SUCCESS,a63e949f2cc765bf107710e88b311cc1b015327e9fcd18ec50d9e39b687656c8,111.0,22.0,293.61942018,0.125
/content/drive/MyDrive/AISC DeepFake Çalışmaları/Deneyler/Nazlıcan/Deney 1/Kaş/real/train/real_train_00716.jpg,real/train/real_train_00716.jpg,real_train_00716.jpg,real,0,train,5716a72697018dfb7d5ee22a6c2a54e4604143130f559b2c519f0d4a0f02499c,,716,0.0,SUCCESS,ea9bf5076ba487f772fb7890148767ef23749a2c05e4d177bc15220717c50dce,58.0,16.0,195.91847503,0.0
/content/drive/MyDrive/AISC DeepFake Çalışmaları/Deneyler/Nazlıcan/Deney 1/Kaş/real/train/real_train_00718.jpg,real/train/real_train_00718.jpg,real_train_00718.jpg,real,0,train,82c9c17767df34f17cef9dba5ebddb47a801b507c62caf6ff8fbbc31cb5e447c,,718,0.0,SUCCESS,4646038080dfcdcb06e815caa5040309b72ba3d119d6ecb6d092ce9279af943e,178.0,50.0,32.24963484,0.0
/content/drive/MyDrive/AISC DeepFake Çalışmaları/Deneyler/Nazlıcan/Deney 1/Kaş/real/train/real_train_00719.jpg,real/train/real_train_00719.jpg,real_train_00719.jpg,real,0,train,d09631eedbabf76abf46bcc0b2b79af3fca9d0f64363a6fe33b7288c45a09a89,,719,0.0,SUCCESS,d1d788ebc722594c831d5749ff461558013180bcd87ad7007d619f38c2ced243,156.0,37.0,43.84908466,0.0
/content/drive/MyDrive/AISC DeepFake Çalışmaları/Deneyler/Nazlıcan/Deney 1/Kaş/real/train/real_train_00720.jpg,real/train/real_train_00720.jpg,real_train_00720.jpg,real,0,train,6be20491c4e26d4a92c576f8d162c9883175b524536e79c463d4e9e2de01ae28,,720,0.0,SUCCESS,0bfd5dea75c1d31c98a43a0bad11073051b71b6fd05c71d437fa48f70ff843f6,113.0,27.0,55.3134182,0.09375
/content/drive/MyDrive/AISC DeepFake Çalışmaları/Deneyler/Nazlıcan/Deney 1/Kaş/real/train/real_train_00721.jpg,real/train/real_train_00721.jpg,real_train_00721.jpg,real,0,train,b30306cf052cd4cc99105c10c468cffc78db630f5a277c0b63e612d67fdb834c,,721,0.0,SUCCESS,836d24ab9ac23275ac40529b8a48a9de52144073e6cf510e354071c4af594196,54.0,14.0,158.69540851,0.21875
/content/drive/MyDrive/AISC DeepFake Çalışmaları/Deneyler/Nazlıcan/Deney 1/Kaş/real/train/real_train_00723.jpg,real/train/real_train_00723.jpg,real_train_00723.jpg,real,0,train,5649c97e8fa63fbd22ae68edbb5fc7a60ff93c53471a33fd12e0abca73941b0e,,723,0.0,SUCCESS,60c03dcbf814bbe1b707d4cedd28a35df4fe23e8d0f5904f75846a0ccfa71dda,123.0,30.0,288.44205492,0.0
/content/drive/MyDrive/AISC DeepFake Çalışmaları/Deneyler/Nazlıcan/Deney 1/Kaş/real/train/real_train_00726.jpg,real/train/real_train_00726.jpg,real_train_00726.jpg,real,0,train,7758b0420740c85458fea33413c2ffa884123b9c7fb48498aee40ab009588c0a,,726,0.0,SUCCESS,2a3bdf75477663b49da423c8b19c7502727c462f7415bd491685dd569188b4ca,105.0,21.0,279.46835033,0.0
/content/drive/MyDrive/AISC DeepFake Çalışmaları/Deneyler/Nazlıcan/Deney 1/Kaş/real/train/real_train_00731.jpg,real/train/real_train_00731.jpg,real_train_00731.jpg,real,0,train,302091f094be05a7449857532396eaffe22ecc15ea39f5719117c770406331da,,731,0.0,SUCCESS,9db844a0a72b04f97472f4428a520e2bf69ee1d9631e6f009307d8b48e8e84af,102.0,28.0,146.86940352,0.0
/content/drive/MyDrive/AISC DeepFake Çalışmaları/Deneyler/Nazlıcan/Deney 1/Kaş/real/train/real_train_00732.jpg,real/train/real_train_00732.jpg,real_train_00732.jpg,real,0,train,c4507afbdfd4debddd0c70b3ccb87641b4aeca8bf97e49be98d6db8d10003b9c,,732,0.0,SUCCESS,f0aea2240b0d431c84c74ff8909f02278e37d9b0c7335aa7835fb9d110c2a4e3,502.0,129.0,9.40124489,0.0
/content/drive/MyDrive/AISC DeepFake Çalışmaları/Deneyler/Nazlıcan/Deney 1/Kaş/real/train/real_train_00733.jpg,real/train/real_train_00733.jpg,real_train_00733.jpg,real,0,train,d77bfc6487e7dac37ab50fb7e5b20ab74638f5f3113ef1e96fbd7e919fd2d3ff,,733,0.0,SUCCESS,764bf1a0408081bb3a4d9cc15b398acab50088bb906bc3d2c604ae268b1bb1f2,191.0,36.0,44.77379845,0.0
/content/drive/MyDrive/AISC DeepFake Çalışmaları/Deneyler/Nazlıcan/Deney 1/Kaş/real/train/real_train_00734.jpg,real/train/real_train_00734.jpg,real_train_00734.jpg,real,0,train,7efa13f95f78498ce013e6419028f58a80fbcee180dfe1c588fd68e52e39da0e,,734,0.0,SUCCESS,85a67ef69a37287168d89b4b626365d7630c76323e53c6ed03b7f43762d5ce55,109.0,23.0,69.46381484,0.0
/content/drive/MyDrive/AISC DeepFake Çalışmaları/Deneyler/Nazlıcan/Deney 1/Kaş/real/train/real_train_00736.jpg,real/train/real_train_00736.jpg,real_train_00736.jpg,real,0,train,386f4cc6349ef24568307687096d3d8545613b8f99fd4799f2f0d59250a3ab67,,736,0.0,SUCCESS,5d8db9917e541d29da82e36a21d3b4840c95a9d9661e7effef3a6be97cafb438,72.0,18.0,527.07912285,0.0
/content/drive/MyDrive/AISC DeepFake Çalışmaları/Deneyler/Nazlıcan/Deney 1/Kaş/real/train/real_train_00737.jpg,real/train/real_train_00737.jpg,real_train_00737.jpg,real,0,train,84698c475bd58a9b231f9eb20f905f0718a41f12506e01db976a6afbaacf2428,,737,0.0,SUCCESS,8803933b0012bd1a547ab5036aa79dbd511648479b4e88b44f907a53014e6389,112.0,24.0,206.75956577,0.0
/content/drive/MyDrive/AISC DeepFake Çalışmaları/Deneyler/Nazlıcan/Deney 1/Kaş/real/train/real_train_00739.jpg,real/train/real_train_00739.jpg,real_train_00739.jpg,real,0,train,d416b967ea50a70cc47ce49924e8dd44271748d14f7c48e70d080454d16334ce,,739,0.0,SUCCESS,f42a2a726f316ed9734bfcb17f58e811559ed0c786b2d0e8165246fa4ca32f19,445.0,111.0,13.286243,0.0
/content/drive/MyDrive/AISC DeepFake Çalışmaları/Deneyler/Nazlıcan/Deney 1/Kaş/real/train/real_train_00740.jpg,real/train/real_train_00740.jpg,real_train_00740.jpg,real,0,train,336aa2636b49614df3093d9adad58867e03f7f8907b7f67ecce25afb315aaf51,,740,0.0,SUCCESS,89d9f8108523a38e9e6f77659bcf48196a27efc0f1e1c67923cfda4b34d2a086,458.0,109.0,8.27302409,0.0
/content/drive/MyDrive/AISC DeepFake Çalışmaları/Deneyler/Nazlıcan/Deney 1/Kaş/real/train/real_train_00741.jpg,real/train/real_train_00741.jpg,real_train_00741.jpg,real,0,train,42c0de0d0bf2949065aa7196b2e4a02869de5a2e6b6f86bab7e285044a1f267f,,741,0.0,SUCCESS,da9cb6bb6156703040d126a8ad934a71c067238a46497bef1fabc4e7861977bf,88.0,28.0,150.62546316,0.125
/content/drive/MyDrive/AISC DeepFake Çalışmaları/Deneyler/Nazlıcan/Deney 1/Kaş/real/train/real_train_00742.jpg,real/train/real_train_00742.jpg,real_train_00742.jpg,real,0,train,663e58806693aec38b5a446c86e77614ca8a3fe832d0b55374ca821b06d14bed,,742,0.0,SUCCESS,d8625b8c987e4d2c3f98224218d57c313b65366f80e62728176c66f10c77bca6,90.0,30.0,72.79730192,0.0
/content/drive/MyDrive/AISC DeepFake Çalışmaları/Deneyler/Nazlıcan/Deney 1/Kaş/real/train/real_train_00743.jpg,real/train/real_train_00743.jpg,real_train_00743.jpg,real,0,train,0e2be9112436f4753e9629811992d3fa213cbddceec14ff2de4421303348eb81,,743,0.0,SUCCESS,930dcb316c03686cdda95b64f948d83939fd8034d17609b1024c6cd2c4e25c45,181.0,60.0,12.34197175,0.0
/content/drive/MyDrive/AISC DeepFake Çalışmaları/Deneyler/Nazlıcan/Deney 1/Kaş/real/train/real_train_00744.jpg,real/train/real_train_00744.jpg,real_train_00744.jpg,real,0,train,c350798329c20620412e4b812f50167e39c52b216734fbbe517eb33aabbb3e48,,744,0.0,SUCCESS,2bfea7ff6c8ecdbfec770952b829cbf9d9cfaa85c0a344de681483da59d26fdf,76.0,16.0,109.4783993,0.03125
/content/drive/MyDrive/AISC DeepFake Çalışmaları/Deneyler/Nazlıcan/Deney 1/Kaş/real/train/real_train_00745.jpg,real/train/real_train_00745.jpg,real_train_00745.jpg,real,0,train,60c21cd0ee84e4b979c82cf64b9fce6899fe3b87d540dccad00004f59447a51a,,745,0.0,SUCCESS,07ad217e406867287692082eb0ef7a788916af90f94028bc4b6b7683ed17f785,384.0,74.0,5.91317603,0.0
/content/drive/MyDrive/AISC DeepFake Çalışmaları/Deneyler/Nazlıcan/Deney 1/Kaş/real/train/real_train_00747.jpg,real/train/real_train_00747.jpg,real_train_00747.jpg,real,0,train,60e6c343c5a9773922bf3f05d9a55ddeeac8450f7e91106d959f46170e51cb89,,747,0.0,SUCCESS,2acf280c3b173ca3a1b16b6ca69e5fc74f61478a64dc3389e54f9e876c4886ce,134.0,30.0,148.44217785,0.03125
/content/drive/MyDrive/AISC DeepFake Çalışmaları/Deneyler/Nazlıcan/Deney 1/Kaş/real/train/real_train_00748.jpg,real/train/real_train_00748.jpg,real_train_00748.jpg,real,0,train,c299679ad9541e5ab8874acaf12be3dc133fc5fd4ec578bd9ec48c4a041469a3,,748,0.0,SUCCESS,adbed94f3e704ede8ddb2f889dfc92befbdb1c4ca71dc16712bb7a667995cf42,165.0,35.0,45.31095912,0.0
/content/drive/MyDrive/AISC DeepFake Çalışmaları/Deneyler/Nazlıcan/Deney 1/Kaş/real/train/real_train_00749.jpg,real/train/real_train_00749.jpg,real_train_00749.jpg,real,0,train,83b332489dcc128c45f948c89ef4ef35a54160e3610c8e8827c8482635264e3f,,749,0.0,SUCCESS,363b6cd9df62c1d8c0ea9ab91c341e1e9282b290cb0fddc0af7cda7c0494fb03,83.0,26.0,677.87590284,0.0
/content/drive/MyDrive/AISC DeepFake Çalışmaları/Deneyler/Nazlıcan/Deney 1/Kaş/real/train/real_train_00750.jpg,real/train/real_train_00750.jpg,real_train_00750.jpg,real,0,train,b6031b84fc666d1b826f00a8e7b4ee4a466182db607ad73dac5f55af92ee54ec,,750,0.0,SUCCESS,38548d0054a8d7dd35668f0e1aa692c2dea8eb23aecf59bb5ec6d312e0d25188,164.0,43.0,62.66845374,0.09375
/content/drive/MyDrive/AISC DeepFake Çalışmaları/Deneyler/Nazlıcan/Deney 1/Kaş/real/train/real_train_00752.jpg,real/train/real_train_00752.jpg,real_train_00752.jpg,real,0,train,e148df0c2aa889107f7d83927643a82e36f1ad9fdd87c6c23945b764fb79a6f3,,752,0.0,SUCCESS,6c079a6016e55c35280d8588fe3155e2a9961bbe3b85c14b88e31cce9fcba333,145.0,29.0,204.7247205,0.0
/content/drive/MyDrive/AISC DeepFake Çalışmaları/Deneyler/Nazlıcan/Deney 1/Kaş/real/train/real_train_00757.jpg,real/train/real_train_00757.jpg,real_train_00757.jpg,real,0,train,f0fd2d48fc6ecb1703f8d3489e757fb039af96bb197f05ece96333039bd7fd98,,757,0.0,SUCCESS,da94674c3fad55771bcb21a1b820360a80da8ceeeb711bc16e6571bf619ea2f6,372.0,85.0,17.3963677,0.0
/content/drive/MyDrive/AISC DeepFake Çalışmaları/Deneyler/Nazlıcan/Deney 1/Kaş/real/train/real_train_00758.jpg,real/train/real_train_00758.jpg,real_train_00758.jpg,real,0,train,ea0d9ac60decae13637af324efb2451a7a3fe4c49e61226f3121573c49dd913c,,758,0.0,SUCCESS,c06563324f241d2bf7ab4bea0f2bf68482613c012f265dc942d6047a7b12a176,193.0,55.0,87.88347994,0.09375
/content/drive/MyDrive/AISC DeepFake Çalışmaları/Deneyler/Nazlıcan/Deney 1/Kaş/real/train/real_train_00759.jpg,real/train/real_train_00759.jpg,real_train_00759.jpg,real,0,train,bf9a8d88aa454d961aad55313bfc9838d58f69637ddd336a75b10efddddb51ba,,759,0.0,SUCCESS,ea8e9db0f0bda2610cf13f5699fd06d213f996a8071747145d634e4268f52880,102.0,26.0,94.4809535,0.0
/content/drive/MyDrive/AISC DeepFake Çalışmaları/Deneyler/Nazlıcan/Deney 1/Kaş/real/train/real_train_00762.jpg,real/train/real_train_00762.jpg,real_train_00762.jpg,real,0,train,dcbc3a5ac5f77f7c5f9faacf45b8569bec737cdb8df3697ba5d532dafa7662ed,,762,0.0,SUCCESS,ed2dfb2974d09be3b87e7d5f0ad0685b070e134a46f7d1c5bd48d536ffe50dd2,188.0,42.0,14.3075144,0.0625
/content/drive/MyDrive/AISC DeepFake Çalışmaları/Deneyler/Nazlıcan/Deney 1/Kaş/real/train/real_train_00763.jpg,real/train/real_train_00763.jpg,real_train_00763.jpg,real,0,train,1b83ebc09b2dc636bddf61dd89d089751d6ec289e76fbd1f4c452659cdc4d07a,,763,0.0,SUCCESS,4f9f7c1c063f111d0d987b0e8c41e7cb141d897dfecca47addecf991fd67add6,103.0,21.0,312.20589544,0.0
/content/drive/MyDrive/AISC DeepFake Çalışmaları/Deneyler/Nazlıcan/Deney 1/Kaş/real/train/real_train_00766.jpg,real/train/real_train_00766.jpg,real_train_00766.jpg,real,0,train,a742e375186a5470e627a02f120f5754d100a2de2d88857f1336c68504ec8301,,766,0.0,SUCCESS,5800f3c809a74abb04649ec8d35e079ff4da7c29350730c167343d29a5b9275d,155.0,30.0,83.96642576,0.0
/content/drive/MyDrive/AISC DeepFake Çalışmaları/Deneyler/Nazlıcan/Deney 1/Kaş/real/train/real_train_00767.jpg,real/train/real_train_00767.jpg,real_train_00767.jpg,real,0,train,412b17b30642dee777afe4b6fdbb7b3dd83c18b396b562480a8e492b9d5fb292,,767,0.0,SUCCESS,cc28a5969f63a5087bc92647edd104c57cf62adaf135018178a8a297697d01cd,357.0,90.0,29.68755429,0.0
/content/drive/MyDrive/AISC DeepFake Çalışmaları/Deneyler/Nazlıcan/Deney 1/Kaş/real/train/real_train_00769.jpg,real/train/real_train_00769.jpg,real_train_00769.jpg,real,0,train,60795756e2b74f5a2dfc06e427970927788032f0796e4bea9fdb26c58221df90,,769,0.0,SUCCESS,d57d5e81da2728458b8d8aae0bb4727113d4a7d109d2c0db07bd233205803cd9,148.0,36.0,86.59097597,0.09375
/content/drive/MyDrive/AISC DeepFake Çalışmaları/Deneyler/Nazlıcan/Deney 1/Kaş/real/train/real_train_00770.jpg,real/train/real_train_00770.jpg,real_train_00770.jpg,real,0,train,aee08cdd6f1bb6708089b0602a3fec391094a5b9297859e0c6bec1ad21860c12,,770,0.0,SUCCESS,1998c4d98cd7f276a8429ca60c19af2447e4e9932748211e53de87fbcc54672a,75.0,16.0,526.36333264,0.0625
/content/drive/MyDrive/AISC DeepFake Çalışmaları/Deneyler/Nazlıcan/Deney 1/Kaş/real/train/real_train_00771.jpg,real/train/real_train_00771.jpg,real_train_00771.jpg,real,0,train,46e99101acc73735ac0356d37feb3160bb31d468f36163b071fcfeaf495fc4b6,,771,0.0,SUCCESS,41ea83086ae2a2d397c57c4ce895dc8a6ef97615ba69c9a7495818a3d615398c,146.0,27.0,49.64345626,0.0
/content/drive/MyDrive/AISC DeepFake Çalışmaları/Deneyler/Nazlıcan/Deney 1/Kaş/real/train/real_train_00772.jpg,real/train/real_train_00772.jpg,real_train_00772.jpg,real,0,train,291b2563cdc8697d606c0499b86c80a61454fde701c59df3548ecb90688d74b4,,772,0.0,SUCCESS,09c91b0d47efbac49bfd07ea6d1fb5008db91cea122e24a27f3bb5e8c0e319db,133.0,31.0,100.41447794,0.0
/content/drive/MyDrive/AISC DeepFake Çalışmaları/Deneyler/Nazlıcan/Deney 1/Kaş/real/train/real_train_00774.jpg,real/train/real_train_00774.jpg,real_train_00774.jpg,real,0,train,30667c6f4ab40a440580c6864fcdab75198f7b81bd99558bceee0d826931a9cc,,774,0.0,SUCCESS,c22c8f0d0f9d8a0afe2e495361b94206f9610e119e157d9f70b66c3d3a3365e9,179.0,44.0,17.90500523,0.09375
/content/drive/MyDrive/AISC DeepFake Çalışmaları/Deneyler/Nazlıcan/Deney 1/Kaş/real/train/real_train_00775.jpg,real/train/real_train_00775.jpg,real_train_00775.jpg,real,0,train,b216be51e02237f3609015aedc162d8e6c2458992d32f906bc50880721b68d03,,775,0.0,SUCCESS,897a7c3c40f2e5f1472caed9868ec77814570c50f1273981943cdd08d626e63c,208.0,55.0,28.63541628,0.0
/content/drive/MyDrive/AISC DeepFake Çalışmaları/Deneyler/Nazlıcan/Deney 1/Kaş/real/train/real_train_00776.jpg,real/train/real_train_00776.jpg,real_train_00776.jpg,real,0,train,a788b1cc4301927e871f2f8e3fe52cc120cae7d611182363bd3e2486fd09cf38,,776,0.0,SUCCESS,dce2a2a0d50d25e685633a525620e84c42b9805731d043661e3f515d65a69d4a,121.0,31.0,31.60493862,0.09375
/content/drive/MyDrive/AISC DeepFake Çalışmaları/Deneyler/Nazlıcan/Deney 1/Kaş/real/train/real_train_00777.jpg,real/train/real_train_00777.jpg,real_train_00777.jpg,real,0,train,26f213ae4fe25885eb75986dcb1c38c7b7512a12a143d3bed6700da42e725fa7,,777,0.0,SUCCESS,22cbb9c7ab0134bbb4f75971d2bbb26c1c92c9920eb020487dc27cff1da44bba,262.0,93.0,60.25229768,0.125
/content/drive/MyDrive/AISC DeepFake Çalışmaları/Deneyler/Nazlıcan/Deney 1/Kaş/real/train/real_train_00778.jpg,real/train/real_train_00778.jpg,real_train_00778.jpg,real,0,train,e4f2b1701a4a0d6f7fa0439cb642c2b15e8d0683ad45c9e0acc5ae5a6ee343e2,,778,0.0,SUCCESS,8097b54afaf3bb069a5143c3bc684fe8adf79c5030302a60de5f2787f0545b41,123.0,30.0,56.27506709,0.09375
/content/drive/MyDrive/AISC DeepFake Çalışmaları/Deneyler/Nazlıcan/Deney 1/Kaş/real/train/real_train_00780.jpg,real/train/real_train_00780.jpg,real_train_00780.jpg,real,0,train,02465dec1e24678fc4d18efa2dba405754064544daa9fceaa57bac4c5674c974,,780,0.0,SUCCESS,c926bf6710f34ac90c1377261215b315144b1952a51819aeca528bc695928b77,248.0,53.0,22.64212738,0.0
/content/drive/MyDrive/AISC DeepFake Çalışmaları/Deneyler/Nazlıcan/Deney 1/Kaş/real/train/real_train_00781.jpg,real/train/real_train_00781.jpg,real_train_00781.jpg,real,0,train,cf908c4c9023ba1722187a94f8ae558cd0b9dc83180d59f867fc72958fb96abb,,781,0.0,SUCCESS,73031ba204c75ee3eb1d6dac61390310cca30c954a65b0ecab7b0cbbd7a9a0ff,81.0,17.0,200.83256677,0.0
/content/drive/MyDrive/AISC DeepFake Çalışmaları/Deneyler/Nazlıcan/Deney 1/Kaş/real/train/real_train_00782.jpg,real/train/real_train_00782.jpg,real_train_00782.jpg,real,0,train,9b9b74f7d7de74182d39de4a46b228e88600624bde8c7e1a4aa1f501bc61753c,,782,0.0,SUCCESS,c66f540888daf0afb4e78952c38f14fcee6c9ece78f298861b95f94cdfdb64be,607.0,184.0,5.93010672,0.0625
/content/drive/MyDrive/AISC DeepFake Çalışmaları/Deneyler/Nazlıcan/Deney 1/Kaş/real/train/real_train_00783.jpg,real/train/real_train_00783.jpg,real_train_00783.jpg,real,0,train,46eae87141246156203a66a232aad4bf7a5d96369e527c9d6287365f2c5bff84,,783,0.0,SUCCESS,0c251b0f4876ae851c20df9e8b77fb63977e628a6598d856e23b3a8f2c7bc1ab,146.0,30.0,209.18644414,0.0
/content/drive/MyDrive/AISC DeepFake Çalışmaları/Deneyler/Nazlıcan/Deney 1/Kaş/real/train/real_train_00786.jpg,real/train/real_train_00786.jpg,real_train_00786.jpg,real,0,train,3af2f8e2f0e5de8c391bcff56582f2b2403eb97f75cab09e387e1d682fd1735f,,786,0.0,SUCCESS,448101029b9861b0745b65bff6073d52d0913fce26dbef2443432762ddca2da5,224.0,50.0,58.60141824,0.0
/content/drive/MyDrive/AISC DeepFake Çalışmaları/Deneyler/Nazlıcan/Deney 1/Kaş/real/train/real_train_00788.jpg,real/train/real_train_00788.jpg,real_train_00788.jpg,real,0,train,5ccae0024bdf81f3713f7e92da8755055087c5af979f05fe1f80edef5d5cd7a5,,788,0.0,SUCCESS,98058696faee5b876e25be9ba2adcf890aec17a36b35ca3021633a96a46c7dc2,367.0,105.0,8.25332219,0.09375
/content/drive/MyDrive/AISC DeepFake Çalışmaları/Deneyler/Nazlıcan/Deney 1/Kaş/real/train/real_train_00789.jpg,real/train/real_train_00789.jpg,real_train_00789.jpg,real,0,train,ec3c78586df0037e12e86ca1a2ca894dabb18da7aa685bf574fc35dee6e1bbdd,,789,0.0,SUCCESS,d83b984b4cd5ef514b529491e2e67c01767f4eb0044ecc037a6c81550eac92a5,470.0,121.0,21.30551245,0.03125
/content/drive/MyDrive/AISC DeepFake Çalışmaları/Deneyler/Nazlıcan/Deney 1/Kaş/real/train/real_train_00791.jpg,real/train/real_train_00791.jpg,real_train_00791.jpg,real,0,train,96b69fdc4e0a49d5ba2baf197cce9c2ebb95951970f07a7f5a0774505656e4cd,,791,0.0,SUCCESS,806b807b3fbd8b418ac2341f106de6b8a21b209841ed375d4d6b7763895201b3,79.0,21.0,546.88986917,0.09375
/content/drive/MyDrive/AISC DeepFake Çalışmaları/Deneyler/Nazlıcan/Deney 1/Kaş/real/train/real_train_00792.jpg,real/train/real_train_00792.jpg,real_train_00792.jpg,real,0,train,8ba523577e9bd78adc4af7e7e35e212ebe1663f63e5a8591a63d063e30b4b062,,792,0.0,SUCCESS,10dbf63853f71c5373999cb7be54e8cd47e093f61032702effb25ea4de4ce83e,101.0,23.0,294.09165861,0.0
/content/drive/MyDrive/AISC DeepFake Çalışmaları/Deneyler/Nazlıcan/Deney 1/Kaş/real/train/real_train_00793.jpg,real/train/real_train_00793.jpg,real_train_00793.jpg,real,0,train,4cab972ed5643c73860e88c403b0cbc8f7ee3531cd0e2eb4b974d4047b241d57,,793,0.0,SUCCESS,ea41e7af97e9730dbb5d41e53edc93e460760c149c69c47ae8ac1bf5379fbd20,443.0,185.0,11.80209833,0.09375
/content/drive/MyDrive/AISC DeepFake Çalışmaları/Deneyler/Nazlıcan/Deney 1/Kaş/real/train/real_train_00794.jpg,real/train/real_train_00794.jpg,real_train_00794.jpg,real,0,train,52bf4168f9692746b1791d81c16b1fa8bbd68b9be49c520b1b16a56d4c7f8dad,,794,0.0,SUCCESS,4b2bf22069a0575b703e90ad61788a0187aefee2c951f0e2128001290c45e740,89.0,28.0,104.9315086,0.125
/content/drive/MyDrive/AISC DeepFake Çalışmaları/Deneyler/Nazlıcan/Deney 1/Kaş/real/train/real_train_00795.jpg,real/train/real_train_00795.jpg,real_train_00795.jpg,real,0,train,93b24a08032699f53bc09c9f79553ab52ce6725774c16ff26a7556941f067235,,795,0.0,SUCCESS,41d8e34c4768f4b875355fd615539628aa141d3847be821f44e8a96a873d91fe,75.0,17.0,568.04237509,0.09375
/content/drive/MyDrive/AISC DeepFake Çalışmaları/Deneyler/Nazlıcan/Deney 1/Kaş/real/train/real_train_00796.jpg,real/train/real_train_00796.jpg,real_train_00796.jpg,real,0,train,62d4e85916e6ad3e87be12fac00b61fa6acdf4febdb93d7dcdbd06eed5d6eec7,,796,0.0,SUCCESS,6fa9a7b10ca558fb1f3c5f01c93b9a7c949d2aee818b55c088e4d8f7cf738e1c,194.0,38.0,50.0452342,0.0
/content/drive/MyDrive/AISC DeepFake Çalışmaları/Deneyler/Nazlıcan/Deney 1/Kaş/real/train/real_train_00797.jpg,real/train/real_train_00797.jpg,real_train_00797.jpg,real,0,train,ca67221d3cc3f43540644483906afaedfed91be3767fd5a3304170aafa1bf31f,,797,0.0,SUCCESS,2f7653363ea6af8c816f0ec57361d2b3b5de01b9c18344e77ce007abaaedb5bb,185.0,43.0,18.48614784,0.0
/content/drive/MyDrive/AISC DeepFake Çalışmaları/Deneyler/Nazlıcan/Deney 1/Kaş/real/train/real_train_00801.jpg,real/train/real_train_00801.jpg,real_train_00801.jpg,real,0,train,02958312a58af64ebb5024406f610efd16f09287a4ec890cf2d8dbda078c7f21,,801,0.0,SUCCESS,a777ae1b09a938fd21ad3a75026e93a5c96ed3cd4e769381bca6c76a1cc66e1e,72.0,18.0,494.3564666,0.09375
/content/drive/MyDrive/AISC DeepFake Çalışmaları/Deneyler/Nazlıcan/Deney 1/Kaş/real/train/real_train_00802.jpg,real/train/real_train_00802.jpg,real_train_00802.jpg,real,0,train,065c17ddc24d47fc5f75c6aa3011b5ff4da6b86d876fae7022d79f810496bd8a,,802,0.0,SUCCESS,dfe931e41fd5f3be7f8fefb404cab0d6e0a193d275c56712c60e842b0b19fc93,110.0,23.0,166.79271977,0.0
/content/drive/MyDrive/AISC DeepFake Çalışmaları/Deneyler/Nazlıcan/Deney 1/Kaş/real/train/real_train_00803.jpg,real/train/real_train_00803.jpg,real_train_00803.jpg,real,0,train,384921489f5783f031763e6c30e45b70d90e1162e4e691dd29b17341761439de,,803,0.0,SUCCESS,d48d0e0a13d9ec4e52b9816683f1ed49512d18ed1f623efb07d57eaf7f5953a2,216.0,48.0,19.43237647,0.0
/content/drive/MyDrive/AISC DeepFake Çalışmaları/Deneyler/Nazlıcan/Deney 1/Kaş/real/train/real_train_00804.jpg,real/train/real_train_00804.jpg,real_train_00804.jpg,real,0,train,5fa28ad4bb0c19cb044abe52419e4c11ab3a5b410e2f918f4463a03ea88dd460,,804,0.0,SUCCESS,bce88aecae482b64b252f49179c7b4edc52ba60b8b272f32f9f2aae62e350abb,175.0,46.0,29.47452682,0.0
/content/drive/MyDrive/AISC DeepFake Çalışmaları/Deneyler/Nazlıcan/Deney 1/Kaş/real/train/real_train_00805.jpg,real/train/real_train_00805.jpg,real_train_00805.jpg,real,0,train,ab9ea059890b0d8359d18f5eb97130a3b32101ced97a3d5c5a33d20bce6d6bf3,,805,0.0,SUCCESS,458d0f13dbffa845ea110731000f00731ec6bdb3a9d3f89c8981503907fec173,90.0,29.0,82.06951762,0.09375
/content/drive/MyDrive/AISC DeepFake Çalışmaları/Deneyler/Nazlıcan/Deney 1/Kaş/real/train/real_train_00806.jpg,real/train/real_train_00806.jpg,real_train_00806.jpg,real,0,train,96d08b8b78336023d0879dc07a58e5b360a87db33e5ce2208c674f410e2a5b03,,806,0.0,SUCCESS,22ed27a3eacc0c34f6d52175d2cfc6f24aaa5423c04ee227b9a4ef9f203b93a7,278.0,69.0,12.62141378,0.0
/content/drive/MyDrive/AISC DeepFake Çalışmaları/Deneyler/Nazlıcan/Deney 1/Kaş/real/train/real_train_00809.jpg,real/train/real_train_00809.jpg,real_train_00809.jpg,real,0,train,acde1a14ff3ccd04d7764a9645d43f6a5ee36c4b0b39b40fbd698547c5349c7b,,809,0.0,SUCCESS,8f14e41cc259b6e9f70c9aa3a70a9127590eae66f2d895a0e3b6445622bf8812,108.0,23.0,246.109347,0.0
/content/drive/MyDrive/AISC DeepFake Çalışmaları/Deneyler/Nazlıcan/Deney 1/Kaş/real/train/real_train_00810.jpg,real/train/real_train_00810.jpg,real_train_00810.jpg,real,0,train,4a5d0fd5842f57175117085cb7ac2cdcb1c60c76d259cedc5482fd5bdfda3bba,,810,0.0,SUCCESS,7d7bd6f930fc100d0d613e3785deb18c571ff458ce348601b5f2d6fe2d6ed79e,252.0,67.0,34.77606788,0.0
/content/drive/MyDrive/AISC DeepFake Çalışmaları/Deneyler/Nazlıcan/Deney 1/Kaş/real/train/real_train_00812.jpg,real/train/real_train_00812.jpg,real_train_00812.jpg,real,0,train,8ae1f63cd781ccc90a84c1ee0661fcc9061cbd4c9e6131cf4263845bc970f7c7,,812,0.0,SUCCESS,b9c7dbdb5c67a4cdc1b6e6f40203d2b453c5501d7ba86c7c644ec6bee7be3746,210.0,63.0,32.40320543,0.09375
/content/drive/MyDrive/AISC DeepFake Çalışmaları/Deneyler/Nazlıcan/Deney 1/Kaş/real/train/real_train_00815.jpg,real/train/real_train_00815.jpg,real_train_00815.jpg,real,0,train,7ac3f052616d49e2caed595bb2f40711712b95f8c6babce6b6ec494a69029afd,,815,0.0,SUCCESS,72ff31d84a78f9a3508b64d61b1af409ef8a85ce72d7b5def7c5e373ab3b7126,93.0,18.0,175.65364297,0.09375
/content/drive/MyDrive/AISC DeepFake Çalışmaları/Deneyler/Nazlıcan/Deney 1/Kaş/real/train/real_train_00816.jpg,real/train/real_train_00816.jpg,real_train_00816.jpg,real,0,train,4256a7446f654083c0a12449abadb4470f6f1ef5219d54686942ae46bfb68d6e,,816,0.0,SUCCESS,62cdc1d056a54391eb0ceb1e186d68e27a0f10873dc8ba6dd038237b55485724,193.0,43.0,9.1049574,0.0
/content/drive/MyDrive/AISC DeepFake Çalışmaları/Deneyler/Nazlıcan/Deney 1/Kaş/real/train/real_train_00818.jpg,real/train/real_train_00818.jpg,real_train_00818.jpg,real,0,train,cb0adc26b365cce1908c3eb1e43ef791495e15f43e7fd6347ab0d3a8420f29cc,,818,0.0,SUCCESS,fee86db3c7a055011b25b578187872e3aa8d4eb1eafc97ceac801477d51bbb61,107.0,36.0,251.49003525,0.0
/content/drive/MyDrive/AISC DeepFake Çalışmaları/Deneyler/Nazlıcan/Deney 1/Kaş/real/train/real_train_00819.jpg,real/train/real_train_00819.jpg,real_train_00819.jpg,real,0,train,e026dec2166eaa831fecd3d03991f3bf5dcb54c9d41c2fb6788f020051ec76f7,,819,0.0,SUCCESS,edb5643ca79926cb92f07cc394e3c70388b628bc31a2c66ad15b4532408c9b04,220.0,47.0,13.1638868,0.0
/content/drive/MyDrive/AISC DeepFake Çalışmaları/Deneyler/Nazlıcan/Deney 1/Kaş/real/train/real_train_00821.jpg,real/train/real_train_00821.jpg,real_train_00821.jpg,real,0,train,bda62f64c8d1994c7c0d091dc4262f95bdf4cd7446681e81c56601d0cacfb27b,,821,0.0,SUCCESS,d9da0dc3bb6ae630e5e1cf48b81e5c715ec2255d59883032baa42f120ff3eb50,174.0,43.0,39.65447411,0.0
/content/drive/MyDrive/AISC DeepFake Çalışmaları/Deneyler/Nazlıcan/Deney 1/Kaş/real/train/real_train_00822.jpg,real/train/real_train_00822.jpg,real_train_00822.jpg,real,0,train,71a0c2cc53e4e442af1037b94a4811beac5c92bee811bcc9ce5e108f4f2dad52,,822,0.0,SUCCESS,e4917979e04c72fadb6cdb67b24ef0da4ecb60bcd4b8d820657c6b1e55eca1bc,110.0,24.0,65.61873221,0.0625
/content/drive/MyDrive/AISC DeepFake Çalışmaları/Deneyler/Nazlıcan/Deney 1/Kaş/real/train/real_train_00825.jpg,real/train/real_train_00825.jpg,real_train_00825.jpg,real,0,train,471af79f1e1887d7bb4c0b96289a9c439080198908b6110352a8d97583024e6b,,825,0.0,SUCCESS,f12f66cd468fad517c1b65a149ec314ee017939ac388dccf91f691f9fe7fba16,249.0,49.0,11.10094034,0.0
/content/drive/MyDrive/AISC DeepFake Çalışmaları/Deneyler/Nazlıcan/Deney 1/Kaş/real/train/real_train_00826.jpg,real/train/real_train_00826.jpg,real_train_00826.jpg,real,0,train,c12b95e95f119253baf7d2409dbfed6affc5a4276c407dd5f863d9cc1149ee09,,826,0.0,SUCCESS,09ace08d38f0cd5fb3243f6071f99559232a8e27a50352fde08b16404fb4095a,270.0,73.0,19.97042488,0.0
/content/drive/MyDrive/AISC DeepFake Çalışmaları/Deneyler/Nazlıcan/Deney 1/Kaş/real/train/real_train_00828.jpg,real/train/real_train_00828.jpg,real_train_00828.jpg,real,0,train,5f9ec94ee61e803a2604810809153daecd34d7ec6cae0cb13f0cdc9b65ff2dd5,,828,0.0,SUCCESS,3f7d4217f40004a3674eb4506aab576e5187781a00f54160ad10ebf1fce372eb,210.0,48.0,17.59660217,0.0
/content/drive/MyDrive/AISC DeepFake Çalışmaları/Deneyler/Nazlıcan/Deney 1/Kaş/real/train/real_train_00831.jpg,real/train/real_train_00831.jpg,real_train_00831.jpg,real,0,train,70a19d6bca9b96aa2154de56d699e09bd7ede51561e14beb544bd9f724891060,,831,0.0,SUCCESS,41cd0d93ea7f12d23d8ca7c39afb825b893ab892cee2a4bacd3fc5b006c58d4f,103.0,25.0,300.08453894,0.0
/content/drive/MyDrive/AISC DeepFake Çalışmaları/Deneyler/Nazlıcan/Deney 1/Kaş/real/train/real_train_00833.jpg,real/train/real_train_00833.jpg,real_train_00833.jpg,real,0,train,c814b142eebe4440aefc29760d4661fae32ac150d2394b5fd86dbaa3e84d9f72,,833,0.0,SUCCESS,5532c6976ec3ed670792ef84e09991f9e4b647569f998b51629dd938a3897d4d,86.0,26.0,137.87515141,0.125
/content/drive/MyDrive/AISC DeepFake Çalışmaları/Deneyler/Nazlıcan/Deney 1/Kaş/real/train/real_train_00834.jpg,real/train/real_train_00834.jpg,real_train_00834.jpg,real,0,train,9b2b17cda83748f9bb644318b64a018f64d2dde84846274a582c6fb9adce2221,,834,0.0,SUCCESS,7a36d848c4c4203acea596dfba4843150cbed9538a79170dd581526ed0720720,232.0,46.0,11.76918677,0.0
/content/drive/MyDrive/AISC DeepFake Çalışmaları/Deneyler/Nazlıcan/Deney 1/Kaş/real/train/real_train_00835.jpg,real/train/real_train_00835.jpg,real_train_00835.jpg,real,0,train,34cea1a2f10563d5bedd2c64326a6cda7be996ff2e18cc5c4147c2b08735e187,,835,0.0,SUCCESS,57778ecf99b280780c904b6341198d35a54dc3f3a6673ffd330ed0ceab3423b3,96.0,18.0,202.96373323,0.0625
/content/drive/MyDrive/AISC DeepFake Çalışmaları/Deneyler/Nazlıcan/Deney 1/Kaş/real/train/real_train_00837.jpg,real/train/real_train_00837.jpg,real_train_00837.jpg,real,0,train,d72ae5b23c197aaf00be6d8cc0a1808c88edda9cb28b4f1a557262f704c107ba,,837,0.0,SUCCESS,273e8cb0586fe8f49cbc24ec044d7d47e534506bc1eeae484d70b4732f5e1bb8,391.0,77.0,5.47150319,0.0
/content/drive/MyDrive/AISC DeepFake Çalışmaları/Deneyler/Nazlıcan/Deney 1/Kaş/real/train/real_train_00838.jpg,real/train/real_train_00838.jpg,real_train_00838.jpg,real,0,train,e13b53f86ed500991f9bd3fe8fdcdb094473d75c0a531791bc3ca7436fa3256b,,838,0.0,SUCCESS,8559a7b149d17846bc91bd880155df82b4fd882c23f825968ef1f97a30cf97d6,97.0,23.0,221.08524819,0.0
/content/drive/MyDrive/AISC DeepFake Çalışmaları/Deneyler/Nazlıcan/Deney 1/Kaş/real/train/real_train_00839.jpg,real/train/real_train_00839.jpg,real_train_00839.jpg,real,0,train,0e2d08c101346319f74619227dbac7be8f552ef80eb072aad7dce0c84ead5e37,,839,0.0,SUCCESS,0b11602bce3862ef34e83393edd8ecf86475e4f3cf9a6f6a3399066287a1a6b9,146.0,48.0,35.51308094,0.09375
/content/drive/MyDrive/AISC DeepFake Çalışmaları/Deneyler/Nazlıcan/Deney 1/Kaş/real/train/real_train_00840.jpg,real/train/real_train_00840.jpg,real_train_00840.jpg,real,0,train,91966ecf82d24a8affb28e20a5a5f0e3d893c8aef773cb444242ad935e08b235,,840,0.0,SUCCESS,26144262c069894069788711ad94a90b65c8d76b3e3dfeb25a12cc62532e95a3,96.0,25.0,64.8022276,0.09375
/content/drive/MyDrive/AISC DeepFake Çalışmaları/Deneyler/Nazlıcan/Deney 1/Kaş/real/train/real_train_00842.jpg,real/train/real_train_00842.jpg,real_train_00842.jpg,real,0,train,08ca894543e10a1cde05cb945cbca98d9fb7f6a02ad60e9be4773fe07e7e754b,,842,0.0,SUCCESS,430a1e216ffccdf6085933bffc9e729491e171077d04d983d151b24f07832434,86.0,16.0,28.0396477,0.15625
/content/drive/MyDrive/AISC DeepFake Çalışmaları/Deneyler/Nazlıcan/Deney 1/Kaş/real/train/real_train_00843.jpg,real/train/real_train_00843.jpg,real_train_00843.jpg,real,0,train,c0c58770498f6f198ea3de4b6ab6e3719d7c5ace262c99efa37d91a4553b7523,,843,0.0,SUCCESS,97d0afbbf10fbf6dbbacd6451f8329322a96f60c4f7f9c6b46a739db55d9851c,184.0,49.0,26.08632242,0.09375
/content/drive/MyDrive/AISC DeepFake Çalışmaları/Deneyler/Nazlıcan/Deney 1/Kaş/real/train/real_train_00844.jpg,real/train/real_train_00844.jpg,real_train_00844.jpg,real,0,train,b77eb8b4a86315db5a61ca545cdd6feea8aa4fadd06430bdf2586e7e64353a41,,844,0.0,SUCCESS,5e8b938d91743607614733381f42323500604a800e65991a2666a5e0b072937a,301.0,92.0,22.1441956,0.0625
/content/drive/MyDrive/AISC DeepFake Çalışmaları/Deneyler/Nazlıcan/Deney 1/Kaş/real/train/real_train_00846.jpg,real/train/real_train_00846.jpg,real_train_00846.jpg,real,0,train,15f2cad2c4773f353da74f5d989221f3ebd3f6839d5b36a75e2a5df4eae19f71,,846,0.0,SUCCESS,245a1bb8871e046964b870b1fcdd2ec1229f249ac76eb4e919e24c71085b6357,135.0,31.0,45.05648843,0.0625
/content/drive/MyDrive/AISC DeepFake Çalışmaları/Deneyler/Nazlıcan/Deney 1/Kaş/real/train/real_train_00847.jpg,real/train/real_train_00847.jpg,real_train_00847.jpg,real,0,train,6f139f21abd1a4464e3adb87cef5a66cca102df2225358b1b8745b4dc2a58fc8,,847,0.0,SUCCESS,abd9ecb7f6c97d354df7dc67cdf89cc059c1af8ac66452efeb532a16d58dac20,135.0,28.0,166.90411691,0.0
/content/drive/MyDrive/AISC DeepFake Çalışmaları/Deneyler/Nazlıcan/Deney 1/Kaş/real/train/real_train_00848.jpg,real/train/real_train_00848.jpg,real_train_00848.jpg,real,0,train,2762cb16432e4f2adc3fd439b016b3173788a5cd939d0a342d0e87a8162a3cc3,,848,0.0,SUCCESS,e17b9512a0ebb1c4b3cb53db568c09d9f6577d49347e30858e5463157dd08701,74.0,15.0,290.35990666,0.0
/content/drive/MyDrive/AISC DeepFake Çalışmaları/Deneyler/Nazlıcan/Deney 1/Kaş/real/train/real_train_00852.jpg,real/train/real_train_00852.jpg,real_train_00852.jpg,real,0,train,88b2e199be7a3032fab32f32ffef56b7706a6faeb580b93464294f9a70629a82,,852,0.0,SUCCESS,84da12421c3518701c2bf232fbe2a987dd702b3053b389117c98e352757d451d,132.0,47.0,80.68852532,0.09375
/content/drive/MyDrive/AISC DeepFake Çalışmaları/Deneyler/Nazlıcan/Deney 1/Kaş/real/train/real_train_00854.jpg,real/train/real_train_00854.jpg,real_train_00854.jpg,real,0,train,e60d8d8642f954abd58e5f7c915d92ffb47bb146bac2ed82bcb9685de53a3f12,,854,0.0,SUCCESS,be993db169de49281b43cfb7ce8d243ca2c250a0dbc21a70d7ef100bbccc3a66,150.0,35.0,295.67312196,0.09375
/content/drive/MyDrive/AISC DeepFake Çalışmaları/Deneyler/Nazlıcan/Deney 1/Kaş/real/train/real_train_00856.jpg,real/train/real_train_00856.jpg,real_train_00856.jpg,real,0,train,abf05a474548e42435ac9f1a491c1126d9a2f847a423a410e84d722cfbde2d81,,856,0.0,SUCCESS,7e9cfc526681d8722531d094b2880226279c36d6ed3dabf1d7293528a4a26a83,184.0,53.0,57.64895662,0.09375
/content/drive/MyDrive/AISC DeepFake Çalışmaları/Deneyler/Nazlıcan/Deney 1/Kaş/real/train/real_train_00858.jpg,real/train/real_train_00858.jpg,real_train_00858.jpg,real,0,train,1d31df6cbf06ecfdacc67f3a197e7e4a1c4dc5b405c9341346c8293f649b2dc0,,858,0.0,SUCCESS,4e26f0156d289659e7bed685180ab43e958efee6cabafdd092cfddd7b6bae270,139.0,28.0,86.97250395,0.0
/content/drive/MyDrive/AISC DeepFake Çalışmaları/Deneyler/Nazlıcan/Deney 1/Kaş/real/train/real_train_00859.jpg,real/train/real_train_00859.jpg,real_train_00859.jpg,real,0,train,323cb9e8551f21dd87e2a03356f271fef44a0ee8b7a181517703df4f7a4145b2,,859,0.0,SUCCESS,28b8abd024e448ba1697e656297ab719a0df8f9f9a344194198a08e12fbd5347,334.0,78.0,8.97541498,0.09375
/content/drive/MyDrive/AISC DeepFake Çalışmaları/Deneyler/Nazlıcan/Deney 1/Kaş/real/train/real_train_00861.jpg,real/train/real_train_00861.jpg,real_train_00861.jpg,real,0,train,beb96a8225eadbd2f19937b3f1aa3817e9c2b0a3b550cd84cc8064fba1568a7e,,861,0.0,SUCCESS,45dadf6b4b066e72df0a06181dcd5adf16cccc59284d68304eea339254f98caa,375.0,89.0,6.22687896,0.09375
/content/drive/MyDrive/AISC DeepFake Çalışmaları/Deneyler/Nazlıcan/Deney 1/Kaş/real/train/real_train_00862.jpg,real/train/real_train_00862.jpg,real_train_00862.jpg,real,0,train,f2ad30cae5d7a18e276457b6fdd0378f99adfbb36c62b2e532d5eaeae0ad0ee0,,862,0.0,SUCCESS,dfd0622ae9aeb41ea8bf2a231135e562baf2d7cbb1c5430cdee9d423a7aa0013,276.0,64.0,15.73113451,0.0
/content/drive/MyDrive/AISC DeepFake Çalışmaları/Deneyler/Nazlıcan/Deney 1/Kaş/real/train/real_train_00863.jpg,real/train/real_train_00863.jpg,real_train_00863.jpg,real,0,train,9e267e32fda74372509f6314fad0f6651172d7a54d02fd220b176a92426a89a9,,863,0.0,SUCCESS,82521226d58543c094421fe0d531adc9b4e7880f6ea08eea5a71a0df25121c9b,100.0,28.0,287.03003967,0.09375
/content/drive/MyDrive/AISC DeepFake Çalışmaları/Deneyler/Nazlıcan/Deney 1/Kaş/real/train/real_train_00865.jpg,real/train/real_train_00865.jpg,real_train_00865.jpg,real,0,train,55837ae8ee971d267d5ecab44c33400c3330b15a24cd91e448257c8c9e7e36a7,,865,0.0,SUCCESS,74f7bc4998ff9e8be14839de554a2d5e05cd3af56d4534db2b0af44832f5f5d4,101.0,26.0,264.18916117,0.0625
/content/drive/MyDrive/AISC DeepFake Çalışmaları/Deneyler/Nazlıcan/Deney 1/Kaş/real/train/real_train_00867.jpg,real/train/real_train_00867.jpg,real_train_00867.jpg,real,0,train,528ee40f6787f8f00cd2994222ae0eed02fcc0ddf780f48b10a9d34f9c0776d2,,867,0.0,SUCCESS,5309bdc1286439eb6d6fad2c95661de5dfd18470e7f82f048dbb7543ae171e86,131.0,28.0,62.930563,0.0
/content/drive/MyDrive/AISC DeepFake Çalışmaları/Deneyler/Nazlıcan/Deney 1/Kaş/real/train/real_train_00868.jpg,real/train/real_train_00868.jpg,real_train_00868.jpg,real,0,train,c487ffca28741755ab592686bca607730ab176b3fe7b87ab66d4481365fb4511,,868,0.0,SUCCESS,701ae5ecd9a93acb6221df8c99bcd3585f4e9c887d59cee1cff7c8254d22e375,470.0,98.0,26.18585312,0.0
/content/drive/MyDrive/AISC DeepFake Çalışmaları/Deneyler/Nazlıcan/Deney 1/Kaş/real/train/real_train_00869.jpg,real/train/real_train_00869.jpg,real_train_00869.jpg,real,0,train,d775b365a455a3ec00f57ba3870f8d54f992cdbe05b69df8f08936b12b8f742b,,869,0.0,SUCCESS,62961d6d068eaa1efad029a4d52c259341f32cc073c996f8f8b8c3d670212852,130.0,31.0,83.85998461,0.125
/content/drive/MyDrive/AISC DeepFake Çalışmaları/Deneyler/Nazlıcan/Deney 1/Kaş/real/train/real_train_00870.jpg,real/train/real_train_00870.jpg,real_train_00870.jpg,real,0,train,d73cb67032504ccd43cfb4d5d746a689364594f08b9a5e0772333112c1d40052,,870,0.0,SUCCESS,db762a75eb267e2f9d1db9879c39e8892a4c3e74039cd05b281b178705a4583a,567.0,138.0,3.98799856,0.0
/content/drive/MyDrive/AISC DeepFake Çalışmaları/Deneyler/Nazlıcan/Deney 1/Kaş/real/train/real_train_00872.jpg,real/train/real_train_00872.jpg,real_train_00872.jpg,real,0,train,c45e120868dc07a6e7f792fdbee0b25441e7eac870a3c233e691e478c7043a0f,,872,0.0,SUCCESS,d619134126f2ba984fd37dc7ea9ebe7aa08ae008912bbaff87992146c8d46b67,135.0,44.0,111.64168962,0.09375
/content/drive/MyDrive/AISC DeepFake Çalışmaları/Deneyler/Nazlıcan/Deney 1/Kaş/real/train/real_train_00875.jpg,real/train/real_train_00875.jpg,real_train_00875.jpg,real,0,train,f2acccdd0f3392e05b8b32a25ba72b9655b9e423d02930215525765b6a0831ce,,875,0.0,SUCCESS,635d35c9f4f0f03ee357433374dc05051ed32da3f0bc04755f337403a458af7d,101.0,25.0,225.77062892,0.0
/content/drive/MyDrive/AISC DeepFake Çalışmaları/Deneyler/Nazlıcan/Deney 1/Kaş/real/train/real_train_00876.jpg,real/train/real_train_00876.jpg,real_train_00876.jpg,real,0,train,9bac32b61b4fc4276c27391523e6b7d3e1a320ff4c2a8a12f5267c7cf8fac9a4,,876,0.0,SUCCESS,1d29086806d5c8846ca8ae4c30b08a893da6b80a595988b263de5c7e4d78afa1,282.0,66.0,38.13575959,0.0
/content/drive/MyDrive/AISC DeepFake Çalışmaları/Deneyler/Nazlıcan/Deney 1/Kaş/real/train/real_train_00877.jpg,real/train/real_train_00877.jpg,real_train_00877.jpg,real,0,train,362e7e8c721ba32812ee495f766a585f295023f3c3801367fd6935262a147536,,877,0.0,SUCCESS,971ae189e11cafea831414a1b3bfcc1a5843e8d3dd78792df31c88530042b2a2,104.0,24.0,94.53802751,0.0
/content/drive/MyDrive/AISC DeepFake Çalışmaları/Deneyler/Nazlıcan/Deney 1/Kaş/real/train/real_train_00879.jpg,real/train/real_train_00879.jpg,real_train_00879.jpg,real,0,train,b0269ca3f4f65f7d147d280eb986eb30035b6ec447f911fdfc1857ada5137adb,,879,0.0,SUCCESS,28d2899e5c77802f47d31a1e97e1e0aaacd9af654c5dd59a00e47f3e25d14988,250.0,62.0,12.65177482,0.0
/content/drive/MyDrive/AISC DeepFake Çalışmaları/Deneyler/Nazlıcan/Deney 1/Kaş/real/train/real_train_00880.jpg,real/train/real_train_00880.jpg,real_train_00880.jpg,real,0,train,5742e846c7ba60cf92fecaa98b26c64dda9ec3081e96243c9efe720855edb623,,880,0.0,SUCCESS,a7475705ff79cfda5d65db8979e2f7917607f502213c43afc59ee88bfcb7d416,77.0,17.0,287.61700655,0.0
/content/drive/MyDrive/AISC DeepFake Çalışmaları/Deneyler/Nazlıcan/Deney 1/Kaş/real/train/real_train_00881.jpg,real/train/real_train_00881.jpg,real_train_00881.jpg,real,0,train,1bd1ce1f9cb89496959a2488f6dce3c511ad9ce4c5ce3242526e9b6475839daf,,881,0.0,SUCCESS,f888c42d8cda08403c53a22642c3baa946a802bc42829881f92a60ea64a4f543,289.0,67.0,14.19840402,0.0
/content/drive/MyDrive/AISC DeepFake Çalışmaları/Deneyler/Nazlıcan/Deney 1/Kaş/real/train/real_train_00882.jpg,real/train/real_train_00882.jpg,real_train_00882.jpg,real,0,train,5adfa4227468ff9715278512a3873fa41783fd9abe6e2d35c9b160d0b27341ec,,882,0.0,SUCCESS,08a0421dad78babed35c7101f730051bacc5134336a19ce4f7bcfd7c6667caeb,161.0,33.0,19.34252089,0.0
/content/drive/MyDrive/AISC DeepFake Çalışmaları/Deneyler/Nazlıcan/Deney 1/Kaş/real/train/real_train_00883.jpg,real/train/real_train_00883.jpg,real_train_00883.jpg,real,0,train,89c724df1efefb2facbf16f2b7d45b9cfc328e51b592da03a285754c4df674ef,,883,0.0,SUCCESS,533ae864a7b7d4332aec67fcc57dea0fa312aed53002bcc20fdd94dced0b4984,171.0,34.0,222.82418466,0.0
/content/drive/MyDrive/AISC DeepFake Çalışmaları/Deneyler/Nazlıcan/Deney 1/Kaş/real/train/real_train_00884.jpg,real/train/real_train_00884.jpg,real_train_00884.jpg,real,0,train,7e83a950be587b57995b884dc104fa9146bc3a7482e479a790b91b72ae3480a2,,884,0.0,SUCCESS,d249cacd6aace501f78cdea26ff18370db5ccf54c9409ba1ca733da110f9db91,93.0,23.0,61.45899053,0.0
/content/drive/MyDrive/AISC DeepFake Çalışmaları/Deneyler/Nazlıcan/Deney 1/Kaş/real/train/real_train_00885.jpg,real/train/real_train_00885.jpg,real_train_00885.jpg,real,0,train,e1ce3e03e13d17cb2d2b6a3dfc25e8cc09c3af5b3fd4d43ebbd29979d6a61f96,,885,0.0,SUCCESS,e8f6323672747710d368876dec8d593a89047f24d013e8162c6fc7986fc359eb,106.0,25.0,98.19433193,0.0
/content/drive/MyDrive/AISC DeepFake Çalışmaları/Deneyler/Nazlıcan/Deney 1/Kaş/real/train/real_train_00887.jpg,real/train/real_train_00887.jpg,real_train_00887.jpg,real,0,train,9d8983be1703f7d73f81a368abe19f7fd311ee7cacdf5403a6ae98aebbf02adf,,887,0.0,SUCCESS,688a1df247b65a857f4701ab1a751f791606ceb35671b5f261c0543ab42352aa,138.0,27.0,269.21161773,0.0
/content/drive/MyDrive/AISC DeepFake Çalışmaları/Deneyler/Nazlıcan/Deney 1/Kaş/real/train/real_train_00888.jpg,real/train/real_train_00888.jpg,real_train_00888.jpg,real,0,train,61007f4a5ece300c882d0fae92368bce460e310b541e822195ce17988bb04ce4,,888,0.0,SUCCESS,6b4aff75a0c04f31d62081322ff35a6d017563511bf1fa5f1a322201885f888d,124.0,27.0,91.48705793,0.0
/content/drive/MyDrive/AISC DeepFake Çalışmaları/Deneyler/Nazlıcan/Deney 1/Kaş/real/train/real_train_00890.jpg,real/train/real_train_00890.jpg,real_train_00890.jpg,real,0,train,1cb9b6148795714f73ce7bc8a6b4684a7ed5dedd168ff706df7d0263eefc091e,,890,0.0,SUCCESS,6917bef4906c3a72d78f3e23a3d60d6f125feda440c6c9c84e1c8ac7c3a39910,143.0,31.0,31.92555811,0.0
/content/drive/MyDrive/AISC DeepFake Çalışmaları/Deneyler/Nazlıcan/Deney 1/Kaş/real/train/real_train_00891.jpg,real/train/real_train_00891.jpg,real_train_00891.jpg,real,0,train,0e8e9297a543042b71d694641be9ba640601fa0ebe0eff26eb33a640cdfaf2b4,,891,0.0,SUCCESS,048afc8001fcf5f561fc6eba7649ce1a0b2412d9bd9adb99735db69402808629,330.0,78.0,10.82544822,0.09375
/content/drive/MyDrive/AISC DeepFake Çalışmaları/Deneyler/Nazlıcan/Deney 1/Kaş/real/train/real_train_00893.jpg,real/train/real_train_00893.jpg,real_train_00893.jpg,real,0,train,7e1fb6afe3fddec8adcf2215b657fb200f98d56b8d880a9851a1cc5ed00c0a54,,893,0.0,SUCCESS,c605c96aad2d7815427a8df71678152dfa75720d297032bb353336f8fc5440b1,397.0,76.0,175.52663766,0.03125
/content/drive/MyDrive/AISC DeepFake Çalışmaları/Deneyler/Nazlıcan/Deney 1/Kaş/real/train/real_train_00894.jpg,real/train/real_train_00894.jpg,real_train_00894.jpg,real,0,train,2bb96baf60b6796953e1be1ad211088f2f69edcdb0769f5e44e43a3048a4305a,,894,0.0,SUCCESS,44ae214aa0ce7f220b9db34556fcb70c7119493c0da32b28c70a055ea9e045fb,275.0,64.0,14.15217644,0.0
/content/drive/MyDrive/AISC DeepFake Çalışmaları/Deneyler/Nazlıcan/Deney 1/Kaş/real/train/real_train_00895.jpg,real/train/real_train_00895.jpg,real_train_00895.jpg,real,0,train,f12366c2933d260377d6d1418b08f4fe77323fb734d5f0769b4a034000c14ada,,895,0.0,SUCCESS,411bde54e778c0229077e009495c8323e582fb6222ae76a75ffaf5c2254a1a09,114.0,23.0,29.29773026,0.0
/content/drive/MyDrive/AISC DeepFake Çalışmaları/Deneyler/Nazlıcan/Deney 1/Kaş/real/train/real_train_00896.jpg,real/train/real_train_00896.jpg,real_train_00896.jpg,real,0,train,5830b9e3697ed28df5f2edfc9db6d1ca830b6ff731043f48c3e3520eebb8d491,,896,0.0,SUCCESS,65be6572f88392ea92aab27992398ca299c3f9dc23ebaafac96b2e4b254fe37e,210.0,45.0,25.52109055,0.0
/content/drive/MyDrive/AISC DeepFake Çalışmaları/Deneyler/Nazlıcan/Deney 1/Kaş/real/train/real_train_00897.jpg,real/train/real_train_00897.jpg,real_train_00897.jpg,real,0,train,285fc6778d6f422b4af21a38ac34a25830524f7b475d0568a08a1d53a13c8078,,897,0.0,SUCCESS,c66278c3e1ef7924155d7cfd74d4d3ed436311852048fd7378ae0916799dd9c5,167.0,41.0,30.60330981,0.0
/content/drive/MyDrive/AISC DeepFake Çalışmaları/Deneyler/Nazlıcan/Deney 1/Kaş/real/train/real_train_00898.jpg,real/train/real_train_00898.jpg,real_train_00898.jpg,real,0,train,8db5e46218de8fa0e97868a38c32550ec30051fb3fe4ac667182b773f30b2a71,,898,0.0,SUCCESS,e537dc80678c2084f3332201b8dc389c048a0e2be6e708e637b4fa13955cfecf,152.0,52.0,39.36588696,0.125
/content/drive/MyDrive/AISC DeepFake Çalışmaları/Deneyler/Nazlıcan/Deney 1/Kaş/real/train/real_train_00902.jpg,real/train/real_train_00902.jpg,real_train_00902.jpg,real,0,train,ecf4833212a3f6c182d368e601cc9551bbe2b1dfcd3c06087e90d93ba745f26a,,902,0.0,SUCCESS,f183c34480cb572fea90221e127d454b6c62c14b5237e2f635579b742821770d,91.0,18.0,880.10642129,0.15625
/content/drive/MyDrive/AISC DeepFake Çalışmaları/Deneyler/Nazlıcan/Deney 1/Kaş/real/train/real_train_00904.jpg,real/train/real_train_00904.jpg,real_train_00904.jpg,real,0,train,83324484cfd7bebb1e5fe558aec24ed0ec46d07bd2db7e1a1e200219404663e3,,904,0.0,SUCCESS,84262d81a010d0d634104dae2ad1e55641919dc50b76b62740cfc50edc7d3a4c,230.0,64.0,17.09363451,0.0
/content/drive/MyDrive/AISC DeepFake Çalışmaları/Deneyler/Nazlıcan/Deney 1/Kaş/real/train/real_train_00905.jpg,real/train/real_train_00905.jpg,real_train_00905.jpg,real,0,train,ae5212fa0d41f6c1c896f13b1da41faa38c7350b4bace259795c24abcf3d702f,,905,0.0,SUCCESS,bef85c1fd6df9ca6b171735ee9530d8c3985258bc609b9e82ef77f502f88818c,106.0,26.0,78.45063048,0.03125
/content/drive/MyDrive/AISC DeepFake Çalışmaları/Deneyler/Nazlıcan/Deney 1/Kaş/real/train/real_train_00906.jpg,real/train/real_train_00906.jpg,real_train_00906.jpg,real,0,train,1b279fa6a3619546fb5459075e5bc31d5288445b6d6b426eba015f40aae7aa76,,906,0.0,SUCCESS,4b9e63d2f1b4af34fd70f315e8d81417dc183d627e8a11bf1c1a5b1846c16c79,97.0,25.0,129.06022676,0.03125
/content/drive/MyDrive/AISC DeepFake Çalışmaları/Deneyler/Nazlıcan/Deney 1/Kaş/real/train/real_train_00907.jpg,real/train/real_train_00907.jpg,real_train_00907.jpg,real,0,train,32d022466d868d7523d2f47eda9b3a15936879a3373acb0bf4a14faaaf76d556,,907,0.0,SUCCESS,10ae1a0dad6a54ca8e793e8f8e002e298bf26e660905723154cf9dfa54ab735d,118.0,23.0,66.22820561,0.03125
/content/drive/MyDrive/AISC DeepFake Çalışmaları/Deneyler/Nazlıcan/Deney 1/Kaş/real/train/real_train_00909.jpg,real/train/real_train_00909.jpg,real_train_00909.jpg,real,0,train,216a8254c8e3900b392ea26c01a89926a40a9d1b5cc0eef4afccf4be17eb868c,,909,0.0,SUCCESS,6e9c529dd0ec3301344c1f5f4a5e2e18acdf7f27fb12c0533f8b3328d6ea1a4c,134.0,27.0,31.44440663,0.0
/content/drive/MyDrive/AISC DeepFake Çalışmaları/Deneyler/Nazlıcan/Deney 1/Kaş/real/train/real_train_00910.jpg,real/train/real_train_00910.jpg,real_train_00910.jpg,real,0,train,7bc404cc6caf71c09d1e8be25f73cba32cdcadf4d137c8e5b915f0cca0cf68c1,,910,0.0,SUCCESS,f147a810d2b264ad890399e9c3e82860ddb7781ddf975bbacd10401044d2ffe9,161.0,61.0,48.72779123,0.1875
/content/drive/MyDrive/AISC DeepFake Çalışmaları/Deneyler/Nazlıcan/Deney 1/Kaş/real/train/real_train_00911.jpg,real/train/real_train_00911.jpg,real_train_00911.jpg,real,0,train,b92db181977e246f6f5719e786322496f537b284c3cc7bc8d3d29df13a28dbac,,911,0.0,SUCCESS,4c1b5c763a60e911d590b93b029cd7121737a011b402e8167895f589c577e884,205.0,54.0,63.88723579,0.0625
/content/drive/MyDrive/AISC DeepFake Çalışmaları/Deneyler/Nazlıcan/Deney 1/Kaş/real/train/real_train_00913.jpg,real/train/real_train_00913.jpg,real_train_00913.jpg,real,0,train,296938c0fd43ca633498d2c8a352beb7b3a7451c3dbfa77952e05ffe3d3dce97,,913,0.0,SUCCESS,1f1c825cefad3870566cfdb9647afcc5eb013f8e9d49ce4cc68b85d79c4ced92,105.0,19.0,195.05501096,0.0
/content/drive/MyDrive/AISC DeepFake Çalışmaları/Deneyler/Nazlıcan/Deney 1/Kaş/real/train/real_train_00914.jpg,real/train/real_train_00914.jpg,real_train_00914.jpg,real,0,train,bf3fcd0a816d7ca00ad94309855ce4d819f8aab301b68f9d5136a69390eb2b16,,914,0.0,SUCCESS,099aaf9823a8ce9bc3c22a6d49868f0a5f9660444b23af252e7ded5c76a720ff,93.0,18.0,85.73665727,0.0
/content/drive/MyDrive/AISC DeepFake Çalışmaları/Deneyler/Nazlıcan/Deney 1/Kaş/real/train/real_train_00915.jpg,real/train/real_train_00915.jpg,real_train_00915.jpg,real,0,train,04196dcc210b005c01360602dbe4b611eda4e6acb6fdcd675b0d2c86fa1675d0,,915,0.0,SUCCESS,bf1b3e8c2be3d423c696a6a18dee7c68a72b10aba67bc9a4921523c23d2b712d,195.0,40.0,40.31495062,0.0
/content/drive/MyDrive/AISC DeepFake Çalışmaları/Deneyler/Nazlıcan/Deney 1/Kaş/real/train/real_train_00916.jpg,real/train/real_train_00916.jpg,real_train_00916.jpg,real,0,train,57dced487766ee0d1bc4f86cda1934dbcc4ee680686b7caadd9e58fe29b81730,,916,0.0,SUCCESS,240571673d3c1566363ada4b84872792bec7a319723792fe772513beb7a88f14,453.0,106.0,12.19655717,0.0
/content/drive/MyDrive/AISC DeepFake Çalışmaları/Deneyler/Nazlıcan/Deney 1/Kaş/real/train/real_train_00917.jpg,real/train/real_train_00917.jpg,real_train_00917.jpg,real,0,train,f754ecf707da3cd522dab23c238aea21c0777ded9507eb1053b18fa4919f3f98,,917,0.0,SUCCESS,36fa7df66f1e2d88fbd7b7dacc4f795a666542914c3dfe7292a4535b83622cfd,87.0,21.0,347.44419369,0.03125
/content/drive/MyDrive/AISC DeepFake Çalışmaları/Deneyler/Nazlıcan/Deney 1/Kaş/real/train/real_train_00918.jpg,real/train/real_train_00918.jpg,real_train_00918.jpg,real,0,train,ab0b7a3d20954b7f303c4770f1f1eabc1075124cb30bb91b1c75bf23c9352ec7,,918,0.0,SUCCESS,3d92f10f6210ec9008101fb555c3951f826bf735f5c3667af28ed91081c15d8a,102.0,21.0,98.69661764,0.0
/content/drive/MyDrive/AISC DeepFake Çalışmaları/Deneyler/Nazlıcan/Deney 1/Kaş/real/train/real_train_00919.jpg,real/train/real_train_00919.jpg,real_train_00919.jpg,real,0,train,9d4b506d6ffb509ecd059da010be8250de4a4d99f180f2606b1a68f30b4a40c4,,919,0.0,SUCCESS,c3249eeb2aa52b02fca32b4cc798fbed83c718453cbea45d0912e45755c49e19,164.0,47.0,19.93381283,0.09375
/content/drive/MyDrive/AISC DeepFake Çalışmaları/Deneyler/Nazlıcan/Deney 1/Kaş/real/train/real_train_00921.jpg,real/train/real_train_00921.jpg,real_train_00921.jpg,real,0,train,4721c98e6e026997dc282a3ddc912aa7aee057ab04fcdac4f5f2a74961e3965b,,921,0.0,SUCCESS,41f226793fe639d4a70272d90f5dc0812ceca53a707b1d5372e2640a5bb13346,164.0,55.0,40.70019512,0.25
/content/drive/MyDrive/AISC DeepFake Çalışmaları/Deneyler/Nazlıcan/Deney 1/Kaş/real/train/real_train_00924.jpg,real/train/real_train_00924.jpg,real_train_00924.jpg,real,0,train,6bd51869fe97d6bcf60e5c890a4f0b16efd5b2cfbb98a858c99a0f04fbc34725,,924,0.0,SUCCESS,48798c9fe9114779ca4e34c877aa5f9b00949c9a8ecd35b91b4a097dc4ea2aeb,311.0,96.0,22.58710377,0.0625
/content/drive/MyDrive/AISC DeepFake Çalışmaları/Deneyler/Nazlıcan/Deney 1/Kaş/real/train/real_train_00925.jpg,real/train/real_train_00925.jpg,real_train_00925.jpg,real,0,train,4fc7a1dd53852e7ac85caa2d6e2a5bcda84f411356a2d00bbc9059bebeef489d,,925,0.0,SUCCESS,a720ba16db6f1490b6a8a949d2780c83e5293259151d16a6eb01e363ff9f97ec,92.0,18.0,186.41603618,0.0
/content/drive/MyDrive/AISC DeepFake Çalışmaları/Deneyler/Nazlıcan/Deney 1/Kaş/real/train/real_train_00926.jpg,real/train/real_train_00926.jpg,real_train_00926.jpg,real,0,train,3a49ef85f04670ec99ec84c32666629ca064369d7df89ee212089976af0f4ae3,,926,0.0,SUCCESS,6f94338bc0c2708127fc2acd8af523c672673e474f4792a6a93d6a0dd691f84a,320.0,69.0,33.29090592,0.0
/content/drive/MyDrive/AISC DeepFake Çalışmaları/Deneyler/Nazlıcan/Deney 1/Kaş/real/train/real_train_00927.jpg,real/train/real_train_00927.jpg,real_train_00927.jpg,real,0,train,db4a1d17cb750832c8d08271a6e40845a3869b427df7c0fa769604a9df1caa72,,927,0.0,SUCCESS,381d061860182ca11ee5cbbf05a2a5156499dff24bda1a5a8ec2da32904f7d8a,187.0,37.0,72.78255032,0.0
/content/drive/MyDrive/AISC DeepFake Çalışmaları/Deneyler/Nazlıcan/Deney 1/Kaş/real/train/real_train_00928.jpg,real/train/real_train_00928.jpg,real_train_00928.jpg,real,0,train,b2cf16c10b50cbb336c784ac4873f903e1c21c2a79fdb2b9102a5318156dcaeb,,928,0.0,SUCCESS,520864ae9baca4452c3e0c06086744122a2dd83eef2e52ed6ec989402ac85758,174.0,43.0,99.05911465,0.0
/content/drive/MyDrive/AISC DeepFake Çalışmaları/Deneyler/Nazlıcan/Deney 1/Kaş/real/train/real_train_00929.jpg,real/train/real_train_00929.jpg,real_train_00929.jpg,real,0,train,64d6bb8336ff019c68adb7171dddc7feeaba22546eb51cd2db654cc45f1136f5,,929,0.0,SUCCESS,65527a4e56513c782fbd5cf4ef4a699c7b975b9e11618e2445b36489e12c1c0b,151.0,34.0,22.57102015,0.0
/content/drive/MyDrive/AISC DeepFake Çalışmaları/Deneyler/Nazlıcan/Deney 1/Kaş/real/train/real_train_00931.jpg,real/train/real_train_00931.jpg,real_train_00931.jpg,real,0,train,5a88f48b73982abd8b4cc20637955e65978f22d877767ca5ae4cd9a183fc1876,,931,0.0,SUCCESS,c312cd6df911094ae70906024da5320599d6a0702fb452a4be2f0ee479d4c808,88.0,29.0,108.0828619,0.15625
/content/drive/MyDrive/AISC DeepFake Çalışmaları/Deneyler/Nazlıcan/Deney 1/Kaş/real/train/real_train_00932.jpg,real/train/real_train_00932.jpg,real_train_00932.jpg,real,0,train,36ff6cbfe1718e4bedd9275ab30ec78dc91acfc452a56589c356b49482eefbbb,,932,0.0,SUCCESS,0ec7620b9df208278ac587ff8e755bbbd637607a957eccd08aa882dcab2b6623,79.0,20.0,192.6944476,0.0
/content/drive/MyDrive/AISC DeepFake Çalışmaları/Deneyler/Nazlıcan/Deney 1/Kaş/real/train/real_train_00936.jpg,real/train/real_train_00936.jpg,real_train_00936.jpg,real,0,train,edc566cc0e11b86299efea15d260409609ea55aec2eec7f5d008cda136d9b439,,936,0.0,SUCCESS,dc0550f29eb25916f6418b8bebbdf2d81900141b8fe618dce8ac9ba96e7c2e56,85.0,29.0,159.62329473,0.09375
/content/drive/MyDrive/AISC DeepFake Çalışmaları/Deneyler/Nazlıcan/Deney 1/Kaş/real/train/real_train_00937.jpg,real/train/real_train_00937.jpg,real_train_00937.jpg,real,0,train,6bb82c53ded05de243364ecbc2227752f9559eb55a5fd40e6d4cd3b8882fe766,,937,0.0,SUCCESS,b7a3cf15e352996e3e55797e1f84e2fe8ef32ce394cb13eb3ae02c488095e5a1,108.0,29.0,71.12467389,0.0
/content/drive/MyDrive/AISC DeepFake Çalışmaları/Deneyler/Nazlıcan/Deney 1/Kaş/real/train/real_train_00938.jpg,real/train/real_train_00938.jpg,real_train_00938.jpg,real,0,train,4cce955adcd58624fcd0a2f62f71f336af9e09519e6dccfe06aba82787bef323,,938,0.0,SUCCESS,b539d99ce8ec3ab63058d5a5a6bb1d2d390afa721bab715336bc3c2bb8b92355,87.0,18.0,112.38373589,0.0
/content/drive/MyDrive/AISC DeepFake Çalışmaları/Deneyler/Nazlıcan/Deney 1/Kaş/real/train/real_train_00940.jpg,real/train/real_train_00940.jpg,real_train_00940.jpg,real,0,train,e5f4a01b75b5347168949d11ff3dbe23e26a34ecaa8718cfd265405cc5be7d0a,,940,0.0,SUCCESS,a2147eee7874ce8b84ee381a9f4cc6e143bb3faaa4f360a0798240f07a76ae71,78.0,17.0,320.6664824,0.03125
/content/drive/MyDrive/AISC DeepFake Çalışmaları/Deneyler/Nazlıcan/Deney 1/Kaş/real/train/real_train_00941.jpg,real/train/real_train_00941.jpg,real_train_00941.jpg,real,0,train,57f523aec673cd39b22514b8cf2f1cd4cd90dc60d7df01f1848c3f7d7962bbd1,,941,0.0,SUCCESS,5059516aa1d985cfd4994836c7f729acf43dd67c7e0342d31eec2d7182f265ee,144.0,33.0,42.82956135,0.0
/content/drive/MyDrive/AISC DeepFake Çalışmaları/Deneyler/Nazlıcan/Deney 1/Kaş/real/train/real_train_00942.jpg,real/train/real_train_00942.jpg,real_train_00942.jpg,real,0,train,c65bc6dfe1165168b8b87777a4cc5309174282b5dd337a90c22d9f3a746e04b8,,942,0.0,SUCCESS,0ff34afe2d8f1f7bc3fe056bc37234a8da087f7962eecd893a8820706f043c0f,107.0,30.0,117.63950233,0.09375
/content/drive/MyDrive/AISC DeepFake Çalışmaları/Deneyler/Nazlıcan/Deney 1/Kaş/real/train/real_train_00944.jpg,real/train/real_train_00944.jpg,real_train_00944.jpg,real,0,train,83ccb100be5c3422f4d558c2447185a5f792889d881fc88c88745ae154843b0f,,944,0.0,SUCCESS,5d9ff43f3625bc11c1e9d74b5ac6db621d0745f67cd7646673b4adcde9bef702,274.0,81.0,93.83325614,0.0
/content/drive/MyDrive/AISC DeepFake Çalışmaları/Deneyler/Nazlıcan/Deney 1/Kaş/real/train/real_train_00945.jpg,real/train/real_train_00945.jpg,real_train_00945.jpg,real,0,train,0f3f0803c439ea19a9bd2b7e241982ec2e34f48984681abe83ba62f2536f5142,,945,0.0,SUCCESS,56d435b70f3bb9f8013071bc21c2cee47219c21617323352288a44214a65920e,225.0,66.0,21.64251722,0.09375
/content/drive/MyDrive/AISC DeepFake Çalışmaları/Deneyler/Nazlıcan/Deney 1/Kaş/real/train/real_train_00946.jpg,real/train/real_train_00946.jpg,real_train_00946.jpg,real,0,train,7a599f7a550670f20771448dcc9f737dbe39e828efef6efc67cdb605c9e08a41,,946,0.0,SUCCESS,b16489a69cec80f2beaece9b3bfa9f7600cd2132a7654618145b48001e1f4a48,253.0,69.0,32.23752762,0.09375
/content/drive/MyDrive/AISC DeepFake Çalışmaları/Deneyler/Nazlıcan/Deney 1/Kaş/real/train/real_train_00947.jpg,real/train/real_train_00947.jpg,real_train_00947.jpg,real,0,train,5f14f84420543e0c84d080b6992a374f36b94e355f7f14de3b554f3b80606805,,947,0.0,SUCCESS,7754470558c72f2f81a12259829c675986f2c9176f9b3373e2d8971f2bd47221,171.0,30.0,17.41337027,0.0
/content/drive/MyDrive/AISC DeepFake Çalışmaları/Deneyler/Nazlıcan/Deney 1/Kaş/real/train/real_train_00948.jpg,real/train/real_train_00948.jpg,real_train_00948.jpg,real,0,train,99b4ba2dd249e8b1cb158c132e09ffd668bd84d6419dffb3344b3269feb5ee37,,948,0.0,SUCCESS,8dc457df827c3626a1d18260abaf844344be83284105edb4f131c379e8a6e45b,345.0,93.0,12.46440829,0.0
/content/drive/MyDrive/AISC DeepFake Çalışmaları/Deneyler/Nazlıcan/Deney 1/Kaş/real/train/real_train_00949.jpg,real/train/real_train_00949.jpg,real_train_00949.jpg,real,0,train,2856214bb5aedd8bc24477dc2f0126c29fc609c3ae83ed594871a5ac7818c13d,,949,0.0,SUCCESS,44a7ff591b81714efd56909fc2141accda312d918be1d90c56ead4ee6d260921,160.0,34.0,13.0313776,0.0
/content/drive/MyDrive/AISC DeepFake Çalışmaları/Deneyler/Nazlıcan/Deney 1/Kaş/real/train/real_train_00950.jpg,real/train/real_train_00950.jpg,real_train_00950.jpg,real,0,train,0c549dd14e77d628cca98382bb166621828d3736eca193c4abb9919beb30f969,,950,0.0,SUCCESS,5b09a520e080193b2d47affe478f2e2ca1ef54593f0931e79eb4991df94e9812,134.0,29.0,97.73268075,0.09375
/content/drive/MyDrive/AISC DeepFake Çalışmaları/Deneyler/Nazlıcan/Deney 1/Kaş/real/train/real_train_00951.jpg,real/train/real_train_00951.jpg,real_train_00951.jpg,real,0,train,d78af6e97e5a846e99c02961175130b38f41b373c581995b38523f280249a1d3,,951,0.0,SUCCESS,1235d4bde785b760779c671fd733d92661891645ac79ed9276220fe541cae72d,199.0,38.0,23.26456927,0.0
/content/drive/MyDrive/AISC DeepFake Çalışmaları/Deneyler/Nazlıcan/Deney 1/Kaş/real/train/real_train_00952.jpg,real/train/real_train_00952.jpg,real_train_00952.jpg,real,0,train,858e60db8e1df54befcd97427c94ebd187989b714f39f9fb84159adfff52699a,,952,0.0,SUCCESS,f13187dda49e50d6664f74b542b679d3ea2c2abfe03d5eddadef779e315beea9,175.0,34.0,7.81476449,0.0
/content/drive/MyDrive/AISC DeepFake Çalışmaları/Deneyler/Nazlıcan/Deney 1/Kaş/real/train/real_train_00956.jpg,real/train/real_train_00956.jpg,real_train_00956.jpg,real,0,train,65892042f42dd46a184247639e3940c3ad77b98f41a65dfbcd76689988fa9fb7,,956,0.0,SUCCESS,2cb4c2b31154000214fc0159efc98f6e76e53d68f81e3a70009bd428921fa833,376.0,106.0,7.10131886,0.0
/content/drive/MyDrive/AISC DeepFake Çalışmaları/Deneyler/Nazlıcan/Deney 1/Kaş/real/train/real_train_00957.jpg,real/train/real_train_00957.jpg,real_train_00957.jpg,real,0,train,9514e3ff79eb8bd2b558dac918a957fb5191add602e18a0512f224f310f4d67a,,957,0.0,SUCCESS,fa268238000ea11ba2af9f37c406c785e9892e87f8e19e3aba4e80fb445692ee,191.0,37.0,42.15791027,0.0
/content/drive/MyDrive/AISC DeepFake Çalışmaları/Deneyler/Nazlıcan/Deney 1/Kaş/real/train/real_train_00959.jpg,real/train/real_train_00959.jpg,real_train_00959.jpg,real,0,train,13b7e3038ceb9ce544ad1b9e75e9ea53b24db8a6f75eb62b9c108d25425b6687,,959,0.0,SUCCESS,dcb631a072e3b278fff29dd24ba9a48b7fea17a17ad689c17713e6056ed47216,78.0,16.0,273.43008044,0.0
/content/drive/MyDrive/AISC DeepFake Çalışmaları/Deneyler/Nazlıcan/Deney 1/Kaş/real/train/real_train_00961.jpg,real/train/real_train_00961.jpg,real_train_00961.jpg,real,0,train,d184344ecd2f7f7557040f08382b9cc48d3e829789b7346f90547ee6dc911aa1,,961,0.0,SUCCESS,272db0383cb38208de009f0655a8dc8af68a884a57f215c51695eae77ee9d527,214.0,44.0,18.60066028,0.0
/content/drive/MyDrive/AISC DeepFake Çalışmaları/Deneyler/Nazlıcan/Deney 1/Kaş/real/train/real_train_00962.jpg,real/train/real_train_00962.jpg,real_train_00962.jpg,real,0,train,5940ed18dce1dcad5a4fd6f0a8774955b0998e31a31ea0a58a8974e1158aeaff,,962,0.0,SUCCESS,83c4a734c9a24b6ef100136e2edb85cc76007d0adeff561766d92f2535e4b431,165.0,35.0,30.36697981,0.0
/content/drive/MyDrive/AISC DeepFake Çalışmaları/Deneyler/Nazlıcan/Deney 1/Kaş/real/train/real_train_00963.jpg,real/train/real_train_00963.jpg,real_train_00963.jpg,real,0,train,d498eb56f9a8c7a9d03964d6c0827dcbbf2d544516b230a80f6180ceef54e68e,,963,0.0,SUCCESS,e9da1f0da9c0a1bd9d245d4a2ea96dda01f2fe7d238bdc01828431d7d129b7b6,96.0,18.0,226.56802146,0.03125
/content/drive/MyDrive/AISC DeepFake Çalışmaları/Deneyler/Nazlıcan/Deney 1/Kaş/real/train/real_train_00964.jpg,real/train/real_train_00964.jpg,real_train_00964.jpg,real,0,train,1f7b2886f37dc2d479b57f0f5d590aca337659b0798cc6b299e6aaa4823dcedd,,964,0.0,SUCCESS,e727c7a15b595393f548610c51e9a3298a3a05f7fa7e93518ef965c882402853,96.0,19.0,349.39234067,0.0
/content/drive/MyDrive/AISC DeepFake Çalışmaları/Deneyler/Nazlıcan/Deney 1/Kaş/real/train/real_train_00968.jpg,real/train/real_train_00968.jpg,real_train_00968.jpg,real,0,train,174e65061ee7400c070333de4ffc1cc97badc6f64f74418ffdf10431b582941f,,968,0.0,SUCCESS,7d7181ed83e76c28101ec48697db92da266d83460f021cc3be6510fb6f72ff40,114.0,26.0,66.09754151,0.0
/content/drive/MyDrive/AISC DeepFake Çalışmaları/Deneyler/Nazlıcan/Deney 1/Kaş/real/train/real_train_00969.jpg,real/train/real_train_00969.jpg,real_train_00969.jpg,real,0,train,3e396cefa38ee47e2cf5c470e5f7ed9827dfac3bd96e085fed9ba5f86b4557d3,,969,0.0,SUCCESS,7726f276d9eae8c4a2a15c55caa6614e9f9957913c9bbcb20e382cd9e486eb22,136.0,33.0,57.79520427,0.09375
/content/drive/MyDrive/AISC DeepFake Çalışmaları/Deneyler/Nazlıcan/Deney 1/Kaş/real/train/real_train_00970.jpg,real/train/real_train_00970.jpg,real_train_00970.jpg,real,0,train,62312ba526ce37450a6a5692525be30dab7c085b07cafbb4c2f8abefb397507d,,970,0.0,SUCCESS,2a2c4628b56f45a8ca0866c63f39a666a3bc80c1357f3c09d634076e449be29d,100.0,26.0,414.0973963,0.09375
/content/drive/MyDrive/AISC DeepFake Çalışmaları/Deneyler/Nazlıcan/Deney 1/Kaş/real/train/real_train_00971.jpg,real/train/real_train_00971.jpg,real_train_00971.jpg,real,0,train,c31884a0b645a9f2077ccdf2eb903e24d18b16d4500a33985ddab3e794128590,,971,0.0,SUCCESS,e16e14a13ba4855426f576641504614d18f41e2e65db5ed54f4fdcf98e967ba0,112.0,27.0,56.88387039,0.09375
/content/drive/MyDrive/AISC DeepFake Çalışmaları/Deneyler/Nazlıcan/Deney 1/Kaş/real/train/real_train_00973.jpg,real/train/real_train_00973.jpg,real_train_00973.jpg,real,0,train,178d0bfb0f771da2553726fdfdb5a02aa680d192c74f571fad202e04761eb3e8,,973,0.0,SUCCESS,6f77be6ee13405591657102834e49585c8534edc469a7275ba2c3f651dfbda98,93.0,27.0,72.6011228,0.03125
/content/drive/MyDrive/AISC DeepFake Çalışmaları/Deneyler/Nazlıcan/Deney 1/Kaş/real/train/real_train_00975.jpg,real/train/real_train_00975.jpg,real_train_00975.jpg,real,0,train,3139f19f59ead2cf9132d2b7ba6e0f026ca8efa925bd53caa654574ca1e1affd,,975,0.0,SUCCESS,b8556560d2967c824c4bea2f10266378668e14bfc37853b4f748a4aaaadade35,215.0,47.0,44.76320413,0.0625
/content/drive/MyDrive/AISC DeepFake Çalışmaları/Deneyler/Nazlıcan/Deney 1/Kaş/real/train/real_train_00976.jpg,real/train/real_train_00976.jpg,real_train_00976.jpg,real,0,train,b0aca38117facce75e24997a7444df9a7da6be2255dd79d89680205c9aea8553,,976,0.0,SUCCESS,ca6a8cabe3c9e3ff58ddc55c8153a46e82e65d65b8303d4082d0eacf18429f9a,128.0,30.0,191.43096185,0.03125
/content/drive/MyDrive/AISC DeepFake Çalışmaları/Deneyler/Nazlıcan/Deney 1/Kaş/real/train/real_train_00977.jpg,real/train/real_train_00977.jpg,real_train_00977.jpg,real,0,train,aced685000c14ab0c9175ad2cfb41560a7c8de30fefb9c81b1103cac54f06f0e,,977,0.0,SUCCESS,48e419d8a100c0337bb56259706363aa3ce1be6479c87ca0eab787818add9d3c,164.0,42.0,36.01061374,0.0
/content/drive/MyDrive/AISC DeepFake Çalışmaları/Deneyler/Nazlıcan/Deney 1/Kaş/real/train/real_train_00979.jpg,real/train/real_train_00979.jpg,real_train_00979.jpg,real,0,train,a5822748eb0f0c22da7744a28f4cb7f2ba0d39997825d8368cb8f3b09033320d,,979,0.0,SUCCESS,6e2f98b92419682e58156bd639f5cb7e9cd6536618245e5d3de4b86edd94decf,298.0,86.0,55.01811966,0.0
/content/drive/MyDrive/AISC DeepFake Çalışmaları/Deneyler/Nazlıcan/Deney 1/Kaş/real/train/real_train_00980.jpg,real/train/real_train_00980.jpg,real_train_00980.jpg,real,0,train,24d07f2aa95f0ec4e5cca0cd783b99a70151bec28358c87d21d88e7d79a84726,,980,0.0,SUCCESS,af87c53579547923b1f3bc3a1d819025330ba2414cd5082e67515814a0c4887c,97.0,31.0,452.24339594,0.09375
/content/drive/MyDrive/AISC DeepFake Çalışmaları/Deneyler/Nazlıcan/Deney 1/Kaş/real/train/real_train_00982.jpg,real/train/real_train_00982.jpg,real_train_00982.jpg,real,0,train,fb251df3a2fec3ce79f81335b51cf2586c5a8756247a994c8740f5f9d2f791f0,,982,0.0,SUCCESS,156d8f56f12f30ff6807e78283ad164b66d4bd3f28a1a3e9a08fd7121566ca03,187.0,35.0,18.96606699,0.0
/content/drive/MyDrive/AISC DeepFake Çalışmaları/Deneyler/Nazlıcan/Deney 1/Kaş/real/train/real_train_00984.jpg,real/train/real_train_00984.jpg,real_train_00984.jpg,real,0,train,2ee0e73afe8a21e15af2ce4b391dc23375d678259a0f97293689476d40b247b0,,984,0.0,SUCCESS,1557973e38dcb4611250581168dc268d0ba7538151fda9e86a3fa82fbddc9a31,99.0,27.0,260.47155374,0.125
/content/drive/MyDrive/AISC DeepFake Çalışmaları/Deneyler/Nazlıcan/Deney 1/Kaş/real/train/real_train_00985.jpg,real/train/real_train_00985.jpg,real_train_00985.jpg,real,0,train,b885dceb728e9badd3705e4af9748653431537accae346a110ffa2b03db61fdd,,985,0.0,SUCCESS,7cb017c542c54a8904505b29e31afcb3cfb75a276ec7a8c03fc91ae53bb63eaa,75.0,19.0,266.62176128,0.0
/content/drive/MyDrive/AISC DeepFake Çalışmaları/Deneyler/Nazlıcan/Deney 1/Kaş/real/train/real_train_00986.jpg,real/train/real_train_00986.jpg,real_train_00986.jpg,real,0,train,3f01e00c55136088ba44a5fe9677cc92374e8061aa3dac891284a2b5625fe5a6,,986,0.0,SUCCESS,31446378f2b0d960407125fa7d66871dd868d72255aa0d7a517df3f96df6ddd0,191.0,58.0,21.81283568,0.09375
/content/drive/MyDrive/AISC DeepFake Çalışmaları/Deneyler/Nazlıcan/Deney 1/Kaş/real/train/real_train_00989.jpg,real/train/real_train_00989.jpg,real_train_00989.jpg,real,0,train,dcfe1110f257e2fe487e0b9422519225cbc0bd54cff8d669ecb7892b816796ae,,989,0.0,SUCCESS,933b6122051f2b2a46958f8c348ba31eceac9092a05010603cf56b2880d73804,141.0,28.0,60.75961993,0.0
/content/drive/MyDrive/AISC DeepFake Çalışmaları/Deneyler/Nazlıcan/Deney 1/Kaş/real/train/real_train_00990.jpg,real/train/real_train_00990.jpg,real_train_00990.jpg,real,0,train,d0f6b1b91a83bc42ab25a88ffea80b225e3e523defebf28a8811d8ed61eccf31,,990,0.0,SUCCESS,712413cbd3c7cbeede642f88acc95aa03df943d902704f6cd81303d84dfdd542,221.0,45.0,31.5199436,0.0
/content/drive/MyDrive/AISC DeepFake Çalışmaları/Deneyler/Nazlıcan/Deney 1/Kaş/real/train/real_train_00991.jpg,real/train/real_train_00991.jpg,real_train_00991.jpg,real,0,train,a90169d0958965d1f867fdb9e13659740f2241fd701ef6af8f23c56cbf712267,,991,0.0,SUCCESS,53576a9e40d5d73fe2a9e376a575d29202c521134224ab4f2a7332c6ea7daeb5,174.0,44.0,13.83220562,0.0
/content/drive/MyDrive/AISC DeepFake Çalışmaları/Deneyler/Nazlıcan/Deney 1/Kaş/real/train/real_train_00994.jpg,real/train/real_train_00994.jpg,real_train_00994.jpg,real,0,train,cd820479126007ce1084f91c97ff987b14b9f13b5a888bd79d5ab39d7caeaf83,,994,0.0,SUCCESS,3b320121d93cec0357f91f78d59766a44cf545b81414285fc59710af271ffa81,112.0,25.0,162.87871314,0.09375
/content/drive/MyDrive/AISC DeepFake Çalışmaları/Deneyler/Nazlıcan/Deney 1/Kaş/real/train/real_train_00997.jpg,real/train/real_train_00997.jpg,real_train_00997.jpg,real,0,train,186e01d37b99e4d796a8c650f246c3603a4dc245f805e1781ea18a849979bc03,,997,0.0,SUCCESS,b33ef51f95d7a79e767f8ca19d6a48f48d93a10535582c6493a68c401070ee51,113.0,23.0,68.26853019,0.0
/content/drive/MyDrive/AISC DeepFake Çalışmaları/Deneyler/Nazlıcan/Deney 1/Kaş/real/train/real_train_00999.jpg,real/train/real_train_00999.jpg,real_train_00999.jpg,real,0,train,82add146c46c33289abc93e2f99bab908b66cac9cc10411741c79e781e783d19,,999,0.0,SUCCESS,467953e9fb1d7e1dadf4be027b69172da9d3962efcd561911f96d0f7f9c07987,315.0,75.0,9.02947352,0.0
/content/drive/MyDrive/AISC DeepFake Çalışmaları/Deneyler/Nazlıcan/Deney 1/Kaş/real/train/real_train_01000.jpg,real/train/real_train_01000.jpg,real_train_01000.jpg,real,0,train,315681ae0257bfe3478e32d43cc39a27d0f48867b6eacffe69fe0dc38c44fe03,,1000,0.0,SUCCESS,5d60006d45043cab06afe36068555da70fabeec628ab0d4a5a2f5a37a268a5c8,214.0,38.0,194.09787123,0.09375
/content/drive/MyDrive/AISC DeepFake Çalışmaları/Deneyler/Nazlıcan/Deney 1/Kaş/real/train/real_train_01005.jpg,real/train/real_train_01005.jpg,real_train_01005.jpg,real,0,train,9152b57f6d7ccbd742c48661e29da17ccecfb794d4debbba6669737dade8b742,,1005,0.0,SUCCESS,5893b4887b9d4d72932038ffbdbcfdb443cb81a1525bf404902439b2c5325bc5,93.0,18.0,57.51850853,0.0
/content/drive/MyDrive/AISC DeepFake Çalışmaları/Deneyler/Nazlıcan/Deney 1/Kaş/real/train/real_train_01006.jpg,real/train/real_train_01006.jpg,real_train_01006.jpg,real,0,train,25e1ddbde1d0a149d881c3bda4f1c5d805b569816d801048aeedcc16cb73b117,,1006,0.0,SUCCESS,20e1f16b04c96a276664fd8832dfbcd05853cbc7e0367de6a692f9f9d677d9b7,263.0,87.0,15.26970273,0.0
/content/drive/MyDrive/AISC DeepFake Çalışmaları/Deneyler/Nazlıcan/Deney 1/Kaş/real/train/real_train_01007.jpg,real/train/real_train_01007.jpg,real_train_01007.jpg,real,0,train,57c8292844c2db6c3db4bfc6df5b993f6e6785f95b946fd406d50654c0ed1dd4,,1007,0.0,SUCCESS,13f64fe7034e73bd4d7928e0d268b00886caa6d9b120dea8379a953c7aa0bb0c,76.0,22.0,524.26399886,0.09375
/content/drive/MyDrive/AISC DeepFake Çalışmaları/Deneyler/Nazlıcan/Deney 1/Kaş/real/train/real_train_01010.jpg,real/train/real_train_01010.jpg,real_train_01010.jpg,real,0,train,0972eecbfc8a34e18b2621cb563471abb62574821f58283be865b659280226d4,,1010,0.0,SUCCESS,54a89fcacf68af3130646efcb3d1b04927ef408cab7af57b2c2a357e27b79ea5,130.0,32.0,92.05798533,0.0
/content/drive/MyDrive/AISC DeepFake Çalışmaları/Deneyler/Nazlıcan/Deney 1/Kaş/real/train/real_train_01011.jpg,real/train/real_train_01011.jpg,real_train_01011.jpg,real,0,train,c58bc676317f65cf50188b11973d9d562fe9eca7712a770e5943a4c588acd479,,1011,0.0,SUCCESS,68cf6db06b062a8e5f4d8672294291e762eb03aa2e66e6539550af57c66ef833,185.0,38.0,21.97565354,0.0
/content/drive/MyDrive/AISC DeepFake Çalışmaları/Deneyler/Nazlıcan/Deney 1/Kaş/real/train/real_train_01012.jpg,real/train/real_train_01012.jpg,real_train_01012.jpg,real,0,train,494a6eac96e84486b968a527d4d0efc600064b70504be17e37e813c7e1419663,,1012,0.0,SUCCESS,179c3dc1cbf3a198b1774d1d61ebb3468edd570641d13627c50a26761a66b50e,129.0,36.0,13.99102076,0.0
/content/drive/MyDrive/AISC DeepFake Çalışmaları/Deneyler/Nazlıcan/Deney 1/Kaş/real/train/real_train_01013.jpg,real/train/real_train_01013.jpg,real_train_01013.jpg,real,0,train,78745f990dc172e3d63052c47c4a9ba2496dadbd5a4542540f254a2537d8b997,,1013,0.0,SUCCESS,50f6f03205ba04a66759d5282470b18d5045dd102b420b21178a4887b9ddd8cc,169.0,49.0,15.22370213,0.0
/content/drive/MyDrive/AISC DeepFake Çalışmaları/Deneyler/Nazlıcan/Deney 1/Kaş/real/train/real_train_01014.jpg,real/train/real_train_01014.jpg,real_train_01014.jpg,real,0,train,83bd3a59e3f0b0a7226b7abcbe98e9f9ecca508d4e617b48b85705f1357946ff,,1014,0.0,SUCCESS,81f3cb358f04f4009ca7481d1dfab5a0fe1ce2926f53c551cc349bbce2e37c8b,267.0,78.0,20.17427216,0.03125
/content/drive/MyDrive/AISC DeepFake Çalışmaları/Deneyler/Nazlıcan/Deney 1/Kaş/real/train/real_train_01015.jpg,real/train/real_train_01015.jpg,real_train_01015.jpg,real,0,train,aa755b99ac7db15236f390b1d54e513fa59ced7ff230dbb1a7def8a11aae64ac,,1015,0.0,SUCCESS,e3e44c661d70ba5e6d9f1b810368d1c99bda5dc3cd488318a38fafa9726691dc,145.0,48.0,88.85148829,0.0
/content/drive/MyDrive/AISC DeepFake Çalışmaları/Deneyler/Nazlıcan/Deney 1/Kaş/real/train/real_train_01016.jpg,real/train/real_train_01016.jpg,real_train_01016.jpg,real,0,train,9dccf11444328bca8edf3e3be63c004ea4ad0ef4b1b0f7f7e4f6d550e8e76a47,,1016,0.0,SUCCESS,d44cc8117843a2d6d18c033d874544328662606174dfa56676b66c22b8954720,143.0,34.0,33.02688573,0.09375
/content/drive/MyDrive/AISC DeepFake Çalışmaları/Deneyler/Nazlıcan/Deney 1/Kaş/real/train/real_train_01018.jpg,real/train/real_train_01018.jpg,real_train_01018.jpg,real,0,train,0ce144ca5cb65108f1df1a68ee9852e872d4d585fe7b865fb35d34d20259776c,,1018,0.0,SUCCESS,b6d14853e6738aa291f45f7498f4213f3b769344e103b11e832ac1ed0672298b,71.0,14.0,85.23661587,0.0
/content/drive/MyDrive/AISC DeepFake Çalışmaları/Deneyler/Nazlıcan/Deney 1/Kaş/real/train/real_train_01020.jpg,real/train/real_train_01020.jpg,real_train_01020.jpg,real,0,train,09d6e2d6692d6f1ebee3add47b711c6366c4834f14c8619892f44dda8227d187,,1020,0.0,SUCCESS,ff3639c4a959baed936ce5423ab4dd422e50ac8b03d59ada669d15a2e685ca68,175.0,37.0,28.27469239,0.0
/content/drive/MyDrive/AISC DeepFake Çalışmaları/Deneyler/Nazlıcan/Deney 1/Kaş/real/train/real_train_01021.jpg,real/train/real_train_01021.jpg,real_train_01021.jpg,real,0,train,34245a79a4a7998bedb7569bd3dda3cec5146291b1713f6e13b65a4f2bcf5829,,1021,0.0,SUCCESS,7e4a1a56451ec4c13b3967eabf6cf4d71c8e806630e92f44f8ae658a57b8b3be,178.0,52.0,61.02895251,0.0625
/content/drive/MyDrive/AISC DeepFake Çalışmaları/Deneyler/Nazlıcan/Deney 1/Kaş/real/train/real_train_01022.jpg,real/train/real_train_01022.jpg,real_train_01022.jpg,real,0,train,a0b1df6e170d9952752c3d97c2d10e249eb49ba9740683b19bd7f94fded1f083,,1022,0.0,SUCCESS,fda675bcf8c22942a6d7f1b085e21a3b6b4ab0d6d2d1ff07852c8695ab204655,97.0,19.0,202.97646592,0.0
/content/drive/MyDrive/AISC DeepFake Çalışmaları/Deneyler/Nazlıcan/Deney 1/Kaş/real/train/real_train_01023.jpg,real/train/real_train_01023.jpg,real_train_01023.jpg,real,0,train,207abd4d7f6fb544aa36bb4abfe6f69e9a2503431df011e2959e075a2f95c278,,1023,0.0,SUCCESS,97621d2d8130099b4e864f932325f6ef7528b8d7024bf33a01d79d2f1f7d8401,96.0,25.0,280.80886042,0.0
/content/drive/MyDrive/AISC DeepFake Çalışmaları/Deneyler/Nazlıcan/Deney 1/Kaş/real/train/real_train_01027.jpg,real/train/real_train_01027.jpg,real_train_01027.jpg,real,0,train,7538fc584a893744bec16958d1a626ef23548779dd47b80ae596785a21b61f50,,1027,0.0,SUCCESS,6dc5dfcc2a3e42b591be1fa252ddee81b3a758b4f8c897f3f5ddbdc047a602a0,168.0,39.0,128.50864643,0.09375
/content/drive/MyDrive/AISC DeepFake Çalışmaları/Deneyler/Nazlıcan/Deney 1/Kaş/real/train/real_train_01028.jpg,real/train/real_train_01028.jpg,real_train_01028.jpg,real,0,train,a3596abdc89ee6347537a9de3d546c4e57b51fc7dc387c0d9a65e1c04adcd008,,1028,0.0,SUCCESS,00649dbbafd23d665242c4f5c97ab17902e1a69152a0c9e69c16a0d2451a9180,119.0,22.0,96.59603068,0.0625
/content/drive/MyDrive/AISC DeepFake Çalışmaları/Deneyler/Nazlıcan/Deney 1/Kaş/real/train/real_train_01030.jpg,real/train/real_train_01030.jpg,real_train_01030.jpg,real,0,train,9ad7ecd0bf50a174c64673e3f4467ca09fec82632b0a264daa84078d699b073d,,1030,0.0,SUCCESS,5c0292f8148df5946a3b04348c9b300850b41393140da3a897d9db3f1f283a78,65.0,16.0,262.30070636,0.0625
/content/drive/MyDrive/AISC DeepFake Çalışmaları/Deneyler/Nazlıcan/Deney 1/Kaş/real/train/real_train_01033.jpg,real/train/real_train_01033.jpg,real_train_01033.jpg,real,0,train,49aae99f6f838c263d5e4673528467d0f7f9581c3a44d2f8ac8d0f1f14bd761e,,1033,0.0,SUCCESS,ba5522ae530578a252ea3a610cbf8a84c832af834c2d61fa411771bac6723ce8,108.0,28.0,79.29798604,0.0
/content/drive/MyDrive/AISC DeepFake Çalışmaları/Deneyler/Nazlıcan/Deney 1/Kaş/real/train/real_train_01035.jpg,real/train/real_train_01035.jpg,real_train_01035.jpg,real,0,train,3c2dc9dee7e3387b012436bb76a167e8a71c77eeac03cfec7dd75d3acf30cc69,,1035,0.0,SUCCESS,1418d26e6add1d5690137845b4ed15fcd6c29832520fffb63d4d1769cf04515e,186.0,43.0,71.28892201,0.09375
/content/drive/MyDrive/AISC DeepFake Çalışmaları/Deneyler/Nazlıcan/Deney 1/Kaş/real/train/real_train_01039.jpg,real/train/real_train_01039.jpg,real_train_01039.jpg,real,0,train,18de90c100527332b3014c8e68fdfd35fa5f4c0ceb0006b1cade12ff034bb7a7,,1039,0.0,SUCCESS,acae57ca1aa92d08144ac585b1c6a94192e575afbf1200a6d9dfcc986aa52c54,223.0,55.0,27.59015863,0.0
/content/drive/MyDrive/AISC DeepFake Çalışmaları/Deneyler/Nazlıcan/Deney 1/Kaş/real/train/real_train_01041.jpg,real/train/real_train_01041.jpg,real_train_01041.jpg,real,0,train,9c4aa145ae284f319fbb6382f0ffb4ed2156c0c8964f925966370e303e271666,,1041,0.0,SUCCESS,29c122dce047827bf2dd7955eda6485d7a367133972159c7cbbbbbbbed205bb3,198.0,44.0,207.12687223,0.0
/content/drive/MyDrive/AISC DeepFake Çalışmaları/Deneyler/Nazlıcan/Deney 1/Kaş/real/train/real_train_01042.jpg,real/train/real_train_01042.jpg,real_train_01042.jpg,real,0,train,d5a619c66101eed6c28b176b76888d1793428c6c251b0ec9eee6ff5e16212f3a,,1042,0.0,SUCCESS,83a54074f7c71e18af7d37a8e6d897a4a4187869ec76bd5e56817d36ed328030,215.0,79.0,31.42386909,0.09375
/content/drive/MyDrive/AISC DeepFake Çalışmaları/Deneyler/Nazlıcan/Deney 1/Kaş/real/train/real_train_01046.jpg,real/train/real_train_01046.jpg,real_train_01046.jpg,real,0,train,55f4cc42556e564a3d916af6440228a89477ac3f2192132a2da4458b43e98b45,,1046,0.0,SUCCESS,3621e817e050fc8fe411a092850a05a805b66289992d7b1892123d2110fff1e5,87.0,25.0,153.64884133,0.15625
/content/drive/MyDrive/AISC DeepFake Çalışmaları/Deneyler/Nazlıcan/Deney 1/Kaş/real/train/real_train_01047.jpg,real/train/real_train_01047.jpg,real_train_01047.jpg,real,0,train,e9b7d3b0b024c7b212f8eb0272365d10be7ece893e80d961c5abbcf560bd4e28,,1047,0.0,SUCCESS,2d0bf5d2daf5d1e336b7d80a012e87cb79a39384be8dacf789324f5928ef208f,96.0,20.0,167.72187066,0.09375
/content/drive/MyDrive/AISC DeepFake Çalışmaları/Deneyler/Nazlıcan/Deney 1/Kaş/real/train/real_train_01048.jpg,real/train/real_train_01048.jpg,real_train_01048.jpg,real,0,train,e182d7ffca41897fdfd38a3b032e0363e1e35646cda0e5025027be217266be5b,,1048,0.0,SUCCESS,bd8cb7b63eddfd100222afcd2410f70555b7036ab9a34eaf10d65535a5352bfa,215.0,43.0,14.71444872,0.0
/content/drive/MyDrive/AISC DeepFake Çalışmaları/Deneyler/Nazlıcan/Deney 1/Kaş/real/train/real_train_01049.jpg,real/train/real_train_01049.jpg,real_train_01049.jpg,real,0,train,2b3c19394254c9c2a97adb37651f58e91b0e37faf3c91c882975aba4e79ff081,,1049,0.0,SUCCESS,6e1a2714097f027a5474bf4aefbaa6c72aea2bfa4892e675bd0dba2d5cff2676,141.0,30.0,25.03801111,0.0
/content/drive/MyDrive/AISC DeepFake Çalışmaları/Deneyler/Nazlıcan/Deney 1/Kaş/real/train/real_train_01050.jpg,real/train/real_train_01050.jpg,real_train_01050.jpg,real,0,train,e6fcea64461a09a6898ae7e8fce3fa5752e8e3a1cefc7f836e8efa2cae76643f,,1050,0.0,SUCCESS,2f3d49f5543f943772edecc651722a7372b6f402b03323d9b494124ea6bac143,78.0,16.0,60.77092515,0.0
/content/drive/MyDrive/AISC DeepFake Çalışmaları/Deneyler/Nazlıcan/Deney 1/Kaş/real/train/real_train_01051.jpg,real/train/real_train_01051.jpg,real_train_01051.jpg,real,0,train,ac93af6994b0c45ee08ff714a39e221c64289296082df313595911ac4888d62e,,1051,0.0,SUCCESS,0f4bd61808484083e870d5299f3c91ab9b7f761db101c36be0368bd5881c61e8,103.0,30.0,218.85571957,0.0
/content/drive/MyDrive/AISC DeepFake Çalışmaları/Deneyler/Nazlıcan/Deney 1/Kaş/real/train/real_train_01053.jpg,real/train/real_train_01053.jpg,real_train_01053.jpg,real,0,train,8301521e2ccadef54998f730c820416ed54717a59034a89e0e711fe6a9ae16f6,,1053,0.0,SUCCESS,3303016be62ba60d50ed239b3ff38dd5fe1017e14209fb3f5558421645969c59,118.0,25.0,43.32767377,0.0625
/content/drive/MyDrive/AISC DeepFake Çalışmaları/Deneyler/Nazlıcan/Deney 1/Kaş/real/train/real_train_01054.jpg,real/train/real_train_01054.jpg,real_train_01054.jpg,real,0,train,b64763b765a060e4fd1e4fe0c9c855a809765e64e4170048e501b53e7c911416,,1054,0.0,SUCCESS,fd5ecba0ec7e342df548cf3fa123da0ad753577f9c166d7d797ae3dc7ec7de7d,171.0,38.0,34.12601545,0.09375
/content/drive/MyDrive/AISC DeepFake Çalışmaları/Deneyler/Nazlıcan/Deney 1/Kaş/real/train/real_train_01055.jpg,real/train/real_train_01055.jpg,real_train_01055.jpg,real,0,train,4aa97daba6f5e7ea419ec9fc4b45f880d37bb1dba9ee33565b7f2a6c999104f9,,1055,0.0,SUCCESS,6d02f1dddf17ee8dde3d2bba8524f6fd82990de49ebf23a38e73a88cf4d0dfd4,114.0,23.0,211.0634706,0.09375
/content/drive/MyDrive/AISC DeepFake Çalışmaları/Deneyler/Nazlıcan/Deney 1/Kaş/real/train/real_train_01057.jpg,real/train/real_train_01057.jpg,real_train_01057.jpg,real,0,train,34c01b893911ad022af8ef33ec3151f247adce6761446682c6a76ab2f7ce25ef,,1057,0.0,SUCCESS,f7533064b0f522668f9c8f37847c13ab434700098dc0b2fe27ff63bd314b44e4,393.0,84.0,5.85331489,0.0
/content/drive/MyDrive/AISC DeepFake Çalışmaları/Deneyler/Nazlıcan/Deney 1/Kaş/real/train/real_train_01058.jpg,real/train/real_train_01058.jpg,real_train_01058.jpg,real,0,train,fdb5af4f0e21f5b32a3710fd0e75cd4746fd2c321c1298041700d69d0e654dae,,1058,0.0,SUCCESS,9a932d9fa83c65e91d64750f99713f1bfdf368d67726678a5cdc70f457f79c20,162.0,44.0,108.02040984,0.09375
/content/drive/MyDrive/AISC DeepFake Çalışmaları/Deneyler/Nazlıcan/Deney 1/Kaş/real/train/real_train_01059.jpg,real/train/real_train_01059.jpg,real_train_01059.jpg,real,0,train,1c194cb2423abc9318e267e2c080819145023465f68fcfc7adc346d61b5f472a,,1059,0.0,SUCCESS,fd757fc974f8c4a70454f0044fa15babeb6eb37b0df34c66a3573c54634bea4a,300.0,69.0,9.0794497,0.09375
/content/drive/MyDrive/AISC DeepFake Çalışmaları/Deneyler/Nazlıcan/Deney 1/Kaş/real/train/real_train_01061.jpg,real/train/real_train_01061.jpg,real_train_01061.jpg,real,0,train,397ee590d35d1012903493f075d41209512638b928e211eb6b711a6e65995d9a,,1061,0.0,SUCCESS,232907c3ce1228f02e373786cc59eff4e03ecb62d91affc89a9e744c907afcd6,76.0,15.0,85.3459526,0.0
/content/drive/MyDrive/AISC DeepFake Çalışmaları/Deneyler/Nazlıcan/Deney 1/Kaş/real/train/real_train_01062.jpg,real/train/real_train_01062.jpg,real_train_01062.jpg,real,0,train,3b3a63b012d34a5674d293d8ecb0ca39bd620dd7fbf7b5ea13e9821815cca8a8,,1062,0.0,SUCCESS,2c37204b8375b1ae70061b956d8218f5646396da5e16e2a271ade2c787431f41,60.0,15.0,317.33306667,0.0
/content/drive/MyDrive/AISC DeepFake Çalışmaları/Deneyler/Nazlıcan/Deney 1/Kaş/real/train/real_train_01065.jpg,real/train/real_train_01065.jpg,real_train_01065.jpg,real,0,train,de86b53e1c8f9e8e60ce09f8de263d04f9499b10cd92258cf7e58e3a3aa1083f,,1065,0.0,SUCCESS,b28fbda0471dad466bff3a83eb079ac73724ff204fe7f749518a6bbc2310abe8,89.0,22.0,458.74078947,0.09375
/content/drive/MyDrive/AISC DeepFake Çalışmaları/Deneyler/Nazlıcan/Deney 1/Kaş/real/train/real_train_01068.jpg,real/train/real_train_01068.jpg,real_train_01068.jpg,real,0,train,e2bd0d186e1ab71f1066ce0262cb2c37dd8493b1902403c9b49bd83509719131,,1068,0.0,SUCCESS,e2e5ed3472b212c521b886bce468b08032a6a24a1879ed0528e46ab6cc23361a,228.0,64.0,28.82707134,0.03125
/content/drive/MyDrive/AISC DeepFake Çalışmaları/Deneyler/Nazlıcan/Deney 1/Kaş/real/train/real_train_01069.jpg,real/train/real_train_01069.jpg,real_train_01069.jpg,real,0,train,4434f27725135db6cfc6a19a665086c340853da9ef910cefe3dbbcca05c0d597,,1069,0.0,SUCCESS,61563cd4dc9734c8bb8c087f171349a3cd36b442b82a656977cf06b9d74f1a81,357.0,90.0,7.53611305,0.0
/content/drive/MyDrive/AISC DeepFake Çalışmaları/Deneyler/Nazlıcan/Deney 1/Kaş/real/train/real_train_01070.jpg,real/train/real_train_01070.jpg,real_train_01070.jpg,real,0,train,9689228cc4a79d3b0b9f2cf8c4f28620e16f3aeb2fb27d196f61e5b375f86dd7,,1070,0.0,SUCCESS,203a868ef38754658951b5ab8e1ce305fea37cb466c1308c293972d6642df244,81.0,17.0,625.7842689,0.0
/content/drive/MyDrive/AISC DeepFake Çalışmaları/Deneyler/Nazlıcan/Deney 1/Kaş/real/train/real_train_01072.jpg,real/train/real_train_01072.jpg,real_train_01072.jpg,real,0,train,c298b4326a7b12fae469a77d95a92bfee5611415c01e715f3dd663ac2f5b6c9d,,1072,0.0,SUCCESS,8a2da539013b7bff82639056776748e818b2977724b30ec8ce531c3367eccdeb,298.0,73.0,4.75762842,0.09375
/content/drive/MyDrive/AISC DeepFake Çalışmaları/Deneyler/Nazlıcan/Deney 1/Kaş/real/train/real_train_01073.jpg,real/train/real_train_01073.jpg,real_train_01073.jpg,real,0,train,4046d6c1581c8fb5a44de3cb85bef5422c975a76830a8cbe6bc7593f92e6c604,,1073,0.0,SUCCESS,8946de48669c2816c7771b646ddb5dd7160470dc73f675b7b282a80a338b06ab,297.0,65.0,6.83522099,0.0
/content/drive/MyDrive/AISC DeepFake Çalışmaları/Deneyler/Nazlıcan/Deney 1/Kaş/real/train/real_train_01076.jpg,real/train/real_train_01076.jpg,real_train_01076.jpg,real,0,train,91b271d250e342ad27a60c4f30e70302709adb760f39cfe22cec5c14430fb444,,1076,0.0,SUCCESS,ba6759b99edf0a6339155270be179405b08dbf1fdbc1543d5819518bdc93ef61,100.0,21.0,100.06364875,0.0
/content/drive/MyDrive/AISC DeepFake Çalışmaları/Deneyler/Nazlıcan/Deney 1/Kaş/real/train/real_train_01077.jpg,real/train/real_train_01077.jpg,real_train_01077.jpg,real,0,train,1a506663374f4abdaa3c68e7b254dd27b08731633f418917dc464f9265b48cb4,,1077,0.0,SUCCESS,fe1ab592ab0c97d01956717a39514dfdbecea25e0d09ecd8b1eb8f0e30148bc3,79.0,20.0,128.22854671,0.125
/content/drive/MyDrive/AISC DeepFake Çalışmaları/Deneyler/Nazlıcan/Deney 1/Kaş/real/train/real_train_01078.jpg,real/train/real_train_01078.jpg,real_train_01078.jpg,real,0,train,42b21a763497ebc508ac9e9608b60e178c25d7cab2981c8bfce348f5458ec1a4,,1078,0.0,SUCCESS,1818f2d2ffdbfe2312e4d49cf08f18ab8e083c2739143293a80d7f60f8f22473,81.0,20.0,903.8225362,0.09375
/content/drive/MyDrive/AISC DeepFake Çalışmaları/Deneyler/Nazlıcan/Deney 1/Kaş/real/train/real_train_01080.jpg,real/train/real_train_01080.jpg,real_train_01080.jpg,real,0,train,7f429e71cdc740c1808e0efb2a3f3cc651824172ea778aaab64e93905a1938f2,,1080,0.0,SUCCESS,0f10ba1f3cb1f2431f47545dacfced8d54538de26e076254a5dc5b0e8f24c067,281.0,78.0,13.48494391,0.0
/content/drive/MyDrive/AISC DeepFake Çalışmaları/Deneyler/Nazlıcan/Deney 1/Kaş/real/train/real_train_01081.jpg,real/train/real_train_01081.jpg,real_train_01081.jpg,real,0,train,2f5ac5fc43ed6e6937c7454b97626fdd4ebdc42cfdb9c23f89e8bc32dd3dc410,,1081,0.0,SUCCESS,6b7cf01b87c1fde5cf3f10087bf28dd164ceaa5d0833f44a15f5ba0fff4a2644,312.0,68.0,19.78824769,0.0
/content/drive/MyDrive/AISC DeepFake Çalışmaları/Deneyler/Nazlıcan/Deney 1/Kaş/real/train/real_train_01084.jpg,real/train/real_train_01084.jpg,real_train_01084.jpg,real,0,train,421afed7f17dc93a84baddd10b69bc7d3bf130e82a48828e24e3a9e04db123b5,,1084,0.0,SUCCESS,cc30cdbfd09adf02c6da1c754242ec779e26dadde78ea4166355d57e94dd15aa,109.0,30.0,153.68942953,0.09375
/content/drive/MyDrive/AISC DeepFake Çalışmaları/Deneyler/Nazlıcan/Deney 1/Kaş/real/train/real_train_01085.jpg,real/train/real_train_01085.jpg,real_train_01085.jpg,real,0,train,b21031f521a1b9bfefa2220ad0462fb7cf09384d6ae6bdca0e20a876c7660599,,1085,0.0,SUCCESS,f16abc944e78a7f49c78d090dda1141398aa13a4dad0bb0a593317e4b5ca09ae,144.0,30.0,173.81124807,0.0625
/content/drive/MyDrive/AISC DeepFake Çalışmaları/Deneyler/Nazlıcan/Deney 1/Kaş/real/train/real_train_01087.jpg,real/train/real_train_01087.jpg,real_train_01087.jpg,real,0,train,6bcb99ab78a524fe37939a8e43a239532879e73e40db1880a0a9fe2123f4d634,,1087,0.0,SUCCESS,03e37d7ea36ca431f071d5c1a0dd4b0dd35390fe877dfadd04ad3e1a56baf8d1,92.0,23.0,53.22059022,0.09375
/content/drive/MyDrive/AISC DeepFake Çalışmaları/Deneyler/Nazlıcan/Deney 1/Kaş/real/train/real_train_01088.jpg,real/train/real_train_01088.jpg,real_train_01088.jpg,real,0,train,61dc8fc0542b4e5e59c28c5918ed267ac8c27c59a9f2e305101241faf951ca80,,1088,0.0,SUCCESS,6472fe167fa30272f061781c77a11ecf50fe3c3caf356de49ab668e0057f1033,188.0,53.0,15.32886501,0.0625
/content/drive/MyDrive/AISC DeepFake Çalışmaları/Deneyler/Nazlıcan/Deney 1/Kaş/real/train/real_train_01089.jpg,real/train/real_train_01089.jpg,real_train_01089.jpg,real,0,train,d0db882d504b488eaed15fb33b6db4814c61aedd33a77cfc4c3d934a35096490,,1089,0.0,SUCCESS,0cd8ff234531378f369108402e8a1bbfc92d2aa048fd35d742668002dca620c1,244.0,58.0,27.22929855,0.09375
/content/drive/MyDrive/AISC DeepFake Çalışmaları/Deneyler/Nazlıcan/Deney 1/Kaş/real/train/real_train_01092.jpg,real/train/real_train_01092.jpg,real_train_01092.jpg,real,0,train,286d08953af7eab33d4a53aaeef2e2f409a1e65ca63b5582cd6c5e2f901b06ae,,1092,0.0,SUCCESS,ab9c872a932c3e2173e9d8147cd064c2819fa19b8eed4e9af0f7a61b23eac06c,231.0,63.0,30.81295948,0.0
/content/drive/MyDrive/AISC DeepFake Çalışmaları/Deneyler/Nazlıcan/Deney 1/Kaş/real/train/real_train_01094.jpg,real/train/real_train_01094.jpg,real_train_01094.jpg,real,0,train,5af249a70f3c61a78b4020f8f54cf284c98aaafe67fb17fc0e4b294f8be13c7d,,1094,0.0,SUCCESS,ef81804c6b02535c2bad9b05eb851ee3c538a546715464a2cbca451f55781b69,82.0,24.0,692.55377503,0.125
/content/drive/MyDrive/AISC DeepFake Çalışmaları/Deneyler/Nazlıcan/Deney 1/Kaş/real/train/real_train_01095.jpg,real/train/real_train_01095.jpg,real_train_01095.jpg,real,0,train,110a3c471041000aba9b3b0ebee846008c7ce4b93c7ce5937b0b211cf81e4406,,1095,0.0,SUCCESS,53018e3f2de5b19ab7da7cf845f22bc9a52517467d8ee83f68c9f42e8ab0b61a,125.0,29.0,151.69366632,0.0
/content/drive/MyDrive/AISC DeepFake Çalışmaları/Deneyler/Nazlıcan/Deney 1/Kaş/real/train/real_train_01097.jpg,real/train/real_train_01097.jpg,real_train_01097.jpg,real,0,train,d9bac82b65bb0a86aba0919909a2efe48e7366d94ca63e86eb102eb75c386a8a,,1097,0.0,SUCCESS,96e2f948c7415b57cc44db6cfa4b992dc10a48ca52adbf9f09e8685f383e7647,83.0,19.0,88.20932001,0.0625
/content/drive/MyDrive/AISC DeepFake Çalışmaları/Deneyler/Nazlıcan/Deney 1/Kaş/real/train/real_train_01099.jpg,real/train/real_train_01099.jpg,real_train_01099.jpg,real,0,train,c023891f8c4a66323e5b826026381a5840c46b4e7099f5d6ba97564d449476ba,,1099,0.0,SUCCESS,75e3b1f609b14d5fc97fa89d3b7f71eaee6a66a577b478173e8d0d3b458c85ae,132.0,30.0,38.05233847,0.0
/content/drive/MyDrive/AISC DeepFake Çalışmaları/Deneyler/Nazlıcan/Deney 1/Kaş/real/train/real_train_01100.jpg,real/train/real_train_01100.jpg,real_train_01100.jpg,real,0,train,6b0af8f96e0cc8bfec0c2dd7ea68634b03468ec719daff5ce13e61a3eca54041,,1100,0.0,SUCCESS,88a82d928ff9e07c315e0c63aebf58f97cdfc7d9520a298ddaf12515affe7c07,94.0,29.0,83.53233812,0.21875
/content/drive/MyDrive/AISC DeepFake Çalışmaları/Deneyler/Nazlıcan/Deney 1/Kaş/real/train/real_train_01101.jpg,real/train/real_train_01101.jpg,real_train_01101.jpg,real,0,train,9d8de500328461b365ca865418f6569760dec69bf037370d066e91cff9c7436d,,1101,0.0,SUCCESS,fded0d39e410f8e6357b8e15f5ac7864703f5590f49c69b345f9efaa8d85b390,111.0,30.0,87.36654889,0.09375
/content/drive/MyDrive/AISC DeepFake Çalışmaları/Deneyler/Nazlıcan/Deney 1/Kaş/real/train/real_train_01102.jpg,real/train/real_train_01102.jpg,real_train_01102.jpg,real,0,train,cfca8c956a01d9ecd17f164ec62d45476e1a712f204b80e82eda8f7ae5fdeae8,,1102,0.0,SUCCESS,b60a18fccd34100e4c95881b78afa041535705804db425fb7cc894d302bad9ac,86.0,21.0,146.91418294,0.0
/content/drive/MyDrive/AISC DeepFake Çalışmaları/Deneyler/Nazlıcan/Deney 1/Kaş/real/train/real_train_01104.jpg,real/train/real_train_01104.jpg,real_train_01104.jpg,real,0,train,0ed6d5ec2add2b7436a324f360347627f225f7be6d753f0672a272403a2d09b8,,1104,0.0,SUCCESS,9105f76596ef3f18d1487386ae31870106bda38c7db9fe780738bd1c43ba4cde,177.0,36.0,49.44928731,0.0
/content/drive/MyDrive/AISC DeepFake Çalışmaları/Deneyler/Nazlıcan/Deney 1/Kaş/real/train/real_train_01108.jpg,real/train/real_train_01108.jpg,real_train_01108.jpg,real,0,train,aa8a6c7ee79841c366c23a9bcccca8ae2d2fd82d526ac04fb269bb750e9a080e,,1108,0.0,SUCCESS,781da3716da4a09abb38b6951e6accca2dc8cd3e3e6035fae1b79a424624a6c1,128.0,26.0,220.22723244,0.0
/content/drive/MyDrive/AISC DeepFake Çalışmaları/Deneyler/Nazlıcan/Deney 1/Kaş/real/train/real_train_01112.jpg,real/train/real_train_01112.jpg,real_train_01112.jpg,real,0,train,0bca7f7782f7dec1dfe8b419bdeec94acd26d53ac037364f28a854764daac3b4,,1112,0.0,SUCCESS,e48f28c645505bb1350e7541924badb9398c1acd20a283c740ad2a8adf10209b,112.0,23.0,64.21141099,0.03125
/content/drive/MyDrive/AISC DeepFake Çalışmaları/Deneyler/Nazlıcan/Deney 1/Kaş/real/train/real_train_01113.jpg,real/train/real_train_01113.jpg,real_train_01113.jpg,real,0,train,e4a3036c0136d8dc4cd6239b7866b3c388dc8ce14618d81a00dadb1997335e6c,,1113,0.0,SUCCESS,974c498e588b9d277aa0023cff6f005a46fa67a463692eb0813c2334b2b6c73a,119.0,30.0,55.13585269,0.15625
/content/drive/MyDrive/AISC DeepFake Çalışmaları/Deneyler/Nazlıcan/Deney 1/Kaş/real/train/real_train_01114.jpg,real/train/real_train_01114.jpg,real_train_01114.jpg,real,0,train,f9b3e7ae8150eba82c5360aad68d8b65637c84c8bc1e5e593a5cc0b56ac94445,,1114,0.0,SUCCESS,36dca950c2e11dc5c2827f89ad6eecf77424b4fe5a812066785c5825608afef5,178.0,41.0,33.28684308,0.0
/content/drive/MyDrive/AISC DeepFake Çalışmaları/Deneyler/Nazlıcan/Deney 1/Kaş/real/train/real_train_01116.jpg,real/train/real_train_01116.jpg,real_train_01116.jpg,real,0,train,0e39eeafb9c1119fb8c2e6c4c71e3e49490534ee6c66fd4eb920d8b5b2cee240,,1116,0.0,SUCCESS,bd7a2c6d74bf5d5087044b6b2bb30f287af19824aaaca98d8d66adf6ab10d322,85.0,21.0,83.31955716,0.0
/content/drive/MyDrive/AISC DeepFake Çalışmaları/Deneyler/Nazlıcan/Deney 1/Kaş/real/train/real_train_01119.jpg,real/train/real_train_01119.jpg,real_train_01119.jpg,real,0,train,ccff0fff04d38e0528957760af97c4210339cdeef543d4584bd095b7a4375129,,1119,0.0,SUCCESS,c9888a34aa9c32dc1c3751a4bb335c75b6700a65bfba0e1dedd2a264a7c42733,109.0,22.0,415.63863217,0.0
/content/drive/MyDrive/AISC DeepFake Çalışmaları/Deneyler/Nazlıcan/Deney 1/Kaş/real/train/real_train_01120.jpg,real/train/real_train_01120.jpg,real_train_01120.jpg,real,0,train,e48beb8cbb6f90db4a681f070a4b3c26fbbd37847a7ec9ef5ba6bc41e0e5566d,,1120,0.0,SUCCESS,de6fc2ce35eb02809ff6c3093d9f9e3660cbb36e54b2ba1e697ab18b43128f6c,349.0,88.0,18.06046596,0.0
/content/drive/MyDrive/AISC DeepFake Çalışmaları/Deneyler/Nazlıcan/Deney 1/Kaş/real/train/real_train_01122.jpg,real/train/real_train_01122.jpg,real_train_01122.jpg,real,0,train,f15cbb95f89f924b2512c445977502e618ce3d006f8761a7c74930ea25fa676a,,1122,0.0,SUCCESS,a336b895697677bdf1e8dcea295e775a924ae1950cd3a9e78b3a36a5e58fa021,173.0,33.0,13.35320006,0.09375
/content/drive/MyDrive/AISC DeepFake Çalışmaları/Deneyler/Nazlıcan/Deney 1/Kaş/real/train/real_train_01124.jpg,real/train/real_train_01124.jpg,real_train_01124.jpg,real,0,train,5358f3743eb326ab5ef50394ccb1009cf835a6bb6843b4733297c4c21d0959fc,,1124,0.0,SUCCESS,7bbe8f026553d466389f5044718c183a24d3efbaf86f68a5d74f3747b75dd5d1,94.0,23.0,62.47337901,0.0
/content/drive/MyDrive/AISC DeepFake Çalışmaları/Deneyler/Nazlıcan/Deney 1/Kaş/real/train/real_train_01126.jpg,real/train/real_train_01126.jpg,real_train_01126.jpg,real,0,train,4583a57621094787953cd29f232e53a8d0a15676ba9021e9027ebd819f3d411a,,1126,0.0,SUCCESS,65d1c708982494a85d4101f4c147c1a5a93206d86faeb4f4fed136a031fc0b43,267.0,52.0,10.15614866,0.0
/content/drive/MyDrive/AISC DeepFake Çalışmaları/Deneyler/Nazlıcan/Deney 1/Kaş/real/train/real_train_01127.jpg,real/train/real_train_01127.jpg,real_train_01127.jpg,real,0,train,9092faf61b8d2f256db048fc401c442f4fb2b1c26bd1642ed0eba78edfc5a51c,,1127,0.0,SUCCESS,bdf2e045b53236b2c379a5e9032c55658039fcbee52788f00642dde44a7897db,171.0,38.0,110.07514477,0.09375
/content/drive/MyDrive/AISC DeepFake Çalışmaları/Deneyler/Nazlıcan/Deney 1/Kaş/real/train/real_train_01129.jpg,real/train/real_train_01129.jpg,real_train_01129.jpg,real,0,train,dd91a9212d67e88b33e6e12c29448271a4ebb877c1996d1d040cc9205c87adaf,,1129,0.0,SUCCESS,b118eb14b42a32b09ff8a64848d8ac29d56306c5a8c1c897b2dbbba0aa3ab8c4,85.0,30.0,340.5568875,0.0
/content/drive/MyDrive/AISC DeepFake Çalışmaları/Deneyler/Nazlıcan/Deney 1/Kaş/real/train/real_train_01131.jpg,real/train/real_train_01131.jpg,real_train_01131.jpg,real,0,train,98e76cf347afbc58f0cd3d1ab6c4d5fe57331d34bab41684ad2bf58fbb004948,,1131,0.0,SUCCESS,022a63a4d1b77d6d4c5579828322f1fe7a3ad85880872620cfd4c4f2c5eb7b1f,112.0,29.0,48.71339837,0.09375
/content/drive/MyDrive/AISC DeepFake Çalışmaları/Deneyler/Nazlıcan/Deney 1/Kaş/real/train/real_train_01132.jpg,real/train/real_train_01132.jpg,real_train_01132.jpg,real,0,train,cd58ecb6b74546003ac2f262c4efe17039d2311db13947209df6e683a88bd164,,1132,0.0,SUCCESS,966477e5fae7269b15832fe48eead76dcc5ebde90fe594b441915c93960d7cc4,176.0,55.0,33.10049518,0.0
/content/drive/MyDrive/AISC DeepFake Çalışmaları/Deneyler/Nazlıcan/Deney 1/Kaş/real/train/real_train_01133.jpg,real/train/real_train_01133.jpg,real_train_01133.jpg,real,0,train,a5a3bf648a7201a80a899ab1177eae5550c75db752324dc53b934d1199077971,,1133,0.0,SUCCESS,898017f28bf09f8752c585aaa3f240d013e8fe82ff2ed4c850cc1cee17ced7e7,128.0,25.0,30.96125,0.0
/content/drive/MyDrive/AISC DeepFake Çalışmaları/Deneyler/Nazlıcan/Deney 1/Kaş/real/train/real_train_01134.jpg,real/train/real_train_01134.jpg,real_train_01134.jpg,real,0,train,c019f325c2db3f7262e42f442c877a3797fcec7c5106289fd611caecc2668f50,,1134,0.0,SUCCESS,7311e3ed42ca79cf751e25876bf9b59b3223d052bb81022576c34b93479dc81e,102.0,21.0,176.95829116,0.0
/content/drive/MyDrive/AISC DeepFake Çalışmaları/Deneyler/Nazlıcan/Deney 1/Kaş/real/train/real_train_01136.jpg,real/train/real_train_01136.jpg,real_train_01136.jpg,real,0,train,523bacccf341cf15acb0e4c5853acddaa6d2ccb4218ccbc2ef6ea1b044a57143,,1136,0.0,SUCCESS,a92df087326c95b03c21760b13ebde96be2c4e554fd28a539d0319b9e38bcdd2,99.0,19.0,155.19344937,0.0
/content/drive/MyDrive/AISC DeepFake Çalışmaları/Deneyler/Nazlıcan/Deney 1/Kaş/real/train/real_train_01137.jpg,real/train/real_train_01137.jpg,real_train_01137.jpg,real,0,train,6436e70fc63047c172aa1a840721101e069fd0cf458819bc965124052fe50281,,1137,0.0,SUCCESS,bf816e37e7597d3d54195a120d1b9a0a2a604a16a94a717ae7e6d83263a3ae6a,104.0,29.0,143.65902587,0.0
/content/drive/MyDrive/AISC DeepFake Çalışmaları/Deneyler/Nazlıcan/Deney 1/Kaş/real/train/real_train_01138.jpg,real/train/real_train_01138.jpg,real_train_01138.jpg,real,0,train,cde251a93eb210bc265da0a71d52402999eb39b7abe8f863306d71d8d3b64e84,,1138,0.0,SUCCESS,afd26380d5021e8dfcd4113be1223aa45a3f6dda139951d2420d99ef3d4c4e89,217.0,43.0,34.26023596,0.0
/content/drive/MyDrive/AISC DeepFake Çalışmaları/Deneyler/Nazlıcan/Deney 1/Kaş/real/train/real_train_01139.jpg,real/train/real_train_01139.jpg,real_train_01139.jpg,real,0,train,eb9d7e8c8447c35c409ec1bbd8f4d98305e7f71484945ad62df546053c3a2bdb,,1139,0.0,SUCCESS,9390a09a9b37e6a33f58207ae7b63a6585aab30f37e5445537da96720fa28117,212.0,43.0,18.46255199,0.0
/content/drive/MyDrive/AISC DeepFake Çalışmaları/Deneyler/Nazlıcan/Deney 1/Kaş/real/train/real_train_01140.jpg,real/train/real_train_01140.jpg,real_train_01140.jpg,real,0,train,5d563d18e2338b4f8f0f86943dbb93f8edb30d6c3a4dafbec4ea5b985d84fb79,,1140,0.0,SUCCESS,4a0bb7eecc35b5977510817a9b37ef59402b4fea6989b92cdc09d98a463452d9,113.0,21.0,218.75666496,0.0
/content/drive/MyDrive/AISC DeepFake Çalışmaları/Deneyler/Nazlıcan/Deney 1/Kaş/real/train/real_train_01141.jpg,real/train/real_train_01141.jpg,real_train_01141.jpg,real,0,train,f5d29fb8232adbf6ae24d233440bbdac04c140bad96d0470690f8aa7061db7c1,,1141,0.0,SUCCESS,947701573ef9238bc6fef8ab1eb10d940b493635a12e0ec1692e71f3771c021e,96.0,19.0,404.2288156,0.0
/content/drive/MyDrive/AISC DeepFake Çalışmaları/Deneyler/Nazlıcan/Deney 1/Kaş/real/train/real_train_01142.jpg,real/train/real_train_01142.jpg,real_train_01142.jpg,real,0,train,fa8c36b600efd9e7ea6af5c343002db8221066665a21dec8d88cc85bd85eba71,,1142,0.0,SUCCESS,bf4afa249834965fb6c2eaa513acda85b7e150250c1a5c53ccc8feb53cea1df3,99.0,30.0,421.10770386,0.125
/content/drive/MyDrive/AISC DeepFake Çalışmaları/Deneyler/Nazlıcan/Deney 1/Kaş/real/train/real_train_01143.jpg,real/train/real_train_01143.jpg,real_train_01143.jpg,real,0,train,ac307c44302a877e9b8fd7aac4a55f7b7b2910d58452e6730846b1aaf8775916,,1143,0.0,SUCCESS,320f668981d96880bd5d0ab2aa2b2e7fe8349bcc392940fe8fd39f9444f83d95,426.0,133.0,13.92302225,0.0625
/content/drive/MyDrive/AISC DeepFake Çalışmaları/Deneyler/Nazlıcan/Deney 1/Kaş/real/train/real_train_01144.jpg,real/train/real_train_01144.jpg,real_train_01144.jpg,real,0,train,fab27ca9030ffd11b70382446631de08d4ff1df6f5f55b7359911a897e669306,,1144,0.0,SUCCESS,e2c8118505087e16e170fc3f1c2bc0c59334fc0b5e0c94a8d55bab10250b8cef,112.0,29.0,243.31865754,0.0
/content/drive/MyDrive/AISC DeepFake Çalışmaları/Deneyler/Nazlıcan/Deney 1/Kaş/real/train/real_train_01149.jpg,real/train/real_train_01149.jpg,real_train_01149.jpg,real,0,train,3ff0121f43642c7c640563bcb4305a926317223af625e90c721a1e8416893d76,,1149,0.0,SUCCESS,6b01451f7e321b6f6a121ae187151af5963f7c173fed5e97d33c41ed4e788e6f,120.0,23.0,268.75888351,0.0
/content/drive/MyDrive/AISC DeepFake Çalışmaları/Deneyler/Nazlıcan/Deney 1/Kaş/real/train/real_train_01151.jpg,real/train/real_train_01151.jpg,real_train_01151.jpg,real,0,train,53264ef11b23f239540b9ea63c21022f7781a158536e035ec77f6701657fb2c7,,1151,0.0,SUCCESS,375998648b4b946e50796d409f671aee3a4157a2e96b13894a342334a5aa14e3,81.0,16.0,446.42433449,0.03125
/content/drive/MyDrive/AISC DeepFake Çalışmaları/Deneyler/Nazlıcan/Deney 1/Kaş/real/train/real_train_01152.jpg,real/train/real_train_01152.jpg,real_train_01152.jpg,real,0,train,f4cfea65070d377d9e20b675c8c90e7f9fa4ceae1d7ba8c6e969cc070ddcb15d,,1152,0.0,SUCCESS,f873048304eb2ef750230f6291cf0d0c2783f34310d3acc91c9c0fc209d3f3f0,93.0,28.0,86.18933415,0.09375
/content/drive/MyDrive/AISC DeepFake Çalışmaları/Deneyler/Nazlıcan/Deney 1/Kaş/real/train/real_train_01153.jpg,real/train/real_train_01153.jpg,real_train_01153.jpg,real,0,train,87be11af95b9ea97073805b52ec7d9397d947981ec8e3bed449c65fb924cf25c,,1153,0.0,SUCCESS,ce9d06e55e80426825c6488c13023dcf7feffc0189fa5e6aedf56523d71b8e74,103.0,21.0,47.90570963,0.0625
/content/drive/MyDrive/AISC DeepFake Çalışmaları/Deneyler/Nazlıcan/Deney 1/Kaş/real/train/real_train_01154.jpg,real/train/real_train_01154.jpg,real_train_01154.jpg,real,0,train,948b10fa6e0b0beaa8b1aec6da4419df779a59e06853192355b64e236337a9e2,,1154,0.0,SUCCESS,944f6d6a22b57fd1644f8e58794d3c3af72a17f08934bf51c45028d7df5df4c0,186.0,40.0,87.53276383,0.0
/content/drive/MyDrive/AISC DeepFake Çalışmaları/Deneyler/Nazlıcan/Deney 1/Kaş/real/train/real_train_01155.jpg,real/train/real_train_01155.jpg,real_train_01155.jpg,real,0,train,2adbe349afe6659c5250c5f9021ce0624405291cc8559ccc3c7d5df21ab801d1,,1155,0.0,SUCCESS,2a1a1bb6895371b54093c50df5a4bfc468db91c7b679e8c45daba8b71d1c1332,112.0,22.0,148.62347792,0.0
/content/drive/MyDrive/AISC DeepFake Çalışmaları/Deneyler/Nazlıcan/Deney 1/Kaş/real/train/real_train_01156.jpg,real/train/real_train_01156.jpg,real_train_01156.jpg,real,0,train,1e6a4160464824ab561dfff731a78efb6b1ba7f5b4bea9e19d6e7bfde528f38f,,1156,0.0,SUCCESS,30964f9b2fbaf63408a7541c70470b6ff917d67462f3f93d905e26f4799d13fd,82.0,19.0,1236.40344217,0.0
/content/drive/MyDrive/AISC DeepFake Çalışmaları/Deneyler/Nazlıcan/Deney 1/Kaş/real/train/real_train_01157.jpg,real/train/real_train_01157.jpg,real_train_01157.jpg,real,0,train,d6c51501d023cad795aa337145df8c58e1a8539cfd6c30133401bffa4a333d60,,1157,0.0,SUCCESS,bc4626bf20717ce2a6b2b05efae69952ff1ac7eed4ce7e1753de830f9cdc903d,276.0,69.0,36.8569625,0.09375
/content/drive/MyDrive/AISC DeepFake Çalışmaları/Deneyler/Nazlıcan/Deney 1/Kaş/real/train/real_train_01160.jpg,real/train/real_train_01160.jpg,real_train_01160.jpg,real,0,train,9f9b4d8a981db91bf562eb0e5014c0350ddc9003f9d2c0770ad3d43c2c902e3e,,1160,0.0,SUCCESS,37315d189797f5d5daf8c69712ab61134edb907f5c20779d8029dd6d5eedf298,209.0,42.0,60.33460125,0.0
/content/drive/MyDrive/AISC DeepFake Çalışmaları/Deneyler/Nazlıcan/Deney 1/Kaş/real/train/real_train_01161.jpg,real/train/real_train_01161.jpg,real_train_01161.jpg,real,0,train,655325f13d18add11bd753199538d52cf69d58937eddca8f6bf6ecf6c9380ce5,,1161,0.0,SUCCESS,920747c5e8c2819f6dbcbe95d798177aae36e8da5678a64cce0ed5b26a5768c1,96.0,22.0,173.50463778,0.0
/content/drive/MyDrive/AISC DeepFake Çalışmaları/Deneyler/Nazlıcan/Deney 1/Kaş/real/train/real_train_01162.jpg,real/train/real_train_01162.jpg,real_train_01162.jpg,real,0,train,f4b8e59c66ab6b0e97da9b29d265b02a46587be9e918db48d46599350041cede,,1162,0.0,SUCCESS,76c521f5efd941c61593d5b65672bf2ec406d1dac818f3e5aa63ad9ca3b61658,62.0,17.0,750.96320514,0.09375
/content/drive/MyDrive/AISC DeepFake Çalışmaları/Deneyler/Nazlıcan/Deney 1/Kaş/real/train/real_train_01163.jpg,real/train/real_train_01163.jpg,real_train_01163.jpg,real,0,train,f336987117a2e36bc7db81caef42d0b73ff8c118a1205a0c55b82f909b61255a,,1163,0.0,SUCCESS,1719ba41187c0d8d9810bcff8d182d392e1cb16dc82ab4ccff46d0b72636b0c5,148.0,29.0,29.37421515,0.0625
/content/drive/MyDrive/AISC DeepFake Çalışmaları/Deneyler/Nazlıcan/Deney 1/Kaş/real/train/real_train_01165.jpg,real/train/real_train_01165.jpg,real_train_01165.jpg,real,0,train,5a0f3675113425a9c7462a582731216e5f8b9111fb2119eba90722918c33cd87,,1165,0.0,SUCCESS,489c01846202b130c0d862a5f7b38bb86353e9adbbd7d5be0139bd06477a0e85,125.0,34.0,32.75789376,0.09375
/content/drive/MyDrive/AISC DeepFake Çalışmaları/Deneyler/Nazlıcan/Deney 1/Kaş/real/train/real_train_01169.jpg,real/train/real_train_01169.jpg,real_train_01169.jpg,real,0,train,36140701539e568ac46880a94f3af55dbdeb5234c3b01d93f8dd5e1d81ddfd1d,,1169,0.0,SUCCESS,d641aa74bceacd3d799fa34a2e54922ffa0462e288272d53c21706142fba0159,128.0,44.0,29.56719265,0.0
/content/drive/MyDrive/AISC DeepFake Çalışmaları/Deneyler/Nazlıcan/Deney 1/Kaş/real/train/real_train_01170.jpg,real/train/real_train_01170.jpg,real_train_01170.jpg,real,0,train,5f7ec6046e43f4f33533ee98fe2995ef0df12d14b8981ee4cbbd2bc368c81871,,1170,0.0,SUCCESS,3ee50883f0fd65cd7a5e22609d9422a4a54c602336c3ec217dc4de49ead39543,117.0,28.0,411.21743764,0.03125
/content/drive/MyDrive/AISC DeepFake Çalışmaları/Deneyler/Nazlıcan/Deney 1/Kaş/real/train/real_train_01171.jpg,real/train/real_train_01171.jpg,real_train_01171.jpg,real,0,train,e36a4af1517d4627f9504172c8377526eb02027cd5fdafaa0f3ccef37c120e00,,1171,0.0,SUCCESS,8d752ce8fa5c9d1e426cb0debabbf23bf4a3bea6fdb752deaab7f70733e2536d,274.0,62.0,90.63569546,0.0
/content/drive/MyDrive/AISC DeepFake Çalışmaları/Deneyler/Nazlıcan/Deney 1/Kaş/real/train/real_train_01172.jpg,real/train/real_train_01172.jpg,real_train_01172.jpg,real,0,train,44653c2570a42f3f6cb426c0c9730529750755f76f59ad3319768c369fdd3fab,,1172,0.0,SUCCESS,3dc18059bb6593cd85d6c822ad149ed0c49b57818c1f6c95649659a91f9e1c50,67.0,21.0,458.12764788,0.09375
/content/drive/MyDrive/AISC DeepFake Çalışmaları/Deneyler/Nazlıcan/Deney 1/Kaş/real/train/real_train_01173.jpg,real/train/real_train_01173.jpg,real_train_01173.jpg,real,0,train,6fb56ddfbec52ee0cadad1dae08a17c41d1ac94d0e08e0c8ef64f8974209c1be,,1173,0.0,SUCCESS,f8e3340b01beca85edd63c2bcb6f81e6613053d3101443f425670ce9fb5b6796,144.0,48.0,97.98492203,0.0
/content/drive/MyDrive/AISC DeepFake Çalışmaları/Deneyler/Nazlıcan/Deney 1/Kaş/real/train/real_train_01174.jpg,real/train/real_train_01174.jpg,real_train_01174.jpg,real,0,train,85ba9901faf270c6779055627fc9c8d9f1580ff7253efbd0d4c572d33e573646,,1174,0.0,SUCCESS,2a93fb1a91180cbeac962b16416778c9067a30902c52c0ec6e22a6ce71fd883c,93.0,22.0,103.02526543,0.0
/content/drive/MyDrive/AISC DeepFake Çalışmaları/Deneyler/Nazlıcan/Deney 1/Kaş/real/train/real_train_01175.jpg,real/train/real_train_01175.jpg,real_train_01175.jpg,real,0,train,2ee53f4a977fc86d54c33af48d92cb9a9c83aaa37a66faf9242dac41dfec67f7,,1175,0.0,SUCCESS,41072ccda38bb78efbb3870e0642384da6c7176c654c3776e0b570515f4b2b9d,114.0,23.0,41.48555816,0.0
/content/drive/MyDrive/AISC DeepFake Çalışmaları/Deneyler/Nazlıcan/Deney 1/Kaş/real/train/real_train_01178.jpg,real/train/real_train_01178.jpg,real_train_01178.jpg,real,0,train,75ade6c5546fe0203c34225d97e9387af402dec5643609914a66784fdfd5e389,,1178,0.0,SUCCESS,0f98a53a1e286db369e09fbc3c5bd22f0f79e5f3f53375e1351dfcb723a1d891,212.0,47.0,17.30253984,0.0
/content/drive/MyDrive/AISC DeepFake Çalışmaları/Deneyler/Nazlıcan/Deney 1/Kaş/real/train/real_train_01179.jpg,real/train/real_train_01179.jpg,real_train_01179.jpg,real,0,train,5cfda39615a23c372cd3d03cce0076245f9ec5a335e0e4eb938a8be4b5de2d8a,,1179,0.0,SUCCESS,b9608f5fb4f07ae8153baac8f2064c27400f3b3a9e41ac66533b288185249ffc,161.0,31.0,55.95385009,0.0
/content/drive/MyDrive/AISC DeepFake Çalışmaları/Deneyler/Nazlıcan/Deney 1/Kaş/real/train/real_train_01180.jpg,real/train/real_train_01180.jpg,real_train_01180.jpg,real,0,train,cd6b7976d28cc786242b1915b48d12f29e2a28f84ff17d0e1a74e031fd4d0379,,1180,0.0,SUCCESS,b65fc5511e399dbc04f744cded9b0df8816e9c9378ec9cc72e22de685a7468a4,77.0,19.0,479.12281854,0.0
/content/drive/MyDrive/AISC DeepFake Çalışmaları/Deneyler/Nazlıcan/Deney 1/Kaş/real/train/real_train_01181.jpg,real/train/real_train_01181.jpg,real_train_01181.jpg,real,0,train,671d21b07c41126b3f52f5c094d339c72453be26e71b9bff1ec0677fe33a006b,,1181,0.0,SUCCESS,364d4e403cb85d97464b642606c2dce1a3d2bbae9f2cdc1f574af8f2de153118,124.0,30.0,63.51523522,0.0625
/content/drive/MyDrive/AISC DeepFake Çalışmaları/Deneyler/Nazlıcan/Deney 1/Kaş/real/train/real_train_01182.jpg,real/train/real_train_01182.jpg,real_train_01182.jpg,real,0,train,5aacab1b768fb2bf4aecb5bcccbd75db021d606293de5f968a80fe08f4cbf964,,1182,0.0,SUCCESS,003d8283825d26c41e9b26441e81552804113159d230c94e77ea6173d301170a,327.0,101.0,9.17752836,0.0625
/content/drive/MyDrive/AISC DeepFake Çalışmaları/Deneyler/Nazlıcan/Deney 1/Kaş/real/train/real_train_01186.jpg,real/train/real_train_01186.jpg,real_train_01186.jpg,real,0,train,0b716c60acefb76af712ae6533b12c901068aeea20bfccc366547a2b414a45a1,,1186,0.0,SUCCESS,63ad69688bbb39d58664db4409352f100b297e40743b5bcd4b3eea6dce120d13,118.0,37.0,65.46381494,0.0
/content/drive/MyDrive/AISC DeepFake Çalışmaları/Deneyler/Nazlıcan/Deney 1/Kaş/real/train/real_train_01187.jpg,real/train/real_train_01187.jpg,real_train_01187.jpg,real,0,train,469b66cec1fca50342ab113c01d31cf333e8610e9c044a9a9393f2c3bd21d54f,,1187,0.0,SUCCESS,59d3954f56e87325cfdd4baee846eb1b4b363cbf939528c00e666e28c37ca8ca,294.0,56.0,19.75245286,0.03125
/content/drive/MyDrive/AISC DeepFake Çalışmaları/Deneyler/Nazlıcan/Deney 1/Kaş/real/train/real_train_01188.jpg,real/train/real_train_01188.jpg,real_train_01188.jpg,real,0,train,10420818afc2de52dd8a69036630cbab4779ce0e7a904519dae903ad1610e4a3,,1188,0.0,SUCCESS,954ba6aed8c9029545537230022afaba5695941e922d86dc5abc52a4ffcce611,246.0,51.0,12.28255052,0.0
/content/drive/MyDrive/AISC DeepFake Çalışmaları/Deneyler/Nazlıcan/Deney 1/Kaş/real/train/real_train_01189.jpg,real/train/real_train_01189.jpg,real_train_01189.jpg,real,0,train,a879d320278864b39b40b55239162c368a34cf96afe74dd3fa72962fbfc91e52,,1189,0.0,SUCCESS,ad0fb00743e39c885108d5fa5d15445240e1bf00c80822eb20c1be002bc70ea2,94.0,22.0,94.6027923,0.0625
/content/drive/MyDrive/AISC DeepFake Çalışmaları/Deneyler/Nazlıcan/Deney 1/Kaş/real/train/real_train_01190.jpg,real/train/real_train_01190.jpg,real_train_01190.jpg,real,0,train,411b51ff4f1cae9d79ab33e72aeb4e4ede5af9067fd857168e851cbd98370fe5,,1190,0.0,SUCCESS,b42e61c157c105497b0be99f59a6ca932e6992b5dec1fe25229fa7976571537e,96.0,23.0,186.32267053,0.0
/content/drive/MyDrive/AISC DeepFake Çalışmaları/Deneyler/Nazlıcan/Deney 1/Kaş/real/train/real_train_01191.jpg,real/train/real_train_01191.jpg,real_train_01191.jpg,real,0,train,741e8133a9b920a6aecfeed9e7a0acfe532f6158dbac3ccbe6889328e481da8b,,1191,0.0,SUCCESS,4c4b8c8610e7c317d6ced74d321a1be89448e4cd1270c0798cd9a4cf38fc6fa1,301.0,82.0,16.88550853,0.0
/content/drive/MyDrive/AISC DeepFake Çalışmaları/Deneyler/Nazlıcan/Deney 1/Kaş/real/train/real_train_01192.jpg,real/train/real_train_01192.jpg,real_train_01192.jpg,real,0,train,b284fccec4b79433cdcb676b8eab0744451a9ad4da6fc6be059257fdd1fc3b33,,1192,0.0,SUCCESS,72683c91e5ed0be370bfc541afc5ef676a85339f5bdf21dfb4cba5566f10be02,129.0,34.0,18.17715718,0.09375
/content/drive/MyDrive/AISC DeepFake Çalışmaları/Deneyler/Nazlıcan/Deney 1/Kaş/real/train/real_train_01193.jpg,real/train/real_train_01193.jpg,real_train_01193.jpg,real,0,train,afd2fa098ddf9d5ac794f2662c6be92e4ff1bfbfea4deb0351b67391c8cddc80,,1193,0.0,SUCCESS,f626937e86fdf0795642e51adf06e775cee26f4ec01602d587c02107ffaa6b9d,216.0,66.0,25.22118773,0.0
/content/drive/MyDrive/AISC DeepFake Çalışmaları/Deneyler/Nazlıcan/Deney 1/Kaş/real/train/real_train_01195.jpg,real/train/real_train_01195.jpg,real_train_01195.jpg,real,0,train,d8643aa29a3b93b9a62082cf9e0d0bb357da7c0a411b79b4c495e4eca32055cf,,1195,0.0,SUCCESS,c023890c543c7162cfcdf5d102dcd43ae818239f8d72d3d74f48b498a986f6ff,151.0,34.0,22.09172141,0.0
/content/drive/MyDrive/AISC DeepFake Çalışmaları/Deneyler/Nazlıcan/Deney 1/Kaş/real/train/real_train_01196.jpg,real/train/real_train_01196.jpg,real_train_01196.jpg,real,0,train,2fcd3ba8d0ba51dabe0ee24b6bdef6d7782ccec102d36276bffdc3234878d36d,,1196,0.0,SUCCESS,17fe36dc550a913d4598365bfd46da86b2f149418c3c62407068162fb04851ed,85.0,17.0,119.76690222,0.09375
/content/drive/MyDrive/AISC DeepFake Çalışmaları/Deneyler/Nazlıcan/Deney 1/Kaş/real/train/real_train_01197.jpg,real/train/real_train_01197.jpg,real_train_01197.jpg,real,0,train,dc8c04c78a97cc1fa72f4dc41af6b547c380e250676bd44b813c96e556483083,,1197,0.0,SUCCESS,1e74f5d482d56ba56437566a7150be11deed8560df154e0aa6f1009946d6812b,188.0,51.0,156.82985759,0.09375
/content/drive/MyDrive/AISC DeepFake Çalışmaları/Deneyler/Nazlıcan/Deney 1/Kaş/real/train/real_train_01198.jpg,real/train/real_train_01198.jpg,real_train_01198.jpg,real,0,train,d82f221535fde5468363e10de5047d67577610482efa6fc429444670563c1941,,1198,0.0,SUCCESS,6688b014d1fde7f94be953a94c173372f17f80947f0590c764662f394c7b638a,608.0,190.0,5.61704438,0.0625
/content/drive/MyDrive/AISC DeepFake Çalışmaları/Deneyler/Nazlıcan/Deney 1/Kaş/real/train/real_train_01199.jpg,real/train/real_train_01199.jpg,real_train_01199.jpg,real,0,train,67b183fd5861037aef71cd6617174c77ad1837d7349781cb9428882a755a81e5,,1199,0.0,SUCCESS,95bddb12edb27a12a42b7118df1ca5c1ad8a7e447be31929366f48fcaed9879b,86.0,20.0,361.19360431,0.0
/content/drive/MyDrive/AISC DeepFake Çalışmaları/Deneyler/Nazlıcan/Deney 1/Kaş/fake/val/fake_val_00000.jpg,fake/val/fake_val_00000.jpg,fake_val_00000.jpg,fake,1,val,4c5d797533ff7960c7205b0c24d45b272b8be8cf7a5275ea5bf3f3c73f6f3941,,0,0.0,SUCCESS,071e57664279debbbbea5027f9edbbb40343944162c6e1b1c5bdc06350469671,133.0,35.0,57.36732659,0.0
/content/drive/MyDrive/AISC DeepFake Çalışmaları/Deneyler/Nazlıcan/Deney 1/Kaş/fake/val/fake_val_00002.jpg,fake/val/fake_val_00002.jpg,fake_val_00002.jpg,fake,1,val,af037b957e681d4122892cc0654bd4f680a500f14f04087afabd608dce521d7c,,2,0.0,SUCCESS,6acdf21e24fa50ae5b31bbf0ec8f2fdf69ad3461725bf3251ec16144cea02e27,100.0,21.0,120.25355351,0.0
/content/drive/MyDrive/AISC DeepFake Çalışmaları/Deneyler/Nazlıcan/Deney 1/Kaş/fake/val/fake_val_00005.jpg,fake/val/fake_val_00005.jpg,fake_val_00005.jpg,fake,1,val,3369d25e591a17c66c79f6cb90f791f97fef6a2e67e4ddd0cf118e0e87390f5d,,5,0.0,SUCCESS,417e83fc3e6847e5a31938ac26badd6a170e9099dbf809cff8fb6da3f40a26d9,82.0,17.0,151.26502031,0.0
/content/drive/MyDrive/AISC DeepFake Çalışmaları/Deneyler/Nazlıcan/Deney 1/Kaş/fake/val/fake_val_00006.jpg,fake/val/fake_val_00006.jpg,fake_val_00006.jpg,fake,1,val,cfb4dd8e2acaa927411e9ec0bb2431910076177f0f8131d717a5f26bf6cb0da7,,6,0.0,SUCCESS,5af3ed28a405c0661e3bb0b94924ec31b43e427d84a65f7bdc6a43f2b5dd3dc9,188.0,41.0,14.41616821,0.0
/content/drive/MyDrive/AISC DeepFake Çalışmaları/Deneyler/Nazlıcan/Deney 1/Kaş/fake/val/fake_val_00007.jpg,fake/val/fake_val_00007.jpg,fake_val_00007.jpg,fake,1,val,3f544b9307423224db3122e0b2fa07bbcf9cfb1ecd527b67b3e1ea3c4328415b,,7,0.0,SUCCESS,a42ac36627b72f81ecd1dacf886aad03424eeb5e724988ddda87f162cdff0a2f,191.0,34.0,246.63340589,0.0
/content/drive/MyDrive/AISC DeepFake Çalışmaları/Deneyler/Nazlıcan/Deney 1/Kaş/fake/val/fake_val_00008.jpg,fake/val/fake_val_00008.jpg,fake_val_00008.jpg,fake,1,val,105a5cdad750f01a8e68b871df3ee642794f0ee3a67687ac86eb142e42e07276,,8,0.0,SUCCESS,f1d2adb5124962edf9a1312f00104ae505d60c83e8c3c5a822e19b976ed5dbee,100.0,30.0,111.55234489,0.1875
/content/drive/MyDrive/AISC DeepFake Çalışmaları/Deneyler/Nazlıcan/Deney 1/Kaş/fake/val/fake_val_00010.jpg,fake/val/fake_val_00010.jpg,fake_val_00010.jpg,fake,1,val,f797c7e3ab31f608f77af7567146b2056cf02e6b793d69d56f1f138cb8360c94,,10,0.0,SUCCESS,9d4f9a35c44b10184a791f1cc9a2b53e95a403082e64e24fe3ec93397a697176,223.0,48.0,16.27603904,0.0
/content/drive/MyDrive/AISC DeepFake Çalışmaları/Deneyler/Nazlıcan/Deney 1/Kaş/fake/val/fake_val_00012.jpg,fake/val/fake_val_00012.jpg,fake_val_00012.jpg,fake,1,val,b93e2adaea072434d033bc3c655176c45339318f024f4f9e3db312c1e8f7d228,,12,0.0,SUCCESS,9970a271bb680d20722472f451156c3b6791a9bd47d739d02307dba4f05a8f91,169.0,39.0,26.51538301,0.0
/content/drive/MyDrive/AISC DeepFake Çalışmaları/Deneyler/Nazlıcan/Deney 1/Kaş/fake/val/fake_val_00014.jpg,fake/val/fake_val_00014.jpg,fake_val_00014.jpg,fake,1,val,fa2f96e8c2c67d731066ec9953382731ea5281f87400fa515b0539a45427313a,,14,0.0,SUCCESS,9817971528ca0e10e1ecb9692f550ca7b27b8fcf5f00cbd1a0b1ac658d0241f0,82.0,16.0,149.91416707,0.0
/content/drive/MyDrive/AISC DeepFake Çalışmaları/Deneyler/Nazlıcan/Deney 1/Kaş/fake/val/fake_val_00015.jpg,fake/val/fake_val_00015.jpg,fake_val_00015.jpg,fake,1,val,c55683dc9876212541c5452140962993309ab00f1e8ada10a1b542fc58f97d3d,,15,0.0,SUCCESS,404b96f461c85fb07370edc5df407175bec710a4081435b6d54024baab3f9bb2,246.0,68.0,11.50715632,0.09375
/content/drive/MyDrive/AISC DeepFake Çalışmaları/Deneyler/Nazlıcan/Deney 1/Kaş/fake/val/fake_val_00018.jpg,fake/val/fake_val_00018.jpg,fake_val_00018.jpg,fake,1,val,39d0325a595cfdbdc000156feab394e2bce75c4b2bc4772eda904bdb66776d33,,18,0.0,SUCCESS,fbd9bca3baeef1b8c007c08ad73d066539d17579e87ca6fb05b5a755f08522bc,301.0,85.0,7.53259875,0.0
/content/drive/MyDrive/AISC DeepFake Çalışmaları/Deneyler/Nazlıcan/Deney 1/Kaş/fake/val/fake_val_00019.jpg,fake/val/fake_val_00019.jpg,fake_val_00019.jpg,fake,1,val,88b7c840da914a2596557083afec9b84002456e1028f6a1ee62e4266c8b199ed,,19,0.0,SUCCESS,6e958d097c71ab84bfe11ea6721251f7f44788811450e058e593f61ff2435a9d,335.0,86.0,21.3544494,0.0
/content/drive/MyDrive/AISC DeepFake Çalışmaları/Deneyler/Nazlıcan/Deney 1/Kaş/fake/val/fake_val_00023.jpg,fake/val/fake_val_00023.jpg,fake_val_00023.jpg,fake,1,val,3cc5fc7a16a2892c0a36331c2c75bc20fe755d3b8934033bd6762674356f720f,,23,0.0,SUCCESS,bde12a0415afa7125065d8e762ee727237a2bcaf0e8548b9c19a378c5c82a37c,127.0,35.0,99.30305868,0.125
/content/drive/MyDrive/AISC DeepFake Çalışmaları/Deneyler/Nazlıcan/Deney 1/Kaş/fake/val/fake_val_00024.jpg,fake/val/fake_val_00024.jpg,fake_val_00024.jpg,fake,1,val,945e2867af0849411a8fc33bd363005e2ecc947002300f012b95ba7b495dd2e6,,24,0.0,SUCCESS,97928d6e852ddb39c9c160ad1911512e89172bda4775f3f6162643d451e9bd89,111.0,25.0,248.00068826,0.0
/content/drive/MyDrive/AISC DeepFake Çalışmaları/Deneyler/Nazlıcan/Deney 1/Kaş/fake/val/fake_val_00026.jpg,fake/val/fake_val_00026.jpg,fake_val_00026.jpg,fake,1,val,9c911016cdbf3985c2c6461daa1ffc8b8b86e7d56a30b13cb4241a72e1469648,,26,0.0,SUCCESS,dea0d660a7273d228800034ac3cc462d978aa12f1a0731c210c1d046dc57d4b2,210.0,50.0,15.0208127,0.0
/content/drive/MyDrive/AISC DeepFake Çalışmaları/Deneyler/Nazlıcan/Deney 1/Kaş/fake/val/fake_val_00027.jpg,fake/val/fake_val_00027.jpg,fake_val_00027.jpg,fake,1,val,0a67c687a9f32347024e70dbba220aa876fbcc8af04343b714ba7e86a33044f4,,27,0.0,SUCCESS,45facf873d2af49c4b126be8445f80fdd653b1b4c7944a21b5e1d2d0b7c0c837,275.0,58.0,12.87221676,0.0
/content/drive/MyDrive/AISC DeepFake Çalışmaları/Deneyler/Nazlıcan/Deney 1/Kaş/fake/val/fake_val_00030.jpg,fake/val/fake_val_00030.jpg,fake_val_00030.jpg,fake,1,val,af2ab09449f7204d294b4dc9380c7c2f609ae73284ff50c8ecd44cf608eaf63b,,30,0.0,SUCCESS,e13656e9f45b84d00ee55e4c35f902f09d3fdde19669ef13d7a314625584e759,76.0,15.0,170.16024854,0.0
/content/drive/MyDrive/AISC DeepFake Çalışmaları/Deneyler/Nazlıcan/Deney 1/Kaş/fake/val/fake_val_00031.jpg,fake/val/fake_val_00031.jpg,fake_val_00031.jpg,fake,1,val,e95b75f6c7f8bd37f8a70ac738965f3e661c0758d9625b3d7e6859e32414e9a0,,31,0.0,SUCCESS,e1f34dd976c5821f8d02f85cf0e93f5a43b6d962e33a4457b54a16d694ce5f56,91.0,18.0,214.31337429,0.09375
/content/drive/MyDrive/AISC DeepFake Çalışmaları/Deneyler/Nazlıcan/Deney 1/Kaş/fake/val/fake_val_00032.jpg,fake/val/fake_val_00032.jpg,fake_val_00032.jpg,fake,1,val,649324ec548f9d582c2498a022c7c942fc0c7b0f8ed610fd276cb26e905ce1ad,,32,0.0,SUCCESS,9ba65ddbb2aa0f4d4df526c00b1bb8ea7380fb3355ba9a03c4c62dbb0549163b,171.0,33.0,1337.80853732,0.0
/content/drive/MyDrive/AISC DeepFake Çalışmaları/Deneyler/Nazlıcan/Deney 1/Kaş/fake/val/fake_val_00033.jpg,fake/val/fake_val_00033.jpg,fake_val_00033.jpg,fake,1,val,58319311f914aa6c452d10234fc1c271e044842f98265ff491176ccb40274270,,33,0.0,SUCCESS,57b549e1c0653a67da2ef766cbf6bfc572e64e0cc459aaddb452472380726e3d,190.0,52.0,18.88086568,0.09375
/content/drive/MyDrive/AISC DeepFake Çalışmaları/Deneyler/Nazlıcan/Deney 1/Kaş/fake/val/fake_val_00035.jpg,fake/val/fake_val_00035.jpg,fake_val_00035.jpg,fake,1,val,039bbb05ba959900102303ac51596f2cff61f2da67e970966f07b89bf11f4f9c,,35,0.0,SUCCESS,5fcfd37654dcd7d2461c9d88a7daeea1c2044f92940b69ab9329f3381ea777b9,108.0,23.0,210.09516412,0.09375
/content/drive/MyDrive/AISC DeepFake Çalışmaları/Deneyler/Nazlıcan/Deney 1/Kaş/fake/val/fake_val_00036.jpg,fake/val/fake_val_00036.jpg,fake_val_00036.jpg,fake,1,val,62c23bbdfd498beed52cca854f5d138b04ef8dde3073a3ee4e863229c80271a4,,36,0.0,SUCCESS,f5db886dc75d4500d1bd593b2bc29be9268af08592e0d9aba7a558303f912858,94.0,23.0,139.55145431,0.125
/content/drive/MyDrive/AISC DeepFake Çalışmaları/Deneyler/Nazlıcan/Deney 1/Kaş/fake/val/fake_val_00037.jpg,fake/val/fake_val_00037.jpg,fake_val_00037.jpg,fake,1,val,1ce181c9ea94d3a49ff3798f906afabf042f6d9e08313f1cc78203bcdb1d5c97,,37,0.0,SUCCESS,2849ead5bfc1b690289f5c357e3d141e7dd6f92ae0b489d364ff542c41ff13ea,95.0,19.0,101.11875446,0.0
/content/drive/MyDrive/AISC DeepFake Çalışmaları/Deneyler/Nazlıcan/Deney 1/Kaş/fake/val/fake_val_00038.jpg,fake/val/fake_val_00038.jpg,fake_val_00038.jpg,fake,1,val,d43611717275ffe21da0eae43be0ee60839e32390a16f61b0297b5fb9541be4b,,38,0.0,SUCCESS,e8b32f569e92c7c061c6c6f5ae6ea495718b0fe8cc0edb12793c636a2dccd2b3,208.0,43.0,23.15513702,0.0625
/content/drive/MyDrive/AISC DeepFake Çalışmaları/Deneyler/Nazlıcan/Deney 1/Kaş/fake/val/fake_val_00039.jpg,fake/val/fake_val_00039.jpg,fake_val_00039.jpg,fake,1,val,563820d63b6d52c60ae71d40531066d5c13fb24bbd429c70b4f69878bd23dad5,,39,0.0,SUCCESS,6be7dc2aba656272aa9bc70f2aea9032ecc3f030ee9234098e5956d1b3309486,103.0,23.0,36.26217958,0.0
/content/drive/MyDrive/AISC DeepFake Çalışmaları/Deneyler/Nazlıcan/Deney 1/Kaş/fake/val/fake_val_00040.jpg,fake/val/fake_val_00040.jpg,fake_val_00040.jpg,fake,1,val,e24d5577b9cbde2a0efcc2080660eac6c2df1463026e7eb47d0f5ded38b0e976,,40,0.0,SUCCESS,a117febfaac34accb698b680ebfc9996233944da25391ce6166538041bee0f6c,113.0,38.0,153.73941304,0.09375
/content/drive/MyDrive/AISC DeepFake Çalışmaları/Deneyler/Nazlıcan/Deney 1/Kaş/fake/val/fake_val_00042.jpg,fake/val/fake_val_00042.jpg,fake_val_00042.jpg,fake,1,val,5f6c7b1ac118ca9f66d68d6c4bad6840a1e0f54c1c5e8604151cd56368614076,,42,0.0,SUCCESS,d1cd8df662caff873f78b386a7e4de13e775bcc81d0040800c0775a61afc7917,178.0,52.0,24.13719088,0.09375
/content/drive/MyDrive/AISC DeepFake Çalışmaları/Deneyler/Nazlıcan/Deney 1/Kaş/fake/val/fake_val_00043.jpg,fake/val/fake_val_00043.jpg,fake_val_00043.jpg,fake,1,val,f7dfec06b5469dac0771953cdd30157bd94ae9df42a25194b3283135db2419d3,,43,0.0,SUCCESS,158c4f83d8542d2d37c8213894453fbe82ca648024e9e75188f5161624048117,222.0,47.0,11.4633601,0.0
/content/drive/MyDrive/AISC DeepFake Çalışmaları/Deneyler/Nazlıcan/Deney 1/Kaş/fake/val/fake_val_00045.jpg,fake/val/fake_val_00045.jpg,fake_val_00045.jpg,fake,1,val,82f10a9f909966c015b176ad5cbb65ee3351e5bdb4117ded69efc392ce2bba40,,45,0.0,SUCCESS,c0b0e2137dbd19edbec00d08b890870b54f9d06c006a3e256c47e93285eba7ae,272.0,61.0,10.46753202,0.0
/content/drive/MyDrive/AISC DeepFake Çalışmaları/Deneyler/Nazlıcan/Deney 1/Kaş/fake/val/fake_val_00046.jpg,fake/val/fake_val_00046.jpg,fake_val_00046.jpg,fake,1,val,00b4a34a8784013b744e96227085df9fdd11b3c5f5d4be1a19d7db19a78aa433,,46,0.0,SUCCESS,8e6f6e30296ac83177acf7c3d629cdcc49869207bbd25ae720acc0c9d93914bf,93.0,26.0,332.11536306,0.125
/content/drive/MyDrive/AISC DeepFake Çalışmaları/Deneyler/Nazlıcan/Deney 1/Kaş/fake/val/fake_val_00047.jpg,fake/val/fake_val_00047.jpg,fake_val_00047.jpg,fake,1,val,8d2e9298fcba862317964b83a32660d16870e58d76dc5286dff298780ebdbb25,,47,0.0,SUCCESS,7323a123192ed95252960a6c5dab4a0a12e5bca51cf309465008623d6826ab3b,195.0,68.0,33.13372187,0.25
/content/drive/MyDrive/AISC DeepFake Çalışmaları/Deneyler/Nazlıcan/Deney 1/Kaş/fake/val/fake_val_00051.jpg,fake/val/fake_val_00051.jpg,fake_val_00051.jpg,fake,1,val,20ac869f56b3d306e737a03d74944a283955c332ddb1a4a6d60d6fbeccc179a0,,51,0.0,SUCCESS,0b40968ab8ee707b204b147391a6f0d112521bafe616c589fa5a4345579a2b80,135.0,40.0,46.47140892,0.09375
/content/drive/MyDrive/AISC DeepFake Çalışmaları/Deneyler/Nazlıcan/Deney 1/Kaş/fake/val/fake_val_00052.jpg,fake/val/fake_val_00052.jpg,fake_val_00052.jpg,fake,1,val,523031b5c0a2cb12a63b19302233396aade50f773bf8474fa837771071470ee1,,52,0.0,SUCCESS,2a1a7a901fa6bec743fad9b763826683b913dda759c30381e72820be43311e16,96.0,20.0,111.94215468,0.09375
/content/drive/MyDrive/AISC DeepFake Çalışmaları/Deneyler/Nazlıcan/Deney 1/Kaş/fake/val/fake_val_00053.jpg,fake/val/fake_val_00053.jpg,fake_val_00053.jpg,fake,1,val,12ea563dd3bc90ebd50555ce5ddc885ef595df32b0fd01d47bb1572731dd75af,,53,0.0,SUCCESS,3593f1d239bef7177ffb35696f324de6a69105d0b160ccde4ce90eb0206d622c,112.0,23.0,43.76729037,0.0
/content/drive/MyDrive/AISC DeepFake Çalışmaları/Deneyler/Nazlıcan/Deney 1/Kaş/fake/val/fake_val_00055.jpg,fake/val/fake_val_00055.jpg,fake_val_00055.jpg,fake,1,val,6d0dff231fd4f9d4a9af478fcedad0607e3a87cd881b3abc5f308764f0f10996,,55,0.0,SUCCESS,d90b84f17e2c0ca23019f746301aa9179d0de3b340bae89e2bc5d40d45756336,192.0,46.0,33.81703574,0.09375
/content/drive/MyDrive/AISC DeepFake Çalışmaları/Deneyler/Nazlıcan/Deney 1/Kaş/fake/val/fake_val_00057.jpg,fake/val/fake_val_00057.jpg,fake_val_00057.jpg,fake,1,val,fc11736402ab80689836b78d6915ef398d6d524bae5ab0c7e555b4f619bca16d,,57,0.0,SUCCESS,0895f7c27351afa6d4ee64dda6379aeea8a7f95f660b2f8909b00369beb52dd5,224.0,53.0,15.31596372,0.0
/content/drive/MyDrive/AISC DeepFake Çalışmaları/Deneyler/Nazlıcan/Deney 1/Kaş/fake/val/fake_val_00058.jpg,fake/val/fake_val_00058.jpg,fake_val_00058.jpg,fake,1,val,490e1b740ea636a16025ff3d6741c2fb7a56fced87ded5f3190c2528238d45bf,,58,0.0,SUCCESS,70a0f7021c27f61e09a9fdfe619d9de156c4fcb6bc676c2ae91ed7c203ca09ec,211.0,41.0,11.29651766,0.0
/content/drive/MyDrive/AISC DeepFake Çalışmaları/Deneyler/Nazlıcan/Deney 1/Kaş/fake/val/fake_val_00059.jpg,fake/val/fake_val_00059.jpg,fake_val_00059.jpg,fake,1,val,7450937854db3e2c6d79527a553862f61d1aa06445d189c3f95fa5bb984ec19c,,59,0.0,SUCCESS,9153fa0c2ed9796372be98c3ac4559f0b1eefca94f702c0f4be77ae31ce51a7d,258.0,58.0,11.46752141,0.0625
/content/drive/MyDrive/AISC DeepFake Çalışmaları/Deneyler/Nazlıcan/Deney 1/Kaş/fake/val/fake_val_00061.jpg,fake/val/fake_val_00061.jpg,fake_val_00061.jpg,fake,1,val,661911c46e4784ca1fd2d1e92c30f61a87595b759a37ac25c6a1a6cc78788e7f,,61,0.0,SUCCESS,7e6775f2a456f7790b424a0052cf210b494ce3054a33e67f8afffa3de81756a4,171.0,51.0,54.97868602,0.0625
/content/drive/MyDrive/AISC DeepFake Çalışmaları/Deneyler/Nazlıcan/Deney 1/Kaş/fake/val/fake_val_00062.jpg,fake/val/fake_val_00062.jpg,fake_val_00062.jpg,fake,1,val,a7d6a02ff8b75a6ad11825965ee27f7c3b5da291e564f38e1620528a91526439,,62,0.0,SUCCESS,d7e592d607d44371e593152ebbc3f8fc5a3b29a55a4da26fcfdf0b9fc736d598,77.0,23.0,488.6749797,0.09375
/content/drive/MyDrive/AISC DeepFake Çalışmaları/Deneyler/Nazlıcan/Deney 1/Kaş/fake/val/fake_val_00066.jpg,fake/val/fake_val_00066.jpg,fake_val_00066.jpg,fake,1,val,dda1911243423de8eaa0fb42689115ab76f2cc00f0a372f1e1c571b8a7b82369,,66,0.0,SUCCESS,a7c2451f9f8c9599dfe32aed9319c553c1620bd48848a3da201a70e4a1adcb5b,96.0,18.0,79.4354089,0.0
/content/drive/MyDrive/AISC DeepFake Çalışmaları/Deneyler/Nazlıcan/Deney 1/Kaş/fake/val/fake_val_00068.jpg,fake/val/fake_val_00068.jpg,fake_val_00068.jpg,fake,1,val,74c92b49121df56ac4a77ac4f7cc805a16ac4ee1a7ef864aeeca336225c68860,,68,0.0,SUCCESS,461991dc71e45dcb67f3de71d725c90b44d5e6b8d90c529b29bfbd35ec53db40,269.0,73.0,8.70945514,0.0
/content/drive/MyDrive/AISC DeepFake Çalışmaları/Deneyler/Nazlıcan/Deney 1/Kaş/fake/val/fake_val_00070.jpg,fake/val/fake_val_00070.jpg,fake_val_00070.jpg,fake,1,val,1867eb370ab185fefbc4c73e720f2449f13130a3a1a46f3bfccf6d8f9cd4a6a3,,70,0.0,SUCCESS,645ee61141378f4a710e05a8004e988fbf18515178a323e8db0f0e248a3594f7,154.0,42.0,42.57170305,0.125
/content/drive/MyDrive/AISC DeepFake Çalışmaları/Deneyler/Nazlıcan/Deney 1/Kaş/fake/val/fake_val_00074.jpg,fake/val/fake_val_00074.jpg,fake_val_00074.jpg,fake,1,val,f9b0161d7c6f2ed60469ef6a3efe1e0955bddb4473fa2f534d0f1f7d88a23f4d,,74,0.0,SUCCESS,bc9e331528158e6971272cebde2d51d7f1a2c106f0b30a1600ffb0653fe11a4d,101.0,27.0,512.36276871,0.125
/content/drive/MyDrive/AISC DeepFake Çalışmaları/Deneyler/Nazlıcan/Deney 1/Kaş/fake/val/fake_val_00075.jpg,fake/val/fake_val_00075.jpg,fake_val_00075.jpg,fake,1,val,77b48e446dc3ba528ffcdcac69f85f50c2757992e50cec705be9a9510e3ec5af,,75,0.0,SUCCESS,28bfb52875bc325b3335974c30772b6c0923a2e69df4fe49b224816d56c9690b,127.0,34.0,53.95729827,0.09375
/content/drive/MyDrive/AISC DeepFake Çalışmaları/Deneyler/Nazlıcan/Deney 1/Kaş/fake/val/fake_val_00077.jpg,fake/val/fake_val_00077.jpg,fake_val_00077.jpg,fake,1,val,357d52dbdc8480ff6182a7b4bab8be5ed4e1c69b08e61104d2d8ea1a5ac1b270,,77,0.0,SUCCESS,6cbc9ced4dd110f37fc2df7e7a382fb5ec67103eff4ed04d867d4ca307ae8461,470.0,113.0,6.09614706,0.0
/content/drive/MyDrive/AISC DeepFake Çalışmaları/Deneyler/Nazlıcan/Deney 1/Kaş/fake/val/fake_val_00079.jpg,fake/val/fake_val_00079.jpg,fake_val_00079.jpg,fake,1,val,96337c6a7852c818358b50e698933a5e6ea71c67fa91a055f5cdc5d324f6152d,,79,0.0,SUCCESS,82c0abe0cd2c0c3d20131834a985b7abcc2f779b00810d39cf753cb43a0293ac,119.0,31.0,46.2617883,0.09375
/content/drive/MyDrive/AISC DeepFake Çalışmaları/Deneyler/Nazlıcan/Deney 1/Kaş/fake/val/fake_val_00080.jpg,fake/val/fake_val_00080.jpg,fake_val_00080.jpg,fake,1,val,b6234cecca650f28fefa7e51046b5082594d604bf2c6c9e7d7833282db565b04,,80,0.0,SUCCESS,5cb64b5fc1aa05a4862955f29bd94c732b9696bdd91fe0bc4778e993ce1171e9,96.0,35.0,240.34391289,0.09375
/content/drive/MyDrive/AISC DeepFake Çalışmaları/Deneyler/Nazlıcan/Deney 1/Kaş/fake/val/fake_val_00081.jpg,fake/val/fake_val_00081.jpg,fake_val_00081.jpg,fake,1,val,437284f2f86327624c6e0f403484b99ae619d1ab97c22e9401ca713384c16459,,81,0.0,SUCCESS,9d3be49956b9c3a0e6f4a1f8f2a1a15bf2132f95d1f79edc180f319f45affd4a,73.0,17.0,197.20344709,0.0
/content/drive/MyDrive/AISC DeepFake Çalışmaları/Deneyler/Nazlıcan/Deney 1/Kaş/fake/val/fake_val_00083.jpg,fake/val/fake_val_00083.jpg,fake_val_00083.jpg,fake,1,val,9442b38877833b3595a73508eafe8e667416ec4189564d2c54fac672fb4ccf63,,83,0.0,SUCCESS,a04ea28876d25592a90516e8340a4637f193c4c1973f508bab04fb1fe22d1435,99.0,19.0,77.82529399,0.0
/content/drive/MyDrive/AISC DeepFake Çalışmaları/Deneyler/Nazlıcan/Deney 1/Kaş/fake/val/fake_val_00084.jpg,fake/val/fake_val_00084.jpg,fake_val_00084.jpg,fake,1,val,fc1c3132f18ce964c50c89fecd6b76b975a754781c6cdef768af742caa72f1f1,,84,0.0,SUCCESS,dc9a019f0a14b268f76a6dcb27b63ddef6eeca6f887604534d88e34b80f60b72,201.0,41.0,19.91647726,0.03125
/content/drive/MyDrive/AISC DeepFake Çalışmaları/Deneyler/Nazlıcan/Deney 1/Kaş/fake/val/fake_val_00085.jpg,fake/val/fake_val_00085.jpg,fake_val_00085.jpg,fake,1,val,4929a1318cbeb515c6e772ea1c6b94c78abd7351d2663d4ef7fbd2b790201063,,85,0.0,SUCCESS,5fc7ae0ac7b300bf1442f28e3310bf25471f2a4fc17f7111caa65dbdd2a295b0,112.0,24.0,137.88800699,0.0
/content/drive/MyDrive/AISC DeepFake Çalışmaları/Deneyler/Nazlıcan/Deney 1/Kaş/fake/val/fake_val_00088.jpg,fake/val/fake_val_00088.jpg,fake_val_00088.jpg,fake,1,val,8b42dbc8ea7819bd649ab007258b5d94c1a5b3e1c215760645974e020bba6074,,88,0.0,SUCCESS,24c67d95e45d70599f3b937468730836f394143307f766d60d846b5868c55e0d,95.0,24.0,166.15968837,0.0
/content/drive/MyDrive/AISC DeepFake Çalışmaları/Deneyler/Nazlıcan/Deney 1/Kaş/fake/val/fake_val_00090.jpg,fake/val/fake_val_00090.jpg,fake_val_00090.jpg,fake,1,val,a62282f5d9b46115d933a0d746acd619feb09b29baf29bb2cde39c943d06bc13,,90,0.0,SUCCESS,6db4ebb0a345875cf9ca8ec5b0262b4b5bb10648ee7b2b1434e519894202e99b,178.0,41.0,38.14166487,0.0
/content/drive/MyDrive/AISC DeepFake Çalışmaları/Deneyler/Nazlıcan/Deney 1/Kaş/fake/val/fake_val_00091.jpg,fake/val/fake_val_00091.jpg,fake_val_00091.jpg,fake,1,val,93581942b5daafd9fccf00731e5dd3714de4d4a40e1002776675b2442a9205ce,,91,0.0,SUCCESS,1d0321654d403eec4d9c8855abae0d3cbab8f67cf14757546606be107700b03d,148.0,34.0,110.27019381,0.0
/content/drive/MyDrive/AISC DeepFake Çalışmaları/Deneyler/Nazlıcan/Deney 1/Kaş/fake/val/fake_val_00092.jpg,fake/val/fake_val_00092.jpg,fake_val_00092.jpg,fake,1,val,133840f4cef5a7b869a299ba1b1fac868aa5f62b1a1829eac98129ff0745aec2,,92,0.0,SUCCESS,10abaae4f18738f948a1a647518278b9aa9ddba10e25e8e048071dc15cdd0f2d,83.0,16.0,212.76838075,0.03125
/content/drive/MyDrive/AISC DeepFake Çalışmaları/Deneyler/Nazlıcan/Deney 1/Kaş/fake/val/fake_val_00093.jpg,fake/val/fake_val_00093.jpg,fake_val_00093.jpg,fake,1,val,0d358ce09933c3c5f6803cbe128efe095e7d002bb42b968fee9c2044c6986170,,93,0.0,SUCCESS,e7da7865524de1d1e0d7ba61fec679d2bee07f7f882af41a7c0404e996e034af,95.0,28.0,87.0434308,0.0
/content/drive/MyDrive/AISC DeepFake Çalışmaları/Deneyler/Nazlıcan/Deney 1/Kaş/fake/val/fake_val_00094.jpg,fake/val/fake_val_00094.jpg,fake_val_00094.jpg,fake,1,val,b2b1bcec56cba84aaac56ab080f0baf5573a6e6c2a8766756953a46465323795,,94,0.0,SUCCESS,f550646e51108382e83601472875fe5a9eaeafcc17d3370200aa20d582bc83d1,158.0,41.0,12.25979845,0.0
/content/drive/MyDrive/AISC DeepFake Çalışmaları/Deneyler/Nazlıcan/Deney 1/Kaş/fake/val/fake_val_00095.jpg,fake/val/fake_val_00095.jpg,fake_val_00095.jpg,fake,1,val,e1887d8c2c273f0563a0a0c697697a5f20425e36d17c3054af59a77fa602cd1c,,95,0.0,SUCCESS,92432da91037ec6fa24eeeacff1beca338cf85d4a397082e04d232f70f22f8fa,224.0,57.0,15.00182812,0.0
/content/drive/MyDrive/AISC DeepFake Çalışmaları/Deneyler/Nazlıcan/Deney 1/Kaş/fake/val/fake_val_00100.jpg,fake/val/fake_val_00100.jpg,fake_val_00100.jpg,fake,1,val,e4ddb6d443f59e8ddfa1380cd267ce7a7e70b79313de6d74b51bce2779d25751,,100,0.0,SUCCESS,23e8b4ae749298179f8acfe20c937c6ead75e3be047b9fbc3759fdb20aad0360,134.0,41.0,49.90386286,0.15625
/content/drive/MyDrive/AISC DeepFake Çalışmaları/Deneyler/Nazlıcan/Deney 1/Kaş/fake/val/fake_val_00101.jpg,fake/val/fake_val_00101.jpg,fake_val_00101.jpg,fake,1,val,c1e86497539a30b8f49949b0b9a88a44b3f3283117ffb04dc1c6a90e973cf621,,101,0.0,SUCCESS,df001d312f6e14244999f36caf5e845f9e0dfcb8986ee3dcf3db4bb7cef37779,93.0,26.0,98.82938839,0.0
/content/drive/MyDrive/AISC DeepFake Çalışmaları/Deneyler/Nazlıcan/Deney 1/Kaş/fake/val/fake_val_00103.jpg,fake/val/fake_val_00103.jpg,fake_val_00103.jpg,fake,1,val,3f54dded0701b6b6b29d831d12d2a1a1bb7670d02d7807aebcee7037fb52d43e,,103,0.0,SUCCESS,41570fc37055c84d6419cc8b1b11fef63b45e9093cf441fffbd7c6a300653aef,73.0,20.0,364.66255207,0.03125
/content/drive/MyDrive/AISC DeepFake Çalışmaları/Deneyler/Nazlıcan/Deney 1/Kaş/fake/val/fake_val_00104.jpg,fake/val/fake_val_00104.jpg,fake_val_00104.jpg,fake,1,val,22fc17203763cc443bb2cd3da50777a29df6102d39ef2cb95c4f323319247e38,,104,0.0,SUCCESS,4f3afdc4410b26494cc50db87d794e6e09c760dc13fabca5f2edcff49b072aee,212.0,44.0,27.24124474,0.0
/content/drive/MyDrive/AISC DeepFake Çalışmaları/Deneyler/Nazlıcan/Deney 1/Kaş/fake/val/fake_val_00105.jpg,fake/val/fake_val_00105.jpg,fake_val_00105.jpg,fake,1,val,ea23d82fdb53117cca22888bd816406c8e1026910502e5691ebcda671e510138,,105,0.0,SUCCESS,d5bcf9b5d96d69da84f3fca9aead5c1d56ed87ad848774af2991a1da862336cf,84.0,18.0,39.64411691,0.0
/content/drive/MyDrive/AISC DeepFake Çalışmaları/Deneyler/Nazlıcan/Deney 1/Kaş/fake/val/fake_val_00106.jpg,fake/val/fake_val_00106.jpg,fake_val_00106.jpg,fake,1,val,d880f5c5ed040c75b2e0fa1e4d7bf70e423ac6ee0de169d7f5ac0ff199019a3f,,106,0.0,SUCCESS,d2771b51969b7a0be5f20dbe18ab670bdd73712458edc8519a202b779dc58e3f,281.0,62.0,15.5199818,0.0
/content/drive/MyDrive/AISC DeepFake Çalışmaları/Deneyler/Nazlıcan/Deney 1/Kaş/fake/val/fake_val_00107.jpg,fake/val/fake_val_00107.jpg,fake_val_00107.jpg,fake,1,val,7e57444cff5cca2b82147511a88126853e0d495d9e9653fb5a4c0b86ea6ff253,,107,0.0,SUCCESS,2e30deef234fd6ca9c58ac6498e9cd19b43db42704e2c378a8b6eb63ad8c286d,456.0,100.0,9.86863922,0.09375
/content/drive/MyDrive/AISC DeepFake Çalışmaları/Deneyler/Nazlıcan/Deney 1/Kaş/fake/val/fake_val_00108.jpg,fake/val/fake_val_00108.jpg,fake_val_00108.jpg,fake,1,val,93dfe773171bc55642a12cf308b6aeac906e633e3b77b5817c6b9cd58d84470c,,108,0.0,SUCCESS,db9f947e1ba5ffffa18fb5d3ee8dd2a0a841829abb0d386d2a8212a559b2c374,156.0,39.0,50.93375223,0.09375
/content/drive/MyDrive/AISC DeepFake Çalışmaları/Deneyler/Nazlıcan/Deney 1/Kaş/fake/val/fake_val_00109.jpg,fake/val/fake_val_00109.jpg,fake_val_00109.jpg,fake,1,val,b37aea0aa082f36099379e1f30f4596cfaf21e47f601dbf2c2280440ba0cad70,,109,0.0,SUCCESS,26e1ca02ffe360ff99f4c038874879404230dde572afcdad4ed9c49d2845121e,77.0,21.0,187.67039292,0.125
/content/drive/MyDrive/AISC DeepFake Çalışmaları/Deneyler/Nazlıcan/Deney 1/Kaş/fake/val/fake_val_00110.jpg,fake/val/fake_val_00110.jpg,fake_val_00110.jpg,fake,1,val,6f9cf40534de19d91f1ab2a63fd9e53c9800e889d84ad53e87da9cd36fe0196c,,110,0.0,SUCCESS,fc6be270098246a34627d2427a70ad8e1d91ad87c2604e1a44a8470214eb6059,83.0,25.0,202.02636087,0.0
/content/drive/MyDrive/AISC DeepFake Çalışmaları/Deneyler/Nazlıcan/Deney 1/Kaş/fake/val/fake_val_00111.jpg,fake/val/fake_val_00111.jpg,fake_val_00111.jpg,fake,1,val,f0541c36a4ac83ec296071fee025366dc273d7e53a4bdf34ae5e28b9cbb8ed28,,111,0.0,SUCCESS,fbef244becc0b44524132a068b9a8740e06f134c3a643f0a4e7768904568e2b9,192.0,46.0,39.33012115,0.0
/content/drive/MyDrive/AISC DeepFake Çalışmaları/Deneyler/Nazlıcan/Deney 1/Kaş/fake/val/fake_val_00112.jpg,fake/val/fake_val_00112.jpg,fake_val_00112.jpg,fake,1,val,58bfafc19f3901a282368f0239679c927de993ef2b955b12afd4b3b57487ae56,,112,0.0,SUCCESS,3ef780798604aa0502075d1f6a1b3e6819b0f0fa8ca638df8014e71698a6a5fa,163.0,35.0,112.89806918,0.0
/content/drive/MyDrive/AISC DeepFake Çalışmaları/Deneyler/Nazlıcan/Deney 1/Kaş/fake/val/fake_val_00114.jpg,fake/val/fake_val_00114.jpg,fake_val_00114.jpg,fake,1,val,0a03c555a98b0800813c805c1440a41877646b41897ca65f6b2a84176f6ffe7f,,114,0.0,SUCCESS,16c0964f748cecca596e51c0fc79273f8e1498bcc99877ea7803757efa6a634a,112.0,28.0,60.4981632,0.0625
/content/drive/MyDrive/AISC DeepFake Çalışmaları/Deneyler/Nazlıcan/Deney 1/Kaş/fake/val/fake_val_00116.jpg,fake/val/fake_val_00116.jpg,fake_val_00116.jpg,fake,1,val,4400574e4b05711238bd373e975763650d83567d803a00e5db92a12c3a5faa58,,116,0.0,SUCCESS,ee3de05e303fc31e2b411092d07ab7d72108bcb2704fc87e45e9d0dda6a658dc,277.0,72.0,12.46314795,0.09375
/content/drive/MyDrive/AISC DeepFake Çalışmaları/Deneyler/Nazlıcan/Deney 1/Kaş/fake/val/fake_val_00118.jpg,fake/val/fake_val_00118.jpg,fake_val_00118.jpg,fake,1,val,73d9606046e987ba7a7a6eadb79e7e2c5ce533a56a02a46ba9ee4f5d8766d6dc,,118,0.0,SUCCESS,36990d5870cd5efd0bf79a8a4aa5cd9ef43f342a4529d45c75d1dae55e6364d4,385.0,85.0,20.24829655,0.0
/content/drive/MyDrive/AISC DeepFake Çalışmaları/Deneyler/Nazlıcan/Deney 1/Kaş/fake/val/fake_val_00119.jpg,fake/val/fake_val_00119.jpg,fake_val_00119.jpg,fake,1,val,a4912cd736f6971bc052151240867876dc84203cdcbf4da6936bb675fc036aa2,,119,0.0,SUCCESS,dd346dad4bc85a6b7e4a6dc20d1620d21a98dc5f96bcfcfd995763060bb5ef32,147.0,36.0,38.47406813,0.0
/content/drive/MyDrive/AISC DeepFake Çalışmaları/Deneyler/Nazlıcan/Deney 1/Kaş/fake/val/fake_val_00121.jpg,fake/val/fake_val_00121.jpg,fake_val_00121.jpg,fake,1,val,156bf7ed9707d3c830035bc9dc0d36a6b0b15e94ed64a3c6e1822fdb04b9a3ba,,121,0.0,SUCCESS,fbdb3a1c41af0d551fca30b8a25622d402f8a40b48f1afe303a55cf44df07efa,175.0,41.0,245.26583964,0.03125
/content/drive/MyDrive/AISC DeepFake Çalışmaları/Deneyler/Nazlıcan/Deney 1/Kaş/fake/val/fake_val_00122.jpg,fake/val/fake_val_00122.jpg,fake_val_00122.jpg,fake,1,val,20f215353087419e6117af2f6c15747646c69e490656bb426f091b459efe0573,,122,0.0,SUCCESS,4300e4c6611046e2b7702d293544cdf4003122821abb1f3e14784a6a12dd090b,217.0,53.0,19.933679,0.0
/content/drive/MyDrive/AISC DeepFake Çalışmaları/Deneyler/Nazlıcan/Deney 1/Kaş/fake/val/fake_val_00123.jpg,fake/val/fake_val_00123.jpg,fake_val_00123.jpg,fake,1,val,f793df76b4ff8cc99584378426cede9979e883ca62cf337ce6f355c0e52f6c3b,,123,0.0,SUCCESS,98b2c73876ca953d1cc477fe0c3094399e459920b781c832454e120e8af67021,112.0,32.0,60.00551738,0.09375
/content/drive/MyDrive/AISC DeepFake Çalışmaları/Deneyler/Nazlıcan/Deney 1/Kaş/fake/val/fake_val_00124.jpg,fake/val/fake_val_00124.jpg,fake_val_00124.jpg,fake,1,val,fea5bcd97f28599498e8466b079747119edbbd22853cb88e851ae0263a19d345,,124,0.0,SUCCESS,7737bcf038f9d5be91b04f3db0f1ac92c3176459650ec3ddf7f7a1ba7fde31a5,116.0,30.0,42.92196162,0.0
/content/drive/MyDrive/AISC DeepFake Çalışmaları/Deneyler/Nazlıcan/Deney 1/Kaş/fake/val/fake_val_00125.jpg,fake/val/fake_val_00125.jpg,fake_val_00125.jpg,fake,1,val,e415453d55101c46c185545d4ecb7c009d8ff2d8d7b1ad3fefd145328afe8793,,125,0.0,SUCCESS,5cdeda7a47d10b33017a81b0f14840bfa7bc89fa2177d3c5a7c6579b19b6c459,113.0,22.0,26.35561073,0.0
/content/drive/MyDrive/AISC DeepFake Çalışmaları/Deneyler/Nazlıcan/Deney 1/Kaş/fake/val/fake_val_00126.jpg,fake/val/fake_val_00126.jpg,fake_val_00126.jpg,fake,1,val,f97ee7d90a51bd5fa75edfa0227604ee68de491abebad3e362c8bc38810a10e5,,126,0.0,SUCCESS,c65a23e89bcb725ff2c539eff1168e88262f2c2b7e4d605893f834b3598cd9c4,97.0,27.0,461.12590388,0.0
/content/drive/MyDrive/AISC DeepFake Çalışmaları/Deneyler/Nazlıcan/Deney 1/Kaş/fake/val/fake_val_00128.jpg,fake/val/fake_val_00128.jpg,fake_val_00128.jpg,fake,1,val,e7d7394999c752f0ec5c7d249bd9e6a3d9d0e9fccad0e5bdb654a6fc5988c4af,,128,0.0,SUCCESS,891e24e5a48b4eb240f204d368fca50c4a512852752614bce8e3116161e1b73b,84.0,17.0,26.29613561,0.0
/content/drive/MyDrive/AISC DeepFake Çalışmaları/Deneyler/Nazlıcan/Deney 1/Kaş/fake/val/fake_val_00129.jpg,fake/val/fake_val_00129.jpg,fake_val_00129.jpg,fake,1,val,05b57b23d00c4dda01cbd025e27c365da02ea683e5bd9558ceeba12d52e6b166,,129,0.0,SUCCESS,4ed6b8ba9b192124324c71a45a850c8e1eca63e83a393c8be37dcccbb9998d20,300.0,78.0,17.17885148,0.0
/content/drive/MyDrive/AISC DeepFake Çalışmaları/Deneyler/Nazlıcan/Deney 1/Kaş/fake/val/fake_val_00131.jpg,fake/val/fake_val_00131.jpg,fake_val_00131.jpg,fake,1,val,752e4f643da705aa4439d50ad1d144ac328ad81995fad760caab364bbb991fbf,,131,0.0,SUCCESS,dfd31aa425973082d43b33bf320b53900adaaf4c35cdfe77243c5fb69dc86b84,82.0,21.0,167.28802503,0.0
/content/drive/MyDrive/AISC DeepFake Çalışmaları/Deneyler/Nazlıcan/Deney 1/Kaş/fake/val/fake_val_00132.jpg,fake/val/fake_val_00132.jpg,fake_val_00132.jpg,fake,1,val,2256eb95bda939f1fdaace0aaa66e2daee222a00e89c307c74a9989c8d70406b,,132,0.0,SUCCESS,5b9efebdc3586a4bab39bc0ce0e704aca7e5720a513482585cbdf94526b12b24,223.0,47.0,10.09519072,0.0
/content/drive/MyDrive/AISC DeepFake Çalışmaları/Deneyler/Nazlıcan/Deney 1/Kaş/fake/val/fake_val_00133.jpg,fake/val/fake_val_00133.jpg,fake_val_00133.jpg,fake,1,val,0077ff2ce528a4adbac86ae9c48f88d65dc119e24c1ffca630f6d6497b0a0467,,133,0.0,SUCCESS,c2d86fbcc34ecdd039dc2023ecdb51b4ce58b22eabbe954b720eb35b1243a838,85.0,25.0,210.57251344,0.0
/content/drive/MyDrive/AISC DeepFake Çalışmaları/Deneyler/Nazlıcan/Deney 1/Kaş/fake/val/fake_val_00134.jpg,fake/val/fake_val_00134.jpg,fake_val_00134.jpg,fake,1,val,ae07fe143b0e60ba80614f6f18cb33991f1284bfa9f9f14c4a824652203fe47b,,134,0.0,SUCCESS,45aaad04a94fcf330d8548585aca519465937b25ca79dda88b5b9a63b927f1b7,243.0,50.0,100.95845224,0.0625
/content/drive/MyDrive/AISC DeepFake Çalışmaları/Deneyler/Nazlıcan/Deney 1/Kaş/fake/val/fake_val_00135.jpg,fake/val/fake_val_00135.jpg,fake_val_00135.jpg,fake,1,val,c1c72a21671a8f80e5a4b7cbf441776f932588eecd2d57279a67fab446324618,,135,0.0,SUCCESS,91503fc956a41e7696b2f9e16ebace359e34808d1968f1bf7156ded8504e9674,99.0,25.0,188.77299867,0.125
/content/drive/MyDrive/AISC DeepFake Çalışmaları/Deneyler/Nazlıcan/Deney 1/Kaş/fake/val/fake_val_00137.jpg,fake/val/fake_val_00137.jpg,fake_val_00137.jpg,fake,1,val,590e3f3d07119f0dee9a10e95d1a5f7d79ad67d5d0dd80d6353ba61af40efff0,,137,0.0,SUCCESS,76ac2f4631db0b4fdfd46ee20db6ca5b2e5a0fe90d1fbab729efbb8c5ed8b55d,130.0,36.0,399.39332014,0.0
/content/drive/MyDrive/AISC DeepFake Çalışmaları/Deneyler/Nazlıcan/Deney 1/Kaş/fake/val/fake_val_00138.jpg,fake/val/fake_val_00138.jpg,fake_val_00138.jpg,fake,1,val,8a3df3e4c81243e2c40d553de112acd4edaadfc7651458d54c8cf0427b7ee278,,138,0.0,SUCCESS,930869f2cbe131f8dded7e364540ee34ab48144d2e90b5139d46cc87ccc466fe,193.0,38.0,31.98333371,0.0
/content/drive/MyDrive/AISC DeepFake Çalışmaları/Deneyler/Nazlıcan/Deney 1/Kaş/fake/val/fake_val_00139.jpg,fake/val/fake_val_00139.jpg,fake_val_00139.jpg,fake,1,val,9096833ca4081aa8dd5316bf7321de9af9d46cfc30cf1386628a88aeebd2ce30,,139,0.0,SUCCESS,e0159d81ad517f9d35bcb784197e1fbd09a324015ef3bf8eb15cfdc1f4891365,159.0,44.0,54.9347299,0.09375
/content/drive/MyDrive/AISC DeepFake Çalışmaları/Deneyler/Nazlıcan/Deney 1/Kaş/fake/val/fake_val_00141.jpg,fake/val/fake_val_00141.jpg,fake_val_00141.jpg,fake,1,val,bf629e90f22622b3ab1ceabb5091e17587d3d964fcb1824f4261c41b79ba04ff,,141,0.0,SUCCESS,33e87c20ecafe9e675b7b89e40d9e3d7995d781d25d9fc87dafb7f5abf8afce4,94.0,32.0,56.65558234,0.1875
/content/drive/MyDrive/AISC DeepFake Çalışmaları/Deneyler/Nazlıcan/Deney 1/Kaş/fake/val/fake_val_00142.jpg,fake/val/fake_val_00142.jpg,fake_val_00142.jpg,fake,1,val,7617b657ac8d7eed8719bc5e3335c1dc25895c55597cb2d0561d873a61b2cec3,,142,0.0,SUCCESS,3b4a61cef9433c73dd54986e897f8635d62b2f425b91622ff3fec47ed1f4fec4,194.0,64.0,12.68161426,0.09375
/content/drive/MyDrive/AISC DeepFake Çalışmaları/Deneyler/Nazlıcan/Deney 1/Kaş/fake/val/fake_val_00144.jpg,fake/val/fake_val_00144.jpg,fake_val_00144.jpg,fake,1,val,8382148ef4737f8a59f2f9b58801872e805d41c34506d0ea72719b552479bbbf,,144,0.0,SUCCESS,ec6a46caa1d033cc307edaa53bd51815b578d1b7cf23d2f694d246f298173246,230.0,49.0,42.63959569,0.0
/content/drive/MyDrive/AISC DeepFake Çalışmaları/Deneyler/Nazlıcan/Deney 1/Kaş/fake/val/fake_val_00145.jpg,fake/val/fake_val_00145.jpg,fake_val_00145.jpg,fake,1,val,6ca0eb826c55674b7757161c176f659ec39bff627dd38db75d9357ac67d5310f,,145,0.0,SUCCESS,e754018b52b06309cabb48737559520af1481a9f99dfcc312dbaaba01d5f9138,197.0,38.0,38.54850922,0.0
/content/drive/MyDrive/AISC DeepFake Çalışmaları/Deneyler/Nazlıcan/Deney 1/Kaş/fake/val/fake_val_00146.jpg,fake/val/fake_val_00146.jpg,fake_val_00146.jpg,fake,1,val,db22460fa6db7df9170c73809809da5d57e628169dbfaa8de5fb98576f27bd72,,146,0.0,SUCCESS,630ed48f55098da7953fa0f5405b5c6d47079a616852a1bb90b214838eb54df3,299.0,63.0,40.21797238,0.0625
/content/drive/MyDrive/AISC DeepFake Çalışmaları/Deneyler/Nazlıcan/Deney 1/Kaş/fake/val/fake_val_00147.jpg,fake/val/fake_val_00147.jpg,fake_val_00147.jpg,fake,1,val,8ac1343c0bdc99fd4414b6e4effbd71c40750e8ae4a8ca24bfe796885aad24fc,,147,0.0,SUCCESS,dae65a228a82013d0dbc7230856be700049935ffae5477825c599bfd03a15815,133.0,30.0,64.27471869,0.0
/content/drive/MyDrive/AISC DeepFake Çalışmaları/Deneyler/Nazlıcan/Deney 1/Kaş/fake/val/fake_val_00148.jpg,fake/val/fake_val_00148.jpg,fake_val_00148.jpg,fake,1,val,2e5202de86fa61093ab47317b05e592d08efcc53522e65227101f1a20e6fcd11,,148,0.0,SUCCESS,94c0896815997320826bb66707bafc6906987e38d7acec82719ebf9fcb1b132e,150.0,32.0,37.26822183,0.0
/content/drive/MyDrive/AISC DeepFake Çalışmaları/Deneyler/Nazlıcan/Deney 1/Kaş/real/val/real_val_00002.jpg,real/val/real_val_00002.jpg,real_val_00002.jpg,real,0,val,d36b9bbb1b3ebae1f0823c43e689da1ce9614b418141d47661df7c2091c0037e,,2,0.0,SUCCESS,dcb1659e0b91b3a73a95bd92999ff9995bb07a67546ab14bf39e3d30a909879a,97.0,23.0,201.72598813,0.0
/content/drive/MyDrive/AISC DeepFake Çalışmaları/Deneyler/Nazlıcan/Deney 1/Kaş/real/val/real_val_00003.jpg,real/val/real_val_00003.jpg,real_val_00003.jpg,real,0,val,459bbc461b3f649143d902897413515734242ee91892ec6476cc85f1e9e1774e,,3,0.0,SUCCESS,bbc91e518b5bb2c90a1753715b8fbc761deb62d8a68967b00537f720604b2002,244.0,47.0,33.40783115,0.0
/content/drive/MyDrive/AISC DeepFake Çalışmaları/Deneyler/Nazlıcan/Deney 1/Kaş/real/val/real_val_00004.jpg,real/val/real_val_00004.jpg,real_val_00004.jpg,real,0,val,d50e1af2267f307b00a2b1995454ac4c5387525626abbb4f40588ec9033a380c,,4,0.0,SUCCESS,105ffa761232b830e7f9458a9b6a60182599f7d3648a61b8541571c0f52671be,124.0,28.0,37.038023,0.03125
/content/drive/MyDrive/AISC DeepFake Çalışmaları/Deneyler/Nazlıcan/Deney 1/Kaş/real/val/real_val_00005.jpg,real/val/real_val_00005.jpg,real_val_00005.jpg,real,0,val,06601ea6ee2a0d33ec252d60f3a8d15d588a4f3335ca60600a2350dd8e066aa0,,5,0.0,SUCCESS,76cf53a776a6e1fd89cd1623a44e362ffde1cfd43dcaa45c6d937a61b4c0f0f2,198.0,51.0,7.19305671,0.0
/content/drive/MyDrive/AISC DeepFake Çalışmaları/Deneyler/Nazlıcan/Deney 1/Kaş/real/val/real_val_00006.jpg,real/val/real_val_00006.jpg,real_val_00006.jpg,real,0,val,020eb0930c66e770d54a30a3d731dedbd361e8193a26d6e9f7e9f70a67304b34,,6,0.0,SUCCESS,15d4b9fc950a4a972dca6d1b5d80fd919e5d115bf929691c67bd021478808256,129.0,30.0,155.33164413,0.09375
/content/drive/MyDrive/AISC DeepFake Çalışmaları/Deneyler/Nazlıcan/Deney 1/Kaş/real/val/real_val_00007.jpg,real/val/real_val_00007.jpg,real_val_00007.jpg,real,0,val,b1d22adace5ffef22eb860d468a45b5a9ea739d8f6b53e6556e738a24ef55a37,,7,0.0,SUCCESS,c265ae689dcc28fdf610980d8d000ed27a5a4102409231a8dd158eb5fb808c3e,249.0,50.0,78.62843309,0.0
/content/drive/MyDrive/AISC DeepFake Çalışmaları/Deneyler/Nazlıcan/Deney 1/Kaş/real/val/real_val_00008.jpg,real/val/real_val_00008.jpg,real_val_00008.jpg,real,0,val,717225d63d9f2c2c8c199d04f0742bff1996da1ba1889b4a5f0085daea2bd7f5,,8,0.0,SUCCESS,a30a0e90e77fac15c984a3fdba0611a74872f4513cdd9eeeb83a0a018b5d6b5a,300.0,95.0,39.5953315,0.09375
/content/drive/MyDrive/AISC DeepFake Çalışmaları/Deneyler/Nazlıcan/Deney 1/Kaş/real/val/real_val_00009.jpg,real/val/real_val_00009.jpg,real_val_00009.jpg,real,0,val,8fe0c5fcb65e2977de22f5c10acc6832d6aee201d7e9dd137cb8091c77096e06,,9,0.0,SUCCESS,befa35705ae8bf51fffbe36dd19d1f2c22ebb64c87f86fb11cd14d2fa4d9249d,166.0,36.0,23.69265012,0.0
/content/drive/MyDrive/AISC DeepFake Çalışmaları/Deneyler/Nazlıcan/Deney 1/Kaş/real/val/real_val_00011.jpg,real/val/real_val_00011.jpg,real_val_00011.jpg,real,0,val,742a2c46181bd03caecd9e5183d8222c59f0ec824de671a797c40f08b9851d1e,,11,0.0,SUCCESS,4a13abbec7e5fd74750cd25c10aa38fe58ffd22becaeaea2f359a42dfcaa7567,120.0,41.0,93.95117176,0.09375
/content/drive/MyDrive/AISC DeepFake Çalışmaları/Deneyler/Nazlıcan/Deney 1/Kaş/real/val/real_val_00012.jpg,real/val/real_val_00012.jpg,real_val_00012.jpg,real,0,val,2bbdbd6a8223812edd938cada7d175b0bbd9f8a5edf57b4674911a18590b212f,,12,0.0,SUCCESS,a5affe6e0b6ab4d372772b64c5e5a2d799c3d6ea6f736ce71163b5a39592bcda,301.0,68.0,37.11943358,0.0
/content/drive/MyDrive/AISC DeepFake Çalışmaları/Deneyler/Nazlıcan/Deney 1/Kaş/real/val/real_val_00015.jpg,real/val/real_val_00015.jpg,real_val_00015.jpg,real,0,val,417810fa9338d68d6859e28c7274fd6f7e5a27fbe2798401f4f2b4d0295df607,,15,0.0,SUCCESS,f7c515bfd0030ffd5bce1d61bf6579795ce11f213c4d9b53ce8d8ac46bc2cd25,458.0,107.0,6.39823631,0.0
/content/drive/MyDrive/AISC DeepFake Çalışmaları/Deneyler/Nazlıcan/Deney 1/Kaş/real/val/real_val_00016.jpg,real/val/real_val_00016.jpg,real_val_00016.jpg,real,0,val,0cd1122d3615d3b757042fc3871b75f1c0ab0266cfe699ff5de8c6197797f833,,16,0.0,SUCCESS,24710f1a818d001afa09c1fe14a150bff799b2c330864bf058cb41e3acfc1839,102.0,27.0,76.00744372,0.09375
/content/drive/MyDrive/AISC DeepFake Çalışmaları/Deneyler/Nazlıcan/Deney 1/Kaş/real/val/real_val_00019.jpg,real/val/real_val_00019.jpg,real_val_00019.jpg,real,0,val,b152f8eb42c65b186d4e8280bc04be5922bf914b3d398a25117f7efca87dc854,,19,0.0,SUCCESS,27e602af931d74c6a504289813287b3c50de04c56e93720ccc5284fefe189594,95.0,27.0,254.98404052,0.0
/content/drive/MyDrive/AISC DeepFake Çalışmaları/Deneyler/Nazlıcan/Deney 1/Kaş/real/val/real_val_00020.jpg,real/val/real_val_00020.jpg,real_val_00020.jpg,real,0,val,b4102c84400f4f30cff8f07e19a001c5e6021e61cb699570a238d0f6b9f550dc,,20,0.0,SUCCESS,5bd0684c5c79b6774624874a6f9f92b3fafca9bd73217c27d5b6519a703f5a03,59.0,14.0,823.06388177,0.0
/content/drive/MyDrive/AISC DeepFake Çalışmaları/Deneyler/Nazlıcan/Deney 1/Kaş/real/val/real_val_00021.jpg,real/val/real_val_00021.jpg,real_val_00021.jpg,real,0,val,3032954ce98cdb321c329869307fbd78e4de57aad14f156e8da237cb4216d8f9,,21,0.0,SUCCESS,683e9b7dbf5dc035dbfc99dd3e29a3d3abcb372bc7a9140df5782da16c2839c8,204.0,62.0,21.55209025,0.09375
/content/drive/MyDrive/AISC DeepFake Çalışmaları/Deneyler/Nazlıcan/Deney 1/Kaş/real/val/real_val_00022.jpg,real/val/real_val_00022.jpg,real_val_00022.jpg,real,0,val,89c9c812c0d5cc672f2c8462e4672c68fda9c44c49b371e634e0393cedf03a6a,,22,0.0,SUCCESS,00a0bf7f686b4b07168aea522d43d467cda4f019c25c8dd048f51a979055f4b3,108.0,37.0,40.2311656,0.125
/content/drive/MyDrive/AISC DeepFake Çalışmaları/Deneyler/Nazlıcan/Deney 1/Kaş/real/val/real_val_00023.jpg,real/val/real_val_00023.jpg,real_val_00023.jpg,real,0,val,68164e96005461fc8df31023fac4ffbcd19877d874773db3213e4ceddbe5b77d,,23,0.0,SUCCESS,a3f68d3c79f48d3652ec09d6eafdfffa8e52f6c44ea1973c30a7f7fdb4219ec1,81.0,16.0,59.78166379,0.0
/content/drive/MyDrive/AISC DeepFake Çalışmaları/Deneyler/Nazlıcan/Deney 1/Kaş/real/val/real_val_00024.jpg,real/val/real_val_00024.jpg,real_val_00024.jpg,real,0,val,d02895ff389ea125ac6c029286b9e96a5c1b90c815fa45b4511ebc2c2454a87e,,24,0.0,SUCCESS,b941dfa958cd4272b341ee6ea5948f3c90730b10279d35c752f1155e6f17f39b,124.0,29.0,47.20248305,0.09375
/content/drive/MyDrive/AISC DeepFake Çalışmaları/Deneyler/Nazlıcan/Deney 1/Kaş/real/val/real_val_00025.jpg,real/val/real_val_00025.jpg,real_val_00025.jpg,real,0,val,1dcfab854c2ea06b0d8e8d3c46067c2e3cf5972e967b4b051a229dae5de844e5,,25,0.0,SUCCESS,21f8dbd2a4cbffdeb204e314c87765d88b1fc41a1c0d729aee002cc4c9b7cb80,109.0,24.0,85.00570881,0.0
/content/drive/MyDrive/AISC DeepFake Çalışmaları/Deneyler/Nazlıcan/Deney 1/Kaş/real/val/real_val_00026.jpg,real/val/real_val_00026.jpg,real_val_00026.jpg,real,0,val,f4e9545cad960fa4894aa9a351526da845366c358c3c8e7601b9ab56f226d0de,,26,0.0,SUCCESS,f04277533b46fbff3f8db187ba02d06159153e6c54d5b2cbd24cc7cd39f5ffa8,250.0,68.0,26.69586228,0.0
/content/drive/MyDrive/AISC DeepFake Çalışmaları/Deneyler/Nazlıcan/Deney 1/Kaş/real/val/real_val_00027.jpg,real/val/real_val_00027.jpg,real_val_00027.jpg,real,0,val,b06dc0b84078a9741b8acfe7b55b741f406442a93fdf6e30dc29d4950318c9fc,,27,0.0,SUCCESS,8a999ccd21f554304e2bb55a71f58235586ca795837132016b9babd9d44ff5d7,59.0,15.0,884.71112899,0.0
/content/drive/MyDrive/AISC DeepFake Çalışmaları/Deneyler/Nazlıcan/Deney 1/Kaş/real/val/real_val_00028.jpg,real/val/real_val_00028.jpg,real_val_00028.jpg,real,0,val,a3bacb285dda80824cdb63525d7b6cc5d45b4decbe6ca7bb2f5a089f0e53118b,,28,0.0,SUCCESS,88e79d9b6fba27619ab99f717845f8800596b8706b63b8e6ee7bd98c38e360e8,82.0,24.0,314.05519098,0.25
/content/drive/MyDrive/AISC DeepFake Çalışmaları/Deneyler/Nazlıcan/Deney 1/Kaş/real/val/real_val_00031.jpg,real/val/real_val_00031.jpg,real_val_00031.jpg,real,0,val,700c26b147221ba2eece5fe9b70f4f518408c2c2494ebfeb3094c353200f120a,,31,0.0,SUCCESS,a396cfb1346573454504ad0104fdd2622509c500aa3b93a02389aa7e5c31d9f2,105.0,20.0,331.8690093,0.09375
/content/drive/MyDrive/AISC DeepFake Çalışmaları/Deneyler/Nazlıcan/Deney 1/Kaş/real/val/real_val_00032.jpg,real/val/real_val_00032.jpg,real_val_00032.jpg,real,0,val,d987a6c545f75f9a0fb238a726f27fdb945ce8ede972d4f43615265bce52b3e8,,32,0.0,SUCCESS,c47fbb62a20f1446d67d663739ed14d8633220b80407111415b22e4cf0c12419,142.0,35.0,81.25580606,0.09375
/content/drive/MyDrive/AISC DeepFake Çalışmaları/Deneyler/Nazlıcan/Deney 1/Kaş/real/val/real_val_00034.jpg,real/val/real_val_00034.jpg,real_val_00034.jpg,real,0,val,d859f372ee806f8e3a6322cd0959570afaad423902ecec65b5af106c31b94647,,34,0.0,SUCCESS,ab1baeacbcfe7fcf851d5fdbcd37980182df67ef6209e41d23b92785f8605bf7,219.0,45.0,56.72470298,0.09375
/content/drive/MyDrive/AISC DeepFake Çalışmaları/Deneyler/Nazlıcan/Deney 1/Kaş/real/val/real_val_00035.jpg,real/val/real_val_00035.jpg,real_val_00035.jpg,real,0,val,0c0f47e7de892577135b67685fb081d199c1eb6216578237fe6fc2a640bcd726,,35,0.0,SUCCESS,e7a41a5fbb66379590f7a13e49fa2efbef2779ca2a5b278c38d0256a337900d9,201.0,56.0,8.29655017,0.0
/content/drive/MyDrive/AISC DeepFake Çalışmaları/Deneyler/Nazlıcan/Deney 1/Kaş/real/val/real_val_00036.jpg,real/val/real_val_00036.jpg,real_val_00036.jpg,real,0,val,2ecacd0287fdc2080eacb68cb865d8a645c78f8574ac81b7e313cd393902b526,,36,0.0,SUCCESS,bce351396aa68cc4f41dab79095c5fa82e95404777057d8fd22f3aa331e3b26a,241.0,46.0,28.69754215,0.0
/content/drive/MyDrive/AISC DeepFake Çalışmaları/Deneyler/Nazlıcan/Deney 1/Kaş/real/val/real_val_00038.jpg,real/val/real_val_00038.jpg,real_val_00038.jpg,real,0,val,d796bd8b5c2edb9a1acdffce4c7fac072bc1df47eba97c3640111eb98f19c343,,38,0.0,SUCCESS,19299bef4a29d44417530493772b91b17327c5440879901a47282a18014597fe,88.0,24.0,118.01715643,0.09375
/content/drive/MyDrive/AISC DeepFake Çalışmaları/Deneyler/Nazlıcan/Deney 1/Kaş/real/val/real_val_00039.jpg,real/val/real_val_00039.jpg,real_val_00039.jpg,real,0,val,4eeabe436d0470281a3a1fba7463ce291e6ca92b91d9390f06cabf02eda6cb95,,39,0.0,SUCCESS,9ebdd72f662d70783b52b9ff3a482daa1a3392988816cca3f03471f1bfedf586,243.0,54.0,45.60995828,0.0625
/content/drive/MyDrive/AISC DeepFake Çalışmaları/Deneyler/Nazlıcan/Deney 1/Kaş/real/val/real_val_00040.jpg,real/val/real_val_00040.jpg,real_val_00040.jpg,real,0,val,97cc1364be9399e5e0ffc9746f6f531cbdd2644edf79195085300009baaa5279,,40,0.0,SUCCESS,d78b51b767f14c19ca0f5383a3dec637cef9602b5e76c133fc2298a565c28164,101.0,21.0,124.77433029,0.09375
/content/drive/MyDrive/AISC DeepFake Çalışmaları/Deneyler/Nazlıcan/Deney 1/Kaş/real/val/real_val_00041.jpg,real/val/real_val_00041.jpg,real_val_00041.jpg,real,0,val,43b268c8b3989d9419808395727e1ed5de09b42027f17efb19c47526a30a8748,,41,0.0,SUCCESS,0a18393a5b7faad5fbe963928fd09427a688af43ca6de48f83002296eb5f4f97,113.0,24.0,47.6118638,0.0
/content/drive/MyDrive/AISC DeepFake Çalışmaları/Deneyler/Nazlıcan/Deney 1/Kaş/real/val/real_val_00042.jpg,real/val/real_val_00042.jpg,real_val_00042.jpg,real,0,val,53e5333c4feeea324bf0b451c69f01749bb882a5d08c4b78ca76997f8245984e,,42,0.0,SUCCESS,861ce2348a086771dc9bdfb3593e3b5f9a94bd16b9ff8a67eda0a2d4fc5b56b3,107.0,25.0,503.17680203,0.0
/content/drive/MyDrive/AISC DeepFake Çalışmaları/Deneyler/Nazlıcan/Deney 1/Kaş/real/val/real_val_00043.jpg,real/val/real_val_00043.jpg,real_val_00043.jpg,real,0,val,b5506aa6c52c1942af1242be3489057cbdebe683082a4674852bec40fb7f2775,,43,0.0,SUCCESS,3620eb04459ea56cbf799ab1fcd500f714d48ebe837fe081e40636fb2312d09b,274.0,59.0,33.20451744,0.03125
/content/drive/MyDrive/AISC DeepFake Çalışmaları/Deneyler/Nazlıcan/Deney 1/Kaş/real/val/real_val_00044.jpg,real/val/real_val_00044.jpg,real_val_00044.jpg,real,0,val,b0da3066063b1abbd1a0080aae552f820d8841b1be5a8307db659e963e097870,,44,0.0,SUCCESS,80e6ac655b82e81b8892aff4e9f51887ab9fa1aeb7b20113838a61d1c3091afc,280.0,61.0,30.55717624,0.03125
/content/drive/MyDrive/AISC DeepFake Çalışmaları/Deneyler/Nazlıcan/Deney 1/Kaş/real/val/real_val_00045.jpg,real/val/real_val_00045.jpg,real_val_00045.jpg,real,0,val,35efe3b44d273b2dba42607daa597ca8d34eb722112b5608fcabf1bc8e0f884c,,45,0.0,SUCCESS,7e65b20fe622c7edbe4088adaa428839dab1e7e9d0a08bc2d030faa2253eb9e7,292.0,127.0,25.19321161,0.125
/content/drive/MyDrive/AISC DeepFake Çalışmaları/Deneyler/Nazlıcan/Deney 1/Kaş/real/val/real_val_00047.jpg,real/val/real_val_00047.jpg,real_val_00047.jpg,real,0,val,14044cc37854c6fda2c770b2f65a490a9d25f2367708f97ecd162f03594ebf32,,47,0.0,SUCCESS,25617227e0f1142622b46f1bba0245e91a50a50893a856ab95f81a48bb9dabbd,104.0,26.0,33.82335164,0.0
/content/drive/MyDrive/AISC DeepFake Çalışmaları/Deneyler/Nazlıcan/Deney 1/Kaş/real/val/real_val_00048.jpg,real/val/real_val_00048.jpg,real_val_00048.jpg,real,0,val,fa02b1e246a3a1be0ef618a200726f0c70145e926aaa4a0ea09446e0e93eae47,,48,0.0,SUCCESS,c0ff00404c5527b7cc61cbfa18878b5fc4919fbbf6c19fd26fad128e58546500,300.0,53.0,59.66671255,0.0625
/content/drive/MyDrive/AISC DeepFake Çalışmaları/Deneyler/Nazlıcan/Deney 1/Kaş/real/val/real_val_00049.jpg,real/val/real_val_00049.jpg,real_val_00049.jpg,real,0,val,6984a24c93dd73cbb31b68bfd0330c5c21e5a308ebd594c8b3b9aee9adbcb28c,,49,0.0,SUCCESS,670d2443c0cd97766478cbe0f4ae315f8e3e20e08f1165b2352f783c353fb71f,122.0,23.0,49.47442528,0.0
/content/drive/MyDrive/AISC DeepFake Çalışmaları/Deneyler/Nazlıcan/Deney 1/Kaş/real/val/real_val_00050.jpg,real/val/real_val_00050.jpg,real_val_00050.jpg,real,0,val,3d6538562a3189e1151f10e399c5f274d070be260eac7cfc2cb6c354fccd751c,,50,0.0,SUCCESS,7461b3ab7ef6872c1c5c42a2826a93d0253026768be624f0b38d2fe1ff6dc5ab,111.0,25.0,54.68185556,0.09375
/content/drive/MyDrive/AISC DeepFake Çalışmaları/Deneyler/Nazlıcan/Deney 1/Kaş/real/val/real_val_00051.jpg,real/val/real_val_00051.jpg,real_val_00051.jpg,real,0,val,1a2426bb5eceb3e536e23c03b714589a488b6bae98c579213864d0121d5d417d,,51,0.0,SUCCESS,4c60fa6539423d2be7dcddc81d66c796cc1a33db78eecc6a605a35dc696e51f1,80.0,21.0,471.83281427,0.0
/content/drive/MyDrive/AISC DeepFake Çalışmaları/Deneyler/Nazlıcan/Deney 1/Kaş/real/val/real_val_00052.jpg,real/val/real_val_00052.jpg,real_val_00052.jpg,real,0,val,bad0099a1ce89ac3968a8a2037799e761b0a75ed194edaf32f112771b877aa1e,,52,0.0,SUCCESS,98dfd742449370915c1697b7a098f79fc73edad3d7a6de71231997d1e0f00ceb,82.0,16.0,75.94816144,0.0
/content/drive/MyDrive/AISC DeepFake Çalışmaları/Deneyler/Nazlıcan/Deney 1/Kaş/real/val/real_val_00053.jpg,real/val/real_val_00053.jpg,real_val_00053.jpg,real,0,val,7cf661c1ab271e0f6058a59f04fe43beff2b2c49ce383983bc1138dfd0723955,,53,0.0,SUCCESS,148c17abdbc35470e691ccfc50a4024212509881cd42c5084feec66ab18078d8,343.0,90.0,9.95032107,0.0
/content/drive/MyDrive/AISC DeepFake Çalışmaları/Deneyler/Nazlıcan/Deney 1/Kaş/real/val/real_val_00054.jpg,real/val/real_val_00054.jpg,real_val_00054.jpg,real,0,val,1f996bc202972cffcceb571d16069a1e03e207dad32126b5f25ac22c650635c1,,54,0.0,SUCCESS,9a197a4ce37c6e7d010ec19a021e62c665d6e18df00e521e0fe7b749517b44bb,295.0,96.0,22.70167965,0.0
/content/drive/MyDrive/AISC DeepFake Çalışmaları/Deneyler/Nazlıcan/Deney 1/Kaş/real/val/real_val_00055.jpg,real/val/real_val_00055.jpg,real_val_00055.jpg,real,0,val,1568c8a20d847708a5e838dc6b7f02fa558fb821580d3cc74f7eaa0772148959,,55,0.0,SUCCESS,a4881266854d19a9bac06e9c09587a61c14ae7da36f0479cadb19220a57bf51c,98.0,23.0,157.70066289,0.09375
/content/drive/MyDrive/AISC DeepFake Çalışmaları/Deneyler/Nazlıcan/Deney 1/Kaş/real/val/real_val_00056.jpg,real/val/real_val_00056.jpg,real_val_00056.jpg,real,0,val,d2c1cc2438fd91eb680dcead1193ba2c871e1e9a56376e44e5d7fa0c780fa07d,,56,0.0,SUCCESS,97c4315b36ba303ae1e556d754aec7e89fc089a34a16bc0ae54d6a8f59b292a9,452.0,127.0,16.33209612,0.0
/content/drive/MyDrive/AISC DeepFake Çalışmaları/Deneyler/Nazlıcan/Deney 1/Kaş/real/val/real_val_00058.jpg,real/val/real_val_00058.jpg,real_val_00058.jpg,real,0,val,b82c2a281ca39d4e9d74797fa482330af41e2b90be4c4142e10a3d5e7ec74cef,,58,0.0,SUCCESS,04d3198db1d53f383a5d2af64e59b1d9ca963d2659b89d7ddd41cf4eedb555b3,108.0,25.0,66.30504513,0.0
/content/drive/MyDrive/AISC DeepFake Çalışmaları/Deneyler/Nazlıcan/Deney 1/Kaş/real/val/real_val_00059.jpg,real/val/real_val_00059.jpg,real_val_00059.jpg,real,0,val,2218fa4f47608ed0328f9f252bf50ceeab4a6cd80d40a880f23111d0779989ff,,59,0.0,SUCCESS,30adf9a71e9f1cd31f12a509154c2fcf537c335c89533a2fe65db220ef08b141,152.0,40.0,48.44000649,0.0
/content/drive/MyDrive/AISC DeepFake Çalışmaları/Deneyler/Nazlıcan/Deney 1/Kaş/real/val/real_val_00060.jpg,real/val/real_val_00060.jpg,real_val_00060.jpg,real,0,val,7e37cad0d0e550248b93819dd5be034aef557af5fc665dbb1a6fd3e46e386d2a,,60,0.0,SUCCESS,d6c4f530d8d3c8bb7e2fb2f037e72471c29c7d918ac4883211f3983d2181a3d2,113.0,22.0,86.51115224,0.15625
/content/drive/MyDrive/AISC DeepFake Çalışmaları/Deneyler/Nazlıcan/Deney 1/Kaş/real/val/real_val_00061.jpg,real/val/real_val_00061.jpg,real_val_00061.jpg,real,0,val,28dc7dc293db6ea2e927950b06f2b58ac90e771b708348533c26b9457822eca0,,61,0.0,SUCCESS,1159b5c5d6fb76e7f22e52461d2ab7d6932ce81d720119b8b7a375434845ea7e,186.0,61.0,65.35775815,0.09375
/content/drive/MyDrive/AISC DeepFake Çalışmaları/Deneyler/Nazlıcan/Deney 1/Kaş/real/val/real_val_00062.jpg,real/val/real_val_00062.jpg,real_val_00062.jpg,real,0,val,43336cbb46778b7bab48994f991e361eb2c0f5088427b60afcd6b6eab20c6905,,62,0.0,SUCCESS,967630596778d87388f268a236c211f6a5c594b32af4d2e2a027abd463cb5b95,119.0,29.0,169.27351258,0.0
/content/drive/MyDrive/AISC DeepFake Çalışmaları/Deneyler/Nazlıcan/Deney 1/Kaş/real/val/real_val_00064.jpg,real/val/real_val_00064.jpg,real_val_00064.jpg,real,0,val,4a996a3128ff008014b38c8c235a27058975f32972b23f0aae9fe4e0ce21f383,,64,0.0,SUCCESS,8eee0cf1af1257f54c37784d90841eb9e9405bee26e917c5646210e08b4c6fe7,204.0,49.0,32.0818503,0.0
/content/drive/MyDrive/AISC DeepFake Çalışmaları/Deneyler/Nazlıcan/Deney 1/Kaş/real/val/real_val_00066.jpg,real/val/real_val_00066.jpg,real_val_00066.jpg,real,0,val,0e436e8edf25da2f28a398c15404835828055fdc9a114f9afc72dbd97816d1dd,,66,0.0,SUCCESS,9dd9f90c53c1bdb5d5b91c6040198ac5d34f959f149c3388de2c52066375eb93,107.0,31.0,440.16073163,0.0
/content/drive/MyDrive/AISC DeepFake Çalışmaları/Deneyler/Nazlıcan/Deney 1/Kaş/real/val/real_val_00067.jpg,real/val/real_val_00067.jpg,real_val_00067.jpg,real,0,val,34fafd0b4f05fe0e60f7ad9fbe9f13008302d14fb0e817e6a51b2fa589da6305,,67,0.0,SUCCESS,2295fcb57afbf59fd32d5e1db3dbaf2b28e4c97969f371e2a3c2b420e593010f,179.0,41.0,104.78909445,0.0
/content/drive/MyDrive/AISC DeepFake Çalışmaları/Deneyler/Nazlıcan/Deney 1/Kaş/real/val/real_val_00068.jpg,real/val/real_val_00068.jpg,real_val_00068.jpg,real,0,val,745ed8788b5e20d9b52c3142b85d1531b52bd3ead266207809b2f2f0a8965273,,68,0.0,SUCCESS,62f0b9dd41704b0e7d4ad9ae48740f8a2efe0b4f67b41ebecb024c23b7a4cef7,91.0,19.0,518.26926907,0.09375
/content/drive/MyDrive/AISC DeepFake Çalışmaları/Deneyler/Nazlıcan/Deney 1/Kaş/real/val/real_val_00069.jpg,real/val/real_val_00069.jpg,real_val_00069.jpg,real,0,val,37f62c16645056beb831aed0582f62389b1ebec2efb65c7374cb0fb75d7d0b22,,69,0.0,SUCCESS,09b801be36f4ecb8d2d83588051e1871ec27a5e4dae396e49296d40af1026c92,211.0,47.0,20.63745099,0.0
/content/drive/MyDrive/AISC DeepFake Çalışmaları/Deneyler/Nazlıcan/Deney 1/Kaş/real/val/real_val_00070.jpg,real/val/real_val_00070.jpg,real_val_00070.jpg,real,0,val,497cf1b6d2bd63cb7a8c5edcd8675f6b2cffd2d98154b2cc4f5e790d5970e07d,,70,0.0,SUCCESS,3cf5650be68d6223be66338dbb1778568e9afe9177565b1dfb1da243a6733efe,118.0,25.0,125.11794599,0.09375
/content/drive/MyDrive/AISC DeepFake Çalışmaları/Deneyler/Nazlıcan/Deney 1/Kaş/real/val/real_val_00071.jpg,real/val/real_val_00071.jpg,real_val_00071.jpg,real,0,val,43d12c2a898cc36d77b8e853ebeddb7c845ddc6231633e27305c91f52166682f,,71,0.0,SUCCESS,11da8dd72b3571e59c2535905b90ae5294abf3b1e5f2a82ef92581a82e9cfeab,229.0,42.0,56.20217001,0.09375
/content/drive/MyDrive/AISC DeepFake Çalışmaları/Deneyler/Nazlıcan/Deney 1/Kaş/real/val/real_val_00073.jpg,real/val/real_val_00073.jpg,real_val_00073.jpg,real,0,val,cd07eaeafdd19169f8b7f2505cf0a6938d5528adf19bc3cc114ded861388c5aa,,73,0.0,SUCCESS,1c34af305c0fea5ea625574949b13e57af94ecd91832b23e4f158783f3251f73,105.0,31.0,426.87900349,0.0
/content/drive/MyDrive/AISC DeepFake Çalışmaları/Deneyler/Nazlıcan/Deney 1/Kaş/real/val/real_val_00074.jpg,real/val/real_val_00074.jpg,real_val_00074.jpg,real,0,val,b59e5c8b939c850042578c08ac9841ff348bd1f20be9da93e84d61c9245122be,,74,0.0,SUCCESS,b83c99fb1d489fb1b9ca927025839e02fb4d5be42e9cdf1aefda858598db585a,85.0,25.0,131.42458331,0.09375
/content/drive/MyDrive/AISC DeepFake Çalışmaları/Deneyler/Nazlıcan/Deney 1/Kaş/real/val/real_val_00076.jpg,real/val/real_val_00076.jpg,real_val_00076.jpg,real,0,val,404e487a6dd563c6c64d465c5e44c9c60f3e78ed1c958625918bb905b6a3f789,,76,0.0,SUCCESS,5c34760bda2487cbb82f1e1ed2d21c570f2c764155cb6c6a86c5e9c35da12730,247.0,55.0,62.40090321,0.03125
/content/drive/MyDrive/AISC DeepFake Çalışmaları/Deneyler/Nazlıcan/Deney 1/Kaş/real/val/real_val_00077.jpg,real/val/real_val_00077.jpg,real_val_00077.jpg,real,0,val,c0e3af62233b41c29d7f409e770d7c40a65e39d9888688f273f1850684e9609e,,77,0.0,SUCCESS,2b479790a11e5b52ea96b00bd11795920fa06df526aa3c6f36653014a6a4a7d7,121.0,32.0,129.09626481,0.09375
/content/drive/MyDrive/AISC DeepFake Çalışmaları/Deneyler/Nazlıcan/Deney 1/Kaş/real/val/real_val_00079.jpg,real/val/real_val_00079.jpg,real_val_00079.jpg,real,0,val,6d44ee4bf3b01339e1a10e5b747a8c3028874dfa73b137ecc1b4af187da17d14,,79,0.0,SUCCESS,6c86d40f8733293cf91300a856d202debe40542d9996ad768c0577ccab6ce286,106.0,19.0,29.82669674,0.25
/content/drive/MyDrive/AISC DeepFake Çalışmaları/Deneyler/Nazlıcan/Deney 1/Kaş/real/val/real_val_00080.jpg,real/val/real_val_00080.jpg,real_val_00080.jpg,real,0,val,6ee73d0a96f5be0af2d7a014b34202d8bc85e8d52a09b0d44eeecd0b94f2ad84,,80,0.0,SUCCESS,90dcfe3ea5a8b0bc7bc1eba0c647db8207f18f57a0ad59dc9c87d0f136488a09,81.0,23.0,469.88448036,0.0
/content/drive/MyDrive/AISC DeepFake Çalışmaları/Deneyler/Nazlıcan/Deney 1/Kaş/real/val/real_val_00081.jpg,real/val/real_val_00081.jpg,real_val_00081.jpg,real,0,val,98c1bba2d00cbfc891bf077f0562cbc005b08c82a77ff983c6dea4de43bf24f8,,81,0.0,SUCCESS,734b06704c988cdc19dd190a86c7efd78a74d203d6866fbf2439ca6e1335f050,295.0,104.0,110.44950713,0.0625
/content/drive/MyDrive/AISC DeepFake Çalışmaları/Deneyler/Nazlıcan/Deney 1/Kaş/real/val/real_val_00082.jpg,real/val/real_val_00082.jpg,real_val_00082.jpg,real,0,val,58dc1ab302b39ec152c4f0f5cc557e260d7bf7b8b7d1ea05b2e5d3de199f4749,,82,0.0,SUCCESS,cbfbffced8086370908b3d991a73063cc97c2151f53057c9bc9848d967dd4a39,92.0,18.0,197.65047026,0.0625
/content/drive/MyDrive/AISC DeepFake Çalışmaları/Deneyler/Nazlıcan/Deney 1/Kaş/real/val/real_val_00084.jpg,real/val/real_val_00084.jpg,real_val_00084.jpg,real,0,val,658b0694db4c0c52f9d7c5097a896ac62213294915422c6b04e9a122dbe370dc,,84,0.0,SUCCESS,43941e265f7ff46f8b5ba103e9b95e58ec29b5a80e8c4d2d6be0b3b2c4535bbd,102.0,22.0,247.10101387,0.09375
/content/drive/MyDrive/AISC DeepFake Çalışmaları/Deneyler/Nazlıcan/Deney 1/Kaş/real/val/real_val_00085.jpg,real/val/real_val_00085.jpg,real_val_00085.jpg,real,0,val,7ae09b9388a961f087604910ad213280b65c5e7e350f33ddc3623bc897cd5217,,85,0.0,SUCCESS,e7ce754935132d38b7d8452d3ce716abd790a460777d3dfaade2dae660269879,82.0,22.0,243.90269591,0.09375
/content/drive/MyDrive/AISC DeepFake Çalışmaları/Deneyler/Nazlıcan/Deney 1/Kaş/real/val/real_val_00087.jpg,real/val/real_val_00087.jpg,real_val_00087.jpg,real,0,val,028449fb7fe54a4bfb12b3d779f2b036e383497c5db62f44ff0d62af385a286a,,87,0.0,SUCCESS,702dab5d09e172ed88b75d469327fb675bcd813bf14e3b903f3cfb83c9be784b,418.0,130.0,25.07949952,0.0
/content/drive/MyDrive/AISC DeepFake Çalışmaları/Deneyler/Nazlıcan/Deney 1/Kaş/real/val/real_val_00088.jpg,real/val/real_val_00088.jpg,real_val_00088.jpg,real,0,val,6c058976b6d035091e9eb48611cc8817a8a8b4b8df20a42f6eb37b521c7196fd,,88,0.0,SUCCESS,707442836b1baf6d5457ac42c0f0c0d08a22b755d11fe5a4324f8c05344bf47a,106.0,26.0,87.64067579,0.09375
/content/drive/MyDrive/AISC DeepFake Çalışmaları/Deneyler/Nazlıcan/Deney 1/Kaş/real/val/real_val_00090.jpg,real/val/real_val_00090.jpg,real_val_00090.jpg,real,0,val,3cfdd64e086cab96d72389fd9baa7495f47313a0a3f7512fccba073ff95c1be1,,90,0.0,SUCCESS,c8a7dcbda2b43143108ebd99019cb0f827f8c7dc241b7e1c3931301e06002644,94.0,29.0,122.6723161,0.125
/content/drive/MyDrive/AISC DeepFake Çalışmaları/Deneyler/Nazlıcan/Deney 1/Kaş/real/val/real_val_00091.jpg,real/val/real_val_00091.jpg,real_val_00091.jpg,real,0,val,703c216897f215dcd8bc07b3053fc1b9de849d22899069b44358571634736a84,,91,0.0,SUCCESS,fb8ad9c45c06752f354686d727e3f29c68b5402633936d806c93506e7523015f,99.0,19.0,76.29701927,0.0
/content/drive/MyDrive/AISC DeepFake Çalışmaları/Deneyler/Nazlıcan/Deney 1/Kaş/real/val/real_val_00092.jpg,real/val/real_val_00092.jpg,real_val_00092.jpg,real,0,val,6c97d8eadb6dab509519602c05c10f9fe9cf6e739655253eaaa49385e5bed547,,92,0.0,SUCCESS,d32230f0580bf59c147b36470fd0ac5d7cfbfef2f178a30fc3a882ee580c2b15,79.0,20.0,154.23466552,0.0
/content/drive/MyDrive/AISC DeepFake Çalışmaları/Deneyler/Nazlıcan/Deney 1/Kaş/real/val/real_val_00093.jpg,real/val/real_val_00093.jpg,real_val_00093.jpg,real,0,val,07ee0de3c094ee78172605e59c76a69fe5f22aaaf917434c9dfc94351d799c67,,93,0.0,SUCCESS,fbb412d4dcc6586405f9e5987f26d1a14f2e69ebe53b118875c1775a9a312692,371.0,82.0,7.87893888,0.0
/content/drive/MyDrive/AISC DeepFake Çalışmaları/Deneyler/Nazlıcan/Deney 1/Kaş/real/val/real_val_00094.jpg,real/val/real_val_00094.jpg,real_val_00094.jpg,real,0,val,cda989cfbd2cb8f783dd5ca3cd990540337d0251340ba9065e54e57ce7d07783,,94,0.0,SUCCESS,a2866eb99dbefa8e03c9d0dbb4fed3c9e7bdee7f9da9ab2584db56d515b5b144,112.0,31.0,78.91254451,0.0
/content/drive/MyDrive/AISC DeepFake Çalışmaları/Deneyler/Nazlıcan/Deney 1/Kaş/real/val/real_val_00095.jpg,real/val/real_val_00095.jpg,real_val_00095.jpg,real,0,val,c193fae594a75333b42cc6d0d1581574dd9b23fa075a6f868ffc89f02ca0d9e0,,95,0.0,SUCCESS,c2d467787b0f499e40bb2a7948ab573a9ed3e4061d5c02abbada6b0585d2871c,65.0,15.0,406.75654017,0.0
/content/drive/MyDrive/AISC DeepFake Çalışmaları/Deneyler/Nazlıcan/Deney 1/Kaş/real/val/real_val_00096.jpg,real/val/real_val_00096.jpg,real_val_00096.jpg,real,0,val,84b3d0bae50fb0bd63d58742bd4aa73383b30439e5263e245dcc91fd945a75f5,,96,0.0,SUCCESS,ef95ce488329639e0f2e7d414fb01a4568b6d061d1335038d26cec28d3d1045c,123.0,23.0,56.15102357,0.15625
/content/drive/MyDrive/AISC DeepFake Çalışmaları/Deneyler/Nazlıcan/Deney 1/Kaş/real/val/real_val_00098.jpg,real/val/real_val_00098.jpg,real_val_00098.jpg,real,0,val,7aad40e5c485bbe29f1a4c28169b886050ba4a3d31b09f2ad3a93b5d17146deb,,98,0.0,SUCCESS,d3a23483e11dce0a9c321388bb6fdcf1e7629900b0784f6858abdabbf0dca34b,189.0,58.0,64.86476472,0.09375
/content/drive/MyDrive/AISC DeepFake Çalışmaları/Deneyler/Nazlıcan/Deney 1/Kaş/real/val/real_val_00099.jpg,real/val/real_val_00099.jpg,real_val_00099.jpg,real,0,val,9c35e95470b11cda2cf8c5a27a81637c04dff5c4aff9f2f4de0235b4c4e1669d,,99,0.0,SUCCESS,c17fe3a0daa73b1068ebb3e18e1a59a5129559bc2a6fd87e71300b5f0e9d6d56,82.0,17.0,283.60937169,0.09375
/content/drive/MyDrive/AISC DeepFake Çalışmaları/Deneyler/Nazlıcan/Deney 1/Kaş/real/val/real_val_00102.jpg,real/val/real_val_00102.jpg,real_val_00102.jpg,real,0,val,92ca6afbb0345636a9ee99b263a91cff5f53c4c4060ab085c2127c235aad1ee4,,102,0.0,SUCCESS,49890357d669a119548008e3d8d1a2617d7ce73b4f9814c69a356a32a09e5e3f,263.0,54.0,28.8402364,0.0
/content/drive/MyDrive/AISC DeepFake Çalışmaları/Deneyler/Nazlıcan/Deney 1/Kaş/real/val/real_val_00103.jpg,real/val/real_val_00103.jpg,real_val_00103.jpg,real,0,val,fd5725af62a3fcb98783467b14257a90027310a03c277f86b7270ccb83ae74c5,,103,0.0,SUCCESS,cc78de5a21a9622a1ae68160cb6bc5427079c4c0493d6247c6e111c3f3dd1c97,251.0,66.0,21.53294451,0.0
/content/drive/MyDrive/AISC DeepFake Çalışmaları/Deneyler/Nazlıcan/Deney 1/Kaş/real/val/real_val_00104.jpg,real/val/real_val_00104.jpg,real_val_00104.jpg,real,0,val,83b656553db2cc62e3f843d8bad194d7fa9d7b0c84295d9dcd9d5f459ddfc144,,104,0.0,SUCCESS,25623e4e2ea73ca122d8278a1605866ba20ef0cc0a754b5e5c1851021dcf34da,69.0,20.0,445.83637629,0.0
/content/drive/MyDrive/AISC DeepFake Çalışmaları/Deneyler/Nazlıcan/Deney 1/Kaş/real/val/real_val_00105.jpg,real/val/real_val_00105.jpg,real_val_00105.jpg,real,0,val,ce35484b8fd28b9ab7c21fb41d63d30536fffe86ed737bba9070c31065cb03e7,,105,0.0,SUCCESS,f4b74737e96a12a472c023dc065c839da43223faf9c4cfdf94b5862e7873708d,80.0,21.0,478.46638889,0.0
/content/drive/MyDrive/AISC DeepFake Çalışmaları/Deneyler/Nazlıcan/Deney 1/Kaş/real/val/real_val_00106.jpg,real/val/real_val_00106.jpg,real_val_00106.jpg,real,0,val,03e4fc5222f47bf88bd0dd585113b77f7ef8d0bc3867b9c6a3322305ffa13c8f,,106,0.0,SUCCESS,9732ab1390633a4b934cc3456dcbf1337eb380fd651f87eecdd41f2a2b7b0962,92.0,18.0,478.20900138,0.15625
/content/drive/MyDrive/AISC DeepFake Çalışmaları/Deneyler/Nazlıcan/Deney 1/Kaş/real/val/real_val_00108.jpg,real/val/real_val_00108.jpg,real_val_00108.jpg,real,0,val,9b313425d0df5ae9a5cfc2dc8bacdddfdfdde8601e7303809d5fe8a5bbd5092d,,108,0.0,SUCCESS,7444cab2ec7461d130d4a29e92999483603a7782db8a9ad154a928c8a4dbbd6a,142.0,36.0,29.3485263,0.09375
/content/drive/MyDrive/AISC DeepFake Çalışmaları/Deneyler/Nazlıcan/Deney 1/Kaş/real/val/real_val_00109.jpg,real/val/real_val_00109.jpg,real_val_00109.jpg,real,0,val,e09557f4c19dd0c6821386c1ce9df051ab6fbb5da1cc8fafbc16506fad8a4bb9,,109,0.0,SUCCESS,b2772d83cf2d2ae9e5180cf4f1054d8d4c61250be182d8599cfa1b583647a7a8,212.0,55.0,26.04108683,0.0
/content/drive/MyDrive/AISC DeepFake Çalışmaları/Deneyler/Nazlıcan/Deney 1/Kaş/real/val/real_val_00111.jpg,real/val/real_val_00111.jpg,real_val_00111.jpg,real,0,val,e965c5c011dac1b376e51825739eae7d21c34f2d179ab56f79807b12d66905b3,,111,0.0,SUCCESS,8801a3c082a64c111b53a459b69f0e3a9f0f94f7f057618b48021d5ec8616d67,105.0,27.0,378.45440261,0.0
/content/drive/MyDrive/AISC DeepFake Çalışmaları/Deneyler/Nazlıcan/Deney 1/Kaş/real/val/real_val_00112.jpg,real/val/real_val_00112.jpg,real_val_00112.jpg,real,0,val,8d19f8d66af3971d9a512c3c328035105d2940c6f08546f080e1dbd424593342,,112,0.0,SUCCESS,af3a853d46df61fd9a0620980b27e8ea0cf5067895a6723b953af252c0071c4f,101.0,24.0,330.21851548,0.0
/content/drive/MyDrive/AISC DeepFake Çalışmaları/Deneyler/Nazlıcan/Deney 1/Kaş/real/val/real_val_00113.jpg,real/val/real_val_00113.jpg,real_val_00113.jpg,real,0,val,fc23e0d5615e70ad09f68701ce054512ad55189e115ed717c4b7b0567a2ed439,,113,0.0,SUCCESS,17a4250be9567bd893d19ee5b20e03a12b5c3133bb22d7eaf256e48a83ca6d0a,113.0,23.0,135.34775784,0.0
/content/drive/MyDrive/AISC DeepFake Çalışmaları/Deneyler/Nazlıcan/Deney 1/Kaş/real/val/real_val_00114.jpg,real/val/real_val_00114.jpg,real_val_00114.jpg,real,0,val,553c214fe64e2fd1ac01c9e6616747b0277ec0ff4b1fd292a5b2ccda7c80136f,,114,0.0,SUCCESS,b5c0261c2915eca4e9874c473ed7764d808ead178d320fe30413edf2fa89777f,99.0,19.0,214.91545241,0.0
/content/drive/MyDrive/AISC DeepFake Çalışmaları/Deneyler/Nazlıcan/Deney 1/Kaş/real/val/real_val_00115.jpg,real/val/real_val_00115.jpg,real_val_00115.jpg,real,0,val,b6e8cab6f7c66d8b71dca6a49bdc9f31c61a978c005782d47c243f87ace61450,,115,0.0,SUCCESS,28ccaef43003f7028dcb5a4033919f6d30d50d8758be0950c78e180ecca815f8,104.0,25.0,43.00846139,0.0
/content/drive/MyDrive/AISC DeepFake Çalışmaları/Deneyler/Nazlıcan/Deney 1/Kaş/real/val/real_val_00116.jpg,real/val/real_val_00116.jpg,real_val_00116.jpg,real,0,val,652f7ba502c9de50d24c18575b32dbcd55353dc241c6ac0b8cdadb7ab2d50638,,116,0.0,SUCCESS,1412d9885b35195e3265871d08155c432d2f2c28454440d6401c24f9e130e1c9,258.0,74.0,36.06006698,0.0
/content/drive/MyDrive/AISC DeepFake Çalışmaları/Deneyler/Nazlıcan/Deney 1/Kaş/real/val/real_val_00118.jpg,real/val/real_val_00118.jpg,real_val_00118.jpg,real,0,val,5c2259e6793a04ae43f85ebae4ceb557f79383b7f4983466b2443b9ba9569211,,118,0.0,SUCCESS,f63b78cfbfe58f926c5ff25a61a3aa450bb3c2e89a45dd26ac4f877e736daa66,193.0,63.0,20.16773249,0.0
/content/drive/MyDrive/AISC DeepFake Çalışmaları/Deneyler/Nazlıcan/Deney 1/Kaş/real/val/real_val_00120.jpg,real/val/real_val_00120.jpg,real_val_00120.jpg,real,0,val,c5f58b7c1201b342efa0a4bc4847cba721241fa8a3894a90655c5736b042e291,,120,0.0,SUCCESS,1500aa6c6773e49c229bdc558ce8c5aefec1c6e7e5026bbcee5d2cfba2921ca7,421.0,133.0,26.77940722,0.0
/content/drive/MyDrive/AISC DeepFake Çalışmaları/Deneyler/Nazlıcan/Deney 1/Kaş/real/val/real_val_00124.jpg,real/val/real_val_00124.jpg,real_val_00124.jpg,real,0,val,9778fe1d51baa44eb5f9d75bb0b53ac01a78a69bc9b3f64932395ab99307439c,,124,0.0,SUCCESS,b9de5abf4c36cad41a6e88b792f076bca9c2d822951301a9d36214349bff3662,185.0,47.0,119.31769243,0.0
/content/drive/MyDrive/AISC DeepFake Çalışmaları/Deneyler/Nazlıcan/Deney 1/Kaş/real/val/real_val_00126.jpg,real/val/real_val_00126.jpg,real_val_00126.jpg,real,0,val,5ab5cca67985af1fde504e3de85cec9199a5bfed56b278292ed4677102c268be,,126,0.0,SUCCESS,b606429efd149beaa612877c323972cac5868d4bcf6fb2e3cebea6915aae1254,108.0,30.0,278.39351385,0.0
/content/drive/MyDrive/AISC DeepFake Çalışmaları/Deneyler/Nazlıcan/Deney 1/Kaş/real/val/real_val_00127.jpg,real/val/real_val_00127.jpg,real_val_00127.jpg,real,0,val,2c6d7a8217a0ab6503cd3dd49acf9bf42b74ebdecc1f032677ceacbdf0a03657,,127,0.0,SUCCESS,88489762a56279627a48df020dc08728ddded43d6fa23a9c3084d97f00b437f1,182.0,44.0,22.52894907,0.09375
/content/drive/MyDrive/AISC DeepFake Çalışmaları/Deneyler/Nazlıcan/Deney 1/Kaş/real/val/real_val_00132.jpg,real/val/real_val_00132.jpg,real_val_00132.jpg,real,0,val,1dac210797c321423eaad79e53643fcf8b0842f8242b92379cf8c99986b4e4e8,,132,0.0,SUCCESS,5da2cf644fda7e2af155188f770cba2744b01dde2e01a5d15772409abb09cfbc,134.0,33.0,121.7326648,0.0625
/content/drive/MyDrive/AISC DeepFake Çalışmaları/Deneyler/Nazlıcan/Deney 1/Kaş/real/val/real_val_00135.jpg,real/val/real_val_00135.jpg,real_val_00135.jpg,real,0,val,5714d63acd1d462fc559ada5c19df172af736ad1ec515bbb2ad1c2522e2c05cf,,135,0.0,SUCCESS,a46d5c8929d56e85ce9b71ac0fd0f4f1ebb3629ae17d0377150fb61291db5885,105.0,36.0,472.2650161,0.09375
/content/drive/MyDrive/AISC DeepFake Çalışmaları/Deneyler/Nazlıcan/Deney 1/Kaş/real/val/real_val_00136.jpg,real/val/real_val_00136.jpg,real_val_00136.jpg,real,0,val,5da9ab33d219f15913ff9bacc50cf3493b28cb97401657e9617229f2c98e1684,,136,0.0,SUCCESS,d608d7e24e8cbd0833d9463089f53ee759e529f134f8a89628ef3ef5a0f8cf5c,106.0,36.0,387.15337269,0.09375
/content/drive/MyDrive/AISC DeepFake Çalışmaları/Deneyler/Nazlıcan/Deney 1/Kaş/real/val/real_val_00137.jpg,real/val/real_val_00137.jpg,real_val_00137.jpg,real,0,val,249f81a71eff714b1adb6c3ccd4da333ad51c4b2b635cc9573f35c17e35c5861,,137,0.0,SUCCESS,7da903528309b4307f5da6bae92fbb30d9b0a156490ae250b0a54d0ea810e628,87.0,24.0,106.2758584,0.09375
/content/drive/MyDrive/AISC DeepFake Çalışmaları/Deneyler/Nazlıcan/Deney 1/Kaş/real/val/real_val_00138.jpg,real/val/real_val_00138.jpg,real_val_00138.jpg,real,0,val,ce04a1590e6ea0ef91e50cef833bc2a87ebc8ccdc9179076d604d1bdeb264dbe,,138,0.0,SUCCESS,b22fcefa57a00904343cf6c505f2d2a2892fc0d6fb5c4847355e7ba25114fc7b,98.0,22.0,99.99462948,0.0
/content/drive/MyDrive/AISC DeepFake Çalışmaları/Deneyler/Nazlıcan/Deney 1/Kaş/real/val/real_val_00139.jpg,real/val/real_val_00139.jpg,real_val_00139.jpg,real,0,val,c3078d7a7d6c83f4d9fc2eeae0f25cb1a5ee8c8247be61d52791b2f9e97145bc,,139,0.0,SUCCESS,a3284dbc937767cc5198fe896e81860de33948ae78ae855774f0147b0c0bf694,467.0,103.0,13.90183885,0.0
/content/drive/MyDrive/AISC DeepFake Çalışmaları/Deneyler/Nazlıcan/Deney 1/Kaş/real/val/real_val_00143.jpg,real/val/real_val_00143.jpg,real_val_00143.jpg,real,0,val,b3a5eae6dc7783e57d0b404766e1e0cd7cd5ca98039e1a2334041fbd2556e8f2,,143,0.0,SUCCESS,d6b97b665da631ba53d637c7327f0180aa16188e9bb732b2836fcfc640a16c60,119.0,34.0,80.88814349,0.09375
/content/drive/MyDrive/AISC DeepFake Çalışmaları/Deneyler/Nazlıcan/Deney 1/Kaş/real/val/real_val_00144.jpg,real/val/real_val_00144.jpg,real_val_00144.jpg,real,0,val,e165112f782c630208517891c019c71bd0ca55bb91a1a1dbff041d116eb8681b,,144,0.0,SUCCESS,a0ddb41774f34f7b9487d56721235407738b43e868aaa6a17b767494a9e5221b,88.0,21.0,314.8855906,0.0
/content/drive/MyDrive/AISC DeepFake Çalışmaları/Deneyler/Nazlıcan/Deney 1/Kaş/real/val/real_val_00146.jpg,real/val/real_val_00146.jpg,real_val_00146.jpg,real,0,val,36c8fec0dd3994174cbbd91e6e96039df10338b0e832cbbb6ee764ff1761fd11,,146,0.0,SUCCESS,7a04676bab8b1119b63fbc8abc0fccbd172466ae1c0592f9c85ee445b6898749,230.0,48.0,45.75338817,0.0
/content/drive/MyDrive/AISC DeepFake Çalışmaları/Deneyler/Nazlıcan/Deney 1/Kaş/real/val/real_val_00147.jpg,real/val/real_val_00147.jpg,real_val_00147.jpg,real,0,val,d9aa3067d1eb3b3adc3f403a1bba4be76519318f6918fb84901c6752494f4f13,,147,0.0,SUCCESS,88ad764bac0ffb4a7424385f7863afc35672cdc09708683907f8849bbdd994df,187.0,61.0,7.50219903,0.0
