output_path,file_size,mtime_ns,sha256
/content/drive/MyDrive/AISC DeepFake Çalışmaları/Deneyler/Kader/Deney 1/Göz/eye_roi_output/fake/test/combined/fake_test/fake_test_00000__face_00.jpg,5150,1786018928000000000,e28af64d3f1d45064e66d2bd3f06cc7e276ce9c62a9d4c895011eb0a6ea0f033
/content/drive/MyDrive/AISC DeepFake Çalışmaları/Deneyler/Kader/Deney 1/Göz/eye_roi_output/fake/test/combined/fake_test/fake_test_00001__face_00.jpg,5102,1786018929000000000,7a2cb5c938f6c34d69120527d144a934447ca6922852c5210a131b80f35f9240
/content/drive/MyDrive/AISC DeepFake Çalışmaları/Deneyler/Kader/Deney 1/Göz/eye_roi_output/fake/test/combined/fake_test/fake_test_00002__face_00.jpg,4795,1786018929000000000,2eaa32568a4a48320f89a016cf812245a36094360408596e1dd54fe0bac68b3b
/content/drive/MyDrive/AISC DeepFake Çalışmaları/Deneyler/Kader/Deney 1/Göz/eye_roi_output/fake/test/combined/fake_test/fake_test_00003__face_00.jpg,4816,1786018930000000000,f9680c3df4778764f7a63dab92674ddb5f18e07c797de574afad02972344a4af
/content/drive/MyDrive/AISC DeepFake Çalışmaları/Deneyler/Kader/Deney 1/Göz/eye_roi_output/fake/test/combined/fake_test/fake_test_00004__face_00.jpg,5412,1786018930000000000,91b8b6659f589eafb48bd7e58f4f9f9cf92a79e1a2297b264ddafa556f5143c9
/content/drive/MyDrive/AISC DeepFake Çalışmaları/Deneyler/Kader/Deney 1/Göz/eye_roi_output/fake/test/combined/fake_test/fake_test_00005__face_00.jpg,4961,1786018930000000000,1bd2c23b00301cec415e754535904139695b655c430c6ad9e7c11a0f356223b3
/content/drive/MyDrive/AISC DeepFake Çalışmaları/Deneyler/Kader/Deney 1/Göz/eye_roi_output/fake/test/combined/fake_test/fake_test_00006__face_00.jpg,5503,1786018930000000000,e9c5113fc7dc53041a5556b04478f33cb0b2242bd659efccb3727d6e0c5322aa
/content/drive/MyDrive/AISC DeepFake Çalışmaları/Deneyler/Kader/Deney 1/Göz/eye_roi_output/fake/test/combined/fake_test/fake_test_00007__face_00.jpg,5814,1786018930000000000,6a2756a9313d5f74d5b225b619a3465a7c561d6a68153c4c5c315c412af2b45f
/content/drive/MyDrive/AISC DeepFake Çalışmaları/Deneyler/Kader/Deney 1/Göz/eye_roi_output/fake/test/combined/fake_test/fake_test_00008__face_00.jpg,4952,1786018930000000000,2182df72f9ddfc85054944dfa9b7128f1525a631b24045a94bad9dfc54112f16
/content/drive/MyDrive/AISC DeepFake Çalışmaları/Deneyler/Kader/Deney 1/Göz/eye_roi_output/fake/test/combined/fake_test/fake_test_00009__face_00.jpg,4846,1786018931000000000,b44017364f8b5c1b0cbdc4c80698964bf5d616aad68f31132de40a6bb9367987
/content/drive/MyDrive/AISC DeepFake Çalışmaları/Deneyler/Kader/Deney 1/Göz/eye_roi_output/fake/test/combined/fake_test/fake_test_00010__face_00.jpg,5369,1786018931000000000,2b9d047434c74bc6e8d4aa88572bac806eabce9bd521c4e3e0b751dbc272035a
/content/drive/MyDrive/AISC DeepFake Çalışmaları/Deneyler/Kader/Deney 1/Göz/eye_roi_output/fake/test/combined/fake_test/fake_test_00011__face_00.jpg,5181,1786018931000000000,860bfb3a09616ce4a39096af6f883a65029edd79763c1964243e61dcd7d5967b
/content/drive/MyDrive/AISC DeepFake Çalışmaları/Deneyler/Kader/Deney 1/Göz/eye_roi_output/fake/test/combined/fake_test/fake_test_00012__face_00.jpg,5689,1786018931000000000,7d9f9afc1380a84b529c3ed18715fc1ea0f9ffa9194b71aefbe23fdb48823237
/content/drive/MyDrive/AISC DeepFake Çalışmaları/Deneyler/Kader/Deney 1/Göz/eye_roi_output/fake/test/combined/fake_test/fake_test_00013__face_00.jpg,5173,1786018931000000000,7673de019314538e921194eff360ca3c857f223ac1fd5832a043a60d74ff0dac
/content/drive/MyDrive/AISC DeepFake Çalışmaları/Deneyler/Kader/Deney 1/Göz/eye_roi_output/fake/test/combined/fake_test/fake_test_00014__face_00.jpg,4925,1786018931000000000,113e62425b4f7eef9921acd2fa20d8ef5fb2f99698f950c429d65dd62ebc6a14
/content/drive/MyDrive/AISC DeepFake Çalışmaları/Deneyler/Kader/Deney 1/Göz/eye_roi_output/fake/test/combined/fake_test/fake_test_00015__face_00.jpg,4914,1786018931000000000,9ff38f36080db9aa93f9f37dde53b1d0c6fbf3aa5fc5a561cf620981faeee822
/content/drive/MyDrive/AISC DeepFake Çalışmaları/Deneyler/Kader/Deney 1/Göz/eye_roi_output/fake/test/combined/fake_test/fake_test_00016__face_00.jpg,4768,1786018932000000000,d334b23b1085bc65b0f44dacdcae9178feb707515d91aa2776f3ab3349fbbdfe
/content/drive/MyDrive/AISC DeepFake Çalışmaları/Deneyler/Kader/Deney 1/Göz/eye_roi_output/fake/test/combined/fake_test/fake_test_00017__face_00.jpg,5044,1786018932000000000,feb75d3f77a1b1975170f10a4533971cc60ae7cb393ce890dcfe4fc01d5f4e40
/content/drive/MyDrive/AISC DeepFake Çalışmaları/Deneyler/Kader/Deney 1/Göz/eye_roi_output/fake/test/combined/fake_test/fake_test_00018__face_00.jpg,5374,1786018932000000000,8c7120e22ce6da38e6b8efdf4a5e7cfc0efeb4ebf9b20c2b319069ca0fc03e2c
/content/drive/MyDrive/AISC DeepFake Çalışmaları/Deneyler/Kader/Deney 1/Göz/eye_roi_output/fake/test/combined/fake_test/fake_test_00019__face_00.jpg,4036,1786018932000000000,d55af1391675a847afd5afa3b3d90f40892cfabe6cc297d1803e7c29ef924ba6
/content/drive/MyDrive/AISC DeepFake Çalışmaları/Deneyler/Kader/Deney 1/Göz/eye_roi_output/fake/test/combined/fake_test/fake_test_00020__face_00.jpg,5322,1786019003000000000,21c488a5c067931bca3d0089b70b99f5e591f6b574f6dd2ac79a80c12addd04e
/content/drive/MyDrive/AISC DeepFake Çalışmaları/Deneyler/Kader/Deney 1/Göz/eye_roi_output/fake/test/combined/fake_test/fake_test_00021__face_00.jpg,4863,1786019004000000000,5fba30f8bf3a28cfe782f5ae6e23d4350e1c7c723f5aa0c7907116a482ae5556
/content/drive/MyDrive/AISC DeepFake Çalışmaları/Deneyler/Kader/Deney 1/Göz/eye_roi_output/fake/test/combined/fake_test/fake_test_00021__face_01.jpg,5908,1786019004000000000,c2bbe82b56873f40e0db623fa3a99d6d838a47d1fb4342b2a3ec42a25a5a006b
/content/drive/MyDrive/AISC DeepFake Çalışmaları/Deneyler/Kader/Deney 1/Göz/eye_roi_output/fake/test/combined/fake_test/fake_test_00023__face_00.jpg,6051,1786019004000000000,5311724b9970f1ed33a03235971240292b1b5d966bb704033155dbd66b46524b
/content/drive/MyDrive/AISC DeepFake Çalışmaları/Deneyler/Kader/Deney 1/Göz/eye_roi_output/fake/test/combined/fake_test/fake_test_00024__face_00.jpg,5738,1786019004000000000,d246d8665d5de67d6c876cbd6f398c2508b9780f73545540f207603a6ab5e9b4
/content/drive/MyDrive/AISC DeepFake Çalışmaları/Deneyler/Kader/Deney 1/Göz/eye_roi_output/fake/test/combined/fake_test/fake_test_00025__face_00.jpg,4286,1786019004000000000,a3b1a5a11519ee40dab88035938d7e5706ceb0d30a6d4d3828be402403e6b7e7
/content/drive/MyDrive/AISC DeepFake Çalışmaları/Deneyler/Kader/Deney 1/Göz/eye_roi_output/fake/test/combined/fake_test/fake_test_00026__face_00.jpg,5328,1786019004000000000,c09e5929799fd2036c5010b9a990b8c7d3f6f7df58b5320cce7512c50dd48fef
/content/drive/MyDrive/AISC DeepFake Çalışmaları/Deneyler/Kader/Deney 1/Göz/eye_roi_output/fake/test/combined/fake_test/fake_test_00027__face_00.jpg,5082,1786019004000000000,331f976eb96ffb008165f0232590f6fa3998d75ead11535a98efc3df10c7bbc9
/content/drive/MyDrive/AISC DeepFake Çalışmaları/Deneyler/Kader/Deney 1/Göz/eye_roi_output/fake/test/combined/fake_test/fake_test_00029__face_00.jpg,5588,1786019005000000000,e128d6937cabb9c0075d29d68a48478bf7bdfb85566c1e488914000130ad2134
/content/drive/MyDrive/AISC DeepFake Çalışmaları/Deneyler/Kader/Deney 1/Göz/eye_roi_output/fake/test/combined/fake_test/fake_test_00030__face_00.jpg,4888,1786019006000000000,e58c425041cfc8a039f22b1aea663fcf1ad9e5f3629f366b3826d0094519525b
/content/drive/MyDrive/AISC DeepFake Çalışmaları/Deneyler/Kader/Deney 1/Göz/eye_roi_output/fake/test/combined/fake_test/fake_test_00031__face_00.jpg,4738,1786019006000000000,6b5b62307db642bd4d5476976fcb1e3ff15694cf59b91edce1621e0109102900
/content/drive/MyDrive/AISC DeepFake Çalışmaları/Deneyler/Kader/Deney 1/Göz/eye_roi_output/fake/test/combined/fake_test/fake_test_00032__face_00.jpg,6345,1786019006000000000,52461eb8c807425ffa07c88290d2af089a381db2125951a50379351259d9a9f8
/content/drive/MyDrive/AISC DeepFake Çalışmaları/Deneyler/Kader/Deney 1/Göz/eye_roi_output/fake/test/combined/fake_test/fake_test_00033__face_00.jpg,4859,1786019007000000000,79cd8c3d98561a9640a8a0644e415554e2d67b1e50af6dac0f17f91cb5667465
/content/drive/MyDrive/AISC DeepFake Çalışmaları/Deneyler/Kader/Deney 1/Göz/eye_roi_output/fake/test/combined/fake_test/fake_test_00034__face_00.jpg,4230,1786019007000000000,31d2c9f4891e519065c33668bf8a26535957ae5feb2d8d3866c6134676adc108
/content/drive/MyDrive/AISC DeepFake Çalışmaları/Deneyler/Kader/Deney 1/Göz/eye_roi_output/fake/test/combined/fake_test/fake_test_00035__face_00.jpg,5310,1786019007000000000,5f99d1c22b6480f7d6ba5a5b0f193290321d2c5b328f2585f727147f2f2f9d9b
/content/drive/MyDrive/AISC DeepFake Çalışmaları/Deneyler/Kader/Deney 1/Göz/eye_roi_output/fake/test/combined/fake_test/fake_test_00036__face_00.jpg,6425,1786019007000000000,399ffb007cc0aa7f2a19f466d3f503f265d809e6d29c11975b9f615aa1f18662
/content/drive/MyDrive/AISC DeepFake Çalışmaları/Deneyler/Kader/Deney 1/Göz/eye_roi_output/fake/test/combined/fake_test/fake_test_00037__face_00.jpg,6127,1786019007000000000,ad7efe3d496904c2be8ee7d3300df4926760994d4525f531094a36826e2931b1
/content/drive/MyDrive/AISC DeepFake Çalışmaları/Deneyler/Kader/Deney 1/Göz/eye_roi_output/fake/test/combined/fake_test/fake_test_00038__face_00.jpg,5235,1786019007000000000,dd5532cb856658ebac5f06d1a0033a5ddcdf2a6c9a2bc8139d3d325724437f6b
/content/drive/MyDrive/AISC DeepFake Çalışmaları/Deneyler/Kader/Deney 1/Göz/eye_roi_output/fake/test/combined/fake_test/fake_test_00039__face_00.jpg,5441,1786019007000000000,e9e55b343ae393486cb12e4e641c116aff4b88b55f7323259017799eff22c2a5
/content/drive/MyDrive/AISC DeepFake Çalışmaları/Deneyler/Kader/Deney 1/Göz/eye_roi_output/fake/test/combined/fake_test/fake_test_00040__face_00.jpg,4511,1786019008000000000,45c3bde48bfc23b3f9c4679825ad2945d7958b97eb355519e0890dcc8d769768
/content/drive/MyDrive/AISC DeepFake Çalışmaları/Deneyler/Kader/Deney 1/Göz/eye_roi_output/fake/test/combined/fake_test/fake_test_00041__face_00.jpg,5757,1786019008000000000,55aa3b81063f14f8400b5dc1652473a1a62f87938c1c70e7330b27f37f15ef0f
/content/drive/MyDrive/AISC DeepFake Çalışmaları/Deneyler/Kader/Deney 1/Göz/eye_roi_output/fake/test/combined/fake_test/fake_test_00042__face_00.jpg,5306,1786019009000000000,09b41c454d90101cccf5b86104543ef7879ad1ead311ac63566a707f49315046
/content/drive/MyDrive/AISC DeepFake Çalışmaları/Deneyler/Kader/Deney 1/Göz/eye_roi_output/fake/test/combined/fake_test/fake_test_00043__face_00.jpg,5539,1786019009000000000,0f8a322686608ab0fd26e58d2f1e00fd55d80d87d0b835eb05fb4909607fcace
/content/drive/MyDrive/AISC DeepFake Çalışmaları/Deneyler/Kader/Deney 1/Göz/eye_roi_output/fake/test/combined/fake_test/fake_test_00044__face_00.jpg,4933,1786019009000000000,b3f4e09af366bd59c7029ebed380923f9e2d441c6cd1ba5407f34882c42c162c
/content/drive/MyDrive/AISC DeepFake Çalışmaları/Deneyler/Kader/Deney 1/Göz/eye_roi_output/fake/test/combined/fake_test/fake_test_00045__face_00.jpg,5392,1786019010000000000,4d30e6f072f513477298caccee4875fc384d94c5b708e215dd26fab4e5a0fc38
/content/drive/MyDrive/AISC DeepFake Çalışmaları/Deneyler/Kader/Deney 1/Göz/eye_roi_output/fake/test/combined/fake_test/fake_test_00046__face_00.jpg,5500,1786019010000000000,ca510622cec24c2885a829bbb62ae1af2722d664e54f8568480f1344e2f8c42a
/content/drive/MyDrive/AISC DeepFake Çalışmaları/Deneyler/Kader/Deney 1/Göz/eye_roi_output/fake/test/combined/fake_test/fake_test_00047__face_00.jpg,5461,1786019011000000000,89f28e81b70d0d8bb7aa1471ae0db7bc7285bb8274cec88c4463aabc41a15fb5
/content/drive/MyDrive/AISC DeepFake Çalışmaları/Deneyler/Kader/Deney 1/Göz/eye_roi_output/fake/test/combined/fake_test/fake_test_00047__face_01.jpg,4539,1786019011000000000,b0c5a8dd17216195cfe15865b641ae78662e882e38fadb4f95cc7b2fd74cfbc1
/content/drive/MyDrive/AISC DeepFake Çalışmaları/Deneyler/Kader/Deney 1/Göz/eye_roi_output/fake/test/combined/fake_test/fake_test_00048__face_00.jpg,5322,1786019011000000000,7ed0d3a100beaaf97308ebf8be3cdc9d10154b6606d8667ffa25b9b3f9729f43
/content/drive/MyDrive/AISC DeepFake Çalışmaları/Deneyler/Kader/Deney 1/Göz/eye_roi_output/fake/test/combined/fake_test/fake_test_00049__face_00.jpg,5277,1786019011000000000,b282f7a02e7e224e9821e9b6e039f73ca58d70eb2c769fc8cbac3ee7164c2248
/content/drive/MyDrive/AISC DeepFake Çalışmaları/Deneyler/Kader/Deney 1/Göz/eye_roi_output/fake/test/combined/fake_test/fake_test_00050__face_00.jpg,6112,1786019011000000000,aa34004692f2ba376ca55e365b2b9dd06879070f25b640f115029401f9481b17
/content/drive/MyDrive/AISC DeepFake Çalışmaları/Deneyler/Kader/Deney 1/Göz/eye_roi_output/fake/test/combined/fake_test/fake_test_00051__face_00.jpg,5924,1786019011000000000,a140e20120a015cab34593a75fe49adc1478df28b33161ef931e753fd1b62b99
/content/drive/MyDrive/AISC DeepFake Çalışmaları/Deneyler/Kader/Deney 1/Göz/eye_roi_output/fake/test/combined/fake_test/fake_test_00052__face_00.jpg,5304,1786019012000000000,1c29e2d97fae9eef0f55731aedb17685aa2d096d641cccf1fc515ebfdbd26737
/content/drive/MyDrive/AISC DeepFake Çalışmaları/Deneyler/Kader/Deney 1/Göz/eye_roi_output/fake/test/combined/fake_test/fake_test_00053__face_00.jpg,4841,1786019012000000000,a448c3bfbf42529211afe0118c366df030440bb11d1ca16c9895db5bf737657e
/content/drive/MyDrive/AISC DeepFake Çalışmaları/Deneyler/Kader/Deney 1/Göz/eye_roi_output/fake/test/combined/fake_test/fake_test_00054__face_00.jpg,5164,1786019012000000000,14d32085956c999f91b02e344308a4a7f0f26286575dcb8c3355ef9dd56112ab
/content/drive/MyDrive/AISC DeepFake Çalışmaları/Deneyler/Kader/Deney 1/Göz/eye_roi_output/fake/test/combined/fake_test/fake_test_00054__face_01.jpg,5242,1786019012000000000,35cbedb90875c70710327f17e65e5b7cbd898cded718477f559c9a153ae2846d
/content/drive/MyDrive/AISC DeepFake Çalışmaları/Deneyler/Kader/Deney 1/Göz/eye_roi_output/fake/test/combined/fake_test/fake_test_00055__face_00.jpg,6027,1786019012000000000,2aff4252a556d6667cbd06dc3e2ce97c4e678165163a727909c71e8111c0b795
/content/drive/MyDrive/AISC DeepFake Çalışmaları/Deneyler/Kader/Deney 1/Göz/eye_roi_output/fake/test/combined/fake_test/fake_test_00056__face_00.jpg,5578,1786019012000000000,1cb90e01207c8f53b1aafa1575b675e5a63a33b693f5965e45879c651f333824
/content/drive/MyDrive/AISC DeepFake Çalışmaları/Deneyler/Kader/Deney 1/Göz/eye_roi_output/fake/test/combined/fake_test/fake_test_00057__face_00.jpg,4476,1786019012000000000,ffa2b31d7ebbf5c6785030f2d90d807ae23008cd7f4126645624df5c0ce82def
/content/drive/MyDrive/AISC DeepFake Çalışmaları/Deneyler/Kader/Deney 1/Göz/eye_roi_output/fake/test/combined/fake_test/fake_test_00058__face_00.jpg,5582,1786019013000000000,7c0e08730af5a4774d108f5a0061a757f8589355c6daa430482359fba04e2dd8
/content/drive/MyDrive/AISC DeepFake Çalışmaları/Deneyler/Kader/Deney 1/Göz/eye_roi_output/fake/test/combined/fake_test/fake_test_00059__face_00.jpg,6551,1786019013000000000,a997cadb73253374626eb794752f94294de96d4152a8fe2b1df22b374f6354c9
/content/drive/MyDrive/AISC DeepFake Çalışmaları/Deneyler/Kader/Deney 1/Göz/eye_roi_output/fake/test/combined/fake_test/fake_test_00060__face_00.jpg,5182,1786019013000000000,59a937b8800a2cc84ae0bb7272be536ab5e8916acb947f176c34bea8b8976413
/content/drive/MyDrive/AISC DeepFake Çalışmaları/Deneyler/Kader/Deney 1/Göz/eye_roi_output/fake/test/combined/fake_test/fake_test_00061__face_00.jpg,5256,1786019013000000000,f8c5d7c58432d3717597ff1a39c2fd6194fed47ceb9ffeffe51650d01dcc41e9
/content/drive/MyDrive/AISC DeepFake Çalışmaları/Deneyler/Kader/Deney 1/Göz/eye_roi_output/fake/test/combined/fake_test/fake_test_00062__face_00.jpg,5138,1786019013000000000,c90735df0906344ade8645219a2a098861cec35bbd6f6352470d5478e80e8629
/content/drive/MyDrive/AISC DeepFake Çalışmaları/Deneyler/Kader/Deney 1/Göz/eye_roi_output/fake/test/combined/fake_test/fake_test_00063__face_00.jpg,4486,1786019013000000000,cc1ed6aba131a05980481d33a2adae5e259674f0932a41715e3f5189e82d87db
/content/drive/MyDrive/AISC DeepFake Çalışmaları/Deneyler/Kader/Deney 1/Göz/eye_roi_output/fake/test/combined/fake_test/fake_test_00064__face_00.jpg,5479,1786019014000000000,b95410ee6f57b9027c76c1612296a33ba9bf24a88a9983020925d016519c48ee
/content/drive/MyDrive/AISC DeepFake Çalışmaları/Deneyler/Kader/Deney 1/Göz/eye_roi_output/fake/test/combined/fake_test/fake_test_00065__face_00.jpg,4454,1786019014000000000,272c440127a536e3a736a5a0e7ec39c1c7e56b02ba46acf6c2defac331f9bcf0
/content/drive/MyDrive/AISC DeepFake Çalışmaları/Deneyler/Kader/Deney 1/Göz/eye_roi_output/fake/test/combined/fake_test/fake_test_00066__face_00.jpg,4603,1786019014000000000,66801a5d388fcd14e6e4580e0d76ff0f890f7555e2b9f34491984a2f0e52007d
/content/drive/MyDrive/AISC DeepFake Çalışmaları/Deneyler/Kader/Deney 1/Göz/eye_roi_output/fake/test/combined/fake_test/fake_test_00067__face_00.jpg,6073,1786019014000000000,f5ebfdbb5875c373d8fb36f107f8b3770e7494b5a4b106819d9554f20d2304d2
/content/drive/MyDrive/AISC DeepFake Çalışmaları/Deneyler/Kader/Deney 1/Göz/eye_roi_output/fake/test/combined/fake_test/fake_test_00068__face_00.jpg,5475,1786019014000000000,13a85c2b19e1cfdce91fd1c374e7e3d35d26a9b1083265e9c91fb54e85013e39
/content/drive/MyDrive/AISC DeepFake Çalışmaları/Deneyler/Kader/Deney 1/Göz/eye_roi_output/fake/test/combined/fake_test/fake_test_00069__face_00.jpg,5886,1786019014000000000,3d782d70bc2d96702544daeed3018070ae5e1af47f1d15b2da407d0861b99add
/content/drive/MyDrive/AISC DeepFake Çalışmaları/Deneyler/Kader/Deney 1/Göz/eye_roi_output/fake/test/combined/fake_test/fake_test_00070__face_00.jpg,5326,1786019015000000000,50ddeaaa37efa4d090f3b480e971ef57b86a2a42a3ccf48d3735430bcc203a03
/content/drive/MyDrive/AISC DeepFake Çalışmaları/Deneyler/Kader/Deney 1/Göz/eye_roi_output/fake/test/combined/fake_test/fake_test_00071__face_00.jpg,5290,1786019016000000000,a8deb46a15a7c392b81fc262eb434b9a6194fae30e2858849e5c595660883cba
/content/drive/MyDrive/AISC DeepFake Çalışmaları/Deneyler/Kader/Deney 1/Göz/eye_roi_output/fake/test/combined/fake_test/fake_test_00072__face_00.jpg,5310,1786019016000000000,f8f828e4b31c9ab0ac2ef48b92dec98810cb2091e21e5a7988ba988895e30ae3
/content/drive/MyDrive/AISC DeepFake Çalışmaları/Deneyler/Kader/Deney 1/Göz/eye_roi_output/fake/test/combined/fake_test/fake_test_00073__face_00.jpg,4904,1786019016000000000,765e8704fdfa8dc5c9b6822a00ffbb2c3cd362258635e865d73c08917954581d
/content/drive/MyDrive/AISC DeepFake Çalışmaları/Deneyler/Kader/Deney 1/Göz/eye_roi_output/fake/test/combined/fake_test/fake_test_00074__face_00.jpg,4281,1786019016000000000,82085fff377e933382f56e18342089589186fbf26c5d945de76558387fde4518
/content/drive/MyDrive/AISC DeepFake Çalışmaları/Deneyler/Kader/Deney 1/Göz/eye_roi_output/fake/test/combined/fake_test/fake_test_00074__face_01.jpg,6361,1786019016000000000,d23c51e676b53cf9a870e1f972f352d56a47481b64b71ee1e4bd1113c57b7064
/content/drive/MyDrive/AISC DeepFake Çalışmaları/Deneyler/Kader/Deney 1/Göz/eye_roi_output/fake/test/combined/fake_test/fake_test_00075__face_00.jpg,5709,1786019016000000000,4eb0b8a84eeec0f541d245d556c02d87f491e9b942ef72a75c7a936157f5b234
/content/drive/MyDrive/AISC DeepFake Çalışmaları/Deneyler/Kader/Deney 1/Göz/eye_roi_output/fake/test/combined/fake_test/fake_test_00075__face_01.jpg,5762,1786019017000000000,2a25a2e67ea9b8ae2163192b0657bd0338dcd4da23ec3b4f0f444f7e77dc106d
/content/drive/MyDrive/AISC DeepFake Çalışmaları/Deneyler/Kader/Deney 1/Göz/eye_roi_output/fake/test/combined/fake_test/fake_test_00076__face_00.jpg,5733,1786019017000000000,dec127ba7753cd928dfc236372914bf26260a08c4869d716814ebe5dc6784d00
/content/drive/MyDrive/AISC DeepFake Çalışmaları/Deneyler/Kader/Deney 1/Göz/eye_roi_output/fake/test/combined/fake_test/fake_test_00077__face_00.jpg,4923,1786019017000000000,d5ff330eb41810bfabceb3e970117ff555eb5ca8e83b5bfe81cfd4af11fed0ae
/content/drive/MyDrive/AISC DeepFake Çalışmaları/Deneyler/Kader/Deney 1/Göz/eye_roi_output/fake/test/combined/fake_test/fake_test_00078__face_00.jpg,5220,1786019017000000000,3f1c6062cbc8347c387bd5975a69337f32094952ac60c69f95a3c765f88a3f19
/content/drive/MyDrive/AISC DeepFake Çalışmaları/Deneyler/Kader/Deney 1/Göz/eye_roi_output/fake/test/combined/fake_test/fake_test_00079__face_00.jpg,4941,1786019017000000000,9b88e94d303a9d6abec42671ce5686a58125c1a4096440d14746d72585e6c797
/content/drive/MyDrive/AISC DeepFake Çalışmaları/Deneyler/Kader/Deney 1/Göz/eye_roi_output/fake/test/combined/fake_test/fake_test_00080__face_00.jpg,4886,1786019017000000000,bc3fd1185dfc98d7678f7854554c54566fd5791d90077c4560999c810a9a2846
/content/drive/MyDrive/AISC DeepFake Çalışmaları/Deneyler/Kader/Deney 1/Göz/eye_roi_output/fake/test/combined/fake_test/fake_test_00081__face_00.jpg,5496,1786019017000000000,28f00d382f4fac27ed106704f0c674b685e0246ba386009151b4ceac24798d7e
/content/drive/MyDrive/AISC DeepFake Çalışmaları/Deneyler/Kader/Deney 1/Göz/eye_roi_output/fake/test/combined/fake_test/fake_test_00082__face_00.jpg,4312,1786019018000000000,7e4af1482d9b605c8d11ac6e09a9a053cf48e4f9cc7cec98cfa5e540cb2fe4be
/content/drive/MyDrive/AISC DeepFake Çalışmaları/Deneyler/Kader/Deney 1/Göz/eye_roi_output/fake/test/combined/fake_test/fake_test_00083__face_00.jpg,5811,1786019018000000000,1a4f5c2bb9bec5987d347d4fbfb242726440d3069b98893cc014d85612d3d51a
/content/drive/MyDrive/AISC DeepFake Çalışmaları/Deneyler/Kader/Deney 1/Göz/eye_roi_output/fake/test/combined/fake_test/fake_test_00084__face_00.jpg,5390,1786019018000000000,01c647ad92eee19b4e6e814f4bd4113c400deb6e3b200a3cea7b14d9339c37c0
/content/drive/MyDrive/AISC DeepFake Çalışmaları/Deneyler/Kader/Deney 1/Göz/eye_roi_output/fake/test/combined/fake_test/fake_test_00085__face_00.jpg,4913,1786019018000000000,a899d8a518472fad79bf4f13040dc41439767915bdacfd8a8c2370cceabd22c2
/content/drive/MyDrive/AISC DeepFake Çalışmaları/Deneyler/Kader/Deney 1/Göz/eye_roi_output/fake/test/combined/fake_test/fake_test_00086__face_00.jpg,3861,1786019018000000000,8f2d791a0710715bbdf62b3188afa2d23bde8c184190944b86f116b44889cf51
/content/drive/MyDrive/AISC DeepFake Çalışmaları/Deneyler/Kader/Deney 1/Göz/eye_roi_output/fake/test/combined/fake_test/fake_test_00087__face_00.jpg,7651,1786019019000000000,6945c2578aac753d353133049b44a11ea1652dc960c972b486566fdad05042ea
/content/drive/MyDrive/AISC DeepFake Çalışmaları/Deneyler/Kader/Deney 1/Göz/eye_roi_output/fake/test/combined/fake_test/fake_test_00088__face_00.jpg,4954,1786019019000000000,f332d4e88e79b15a05ba29cd568046715fbbd503ab90f13fa3f67a4b017af009
/content/drive/MyDrive/AISC DeepFake Çalışmaları/Deneyler/Kader/Deney 1/Göz/eye_roi_output/fake/test/combined/fake_test/fake_test_00088__face_01.jpg,7923,1786019019000000000,b04c81067d7a47edc8c3a6348e4894938332f881282668aa97c81f7db2a5365b
/content/drive/MyDrive/AISC DeepFake Çalışmaları/Deneyler/Kader/Deney 1/Göz/eye_roi_output/fake/test/combined/fake_test/fake_test_00089__face_00.jpg,5857,1786019019000000000,37c3e75e8f50bfdc496152500d47043e34210815995a3904b80cd21fd50491b8
/content/drive/MyDrive/AISC DeepFake Çalışmaları/Deneyler/Kader/Deney 1/Göz/eye_roi_output/fake/test/combined/fake_test/fake_test_00090__face_00.jpg,5437,1786019019000000000,6076d8228c619b6c52f6fee4c067a06951a751e5247fd1db6d78da571cbb6ae1
/content/drive/MyDrive/AISC DeepFake Çalışmaları/Deneyler/Kader/Deney 1/Göz/eye_roi_output/fake/test/combined/fake_test/fake_test_00091__face_00.jpg,5007,1786019019000000000,03cd4e2421f6558953ac336ccc5f86f395dd286ab06ead8e70e1c64e429d435f
/content/drive/MyDrive/AISC DeepFake Çalışmaları/Deneyler/Kader/Deney 1/Göz/eye_roi_output/fake/test/combined/fake_test/fake_test_00092__face_00.jpg,5729,1786019019000000000,f82d3a11d33d1c0832a1a067835c2dc21c7f8eaa3f22d52eee124061f5ad6879
/content/drive/MyDrive/AISC DeepFake Çalışmaları/Deneyler/Kader/Deney 1/Göz/eye_roi_output/fake/test/combined/fake_test/fake_test_00093__face_00.jpg,3803,1786019020000000000,28c7f1a29267c764c13aa08d7242e6456b090dd27d99e59bf5b74bc5f7ea5d5d
/content/drive/MyDrive/AISC DeepFake Çalışmaları/Deneyler/Kader/Deney 1/Göz/eye_roi_output/fake/test/combined/fake_test/fake_test_00094__face_00.jpg,4811,1786019020000000000,1447ca11669c7a089d1b7245081bd1dd26889b4c2618b872400d10f7171fce3d
/content/drive/MyDrive/AISC DeepFake Çalışmaları/Deneyler/Kader/Deney 1/Göz/eye_roi_output/fake/test/combined/fake_test/fake_test_00095__face_00.jpg,5931,1786019020000000000,e33c7c76123e4647a45c07b83cbfc1438971deb0d744d51cf1da17d78d2dd42e
/content/drive/MyDrive/AISC DeepFake Çalışmaları/Deneyler/Kader/Deney 1/Göz/eye_roi_output/fake/test/combined/fake_test/fake_test_00096__face_00.jpg,5081,1786019021000000000,e447618cb659307e86204bee1879a499b549c985d6d989c4f0d475c59d3c109d
/content/drive/MyDrive/AISC DeepFake Çalışmaları/Deneyler/Kader/Deney 1/Göz/eye_roi_output/fake/test/combined/fake_test/fake_test_00097__face_00.jpg,5122,1786019021000000000,45af52eb8680e18d2461e87950b6c4a540240b962284950d3956e45ad727a85d
/content/drive/MyDrive/AISC DeepFake Çalışmaları/Deneyler/Kader/Deney 1/Göz/eye_roi_output/fake/test/combined/fake_test/fake_test_00098__face_00.jpg,4448,1786019021000000000,8e0bc26635ef7fee1d426218ba8594a501f8cbccbf609247e323dc6b547adf8e
/content/drive/MyDrive/AISC DeepFake Çalışmaları/Deneyler/Kader/Deney 1/Göz/eye_roi_output/fake/test/combined/fake_test/fake_test_00099__face_00.jpg,4713,1786019021000000000,f992afea79a3611d4f5f904ceba8c6b575f63e04753a9435189f880ad08556da
/content/drive/MyDrive/AISC DeepFake Çalışmaları/Deneyler/Kader/Deney 1/Göz/eye_roi_output/fake/test/combined/fake_test/fake_test_00100__face_00.jpg,5564,1786019021000000000,e2e1f9281ebe492f7183178f1672900874f4d66b93054d2ff92cfcbaeb703214
/content/drive/MyDrive/AISC DeepFake Çalışmaları/Deneyler/Kader/Deney 1/Göz/eye_roi_output/fake/test/combined/fake_test/fake_test_00101__face_00.jpg,5153,1786019021000000000,f7b3c6f966331504ec682a47ebde37a4ecc2801cb5dd5109320ce2c1c458f626
/content/drive/MyDrive/AISC DeepFake Çalışmaları/Deneyler/Kader/Deney 1/Göz/eye_roi_output/fake/test/combined/fake_test/fake_test_00102__face_00.jpg,7676,1786019022000000000,df953b20c6f0f358ba131d3df681f0c8a40f28325856b3ff797fd44dab339e65
/content/drive/MyDrive/AISC DeepFake Çalışmaları/Deneyler/Kader/Deney 1/Göz/eye_roi_output/fake/test/combined/fake_test/fake_test_00103__face_00.jpg,4331,1786019022000000000,4e0dcd110310e89dde43f761369805649499727189d79c26ac3ec17fb0697e6c
/content/drive/MyDrive/AISC DeepFake Çalışmaları/Deneyler/Kader/Deney 1/Göz/eye_roi_output/fake/test/combined/fake_test/fake_test_00104__face_00.jpg,6083,1786019022000000000,5c30d9178f60f7497e13343ee7bc6c5d6429c1ed10d667546f9906d544cd8d3e
/content/drive/MyDrive/AISC DeepFake Çalışmaları/Deneyler/Kader/Deney 1/Göz/eye_roi_output/fake/test/combined/fake_test/fake_test_00105__face_00.jpg,7098,1786019022000000000,65e5e0884bbfaafc651643376b885e0c37c3373ea200e77665497897ceeafcb7
/content/drive/MyDrive/AISC DeepFake Çalışmaları/Deneyler/Kader/Deney 1/Göz/eye_roi_output/fake/test/combined/fake_test/fake_test_00106__face_00.jpg,4164,1786019022000000000,3e520bc23f552d0ea082ebf1a8eec1db85fdc8aac83f8a47df93e630a8d2e31e
/content/drive/MyDrive/AISC DeepFake Çalışmaları/Deneyler/Kader/Deney 1/Göz/eye_roi_output/fake/test/combined/fake_test/fake_test_00107__face_00.jpg,4724,1786019022000000000,22002403b477c22628a1ea82a36392dbf1671c583b148d685184d9491793a700
/content/drive/MyDrive/AISC DeepFake Çalışmaları/Deneyler/Kader/Deney 1/Göz/eye_roi_output/fake/test/combined/fake_test/fake_test_00108__face_00.jpg,5175,1786019022000000000,6695870d8946531946e104c821c28c4f6143754739b71097c6e75d9798c9ab71
/content/drive/MyDrive/AISC DeepFake Çalışmaları/Deneyler/Kader/Deney 1/Göz/eye_roi_output/fake/test/combined/fake_test/fake_test_00108__face_01.jpg,5386,1786019023000000000,eb22715f99db6d1ca3a3d32b77f6e32990b3d492fdccdf0f3d51606956fc1ad9
/content/drive/MyDrive/AISC DeepFake Çalışmaları/Deneyler/Kader/Deney 1/Göz/eye_roi_output/fake/test/combined/fake_test/fake_test_00109__face_00.jpg,3746,1786019023000000000,cc30ee7f2e5c14c31a8133e37a3fe0c36b32aa287bac2514fce4f495df9b6d52
/content/drive/MyDrive/AISC DeepFake Çalışmaları/Deneyler/Kader/Deney 1/Göz/eye_roi_output/fake/test/combined/fake_test/fake_test_00110__face_00.jpg,4947,1786019023000000000,4d3cf70d545c52ef3685b0e0f1a2eb40f3f39e0d1676f1b877a9f4b13e1a171e
/content/drive/MyDrive/AISC DeepFake Çalışmaları/Deneyler/Kader/Deney 1/Göz/eye_roi_output/fake/test/combined/fake_test/fake_test_00112__face_00.jpg,6009,1786019023000000000,9dc2755c64b0d326071f440e6b26d6f132b9b70cb9d123dd0f2f02646eb8bd8f
/content/drive/MyDrive/AISC DeepFake Çalışmaları/Deneyler/Kader/Deney 1/Göz/eye_roi_output/fake/test/combined/fake_test/fake_test_00113__face_00.jpg,5183,1786019023000000000,51e0a758cd41e8b56b209ef889e697b89be0fdabd346fc3ff85eabbd60a4e3aa
/content/drive/MyDrive/AISC DeepFake Çalışmaları/Deneyler/Kader/Deney 1/Göz/eye_roi_output/fake/test/combined/fake_test/fake_test_00114__face_00.jpg,5304,1786019023000000000,85f30e4804a4536f9e7ce19b07f7d33142e15cc2fee54c052990abe9b4889c5c
/content/drive/MyDrive/AISC DeepFake Çalışmaları/Deneyler/Kader/Deney 1/Göz/eye_roi_output/fake/test/combined/fake_test/fake_test_00115__face_00.jpg,4899,1786019023000000000,530c7c85c094b898904eba00713bfca67fa034f2bcc9295c55e83d5cb87a0a36
/content/drive/MyDrive/AISC DeepFake Çalışmaları/Deneyler/Kader/Deney 1/Göz/eye_roi_output/fake/test/combined/fake_test/fake_test_00116__face_00.jpg,4521,1786019024000000000,22f6b0f5fa8a1757bbbe56241e3812416c30261011cdb329cfadd8777d60862d
/content/drive/MyDrive/AISC DeepFake Çalışmaları/Deneyler/Kader/Deney 1/Göz/eye_roi_output/fake/test/combined/fake_test/fake_test_00117__face_00.jpg,4857,1786019024000000000,124acbcd082dccf8d5d50535185b8e65fee8dbe2ea2464fab25ab0b4d6f0555e
/content/drive/MyDrive/AISC DeepFake Çalışmaları/Deneyler/Kader/Deney 1/Göz/eye_roi_output/fake/test/combined/fake_test/fake_test_00118__face_00.jpg,5512,1786019024000000000,51639529121ebc2c79e51535016905c9600f3e913cb4098bef5bd650804bb036
/content/drive/MyDrive/AISC DeepFake Çalışmaları/Deneyler/Kader/Deney 1/Göz/eye_roi_output/fake/test/combined/fake_test/fake_test_00119__face_00.jpg,4731,1786019024000000000,9ef67308c7dc9c33d28e7fff2248310a85adf8b3ceedd419878edaba9bddf986
/content/drive/MyDrive/AISC DeepFake Çalışmaları/Deneyler/Kader/Deney 1/Göz/eye_roi_output/fake/test/combined/fake_test/fake_test_00120__face_00.jpg,4786,1786019025000000000,acd9f9b2d16dcd9df8c541d2e6b42758b824adbdec2f547b7580e5154edab9b9
/content/drive/MyDrive/AISC DeepFake Çalışmaları/Deneyler/Kader/Deney 1/Göz/eye_roi_output/fake/test/combined/fake_test/fake_test_00121__face_00.jpg,5374,1786019025000000000,6057b471ec763655e331119493a23cccea15ebe7a40afa71bd8d7e0831e2e747
/content/drive/MyDrive/AISC DeepFake Çalışmaları/Deneyler/Kader/Deney 1/Göz/eye_roi_output/fake/test/combined/fake_test/fake_test_00122__face_00.jpg,5308,1786019025000000000,d837307011d18ba3e0cfe45ae180fe764c0a8df5bd42f53b94bd6e00106f2089
/content/drive/MyDrive/AISC DeepFake Çalışmaları/Deneyler/Kader/Deney 1/Göz/eye_roi_output/fake/test/combined/fake_test/fake_test_00122__face_01.jpg,6203,1786019025000000000,9da602c1ec30b9429582a0150eeb4bfa728c64e611f56088b1242a33d4cef0b4
/content/drive/MyDrive/AISC DeepFake Çalışmaları/Deneyler/Kader/Deney 1/Göz/eye_roi_output/fake/test/combined/fake_test/fake_test_00123__face_00.jpg,5509,1786019025000000000,48323834cd7567f4f8721dfdeeb86d7b2f7a0ddbc6f1a329bdda9c5085bb89ba
/content/drive/MyDrive/AISC DeepFake Çalışmaları/Deneyler/Kader/Deney 1/Göz/eye_roi_output/fake/test/combined/fake_test/fake_test_00124__face_00.jpg,5712,1786019025000000000,134637fea3496e7e21773b6228d0bc94c5cdc34838914297bc222e26bb39d72d
/content/drive/MyDrive/AISC DeepFake Çalışmaları/Deneyler/Kader/Deney 1/Göz/eye_roi_output/fake/test/combined/fake_test/fake_test_00125__face_00.jpg,4496,1786019025000000000,a49fce5479d14c0a64d96a0cdbaf47d58d2ea83ceae8d4192371f94e4f4d1b8f
/content/drive/MyDrive/AISC DeepFake Çalışmaları/Deneyler/Kader/Deney 1/Göz/eye_roi_output/fake/test/combined/fake_test/fake_test_00126__face_00.jpg,4447,1786019026000000000,f5bef10083dce12c54cc62486549781165fea146981ea27f464b48b26e436bfa
/content/drive/MyDrive/AISC DeepFake Çalışmaları/Deneyler/Kader/Deney 1/Göz/eye_roi_output/fake/test/combined/fake_test/fake_test_00127__face_00.jpg,5211,1786019026000000000,fa399845de8f16cc76415caeb67f8193d87e9b5830419d97496db9538780ce60
/content/drive/MyDrive/AISC DeepFake Çalışmaları/Deneyler/Kader/Deney 1/Göz/eye_roi_output/fake/test/combined/fake_test/fake_test_00128__face_00.jpg,4799,1786019026000000000,f6cfac4a150773b28258befa99629958bbdde58ef3ca5f18ec1d38fed0bb1500
/content/drive/MyDrive/AISC DeepFake Çalışmaları/Deneyler/Kader/Deney 1/Göz/eye_roi_output/fake/test/combined/fake_test/fake_test_00128__face_01.jpg,5139,1786019026000000000,9ead4500adf74ff81a61463e648b3e3e774157d3df0e67a15b9d9a0d7007944c
/content/drive/MyDrive/AISC DeepFake Çalışmaları/Deneyler/Kader/Deney 1/Göz/eye_roi_output/fake/test/combined/fake_test/fake_test_00129__face_00.jpg,4991,1786019026000000000,98ac4ca7d331459eb6caa91fcbbeb8fb2ffcc40b603d48b595355ba6353056b0
/content/drive/MyDrive/AISC DeepFake Çalışmaları/Deneyler/Kader/Deney 1/Göz/eye_roi_output/fake/test/combined/fake_test/fake_test_00130__face_00.jpg,4959,1786019026000000000,dc04760bfcf1cbdb844ceb6fa1b208888b748f0d7d7cc1d76c3490408c504d5a
/content/drive/MyDrive/AISC DeepFake Çalışmaları/Deneyler/Kader/Deney 1/Göz/eye_roi_output/fake/test/combined/fake_test/fake_test_00131__face_00.jpg,4925,1786019026000000000,5ca0155a28c0ecc345c182a71f7eed3b8267fe8d1dbe111585b25076f7411498
/content/drive/MyDrive/AISC DeepFake Çalışmaları/Deneyler/Kader/Deney 1/Göz/eye_roi_output/fake/test/combined/fake_test/fake_test_00132__face_00.jpg,4854,1786019027000000000,7dfe0899ceeffccd6753f8993fd190003e9b9afe486221b7d29db7a18cc5551a
/content/drive/MyDrive/AISC DeepFake Çalışmaları/Deneyler/Kader/Deney 1/Göz/eye_roi_output/fake/test/combined/fake_test/fake_test_00133__face_00.jpg,4383,1786019027000000000,1edd3df8aa365813ed1c16b44b095a8b9eaf4654786f2a28c91935f7eabdc07c
/content/drive/MyDrive/AISC DeepFake Çalışmaları/Deneyler/Kader/Deney 1/Göz/eye_roi_output/fake/test/combined/fake_test/fake_test_00134__face_00.jpg,6564,1786019027000000000,b9ed699c929d60b270404d0716644802a2476dbdf4622da6498351f7087a793b
/content/drive/MyDrive/AISC DeepFake Çalışmaları/Deneyler/Kader/Deney 1/Göz/eye_roi_output/fake/test/combined/fake_test/fake_test_00135__face_00.jpg,4524,1786019027000000000,02662940cda363d2fd9af57e7d1925fa6db8321074213dade0ed4dfb1cf72dbc
/content/drive/MyDrive/AISC DeepFake Çalışmaları/Deneyler/Kader/Deney 1/Göz/eye_roi_output/fake/test/combined/fake_test/fake_test_00136__face_00.jpg,5579,1786019027000000000,4b136fcea44d9844ad489f7a6d483e8d4d5ffe9f529660c7d30a10332eec07cc
/content/drive/MyDrive/AISC DeepFake Çalışmaları/Deneyler/Kader/Deney 1/Göz/eye_roi_output/fake/test/combined/fake_test/fake_test_00137__face_00.jpg,4932,1786019027000000000,3a427366d6176f3c1fbbe6c08ddf15a4f66cb1109bba110df481c380818b6914
/content/drive/MyDrive/AISC DeepFake Çalışmaları/Deneyler/Kader/Deney 1/Göz/eye_roi_output/fake/test/combined/fake_test/fake_test_00138__face_00.jpg,4761,1786019028000000000,d3b6d29d85d94adb1b467bf29443c87235a32c16135af23435e27478956afcd6
/content/drive/MyDrive/AISC DeepFake Çalışmaları/Deneyler/Kader/Deney 1/Göz/eye_roi_output/fake/test/combined/fake_test/fake_test_00139__face_00.jpg,5864,1786019028000000000,8265da114677f82f1d6b5b2a947cd80809d6e5dfea0e525da8ee3e28065f75aa
/content/drive/MyDrive/AISC DeepFake Çalışmaları/Deneyler/Kader/Deney 1/Göz/eye_roi_output/fake/test/combined/fake_test/fake_test_00140__face_00.jpg,4729,1786019028000000000,5b42f9d2dc4aff680dd944e4e4e96ccfe04cdda7fe4aeaf1e064dcda6dd31b6e
/content/drive/MyDrive/AISC DeepFake Çalışmaları/Deneyler/Kader/Deney 1/Göz/eye_roi_output/fake/test/combined/fake_test/fake_test_00141__face_00.jpg,4848,1786019028000000000,3e763869708726e501c3930e0089468529375e546e19c5475a61e864d91604bf
/content/drive/MyDrive/AISC DeepFake Çalışmaları/Deneyler/Kader/Deney 1/Göz/eye_roi_output/fake/test/combined/fake_test/fake_test_00142__face_00.jpg,4924,1786019028000000000,ec33ceb7286d4987c3172d4d09fa2e70d005adccd58fa482d3cf842f36649c77
/content/drive/MyDrive/AISC DeepFake Çalışmaları/Deneyler/Kader/Deney 1/Göz/eye_roi_output/fake/test/combined/fake_test/fake_test_00143__face_00.jpg,4963,1786019028000000000,86b5dc21deb235f9091973354b8cf9158c405302f276ad53ccb68f8cfa57aafb
/content/drive/MyDrive/AISC DeepFake Çalışmaları/Deneyler/Kader/Deney 1/Göz/eye_roi_output/fake/test/combined/fake_test/fake_test_00144__face_00.jpg,4556,1786019028000000000,8309690e50011e16125bdbfcb54d759cdaa5f34d9a531fa5ee0d988ddbac7734
/content/drive/MyDrive/AISC DeepFake Çalışmaları/Deneyler/Kader/Deney 1/Göz/eye_roi_output/fake/test/combined/fake_test/fake_test_00145__face_00.jpg,6664,1786019029000000000,9bbc05f0260bac4afeea5adb84277df00c148532347a98f633f1e12fb78a125b
/content/drive/MyDrive/AISC DeepFake Çalışmaları/Deneyler/Kader/Deney 1/Göz/eye_roi_output/fake/test/combined/fake_test/fake_test_00146__face_00.jpg,5218,1786019029000000000,b5f83c985e0b7ed908d19819ba3226c2cabd75dca69d7201ed16ca4eeba1fba8
/content/drive/MyDrive/AISC DeepFake Çalışmaları/Deneyler/Kader/Deney 1/Göz/eye_roi_output/fake/test/combined/fake_test/fake_test_00147__face_00.jpg,4518,1786019029000000000,e56e5714c08031dc5c3a76c3e8e06c9843e1de3d44fcbafec3841ab544b1ceea
/content/drive/MyDrive/AISC DeepFake Çalışmaları/Deneyler/Kader/Deney 1/Göz/eye_roi_output/fake/test/combined/fake_test/fake_test_00148__face_00.jpg,4749,1786019029000000000,26d8f7e35f7cadc098a7a1916b3ed72699467701dfbdbe241b98a9128ad2f261
/content/drive/MyDrive/AISC DeepFake Çalışmaları/Deneyler/Kader/Deney 1/Göz/eye_roi_output/fake/test/combined/fake_test/fake_test_00149__face_00.jpg,4571,1786019030000000000,ade3b150b00a59e343b0abb11a8a961c6f4fae8e073ef5e64938302d23020d66
/content/drive/MyDrive/AISC DeepFake Çalışmaları/Deneyler/Kader/Deney 1/Göz/eye_roi_output/fake/train/combined/fake_train/fake_train_00000__face_00.jpg,5256,1786019030000000000,beef9757739d2472b3081385199a158c4324a987fc8a13021e3695621cd680e7
/content/drive/MyDrive/AISC DeepFake Çalışmaları/Deneyler/Kader/Deney 1/Göz/eye_roi_output/fake/train/combined/fake_train/fake_train_00001__face_00.jpg,4821,1786019030000000000,cd93d96b2c5ab050013787ac636514f663e14c8365bf1d00c826b86cd5de64ee
/content/drive/MyDrive/AISC DeepFake Çalışmaları/Deneyler/Kader/Deney 1/Göz/eye_roi_output/fake/train/combined/fake_train/fake_train_00002__face_00.jpg,6115,1786019031000000000,55ca47af0fbdc07265e9702b34b00f309f40d647f5e1013ac7df9cf9111d39aa
/content/drive/MyDrive/AISC DeepFake Çalışmaları/Deneyler/Kader/Deney 1/Göz/eye_roi_output/fake/train/combined/fake_train/fake_train_00003__face_00.jpg,5037,1786019031000000000,49cac50269c2734a9cebf4530a2871eaf92950d6deffbaf9a59bae6f7bace884
/content/drive/MyDrive/AISC DeepFake Çalışmaları/Deneyler/Kader/Deney 1/Göz/eye_roi_output/fake/train/combined/fake_train/fake_train_00004__face_00.jpg,5058,1786019032000000000,5cd33306c578e97bfee59a60bff4434636a7f8b31c0f6ee3c776f1a280fa68c4
/content/drive/MyDrive/AISC DeepFake Çalışmaları/Deneyler/Kader/Deney 1/Göz/eye_roi_output/fake/train/combined/fake_train/fake_train_00005__face_00.jpg,5021,1786019032000000000,3adf29901c881927aa22e658d9817f5067b4ec26a088c80d7ce55e9165404b9f
/content/drive/MyDrive/AISC DeepFake Çalışmaları/Deneyler/Kader/Deney 1/Göz/eye_roi_output/fake/train/combined/fake_train/fake_train_00006__face_00.jpg,5935,1786019033000000000,e5d04f7b0b82f6ffb386609a0e197077a4dd60f85504e74a6d8473b3e352b829
/content/drive/MyDrive/AISC DeepFake Çalışmaları/Deneyler/Kader/Deney 1/Göz/eye_roi_output/fake/train/combined/fake_train/fake_train_00007__face_00.jpg,5129,1786019033000000000,9b9fd30debd229abb8f7e1cc4ba51f8190be55f090591a97864bc36f24ceecfd
/content/drive/MyDrive/AISC DeepFake Çalışmaları/Deneyler/Kader/Deney 1/Göz/eye_roi_output/fake/train/combined/fake_train/fake_train_00008__face_00.jpg,5432,1786019034000000000,8c88494ade4c75e1a790964655bc638e281679e524543ec92e71649984907e0c
/content/drive/MyDrive/AISC DeepFake Çalışmaları/Deneyler/Kader/Deney 1/Göz/eye_roi_output/fake/train/combined/fake_train/fake_train_00009__face_00.jpg,4716,1786019034000000000,f88f6352b84add95e762d67b77924c024c4b8551aef806d306f59bbc9c44558e
/content/drive/MyDrive/AISC DeepFake Çalışmaları/Deneyler/Kader/Deney 1/Göz/eye_roi_output/fake/train/combined/fake_train/fake_train_00010__face_00.jpg,5571,1786019035000000000,72252ab1f5f219694d617988ca62a54fa0e37ed29ffcbbb544d51d94c911ac59
/content/drive/MyDrive/AISC DeepFake Çalışmaları/Deneyler/Kader/Deney 1/Göz/eye_roi_output/fake/train/combined/fake_train/fake_train_00011__face_00.jpg,5048,1786019035000000000,bf3db812090130cdb2663d30e9c1f58fb588861024656aa66490f432c9ed7dae
/content/drive/MyDrive/AISC DeepFake Çalışmaları/Deneyler/Kader/Deney 1/Göz/eye_roi_output/fake/train/combined/fake_train/fake_train_00012__face_00.jpg,5025,1786019036000000000,c3ed885385cc9f48ca9548de91f518db4677eec018368556b1e377ad18202df4
/content/drive/MyDrive/AISC DeepFake Çalışmaları/Deneyler/Kader/Deney 1/Göz/eye_roi_output/fake/train/combined/fake_train/fake_train_00013__face_00.jpg,5842,1786019036000000000,2cc1eff6ce8d2920709c21c823aeaa0b32c0ef0e8b32d9711ea2e03871581639
/content/drive/MyDrive/AISC DeepFake Çalışmaları/Deneyler/Kader/Deney 1/Göz/eye_roi_output/fake/train/combined/fake_train/fake_train_00014__face_00.jpg,4347,1786019037000000000,5a08d9fb1da76f04ac2a2fb3068fd21615ff3b196d3ad77e9eb46900f56a0871
/content/drive/MyDrive/AISC DeepFake Çalışmaları/Deneyler/Kader/Deney 1/Göz/eye_roi_output/fake/train/combined/fake_train/fake_train_00015__face_00.jpg,5579,1786019038000000000,2800f2c0a030d22282ba484a18a28b40cd5f88b1cfbe54b86585c1553cc1aad9
/content/drive/MyDrive/AISC DeepFake Çalışmaları/Deneyler/Kader/Deney 1/Göz/eye_roi_output/fake/train/combined/fake_train/fake_train_00016__face_00.jpg,4807,1786019038000000000,41b82994fab3ebf87e51347d4188d241d3057777c587db69b1deadd648f1c810
/content/drive/MyDrive/AISC DeepFake Çalışmaları/Deneyler/Kader/Deney 1/Göz/eye_roi_output/fake/train/combined/fake_train/fake_train_00017__face_00.jpg,5764,1786019038000000000,818805b1c076d88bb979c372dc2fadc348656d3ef58b7af3266d99990a391d96
/content/drive/MyDrive/AISC DeepFake Çalışmaları/Deneyler/Kader/Deney 1/Göz/eye_roi_output/fake/train/combined/fake_train/fake_train_00018__face_00.jpg,4479,1786019039000000000,bda615393e5f187624c3dfa275d0b9a28352a9accc540782cc414cd24c11a219
/content/drive/MyDrive/AISC DeepFake Çalışmaları/Deneyler/Kader/Deney 1/Göz/eye_roi_output/fake/train/combined/fake_train/fake_train_00019__face_00.jpg,5844,1786019039000000000,f653327821a9b02dd495e8c0af98e5f7b9a1af3d49d3456149580d61f6179df9
/content/drive/MyDrive/AISC DeepFake Çalışmaları/Deneyler/Kader/Deney 1/Göz/eye_roi_output/fake/train/combined/fake_train/fake_train_00020__face_00.jpg,4611,1786019040000000000,cdf4c0d2b8ccea3e8f75f821596d3a47d71863e66e0d62969a7716dba95c0ea2
/content/drive/MyDrive/AISC DeepFake Çalışmaları/Deneyler/Kader/Deney 1/Göz/eye_roi_output/fake/train/combined/fake_train/fake_train_00021__face_00.jpg,4326,1786019040000000000,c95d0098cb90baf66a66c76baac51df6c26b0821bef68da183dee0ee65c79cc7
/content/drive/MyDrive/AISC DeepFake Çalışmaları/Deneyler/Kader/Deney 1/Göz/eye_roi_output/fake/train/combined/fake_train/fake_train_00022__face_00.jpg,6391,1786019041000000000,f2d944335019dbfb800dcd06f70fc7b21d554880ac80a194b845a0682fa3cd64
/content/drive/MyDrive/AISC DeepFake Çalışmaları/Deneyler/Kader/Deney 1/Göz/eye_roi_output/fake/train/combined/fake_train/fake_train_00023__face_00.jpg,5080,1786019041000000000,c75e5c533910c7ff8a2d8507faec8dd2c13ddffd7ac59d74b17ad592266ca9b9
/content/drive/MyDrive/AISC DeepFake Çalışmaları/Deneyler/Kader/Deney 1/Göz/eye_roi_output/fake/train/combined/fake_train/fake_train_00024__face_00.jpg,4494,1786019042000000000,7b4892772265aaa6307ecb734ec45800cf08a12c977a0c2a1c0485c85b23cff0
/content/drive/MyDrive/AISC DeepFake Çalışmaları/Deneyler/Kader/Deney 1/Göz/eye_roi_output/fake/train/combined/fake_train/fake_train_00025__face_00.jpg,4576,1786019042000000000,3d98ccc82e2ad55c7e9fa3d02daa3e09c47225fe55cd140c29fb45d2a271a1f5
/content/drive/MyDrive/AISC DeepFake Çalışmaları/Deneyler/Kader/Deney 1/Göz/eye_roi_output/fake/train/combined/fake_train/fake_train_00026__face_00.jpg,3558,1786019042000000000,aece42d4842f82c115052dd1a0dd249ec28d9900c613c87ca88aa1fe8375f444
/content/drive/MyDrive/AISC DeepFake Çalışmaları/Deneyler/Kader/Deney 1/Göz/eye_roi_output/fake/train/combined/fake_train/fake_train_00027__face_00.jpg,5359,1786019043000000000,da6e95912d9d51ba002b72c5dc8ac27045101eabb29a6b997eb31b93d19805f1
/content/drive/MyDrive/AISC DeepFake Çalışmaları/Deneyler/Kader/Deney 1/Göz/eye_roi_output/fake/train/combined/fake_train/fake_train_00028__face_00.jpg,4477,1786019043000000000,1920ee6a7b050a7cee767aa44fad380ffdb5ea43bb5fe8f0064632704e62c13a
/content/drive/MyDrive/AISC DeepFake Çalışmaları/Deneyler/Kader/Deney 1/Göz/eye_roi_output/fake/train/combined/fake_train/fake_train_00028__face_01.jpg,5314,1786019043000000000,74eb28807d4468d83097f49f0be3a06f0ebfdb9b50e89b89a2477eb8e83e9a78
/content/drive/MyDrive/AISC DeepFake Çalışmaları/Deneyler/Kader/Deney 1/Göz/eye_roi_output/fake/train/combined/fake_train/fake_train_00029__face_00.jpg,6783,1786019044000000000,85506ac7ba976ac459af7a8fdeae80fbaf59633df37a04d024048f4ae24e3122
/content/drive/MyDrive/AISC DeepFake Çalışmaları/Deneyler/Kader/Deney 1/Göz/eye_roi_output/fake/train/combined/fake_train/fake_train_00030__face_00.jpg,5075,1786019044000000000,59ae4a3d804d6254ca3b0c5e2e11a9944d0bd163617e57f0b45aa45f8c33133a
/content/drive/MyDrive/AISC DeepFake Çalışmaları/Deneyler/Kader/Deney 1/Göz/eye_roi_output/fake/train/combined/fake_train/fake_train_00031__face_00.jpg,5688,1786019045000000000,9307b120af3ad533e74ae4b302c97b0f9f5a8a946b9753296d48971521626d19
/content/drive/MyDrive/AISC DeepFake Çalışmaları/Deneyler/Kader/Deney 1/Göz/eye_roi_output/fake/train/combined/fake_train/fake_train_00032__face_00.jpg,5039,1786019045000000000,cef408e07d1c7b834e0ef50ff1778409745fb63afb9b7f27202b6c3a19f2f7f3
/content/drive/MyDrive/AISC DeepFake Çalışmaları/Deneyler/Kader/Deney 1/Göz/eye_roi_output/fake/train/combined/fake_train/fake_train_00033__face_00.jpg,5676,1786019046000000000,6cad2f7c1a044c854c3936aad2228c1b60a208323b165eeafe2ceace39e7053a
/content/drive/MyDrive/AISC DeepFake Çalışmaları/Deneyler/Kader/Deney 1/Göz/eye_roi_output/fake/train/combined/fake_train/fake_train_00033__face_01.jpg,5041,1786019046000000000,fb41e4dd5cb28945330aece9139e7bb16fe42dfded288d667c7d177019218f37
/content/drive/MyDrive/AISC DeepFake Çalışmaları/Deneyler/Kader/Deney 1/Göz/eye_roi_output/fake/train/combined/fake_train/fake_train_00034__face_00.jpg,6177,1786019046000000000,eed2528868fffb5bd852fefed0c1d7ce2d1b8e47626fe74fd2da86c073d085f7
/content/drive/MyDrive/AISC DeepFake Çalışmaları/Deneyler/Kader/Deney 1/Göz/eye_roi_output/fake/train/combined/fake_train/fake_train_00035__face_00.jpg,5202,1786019047000000000,db8d6e3773ac95266a21a09113ca61b38824f75c17e9484079a6b34b0a5fa922
/content/drive/MyDrive/AISC DeepFake Çalışmaları/Deneyler/Kader/Deney 1/Göz/eye_roi_output/fake/train/combined/fake_train/fake_train_00037__face_00.jpg,5163,1786019048000000000,1df08a1da2c0612fcd83bd2f81cefdcccc551f27ade1f9708b26217c0c2b8319
/content/drive/MyDrive/AISC DeepFake Çalışmaları/Deneyler/Kader/Deney 1/Göz/eye_roi_output/fake/train/combined/fake_train/fake_train_00038__face_00.jpg,5421,1786019048000000000,4a38b843120bb689655a98e7d6c3da141ec1c5d3e11db214196a9e9f20ac14df
/content/drive/MyDrive/AISC DeepFake Çalışmaları/Deneyler/Kader/Deney 1/Göz/eye_roi_output/fake/train/combined/fake_train/fake_train_00039__face_00.jpg,5017,1786019048000000000,e80e74fbd765bba9a5b0f61a1c3091f62a0de7854ed3021c7816f2d85761af28
/content/drive/MyDrive/AISC DeepFake Çalışmaları/Deneyler/Kader/Deney 1/Göz/eye_roi_output/fake/train/combined/fake_train/fake_train_00040__face_00.jpg,5569,1786019049000000000,6336e5497e1123df05c13d6ccb5aaa6d614804720b389a3d3f6a9333bf604be4
/content/drive/MyDrive/AISC DeepFake Çalışmaları/Deneyler/Kader/Deney 1/Göz/eye_roi_output/fake/train/combined/fake_train/fake_train_00041__face_00.jpg,4834,1786019049000000000,e03ef3d8fe6cba98620dc4f7a87dd792c8872f215a93e13dfd1d11d0ab6f39f6
/content/drive/MyDrive/AISC DeepFake Çalışmaları/Deneyler/Kader/Deney 1/Göz/eye_roi_output/fake/train/combined/fake_train/fake_train_00042__face_00.jpg,4212,1786019050000000000,ea07dbcbdbfad84cdc034fbe04f3b9ba76643abfc9cbebac0b9b0d160410cca6
/content/drive/MyDrive/AISC DeepFake Çalışmaları/Deneyler/Kader/Deney 1/Göz/eye_roi_output/fake/train/combined/fake_train/fake_train_00043__face_00.jpg,5691,1786019050000000000,eed6e803caa7c32326246e1457e6e94b72fa0a49cbf051cef03db667015c2c97
/content/drive/MyDrive/AISC DeepFake Çalışmaları/Deneyler/Kader/Deney 1/Göz/eye_roi_output/fake/train/combined/fake_train/fake_train_00044__face_00.jpg,5272,1786019050000000000,b79473340d40c888a0137bd89dbaffe19bbc92571a3f9b941350078be867cc1c
/content/drive/MyDrive/AISC DeepFake Çalışmaları/Deneyler/Kader/Deney 1/Göz/eye_roi_output/fake/train/combined/fake_train/fake_train_00045__face_00.jpg,5812,1786019051000000000,cd4be51e1282f76c551cbb4ea80330950593a541685ed53facd6a212d9beb374
/content/drive/MyDrive/AISC DeepFake Çalışmaları/Deneyler/Kader/Deney 1/Göz/eye_roi_output/fake/train/combined/fake_train/fake_train_00046__face_00.jpg,5727,1786019052000000000,48be9a156f846b6d5f554694ee6093efb85a8dde92232f3fd3c685e3100b42b5
/content/drive/MyDrive/AISC DeepFake Çalışmaları/Deneyler/Kader/Deney 1/Göz/eye_roi_output/fake/train/combined/fake_train/fake_train_00047__face_00.jpg,5562,1786019052000000000,0c205cf3b8a8b2e16cbfd65cab6d8b4681717231b0a1d7afa39026c6accea9ef
/content/drive/MyDrive/AISC DeepFake Çalışmaları/Deneyler/Kader/Deney 1/Göz/eye_roi_output/fake/train/combined/fake_train/fake_train_00048__face_00.jpg,7490,1786019053000000000,73be339b19a0fec465fe0a78648ef9cebf8ce7b151be466c5cb5d9879b919bee
/content/drive/MyDrive/AISC DeepFake Çalışmaları/Deneyler/Kader/Deney 1/Göz/eye_roi_output/fake/train/combined/fake_train/fake_train_00049__face_00.jpg,4552,1786019053000000000,e3ad1e4911a93204ba5406f2cf6e6e590de422b8087a2e416f534ac71f44c67d
/content/drive/MyDrive/AISC DeepFake Çalışmaları/Deneyler/Kader/Deney 1/Göz/eye_roi_output/fake/train/combined/fake_train/fake_train_00050__face_00.jpg,5251,1786019053000000000,8e72dfef1c271f9fd9786405c7057028bc645c3b267e3abda9669df908876693
/content/drive/MyDrive/AISC DeepFake Çalışmaları/Deneyler/Kader/Deney 1/Göz/eye_roi_output/fake/train/combined/fake_train/fake_train_00051__face_00.jpg,5689,1786019054000000000,6926c160159ffea353d00d13ff07b7bfeca527c2a6b82430b98c127ff494c841
/content/drive/MyDrive/AISC DeepFake Çalışmaları/Deneyler/Kader/Deney 1/Göz/eye_roi_output/fake/train/combined/fake_train/fake_train_00052__face_00.jpg,4915,1786019054000000000,564b7ce0f9987c32133670d83240662bea181d967333d9ee329629344cbbca72
/content/drive/MyDrive/AISC DeepFake Çalışmaları/Deneyler/Kader/Deney 1/Göz/eye_roi_output/fake/train/combined/fake_train/fake_train_00053__face_00.jpg,4422,1786019055000000000,f8b8c23ac743f5c76aed600b9850583b7273cda8d5b9c8850d9c4eb64ec6ab5d
/content/drive/MyDrive/AISC DeepFake Çalışmaları/Deneyler/Kader/Deney 1/Göz/eye_roi_output/fake/train/combined/fake_train/fake_train_00054__face_00.jpg,4767,1786019055000000000,993d28a423790ee6db3bc0c27192fd79f822d683d19045d4e960b6e9b79c89ad
/content/drive/MyDrive/AISC DeepFake Çalışmaları/Deneyler/Kader/Deney 1/Göz/eye_roi_output/fake/train/combined/fake_train/fake_train_00055__face_00.jpg,5067,1786019056000000000,99cc5ced832ea2b74836f6c8de088519797f5a4a6e2a8ff5e89e3d70ae81cc7d
/content/drive/MyDrive/AISC DeepFake Çalışmaları/Deneyler/Kader/Deney 1/Göz/eye_roi_output/fake/train/combined/fake_train/fake_train_00056__face_00.jpg,4937,1786019056000000000,bd8466449c76ca9eb2d5f0fb4116c21cbdc33bd7be704aadecf762bc4f58df7a
/content/drive/MyDrive/AISC DeepFake Çalışmaları/Deneyler/Kader/Deney 1/Göz/eye_roi_output/fake/train/combined/fake_train/fake_train_00057__face_00.jpg,4526,1786019056000000000,5be1fcdef54fe5f12381ec584963c057d92af3ad131115e41c7f5f552f108959
/content/drive/MyDrive/AISC DeepFake Çalışmaları/Deneyler/Kader/Deney 1/Göz/eye_roi_output/fake/train/combined/fake_train/fake_train_00058__face_00.jpg,5782,1786019057000000000,30ee2dad7e9764084db48fc2e7a92c9f7835cfc411c8396d176acbfa24c7df4e
/content/drive/MyDrive/AISC DeepFake Çalışmaları/Deneyler/Kader/Deney 1/Göz/eye_roi_output/fake/train/combined/fake_train/fake_train_00059__face_00.jpg,4112,1786019057000000000,752f9c72c20d7873d51808fb9ac3624a5c37a58bc52ca7817d849bff227b6527
/content/drive/MyDrive/AISC DeepFake Çalışmaları/Deneyler/Kader/Deney 1/Göz/eye_roi_output/fake/train/combined/fake_train/fake_train_00060__face_00.jpg,4792,1786019058000000000,1976c0cac2a66fef9089b728fa7b5d62f7892d419e316255aebafd795b9c0e57
/content/drive/MyDrive/AISC DeepFake Çalışmaları/Deneyler/Kader/Deney 1/Göz/eye_roi_output/fake/train/combined/fake_train/fake_train_00061__face_00.jpg,3973,1786019058000000000,f9a1db77296eef3bdcd0b9798784b82b27fcc74e9fb0460b3e3518b1e0437bc0
/content/drive/MyDrive/AISC DeepFake Çalışmaları/Deneyler/Kader/Deney 1/Göz/eye_roi_output/fake/train/combined/fake_train/fake_train_00062__face_00.jpg,6087,1786019059000000000,193f23641f66bbb88ff99344b743c0fd276dd1e155f88c7f87b75c0925b2aea5
/content/drive/MyDrive/AISC DeepFake Çalışmaları/Deneyler/Kader/Deney 1/Göz/eye_roi_output/fake/train/combined/fake_train/fake_train_00063__face_00.jpg,4986,1786019059000000000,5b80d2937b2cab9c93aecf750839e1818dff386fdc27cc20e99ebf98006d1cf2
/content/drive/MyDrive/AISC DeepFake Çalışmaları/Deneyler/Kader/Deney 1/Göz/eye_roi_output/fake/train/combined/fake_train/fake_train_00064__face_00.jpg,4866,1786019060000000000,9a3c9f90b054e00a2cdfd41d3f58edcd9f93e56339d01cdeba441f71642f05ca
/content/drive/MyDrive/AISC DeepFake Çalışmaları/Deneyler/Kader/Deney 1/Göz/eye_roi_output/fake/train/combined/fake_train/fake_train_00065__face_00.jpg,5670,1786019060000000000,2037a752a690205d1e5d0aaf669923d86e002f1d4ebf96a4e02b5770ef9c769f
/content/drive/MyDrive/AISC DeepFake Çalışmaları/Deneyler/Kader/Deney 1/Göz/eye_roi_output/fake/train/combined/fake_train/fake_train_00066__face_00.jpg,5444,1786019061000000000,447020bec090ece8997a3d784c34b15bfb7812b3748a42b0318a38abacd1ec0f
/content/drive/MyDrive/AISC DeepFake Çalışmaları/Deneyler/Kader/Deney 1/Göz/eye_roi_output/fake/train/combined/fake_train/fake_train_00067__face_00.jpg,5650,1786019061000000000,74813279e55e87791963639e9c132e95805c864c99b55639fd6bb059b5c64c84
/content/drive/MyDrive/AISC DeepFake Çalışmaları/Deneyler/Kader/Deney 1/Göz/eye_roi_output/fake/train/combined/fake_train/fake_train_00068__face_00.jpg,4707,1786019062000000000,ccfe6a75eaf52ac39556eb6ccafcae97e76f255483b9cee991eedff111905d75
/content/drive/MyDrive/AISC DeepFake Çalışmaları/Deneyler/Kader/Deney 1/Göz/eye_roi_output/fake/train/combined/fake_train/fake_train_00069__face_00.jpg,5522,1786019062000000000,6d9b22672431c8cd7c0ccef46caad6e2296d64cfc37ffd4e36efad735733e70d
/content/drive/MyDrive/AISC DeepFake Çalışmaları/Deneyler/Kader/Deney 1/Göz/eye_roi_output/fake/train/combined/fake_train/fake_train_00070__face_00.jpg,4753,1786019063000000000,c4cc833c70126c7e7aa05a7497994fb1fc5d556d43af099e57b46d695879ca48
/content/drive/MyDrive/AISC DeepFake Çalışmaları/Deneyler/Kader/Deney 1/Göz/eye_roi_output/fake/train/combined/fake_train/fake_train_00071__face_00.jpg,4788,1786019063000000000,e5d038def3e512613b9470c44b06ca956de7d06197c04704b2cee3cfc5a74bc8
/content/drive/MyDrive/AISC DeepFake Çalışmaları/Deneyler/Kader/Deney 1/Göz/eye_roi_output/fake/train/combined/fake_train/fake_train_00072__face_00.jpg,4806,1786019064000000000,4b2166e6d38a570f9b769447d1e02daebf4a62623154ee530a4a85f0fcd250b2
/content/drive/MyDrive/AISC DeepFake Çalışmaları/Deneyler/Kader/Deney 1/Göz/eye_roi_output/fake/train/combined/fake_train/fake_train_00072__face_01.jpg,4295,1786019064000000000,623b195e3b5a6c50f37bbf470861c1a6998fada9ffb35c625064ed419b51010f
/content/drive/MyDrive/AISC DeepFake Çalışmaları/Deneyler/Kader/Deney 1/Göz/eye_roi_output/fake/train/combined/fake_train/fake_train_00073__face_00.jpg,4475,1786019064000000000,59ca00ad27ecbe771b5d4d45d8c4e2d743e57cfe97554cc397ce071e2838a509
/content/drive/MyDrive/AISC DeepFake Çalışmaları/Deneyler/Kader/Deney 1/Göz/eye_roi_output/fake/train/combined/fake_train/fake_train_00074__face_00.jpg,4213,1786019065000000000,fe1c3d3d7ac4a7d0101f11c9605b5084ddae0df686160a48c17eb3445c6a929c
/content/drive/MyDrive/AISC DeepFake Çalışmaları/Deneyler/Kader/Deney 1/Göz/eye_roi_output/fake/train/combined/fake_train/fake_train_00075__face_00.jpg,4016,1786019065000000000,1e45e6033e47230342d87285db19ab0c746fb33cb14d64c887d08e94831bc518
/content/drive/MyDrive/AISC DeepFake Çalışmaları/Deneyler/Kader/Deney 1/Göz/eye_roi_output/fake/train/combined/fake_train/fake_train_00076__face_00.jpg,5188,1786019066000000000,2f4800c0f899782cf7a2c54ad3d9499c60190bc987c50e666b42c9f5012a8eb2
/content/drive/MyDrive/AISC DeepFake Çalışmaları/Deneyler/Kader/Deney 1/Göz/eye_roi_output/fake/train/combined/fake_train/fake_train_00077__face_00.jpg,4718,1786019066000000000,55c44401b4098993d69ad30125b63a7cc243c483f99bc472ba993cbe4b96893a
/content/drive/MyDrive/AISC DeepFake Çalışmaları/Deneyler/Kader/Deney 1/Göz/eye_roi_output/fake/train/combined/fake_train/fake_train_00078__face_00.jpg,4759,1786019066000000000,caba7287ddb3d52f2b7b3000d70e82947471ed96cf094ab2d7ab8095d9e6b2c4
/content/drive/MyDrive/AISC DeepFake Çalışmaları/Deneyler/Kader/Deney 1/Göz/eye_roi_output/fake/train/combined/fake_train/fake_train_00079__face_00.jpg,5447,1786019067000000000,a408f9fed252eab121de14ce8df3870cf7e7c1e172bb8894e503221fbec7aecc
/content/drive/MyDrive/AISC DeepFake Çalışmaları/Deneyler/Kader/Deney 1/Göz/eye_roi_output/fake/train/combined/fake_train/fake_train_00080__face_00.jpg,7651,1786019067000000000,bdb53b1ecc535df29fdd0b4ea14baa2f07bc755d0b13a5d9ea0e9b9d40894c26
/content/drive/MyDrive/AISC DeepFake Çalışmaları/Deneyler/Kader/Deney 1/Göz/eye_roi_output/fake/train/combined/fake_train/fake_train_00082__face_00.jpg,5168,1786019068000000000,22d2497fa0ad81eee0132b6b879cf090f274c7131697a585eb155c63937a8359
/content/drive/MyDrive/AISC DeepFake Çalışmaları/Deneyler/Kader/Deney 1/Göz/eye_roi_output/fake/train/combined/fake_train/fake_train_00083__face_00.jpg,5483,1786019068000000000,45b0683ecb396a9181eab88e7e1780263e13a1da4f51916e089f145ce940845b
/content/drive/MyDrive/AISC DeepFake Çalışmaları/Deneyler/Kader/Deney 1/Göz/eye_roi_output/fake/train/combined/fake_train/fake_train_00084__face_00.jpg,5274,1786019069000000000,a305c65359ed5e5d6a5fd9669a705262917d892404f95593c0b3efa79198c590
/content/drive/MyDrive/AISC DeepFake Çalışmaları/Deneyler/Kader/Deney 1/Göz/eye_roi_output/fake/train/combined/fake_train/fake_train_00085__face_00.jpg,6621,1786019069000000000,48dc4c765d88f397df6a950aed05bacb0a6bdbf7827fc322c44de410d218e870
/content/drive/MyDrive/AISC DeepFake Çalışmaları/Deneyler/Kader/Deney 1/Göz/eye_roi_output/fake/train/combined/fake_train/fake_train_00086__face_00.jpg,6639,1786019070000000000,07815a1ce27b68e2aabb0df2705f2ad5c5dddf4ef1c106dfa84f23aa75143408
/content/drive/MyDrive/AISC DeepFake Çalışmaları/Deneyler/Kader/Deney 1/Göz/eye_roi_output/fake/train/combined/fake_train/fake_train_00087__face_00.jpg,4371,1786019070000000000,54e36a5acbe80c3632d3a4d469aa9f70322c3e72c9d807d74ee1196e558789c1
/content/drive/MyDrive/AISC DeepFake Çalışmaları/Deneyler/Kader/Deney 1/Göz/eye_roi_output/fake/train/combined/fake_train/fake_train_00088__face_00.jpg,4913,1786019070000000000,c41fd53c14db1ce2621f501d56f409f6e8a9b6045337ea4d5cad070610df0ae0
/content/drive/MyDrive/AISC DeepFake Çalışmaları/Deneyler/Kader/Deney 1/Göz/eye_roi_output/fake/train/combined/fake_train/fake_train_00089__face_00.jpg,5051,1786019071000000000,362c69718426e507976b9d583dfc45d261f23b6ef140d77e6c3ae1b3f763bd54
/content/drive/MyDrive/AISC DeepFake Çalışmaları/Deneyler/Kader/Deney 1/Göz/eye_roi_output/fake/train/combined/fake_train/fake_train_00090__face_00.jpg,4905,1786019071000000000,8236e3baecaf509c71bac204a56be7a04e9338cfc95f0f7361752ef920567ac3
/content/drive/MyDrive/AISC DeepFake Çalışmaları/Deneyler/Kader/Deney 1/Göz/eye_roi_output/fake/train/combined/fake_train/fake_train_00091__face_00.jpg,5074,1786019072000000000,0e137f9c39336e8741c34fe7a6f913e82db45ceeb4b03297fae401595a7792e0
/content/drive/MyDrive/AISC DeepFake Çalışmaları/Deneyler/Kader/Deney 1/Göz/eye_roi_output/fake/train/combined/fake_train/fake_train_00092__face_00.jpg,4992,1786019072000000000,dd1f501facb5d731d0f602be9d2079671baf3957f3d577b16165959ea794e4f0
/content/drive/MyDrive/AISC DeepFake Çalışmaları/Deneyler/Kader/Deney 1/Göz/eye_roi_output/fake/train/combined/fake_train/fake_train_00093__face_00.jpg,4819,1786019073000000000,fc352d4bfbd499cd8a4f506f1d502ed925fb9c467db3a95cc193f683188939d9
/content/drive/MyDrive/AISC DeepFake Çalışmaları/Deneyler/Kader/Deney 1/Göz/eye_roi_output/fake/train/combined/fake_train/fake_train_00094__face_00.jpg,4475,1786019073000000000,88b1db3b0b0ff203b9682060b6e0128a62805c188a7c947d78812faf28e87a88
/content/drive/MyDrive/AISC DeepFake Çalışmaları/Deneyler/Kader/Deney 1/Göz/eye_roi_output/fake/train/combined/fake_train/fake_train_00096__face_00.jpg,5194,1786019074000000000,7dc9dd7aed47005d854567f98a48ad15a62c9702a59b73b9ceead6e330adf50a
/content/drive/MyDrive/AISC DeepFake Çalışmaları/Deneyler/Kader/Deney 1/Göz/eye_roi_output/fake/train/combined/fake_train/fake_train_00097__face_00.jpg,5420,1786019075000000000,7f739ebe02db7e4d8fc91952c2090bbc982cd5bdd04b89f5b02aa6e51b1ff7ce
/content/drive/MyDrive/AISC DeepFake Çalışmaları/Deneyler/Kader/Deney 1/Göz/eye_roi_output/fake/train/combined/fake_train/fake_train_00098__face_00.jpg,4465,1786019075000000000,348e0981577b3e1a0a16fa0f1324cad69f003ddc469e5b8068b699e2e0782698
/content/drive/MyDrive/AISC DeepFake Çalışmaları/Deneyler/Kader/Deney 1/Göz/eye_roi_output/fake/train/combined/fake_train/fake_train_00099__face_00.jpg,4905,1786019076000000000,e92b1a592fb8a8ffb3f24e86cc81bef688a20ed3fdf9350fa78c788a64c01b08
/content/drive/MyDrive/AISC DeepFake Çalışmaları/Deneyler/Kader/Deney 1/Göz/eye_roi_output/fake/train/combined/fake_train/fake_train_00100__face_00.jpg,5534,1786019076000000000,ec530086aedab391e4285ca69e976222a696c5c52905620fb5d699974c4bfdcf
/content/drive/MyDrive/AISC DeepFake Çalışmaları/Deneyler/Kader/Deney 1/Göz/eye_roi_output/fake/train/combined/fake_train/fake_train_00101__face_00.jpg,4791,1786019076000000000,955ffba72048b11b49bb9de912e02310eaea64de1b6515b8eb6d0a2e0d8a1e83
/content/drive/MyDrive/AISC DeepFake Çalışmaları/Deneyler/Kader/Deney 1/Göz/eye_roi_output/fake/train/combined/fake_train/fake_train_00102__face_00.jpg,5174,1786019077000000000,f8aaca1722661e07516e280e2f9a1b4cf530c24fb725cf5a58a1461ee00f9fd9
/content/drive/MyDrive/AISC DeepFake Çalışmaları/Deneyler/Kader/Deney 1/Göz/eye_roi_output/fake/train/combined/fake_train/fake_train_00103__face_00.jpg,4718,1786019077000000000,6b72589a27811eee8d2e740316e798c9a208e0bc3b48ecbb5234dc3c00076a22
/content/drive/MyDrive/AISC DeepFake Çalışmaları/Deneyler/Kader/Deney 1/Göz/eye_roi_output/fake/train/combined/fake_train/fake_train_00104__face_00.jpg,5541,1786019078000000000,f20a55de42e5b5c940c138ed38565679cbeab2335b558e5a4941cb0bbc32ed7c
/content/drive/MyDrive/AISC DeepFake Çalışmaları/Deneyler/Kader/Deney 1/Göz/eye_roi_output/fake/train/combined/fake_train/fake_train_00105__face_00.jpg,5673,1786019079000000000,1aec5bdf81002bae8ed45cf9578f7eabc6697d5c71ec45ac035f9effbdf31c12
/content/drive/MyDrive/AISC DeepFake Çalışmaları/Deneyler/Kader/Deney 1/Göz/eye_roi_output/fake/train/combined/fake_train/fake_train_00106__face_00.jpg,5363,1786019079000000000,26728de61f1623ec2c25d069c6eb19eeb42b58bb9b74dc6be138dcb9ae2d1a1d
/content/drive/MyDrive/AISC DeepFake Çalışmaları/Deneyler/Kader/Deney 1/Göz/eye_roi_output/fake/train/combined/fake_train/fake_train_00107__face_00.jpg,5248,1786019080000000000,91e70e3099604c9be78211d8e731add0d0c284c5b28c04562cd1aaf599878df5
/content/drive/MyDrive/AISC DeepFake Çalışmaları/Deneyler/Kader/Deney 1/Göz/eye_roi_output/fake/train/combined/fake_train/fake_train_00108__face_00.jpg,4924,1786019080000000000,49f3587a5db05a9bbb1f2cd83d2291f1d429bd5d157d34ef81d67947b0f1a6b2
/content/drive/MyDrive/AISC DeepFake Çalışmaları/Deneyler/Kader/Deney 1/Göz/eye_roi_output/fake/train/combined/fake_train/fake_train_00109__face_00.jpg,5445,1786019080000000000,40daa0e92b85892f9c90dfeb510b231f3c1119272cfe336a970a77a0c22adcfd
/content/drive/MyDrive/AISC DeepFake Çalışmaları/Deneyler/Kader/Deney 1/Göz/eye_roi_output/fake/train/combined/fake_train/fake_train_00110__face_00.jpg,5235,1786019081000000000,ffbfd850dd86bbcadf38aae57db1fdd360cd5e72b24e2eb31f0e50f926c43f5a
/content/drive/MyDrive/AISC DeepFake Çalışmaları/Deneyler/Kader/Deney 1/Göz/eye_roi_output/fake/train/combined/fake_train/fake_train_00111__face_00.jpg,4401,1786019081000000000,c754e97b7214c3d30be6215c7c56505c1fbfd9a76d3ab45012415e05e9ed5e44
/content/drive/MyDrive/AISC DeepFake Çalışmaları/Deneyler/Kader/Deney 1/Göz/eye_roi_output/fake/train/combined/fake_train/fake_train_00112__face_00.jpg,4642,1786019082000000000,c38e9b97d570229fdea6b090d8213f8dba308c112c2b53a458cbfd29b681015e
/content/drive/MyDrive/AISC DeepFake Çalışmaları/Deneyler/Kader/Deney 1/Göz/eye_roi_output/fake/train/combined/fake_train/fake_train_00113__face_00.jpg,4629,1786019082000000000,c0eadc98d88b3fe9388873e4892b455f32f3c410bcb37d763579d1b698e57e13
/content/drive/MyDrive/AISC DeepFake Çalışmaları/Deneyler/Kader/Deney 1/Göz/eye_roi_output/fake/train/combined/fake_train/fake_train_00114__face_00.jpg,5752,1786019082000000000,23285fee43f39f334e8ba6636cdebfe186b7d5fedbe3bbbba4fe8225917b3206
/content/drive/MyDrive/AISC DeepFake Çalışmaları/Deneyler/Kader/Deney 1/Göz/eye_roi_output/fake/train/combined/fake_train/fake_train_00115__face_00.jpg,5062,1786019083000000000,19e5edd9f75f0ae3924f2dba582ef2ab39af4d403d9a91c7549d3c4a83390c69
/content/drive/MyDrive/AISC DeepFake Çalışmaları/Deneyler/Kader/Deney 1/Göz/eye_roi_output/fake/train/combined/fake_train/fake_train_00116__face_00.jpg,6237,1786019084000000000,0624baff5b18be3b63de4c96c67db7c2f97c189159ec6eb7540819dcb0018b59
/content/drive/MyDrive/AISC DeepFake Çalışmaları/Deneyler/Kader/Deney 1/Göz/eye_roi_output/fake/train/combined/fake_train/fake_train_00117__face_00.jpg,4905,1786019084000000000,912918aeb68df0039eb25186c3acbfa77090f82cd985dbc96dbb51dcf476331f
/content/drive/MyDrive/AISC DeepFake Çalışmaları/Deneyler/Kader/Deney 1/Göz/eye_roi_output/fake/train/combined/fake_train/fake_train_00118__face_00.jpg,4853,1786019085000000000,b87fd3969865d0bef1eda6ddbca039e3d4d749d05d345d3ad0ddc16d7355dc14
/content/drive/MyDrive/AISC DeepFake Çalışmaları/Deneyler/Kader/Deney 1/Göz/eye_roi_output/fake/train/combined/fake_train/fake_train_00120__face_00.jpg,4600,1786019086000000000,9fbed40e6ac42de461153e64e02ea471bd7eb324b1b097e9bb8cfbb101dd80b8
/content/drive/MyDrive/AISC DeepFake Çalışmaları/Deneyler/Kader/Deney 1/Göz/eye_roi_output/fake/train/combined/fake_train/fake_train_00121__face_00.jpg,5902,1786019087000000000,dd783f635209a24867feaa7029d5f18f45a59e478f4700d66326b4c401bceeee
/content/drive/MyDrive/AISC DeepFake Çalışmaları/Deneyler/Kader/Deney 1/Göz/eye_roi_output/fake/train/combined/fake_train/fake_train_00122__face_00.jpg,4810,1786019087000000000,bddb033d9b029a3b61b2d199cbdf5d43fd8283abace3297bb7a177014b6674a9
/content/drive/MyDrive/AISC DeepFake Çalışmaları/Deneyler/Kader/Deney 1/Göz/eye_roi_output/fake/train/combined/fake_train/fake_train_00123__face_00.jpg,5084,1786019088000000000,63179adebd0ddfaeaf4b72e4abe11348244b53bd5e41b186431f48daff67983a
/content/drive/MyDrive/AISC DeepFake Çalışmaları/Deneyler/Kader/Deney 1/Göz/eye_roi_output/fake/train/combined/fake_train/fake_train_00124__face_00.jpg,5049,1786019088000000000,9c7aa994b187dabda50b71ee63973cc83fa745223ea71de4958b187ca3d15d2a
/content/drive/MyDrive/AISC DeepFake Çalışmaları/Deneyler/Kader/Deney 1/Göz/eye_roi_output/fake/train/combined/fake_train/fake_train_00125__face_00.jpg,4895,1786019089000000000,85f378ccb395de29d7954b13158e7b13654cc6086fcc4a37bf48ffd4eced6871
/content/drive/MyDrive/AISC DeepFake Çalışmaları/Deneyler/Kader/Deney 1/Göz/eye_roi_output/fake/train/combined/fake_train/fake_train_00126__face_00.jpg,4832,1786019089000000000,d476da60e7adf79f4a1553bb6f4e3c3d66a1d7f0421a8dc82324850f57d23799
/content/drive/MyDrive/AISC DeepFake Çalışmaları/Deneyler/Kader/Deney 1/Göz/eye_roi_output/fake/train/combined/fake_train/fake_train_00127__face_00.jpg,5249,1786019089000000000,ddd00d11ebfb688bd806078f2d575dd8df9a1759e939e4dbb5af42da9038b20b
/content/drive/MyDrive/AISC DeepFake Çalışmaları/Deneyler/Kader/Deney 1/Göz/eye_roi_output/fake/train/combined/fake_train/fake_train_00128__face_00.jpg,5143,1786019090000000000,5dddae17914ae17e9cecaf552f76bc6eebde9bf7dc20d3d6e9b4b52ddefadec8
/content/drive/MyDrive/AISC DeepFake Çalışmaları/Deneyler/Kader/Deney 1/Göz/eye_roi_output/fake/train/combined/fake_train/fake_train_00129__face_00.jpg,5413,1786019090000000000,c336cfd3a0c358d89d9701ede2f197abb32342acc9e7ae787cf082476f83f319
/content/drive/MyDrive/AISC DeepFake Çalışmaları/Deneyler/Kader/Deney 1/Göz/eye_roi_output/fake/train/combined/fake_train/fake_train_00130__face_00.jpg,6014,1786019091000000000,5268b04725b20a98d9b5f661884d3163cafe8383346671189e7a6b10f06babf6
/content/drive/MyDrive/AISC DeepFake Çalışmaları/Deneyler/Kader/Deney 1/Göz/eye_roi_output/fake/train/combined/fake_train/fake_train_00131__face_00.jpg,4579,1786019091000000000,1905e0e415de323ed49a4b8313b7c3de52b1a1f31ae7c32b1c092b5d89a85faa
/content/drive/MyDrive/AISC DeepFake Çalışmaları/Deneyler/Kader/Deney 1/Göz/eye_roi_output/fake/train/combined/fake_train/fake_train_00132__face_00.jpg,5306,1786019091000000000,fd135235014394dac19a62280ae3ce2b3ef023cf8f78c54c3dd1ff83c73357ee
/content/drive/MyDrive/AISC DeepFake Çalışmaları/Deneyler/Kader/Deney 1/Göz/eye_roi_output/fake/train/combined/fake_train/fake_train_00133__face_00.jpg,5407,1786019092000000000,2b698f2aa7bb54025c3b47f1fb260e09f2729807cb509417aff29955bfccf71d
/content/drive/MyDrive/AISC DeepFake Çalışmaları/Deneyler/Kader/Deney 1/Göz/eye_roi_output/fake/train/combined/fake_train/fake_train_00134__face_00.jpg,5894,1786019092000000000,0497a0c1b2418ca6741fc2ac606f194f5518628da3b455a0f0d710f1a25a9fa3
/content/drive/MyDrive/AISC DeepFake Çalışmaları/Deneyler/Kader/Deney 1/Göz/eye_roi_output/fake/train/combined/fake_train/fake_train_00135__face_00.jpg,4569,1786019093000000000,16c203ad2f4c0e98de178362278d0930cf1449ec411bcb0a1915d5658385b74a
/content/drive/MyDrive/AISC DeepFake Çalışmaları/Deneyler/Kader/Deney 1/Göz/eye_roi_output/fake/train/combined/fake_train/fake_train_00136__face_00.jpg,4992,1786019093000000000,eff71355be5ea2b8d77dbb3232b39a57a954104ff98d04c8f5ed7b434c98b0bc
/content/drive/MyDrive/AISC DeepFake Çalışmaları/Deneyler/Kader/Deney 1/Göz/eye_roi_output/fake/train/combined/fake_train/fake_train_00137__face_00.jpg,5510,1786019093000000000,f06c376a3727a5dc41915346970d03ed320a0267fdc4a703f2cd90b931cb4ea2
/content/drive/MyDrive/AISC DeepFake Çalışmaları/Deneyler/Kader/Deney 1/Göz/eye_roi_output/fake/train/combined/fake_train/fake_train_00138__face_00.jpg,5296,1786019094000000000,83f01ae38585631f3a5de8856c2cbb4fbe4a3c9f56156a84e8f37cae53d1972f
/content/drive/MyDrive/AISC DeepFake Çalışmaları/Deneyler/Kader/Deney 1/Göz/eye_roi_output/fake/train/combined/fake_train/fake_train_00139__face_00.jpg,5125,1786019094000000000,809719f062d34b3130f82e5699dbb87db059ce7755e73020de857d036caabd5e
/content/drive/MyDrive/AISC DeepFake Çalışmaları/Deneyler/Kader/Deney 1/Göz/eye_roi_output/fake/train/combined/fake_train/fake_train_00140__face_00.jpg,4870,1786019095000000000,f3ad6fbfb9f9d59c9b6aeef4986a8127f4a61dc2866e97d68aef56986db5d3b2
/content/drive/MyDrive/AISC DeepFake Çalışmaları/Deneyler/Kader/Deney 1/Göz/eye_roi_output/fake/train/combined/fake_train/fake_train_00141__face_00.jpg,5694,1786019095000000000,4c0d7c616a666a22a5ca9cefc76a7a8c3da293ecd71e3789de57d0147219ea24
/content/drive/MyDrive/AISC DeepFake Çalışmaları/Deneyler/Kader/Deney 1/Göz/eye_roi_output/fake/train/combined/fake_train/fake_train_00142__face_00.jpg,4693,1786019095000000000,4cce10a4e69d40eea4a32afba38fc048a24d93b80b8c697a6f03f42061efcb70
/content/drive/MyDrive/AISC DeepFake Çalışmaları/Deneyler/Kader/Deney 1/Göz/eye_roi_output/fake/train/combined/fake_train/fake_train_00143__face_00.jpg,4805,1786019096000000000,1a9ecead684099d2afb70f33a795f3f10f969ddd210f02cef013ef5a8c414df2
/content/drive/MyDrive/AISC DeepFake Çalışmaları/Deneyler/Kader/Deney 1/Göz/eye_roi_output/fake/train/combined/fake_train/fake_train_00144__face_00.jpg,5144,1786019096000000000,64fc3b7949c6e508276fe73f41cc60b1ae3f9ffae82bde8f2ed4ff79a96c1d54
/content/drive/MyDrive/AISC DeepFake Çalışmaları/Deneyler/Kader/Deney 1/Göz/eye_roi_output/fake/train/combined/fake_train/fake_train_00145__face_00.jpg,7150,1786019098000000000,7a8c5c4b8bc7d9d713ce7ab2ab9b83c95be421fe79d78e8ed300bc195e1a6e2e
/content/drive/MyDrive/AISC DeepFake Çalışmaları/Deneyler/Kader/Deney 1/Göz/eye_roi_output/fake/train/combined/fake_train/fake_train_00146__face_00.jpg,5394,1786019098000000000,dc8c4e9a49993a8ad4b5ffce8c450c083c02cb92b015b84cd567b63f30d67282
/content/drive/MyDrive/AISC DeepFake Çalışmaları/Deneyler/Kader/Deney 1/Göz/eye_roi_output/fake/train/combined/fake_train/fake_train_00146__face_01.jpg,6271,1786019098000000000,ae8adcaa36b4e0b3a67786611e1285282ce2e4cf1b3e303c165cfb931c19ecaa
/content/drive/MyDrive/AISC DeepFake Çalışmaları/Deneyler/Kader/Deney 1/Göz/eye_roi_output/fake/train/combined/fake_train/fake_train_00147__face_00.jpg,4714,1786019099000000000,713068be9dfdc65e58fe97335e3d32e078ec988a26d4891948ff11f9d8e86666
/content/drive/MyDrive/AISC DeepFake Çalışmaları/Deneyler/Kader/Deney 1/Göz/eye_roi_output/fake/train/combined/fake_train/fake_train_00148__face_00.jpg,4410,1786019099000000000,ff0b0a2c42155602a4f82e0e2c3b75b17437e271bdebec7f43626613bff2f7c0
/content/drive/MyDrive/AISC DeepFake Çalışmaları/Deneyler/Kader/Deney 1/Göz/eye_roi_output/fake/train/combined/fake_train/fake_train_00149__face_00.jpg,5551,1786019100000000000,eb7ceaee01e21e976ab57e81132d890677cc9f904588fac1969266aeebc34500
/content/drive/MyDrive/AISC DeepFake Çalışmaları/Deneyler/Kader/Deney 1/Göz/eye_roi_output/fake/train/combined/fake_train/fake_train_00150__face_00.jpg,5119,1786019100000000000,ac989514e41fa0bfe83446c4f5b392bb0378239b3719586bb37889a091f1d1e9
/content/drive/MyDrive/AISC DeepFake Çalışmaları/Deneyler/Kader/Deney 1/Göz/eye_roi_output/fake/train/combined/fake_train/fake_train_00151__face_00.jpg,5565,1786019100000000000,00a2ca553045a682c77c3bb9084690761d7b6667373dc3ca59109de865d179b0
/content/drive/MyDrive/AISC DeepFake Çalışmaları/Deneyler/Kader/Deney 1/Göz/eye_roi_output/fake/train/combined/fake_train/fake_train_00152__face_00.jpg,6331,1786019101000000000,2dd6fc137da31e7c783ceb1c980eb018333b74eaf224c5ed333a86cad78bb57c
/content/drive/MyDrive/AISC DeepFake Çalışmaları/Deneyler/Kader/Deney 1/Göz/eye_roi_output/fake/train/combined/fake_train/fake_train_00153__face_00.jpg,5287,1786019101000000000,385b3f8cc28b34ebd7298d86bed438644595165320b00f5b4fa6b2023d737a50
/content/drive/MyDrive/AISC DeepFake Çalışmaları/Deneyler/Kader/Deney 1/Göz/eye_roi_output/fake/train/combined/fake_train/fake_train_00154__face_00.jpg,5181,1786019103000000000,28e50d6235e2649eeeff4147ef8ec15a0e51e7b99c53f0cf507d80b9290cdf4c
/content/drive/MyDrive/AISC DeepFake Çalışmaları/Deneyler/Kader/Deney 1/Göz/eye_roi_output/fake/train/combined/fake_train/fake_train_00155__face_00.jpg,5074,1786019103000000000,56f061ee6e9d5e549f194dd827a58893f5882428767fadb96fb6799d5c1b07bf
/content/drive/MyDrive/AISC DeepFake Çalışmaları/Deneyler/Kader/Deney 1/Göz/eye_roi_output/fake/train/combined/fake_train/fake_train_00156__face_00.jpg,4629,1786019103000000000,f20e68e2a6f34d047bf3ee6aa5ed55559bc4b30c69cc2e1d39b93f3d855f4ea5
/content/drive/MyDrive/AISC DeepFake Çalışmaları/Deneyler/Kader/Deney 1/Göz/eye_roi_output/fake/train/combined/fake_train/fake_train_00156__face_01.jpg,4774,1786019104000000000,31e837f0576b589f3fb051a9eef4b32ab71bbb9a90bb88c2053c13039e3d96b8
/content/drive/MyDrive/AISC DeepFake Çalışmaları/Deneyler/Kader/Deney 1/Göz/eye_roi_output/fake/train/combined/fake_train/fake_train_00157__face_00.jpg,5484,1786019104000000000,9b0d92599e52164bd735bd59c9f6180ea0bb02c55d1ac4d1b1f86a82e71f52e2
/content/drive/MyDrive/AISC DeepFake Çalışmaları/Deneyler/Kader/Deney 1/Göz/eye_roi_output/fake/train/combined/fake_train/fake_train_00158__face_00.jpg,5476,1786019105000000000,b25747d0cdfab37b01cb0d6cc5893fb4f72b539fbd12ccccebfc5badddf3b244
/content/drive/MyDrive/AISC DeepFake Çalışmaları/Deneyler/Kader/Deney 1/Göz/eye_roi_output/fake/train/combined/fake_train/fake_train_00159__face_00.jpg,5734,1786019105000000000,8cf13da121fece9ac16ad81a3aa7cd633e2fe4ce53945c77208061474c50ebad
/content/drive/MyDrive/AISC DeepFake Çalışmaları/Deneyler/Kader/Deney 1/Göz/eye_roi_output/fake/train/combined/fake_train/fake_train_00160__face_00.jpg,4790,1786019105000000000,faae21bcbf737d216e3471f1af1257d5624698746783f0e7d5207f73ddb67910
/content/drive/MyDrive/AISC DeepFake Çalışmaları/Deneyler/Kader/Deney 1/Göz/eye_roi_output/fake/train/combined/fake_train/fake_train_00161__face_00.jpg,5216,1786019106000000000,a4430e3f1f3f96e5a3c9392f296e7bbeb28cd7689f4c4317bfdd1c1d5e2ccc5b
/content/drive/MyDrive/AISC DeepFake Çalışmaları/Deneyler/Kader/Deney 1/Göz/eye_roi_output/fake/train/combined/fake_train/fake_train_00162__face_00.jpg,5229,1786019106000000000,0061e445db73c8a2d7180afb1ebfaa80b1268144f6b7697771f431edd089c5aa
/content/drive/MyDrive/AISC DeepFake Çalışmaları/Deneyler/Kader/Deney 1/Göz/eye_roi_output/fake/train/combined/fake_train/fake_train_00163__face_00.jpg,4488,1786019107000000000,d99f4007e020d4c06ff783d8c15c7276c4d5879a8714067a77213741a5a47615
/content/drive/MyDrive/AISC DeepFake Çalışmaları/Deneyler/Kader/Deney 1/Göz/eye_roi_output/fake/train/combined/fake_train/fake_train_00164__face_00.jpg,5187,1786019107000000000,0e6d790059ed60e67ede02487090a368099ce47931486499a6d62c001852d341
/content/drive/MyDrive/AISC DeepFake Çalışmaları/Deneyler/Kader/Deney 1/Göz/eye_roi_output/fake/train/combined/fake_train/fake_train_00165__face_00.jpg,5283,1786019108000000000,02aaa29047934d53bc4303d42d172705fa6ae7c89e318eb28ee54a28263b15b6
/content/drive/MyDrive/AISC DeepFake Çalışmaları/Deneyler/Kader/Deney 1/Göz/eye_roi_output/fake/train/combined/fake_train/fake_train_00166__face_00.jpg,6981,1786019108000000000,6c895d31d2f939d17c3b276ac838859352e7350d55e3b1da9749485198fc274d
/content/drive/MyDrive/AISC DeepFake Çalışmaları/Deneyler/Kader/Deney 1/Göz/eye_roi_output/fake/train/combined/fake_train/fake_train_00167__face_00.jpg,5362,1786019109000000000,00e897cbb664b2b41f2bfc4bf96fc35b4b47db47edd35f11a675844c0861c16f
/content/drive/MyDrive/AISC DeepFake Çalışmaları/Deneyler/Kader/Deney 1/Göz/eye_roi_output/fake/train/combined/fake_train/fake_train_00168__face_00.jpg,5114,1786019109000000000,f16441076fa7a0cdfcdba490e802caf72c5cd119490e09c0cbde554ceddaf65c
/content/drive/MyDrive/AISC DeepFake Çalışmaları/Deneyler/Kader/Deney 1/Göz/eye_roi_output/fake/train/combined/fake_train/fake_train_00169__face_00.jpg,5752,1786019110000000000,efb51765c781761a81add35895fe7091ffe5ac5aab47f7263085aa17c35634ae
/content/drive/MyDrive/AISC DeepFake Çalışmaları/Deneyler/Kader/Deney 1/Göz/eye_roi_output/fake/train/combined/fake_train/fake_train_00170__face_00.jpg,4968,1786019110000000000,68fc0c2725cdd4fa79269a05f1f99fc722d100f1b4d8934d84a4811c8d518b58
/content/drive/MyDrive/AISC DeepFake Çalışmaları/Deneyler/Kader/Deney 1/Göz/eye_roi_output/fake/train/combined/fake_train/fake_train_00171__face_00.jpg,6780,1786019111000000000,f49c226b0dd1d28a1eb5b35a84a9a462d212bcc32b0ac6407d42529a9b8eae9a
/content/drive/MyDrive/AISC DeepFake Çalışmaları/Deneyler/Kader/Deney 1/Göz/eye_roi_output/fake/train/combined/fake_train/fake_train_00172__face_00.jpg,5934,1786019111000000000,cc7df7fa808ddc3250a4a1bb56aed5abb434282d4b18cb8839030139d0731823
/content/drive/MyDrive/AISC DeepFake Çalışmaları/Deneyler/Kader/Deney 1/Göz/eye_roi_output/fake/train/combined/fake_train/fake_train_00173__face_00.jpg,5003,1786019112000000000,cfe269bca24a7a60b6a57e72332090d527226c7ab91b25590a55219f95cf0722
/content/drive/MyDrive/AISC DeepFake Çalışmaları/Deneyler/Kader/Deney 1/Göz/eye_roi_output/fake/train/combined/fake_train/fake_train_00174__face_00.jpg,4810,1786019112000000000,6f7346b4462bd8b6546c1e1be9296e3b81fb89ae7865d194b06359cb70ce436a
/content/drive/MyDrive/AISC DeepFake Çalışmaları/Deneyler/Kader/Deney 1/Göz/eye_roi_output/fake/train/combined/fake_train/fake_train_00175__face_00.jpg,5649,1786019113000000000,a9db3c6eda4588d5e2eca9dee8e48f425609c6dbe97ab6f079abfce651c65954
/content/drive/MyDrive/AISC DeepFake Çalışmaları/Deneyler/Kader/Deney 1/Göz/eye_roi_output/fake/train/combined/fake_train/fake_train_00176__face_00.jpg,5344,1786019113000000000,f34e4693ecedd4871ab7e721123ad01ce45b2935b1d04b58c5d35ac89e773b3f
/content/drive/MyDrive/AISC DeepFake Çalışmaları/Deneyler/Kader/Deney 1/Göz/eye_roi_output/fake/train/combined/fake_train/fake_train_00177__face_00.jpg,5310,1786019113000000000,28edfc4dba5977be857bcc42c42ba4cc4a6d5937d2cfbc54666bf2affd65153a
/content/drive/MyDrive/AISC DeepFake Çalışmaları/Deneyler/Kader/Deney 1/Göz/eye_roi_output/fake/train/combined/fake_train/fake_train_00178__face_00.jpg,7241,1786019114000000000,11cee05be7018c93701cfd9350751f7f0b6ac151bce79f4de3667ad35ce2737a
/content/drive/MyDrive/AISC DeepFake Çalışmaları/Deneyler/Kader/Deney 1/Göz/eye_roi_output/fake/train/combined/fake_train/fake_train_00179__face_00.jpg,4560,1786019114000000000,50abbc5c58f2c204a4c6c7f0da73145b3784f93d571d3a7e7c704065ea01befa
/content/drive/MyDrive/AISC DeepFake Çalışmaları/Deneyler/Kader/Deney 1/Göz/eye_roi_output/fake/train/combined/fake_train/fake_train_00180__face_00.jpg,5657,1786019115000000000,515ce317a848c6e6f83f0ef32a733e68ba9c2f2a3e4df63eea222b88339063d7
/content/drive/MyDrive/AISC DeepFake Çalışmaları/Deneyler/Kader/Deney 1/Göz/eye_roi_output/fake/train/combined/fake_train/fake_train_00181__face_00.jpg,5163,1786019115000000000,790515fa2e6888554634d61377374502a40e264a9f9c0173430feaea3bca58da
/content/drive/MyDrive/AISC DeepFake Çalışmaları/Deneyler/Kader/Deney 1/Göz/eye_roi_output/fake/train/combined/fake_train/fake_train_00182__face_00.jpg,4741,1786019116000000000,2026bf54f0aabdaaf7710caeeb909492602d2bc79ace940e61aac9da315c4195
/content/drive/MyDrive/AISC DeepFake Çalışmaları/Deneyler/Kader/Deney 1/Göz/eye_roi_output/fake/train/combined/fake_train/fake_train_00182__face_01.jpg,4579,1786019116000000000,45c3417787be9c8a9ef34fe2f73d3e90636dd4b44dc659d56205a4c2272a36d8
/content/drive/MyDrive/AISC DeepFake Çalışmaları/Deneyler/Kader/Deney 1/Göz/eye_roi_output/fake/train/combined/fake_train/fake_train_00183__face_00.jpg,4506,1786019116000000000,d2e730a5e6694a0338887920176d1f53b3344f7ed5deb66363b22bc6531c516a
/content/drive/MyDrive/AISC DeepFake Çalışmaları/Deneyler/Kader/Deney 1/Göz/eye_roi_output/fake/train/combined/fake_train/fake_train_00184__face_00.jpg,5054,1786019117000000000,c88800f2b0b701a7455af2eb292840a940bd4cdc455c9fd064ad92767e54b505
/content/drive/MyDrive/AISC DeepFake Çalışmaları/Deneyler/Kader/Deney 1/Göz/eye_roi_output/fake/train/combined/fake_train/fake_train_00185__face_00.jpg,5026,1786019117000000000,0068907e6586aec62722485e6b5e270febb5980ed51b3362e47a8e3ac490ce50
/content/drive/MyDrive/AISC DeepFake Çalışmaları/Deneyler/Kader/Deney 1/Göz/eye_roi_output/fake/train/combined/fake_train/fake_train_00186__face_00.jpg,4697,1786019117000000000,e56afcc13b635918afba70fd6e838d277c790375f708225d6dd67a2f4345b6ca
/content/drive/MyDrive/AISC DeepFake Çalışmaları/Deneyler/Kader/Deney 1/Göz/eye_roi_output/fake/train/combined/fake_train/fake_train_00187__face_00.jpg,4508,1786019118000000000,adfcd52a9dae250a49dd5bf2c827d2e96ff8ce71a818c45a4262b060e8ab9b32
/content/drive/MyDrive/AISC DeepFake Çalışmaları/Deneyler/Kader/Deney 1/Göz/eye_roi_output/fake/train/combined/fake_train/fake_train_00189__face_00.jpg,4875,1786019119000000000,b24643609ba38800f74162b65892ede58004d1ce35484cb4a97c9108f0edf880
/content/drive/MyDrive/AISC DeepFake Çalışmaları/Deneyler/Kader/Deney 1/Göz/eye_roi_output/fake/train/combined/fake_train/fake_train_00190__face_00.jpg,5004,1786019120000000000,71baaeab012c11544db6550ab96c69c45bd02c59a83376327206e6cd06138bcb
/content/drive/MyDrive/AISC DeepFake Çalışmaları/Deneyler/Kader/Deney 1/Göz/eye_roi_output/fake/train/combined/fake_train/fake_train_00191__face_00.jpg,4986,1786019121000000000,6d825a6ea359bd3fa8599d61127406e58509ac552fa025591fbe59597512a1b1
/content/drive/MyDrive/AISC DeepFake Çalışmaları/Deneyler/Kader/Deney 1/Göz/eye_roi_output/fake/train/combined/fake_train/fake_train_00192__face_00.jpg,5664,1786019121000000000,35f833fc39d2bf892ed9d317facf8dbe05973f8b751801b7d384befa6fe56e18
/content/drive/MyDrive/AISC DeepFake Çalışmaları/Deneyler/Kader/Deney 1/Göz/eye_roi_output/fake/train/combined/fake_train/fake_train_00193__face_00.jpg,5051,1786019122000000000,8db18f4bab99b17ffde6d27894f91da3bbdacbc3f07410a680119643f5598da0
/content/drive/MyDrive/AISC DeepFake Çalışmaları/Deneyler/Kader/Deney 1/Göz/eye_roi_output/fake/train/combined/fake_train/fake_train_00194__face_00.jpg,5575,1786019123000000000,9bde1ba91c329235ddf83761aee7d2b14c72ace0c48f0a84ac78567b658b8b53
/content/drive/MyDrive/AISC DeepFake Çalışmaları/Deneyler/Kader/Deney 1/Göz/eye_roi_output/fake/train/combined/fake_train/fake_train_00195__face_00.jpg,3640,1786019124000000000,d4310224972f92c812df789bd7c2275e0ce6f03139b764b64c6c67f7ac10ec2f
/content/drive/MyDrive/AISC DeepFake Çalışmaları/Deneyler/Kader/Deney 1/Göz/eye_roi_output/fake/train/combined/fake_train/fake_train_00196__face_00.jpg,4763,1786019124000000000,cb3c53c5d85a1fa18e43270438ee6020ce8be593f96d1c7bf1979dba5ab76167
/content/drive/MyDrive/AISC DeepFake Çalışmaları/Deneyler/Kader/Deney 1/Göz/eye_roi_output/fake/train/combined/fake_train/fake_train_00197__face_00.jpg,4381,1786019124000000000,7554bb411d1afab12051ae5a73f06cab0addfa57018dd2b282dd522c796b9601
/content/drive/MyDrive/AISC DeepFake Çalışmaları/Deneyler/Kader/Deney 1/Göz/eye_roi_output/fake/train/combined/fake_train/fake_train_00198__face_00.jpg,5943,1786019125000000000,68dc27f1d85e25bea2de65ccf745f83e2a69c1faf08496f505744603dbb13804
/content/drive/MyDrive/AISC DeepFake Çalışmaları/Deneyler/Kader/Deney 1/Göz/eye_roi_output/fake/train/combined/fake_train/fake_train_00200__face_00.jpg,5830,1786019134000000000,f972ed31a4aeb3441f3fccc75c5902a3cdc9fffc421076915b8926062e45df04
/content/drive/MyDrive/AISC DeepFake Çalışmaları/Deneyler/Kader/Deney 1/Göz/eye_roi_output/fake/train/combined/fake_train/fake_train_00201__face_00.jpg,5195,1786019135000000000,4250d2ddca2ab6eb4aff95d1423497bec328dc398f4e6da306a6f4713fc39fad
/content/drive/MyDrive/AISC DeepFake Çalışmaları/Deneyler/Kader/Deney 1/Göz/eye_roi_output/fake/train/combined/fake_train/fake_train_00202__face_00.jpg,4959,1786019135000000000,15d18311b8a81fa072fed41e9c0f82c85d129169449d167fbdeadb1d98bc697f
/content/drive/MyDrive/AISC DeepFake Çalışmaları/Deneyler/Kader/Deney 1/Göz/eye_roi_output/fake/train/combined/fake_train/fake_train_00202__face_01.jpg,10085,1786019135000000000,ba26f5baf713042e6b9ec7acde67ea45e3f3368dd93c3fb7978322342839e9d2
/content/drive/MyDrive/AISC DeepFake Çalışmaları/Deneyler/Kader/Deney 1/Göz/eye_roi_output/fake/train/combined/fake_train/fake_train_00203__face_00.jpg,5000,1786019136000000000,b79c980d3ff3be47362e4567729b2f59d394f21afd58463fffb34106795498ea
/content/drive/MyDrive/AISC DeepFake Çalışmaları/Deneyler/Kader/Deney 1/Göz/eye_roi_output/fake/train/combined/fake_train/fake_train_00204__face_00.jpg,5108,1786019141000000000,166abf916c90cf83cde9561dfaaca6ffb0f73b90aa88fd35a5f6d7258874c381
/content/drive/MyDrive/AISC DeepFake Çalışmaları/Deneyler/Kader/Deney 1/Göz/eye_roi_output/fake/train/combined/fake_train/fake_train_00206__face_00.jpg,4554,1786019142000000000,e1b617e12e2cd2efd34d48117751d37eb1dc3b21b976988b3ebcbc36176cd8cc
/content/drive/MyDrive/AISC DeepFake Çalışmaları/Deneyler/Kader/Deney 1/Göz/eye_roi_output/fake/train/combined/fake_train/fake_train_00207__face_00.jpg,4573,1786019142000000000,6b49cce09fa9e9c72cc0cf373836c90a8ae1fda1f81b97e816cf9204480fc5a7
/content/drive/MyDrive/AISC DeepFake Çalışmaları/Deneyler/Kader/Deney 1/Göz/eye_roi_output/fake/train/combined/fake_train/fake_train_00208__face_00.jpg,4965,1786019142000000000,2ac20a7813cf933b1f0a51a0333357066a741e1dcedb9b9c6553c4814e24cd25
/content/drive/MyDrive/AISC DeepFake Çalışmaları/Deneyler/Kader/Deney 1/Göz/eye_roi_output/fake/train/combined/fake_train/fake_train_00208__face_01.jpg,4903,1786019142000000000,56c69965e248169924eec7961aa3ced46ba2b2d574a8ac29384860e25ffe693c
/content/drive/MyDrive/AISC DeepFake Çalışmaları/Deneyler/Kader/Deney 1/Göz/eye_roi_output/fake/train/combined/fake_train/fake_train_00209__face_00.jpg,5087,1786019143000000000,587ec8d79a1f56cf7cf0536fb408786776650d59cb367db8cf57c10551d018d7
/content/drive/MyDrive/AISC DeepFake Çalışmaları/Deneyler/Kader/Deney 1/Göz/eye_roi_output/fake/train/combined/fake_train/fake_train_00211__face_00.jpg,4990,1786019144000000000,57aceb66e403bbc0eb51daaa350a46cf17608e5c1036a3f2f83b75963f1a8871
/content/drive/MyDrive/AISC DeepFake Çalışmaları/Deneyler/Kader/Deney 1/Göz/eye_roi_output/fake/train/combined/fake_train/fake_train_00212__face_00.jpg,5068,1786019145000000000,1b4e534d197ca0c0666a1d555c1d9ad0d956b1f31518837a48f08525bf4dd41d
/content/drive/MyDrive/AISC DeepFake Çalışmaları/Deneyler/Kader/Deney 1/Göz/eye_roi_output/fake/train/combined/fake_train/fake_train_00213__face_00.jpg,3983,1786019145000000000,de9828d34ec81599e1e574f5d386888ea1904004659dc7de0d9f33013a50db0b
/content/drive/MyDrive/AISC DeepFake Çalışmaları/Deneyler/Kader/Deney 1/Göz/eye_roi_output/fake/train/combined/fake_train/fake_train_00215__face_00.jpg,4602,1786019146000000000,8c59ea442f97019f1ee5419db8c7c1066b0940fe7ca4cbd71fded71d78fff218
/content/drive/MyDrive/AISC DeepFake Çalışmaları/Deneyler/Kader/Deney 1/Göz/eye_roi_output/fake/train/combined/fake_train/fake_train_00216__face_00.jpg,4878,1786019146000000000,b1b19723f13364892493f63b2e241019d51cb2464d596699f9e8d5d9d8460174
/content/drive/MyDrive/AISC DeepFake Çalışmaları/Deneyler/Kader/Deney 1/Göz/eye_roi_output/fake/train/combined/fake_train/fake_train_00217__face_00.jpg,4862,1786019147000000000,5fa2e46dfac691eef56bc40029c50ae8ef23a7834f261c9898ddcbf5a1113fcb
/content/drive/MyDrive/AISC DeepFake Çalışmaları/Deneyler/Kader/Deney 1/Göz/eye_roi_output/fake/train/combined/fake_train/fake_train_00218__face_00.jpg,4769,1786019147000000000,2b4ef3ea940f9e268524b3be1a4a51b353507e6c1dd284291e1ab87e87cb8a8e
/content/drive/MyDrive/AISC DeepFake Çalışmaları/Deneyler/Kader/Deney 1/Göz/eye_roi_output/fake/train/combined/fake_train/fake_train_00219__face_00.jpg,4495,1786019147000000000,b16540dcc9419140401c598a40f6c43ca1c329fed8a7a72a4339f54e216ba0b6
/content/drive/MyDrive/AISC DeepFake Çalışmaları/Deneyler/Kader/Deney 1/Göz/eye_roi_output/fake/train/combined/fake_train/fake_train_00220__face_00.jpg,4873,1786019148000000000,70b9f699c2921b825e2cf2b53d9f957eb11630ba45b6b5083fd8970dcf525d8b
/content/drive/MyDrive/AISC DeepFake Çalışmaları/Deneyler/Kader/Deney 1/Göz/eye_roi_output/fake/train/combined/fake_train/fake_train_00221__face_00.jpg,6540,1786019149000000000,05bd7cf173d52306eed226d06fe6888d902248c936f6403cf769383587c0f958
/content/drive/MyDrive/AISC DeepFake Çalışmaları/Deneyler/Kader/Deney 1/Göz/eye_roi_output/fake/train/combined/fake_train/fake_train_00222__face_00.jpg,5659,1786019149000000000,23b4c6028f8a075917f26b7531ba63e03f78f69006a94af5e311fa63866b714e
/content/drive/MyDrive/AISC DeepFake Çalışmaları/Deneyler/Kader/Deney 1/Göz/eye_roi_output/fake/train/combined/fake_train/fake_train_00224__face_00.jpg,4847,1786019150000000000,89ac67d50feb277e2880e20caf1357e31bf6b9a200f7cca40777a9996398fe26
/content/drive/MyDrive/AISC DeepFake Çalışmaları/Deneyler/Kader/Deney 1/Göz/eye_roi_output/fake/train/combined/fake_train/fake_train_00225__face_00.jpg,4551,1786019150000000000,5642b331e67921cf2322a41999a38cee053348395a7cf2ef1a6cc9fa48585fc9
/content/drive/MyDrive/AISC DeepFake Çalışmaları/Deneyler/Kader/Deney 1/Göz/eye_roi_output/fake/train/combined/fake_train/fake_train_00226__face_00.jpg,6090,1786019151000000000,8c3e3814a529fbeab8c69c3807b0455da4cca01af745f43761a30f13a6535277
/content/drive/MyDrive/AISC DeepFake Çalışmaları/Deneyler/Kader/Deney 1/Göz/eye_roi_output/fake/train/combined/fake_train/fake_train_00227__face_00.jpg,5389,1786019151000000000,47e4b4143ee18dcfeec0171ccc023afe83c2c31491062ee1712781346b1dcaea
/content/drive/MyDrive/AISC DeepFake Çalışmaları/Deneyler/Kader/Deney 1/Göz/eye_roi_output/fake/train/combined/fake_train/fake_train_00228__face_00.jpg,4295,1786019152000000000,263fc6ba0ad1c078fdaf6a37ee540203a8ffe1ea76c676dc4686c3b735f258e9
/content/drive/MyDrive/AISC DeepFake Çalışmaları/Deneyler/Kader/Deney 1/Göz/eye_roi_output/fake/train/combined/fake_train/fake_train_00229__face_00.jpg,5839,1786019152000000000,d1dcff943a754a10dfd796149e86a8527146fa6181f07da7d8575364362c8bc4
/content/drive/MyDrive/AISC DeepFake Çalışmaları/Deneyler/Kader/Deney 1/Göz/eye_roi_output/fake/train/combined/fake_train/fake_train_00230__face_00.jpg,5465,1786019153000000000,6ca6943c8c194a94f301e6321dfe0c4257ee74083c03a59db8b0f81c4dc2c80e
/content/drive/MyDrive/AISC DeepFake Çalışmaları/Deneyler/Kader/Deney 1/Göz/eye_roi_output/fake/train/combined/fake_train/fake_train_00231__face_00.jpg,5050,1786019153000000000,d2fc235b4c71e57e42afac85a91de1490f46ea7ed52be1880ede4bfb0803f70a
/content/drive/MyDrive/AISC DeepFake Çalışmaları/Deneyler/Kader/Deney 1/Göz/eye_roi_output/fake/train/combined/fake_train/fake_train_00232__face_00.jpg,5824,1786019154000000000,dbef156e6da403d1e6b457b0e1cabd8a9ef3626123883bf953e2ec5f4bc314d0
/content/drive/MyDrive/AISC DeepFake Çalışmaları/Deneyler/Kader/Deney 1/Göz/eye_roi_output/fake/train/combined/fake_train/fake_train_00233__face_00.jpg,5227,1786019154000000000,1e4d1ff9cb705aeb2664894ae28137ebfabcb9288fb6394228853e89272b0c83
/content/drive/MyDrive/AISC DeepFake Çalışmaları/Deneyler/Kader/Deney 1/Göz/eye_roi_output/fake/train/combined/fake_train/fake_train_00234__face_00.jpg,4076,1786019155000000000,aeb31f9347372361d6ecc3060c55f789b7485ac53c0af033d3c00cdaf76d86cb
/content/drive/MyDrive/AISC DeepFake Çalışmaları/Deneyler/Kader/Deney 1/Göz/eye_roi_output/fake/train/combined/fake_train/fake_train_00234__face_01.jpg,5644,1786019155000000000,81864d602d9aeabde4d8bd08e5b98a45a2ed259397c508ff7bb1340863d90159
/content/drive/MyDrive/AISC DeepFake Çalışmaları/Deneyler/Kader/Deney 1/Göz/eye_roi_output/fake/train/combined/fake_train/fake_train_00236__face_00.jpg,5645,1786019155000000000,5d8c4ccdabbf1f5785beb6ecfcde907fb23f3bba00aa2df77a09c3835cfcc97e
/content/drive/MyDrive/AISC DeepFake Çalışmaları/Deneyler/Kader/Deney 1/Göz/eye_roi_output/fake/train/combined/fake_train/fake_train_00237__face_00.jpg,4866,1786019156000000000,323d53de4d16be08ab7e3fe11f24abdbb08d1a8797680003a82129b3c7bbb492
/content/drive/MyDrive/AISC DeepFake Çalışmaları/Deneyler/Kader/Deney 1/Göz/eye_roi_output/fake/train/combined/fake_train/fake_train_00238__face_00.jpg,4549,1786019156000000000,ec34612792d8c3b146d3d554d307fa4053de1fffc4ebdc0eca770801451c214c
/content/drive/MyDrive/AISC DeepFake Çalışmaları/Deneyler/Kader/Deney 1/Göz/eye_roi_output/fake/train/combined/fake_train/fake_train_00239__face_00.jpg,4641,1786019157000000000,42c0e1ba232c334a35947865124280172016d4101412958c5eac8990e28f176f
/content/drive/MyDrive/AISC DeepFake Çalışmaları/Deneyler/Kader/Deney 1/Göz/eye_roi_output/fake/train/combined/fake_train/fake_train_00241__face_00.jpg,4299,1786019164000000000,23c18bf099e89f96ac2d7aad93e59937a78c7b0a3e531b30fc689250153588e5
/content/drive/MyDrive/AISC DeepFake Çalışmaları/Deneyler/Kader/Deney 1/Göz/eye_roi_output/fake/train/combined/fake_train/fake_train_00242__face_00.jpg,4724,1786019164000000000,48a1e78ff26328128e0da63e0028f8dacc319b2de536e1ad1242cd07dac7d30f
/content/drive/MyDrive/AISC DeepFake Çalışmaları/Deneyler/Kader/Deney 1/Göz/eye_roi_output/fake/train/combined/fake_train/fake_train_00243__face_00.jpg,4881,1786019165000000000,1a2f9e44554d39de3f2108208c80da0d8eee311e76ea11a8f3dc3a14ffe96e9b
/content/drive/MyDrive/AISC DeepFake Çalışmaları/Deneyler/Kader/Deney 1/Göz/eye_roi_output/fake/train/combined/fake_train/fake_train_00244__face_00.jpg,5341,1786019165000000000,e3171ef2a4e8218e304d4d0317d60796df3af440f2f78f68719865c085d8083a
/content/drive/MyDrive/AISC DeepFake Çalışmaları/Deneyler/Kader/Deney 1/Göz/eye_roi_output/fake/train/combined/fake_train/fake_train_00245__face_00.jpg,3887,1786019166000000000,d289f409c21371e25735b64aff15f903d65420f50c267b02c6429eb3a16bf193
/content/drive/MyDrive/AISC DeepFake Çalışmaları/Deneyler/Kader/Deney 1/Göz/eye_roi_output/fake/train/combined/fake_train/fake_train_00246__face_00.jpg,4652,1786019166000000000,705e31c0654899b91d9f579fefaa9f04d32886c6fcc7524a811f788a8ec0918a
/content/drive/MyDrive/AISC DeepFake Çalışmaları/Deneyler/Kader/Deney 1/Göz/eye_roi_output/fake/train/combined/fake_train/fake_train_00247__face_00.jpg,4783,1786019167000000000,d3ab6a630b02cdcd84358b59b07ec78c2a92c345e73b09a2c02c103fc99c5a57
/content/drive/MyDrive/AISC DeepFake Çalışmaları/Deneyler/Kader/Deney 1/Göz/eye_roi_output/fake/train/combined/fake_train/fake_train_00248__face_00.jpg,6910,1786019167000000000,ebb6763c47d764eb8a91bad1010f6f6a497d5c23dab7f089236d8dbbff4b02bd
/content/drive/MyDrive/AISC DeepFake Çalışmaları/Deneyler/Kader/Deney 1/Göz/eye_roi_output/fake/train/combined/fake_train/fake_train_00249__face_00.jpg,4774,1786019168000000000,db31e387ffd8a45462518d8a14e204993733b4d8c285a0a571b9ef344ae7031e
/content/drive/MyDrive/AISC DeepFake Çalışmaları/Deneyler/Kader/Deney 1/Göz/eye_roi_output/fake/train/combined/fake_train/fake_train_00250__face_00.jpg,5469,1786019168000000000,befb100cf8f2cd7862ce99f71721f5e1054c8c4a805df85abf1a44f8aa947699
/content/drive/MyDrive/AISC DeepFake Çalışmaları/Deneyler/Kader/Deney 1/Göz/eye_roi_output/fake/train/combined/fake_train/fake_train_00251__face_00.jpg,3961,1786019169000000000,374ac74c0fee70528afe9f9f834a89eaa59315ddb920e4f8b39745cbf2ada509
/content/drive/MyDrive/AISC DeepFake Çalışmaları/Deneyler/Kader/Deney 1/Göz/eye_roi_output/fake/train/combined/fake_train/fake_train_00251__face_01.jpg,5533,1786019169000000000,490c6169c7b6e635bd2dcea1a0292889ff72b30af594779186f00bee7a47bccf
/content/drive/MyDrive/AISC DeepFake Çalışmaları/Deneyler/Kader/Deney 1/Göz/eye_roi_output/fake/train/combined/fake_train/fake_train_00253__face_00.jpg,5410,1786019170000000000,4dcb1f4d8cfed9b61818fb0a3c007ecd5b02da1835a6054a09b7e6b0186fe8f5
/content/drive/MyDrive/AISC DeepFake Çalışmaları/Deneyler/Kader/Deney 1/Göz/eye_roi_output/fake/train/combined/fake_train/fake_train_00254__face_00.jpg,5660,1786019171000000000,7834420a1e785c33945610ac3d933ed5871a417178ad395ecda4c49afbbafe76
/content/drive/MyDrive/AISC DeepFake Çalışmaları/Deneyler/Kader/Deney 1/Göz/eye_roi_output/fake/train/combined/fake_train/fake_train_00255__face_00.jpg,4784,1786019171000000000,9feb05e4ba6d6deecbb7c3cd5f8bcda5c5612532677d682a6d4594ba2dd4ace3
/content/drive/MyDrive/AISC DeepFake Çalışmaları/Deneyler/Kader/Deney 1/Göz/eye_roi_output/fake/train/combined/fake_train/fake_train_00256__face_00.jpg,6659,1786019171000000000,789cc5388c5538078aeda805cf71733d2b6c06bab8549aa2f74dfaae4946a479
/content/drive/MyDrive/AISC DeepFake Çalışmaları/Deneyler/Kader/Deney 1/Göz/eye_roi_output/fake/train/combined/fake_train/fake_train_00257__face_00.jpg,4600,1786019172000000000,b5effa6232b759aa7b02d8585c29b3981c483d9da2c9eac8c8ebcc4f75302a35
/content/drive/MyDrive/AISC DeepFake Çalışmaları/Deneyler/Kader/Deney 1/Göz/eye_roi_output/fake/train/combined/fake_train/fake_train_00258__face_00.jpg,4691,1786019172000000000,49b32f0d994482f37e6a2e2a92d875aa3014e8cf4a23c56b8deb1c1d80fa3d5c
/content/drive/MyDrive/AISC DeepFake Çalışmaları/Deneyler/Kader/Deney 1/Göz/eye_roi_output/fake/train/combined/fake_train/fake_train_00259__face_00.jpg,5220,1786019173000000000,f28e62c2ffb6bd115c4e3aaa50479ab637d3bed167df4521042ecdba8de87914
/content/drive/MyDrive/AISC DeepFake Çalışmaları/Deneyler/Kader/Deney 1/Göz/eye_roi_output/fake/train/combined/fake_train/fake_train_00260__face_00.jpg,5007,1786019173000000000,9818fe37c3b6bbbd265a9d56b207bd3fb9b637c16396bd7ca3054fc0bba02c9a
/content/drive/MyDrive/AISC DeepFake Çalışmaları/Deneyler/Kader/Deney 1/Göz/eye_roi_output/fake/train/combined/fake_train/fake_train_00261__face_00.jpg,5276,1786019173000000000,48539edb388edab5f5d93ef70d0b094426f129b55e81a4396914573f3b90ac87
/content/drive/MyDrive/AISC DeepFake Çalışmaları/Deneyler/Kader/Deney 1/Göz/eye_roi_output/fake/train/combined/fake_train/fake_train_00262__face_00.jpg,5204,1786019174000000000,49d679e27742170b7da260d7a64676b776b366cc0ef4670cc89a9bbc1203df14
/content/drive/MyDrive/AISC DeepFake Çalışmaları/Deneyler/Kader/Deney 1/Göz/eye_roi_output/fake/train/combined/fake_train/fake_train_00263__face_00.jpg,4943,1786019174000000000,941259d214fe4330af4a4e31cf48e4a246c12ecebdd4a70b4b40b46e0e04773d
/content/drive/MyDrive/AISC DeepFake Çalışmaları/Deneyler/Kader/Deney 1/Göz/eye_roi_output/fake/train/combined/fake_train/fake_train_00264__face_00.jpg,4225,1786019175000000000,57cb9aecdca876684c98b2b80ef072c1c56cd14c535711a38fb85b51e7c1cdbb
/content/drive/MyDrive/AISC DeepFake Çalışmaları/Deneyler/Kader/Deney 1/Göz/eye_roi_output/fake/train/combined/fake_train/fake_train_00265__face_00.jpg,6960,1786019175000000000,2a04e34c8a60bfdc705389090017cc154fe8b95d1b886727ed278145e45efcda
/content/drive/MyDrive/AISC DeepFake Çalışmaları/Deneyler/Kader/Deney 1/Göz/eye_roi_output/fake/train/combined/fake_train/fake_train_00266__face_00.jpg,5183,1786019175000000000,3854ff7b941c53a565bc6430fd76e3b91d37c9e2e5fd1a75a7b7117b0be79acf
/content/drive/MyDrive/AISC DeepFake Çalışmaları/Deneyler/Kader/Deney 1/Göz/eye_roi_output/fake/train/combined/fake_train/fake_train_00267__face_00.jpg,4842,1786019176000000000,c0017309fe52e6f3e12b6393a34115db1b820e238bd187f8914fb2b4fdb70c30
/content/drive/MyDrive/AISC DeepFake Çalışmaları/Deneyler/Kader/Deney 1/Göz/eye_roi_output/fake/train/combined/fake_train/fake_train_00268__face_00.jpg,4620,1786019176000000000,ef72c6b348588aa433eba3b29413d3b90bb593aedd112a13576260533e7a2177
/content/drive/MyDrive/AISC DeepFake Çalışmaları/Deneyler/Kader/Deney 1/Göz/eye_roi_output/fake/train/combined/fake_train/fake_train_00269__face_00.jpg,6370,1786019177000000000,63fa84ac13e3fdccf7744dcfc5a48d81463f3ad07419b45e17ef828dd56e85e7
/content/drive/MyDrive/AISC DeepFake Çalışmaları/Deneyler/Kader/Deney 1/Göz/eye_roi_output/fake/train/combined/fake_train/fake_train_00270__face_00.jpg,6671,1786019178000000000,bd7b98f97e13be4a21685554686d63d19d6bb8fd04dd176f4da7a3de4ada1dda
/content/drive/MyDrive/AISC DeepFake Çalışmaları/Deneyler/Kader/Deney 1/Göz/eye_roi_output/fake/train/combined/fake_train/fake_train_00271__face_00.jpg,4529,1786019179000000000,0bf93cb071a6eb251bf6f502123e88dfe3503f06044c66d82085cc7341016c53
/content/drive/MyDrive/AISC DeepFake Çalışmaları/Deneyler/Kader/Deney 1/Göz/eye_roi_output/fake/train/combined/fake_train/fake_train_00272__face_00.jpg,4664,1786019180000000000,10ffcb9a2a985e544f501d25bc100c671522eb49049960c0f71b5e3fd7e5b88c
/content/drive/MyDrive/AISC DeepFake Çalışmaları/Deneyler/Kader/Deney 1/Göz/eye_roi_output/fake/train/combined/fake_train/fake_train_00273__face_00.jpg,5074,1786019180000000000,08733a488a628482bba45236a6fe43f669c5da8d03d95552629d2e50cfe37925
/content/drive/MyDrive/AISC DeepFake Çalışmaları/Deneyler/Kader/Deney 1/Göz/eye_roi_output/fake/train/combined/fake_train/fake_train_00274__face_00.jpg,5754,1786019181000000000,16eeab7fa62c7be54f20cbbac04ef368b9bdba74622955dcff4d5d6585a82378
/content/drive/MyDrive/AISC DeepFake Çalışmaları/Deneyler/Kader/Deney 1/Göz/eye_roi_output/fake/train/combined/fake_train/fake_train_00275__face_00.jpg,4580,1786019181000000000,c9baac4b714128d105cbcd6acf973d228e3347ff9a27685519d23f6b9536aaed
/content/drive/MyDrive/AISC DeepFake Çalışmaları/Deneyler/Kader/Deney 1/Göz/eye_roi_output/fake/train/combined/fake_train/fake_train_00276__face_00.jpg,4548,1786019182000000000,fcbfa46e6eacc9cdced7e501e62ad660bd7d296d62a2035f3453cac7b39fe6e6
/content/drive/MyDrive/AISC DeepFake Çalışmaları/Deneyler/Kader/Deney 1/Göz/eye_roi_output/fake/train/combined/fake_train/fake_train_00277__face_00.jpg,7133,1786019182000000000,8f443b0d098c8be6aa65fcd67911f5c7437913ca1ae7c83f22799fbeb9e00a83
/content/drive/MyDrive/AISC DeepFake Çalışmaları/Deneyler/Kader/Deney 1/Göz/eye_roi_output/fake/train/combined/fake_train/fake_train_00278__face_00.jpg,5517,1786019183000000000,478f1f7bd09e58819e85284fd0da5d2215a0ea2a63f6e6589751b0db404f3cc8
/content/drive/MyDrive/AISC DeepFake Çalışmaları/Deneyler/Kader/Deney 1/Göz/eye_roi_output/fake/train/combined/fake_train/fake_train_00279__face_00.jpg,4671,1786019183000000000,5674e794758ebc6024e561171ee238595b3cc86f51bff501ed5ee2da006c9c23
/content/drive/MyDrive/AISC DeepFake Çalışmaları/Deneyler/Kader/Deney 1/Göz/eye_roi_output/fake/train/combined/fake_train/fake_train_00280__face_00.jpg,5416,1786019184000000000,b23c1e94fb77b277e43c2034547ebf2eee39edf743fcb3fd60930a6e570f90e5
/content/drive/MyDrive/AISC DeepFake Çalışmaları/Deneyler/Kader/Deney 1/Göz/eye_roi_output/fake/train/combined/fake_train/fake_train_00281__face_00.jpg,4322,1786019184000000000,e088aa2e07ad98079e3de3282a3efa96348fab409280aeb4b044814cbc2abb4e
/content/drive/MyDrive/AISC DeepFake Çalışmaları/Deneyler/Kader/Deney 1/Göz/eye_roi_output/fake/train/combined/fake_train/fake_train_00282__face_00.jpg,5690,1786019184000000000,d851d76e9bc03f95bd37a9e4d4d9a23d7c3ce22fe47f8dd3a6f130550115ade9
/content/drive/MyDrive/AISC DeepFake Çalışmaları/Deneyler/Kader/Deney 1/Göz/eye_roi_output/fake/train/combined/fake_train/fake_train_00283__face_00.jpg,5032,1786019185000000000,30d3fa48b70af54ea101ea4241576a0307b6c95d73d26b768176f91609cce65a
/content/drive/MyDrive/AISC DeepFake Çalışmaları/Deneyler/Kader/Deney 1/Göz/eye_roi_output/fake/train/combined/fake_train/fake_train_00284__face_00.jpg,5345,1786019185000000000,0368988966db66b541a0d8bc963eb306731e7ad99d688bbf5a341ba9ce4e16ff
/content/drive/MyDrive/AISC DeepFake Çalışmaları/Deneyler/Kader/Deney 1/Göz/eye_roi_output/fake/train/combined/fake_train/fake_train_00285__face_00.jpg,4609,1786019186000000000,463062bbf3530b2fabf500ecfbaacf33f99d9f0a5a8b482cd991a0f821077d6c
/content/drive/MyDrive/AISC DeepFake Çalışmaları/Deneyler/Kader/Deney 1/Göz/eye_roi_output/fake/train/combined/fake_train/fake_train_00286__face_00.jpg,5482,1786019186000000000,b2fb81512a48ebf59c7814e91694dd6f7a79c2b13ae0098e23d842ac7f719165
/content/drive/MyDrive/AISC DeepFake Çalışmaları/Deneyler/Kader/Deney 1/Göz/eye_roi_output/fake/train/combined/fake_train/fake_train_00287__face_00.jpg,6084,1786019186000000000,a9ac96d2cc1da64d54ac481d9791ca16b4849106d47b7ffc9d4d4af7dce1a60e
/content/drive/MyDrive/AISC DeepFake Çalışmaları/Deneyler/Kader/Deney 1/Göz/eye_roi_output/fake/train/combined/fake_train/fake_train_00288__face_00.jpg,4795,1786019187000000000,835098f728eef81a092925fe75b42ee556cbc8671833ce71c11f7bc35e296d3e
/content/drive/MyDrive/AISC DeepFake Çalışmaları/Deneyler/Kader/Deney 1/Göz/eye_roi_output/fake/train/combined/fake_train/fake_train_00289__face_00.jpg,5829,1786019187000000000,8e093c52727fe2f498b628a41af3c5c710292ca892c0f8be1fb2f58eb0c77f45
/content/drive/MyDrive/AISC DeepFake Çalışmaları/Deneyler/Kader/Deney 1/Göz/eye_roi_output/fake/train/combined/fake_train/fake_train_00290__face_00.jpg,5190,1786019188000000000,84616e2ca7fc3248285a58c91c37f1dca0e7e38c091ac67a1adfd0ffc66848de
/content/drive/MyDrive/AISC DeepFake Çalışmaları/Deneyler/Kader/Deney 1/Göz/eye_roi_output/fake/train/combined/fake_train/fake_train_00291__face_00.jpg,6689,1786019188000000000,0d3fe7e9771427d6b8a79910f4f7d4b7de785d4ceaa3530c33182509ca7611e4
/content/drive/MyDrive/AISC DeepFake Çalışmaları/Deneyler/Kader/Deney 1/Göz/eye_roi_output/fake/train/combined/fake_train/fake_train_00292__face_00.jpg,5347,1786019188000000000,60b965d6fa6a5f2b0b02c7f8f5925e479cf1274f55057bbc594ca46c7480624f
/content/drive/MyDrive/AISC DeepFake Çalışmaları/Deneyler/Kader/Deney 1/Göz/eye_roi_output/fake/train/combined/fake_train/fake_train_00293__face_00.jpg,6425,1786019189000000000,fbcde3a88867dc7285b564099ee5f4c88e91ab2680fbd066b3f67cc5438a8e62
/content/drive/MyDrive/AISC DeepFake Çalışmaları/Deneyler/Kader/Deney 1/Göz/eye_roi_output/fake/train/combined/fake_train/fake_train_00294__face_00.jpg,6035,1786019190000000000,754088bfcaa6fe36a2eb3bf6d247e3379f348d3ca540171d4cd2729192a3e787
/content/drive/MyDrive/AISC DeepFake Çalışmaları/Deneyler/Kader/Deney 1/Göz/eye_roi_output/fake/train/combined/fake_train/fake_train_00295__face_00.jpg,6328,1786019190000000000,42bc92df9e72d64871d4d3376680eb19175a6915cc4a9c8f7387ee0e787230c1
/content/drive/MyDrive/AISC DeepFake Çalışmaları/Deneyler/Kader/Deney 1/Göz/eye_roi_output/fake/train/combined/fake_train/fake_train_00297__face_00.jpg,4750,1786019191000000000,14f1f00c1d0dafe110d769c0548562ca843ae8bbf8c073b8bcb086a6ec4c2de1
/content/drive/MyDrive/AISC DeepFake Çalışmaları/Deneyler/Kader/Deney 1/Göz/eye_roi_output/fake/train/combined/fake_train/fake_train_00298__face_00.jpg,4899,1786019191000000000,13b042a4bbc233236d1a556672397314b0efcc533d3a375213252e655a36533c
/content/drive/MyDrive/AISC DeepFake Çalışmaları/Deneyler/Kader/Deney 1/Göz/eye_roi_output/fake/train/combined/fake_train/fake_train_00299__face_00.jpg,5445,1786019192000000000,6ed1d9bbf50e74a97efa1b4ca28979a55895a77d44607e7f73cb14fd874601a7
/content/drive/MyDrive/AISC DeepFake Çalışmaları/Deneyler/Kader/Deney 1/Göz/eye_roi_output/fake/train/combined/fake_train/fake_train_00300__face_00.jpg,4784,1786019192000000000,39e3c73374e817ca07460e402c37a911829832530259df0b34771785e3280236
/content/drive/MyDrive/AISC DeepFake Çalışmaları/Deneyler/Kader/Deney 1/Göz/eye_roi_output/fake/train/combined/fake_train/fake_train_00301__face_00.jpg,5579,1786019193000000000,99db65f2d1eed99f5f0ff5057045385409e62a3d474e96d11265a7b503d82a3d
/content/drive/MyDrive/AISC DeepFake Çalışmaları/Deneyler/Kader/Deney 1/Göz/eye_roi_output/fake/train/combined/fake_train/fake_train_00302__face_00.jpg,5201,1786019193000000000,219560fe43b163d023f34a76d3081e0ee25c37b76dd88a95d92b1a37f67b7fbb
/content/drive/MyDrive/AISC DeepFake Çalışmaları/Deneyler/Kader/Deney 1/Göz/eye_roi_output/fake/train/combined/fake_train/fake_train_00303__face_00.jpg,4587,1786019194000000000,4c0b2ca9cfbc265c9650f61e2fc41f6e905ee57ba45bd9af76af1d102cb32ca2
/content/drive/MyDrive/AISC DeepFake Çalışmaları/Deneyler/Kader/Deney 1/Göz/eye_roi_output/fake/train/combined/fake_train/fake_train_00304__face_00.jpg,5718,1786019194000000000,66c1ae5a997330dd4508e3723afc08933d86b0567893579b713c23e649cae5e6
/content/drive/MyDrive/AISC DeepFake Çalışmaları/Deneyler/Kader/Deney 1/Göz/eye_roi_output/fake/train/combined/fake_train/fake_train_00305__face_00.jpg,4763,1786019195000000000,0cbe31bebab2b475d19fa08859bec80e1463abac65ff34ebf511ef76f2050a17
/content/drive/MyDrive/AISC DeepFake Çalışmaları/Deneyler/Kader/Deney 1/Göz/eye_roi_output/fake/train/combined/fake_train/fake_train_00306__face_00.jpg,3992,1786019195000000000,af553c4e90b2911f6456eecf5059503ec3f23dffb8c6565124f43e15ef3dd4a1
/content/drive/MyDrive/AISC DeepFake Çalışmaları/Deneyler/Kader/Deney 1/Göz/eye_roi_output/fake/train/combined/fake_train/fake_train_00307__face_00.jpg,5013,1786019196000000000,4e5e9577bdddf33d96abd927c06d5296fce4edbee97dd2eef5538296ea0028c9
/content/drive/MyDrive/AISC DeepFake Çalışmaları/Deneyler/Kader/Deney 1/Göz/eye_roi_output/fake/train/combined/fake_train/fake_train_00308__face_00.jpg,5391,1786019196000000000,f7cba07e0e4b48b53015c8f6c0671bbd215b0b9f6c4d54e7dcf54aabc8cb79ee
/content/drive/MyDrive/AISC DeepFake Çalışmaları/Deneyler/Kader/Deney 1/Göz/eye_roi_output/fake/train/combined/fake_train/fake_train_00309__face_00.jpg,4587,1786019196000000000,d2ae45a1b16b86a40ba1fdc829d47abc5ee581945a35e42cf2e153d4d5e600c1
/content/drive/MyDrive/AISC DeepFake Çalışmaları/Deneyler/Kader/Deney 1/Göz/eye_roi_output/fake/train/combined/fake_train/fake_train_00310__face_00.jpg,5728,1786019197000000000,98cd9b226fe3cbf80238c09869f57100781c72df43ceb841ab6a4a300cd3de72
/content/drive/MyDrive/AISC DeepFake Çalışmaları/Deneyler/Kader/Deney 1/Göz/eye_roi_output/fake/train/combined/fake_train/fake_train_00311__face_00.jpg,5571,1786019197000000000,0b64694abe8420ce97d72522b97cc5d0e3e1184c53a819c900c027a87ff6fc26
/content/drive/MyDrive/AISC DeepFake Çalışmaları/Deneyler/Kader/Deney 1/Göz/eye_roi_output/fake/train/combined/fake_train/fake_train_00312__face_00.jpg,4691,1786019198000000000,4446b204404c02de3ab89d03ec9d86bdc1930e4f5de5daee63016e0f088b5b5d
/content/drive/MyDrive/AISC DeepFake Çalışmaları/Deneyler/Kader/Deney 1/Göz/eye_roi_output/fake/train/combined/fake_train/fake_train_00313__face_00.jpg,4895,1786019198000000000,384d7421941a24f54733a68deb373a8c5fc402c947086a469c7fe780acd7e602
/content/drive/MyDrive/AISC DeepFake Çalışmaları/Deneyler/Kader/Deney 1/Göz/eye_roi_output/fake/train/combined/fake_train/fake_train_00314__face_00.jpg,4413,1786019198000000000,fce87e25fc2dd0ef5ab9203279a2943b98606e42d5063d57240edffa2fad366f
/content/drive/MyDrive/AISC DeepFake Çalışmaları/Deneyler/Kader/Deney 1/Göz/eye_roi_output/fake/train/combined/fake_train/fake_train_00315__face_00.jpg,4624,1786019199000000000,c1557b9b027193991be42a942fd3931ad4c74531b163f308a5bc23443f63bcc1
/content/drive/MyDrive/AISC DeepFake Çalışmaları/Deneyler/Kader/Deney 1/Göz/eye_roi_output/fake/train/combined/fake_train/fake_train_00316__face_00.jpg,4407,1786019199000000000,3cdcea12eb785728712faeed62615f1258dca999a4a3ac4d76f88e1ddfbe1c20
/content/drive/MyDrive/AISC DeepFake Çalışmaları/Deneyler/Kader/Deney 1/Göz/eye_roi_output/fake/train/combined/fake_train/fake_train_00317__face_00.jpg,4854,1786019200000000000,989ebc7440fbdee4c7a4541bddb77b147589d95e95ad97b7896a677f981851fd
/content/drive/MyDrive/AISC DeepFake Çalışmaları/Deneyler/Kader/Deney 1/Göz/eye_roi_output/fake/train/combined/fake_train/fake_train_00318__face_00.jpg,4497,1786019200000000000,10d015d1accb365b54fd780068fd8c74bcd103204cbc49c2de7a6d4426cc1f7c
/content/drive/MyDrive/AISC DeepFake Çalışmaları/Deneyler/Kader/Deney 1/Göz/eye_roi_output/fake/train/combined/fake_train/fake_train_00319__face_00.jpg,4831,1786019200000000000,42b2df6e96079fb9f6d1d415ca2621692f30493145e459972f9378f20f06225d
/content/drive/MyDrive/AISC DeepFake Çalışmaları/Deneyler/Kader/Deney 1/Göz/eye_roi_output/fake/train/combined/fake_train/fake_train_00319__face_01.jpg,4358,1786019201000000000,64bfa7adc6a897cb5a5cad7e62b656dfbfddfa0423b6f9f1ddee0af733032bab
/content/drive/MyDrive/AISC DeepFake Çalışmaları/Deneyler/Kader/Deney 1/Göz/eye_roi_output/fake/train/combined/fake_train/fake_train_00320__face_00.jpg,4871,1786019201000000000,6377031858f8539ef61d8f2a67d2b3c11ff102b2481cdc19a5df5d036bf43101
/content/drive/MyDrive/AISC DeepFake Çalışmaları/Deneyler/Kader/Deney 1/Göz/eye_roi_output/fake/train/combined/fake_train/fake_train_00321__face_00.jpg,5137,1786019202000000000,e7f57c7589881229d513f564acb0e5203888c38ec24b30fcf090df40c2923435
/content/drive/MyDrive/AISC DeepFake Çalışmaları/Deneyler/Kader/Deney 1/Göz/eye_roi_output/fake/train/combined/fake_train/fake_train_00322__face_00.jpg,4872,1786019202000000000,96a8a9eb9e31a3edc1fb2201939b5c5b3d8984dce8d9d790bab824a36a780e53
/content/drive/MyDrive/AISC DeepFake Çalışmaları/Deneyler/Kader/Deney 1/Göz/eye_roi_output/fake/train/combined/fake_train/fake_train_00323__face_00.jpg,5172,1786019203000000000,af937a195db96a39b91ff76046ffa8ee1e5f32f69171146b91a77cc81bbf8748
/content/drive/MyDrive/AISC DeepFake Çalışmaları/Deneyler/Kader/Deney 1/Göz/eye_roi_output/fake/train/combined/fake_train/fake_train_00324__face_00.jpg,4649,1786019203000000000,0129332b3d5a94ffbfbe51ca193a88b3d3a209d036daeee47bb7cc53efbfffa8
/content/drive/MyDrive/AISC DeepFake Çalışmaları/Deneyler/Kader/Deney 1/Göz/eye_roi_output/fake/train/combined/fake_train/fake_train_00325__face_00.jpg,4966,1786019203000000000,b4400aefba60b307e169559486209f77a3ddd2a33d691d6b1dd7e913d5ec0465
/content/drive/MyDrive/AISC DeepFake Çalışmaları/Deneyler/Kader/Deney 1/Göz/eye_roi_output/fake/train/combined/fake_train/fake_train_00326__face_00.jpg,4994,1786019204000000000,650781a6775eb3cf16f3d120b5ad9cb8315e0785a06d03571b3849d2c2f0609a
/content/drive/MyDrive/AISC DeepFake Çalışmaları/Deneyler/Kader/Deney 1/Göz/eye_roi_output/fake/train/combined/fake_train/fake_train_00327__face_00.jpg,5068,1786019204000000000,0a06277f71e20163b9433c75cdf102eaefac733b29461a150cdc74d9b14ec37a
/content/drive/MyDrive/AISC DeepFake Çalışmaları/Deneyler/Kader/Deney 1/Göz/eye_roi_output/fake/train/combined/fake_train/fake_train_00328__face_00.jpg,5448,1786019205000000000,37eeea5bc5c33ae290d2aa914b98062b69b2da121e0eb0c6498c5f7399af8a17
/content/drive/MyDrive/AISC DeepFake Çalışmaları/Deneyler/Kader/Deney 1/Göz/eye_roi_output/fake/train/combined/fake_train/fake_train_00329__face_00.jpg,4741,1786019205000000000,19a866864883ab3319a289976dd4553c523e494699ebb05a167bacab5080f400
/content/drive/MyDrive/AISC DeepFake Çalışmaları/Deneyler/Kader/Deney 1/Göz/eye_roi_output/fake/train/combined/fake_train/fake_train_00330__face_00.jpg,4123,1786019205000000000,99f103c0c2dfe0be8495beb0d8ed43494b3dce3ef29dac58541fc7fdc8d3d2a5
/content/drive/MyDrive/AISC DeepFake Çalışmaları/Deneyler/Kader/Deney 1/Göz/eye_roi_output/fake/train/combined/fake_train/fake_train_00331__face_00.jpg,5136,1786019206000000000,1d7181dd64cc9757668fab516fb97ce5e7e97181f2abb38ee196da7dd7f0c543
/content/drive/MyDrive/AISC DeepFake Çalışmaları/Deneyler/Kader/Deney 1/Göz/eye_roi_output/fake/train/combined/fake_train/fake_train_00332__face_00.jpg,5524,1786019207000000000,383189b4aea51348f88a046e62823c7facdd624aba146b853a2defb84f47a92d
/content/drive/MyDrive/AISC DeepFake Çalışmaları/Deneyler/Kader/Deney 1/Göz/eye_roi_output/fake/train/combined/fake_train/fake_train_00333__face_00.jpg,4741,1786019207000000000,d29b8ec5014c7883920812773d1fb8c80f2029533df5622eb573d5af5a3f2929
/content/drive/MyDrive/AISC DeepFake Çalışmaları/Deneyler/Kader/Deney 1/Göz/eye_roi_output/fake/train/combined/fake_train/fake_train_00334__face_00.jpg,4885,1786019208000000000,2f275b7a93c36de3464d9739ac6cc4c9f5df23c8933a2af7b728b39518a5ab0a
/content/drive/MyDrive/AISC DeepFake Çalışmaları/Deneyler/Kader/Deney 1/Göz/eye_roi_output/fake/train/combined/fake_train/fake_train_00335__face_00.jpg,4502,1786019208000000000,634188be4bb5b2698eec80a6e26e648071ff1a0284c1baf8448f6099061fd3d9
/content/drive/MyDrive/AISC DeepFake Çalışmaları/Deneyler/Kader/Deney 1/Göz/eye_roi_output/fake/train/combined/fake_train/fake_train_00336__face_00.jpg,5268,1786019208000000000,a706417dc3d04c9968cb19efe9ef1993e781a889529d56e9ca6392a12dbef1e5
/content/drive/MyDrive/AISC DeepFake Çalışmaları/Deneyler/Kader/Deney 1/Göz/eye_roi_output/fake/train/combined/fake_train/fake_train_00337__face_00.jpg,4755,1786019209000000000,d0cb015b7945a57646877c26d9d5b1dae6696ccb4a03194116e2c20ef6718288
/content/drive/MyDrive/AISC DeepFake Çalışmaları/Deneyler/Kader/Deney 1/Göz/eye_roi_output/fake/train/combined/fake_train/fake_train_00338__face_00.jpg,6175,1786019209000000000,341eb36f0d4ae68934cd77fe1b743ac75de43134be5f9aa6f2776860709e1339
/content/drive/MyDrive/AISC DeepFake Çalışmaları/Deneyler/Kader/Deney 1/Göz/eye_roi_output/fake/train/combined/fake_train/fake_train_00339__face_00.jpg,5769,1786019210000000000,02302234a5e5759226ff6ed1c43bd19586f6f10a63ef593998543d9026e3b860
/content/drive/MyDrive/AISC DeepFake Çalışmaları/Deneyler/Kader/Deney 1/Göz/eye_roi_output/fake/train/combined/fake_train/fake_train_00340__face_00.jpg,4587,1786019210000000000,4406cbc383c5f64ebb73c70afb9647d46bb5ec24aacd8cbb0894dacba6f58d2d
/content/drive/MyDrive/AISC DeepFake Çalışmaları/Deneyler/Kader/Deney 1/Göz/eye_roi_output/fake/train/combined/fake_train/fake_train_00341__face_00.jpg,5873,1786019210000000000,22f81ee0787ba2304a27367978b0e29d7a6d10ca65748e4375fb388eec526c3c
/content/drive/MyDrive/AISC DeepFake Çalışmaları/Deneyler/Kader/Deney 1/Göz/eye_roi_output/fake/train/combined/fake_train/fake_train_00342__face_00.jpg,5885,1786019211000000000,9f3b3c388466850502100edfe5e2c624e4498413e6208befd08bef6b860efe0b
/content/drive/MyDrive/AISC DeepFake Çalışmaları/Deneyler/Kader/Deney 1/Göz/eye_roi_output/fake/train/combined/fake_train/fake_train_00343__face_00.jpg,4571,1786019211000000000,28a7a3f7543f87af21d5e134f4e159519060c87edf67a3446485e1a31f079c72
/content/drive/MyDrive/AISC DeepFake Çalışmaları/Deneyler/Kader/Deney 1/Göz/eye_roi_output/fake/train/combined/fake_train/fake_train_00344__face_00.jpg,5074,1786019212000000000,6eceb54d8a4876f79cfbb7e3140647ebd50d7eed9604402c4947619be895e1e3
/content/drive/MyDrive/AISC DeepFake Çalışmaları/Deneyler/Kader/Deney 1/Göz/eye_roi_output/fake/train/combined/fake_train/fake_train_00345__face_00.jpg,5516,1786019213000000000,43f160288d1b7e8b8c055a6876e9c75016043566cec6d9e7adfab6def9c90a8c
/content/drive/MyDrive/AISC DeepFake Çalışmaları/Deneyler/Kader/Deney 1/Göz/eye_roi_output/fake/train/combined/fake_train/fake_train_00346__face_00.jpg,4800,1786019214000000000,58f1c1e3a16b0351a958957d8e26485c7cad8dad9bdfb01676db8285869512db
/content/drive/MyDrive/AISC DeepFake Çalışmaları/Deneyler/Kader/Deney 1/Göz/eye_roi_output/fake/train/combined/fake_train/fake_train_00346__face_01.jpg,6661,1786019214000000000,7427a8ccb3c830770b4a83c9fc3b571a23451c5b0e5040753149eab3281f6dd8
/content/drive/MyDrive/AISC DeepFake Çalışmaları/Deneyler/Kader/Deney 1/Göz/eye_roi_output/fake/train/combined/fake_train/fake_train_00347__face_00.jpg,4760,1786019214000000000,ce19c86095d15d23015a1f99e7511d8bd50b267c7cb5ef5496a3328d3513abb8
/content/drive/MyDrive/AISC DeepFake Çalışmaları/Deneyler/Kader/Deney 1/Göz/eye_roi_output/fake/train/combined/fake_train/fake_train_00348__face_00.jpg,5637,1786019214000000000,a78bd510622c8af449ea883b03d1d6a07e0870fe822541ee58a6cc5b2b1ce473
/content/drive/MyDrive/AISC DeepFake Çalışmaları/Deneyler/Kader/Deney 1/Göz/eye_roi_output/fake/train/combined/fake_train/fake_train_00349__face_00.jpg,5715,1786019215000000000,bac77b288e866ba04543b1e277a209ccbb9d2986abd143cce7f0ce43e61b8169
/content/drive/MyDrive/AISC DeepFake Çalışmaları/Deneyler/Kader/Deney 1/Göz/eye_roi_output/fake/train/combined/fake_train/fake_train_00350__face_00.jpg,5647,1786019215000000000,a143be3b4a51e7543a442934a51fbb588cc0ec719dbb5e0ea8716227a8f4b478
/content/drive/MyDrive/AISC DeepFake Çalışmaları/Deneyler/Kader/Deney 1/Göz/eye_roi_output/fake/train/combined/fake_train/fake_train_00351__face_00.jpg,4916,1786019216000000000,a00be2e5939f3be5d9158a2acccc035ddc8f0bb9b436e07ea35648e19d455a22
/content/drive/MyDrive/AISC DeepFake Çalışmaları/Deneyler/Kader/Deney 1/Göz/eye_roi_output/fake/train/combined/fake_train/fake_train_00352__face_00.jpg,4764,1786019216000000000,887ee22138bda91571f4d97c4aadb46ec3c740c1d7154969bdeeb6bf7a148506
/content/drive/MyDrive/AISC DeepFake Çalışmaları/Deneyler/Kader/Deney 1/Göz/eye_roi_output/fake/train/combined/fake_train/fake_train_00353__face_00.jpg,5825,1786019217000000000,6bcf46a5264ba80b9cc3ee215d079f7fc961e5f77f385b4e8000705990216041
/content/drive/MyDrive/AISC DeepFake Çalışmaları/Deneyler/Kader/Deney 1/Göz/eye_roi_output/fake/train/combined/fake_train/fake_train_00356__face_00.jpg,5049,1786019218000000000,d3bebc83de87836dd444857b2183ceae0db4b7d4579a90badc641d307d020db7
/content/drive/MyDrive/AISC DeepFake Çalışmaları/Deneyler/Kader/Deney 1/Göz/eye_roi_output/fake/train/combined/fake_train/fake_train_00357__face_00.jpg,4221,1786019218000000000,03eee5d88f58cdcc73ff539834c2c89805096bffe9e5bba8536e88bde7ab0519
/content/drive/MyDrive/AISC DeepFake Çalışmaları/Deneyler/Kader/Deney 1/Göz/eye_roi_output/fake/train/combined/fake_train/fake_train_00358__face_00.jpg,4915,1786019219000000000,caed86a24ecfacd5bf1321ca331371a7223f06c506340dd31b617658a83515bb
/content/drive/MyDrive/AISC DeepFake Çalışmaları/Deneyler/Kader/Deney 1/Göz/eye_roi_output/fake/train/combined/fake_train/fake_train_00359__face_00.jpg,4974,1786019220000000000,40f9227a226f51bffeffce722b92fa9179479488183cf3fbc9dfaf89c8a55bb4
/content/drive/MyDrive/AISC DeepFake Çalışmaları/Deneyler/Kader/Deney 1/Göz/eye_roi_output/fake/train/combined/fake_train/fake_train_00360__face_00.jpg,5160,1786019220000000000,7e2a05ee7d08079a78f9ac623f351a52d0a04cdf59a71a9a8dfea8841daffd83
/content/drive/MyDrive/AISC DeepFake Çalışmaları/Deneyler/Kader/Deney 1/Göz/eye_roi_output/fake/train/combined/fake_train/fake_train_00361__face_00.jpg,5071,1786019221000000000,3fab28262acfb4ec1d24bcdaaf438c0be7756a4f0952f3aa66ecd281492f038a
/content/drive/MyDrive/AISC DeepFake Çalışmaları/Deneyler/Kader/Deney 1/Göz/eye_roi_output/fake/train/combined/fake_train/fake_train_00362__face_00.jpg,4495,1786019221000000000,12a6dd7a834f0293fc88de8210b45f56b044759e234eba7aabc468144d8434d1
/content/drive/MyDrive/AISC DeepFake Çalışmaları/Deneyler/Kader/Deney 1/Göz/eye_roi_output/fake/train/combined/fake_train/fake_train_00363__face_00.jpg,5046,1786019221000000000,1c1fc3f05cfe96724babb42e000ddee1b69aec3b7a5abd17e9c5935cbdc22e8e
/content/drive/MyDrive/AISC DeepFake Çalışmaları/Deneyler/Kader/Deney 1/Göz/eye_roi_output/fake/train/combined/fake_train/fake_train_00364__face_00.jpg,5399,1786019222000000000,28b97773cd6223afabb711f3c7dffa579c493e0767ccd6731c60fb398f408c99
/content/drive/MyDrive/AISC DeepFake Çalışmaları/Deneyler/Kader/Deney 1/Göz/eye_roi_output/fake/train/combined/fake_train/fake_train_00365__face_00.jpg,4940,1786019223000000000,b72b62c46752ed04bc44c193c6cc1410e4537737c8de1137d3066dc4243e0353
/content/drive/MyDrive/AISC DeepFake Çalışmaları/Deneyler/Kader/Deney 1/Göz/eye_roi_output/fake/train/combined/fake_train/fake_train_00366__face_00.jpg,5490,1786019223000000000,0198b253a284e1d3f8284b04c4ffba79e98a1390b69166ea319e6ace30e238bc
/content/drive/MyDrive/AISC DeepFake Çalışmaları/Deneyler/Kader/Deney 1/Göz/eye_roi_output/fake/train/combined/fake_train/fake_train_00366__face_01.jpg,5892,1786019223000000000,313e7999ee8d4b60c8dd944ff58d6cde4748425eadde45b5ce74ea149beb3ac5
/content/drive/MyDrive/AISC DeepFake Çalışmaları/Deneyler/Kader/Deney 1/Göz/eye_roi_output/fake/train/combined/fake_train/fake_train_00367__face_00.jpg,5210,1786019224000000000,15bb97de1ef799eb717917eb8f8c9e0e5b696040d820075be682720d8bdeddac
/content/drive/MyDrive/AISC DeepFake Çalışmaları/Deneyler/Kader/Deney 1/Göz/eye_roi_output/fake/train/combined/fake_train/fake_train_00368__face_00.jpg,4816,1786019224000000000,a1da59d2506e8d83f282a8b8b687bd52d1988790641894756532a6cb6755931a
/content/drive/MyDrive/AISC DeepFake Çalışmaları/Deneyler/Kader/Deney 1/Göz/eye_roi_output/fake/train/combined/fake_train/fake_train_00369__face_00.jpg,4850,1786019225000000000,55e2963abf30d1889517f6831512b46deae8de4ec4bf9b33b75b74194c4d79c3
/content/drive/MyDrive/AISC DeepFake Çalışmaları/Deneyler/Kader/Deney 1/Göz/eye_roi_output/fake/train/combined/fake_train/fake_train_00370__face_00.jpg,5909,1786019225000000000,4ea2146830fe9e4c721730b9d1e0f2abecc44040e34280c7b34c34c2a2add950
/content/drive/MyDrive/AISC DeepFake Çalışmaları/Deneyler/Kader/Deney 1/Göz/eye_roi_output/fake/train/combined/fake_train/fake_train_00371__face_00.jpg,4332,1786019226000000000,ef68867575a11c685cd106634165f7316ef819cebbb0ce21a6f5fb96737f2e97
/content/drive/MyDrive/AISC DeepFake Çalışmaları/Deneyler/Kader/Deney 1/Göz/eye_roi_output/fake/train/combined/fake_train/fake_train_00372__face_00.jpg,5308,1786019226000000000,bb334ca5a95b13b4729771c3c4281d4674d0515102f8cf6e009115377e6fcdeb
/content/drive/MyDrive/AISC DeepFake Çalışmaları/Deneyler/Kader/Deney 1/Göz/eye_roi_output/fake/train/combined/fake_train/fake_train_00373__face_00.jpg,5482,1786019226000000000,a6f321d7ffa759aea117aea529e519c7b9ed2551f698ecb7f541344d7bb2e947
/content/drive/MyDrive/AISC DeepFake Çalışmaları/Deneyler/Kader/Deney 1/Göz/eye_roi_output/fake/train/combined/fake_train/fake_train_00375__face_00.jpg,5307,1786019227000000000,d8ccc2a10bf3740156f981c721e01fc66ddde672494097e662620f2dca27d65d
/content/drive/MyDrive/AISC DeepFake Çalışmaları/Deneyler/Kader/Deney 1/Göz/eye_roi_output/fake/train/combined/fake_train/fake_train_00376__face_00.jpg,5478,1786019228000000000,72cace8344b32961ed39e339f9cd8d484222aca748e8f68a2155342d1859c290
/content/drive/MyDrive/AISC DeepFake Çalışmaları/Deneyler/Kader/Deney 1/Göz/eye_roi_output/fake/train/combined/fake_train/fake_train_00377__face_00.jpg,5319,1786019228000000000,96c0b0d1d51cf33a0b73024312b86185d049b6391416640d88a751deeb8c941a
/content/drive/MyDrive/AISC DeepFake Çalışmaları/Deneyler/Kader/Deney 1/Göz/eye_roi_output/fake/train/combined/fake_train/fake_train_00378__face_00.jpg,5060,1786019228000000000,97fb18a4c53de59bba1a96d4fbb23075a06ba7d2780fdb65bc06c51333acb2d2
/content/drive/MyDrive/AISC DeepFake Çalışmaları/Deneyler/Kader/Deney 1/Göz/eye_roi_output/fake/train/combined/fake_train/fake_train_00379__face_00.jpg,4890,1786019229000000000,650c269d7d2b37cd5efd10c24778e7a5e6247d2bd86d50e57da91cb6e583b849
/content/drive/MyDrive/AISC DeepFake Çalışmaları/Deneyler/Kader/Deney 1/Göz/eye_roi_output/fake/train/combined/fake_train/fake_train_00380__face_00.jpg,3904,1786019229000000000,eb322b019239c3305456be029debdf8790494e3e4ded3c3822f7f7e8ab333f41
/content/drive/MyDrive/AISC DeepFake Çalışmaları/Deneyler/Kader/Deney 1/Göz/eye_roi_output/fake/train/combined/fake_train/fake_train_00381__face_00.jpg,4590,1786019230000000000,bcfc3b3b4410f93f9bbbd8c05b924170c0cde138a0e422f62c48421f64ea2600
/content/drive/MyDrive/AISC DeepFake Çalışmaları/Deneyler/Kader/Deney 1/Göz/eye_roi_output/fake/train/combined/fake_train/fake_train_00382__face_00.jpg,5240,1786019230000000000,9103e419618a002987dde2b1409c181414a15bbdf0bb7fd65addebfe10443b45
/content/drive/MyDrive/AISC DeepFake Çalışmaları/Deneyler/Kader/Deney 1/Göz/eye_roi_output/fake/train/combined/fake_train/fake_train_00383__face_00.jpg,5040,1786019230000000000,80cd87569b349e57814ad65e7dc834c8b39cf3b9e0c26f4af74605788178ed4c
/content/drive/MyDrive/AISC DeepFake Çalışmaları/Deneyler/Kader/Deney 1/Göz/eye_roi_output/fake/train/combined/fake_train/fake_train_00384__face_00.jpg,4964,1786019231000000000,5830af8973c10762cae95991318e9ff2bfbb5ce21435c6f6838480e47cf71aaf
/content/drive/MyDrive/AISC DeepFake Çalışmaları/Deneyler/Kader/Deney 1/Göz/eye_roi_output/fake/train/combined/fake_train/fake_train_00385__face_00.jpg,4208,1786019232000000000,9239a4d7af05e3b0ed8fc1762277bcc4bc0d6ec36bf1f3080bf690a66350495c
/content/drive/MyDrive/AISC DeepFake Çalışmaları/Deneyler/Kader/Deney 1/Göz/eye_roi_output/fake/train/combined/fake_train/fake_train_00386__face_00.jpg,5672,1786019232000000000,c66d0d95b885456e7da771098a6f8c7f7cbad2a0233929f07d76b74c59af5b84
/content/drive/MyDrive/AISC DeepFake Çalışmaları/Deneyler/Kader/Deney 1/Göz/eye_roi_output/fake/train/combined/fake_train/fake_train_00387__face_00.jpg,4747,1786019232000000000,c742afe779eac8a768a8a0ac99a07e637fc36715e5c31d8d35dce61b90155330
/content/drive/MyDrive/AISC DeepFake Çalışmaları/Deneyler/Kader/Deney 1/Göz/eye_roi_output/fake/train/combined/fake_train/fake_train_00389__face_00.jpg,4707,1786019233000000000,6a74543a605996f5599d72fcef3475caf1fd45f5effd56bd8f8bf534128b0976
/content/drive/MyDrive/AISC DeepFake Çalışmaları/Deneyler/Kader/Deney 1/Göz/eye_roi_output/fake/train/combined/fake_train/fake_train_00390__face_00.jpg,5057,1786019233000000000,802e2d2876465be91295151c78c400d77ffc8e59249194cc67652ef953075bea
/content/drive/MyDrive/AISC DeepFake Çalışmaları/Deneyler/Kader/Deney 1/Göz/eye_roi_output/fake/train/combined/fake_train/fake_train_00391__face_00.jpg,4255,1786019234000000000,2530586dfc32aeef3bad3dd0292b609f86b5de15d9df23a31b7450551d103352
/content/drive/MyDrive/AISC DeepFake Çalışmaları/Deneyler/Kader/Deney 1/Göz/eye_roi_output/fake/train/combined/fake_train/fake_train_00393__face_00.jpg,4868,1786019235000000000,253e7f3c41582844a35b144f0bea9382d0924657f8ce090c5769ade0e588e58c
/content/drive/MyDrive/AISC DeepFake Çalışmaları/Deneyler/Kader/Deney 1/Göz/eye_roi_output/fake/train/combined/fake_train/fake_train_00394__face_00.jpg,5498,1786019236000000000,6111103b4a81885801715a723e21853c0e4b215f2154d15865d5c010c292dc49
/content/drive/MyDrive/AISC DeepFake Çalışmaları/Deneyler/Kader/Deney 1/Göz/eye_roi_output/fake/train/combined/fake_train/fake_train_00395__face_00.jpg,5659,1786019236000000000,3bfaa5372c19a1b5cbc95773fc92ef91e97d7bf1211e097734d544eee57d78c8
/content/drive/MyDrive/AISC DeepFake Çalışmaları/Deneyler/Kader/Deney 1/Göz/eye_roi_output/fake/train/combined/fake_train/fake_train_00396__face_00.jpg,6093,1786019237000000000,bbf4d999635caa515d88b33056c38c930bb82e077198978c8869c0c39c7d7600
/content/drive/MyDrive/AISC DeepFake Çalışmaları/Deneyler/Kader/Deney 1/Göz/eye_roi_output/fake/train/combined/fake_train/fake_train_00397__face_00.jpg,5140,1786019237000000000,f5311035558b2c7c2625be251a6eaf5ed5fa96f1d14c402d541763a329e3fd69
/content/drive/MyDrive/AISC DeepFake Çalışmaları/Deneyler/Kader/Deney 1/Göz/eye_roi_output/fake/train/combined/fake_train/fake_train_00398__face_00.jpg,6259,1786019238000000000,8de6e7a5837a60376fd1812557d841e2392af75f04619400a3c20145885d2802
/content/drive/MyDrive/AISC DeepFake Çalışmaları/Deneyler/Kader/Deney 1/Göz/eye_roi_output/fake/train/combined/fake_train/fake_train_00398__face_01.jpg,5287,1786019238000000000,c77796f471fa01946ab5b68537b89606944abe97391d93052fb2a3c9a7028fc9
/content/drive/MyDrive/AISC DeepFake Çalışmaları/Deneyler/Kader/Deney 1/Göz/eye_roi_output/fake/train/combined/fake_train/fake_train_00399__face_00.jpg,5419,1786019239000000000,558804c845d2ffee2b284e1cc0fd163569021809072d7722d8cd73e841877c89
/content/drive/MyDrive/AISC DeepFake Çalışmaları/Deneyler/Kader/Deney 1/Göz/eye_roi_output/fake/train/combined/fake_train/fake_train_00400__face_00.jpg,6528,1786019239000000000,60851075515acdcfc4c5037fdd5170ff0ff10ee98cb6092da0f7896f1cdd47f9
/content/drive/MyDrive/AISC DeepFake Çalışmaları/Deneyler/Kader/Deney 1/Göz/eye_roi_output/fake/train/combined/fake_train/fake_train_00401__face_00.jpg,4396,1786019240000000000,235d9a22902921c587eb74f7c39a7686a0c94fd9d788d9dca775de67f1fbb2a5
/content/drive/MyDrive/AISC DeepFake Çalışmaları/Deneyler/Kader/Deney 1/Göz/eye_roi_output/fake/train/combined/fake_train/fake_train_00402__face_00.jpg,4966,1786019240000000000,8c81bc44a6eb3fe8f402ad82f06564a11e532b51cca210ff85943cf467a7d89c
/content/drive/MyDrive/AISC DeepFake Çalışmaları/Deneyler/Kader/Deney 1/Göz/eye_roi_output/fake/train/combined/fake_train/fake_train_00403__face_00.jpg,4452,1786019240000000000,a57527b5c2cd7fd893b484b94016043fdff56e759419061be1fd73a8ce6ad22f
/content/drive/MyDrive/AISC DeepFake Çalışmaları/Deneyler/Kader/Deney 1/Göz/eye_roi_output/fake/train/combined/fake_train/fake_train_00404__face_00.jpg,4147,1786019241000000000,b4f506e8ab796ecf9da50c54f31c1ba04fb8934f013b289bb128d8cc9f8fede8
/content/drive/MyDrive/AISC DeepFake Çalışmaları/Deneyler/Kader/Deney 1/Göz/eye_roi_output/fake/train/combined/fake_train/fake_train_00405__face_00.jpg,4691,1786019241000000000,435d7e89e8bfd88808cf15b83f7d68a0ab5b7129bbe8f4de989ffba65cf57048
/content/drive/MyDrive/AISC DeepFake Çalışmaları/Deneyler/Kader/Deney 1/Göz/eye_roi_output/fake/train/combined/fake_train/fake_train_00406__face_00.jpg,5086,1786019242000000000,6e37d202af42a92e9d88800eb8498c6f30bb385a145ae39135473566e992f69f
/content/drive/MyDrive/AISC DeepFake Çalışmaları/Deneyler/Kader/Deney 1/Göz/eye_roi_output/fake/train/combined/fake_train/fake_train_00407__face_00.jpg,5032,1786019242000000000,d2a56419e4d7875b4590bd0d31f678dc42988b3f1b7a1f5f43eeb5d4c28dbe0c
/content/drive/MyDrive/AISC DeepFake Çalışmaları/Deneyler/Kader/Deney 1/Göz/eye_roi_output/fake/train/combined/fake_train/fake_train_00408__face_00.jpg,5900,1786019243000000000,0d21d5c63c46353315c24276cb016fd102a77b9da71bfb5bfa60e85dfd881ee0
/content/drive/MyDrive/AISC DeepFake Çalışmaları/Deneyler/Kader/Deney 1/Göz/eye_roi_output/fake/train/combined/fake_train/fake_train_00409__face_00.jpg,5011,1786019243000000000,fe3c48f5c8852caaf3a51645483e020ea051867f253fb2c80924380f1eaff65d
/content/drive/MyDrive/AISC DeepFake Çalışmaları/Deneyler/Kader/Deney 1/Göz/eye_roi_output/fake/train/combined/fake_train/fake_train_00410__face_00.jpg,5512,1786019243000000000,1f81b122706a2318be4a75ae79fa7fb098afd736ac658c89f4337acc5978ebb7
/content/drive/MyDrive/AISC DeepFake Çalışmaları/Deneyler/Kader/Deney 1/Göz/eye_roi_output/fake/train/combined/fake_train/fake_train_00411__face_00.jpg,4522,1786019244000000000,92c10207eef14067386fb18aa5da503613a5e234e916f7f8cf5c01eed7768863
/content/drive/MyDrive/AISC DeepFake Çalışmaları/Deneyler/Kader/Deney 1/Göz/eye_roi_output/fake/train/combined/fake_train/fake_train_00412__face_00.jpg,4913,1786019244000000000,bfb6c9d1a2729fbc5ecd7d72901a6be38551a1f13dd008c28234c39db31d443f
/content/drive/MyDrive/AISC DeepFake Çalışmaları/Deneyler/Kader/Deney 1/Göz/eye_roi_output/fake/train/combined/fake_train/fake_train_00413__face_00.jpg,4601,1786019244000000000,c5c30cfaa903b804112aecf5596a961118d1820507b20e73e2192d8cfea5af25
/content/drive/MyDrive/AISC DeepFake Çalışmaları/Deneyler/Kader/Deney 1/Göz/eye_roi_output/fake/train/combined/fake_train/fake_train_00414__face_00.jpg,4894,1786019245000000000,6bc1d98219799f832b4cdee40debdde1326a1b3f315219797723211ade8f9cef
/content/drive/MyDrive/AISC DeepFake Çalışmaları/Deneyler/Kader/Deney 1/Göz/eye_roi_output/fake/train/combined/fake_train/fake_train_00416__face_00.jpg,4643,1786019246000000000,592c2200df55b4ef9927f563159f063b2fb1f6178544580d01c12d1589ff558d
/content/drive/MyDrive/AISC DeepFake Çalışmaları/Deneyler/Kader/Deney 1/Göz/eye_roi_output/fake/train/combined/fake_train/fake_train_00417__face_00.jpg,5056,1786019247000000000,1920048bfb9a7c3e423c7ff9ca6749e0696b48f829bdf008b3b3c7db4ede1eb8
/content/drive/MyDrive/AISC DeepFake Çalışmaları/Deneyler/Kader/Deney 1/Göz/eye_roi_output/fake/train/combined/fake_train/fake_train_00418__face_00.jpg,5305,1786019247000000000,eeb3518c0826040933e621a02e462472746024c1140757d5e42decefa0cdaeaa
/content/drive/MyDrive/AISC DeepFake Çalışmaları/Deneyler/Kader/Deney 1/Göz/eye_roi_output/fake/train/combined/fake_train/fake_train_00419__face_00.jpg,5072,1786019247000000000,512fa294fb96c7a755a436e69a843969108f1e1e38ad08f9a6f70b31be99db7a
/content/drive/MyDrive/AISC DeepFake Çalışmaları/Deneyler/Kader/Deney 1/Göz/eye_roi_output/fake/train/combined/fake_train/fake_train_00420__face_00.jpg,4606,1786019248000000000,10b3a2becd4e7f91f8f60dcb044c007ac498b0735b2a365d3a3dc879757b8479
/content/drive/MyDrive/AISC DeepFake Çalışmaları/Deneyler/Kader/Deney 1/Göz/eye_roi_output/fake/train/combined/fake_train/fake_train_00421__face_00.jpg,5263,1786019249000000000,7e86a856a9d988198df1d63bff877bbc9182c673edd0fff1a6b4b3df4f2faa3e
/content/drive/MyDrive/AISC DeepFake Çalışmaları/Deneyler/Kader/Deney 1/Göz/eye_roi_output/fake/train/combined/fake_train/fake_train_00422__face_00.jpg,5750,1786019249000000000,70663306d2916d235fc7a64cc4088e95da072491c72ea1377682f56f432f3d8a
/content/drive/MyDrive/AISC DeepFake Çalışmaları/Deneyler/Kader/Deney 1/Göz/eye_roi_output/fake/train/combined/fake_train/fake_train_00423__face_00.jpg,4587,1786019249000000000,39552f7f72f8581e108090fbce879bd40fde0b9eaca45b43c738b2a290519e61
/content/drive/MyDrive/AISC DeepFake Çalışmaları/Deneyler/Kader/Deney 1/Göz/eye_roi_output/fake/train/combined/fake_train/fake_train_00424__face_00.jpg,6784,1786019250000000000,4ebe142a5046923367aebf199d95366285d93b8f100bb9580d05feea6dc59dad
/content/drive/MyDrive/AISC DeepFake Çalışmaları/Deneyler/Kader/Deney 1/Göz/eye_roi_output/fake/train/combined/fake_train/fake_train_00425__face_00.jpg,4964,1786019250000000000,6b5e17a0c0293f15caf0e2c794357129c9f30d44f6b274565bde7203877534f9
/content/drive/MyDrive/AISC DeepFake Çalışmaları/Deneyler/Kader/Deney 1/Göz/eye_roi_output/fake/train/combined/fake_train/fake_train_00426__face_00.jpg,4756,1786019250000000000,54280055bc22b76dc4abb191c6aa923d6c9a2624811eb3fc2796701facdc90ec
/content/drive/MyDrive/AISC DeepFake Çalışmaları/Deneyler/Kader/Deney 1/Göz/eye_roi_output/fake/train/combined/fake_train/fake_train_00427__face_00.jpg,4709,1786019251000000000,7e5a07f9c79af0da9d5a5141056d5a88e05e8599cf4528065788298bae1d443a
/content/drive/MyDrive/AISC DeepFake Çalışmaları/Deneyler/Kader/Deney 1/Göz/eye_roi_output/fake/train/combined/fake_train/fake_train_00428__face_00.jpg,4838,1786019251000000000,f44fb8571f7f29cecb36c4ae41555f5597c41c56689e359d5cbf4ae222154d57
/content/drive/MyDrive/AISC DeepFake Çalışmaları/Deneyler/Kader/Deney 1/Göz/eye_roi_output/fake/train/combined/fake_train/fake_train_00428__face_01.jpg,5557,1786019251000000000,16292dd13d1a1d59590cd6e1b1fe7f3c157339cd9f3f6b855585ef289a889aa2
/content/drive/MyDrive/AISC DeepFake Çalışmaları/Deneyler/Kader/Deney 1/Göz/eye_roi_output/fake/train/combined/fake_train/fake_train_00429__face_00.jpg,4592,1786019252000000000,7e2942033a2f2ec5d6d6e4929735b6c2e8f49697077831263ea1e7bdb9952b52
/content/drive/MyDrive/AISC DeepFake Çalışmaları/Deneyler/Kader/Deney 1/Göz/eye_roi_output/fake/train/combined/fake_train/fake_train_00430__face_00.jpg,5718,1786019252000000000,b147ece1adcb7fbf2fe172a26c0810db8295c34255cfc248c04b25980dde74c7
/content/drive/MyDrive/AISC DeepFake Çalışmaları/Deneyler/Kader/Deney 1/Göz/eye_roi_output/fake/train/combined/fake_train/fake_train_00431__face_00.jpg,5090,1786019252000000000,662eeb1c399bf02623f1f65d4af8d32a467a27a3a3b96ced6c13b50a08de78b4
/content/drive/MyDrive/AISC DeepFake Çalışmaları/Deneyler/Kader/Deney 1/Göz/eye_roi_output/fake/train/combined/fake_train/fake_train_00432__face_00.jpg,4502,1786019253000000000,75b8c34ae80a99014c1e436c54126e7071da476c356f7b31571e8ca610410555
/content/drive/MyDrive/AISC DeepFake Çalışmaları/Deneyler/Kader/Deney 1/Göz/eye_roi_output/fake/train/combined/fake_train/fake_train_00433__face_00.jpg,4607,1786019253000000000,ce6a1b418d43adda18f2442943504249ea3a633383d89013818190a13d37d6e9
/content/drive/MyDrive/AISC DeepFake Çalışmaları/Deneyler/Kader/Deney 1/Göz/eye_roi_output/fake/train/combined/fake_train/fake_train_00434__face_00.jpg,5738,1786019254000000000,6ee2fc483d1d2dad3f8161a1a6e6a67af3a2ecf8b2f99de31c15e56383843324
/content/drive/MyDrive/AISC DeepFake Çalışmaları/Deneyler/Kader/Deney 1/Göz/eye_roi_output/fake/train/combined/fake_train/fake_train_00435__face_00.jpg,6154,1786019254000000000,850c5f12ca360443a6ec0cdf50ed9a2a9e37964207132c1f6db30ee35808c036
/content/drive/MyDrive/AISC DeepFake Çalışmaları/Deneyler/Kader/Deney 1/Göz/eye_roi_output/fake/train/combined/fake_train/fake_train_00436__face_00.jpg,4363,1786019255000000000,902c59c60a2e81b0439565f57fb824e00a24910f25cfdf59b75b122cdb25a021
/content/drive/MyDrive/AISC DeepFake Çalışmaları/Deneyler/Kader/Deney 1/Göz/eye_roi_output/fake/train/combined/fake_train/fake_train_00437__face_00.jpg,5360,1786019255000000000,e959f15817a7e600f8d8645da8f757a3fbeb7ddc2bca9de3b57c8ce2e2748238
/content/drive/MyDrive/AISC DeepFake Çalışmaları/Deneyler/Kader/Deney 1/Göz/eye_roi_output/fake/train/combined/fake_train/fake_train_00438__face_00.jpg,5170,1786019255000000000,dc3d9865ef71f7faac714cb9c47b5410b6339fc18f3e1a04f05e081f44202fa5
/content/drive/MyDrive/AISC DeepFake Çalışmaları/Deneyler/Kader/Deney 1/Göz/eye_roi_output/fake/train/combined/fake_train/fake_train_00439__face_00.jpg,4606,1786019256000000000,17d7c5e0bf37544b9b910d655bb8d8bd399b41c06c2d449aa27eb72bb6f00e9d
/content/drive/MyDrive/AISC DeepFake Çalışmaları/Deneyler/Kader/Deney 1/Göz/eye_roi_output/fake/train/combined/fake_train/fake_train_00440__face_00.jpg,5079,1786019256000000000,05d89bda7a7b106b0fda9456b805769df5b2863e7d3ed638bec4d456a65508a4
/content/drive/MyDrive/AISC DeepFake Çalışmaları/Deneyler/Kader/Deney 1/Göz/eye_roi_output/fake/train/combined/fake_train/fake_train_00441__face_00.jpg,5398,1786019257000000000,ce62031d92afc55df8a390fc2d63c31743512fd2828d3b0ded550a8397afb1b4
/content/drive/MyDrive/AISC DeepFake Çalışmaları/Deneyler/Kader/Deney 1/Göz/eye_roi_output/fake/train/combined/fake_train/fake_train_00442__face_00.jpg,5805,1786019257000000000,ea26847bc8de21cf61097daf97b2faf57b1f157b6ecd169451a4c2e2822af66d
/content/drive/MyDrive/AISC DeepFake Çalışmaları/Deneyler/Kader/Deney 1/Göz/eye_roi_output/fake/train/combined/fake_train/fake_train_00443__face_00.jpg,4677,1786019258000000000,756a344b3dfd040b7e74f80e081c306a5fa71c9e84b8fe6fd2a9d76d6cbcb059
/content/drive/MyDrive/AISC DeepFake Çalışmaları/Deneyler/Kader/Deney 1/Göz/eye_roi_output/fake/train/combined/fake_train/fake_train_00444__face_00.jpg,4874,1786019258000000000,a55dd84397573f2e6f460bd6e2bae15d2fa6e7d71c019e5798f0388cd99b58fe
/content/drive/MyDrive/AISC DeepFake Çalışmaları/Deneyler/Kader/Deney 1/Göz/eye_roi_output/fake/train/combined/fake_train/fake_train_00445__face_00.jpg,4625,1786019259000000000,3181af9c84066230e8697e10ead40674080a4e2e5cb5a341d65d190e01222422
/content/drive/MyDrive/AISC DeepFake Çalışmaları/Deneyler/Kader/Deney 1/Göz/eye_roi_output/fake/train/combined/fake_train/fake_train_00446__face_00.jpg,5008,1786019260000000000,b31754da3397820443c22286340c1b2f6135adfe50e485b07c58e4e711df5fe6
/content/drive/MyDrive/AISC DeepFake Çalışmaları/Deneyler/Kader/Deney 1/Göz/eye_roi_output/fake/train/combined/fake_train/fake_train_00447__face_00.jpg,5520,1786019260000000000,b8a47c91aef263cb4fe9b1e458f89804972f68b02e2f0ed7fbadc65dd438eeff
/content/drive/MyDrive/AISC DeepFake Çalışmaları/Deneyler/Kader/Deney 1/Göz/eye_roi_output/fake/train/combined/fake_train/fake_train_00450__face_00.jpg,4732,1786019261000000000,336eca58a64ea2be982f1fe633a86acfdb638a6f9adc684980d521be0aaeba7a
/content/drive/MyDrive/AISC DeepFake Çalışmaları/Deneyler/Kader/Deney 1/Göz/eye_roi_output/fake/train/combined/fake_train/fake_train_00451__face_00.jpg,5358,1786019262000000000,62dd26bcecd5cb784fd723f0a10121327597e421aa3bea159268f29234560995
/content/drive/MyDrive/AISC DeepFake Çalışmaları/Deneyler/Kader/Deney 1/Göz/eye_roi_output/fake/train/combined/fake_train/fake_train_00452__face_00.jpg,4682,1786019262000000000,e83a5639c1343bf6ac2ebf127983e747b98cdd2ec2a6d179630e15183c0984c3
/content/drive/MyDrive/AISC DeepFake Çalışmaları/Deneyler/Kader/Deney 1/Göz/eye_roi_output/fake/train/combined/fake_train/fake_train_00453__face_00.jpg,5794,1786019263000000000,4f3d74397a2ff6a73e637bc3e6fd0511d294aab1894af8d7808241a25e26d406
/content/drive/MyDrive/AISC DeepFake Çalışmaları/Deneyler/Kader/Deney 1/Göz/eye_roi_output/fake/train/combined/fake_train/fake_train_00454__face_00.jpg,5032,1786019263000000000,fda3e86e6e5bc7712c4a2011de07ea2d2a7736c69dec2d61d800a6e341c4b2f4
/content/drive/MyDrive/AISC DeepFake Çalışmaları/Deneyler/Kader/Deney 1/Göz/eye_roi_output/fake/train/combined/fake_train/fake_train_00455__face_00.jpg,5333,1786019264000000000,417642130c52f9234e371d8be4870e9b93e6efbb3144f88fdd4e304755f75c5c
/content/drive/MyDrive/AISC DeepFake Çalışmaları/Deneyler/Kader/Deney 1/Göz/eye_roi_output/fake/train/combined/fake_train/fake_train_00456__face_00.jpg,5522,1786019264000000000,353eeaceb8579a9cba7c82e74497ddeb04b22acdd8d73f59cbed6416a140c8b4
/content/drive/MyDrive/AISC DeepFake Çalışmaları/Deneyler/Kader/Deney 1/Göz/eye_roi_output/fake/train/combined/fake_train/fake_train_00457__face_00.jpg,4925,1786019265000000000,f88bc5e52f7653f814d122e3f57c228dfbd8b389378276249f682f35ba803f3f
/content/drive/MyDrive/AISC DeepFake Çalışmaları/Deneyler/Kader/Deney 1/Göz/eye_roi_output/fake/train/combined/fake_train/fake_train_00458__face_00.jpg,5322,1786019265000000000,5601b8f2a24c78314aab710f1f16a7c321d3dd734d3e40cd4e8ef849b9edac62
/content/drive/MyDrive/AISC DeepFake Çalışmaları/Deneyler/Kader/Deney 1/Göz/eye_roi_output/fake/train/combined/fake_train/fake_train_00459__face_00.jpg,5067,1786019266000000000,7c6a80fadc5a5f51b08864a7b55c4b0bbf70c5656721ec948ab223e7458ea717
/content/drive/MyDrive/AISC DeepFake Çalışmaları/Deneyler/Kader/Deney 1/Göz/eye_roi_output/fake/train/combined/fake_train/fake_train_00460__face_00.jpg,5735,1786019266000000000,82872846fe7d1ef82e74c332e8b37b200fe7595107335d6f6dedb0747c961416
/content/drive/MyDrive/AISC DeepFake Çalışmaları/Deneyler/Kader/Deney 1/Göz/eye_roi_output/fake/train/combined/fake_train/fake_train_00461__face_00.jpg,4849,1786019266000000000,c42a948a2cc4a1a6dad45567a1a229e03673cfa143846e64641857475831fbee
/content/drive/MyDrive/AISC DeepFake Çalışmaları/Deneyler/Kader/Deney 1/Göz/eye_roi_output/fake/train/combined/fake_train/fake_train_00462__face_00.jpg,4626,1786019267000000000,075a0190bdf5c2fc0b4231799b2e86dc5a646f31a30a1ee190ea2cc57b3a2d41
/content/drive/MyDrive/AISC DeepFake Çalışmaları/Deneyler/Kader/Deney 1/Göz/eye_roi_output/fake/train/combined/fake_train/fake_train_00463__face_00.jpg,4901,1786019267000000000,661b8206d314cf897fd9854cdce8feb223b1e78df6075791589a0df7a1a221af
/content/drive/MyDrive/AISC DeepFake Çalışmaları/Deneyler/Kader/Deney 1/Göz/eye_roi_output/fake/train/combined/fake_train/fake_train_00464__face_00.jpg,4885,1786019267000000000,e2097e86a4810a5c99763a8eb3366f9683b693c1292e4aeb1d5990c3fab21a7b
/content/drive/MyDrive/AISC DeepFake Çalışmaları/Deneyler/Kader/Deney 1/Göz/eye_roi_output/fake/train/combined/fake_train/fake_train_00465__face_00.jpg,4800,1786019268000000000,8b93c23892aa2d93d1e022f32a0ee690c1499c48b2424fd12cfc6e1a57b2362e
/content/drive/MyDrive/AISC DeepFake Çalışmaları/Deneyler/Kader/Deney 1/Göz/eye_roi_output/fake/train/combined/fake_train/fake_train_00466__face_00.jpg,4900,1786019268000000000,1d1cb06442cb742de95221ce97e8ba12340b2caa9367e46c1741c72aa336ec32
/content/drive/MyDrive/AISC DeepFake Çalışmaları/Deneyler/Kader/Deney 1/Göz/eye_roi_output/fake/train/combined/fake_train/fake_train_00467__face_00.jpg,4557,1786019269000000000,89b674987d14a1ffbe1843e7b510f40879c9b146d849e7cf99eee87f03196d2b
/content/drive/MyDrive/AISC DeepFake Çalışmaları/Deneyler/Kader/Deney 1/Göz/eye_roi_output/fake/train/combined/fake_train/fake_train_00469__face_00.jpg,5529,1786019270000000000,62df3006814fca84aedb46203860940252774514e715d7b2c9e4598a3c1b9d8c
/content/drive/MyDrive/AISC DeepFake Çalışmaları/Deneyler/Kader/Deney 1/Göz/eye_roi_output/fake/train/combined/fake_train/fake_train_00470__face_00.jpg,5459,1786019271000000000,64e770a329d9b755024f9885015150ed830ea03d1dd50b43440a9899336e51bc
/content/drive/MyDrive/AISC DeepFake Çalışmaları/Deneyler/Kader/Deney 1/Göz/eye_roi_output/fake/train/combined/fake_train/fake_train_00471__face_00.jpg,4508,1786019271000000000,10e93bdf124c5f920af3b0514daab15f77c71ee4a7ef101a33cfc6fd09f215e2
/content/drive/MyDrive/AISC DeepFake Çalışmaları/Deneyler/Kader/Deney 1/Göz/eye_roi_output/fake/train/combined/fake_train/fake_train_00472__face_00.jpg,4878,1786019272000000000,e2269c2fa0addee0237519d12e5e1562327f41e490b8dd5d636bae7164709b06
/content/drive/MyDrive/AISC DeepFake Çalışmaları/Deneyler/Kader/Deney 1/Göz/eye_roi_output/fake/train/combined/fake_train/fake_train_00473__face_00.jpg,5135,1786019272000000000,9cdd95dd69184c65cc40b0889c960dc4efcba27a44dae16ef6a67ed96ba8223b
/content/drive/MyDrive/AISC DeepFake Çalışmaları/Deneyler/Kader/Deney 1/Göz/eye_roi_output/fake/train/combined/fake_train/fake_train_00474__face_00.jpg,5294,1786019273000000000,1361cb8e21259d85b4b610f96e7b6b9cfe4993d4416d4745096512f16cd24828
/content/drive/MyDrive/AISC DeepFake Çalışmaları/Deneyler/Kader/Deney 1/Göz/eye_roi_output/fake/train/combined/fake_train/fake_train_00475__face_00.jpg,4699,1786019273000000000,f356a885904787bccca6d541111f43c7734ef83fb109b0b3bce81f4b427eb2ab
/content/drive/MyDrive/AISC DeepFake Çalışmaları/Deneyler/Kader/Deney 1/Göz/eye_roi_output/fake/train/combined/fake_train/fake_train_00476__face_00.jpg,4769,1786019274000000000,f4919becb8e798ba40e846aabec5e1518c918c2c68e28a18369308ad44f2671d
/content/drive/MyDrive/AISC DeepFake Çalışmaları/Deneyler/Kader/Deney 1/Göz/eye_roi_output/fake/train/combined/fake_train/fake_train_00476__face_01.jpg,5716,1786019274000000000,94b34546f36f8b91aa811908360742514ab2953a72327d0f36391b70d05e85e4
/content/drive/MyDrive/AISC DeepFake Çalışmaları/Deneyler/Kader/Deney 1/Göz/eye_roi_output/fake/train/combined/fake_train/fake_train_00477__face_00.jpg,5696,1786019275000000000,91ea3fa16e1a9e100d238750ffead8791596f9dda28664155d6599da5a0d2119
/content/drive/MyDrive/AISC DeepFake Çalışmaları/Deneyler/Kader/Deney 1/Göz/eye_roi_output/fake/train/combined/fake_train/fake_train_00478__face_00.jpg,5443,1786019275000000000,bbfad32106b913270e90900628457b041cb6d4eb1b2dc80eb1fc8cb1a1b99bd2
/content/drive/MyDrive/AISC DeepFake Çalışmaları/Deneyler/Kader/Deney 1/Göz/eye_roi_output/fake/train/combined/fake_train/fake_train_00479__face_00.jpg,5580,1786019276000000000,da96ba155444e5530dd5a2a82aa2551900134cf39bb39ed58557956c75060e1b
/content/drive/MyDrive/AISC DeepFake Çalışmaları/Deneyler/Kader/Deney 1/Göz/eye_roi_output/fake/train/combined/fake_train/fake_train_00480__face_00.jpg,5119,1786019276000000000,6b077c564df0493a598cde77eda31570107530a3e9d55e62a9450def964c373a
/content/drive/MyDrive/AISC DeepFake Çalışmaları/Deneyler/Kader/Deney 1/Göz/eye_roi_output/fake/train/combined/fake_train/fake_train_00481__face_00.jpg,5482,1786019277000000000,7b5fb9927d174dfeb07e8849b7a388a567f26ad7a15b3eadeeb1adaba0cf8ffa
/content/drive/MyDrive/AISC DeepFake Çalışmaları/Deneyler/Kader/Deney 1/Göz/eye_roi_output/fake/train/combined/fake_train/fake_train_00482__face_00.jpg,4931,1786019277000000000,aa4a397cdc21237c300e71b711dd5b986a654da1b3a38790750b381124879b05
/content/drive/MyDrive/AISC DeepFake Çalışmaları/Deneyler/Kader/Deney 1/Göz/eye_roi_output/fake/train/combined/fake_train/fake_train_00483__face_00.jpg,5752,1786019278000000000,7a7e312548c35fae8f600a25da30ca92447d5a99bd5f5ac304e5e9a19bdf3cef
/content/drive/MyDrive/AISC DeepFake Çalışmaları/Deneyler/Kader/Deney 1/Göz/eye_roi_output/fake/train/combined/fake_train/fake_train_00484__face_00.jpg,4871,1786019278000000000,48d850590e4e39a33877e7d0063c3ee2d061a6a2b0ea226ba0aa0598c7356ca0
/content/drive/MyDrive/AISC DeepFake Çalışmaları/Deneyler/Kader/Deney 1/Göz/eye_roi_output/fake/train/combined/fake_train/fake_train_00486__face_00.jpg,4773,1786019279000000000,0e613b2a3821619f821f5e87296cf4d984937907f0316d9c94cfe772a9fe42ef
/content/drive/MyDrive/AISC DeepFake Çalışmaları/Deneyler/Kader/Deney 1/Göz/eye_roi_output/fake/train/combined/fake_train/fake_train_00487__face_00.jpg,4958,1786019280000000000,6064ef984607da69af59457e0ae1cb11f0043c6f8bd9c8cf44040642c4a54cba
/content/drive/MyDrive/AISC DeepFake Çalışmaları/Deneyler/Kader/Deney 1/Göz/eye_roi_output/fake/train/combined/fake_train/fake_train_00488__face_00.jpg,5347,1786019280000000000,e6681c63699d9b55bbadf9e2331f8822400da5e89969654bf6f29801a50a1440
/content/drive/MyDrive/AISC DeepFake Çalışmaları/Deneyler/Kader/Deney 1/Göz/eye_roi_output/fake/train/combined/fake_train/fake_train_00490__face_00.jpg,4863,1786019281000000000,c0cf333157f713a51b7ab4274f216294363a9f0373b8ef144ecc17de09355af4
/content/drive/MyDrive/AISC DeepFake Çalışmaları/Deneyler/Kader/Deney 1/Göz/eye_roi_output/fake/train/combined/fake_train/fake_train_00491__face_00.jpg,5813,1786019281000000000,b216f6b9e1168497fbc4dd8224f2c9c28268f9836924846b80ecc4e5148d2ad3
/content/drive/MyDrive/AISC DeepFake Çalışmaları/Deneyler/Kader/Deney 1/Göz/eye_roi_output/fake/train/combined/fake_train/fake_train_00492__face_00.jpg,4872,1786019282000000000,f0544872f9541dd61ad67b24d3417319002ede270e68a22f0e57f1056d5fc0e2
/content/drive/MyDrive/AISC DeepFake Çalışmaları/Deneyler/Kader/Deney 1/Göz/eye_roi_output/fake/train/combined/fake_train/fake_train_00493__face_00.jpg,4614,1786019282000000000,9cca8348aa7be6984ad6ba77f9ef24c6b44efa9de7de171e32149bf7eb8062d2
/content/drive/MyDrive/AISC DeepFake Çalışmaları/Deneyler/Kader/Deney 1/Göz/eye_roi_output/fake/train/combined/fake_train/fake_train_00494__face_00.jpg,4510,1786019282000000000,5a03aafcb2bcc80edcb73c4ad6c56ac3e251f80a1bb4c1bdea3c19d399ce8d9e
/content/drive/MyDrive/AISC DeepFake Çalışmaları/Deneyler/Kader/Deney 1/Göz/eye_roi_output/fake/train/combined/fake_train/fake_train_00495__face_00.jpg,5879,1786019283000000000,761a5d3ef369a290376efe36de7c7b7e1ed47a72ba622465a38ef08a539d5aef
/content/drive/MyDrive/AISC DeepFake Çalışmaları/Deneyler/Kader/Deney 1/Göz/eye_roi_output/fake/train/combined/fake_train/fake_train_00496__face_00.jpg,4301,1786019284000000000,eaed21fad69efbb7e65b27179927702edc8ebfe7440ac73f6c29ce8650b22019
/content/drive/MyDrive/AISC DeepFake Çalışmaları/Deneyler/Kader/Deney 1/Göz/eye_roi_output/fake/train/combined/fake_train/fake_train_00497__face_00.jpg,4678,1786019284000000000,0e21c9479a5d0a06ebc3dfabcb94bf632ffcfd94418dc19b0569e7ef08bac678
/content/drive/MyDrive/AISC DeepFake Çalışmaları/Deneyler/Kader/Deney 1/Göz/eye_roi_output/fake/train/combined/fake_train/fake_train_00498__face_00.jpg,4759,1786019285000000000,e66763e6a220b45c186a6eacf8c5dc0887840af858a772fef5a96015b252264d
/content/drive/MyDrive/AISC DeepFake Çalışmaları/Deneyler/Kader/Deney 1/Göz/eye_roi_output/fake/train/combined/fake_train/fake_train_00499__face_00.jpg,4454,1786019285000000000,20a03785a4bbc48825450251cc20ad79e4227e790269da4c07d452e3eaa09efb
/content/drive/MyDrive/AISC DeepFake Çalışmaları/Deneyler/Kader/Deney 1/Göz/eye_roi_output/fake/train/combined/fake_train/fake_train_00500__face_00.jpg,5465,1786019286000000000,9390e8729bf12b6f8b0a131937790c6f6bffc14197c5524cc6e6f8331c373da7
/content/drive/MyDrive/AISC DeepFake Çalışmaları/Deneyler/Kader/Deney 1/Göz/eye_roi_output/fake/train/combined/fake_train/fake_train_00501__face_00.jpg,5602,1786019286000000000,893d9dfa9699ca97e80225d22b521891f2e6a343a5052ae3742aa6f85deceb95
/content/drive/MyDrive/AISC DeepFake Çalışmaları/Deneyler/Kader/Deney 1/Göz/eye_roi_output/fake/train/combined/fake_train/fake_train_00502__face_00.jpg,5971,1786019286000000000,a0f102c0c3ab9d74f4d3cabd6772a78ca03dd62449495668fd249e762d296829
/content/drive/MyDrive/AISC DeepFake Çalışmaları/Deneyler/Kader/Deney 1/Göz/eye_roi_output/fake/train/combined/fake_train/fake_train_00503__face_00.jpg,4951,1786019287000000000,9533ad040f7f3c0e1ef58fcfe3cd66e401e8e1263b1d3874a4ef4d54df961432
/content/drive/MyDrive/AISC DeepFake Çalışmaları/Deneyler/Kader/Deney 1/Göz/eye_roi_output/fake/train/combined/fake_train/fake_train_00505__face_00.jpg,4427,1786019288000000000,a5c853913d1de495595db0f04d3f3f470b0ba744c5a8f3c4039434b647a394fd
/content/drive/MyDrive/AISC DeepFake Çalışmaları/Deneyler/Kader/Deney 1/Göz/eye_roi_output/fake/train/combined/fake_train/fake_train_00507__face_00.jpg,4529,1786019289000000000,3ff39b3fb2f07907d856e4fc5afdc292fb8cc99e22baf19405d4cb4a7d46252e
/content/drive/MyDrive/AISC DeepFake Çalışmaları/Deneyler/Kader/Deney 1/Göz/eye_roi_output/fake/train/combined/fake_train/fake_train_00508__face_00.jpg,4972,1786019290000000000,ec09173d895427287104b28ec2219a9429d585a424e20227d78980cdf1a89fca
/content/drive/MyDrive/AISC DeepFake Çalışmaları/Deneyler/Kader/Deney 1/Göz/eye_roi_output/fake/train/combined/fake_train/fake_train_00509__face_00.jpg,5655,1786019290000000000,4df7d4a044064d8876868d45891a01e9acabf9aa625fab4d59f8288f17aef44b
/content/drive/MyDrive/AISC DeepFake Çalışmaları/Deneyler/Kader/Deney 1/Göz/eye_roi_output/fake/train/combined/fake_train/fake_train_00510__face_00.jpg,6758,1786019291000000000,fdad3ce0a8613123eab3cdf5a45ff7ac674d6d1e10f861f7ccdf60fb9aefd2b3
/content/drive/MyDrive/AISC DeepFake Çalışmaları/Deneyler/Kader/Deney 1/Göz/eye_roi_output/fake/train/combined/fake_train/fake_train_00511__face_00.jpg,5859,1786019291000000000,6e49207d572d7f5d8a6949ffe36f944751fc7068f140561680a001b048c9e480
/content/drive/MyDrive/AISC DeepFake Çalışmaları/Deneyler/Kader/Deney 1/Göz/eye_roi_output/fake/train/combined/fake_train/fake_train_00514__face_00.jpg,5573,1786019292000000000,8ac8b59b6eb4f444633c03acf29ebc1356b67697ad25d50b28da231c071bf9e9
/content/drive/MyDrive/AISC DeepFake Çalışmaları/Deneyler/Kader/Deney 1/Göz/eye_roi_output/fake/train/combined/fake_train/fake_train_00515__face_00.jpg,4573,1786019293000000000,a4d1e6c9649628927956fe689e9aca6b4df474e7c3dca9c3ab51f3f43487b6d4
/content/drive/MyDrive/AISC DeepFake Çalışmaları/Deneyler/Kader/Deney 1/Göz/eye_roi_output/fake/train/combined/fake_train/fake_train_00516__face_00.jpg,5042,1786019293000000000,878e39b27ebb796c0093eac12764e6ce414041be0820cb606c9508706e45e214
/content/drive/MyDrive/AISC DeepFake Çalışmaları/Deneyler/Kader/Deney 1/Göz/eye_roi_output/fake/train/combined/fake_train/fake_train_00517__face_00.jpg,6024,1786019293000000000,bc8380adeb01fb2fcb1f1365822724bf31c5128edc160d712faacff5185345d4
/content/drive/MyDrive/AISC DeepFake Çalışmaları/Deneyler/Kader/Deney 1/Göz/eye_roi_output/fake/train/combined/fake_train/fake_train_00518__face_00.jpg,5417,1786019294000000000,972d15c51ce66c22b81da19f0726fd803ca589ec4b542d596b6e749d93e3f4a8
/content/drive/MyDrive/AISC DeepFake Çalışmaları/Deneyler/Kader/Deney 1/Göz/eye_roi_output/fake/train/combined/fake_train/fake_train_00519__face_00.jpg,5114,1786019294000000000,4e71e1c57b67fa0e79ee69e738ae894f8de760b8bda1a719abc3eadbe89fa2ae
/content/drive/MyDrive/AISC DeepFake Çalışmaları/Deneyler/Kader/Deney 1/Göz/eye_roi_output/fake/train/combined/fake_train/fake_train_00520__face_00.jpg,6616,1786019295000000000,7279d2eb99c3da26df64bd7c9da8039680dc68df5068c37d6b91abff1c4af02b
/content/drive/MyDrive/AISC DeepFake Çalışmaları/Deneyler/Kader/Deney 1/Göz/eye_roi_output/fake/train/combined/fake_train/fake_train_00521__face_00.jpg,4836,1786019295000000000,cd154f1a424171babccc9965e4b478ef26c7de22d47890a023da1077b24efc7c
/content/drive/MyDrive/AISC DeepFake Çalışmaları/Deneyler/Kader/Deney 1/Göz/eye_roi_output/fake/train/combined/fake_train/fake_train_00522__face_00.jpg,4924,1786019296000000000,3624de2ff4e0f4be1b6229c9e3e2b81a7e0e78ac4a329ca66e3c99c1f0e476b8
/content/drive/MyDrive/AISC DeepFake Çalışmaları/Deneyler/Kader/Deney 1/Göz/eye_roi_output/fake/train/combined/fake_train/fake_train_00523__face_00.jpg,5667,1786019296000000000,5fe64592df7f1f2af384fb9057735f4370908aba08d92131b807238cfb821d11
/content/drive/MyDrive/AISC DeepFake Çalışmaları/Deneyler/Kader/Deney 1/Göz/eye_roi_output/fake/train/combined/fake_train/fake_train_00524__face_00.jpg,5075,1786019297000000000,5e605042e2fb1c7f6f034f2ea7045563e20fb1f10f4fb68e6d6d91f135880ffb
/content/drive/MyDrive/AISC DeepFake Çalışmaları/Deneyler/Kader/Deney 1/Göz/eye_roi_output/fake/train/combined/fake_train/fake_train_00525__face_00.jpg,5820,1786019297000000000,a6f26ecd256aea5309aa9d4b7f55be22191bc9a694747c388f48ca473fa37edd
/content/drive/MyDrive/AISC DeepFake Çalışmaları/Deneyler/Kader/Deney 1/Göz/eye_roi_output/fake/train/combined/fake_train/fake_train_00526__face_00.jpg,4755,1786019297000000000,d1d9ac01e062cb089e7678cc9b69d90bc888cc09d912b26e618838e1538a6148
/content/drive/MyDrive/AISC DeepFake Çalışmaları/Deneyler/Kader/Deney 1/Göz/eye_roi_output/fake/train/combined/fake_train/fake_train_00527__face_00.jpg,6300,1786019298000000000,f9a3b68e86edad2a42ef65d8a1204aa3ac9a6130364257e4c52e0f3485e16936
/content/drive/MyDrive/AISC DeepFake Çalışmaları/Deneyler/Kader/Deney 1/Göz/eye_roi_output/fake/train/combined/fake_train/fake_train_00528__face_00.jpg,5354,1786019298000000000,bed32a851441520e1e1fe486baad8803092291bea532fb84dfb712593e7d37fe
/content/drive/MyDrive/AISC DeepFake Çalışmaları/Deneyler/Kader/Deney 1/Göz/eye_roi_output/fake/train/combined/fake_train/fake_train_00529__face_00.jpg,6320,1786019299000000000,c2c524cf6af9c387c90d4c5561fa845a1f67b4548c545b52563cc6ddaa054e92
/content/drive/MyDrive/AISC DeepFake Çalışmaları/Deneyler/Kader/Deney 1/Göz/eye_roi_output/fake/train/combined/fake_train/fake_train_00530__face_00.jpg,6006,1786019299000000000,1552e26de359360ebdabde5344869f8a0703054642ab33392ce74dafefb3773b
/content/drive/MyDrive/AISC DeepFake Çalışmaları/Deneyler/Kader/Deney 1/Göz/eye_roi_output/fake/train/combined/fake_train/fake_train_00531__face_00.jpg,5235,1786019300000000000,98ddbac5e3255b622a539c2f715d5a7cb67f0fb78427fb3cb713de60baeafdb2
/content/drive/MyDrive/AISC DeepFake Çalışmaları/Deneyler/Kader/Deney 1/Göz/eye_roi_output/fake/train/combined/fake_train/fake_train_00532__face_00.jpg,5253,1786019300000000000,ea8d2c309af5415ff56ad7bf048fe57ead91958d7d53ad177e1c86268137a293
/content/drive/MyDrive/AISC DeepFake Çalışmaları/Deneyler/Kader/Deney 1/Göz/eye_roi_output/fake/train/combined/fake_train/fake_train_00533__face_00.jpg,5172,1786019300000000000,743d93242195961132f30c2b674aedb28d89ae43141bd83ed6294aa7c53576c2
/content/drive/MyDrive/AISC DeepFake Çalışmaları/Deneyler/Kader/Deney 1/Göz/eye_roi_output/fake/train/combined/fake_train/fake_train_00534__face_00.jpg,5762,1786019301000000000,8a95184026ccf99eedf25499c79959be34742c15cdebf09df7f3b72ac10602bc
/content/drive/MyDrive/AISC DeepFake Çalışmaları/Deneyler/Kader/Deney 1/Göz/eye_roi_output/fake/train/combined/fake_train/fake_train_00536__face_00.jpg,4920,1786019301000000000,fbb645feefcbabaf2d675fed61fee26fa3c6f4afb3f7d380eb857f8843d8da59
/content/drive/MyDrive/AISC DeepFake Çalışmaları/Deneyler/Kader/Deney 1/Göz/eye_roi_output/fake/train/combined/fake_train/fake_train_00537__face_00.jpg,4950,1786019302000000000,482f7b6a2228ca0723573e585dfa4528cf4ee2187bd3322b1072cbee19fb5a2a
/content/drive/MyDrive/AISC DeepFake Çalışmaları/Deneyler/Kader/Deney 1/Göz/eye_roi_output/fake/train/combined/fake_train/fake_train_00538__face_00.jpg,6337,1786019302000000000,42cd99aa51710d760868b9782434ce42b4d3700ce13ea468ac4a836d3f4fb3de
/content/drive/MyDrive/AISC DeepFake Çalışmaları/Deneyler/Kader/Deney 1/Göz/eye_roi_output/fake/train/combined/fake_train/fake_train_00539__face_00.jpg,4733,1786019302000000000,bad1e446c22d8a81484c3eac7b491359a7d84f5dd658acdaf27fad27428177fc
/content/drive/MyDrive/AISC DeepFake Çalışmaları/Deneyler/Kader/Deney 1/Göz/eye_roi_output/fake/train/combined/fake_train/fake_train_00540__face_00.jpg,5119,1786019303000000000,c40a825e2e166e08477721ef32253fe3e51412c46249dbad5d1ee83e4df56e39
/content/drive/MyDrive/AISC DeepFake Çalışmaları/Deneyler/Kader/Deney 1/Göz/eye_roi_output/fake/train/combined/fake_train/fake_train_00540__face_01.jpg,5353,1786019303000000000,3c5f98b0ae240c9d9876221b2dc60071568d29f8a82f2d205b36c84a195b7df0
/content/drive/MyDrive/AISC DeepFake Çalışmaları/Deneyler/Kader/Deney 1/Göz/eye_roi_output/fake/train/combined/fake_train/fake_train_00541__face_00.jpg,5952,1786019303000000000,fba3c636f9151976061dfc30ab77e9718e98a15a7093c93be867a80a7e99dcca
/content/drive/MyDrive/AISC DeepFake Çalışmaları/Deneyler/Kader/Deney 1/Göz/eye_roi_output/fake/train/combined/fake_train/fake_train_00542__face_00.jpg,4850,1786019304000000000,f22861f170a5072413a08e01a4e904e2a6a1268fce296d699113445d8c8cc017
/content/drive/MyDrive/AISC DeepFake Çalışmaları/Deneyler/Kader/Deney 1/Göz/eye_roi_output/fake/train/combined/fake_train/fake_train_00543__face_00.jpg,4745,1786019304000000000,3d44a802db924566b4a905cb5cb99f39c974457c5dfdd6491b2cac490629ddb7
/content/drive/MyDrive/AISC DeepFake Çalışmaları/Deneyler/Kader/Deney 1/Göz/eye_roi_output/fake/train/combined/fake_train/fake_train_00544__face_00.jpg,4578,1786019305000000000,33f2dba64c7b56411ec5f2ccb7ce001c3cf217f4150b504a981b1210da68376a
/content/drive/MyDrive/AISC DeepFake Çalışmaları/Deneyler/Kader/Deney 1/Göz/eye_roi_output/fake/train/combined/fake_train/fake_train_00545__face_00.jpg,4837,1786019305000000000,16dfdfd1fd5279185ef0760e51c180f7520be7c647970df09273db6eb2103ffa
/content/drive/MyDrive/AISC DeepFake Çalışmaları/Deneyler/Kader/Deney 1/Göz/eye_roi_output/fake/train/combined/fake_train/fake_train_00546__face_00.jpg,3720,1786019306000000000,b1ae09c7362baa9ff83c62ca47a23acce4fb008f4fc3e96092cdc36223eb1822
/content/drive/MyDrive/AISC DeepFake Çalışmaları/Deneyler/Kader/Deney 1/Göz/eye_roi_output/fake/train/combined/fake_train/fake_train_00547__face_00.jpg,5307,1786019306000000000,fa7dc081cb84fd6b0416605ba3740991c216bd06ae1aa4cf803f861a8a311ea5
/content/drive/MyDrive/AISC DeepFake Çalışmaları/Deneyler/Kader/Deney 1/Göz/eye_roi_output/fake/train/combined/fake_train/fake_train_00548__face_00.jpg,5577,1786019307000000000,594a525c73bfdf3a76d118d451f0d99e7aeb15c8a5c0b833d41da3f2ee25ec6d
/content/drive/MyDrive/AISC DeepFake Çalışmaları/Deneyler/Kader/Deney 1/Göz/eye_roi_output/fake/train/combined/fake_train/fake_train_00549__face_00.jpg,5245,1786019308000000000,af06e885a05c028c16c503ba366b701e431204a59aff2d13638d97086a6f2298
/content/drive/MyDrive/AISC DeepFake Çalışmaları/Deneyler/Kader/Deney 1/Göz/eye_roi_output/fake/train/combined/fake_train/fake_train_00550__face_00.jpg,5413,1786019308000000000,b781a77925d7298d3623a2e64c40234501db4eeb9383a4e5e5873d480a2a828c
/content/drive/MyDrive/AISC DeepFake Çalışmaları/Deneyler/Kader/Deney 1/Göz/eye_roi_output/fake/train/combined/fake_train/fake_train_00551__face_00.jpg,4082,1786019308000000000,e091f6ec426b472c0f927669d38256160be11e9cf90fe3a78891f9479d7044eb
/content/drive/MyDrive/AISC DeepFake Çalışmaları/Deneyler/Kader/Deney 1/Göz/eye_roi_output/fake/train/combined/fake_train/fake_train_00552__face_00.jpg,4894,1786019309000000000,b42fb5839e0b67d827686ab56008b20be857617fd0b8e9fb783d34d9b08eb09f
/content/drive/MyDrive/AISC DeepFake Çalışmaları/Deneyler/Kader/Deney 1/Göz/eye_roi_output/fake/train/combined/fake_train/fake_train_00553__face_00.jpg,4745,1786019309000000000,52e6355356a3c7ffb8b59f550439ac71fb06439034994346f0be7dbc2bbe4164
/content/drive/MyDrive/AISC DeepFake Çalışmaları/Deneyler/Kader/Deney 1/Göz/eye_roi_output/fake/train/combined/fake_train/fake_train_00555__face_00.jpg,5317,1786019310000000000,cf80d6c82d80d2d8bbcb2bfa7d9d85c96f5417720acbac5c418c8799c98ea703
/content/drive/MyDrive/AISC DeepFake Çalışmaları/Deneyler/Kader/Deney 1/Göz/eye_roi_output/fake/train/combined/fake_train/fake_train_00556__face_00.jpg,5392,1786019311000000000,d52c34ab2f5e110cc782ee4480b192382a52a20cf8ddb45f0c5a7ddb3f8a4ae4
/content/drive/MyDrive/AISC DeepFake Çalışmaları/Deneyler/Kader/Deney 1/Göz/eye_roi_output/fake/train/combined/fake_train/fake_train_00557__face_00.jpg,5716,1786019312000000000,aa3f4bbe019c750ebc0109779d1440db99b0bf59d16a861fa95f8fa3b25da16b
/content/drive/MyDrive/AISC DeepFake Çalışmaları/Deneyler/Kader/Deney 1/Göz/eye_roi_output/fake/train/combined/fake_train/fake_train_00558__face_00.jpg,4953,1786019312000000000,494cb89ab5aa98e3d313017889d972be03b6ed8431715f51845cdef9cd6d2aa8
/content/drive/MyDrive/AISC DeepFake Çalışmaları/Deneyler/Kader/Deney 1/Göz/eye_roi_output/fake/train/combined/fake_train/fake_train_00559__face_00.jpg,4329,1786019312000000000,6c7b81a14f9b8500013ba4efc1d83af2d3747677cca3f044de65740a70454e89
/content/drive/MyDrive/AISC DeepFake Çalışmaları/Deneyler/Kader/Deney 1/Göz/eye_roi_output/fake/train/combined/fake_train/fake_train_00560__face_00.jpg,5536,1786019313000000000,fb1c873704c84ba5a0ebbdb5aba70d81cb120d1ff8a7c098fec10f6603aa29d8
/content/drive/MyDrive/AISC DeepFake Çalışmaları/Deneyler/Kader/Deney 1/Göz/eye_roi_output/fake/train/combined/fake_train/fake_train_00561__face_00.jpg,5459,1786019313000000000,87712e00ce9aad3a9601026a4bc3e2a4bea4349f1fd50f5a1c34e3c87e2cda7f
/content/drive/MyDrive/AISC DeepFake Çalışmaları/Deneyler/Kader/Deney 1/Göz/eye_roi_output/fake/train/combined/fake_train/fake_train_00562__face_00.jpg,5284,1786019313000000000,0b6e447a9de42ae119bbb747ce1ecd59fa99c471f2feae2b3a0c209f199a1af1
/content/drive/MyDrive/AISC DeepFake Çalışmaları/Deneyler/Kader/Deney 1/Göz/eye_roi_output/fake/train/combined/fake_train/fake_train_00563__face_00.jpg,5313,1786019314000000000,17de9b73379f7afe0eb713aabcac74bf98ba8049b5267b14695f8b3636e106c5
/content/drive/MyDrive/AISC DeepFake Çalışmaları/Deneyler/Kader/Deney 1/Göz/eye_roi_output/fake/train/combined/fake_train/fake_train_00564__face_00.jpg,6252,1786019314000000000,1cece54ea479be7282d31273d2c7ca1394b1b873e66ec6555af73f79efddd381
/content/drive/MyDrive/AISC DeepFake Çalışmaları/Deneyler/Kader/Deney 1/Göz/eye_roi_output/fake/train/combined/fake_train/fake_train_00565__face_00.jpg,5989,1786019315000000000,8ff4c319cba66e2050ad03c8377593f18f4f4aea0bce6b8337e314ae0d7bcccd
/content/drive/MyDrive/AISC DeepFake Çalışmaları/Deneyler/Kader/Deney 1/Göz/eye_roi_output/fake/train/combined/fake_train/fake_train_00567__face_00.jpg,4836,1786019315000000000,6039b0c32816773694a46c3b4d3c8bbae3c068ea4a4adbc349052e954b49d1e6
/content/drive/MyDrive/AISC DeepFake Çalışmaları/Deneyler/Kader/Deney 1/Göz/eye_roi_output/fake/train/combined/fake_train/fake_train_00568__face_00.jpg,5934,1786019316000000000,dcaa9c13e35baff8ba8e413cbbe038db27824296bb623cb5b3aec44a945526aa
/content/drive/MyDrive/AISC DeepFake Çalışmaları/Deneyler/Kader/Deney 1/Göz/eye_roi_output/fake/train/combined/fake_train/fake_train_00569__face_00.jpg,4500,1786019316000000000,ff5f910602eaa1176036043240716eec1aff8812b7718fb8bfe07b80985c4948
/content/drive/MyDrive/AISC DeepFake Çalışmaları/Deneyler/Kader/Deney 1/Göz/eye_roi_output/fake/train/combined/fake_train/fake_train_00570__face_00.jpg,4309,1786019317000000000,9366b5294d5b658978317831ad0d5087668af4ef9b06b3173fc54fa46dd2df6a
/content/drive/MyDrive/AISC DeepFake Çalışmaları/Deneyler/Kader/Deney 1/Göz/eye_roi_output/fake/train/combined/fake_train/fake_train_00571__face_00.jpg,4794,1786019317000000000,a90336a1632c6fad43f028b03b811033dc5c406e4187e40bbd9086a1e7a5e174
/content/drive/MyDrive/AISC DeepFake Çalışmaları/Deneyler/Kader/Deney 1/Göz/eye_roi_output/fake/train/combined/fake_train/fake_train_00572__face_00.jpg,5057,1786019318000000000,a10863770900a0489a45f088da2d53096d9414b9ee3623089b9d854e2f486b11
/content/drive/MyDrive/AISC DeepFake Çalışmaları/Deneyler/Kader/Deney 1/Göz/eye_roi_output/fake/train/combined/fake_train/fake_train_00573__face_00.jpg,4318,1786019318000000000,bfa04673911e7693ad7723f95fa1382a28c550544fc8be1fafdfa873c0896afb
/content/drive/MyDrive/AISC DeepFake Çalışmaları/Deneyler/Kader/Deney 1/Göz/eye_roi_output/fake/train/combined/fake_train/fake_train_00574__face_00.jpg,5142,1786019318000000000,c26aa9680ba74972a61e96f9a48e55ab8c4b043a0766f1313c652571cc15284e
/content/drive/MyDrive/AISC DeepFake Çalışmaları/Deneyler/Kader/Deney 1/Göz/eye_roi_output/fake/train/combined/fake_train/fake_train_00575__face_00.jpg,6057,1786019319000000000,bcb5de791148b947f594cebd38e046e5d404158ae0cebbae75614662b91f140d
/content/drive/MyDrive/AISC DeepFake Çalışmaları/Deneyler/Kader/Deney 1/Göz/eye_roi_output/fake/train/combined/fake_train/fake_train_00576__face_00.jpg,4298,1786019319000000000,62fdf99c5cee87774fd2caca6e71771ef82676a2161a753b44e68e87cd4b0f8b
/content/drive/MyDrive/AISC DeepFake Çalışmaları/Deneyler/Kader/Deney 1/Göz/eye_roi_output/fake/train/combined/fake_train/fake_train_00577__face_00.jpg,5265,1786019320000000000,de7120517c951a293041834641a7e830cc9bf61780a6973f64b4b3b2e4c4eddc
/content/drive/MyDrive/AISC DeepFake Çalışmaları/Deneyler/Kader/Deney 1/Göz/eye_roi_output/fake/train/combined/fake_train/fake_train_00577__face_01.jpg,7066,1786019320000000000,f25a202fec9a55d089b11884f3067daf7f350d52ff78b718714aa89bcd19b403
/content/drive/MyDrive/AISC DeepFake Çalışmaları/Deneyler/Kader/Deney 1/Göz/eye_roi_output/fake/train/combined/fake_train/fake_train_00578__face_00.jpg,5962,1786019322000000000,cdef4b96288a1513639bc81ca52e2e8fce050f7c573509ca185b0f096f986f0c
/content/drive/MyDrive/AISC DeepFake Çalışmaları/Deneyler/Kader/Deney 1/Göz/eye_roi_output/fake/train/combined/fake_train/fake_train_00579__face_00.jpg,5850,1786019322000000000,cfb79ad27d0419315a308c0c8ecb56da0ca0319c0cd621b6e838ff7d8abecd1b
/content/drive/MyDrive/AISC DeepFake Çalışmaları/Deneyler/Kader/Deney 1/Göz/eye_roi_output/fake/train/combined/fake_train/fake_train_00580__face_00.jpg,5021,1786019322000000000,0b10033f1ac1a73f41ed77b3c1891ddcde7c44fcf8c105deed7f3e547c4561b1
/content/drive/MyDrive/AISC DeepFake Çalışmaları/Deneyler/Kader/Deney 1/Göz/eye_roi_output/fake/train/combined/fake_train/fake_train_00582__face_00.jpg,4772,1786019324000000000,c562a7cf34b4365ad1015272104703b35be6cced574b63bbaf1570772bee0a79
/content/drive/MyDrive/AISC DeepFake Çalışmaları/Deneyler/Kader/Deney 1/Göz/eye_roi_output/fake/train/combined/fake_train/fake_train_00583__face_00.jpg,4450,1786019324000000000,ae4a6bf3e42213c68866d5f009c88afaef6ee5b171aadf13896cd438555ba0d0
/content/drive/MyDrive/AISC DeepFake Çalışmaları/Deneyler/Kader/Deney 1/Göz/eye_roi_output/fake/train/combined/fake_train/fake_train_00583__face_01.jpg,5358,1786019324000000000,4ea8ceb43f53656461c394c5aa5ebba7ec169e97988f8fc582b502abf1f6344a
/content/drive/MyDrive/AISC DeepFake Çalışmaları/Deneyler/Kader/Deney 1/Göz/eye_roi_output/fake/train/combined/fake_train/fake_train_00584__face_00.jpg,5054,1786019325000000000,bf16aea8533cbeffa5888599c2cdee58aaf8bc827210a355ac2c91308235b541
/content/drive/MyDrive/AISC DeepFake Çalışmaları/Deneyler/Kader/Deney 1/Göz/eye_roi_output/fake/train/combined/fake_train/fake_train_00585__face_00.jpg,4583,1786019325000000000,8e7f81efd50f201d035f9deb57c5a0b0cc17ca183d6d3becfeab5706e89c2701
/content/drive/MyDrive/AISC DeepFake Çalışmaları/Deneyler/Kader/Deney 1/Göz/eye_roi_output/fake/train/combined/fake_train/fake_train_00586__face_00.jpg,4498,1786019326000000000,164656f110de78470fd898af44588eba4d5f7c17eb9da65528767f809b83fb6d
/content/drive/MyDrive/AISC DeepFake Çalışmaları/Deneyler/Kader/Deney 1/Göz/eye_roi_output/fake/train/combined/fake_train/fake_train_00587__face_00.jpg,4763,1786019327000000000,7c081bbdc5153054c83359c3164a6cdb7e90ce0af594666ae98031ba49ada014
/content/drive/MyDrive/AISC DeepFake Çalışmaları/Deneyler/Kader/Deney 1/Göz/eye_roi_output/fake/train/combined/fake_train/fake_train_00587__face_01.jpg,4552,1786019327000000000,b203855dbc08cb49aa7aeab1aa8f8a21a6cc1ae7e46272ebaed7983119b3784d
/content/drive/MyDrive/AISC DeepFake Çalışmaları/Deneyler/Kader/Deney 1/Göz/eye_roi_output/fake/train/combined/fake_train/fake_train_00588__face_00.jpg,4870,1786019327000000000,eb89e37301bffde7c2a160f11915068695d323022f2c9ee67197f4699b1a303c
/content/drive/MyDrive/AISC DeepFake Çalışmaları/Deneyler/Kader/Deney 1/Göz/eye_roi_output/fake/train/combined/fake_train/fake_train_00589__face_00.jpg,5776,1786019328000000000,36dc5094a43b7db2454c48ae80212ac01fbf349ceab42ca6aec252630a06bbd8
/content/drive/MyDrive/AISC DeepFake Çalışmaları/Deneyler/Kader/Deney 1/Göz/eye_roi_output/fake/train/combined/fake_train/fake_train_00590__face_00.jpg,4705,1786019328000000000,5bd97f121cbe5ec9763d68a4328dd066b706e21cc4a50f24e564ff68ff391de5
/content/drive/MyDrive/AISC DeepFake Çalışmaları/Deneyler/Kader/Deney 1/Göz/eye_roi_output/fake/train/combined/fake_train/fake_train_00591__face_00.jpg,4717,1786019329000000000,da9677328ba0307940bfef43ca116c0db719cba0af278b3906bbfc575732e784
/content/drive/MyDrive/AISC DeepFake Çalışmaları/Deneyler/Kader/Deney 1/Göz/eye_roi_output/fake/train/combined/fake_train/fake_train_00592__face_00.jpg,4353,1786019330000000000,3f469b3160a07b3ecd9e1ec95db49f334bfab7713fd6549c110ae80d549cbd30
/content/drive/MyDrive/AISC DeepFake Çalışmaları/Deneyler/Kader/Deney 1/Göz/eye_roi_output/fake/train/combined/fake_train/fake_train_00593__face_00.jpg,6070,1786019330000000000,c5d6704221320d4bed5a8bce7b219f072475d299287b1c6279cf7ab95f93d958
/content/drive/MyDrive/AISC DeepFake Çalışmaları/Deneyler/Kader/Deney 1/Göz/eye_roi_output/fake/train/combined/fake_train/fake_train_00594__face_00.jpg,5110,1786019331000000000,f787caf8dd93fe969ace1a0864503105e47a468caf0188fe90787ea3f04a0a96
/content/drive/MyDrive/AISC DeepFake Çalışmaları/Deneyler/Kader/Deney 1/Göz/eye_roi_output/fake/train/combined/fake_train/fake_train_00595__face_00.jpg,5613,1786019331000000000,0650f4a1c3fb9e72f9da0b0feb6c52f3b0d45f0de932ce12f2adf9fe24721f3e
/content/drive/MyDrive/AISC DeepFake Çalışmaları/Deneyler/Kader/Deney 1/Göz/eye_roi_output/fake/train/combined/fake_train/fake_train_00596__face_00.jpg,4582,1786019332000000000,344d1bb3982a284deda1c9d05d341e5eb05ae40f7d8914155aeb88c28680107f
/content/drive/MyDrive/AISC DeepFake Çalışmaları/Deneyler/Kader/Deney 1/Göz/eye_roi_output/fake/train/combined/fake_train/fake_train_00597__face_00.jpg,5162,1786019332000000000,26618e24095313fc7a42be75ad7a4d4f8df6dc7414cc859b50f03e4d9e9e3512
/content/drive/MyDrive/AISC DeepFake Çalışmaları/Deneyler/Kader/Deney 1/Göz/eye_roi_output/fake/train/combined/fake_train/fake_train_00598__face_00.jpg,4735,1786019332000000000,d3b3a548d61c4d255db0e13243f47c28900e3dcfcf2e7df8ba624d438edf07ee
/content/drive/MyDrive/AISC DeepFake Çalışmaları/Deneyler/Kader/Deney 1/Göz/eye_roi_output/fake/train/combined/fake_train/fake_train_00599__face_00.jpg,4295,1786019333000000000,24897be1b147b8b69af2deb8fc5cc6380b1dc77251564b909e0ba042b9150b9f
/content/drive/MyDrive/AISC DeepFake Çalışmaları/Deneyler/Kader/Deney 1/Göz/eye_roi_output/fake/train/combined/fake_train/fake_train_00600__face_00.jpg,5073,1786019333000000000,e5e8340bb85204c6d49bb2e2a7e78f33c67762ef75308ada4a8806afd561a7c9
/content/drive/MyDrive/AISC DeepFake Çalışmaları/Deneyler/Kader/Deney 1/Göz/eye_roi_output/fake/train/combined/fake_train/fake_train_00601__face_00.jpg,5879,1786019334000000000,9f17bcafb8bc93bf6aad969cd671ca7e01320c52546f64b524b06094f99ba2ed
/content/drive/MyDrive/AISC DeepFake Çalışmaları/Deneyler/Kader/Deney 1/Göz/eye_roi_output/fake/train/combined/fake_train/fake_train_00602__face_00.jpg,5978,1786019334000000000,9897047b963309a720da294f3ff35da8b9e98716149d9f3bef373d40bbbb5b8c
/content/drive/MyDrive/AISC DeepFake Çalışmaları/Deneyler/Kader/Deney 1/Göz/eye_roi_output/fake/train/combined/fake_train/fake_train_00603__face_00.jpg,5179,1786019335000000000,8df91a199c4785d3a130d0e4741a1b4412be6718eccf9efcc0b5545812bb7de3
/content/drive/MyDrive/AISC DeepFake Çalışmaları/Deneyler/Kader/Deney 1/Göz/eye_roi_output/fake/train/combined/fake_train/fake_train_00604__face_00.jpg,5546,1786019335000000000,5a6e6e11147b6f6434e56d1de26bf5aae2e10dcd46bc107b88aab4220f7e9c51
/content/drive/MyDrive/AISC DeepFake Çalışmaları/Deneyler/Kader/Deney 1/Göz/eye_roi_output/fake/train/combined/fake_train/fake_train_00605__face_00.jpg,5283,1786019336000000000,a7712a9d130dea1cb64c903878ab5a9de89e6f60563ed88408542941d57c51c7
/content/drive/MyDrive/AISC DeepFake Çalışmaları/Deneyler/Kader/Deney 1/Göz/eye_roi_output/fake/train/combined/fake_train/fake_train_00605__face_01.jpg,5496,1786019336000000000,0f5a6396f28739a107d414c6d68c183e5bdfdc6d33c8c2b81c0831f1a0bfceed
/content/drive/MyDrive/AISC DeepFake Çalışmaları/Deneyler/Kader/Deney 1/Göz/eye_roi_output/fake/train/combined/fake_train/fake_train_00606__face_00.jpg,4210,1786019337000000000,0f3e641e6e0906340063ff1abfdd9f97b5157694c675b6d255f0b84888c425fe
/content/drive/MyDrive/AISC DeepFake Çalışmaları/Deneyler/Kader/Deney 1/Göz/eye_roi_output/fake/train/combined/fake_train/fake_train_00607__face_00.jpg,8238,1786019337000000000,21c4e305388a73b78f3a76accc2ef316bbd844fa99a3cbbf2e567c2d5cb897f2
/content/drive/MyDrive/AISC DeepFake Çalışmaları/Deneyler/Kader/Deney 1/Göz/eye_roi_output/fake/train/combined/fake_train/fake_train_00608__face_00.jpg,5079,1786019338000000000,85dee0d83cf90c6684f0a83eb1e73fe842cde6928e9641934e2b9378b74f521a
/content/drive/MyDrive/AISC DeepFake Çalışmaları/Deneyler/Kader/Deney 1/Göz/eye_roi_output/fake/train/combined/fake_train/fake_train_00609__face_00.jpg,4806,1786019338000000000,c9c12a6bcedd93fd3c7652e4e841a671654d06be107c6356b295b4e135bccdc7
/content/drive/MyDrive/AISC DeepFake Çalışmaları/Deneyler/Kader/Deney 1/Göz/eye_roi_output/fake/train/combined/fake_train/fake_train_00610__face_00.jpg,5401,1786019338000000000,47326555c19982950344292e66a72416e369e46bfa53d634ecb31ee14c5f640e
/content/drive/MyDrive/AISC DeepFake Çalışmaları/Deneyler/Kader/Deney 1/Göz/eye_roi_output/fake/train/combined/fake_train/fake_train_00611__face_00.jpg,5702,1786019339000000000,665ece239fdb595e7e6e149b64960969458ca91647382a153169b910a169fbfd
/content/drive/MyDrive/AISC DeepFake Çalışmaları/Deneyler/Kader/Deney 1/Göz/eye_roi_output/fake/train/combined/fake_train/fake_train_00612__face_00.jpg,4827,1786019340000000000,adf1467b63f20af2e7ca81ef6d059869c3ac38796595915255551cb0e8e6f026
/content/drive/MyDrive/AISC DeepFake Çalışmaları/Deneyler/Kader/Deney 1/Göz/eye_roi_output/fake/train/combined/fake_train/fake_train_00612__face_01.jpg,4886,1786019340000000000,f8d931d45e999f7d6d8e6c9cfdb421f83752e591bdff1583d836332a4ca2efb6
/content/drive/MyDrive/AISC DeepFake Çalışmaları/Deneyler/Kader/Deney 1/Göz/eye_roi_output/fake/train/combined/fake_train/fake_train_00613__face_00.jpg,4716,1786019340000000000,73b04ba561c0bdc7afce27c5b12fb198a2a34796d674045a6eb15f8322929806
/content/drive/MyDrive/AISC DeepFake Çalışmaları/Deneyler/Kader/Deney 1/Göz/eye_roi_output/fake/train/combined/fake_train/fake_train_00614__face_00.jpg,4912,1786019341000000000,5f34709e75b1b088ceab5508b4b04889df57837844ec5dfc59e1dda8b34bfd05
/content/drive/MyDrive/AISC DeepFake Çalışmaları/Deneyler/Kader/Deney 1/Göz/eye_roi_output/fake/train/combined/fake_train/fake_train_00615__face_00.jpg,5112,1786019341000000000,c032736ba92349f76b3ac2227e5b87c7a749cc9e5d5035ffa5b4d677f13bfa5b
/content/drive/MyDrive/AISC DeepFake Çalışmaları/Deneyler/Kader/Deney 1/Göz/eye_roi_output/fake/train/combined/fake_train/fake_train_00616__face_00.jpg,6122,1786019342000000000,d757bf6ee5c6adda1f87ac6d5936c6894bbf27732b2795322bc0a32f39f35dcd
/content/drive/MyDrive/AISC DeepFake Çalışmaları/Deneyler/Kader/Deney 1/Göz/eye_roi_output/fake/train/combined/fake_train/fake_train_00617__face_00.jpg,5402,1786019342000000000,18b10d835b7c0d99939bfdf26b68cb883020ba59406fc71a8d54a0e34ef86839
/content/drive/MyDrive/AISC DeepFake Çalışmaları/Deneyler/Kader/Deney 1/Göz/eye_roi_output/fake/train/combined/fake_train/fake_train_00618__face_00.jpg,5831,1786019343000000000,ae6074281db4041f75148b2548737a2078424e6a6e6a88029a58e52ab27842a6
/content/drive/MyDrive/AISC DeepFake Çalışmaları/Deneyler/Kader/Deney 1/Göz/eye_roi_output/fake/train/combined/fake_train/fake_train_00619__face_00.jpg,5465,1786019343000000000,4011196cfa7c7c8d0f272efeba67215a30a1f49224af94dd4396e8680051efa7
/content/drive/MyDrive/AISC DeepFake Çalışmaları/Deneyler/Kader/Deney 1/Göz/eye_roi_output/fake/train/combined/fake_train/fake_train_00620__face_00.jpg,5832,1786019344000000000,500689c2dd9cd3a8f367b05234e8bc159f35aae9205f67b1a95a422cf6c6c14f
/content/drive/MyDrive/AISC DeepFake Çalışmaları/Deneyler/Kader/Deney 1/Göz/eye_roi_output/fake/train/combined/fake_train/fake_train_00621__face_00.jpg,4465,1786019344000000000,a1be42952f5bfe34ae04573127eeaef59b4d8de1fa2d2af41cbed6225443f35d
/content/drive/MyDrive/AISC DeepFake Çalışmaları/Deneyler/Kader/Deney 1/Göz/eye_roi_output/fake/train/combined/fake_train/fake_train_00622__face_00.jpg,4976,1786019345000000000,b17f2b3fdb231c26b0fe03d351e3b673025e1913f8132a6290139d3fd50bd1fa
/content/drive/MyDrive/AISC DeepFake Çalışmaları/Deneyler/Kader/Deney 1/Göz/eye_roi_output/fake/train/combined/fake_train/fake_train_00623__face_00.jpg,4975,1786019345000000000,3c44ac7a95b2c376abee3c5e5832484239f0dd709021b55a09854bcaeb984d5c
/content/drive/MyDrive/AISC DeepFake Çalışmaları/Deneyler/Kader/Deney 1/Göz/eye_roi_output/fake/train/combined/fake_train/fake_train_00624__face_00.jpg,5137,1786019346000000000,43bce53fc1221c5a94b8aa811e25f64c986e970ee7654f26b16d53e0fca1dd7d
/content/drive/MyDrive/AISC DeepFake Çalışmaları/Deneyler/Kader/Deney 1/Göz/eye_roi_output/fake/train/combined/fake_train/fake_train_00625__face_00.jpg,5030,1786019346000000000,b6637c7c0adaf8344e8f6fbd4265f8026fdeaef1778c5ef1b482f85c34189666
/content/drive/MyDrive/AISC DeepFake Çalışmaları/Deneyler/Kader/Deney 1/Göz/eye_roi_output/fake/train/combined/fake_train/fake_train_00627__face_00.jpg,5356,1786019347000000000,6019b0bea16c92bccb70c33ba8905cc863cf348d699e95a734df7352fcb9ffd3
/content/drive/MyDrive/AISC DeepFake Çalışmaları/Deneyler/Kader/Deney 1/Göz/eye_roi_output/fake/train/combined/fake_train/fake_train_00628__face_00.jpg,5477,1786019347000000000,a192e24c2679802a0a9dbb4c8247e3a1883deb65234b00d07330abc27eedf763
/content/drive/MyDrive/AISC DeepFake Çalışmaları/Deneyler/Kader/Deney 1/Göz/eye_roi_output/fake/train/combined/fake_train/fake_train_00629__face_00.jpg,4614,1786019348000000000,9f04d60d89183ada0c7cc9bd0e1a32bd7de60deb61da2fff42741a84413bfdd8
/content/drive/MyDrive/AISC DeepFake Çalışmaları/Deneyler/Kader/Deney 1/Göz/eye_roi_output/fake/train/combined/fake_train/fake_train_00630__face_00.jpg,5170,1786019348000000000,4ec5e267df0f42d08f08375aa4ab0776a189bcb323df300ebfb52a5370670839
/content/drive/MyDrive/AISC DeepFake Çalışmaları/Deneyler/Kader/Deney 1/Göz/eye_roi_output/fake/train/combined/fake_train/fake_train_00631__face_00.jpg,6392,1786019348000000000,9f2e945ed7082261e8e87312ccb0c1618af947180db53830b66a70ce1d3ee0dd
/content/drive/MyDrive/AISC DeepFake Çalışmaları/Deneyler/Kader/Deney 1/Göz/eye_roi_output/fake/train/combined/fake_train/fake_train_00632__face_00.jpg,3761,1786019349000000000,3455398864c32cf36f876a10e457a98c1c6347fa5df599c595a3aaf53a4b9e77
/content/drive/MyDrive/AISC DeepFake Çalışmaları/Deneyler/Kader/Deney 1/Göz/eye_roi_output/fake/train/combined/fake_train/fake_train_00633__face_00.jpg,5414,1786019349000000000,b442302f9bec88d4cc1c859bfa4e6095a3ba4deb9fa751120782a204f220b9ff
/content/drive/MyDrive/AISC DeepFake Çalışmaları/Deneyler/Kader/Deney 1/Göz/eye_roi_output/fake/train/combined/fake_train/fake_train_00634__face_00.jpg,5838,1786019349000000000,46afcaf7cbdbeab87a51304f2f43f580e645f9c21c73006c6dd257c015183b7f
/content/drive/MyDrive/AISC DeepFake Çalışmaları/Deneyler/Kader/Deney 1/Göz/eye_roi_output/fake/train/combined/fake_train/fake_train_00635__face_00.jpg,5610,1786019350000000000,f10bd7edad24e3ce2edf513bd50667a90c6a3377b7e94b71f033c1e2bf1ecf82
/content/drive/MyDrive/AISC DeepFake Çalışmaları/Deneyler/Kader/Deney 1/Göz/eye_roi_output/fake/train/combined/fake_train/fake_train_00636__face_00.jpg,4714,1786019350000000000,5db12db08f527f13a3176ff17c12a5ea887ecbc051965f0bea213988f822b8a7
/content/drive/MyDrive/AISC DeepFake Çalışmaları/Deneyler/Kader/Deney 1/Göz/eye_roi_output/fake/train/combined/fake_train/fake_train_00637__face_00.jpg,5364,1786019351000000000,fa01365a52e36b45fc92d9d754aaf83fab998b02c051e5d2d5ca88527b08ca08
/content/drive/MyDrive/AISC DeepFake Çalışmaları/Deneyler/Kader/Deney 1/Göz/eye_roi_output/fake/train/combined/fake_train/fake_train_00638__face_00.jpg,5540,1786019351000000000,edae51c978cff36730830685f6e56c5b7d8c29f66dbb28f61afce1af653ec2d3
/content/drive/MyDrive/AISC DeepFake Çalışmaları/Deneyler/Kader/Deney 1/Göz/eye_roi_output/fake/train/combined/fake_train/fake_train_00639__face_00.jpg,4650,1786019352000000000,1fa2b0e61bf1b365d179344cb511bb10da97eb5cd0568c1db34374c2c4e7f794
/content/drive/MyDrive/AISC DeepFake Çalışmaları/Deneyler/Kader/Deney 1/Göz/eye_roi_output/fake/train/combined/fake_train/fake_train_00639__face_01.jpg,4085,1786019352000000000,2f4c827fa271cd30d6c7430744acd801df0cfc2c799cb7cb0ae67d2cccfd024b
/content/drive/MyDrive/AISC DeepFake Çalışmaları/Deneyler/Kader/Deney 1/Göz/eye_roi_output/fake/train/combined/fake_train/fake_train_00640__face_00.jpg,4289,1786019352000000000,c8a0cf535b3ee481105d19c43323622a7fb4454e5a56a572ae2f75ddd2e937b5
/content/drive/MyDrive/AISC DeepFake Çalışmaları/Deneyler/Kader/Deney 1/Göz/eye_roi_output/fake/train/combined/fake_train/fake_train_00641__face_00.jpg,4959,1786019353000000000,0b9f3ffd3c21de89a5196551725e3c1d6d1dce2cc0ff932fc2c47f5819b30a3a
/content/drive/MyDrive/AISC DeepFake Çalışmaları/Deneyler/Kader/Deney 1/Göz/eye_roi_output/fake/train/combined/fake_train/fake_train_00642__face_00.jpg,5657,1786019353000000000,a79f537b47e2a46e80b5c8b23503c6aa9871e4d66a613f07136f2791801571e7
/content/drive/MyDrive/AISC DeepFake Çalışmaları/Deneyler/Kader/Deney 1/Göz/eye_roi_output/fake/train/combined/fake_train/fake_train_00643__face_00.jpg,5709,1786019353000000000,20c9dc43a36ca4439c57f107e4bba127fe8cbbcd4a0ca174dcc188c3877a3144
/content/drive/MyDrive/AISC DeepFake Çalışmaları/Deneyler/Kader/Deney 1/Göz/eye_roi_output/fake/train/combined/fake_train/fake_train_00644__face_00.jpg,5284,1786019354000000000,2c4421df1d737f0baa269645af1c1d5a13e66338cb45daad16a99fad1f30328e
/content/drive/MyDrive/AISC DeepFake Çalışmaları/Deneyler/Kader/Deney 1/Göz/eye_roi_output/fake/train/combined/fake_train/fake_train_00645__face_00.jpg,5570,1786019355000000000,f027ad09390cc07d0e873f16df121a86f0404315b77221aa4799e67f0223b419
/content/drive/MyDrive/AISC DeepFake Çalışmaları/Deneyler/Kader/Deney 1/Göz/eye_roi_output/fake/train/combined/fake_train/fake_train_00646__face_00.jpg,5005,1786019355000000000,9dec62fd9d6a21b85da68034613b53a043ce1d6d198e2578aacd6d532729c0ae
/content/drive/MyDrive/AISC DeepFake Çalışmaları/Deneyler/Kader/Deney 1/Göz/eye_roi_output/fake/train/combined/fake_train/fake_train_00647__face_00.jpg,4632,1786019356000000000,f0442e414b9edcaf2522effebc35266320e32d3977eac5cd748285f012bd096b
/content/drive/MyDrive/AISC DeepFake Çalışmaları/Deneyler/Kader/Deney 1/Göz/eye_roi_output/fake/train/combined/fake_train/fake_train_00648__face_00.jpg,4345,1786019356000000000,e057e6b7a07c42becd588e9daa1d358d42fe6628c0c43b9d0ffe35c92d2daec8
/content/drive/MyDrive/AISC DeepFake Çalışmaları/Deneyler/Kader/Deney 1/Göz/eye_roi_output/fake/train/combined/fake_train/fake_train_00650__face_00.jpg,5408,1786019357000000000,983696c440dd4ef9f4a2fc163eedc3d61e643ca6289b7d1488b99e9db7882b16
/content/drive/MyDrive/AISC DeepFake Çalışmaları/Deneyler/Kader/Deney 1/Göz/eye_roi_output/fake/train/combined/fake_train/fake_train_00651__face_00.jpg,5118,1786019357000000000,f549f8c98cd180194dac817d5dbeafcc05ba68da4b7451d63345894ad94b9cb7
/content/drive/MyDrive/AISC DeepFake Çalışmaları/Deneyler/Kader/Deney 1/Göz/eye_roi_output/fake/train/combined/fake_train/fake_train_00652__face_00.jpg,6296,1786019358000000000,5276d54dfb1933f7126999f32267f6335bffe2d3ee360cecadbb93757092eab9
/content/drive/MyDrive/AISC DeepFake Çalışmaları/Deneyler/Kader/Deney 1/Göz/eye_roi_output/fake/train/combined/fake_train/fake_train_00653__face_00.jpg,4598,1786019358000000000,69c14cc01abeea807cc00e3775b8ac27c30a49fb6b89d2610061adc40227f5e5
/content/drive/MyDrive/AISC DeepFake Çalışmaları/Deneyler/Kader/Deney 1/Göz/eye_roi_output/fake/train/combined/fake_train/fake_train_00654__face_00.jpg,5945,1786019359000000000,b4e10156dc681fac75d1f82f9785cea87f5c4161a295008691c748a4d6b2442c
/content/drive/MyDrive/AISC DeepFake Çalışmaları/Deneyler/Kader/Deney 1/Göz/eye_roi_output/fake/train/combined/fake_train/fake_train_00655__face_00.jpg,4480,1786019360000000000,b962df89ac7b87c450648af374951926cfcd2b8a43ab2fb59c4b9496137258b9
/content/drive/MyDrive/AISC DeepFake Çalışmaları/Deneyler/Kader/Deney 1/Göz/eye_roi_output/fake/train/combined/fake_train/fake_train_00656__face_00.jpg,5109,1786019360000000000,b0896bc43396190a4c2f7182f39f3c1031b29edf8b782f575d0cf58e2b34a486
/content/drive/MyDrive/AISC DeepFake Çalışmaları/Deneyler/Kader/Deney 1/Göz/eye_roi_output/fake/train/combined/fake_train/fake_train_00657__face_00.jpg,5527,1786019360000000000,250821c0bb624fdf5dad3f8bbcb92dfdadbd5c5b8381fcb67a3b55aefd96e4a1
/content/drive/MyDrive/AISC DeepFake Çalışmaları/Deneyler/Kader/Deney 1/Göz/eye_roi_output/fake/train/combined/fake_train/fake_train_00658__face_00.jpg,4994,1786019361000000000,1a9f42e8b8fcbc9f78459dde52fc42d6a707e1fb4fd1ed7103e728b23d129f97
/content/drive/MyDrive/AISC DeepFake Çalışmaları/Deneyler/Kader/Deney 1/Göz/eye_roi_output/fake/train/combined/fake_train/fake_train_00659__face_00.jpg,4997,1786019361000000000,1caf33670f3229de0fe5854f918229f11c89daeda2c1d2647e8e61fc0c00e43b
/content/drive/MyDrive/AISC DeepFake Çalışmaları/Deneyler/Kader/Deney 1/Göz/eye_roi_output/fake/train/combined/fake_train/fake_train_00660__face_00.jpg,5431,1786019362000000000,05c064c7be40284b1961a421c86986faad3fa84adc3896ee7bf30ff3cbe257ea
/content/drive/MyDrive/AISC DeepFake Çalışmaları/Deneyler/Kader/Deney 1/Göz/eye_roi_output/fake/train/combined/fake_train/fake_train_00661__face_00.jpg,4809,1786019362000000000,8a97e4aa7310d2694502c51bdb416b70ecb015265254c542c27b8348f881ef6d
/content/drive/MyDrive/AISC DeepFake Çalışmaları/Deneyler/Kader/Deney 1/Göz/eye_roi_output/fake/train/combined/fake_train/fake_train_00662__face_00.jpg,5215,1786019363000000000,a1132e7bb6a7665ade5b53b82f4a4798ae8d67f545156b2c8e6b8823f0ca755b
/content/drive/MyDrive/AISC DeepFake Çalışmaları/Deneyler/Kader/Deney 1/Göz/eye_roi_output/fake/train/combined/fake_train/fake_train_00663__face_00.jpg,5409,1786019363000000000,d83c44ee319d39785de0939946ebda795acb210e4ce98106aa148335288e28a6
/content/drive/MyDrive/AISC DeepFake Çalışmaları/Deneyler/Kader/Deney 1/Göz/eye_roi_output/fake/train/combined/fake_train/fake_train_00664__face_00.jpg,4661,1786019363000000000,6012224cf4c233c2b45beaf6ece8adb90f8040809637230f5ecefbb7f7d0e5f2
/content/drive/MyDrive/AISC DeepFake Çalışmaları/Deneyler/Kader/Deney 1/Göz/eye_roi_output/fake/train/combined/fake_train/fake_train_00665__face_00.jpg,5247,1786019364000000000,8c38341d9a9c5afde4a14bf39ffa87908a59a0485093cc81efe524b4b8bac182
/content/drive/MyDrive/AISC DeepFake Çalışmaları/Deneyler/Kader/Deney 1/Göz/eye_roi_output/fake/train/combined/fake_train/fake_train_00666__face_00.jpg,4284,1786019364000000000,d96bdc4bffffa041fa1759a7c278d8c4dd9fc1422625ce95de4b2f3178cf8b7f
/content/drive/MyDrive/AISC DeepFake Çalışmaları/Deneyler/Kader/Deney 1/Göz/eye_roi_output/fake/train/combined/fake_train/fake_train_00667__face_00.jpg,6419,1786019365000000000,699bd36a96ba809233eab32df9ea70b1512bb3a7c47fbab5797b29de9565ed7e
/content/drive/MyDrive/AISC DeepFake Çalışmaları/Deneyler/Kader/Deney 1/Göz/eye_roi_output/fake/train/combined/fake_train/fake_train_00668__face_00.jpg,4901,1786019365000000000,930528686ded59f82211cf72a957873ee39941314832735d1b2901ad8e48bf46
/content/drive/MyDrive/AISC DeepFake Çalışmaları/Deneyler/Kader/Deney 1/Göz/eye_roi_output/fake/train/combined/fake_train/fake_train_00669__face_00.jpg,6285,1786019365000000000,948eb0086eea05fde8282ff26465f55642a9bc2f2cd219c168b3058c2ff1bc33
/content/drive/MyDrive/AISC DeepFake Çalışmaları/Deneyler/Kader/Deney 1/Göz/eye_roi_output/fake/train/combined/fake_train/fake_train_00670__face_00.jpg,5245,1786019366000000000,1fb0671b3545ddb40ce53b6d29423ebc4301177304f94aa0209fc96b3917033b
/content/drive/MyDrive/AISC DeepFake Çalışmaları/Deneyler/Kader/Deney 1/Göz/eye_roi_output/fake/train/combined/fake_train/fake_train_00671__face_00.jpg,5167,1786019367000000000,559e344405ef1d940854537fd954aa3fbdaa51e4e15f2ea8eed65f19d5b8a9e5
/content/drive/MyDrive/AISC DeepFake Çalışmaları/Deneyler/Kader/Deney 1/Göz/eye_roi_output/fake/train/combined/fake_train/fake_train_00672__face_00.jpg,5031,1786019367000000000,9ab556d4cf6f046ff29ce0b285cabe5a059e674f619fc9ba5b9d1dbdbb988e5c
/content/drive/MyDrive/AISC DeepFake Çalışmaları/Deneyler/Kader/Deney 1/Göz/eye_roi_output/fake/train/combined/fake_train/fake_train_00673__face_00.jpg,4947,1786019368000000000,6c6200494cf527f5f54d1622432b67b5f0f34c452b59c3e646a7fb64fe7c46a5
/content/drive/MyDrive/AISC DeepFake Çalışmaları/Deneyler/Kader/Deney 1/Göz/eye_roi_output/fake/train/combined/fake_train/fake_train_00674__face_00.jpg,4765,1786019369000000000,a415fbb80c77c897eb0966957bf1da7e0eb5445c5bb403fe1cbb874c630fe7b1
/content/drive/MyDrive/AISC DeepFake Çalışmaları/Deneyler/Kader/Deney 1/Göz/eye_roi_output/fake/train/combined/fake_train/fake_train_00675__face_00.jpg,4973,1786019369000000000,c053e9ae374980aff6eda170427150adeb89fd5847fedd21f44f28cc6bd747c1
/content/drive/MyDrive/AISC DeepFake Çalışmaları/Deneyler/Kader/Deney 1/Göz/eye_roi_output/fake/train/combined/fake_train/fake_train_00676__face_00.jpg,5334,1786019369000000000,18c3ad60cf0cb44ca2000d989c9ad2b84f279cde570d3078b8fea97dc072df22
/content/drive/MyDrive/AISC DeepFake Çalışmaları/Deneyler/Kader/Deney 1/Göz/eye_roi_output/fake/train/combined/fake_train/fake_train_00677__face_00.jpg,5211,1786019370000000000,6ae35f9e28c68f91fd3b3ab0c9d916f39f3485c7c07f1760ee76d4ffaf3d759a
/content/drive/MyDrive/AISC DeepFake Çalışmaları/Deneyler/Kader/Deney 1/Göz/eye_roi_output/fake/train/combined/fake_train/fake_train_00678__face_00.jpg,5557,1786019371000000000,df369b998e799502933294c41a273f946217ebd6c3d8ab3f7fe6620056e73b44
/content/drive/MyDrive/AISC DeepFake Çalışmaları/Deneyler/Kader/Deney 1/Göz/eye_roi_output/fake/train/combined/fake_train/fake_train_00679__face_00.jpg,4795,1786019371000000000,251d1939efaf4d38bb1b189175996dbd3825662940a083294fcaf5048b6d033c
/content/drive/MyDrive/AISC DeepFake Çalışmaları/Deneyler/Kader/Deney 1/Göz/eye_roi_output/fake/train/combined/fake_train/fake_train_00681__face_00.jpg,5255,1786019373000000000,d8e3cebda542f429f2686274a12b80267515a44d011339b0c3d575cfe47523de
/content/drive/MyDrive/AISC DeepFake Çalışmaları/Deneyler/Kader/Deney 1/Göz/eye_roi_output/fake/train/combined/fake_train/fake_train_00682__face_00.jpg,3854,1786019373000000000,9e2f7bec1d9fbd3ea9fb7414d43c2c67dc4cb410962e0c35be55b1a2dab46cf8
/content/drive/MyDrive/AISC DeepFake Çalışmaları/Deneyler/Kader/Deney 1/Göz/eye_roi_output/fake/train/combined/fake_train/fake_train_00683__face_00.jpg,4917,1786019373000000000,8d82692180653523c480aabb6642c5e332075e57f6ab7581d67740eeb14ab3c5
/content/drive/MyDrive/AISC DeepFake Çalışmaları/Deneyler/Kader/Deney 1/Göz/eye_roi_output/fake/train/combined/fake_train/fake_train_00684__face_00.jpg,4411,1786019374000000000,79a5a40759dd4ca8ed3307fa4139fd479c5454048a1effcd2540407dd3c1dc9b
/content/drive/MyDrive/AISC DeepFake Çalışmaları/Deneyler/Kader/Deney 1/Göz/eye_roi_output/fake/train/combined/fake_train/fake_train_00685__face_00.jpg,5525,1786019374000000000,35fa08f9239746d2c171c06c496a523db790afcc7b56780a7aa393b63902c611
/content/drive/MyDrive/AISC DeepFake Çalışmaları/Deneyler/Kader/Deney 1/Göz/eye_roi_output/fake/train/combined/fake_train/fake_train_00686__face_00.jpg,5431,1786019375000000000,d805f85e94a8e5d0aa3e133458cd611c6bbe15b132b3bb1ba9f938fc18a33a15
/content/drive/MyDrive/AISC DeepFake Çalışmaları/Deneyler/Kader/Deney 1/Göz/eye_roi_output/fake/train/combined/fake_train/fake_train_00687__face_00.jpg,4817,1786019375000000000,aedacce286db5ca51c944b1bbb6c00e1832d16bcb44bdec64121e29b41d36ea9
/content/drive/MyDrive/AISC DeepFake Çalışmaları/Deneyler/Kader/Deney 1/Göz/eye_roi_output/fake/train/combined/fake_train/fake_train_00688__face_00.jpg,5549,1786019376000000000,20b27c6b365c0d0e623d2d62a0a12b04441ab0aae643a00be625944bffb084ea
/content/drive/MyDrive/AISC DeepFake Çalışmaları/Deneyler/Kader/Deney 1/Göz/eye_roi_output/fake/train/combined/fake_train/fake_train_00689__face_00.jpg,4638,1786019376000000000,fdc59e647f0ce8a585dd37c0cbe207f487ef59378dc3dcdd20d9000b966e0eb1
/content/drive/MyDrive/AISC DeepFake Çalışmaları/Deneyler/Kader/Deney 1/Göz/eye_roi_output/fake/train/combined/fake_train/fake_train_00690__face_00.jpg,5788,1786019376000000000,efc1e4a17771bb99d8f6a5257dc5f817960a9080f716e6f82143ce9c238022e7
/content/drive/MyDrive/AISC DeepFake Çalışmaları/Deneyler/Kader/Deney 1/Göz/eye_roi_output/fake/train/combined/fake_train/fake_train_00690__face_01.jpg,6655,1786019376000000000,2d72a31466b543b35f8ab074ee052aa1ed853927cbf4008d13ccc88e66ecf278
/content/drive/MyDrive/AISC DeepFake Çalışmaları/Deneyler/Kader/Deney 1/Göz/eye_roi_output/fake/train/combined/fake_train/fake_train_00692__face_00.jpg,5193,1786019378000000000,6c3570d95456a8c4f43bb38a0ab1e629dcd2a1aacd59ddb129faf14868b80524
/content/drive/MyDrive/AISC DeepFake Çalışmaları/Deneyler/Kader/Deney 1/Göz/eye_roi_output/fake/train/combined/fake_train/fake_train_00692__face_01.jpg,4648,1786019378000000000,c6992f4e7d1d26f5ed51ab3d2d2219175e3fb9b5c858ad2e85ef65b5e99a4c8b
/content/drive/MyDrive/AISC DeepFake Çalışmaları/Deneyler/Kader/Deney 1/Göz/eye_roi_output/fake/train/combined/fake_train/fake_train_00693__face_00.jpg,4997,1786019378000000000,9a9ae116e1cf832c464a669451365d7fc234204cbcc1daa06c4dda64bde3dc9b
/content/drive/MyDrive/AISC DeepFake Çalışmaları/Deneyler/Kader/Deney 1/Göz/eye_roi_output/fake/train/combined/fake_train/fake_train_00694__face_00.jpg,6240,1786019379000000000,63cf32a9f91b2c8bfd4481592344d7ab1b085df464388c9fc49ac0e9f3f8aec6
/content/drive/MyDrive/AISC DeepFake Çalışmaları/Deneyler/Kader/Deney 1/Göz/eye_roi_output/fake/train/combined/fake_train/fake_train_00696__face_00.jpg,5535,1786019380000000000,b00465fff07542719088da329e0355cca05ed2dc5ac4c64958faba7996733a1b
/content/drive/MyDrive/AISC DeepFake Çalışmaları/Deneyler/Kader/Deney 1/Göz/eye_roi_output/fake/train/combined/fake_train/fake_train_00697__face_00.jpg,5825,1786019380000000000,436bd6914d3b0890fe15f155927a16371633569f255b12bb1267d0aa314218eb
/content/drive/MyDrive/AISC DeepFake Çalışmaları/Deneyler/Kader/Deney 1/Göz/eye_roi_output/fake/train/combined/fake_train/fake_train_00698__face_00.jpg,4703,1786019381000000000,70f07aed10870525630a30ec12cbb29f532ebf1c81a10750e48f204561e0e454
/content/drive/MyDrive/AISC DeepFake Çalışmaları/Deneyler/Kader/Deney 1/Göz/eye_roi_output/fake/train/combined/fake_train/fake_train_00699__face_00.jpg,4797,1786019381000000000,cd2bd61735e1a219094b0040bd430efcc1298322f02b6658861cf3aa3a9a86a1
/content/drive/MyDrive/AISC DeepFake Çalışmaları/Deneyler/Kader/Deney 1/Göz/eye_roi_output/fake/train/combined/fake_train/fake_train_00700__face_00.jpg,4725,1786019382000000000,6672c3fcf268c30e832be177d90fba6b2cd9d11f51671adb334ee0c08dac7a9f
/content/drive/MyDrive/AISC DeepFake Çalışmaları/Deneyler/Kader/Deney 1/Göz/eye_roi_output/fake/train/combined/fake_train/fake_train_00701__face_00.jpg,6474,1786019383000000000,72b71338b0877b60ad2c38b2124b9528f92165e3309a597bb9478b244d51a2fe
/content/drive/MyDrive/AISC DeepFake Çalışmaları/Deneyler/Kader/Deney 1/Göz/eye_roi_output/fake/train/combined/fake_train/fake_train_00702__face_00.jpg,4300,1786019384000000000,34550f9dffc048349482ef9b367053fdf7bc5c1db132c3484102650007bfe49a
/content/drive/MyDrive/AISC DeepFake Çalışmaları/Deneyler/Kader/Deney 1/Göz/eye_roi_output/fake/train/combined/fake_train/fake_train_00703__face_00.jpg,4626,1786019384000000000,af1db651f9ca401b0d30099de1d567cbdf30a0b2c7fbc5f7fd698a38e79a7499
/content/drive/MyDrive/AISC DeepFake Çalışmaları/Deneyler/Kader/Deney 1/Göz/eye_roi_output/fake/train/combined/fake_train/fake_train_00703__face_01.jpg,4748,1786019384000000000,eab867027cfbce8684d9f492f5ade874d9e2455083295ac3ce156353d80b99bb
/content/drive/MyDrive/AISC DeepFake Çalışmaları/Deneyler/Kader/Deney 1/Göz/eye_roi_output/fake/train/combined/fake_train/fake_train_00704__face_00.jpg,5269,1786019385000000000,2c2da74be6d8f43b38b25b223270eaaeee4017bfb548e20060dbfcaf9bcf058b
/content/drive/MyDrive/AISC DeepFake Çalışmaları/Deneyler/Kader/Deney 1/Göz/eye_roi_output/fake/train/combined/fake_train/fake_train_00705__face_00.jpg,5341,1786019385000000000,0000d03639774f335c60cfe198bacd83d5031a6accc299a4d01d45efced48c2b
/content/drive/MyDrive/AISC DeepFake Çalışmaları/Deneyler/Kader/Deney 1/Göz/eye_roi_output/fake/train/combined/fake_train/fake_train_00705__face_01.jpg,5258,1786019385000000000,919198db7b7f4792808c4bbf8ad1e59960f29520d740d53a73363e038c299d61
/content/drive/MyDrive/AISC DeepFake Çalışmaları/Deneyler/Kader/Deney 1/Göz/eye_roi_output/fake/train/combined/fake_train/fake_train_00706__face_00.jpg,5090,1786019386000000000,825ee7e4a10d966979448ae73b952a0a5449f6723bae725c25d111827c780189
/content/drive/MyDrive/AISC DeepFake Çalışmaları/Deneyler/Kader/Deney 1/Göz/eye_roi_output/fake/train/combined/fake_train/fake_train_00707__face_00.jpg,5087,1786019386000000000,2099d65aef29ac44a5a85381e01c052655b86757b921be716d2729c4112d0991
/content/drive/MyDrive/AISC DeepFake Çalışmaları/Deneyler/Kader/Deney 1/Göz/eye_roi_output/fake/train/combined/fake_train/fake_train_00707__face_01.jpg,5141,1786019386000000000,fe7f0523a20e791f5864d88bf7112d5f35b6f3e6792d576c6746a98ea32ac61e
/content/drive/MyDrive/AISC DeepFake Çalışmaları/Deneyler/Kader/Deney 1/Göz/eye_roi_output/fake/train/combined/fake_train/fake_train_00708__face_00.jpg,5335,1786019386000000000,401329b53227723860c6cc605ee22e3b4015f49a50b472145ea4135ed1f46cc0
/content/drive/MyDrive/AISC DeepFake Çalışmaları/Deneyler/Kader/Deney 1/Göz/eye_roi_output/fake/train/combined/fake_train/fake_train_00709__face_00.jpg,5190,1786019387000000000,313935e58580c5e70cb7924a030d640426b42c179ebfc9764002fe9329b8b5a0
/content/drive/MyDrive/AISC DeepFake Çalışmaları/Deneyler/Kader/Deney 1/Göz/eye_roi_output/fake/train/combined/fake_train/fake_train_00710__face_00.jpg,4635,1786019387000000000,872eafde7da073902ecd44b7f7aeb51b3441c49ead24ff18a87424e7834cbb22
/content/drive/MyDrive/AISC DeepFake Çalışmaları/Deneyler/Kader/Deney 1/Göz/eye_roi_output/fake/train/combined/fake_train/fake_train_00711__face_00.jpg,4666,1786019388000000000,6e59f06e652d5ce726f6b6ea1b437d87610fabe132fe37e4cb6a698c07f34db9
/content/drive/MyDrive/AISC DeepFake Çalışmaları/Deneyler/Kader/Deney 1/Göz/eye_roi_output/fake/train/combined/fake_train/fake_train_00713__face_00.jpg,4495,1786019389000000000,3dafc5312d152cbab5bb7d8acf5a8a72d0d997ec69ebf80555c9fe339736b542
/content/drive/MyDrive/AISC DeepFake Çalışmaları/Deneyler/Kader/Deney 1/Göz/eye_roi_output/fake/train/combined/fake_train/fake_train_00714__face_00.jpg,4692,1786019389000000000,849acc18eb7ae8eb7843cf90b6681a523bef665096e54ea60fd3e833bb3002cb
/content/drive/MyDrive/AISC DeepFake Çalışmaları/Deneyler/Kader/Deney 1/Göz/eye_roi_output/fake/train/combined/fake_train/fake_train_00715__face_00.jpg,4975,1786019390000000000,92c69ea67359222bf1cb4bff81674224a02b4504c88ea46fa974477b41290a41
/content/drive/MyDrive/AISC DeepFake Çalışmaları/Deneyler/Kader/Deney 1/Göz/eye_roi_output/fake/train/combined/fake_train/fake_train_00716__face_00.jpg,5110,1786019390000000000,8dcfcda7aac4f816a7bd168c383362f0826eb6d24656ef6cb728ab03167d624d
/content/drive/MyDrive/AISC DeepFake Çalışmaları/Deneyler/Kader/Deney 1/Göz/eye_roi_output/fake/train/combined/fake_train/fake_train_00717__face_00.jpg,6139,1786019391000000000,058a75152009bb564cd46d1dd1e89d57a7f838dd3cf2bed3a5638ac470421434
/content/drive/MyDrive/AISC DeepFake Çalışmaları/Deneyler/Kader/Deney 1/Göz/eye_roi_output/fake/train/combined/fake_train/fake_train_00718__face_00.jpg,4206,1786019391000000000,3394bde346cfc40989ad4cb1f4c5ef441736b32d99a99338130799880f68a3a2
/content/drive/MyDrive/AISC DeepFake Çalışmaları/Deneyler/Kader/Deney 1/Göz/eye_roi_output/fake/train/combined/fake_train/fake_train_00719__face_00.jpg,4921,1786019392000000000,6ff64fd8f081def48283728766538bebb4b9d05391eabf89db1fbbbe92b43e52
/content/drive/MyDrive/AISC DeepFake Çalışmaları/Deneyler/Kader/Deney 1/Göz/eye_roi_output/fake/train/combined/fake_train/fake_train_00721__face_00.jpg,5440,1786019393000000000,f845b59101baedfb1c6fda598ff0335ef12d786563fd14905f189e8195ad9e67
/content/drive/MyDrive/AISC DeepFake Çalışmaları/Deneyler/Kader/Deney 1/Göz/eye_roi_output/fake/train/combined/fake_train/fake_train_00722__face_00.jpg,4574,1786019394000000000,72c05b0a5c0ac3a74d9beec77f2bdce9c39e6e7514ef78a1c66bd5627f3f1478
/content/drive/MyDrive/AISC DeepFake Çalışmaları/Deneyler/Kader/Deney 1/Göz/eye_roi_output/fake/train/combined/fake_train/fake_train_00723__face_00.jpg,5418,1786019394000000000,0ee0ccfe502b11ad178643404d90b56dde64acdd57253936ca75b8382c7da5c8
/content/drive/MyDrive/AISC DeepFake Çalışmaları/Deneyler/Kader/Deney 1/Göz/eye_roi_output/fake/train/combined/fake_train/fake_train_00724__face_00.jpg,4973,1786019395000000000,bccab893e9693812cfece8fc73214e95afca8921a15ce8cadbcc93d001da5978
/content/drive/MyDrive/AISC DeepFake Çalışmaları/Deneyler/Kader/Deney 1/Göz/eye_roi_output/fake/train/combined/fake_train/fake_train_00725__face_00.jpg,6410,1786019396000000000,591eb7e11cdd15a870def7170518a1bc39cc5fb3c47e3373c89d888d61a75799
/content/drive/MyDrive/AISC DeepFake Çalışmaları/Deneyler/Kader/Deney 1/Göz/eye_roi_output/fake/train/combined/fake_train/fake_train_00726__face_00.jpg,4561,1786019396000000000,88468da37457ac540850e423c4cfeb7797eaad82616ad28ef2569e5fa579e35a
/content/drive/MyDrive/AISC DeepFake Çalışmaları/Deneyler/Kader/Deney 1/Göz/eye_roi_output/fake/train/combined/fake_train/fake_train_00727__face_00.jpg,5168,1786019397000000000,f04944218c6e4921a98b6fcedfb41d12c8c44da4ee2918343f264e5462f8c07d
/content/drive/MyDrive/AISC DeepFake Çalışmaları/Deneyler/Kader/Deney 1/Göz/eye_roi_output/fake/train/combined/fake_train/fake_train_00728__face_00.jpg,5217,1786019397000000000,7d21fcc160bd8e928c7b12998b339971cc7cedc0ecbfac03b97bb50edfb39a38
/content/drive/MyDrive/AISC DeepFake Çalışmaları/Deneyler/Kader/Deney 1/Göz/eye_roi_output/fake/train/combined/fake_train/fake_train_00729__face_00.jpg,5165,1786019397000000000,d70a7e416ea1e5926454e454a13d543868046e010a64a71ecea3927d9d9bee17
/content/drive/MyDrive/AISC DeepFake Çalışmaları/Deneyler/Kader/Deney 1/Göz/eye_roi_output/fake/train/combined/fake_train/fake_train_00730__face_00.jpg,4689,1786019398000000000,e5fa4cbb7aff4401dd20a590678902c0b231471f7b9e1db9a68203e35ee0a2d1
/content/drive/MyDrive/AISC DeepFake Çalışmaları/Deneyler/Kader/Deney 1/Göz/eye_roi_output/fake/train/combined/fake_train/fake_train_00731__face_00.jpg,5940,1786019398000000000,5d4d2f423028e7b1322abee439aa5e3cd0dce7231c04aef2f6d0cd21f06896cb
/content/drive/MyDrive/AISC DeepFake Çalışmaları/Deneyler/Kader/Deney 1/Göz/eye_roi_output/fake/train/combined/fake_train/fake_train_00732__face_00.jpg,4840,1786019399000000000,04895ef724198b8ad94ddb9fe96f06bac956b6ad4513e73c0190fcc2d307f0ee
/content/drive/MyDrive/AISC DeepFake Çalışmaları/Deneyler/Kader/Deney 1/Göz/eye_roi_output/fake/train/combined/fake_train/fake_train_00733__face_00.jpg,5106,1786019399000000000,39a6eeb8a6fd833db990570f214c9eccaa9122e076a904158858c989f2e2b264
/content/drive/MyDrive/AISC DeepFake Çalışmaları/Deneyler/Kader/Deney 1/Göz/eye_roi_output/fake/train/combined/fake_train/fake_train_00734__face_00.jpg,6294,1786019400000000000,2795bec8979b16bf719ae8b1841e8d869a22354c101152671f00b2abceef67ca
/content/drive/MyDrive/AISC DeepFake Çalışmaları/Deneyler/Kader/Deney 1/Göz/eye_roi_output/fake/train/combined/fake_train/fake_train_00735__face_00.jpg,5187,1786019400000000000,2c753c58bef1d9a3c9da6f8998c422d913ba0d044e91c090dc9b658254746efd
/content/drive/MyDrive/AISC DeepFake Çalışmaları/Deneyler/Kader/Deney 1/Göz/eye_roi_output/fake/train/combined/fake_train/fake_train_00736__face_00.jpg,5278,1786019401000000000,7c3b0400dfd12bb28a95ee512261fcec11d8cecb0f121b5f43716f44aba03fbe
/content/drive/MyDrive/AISC DeepFake Çalışmaları/Deneyler/Kader/Deney 1/Göz/eye_roi_output/fake/train/combined/fake_train/fake_train_00737__face_00.jpg,5490,1786019401000000000,8cf5edeee7b2e0c171d7e7bc636c25e1e4d4042ecd3b82b99f0e26116817dc7f
/content/drive/MyDrive/AISC DeepFake Çalışmaları/Deneyler/Kader/Deney 1/Göz/eye_roi_output/fake/train/combined/fake_train/fake_train_00738__face_00.jpg,4544,1786019401000000000,a9d5958d89e56f29f31fa524cd05ca87c4df1cf218f2c773de2f0d7455f72cc3
/content/drive/MyDrive/AISC DeepFake Çalışmaları/Deneyler/Kader/Deney 1/Göz/eye_roi_output/fake/train/combined/fake_train/fake_train_00739__face_00.jpg,4512,1786019402000000000,3391faa0b79aad31410a1abe3d24048d38917fc7c8763a4fb668fd39b49dbc35
/content/drive/MyDrive/AISC DeepFake Çalışmaları/Deneyler/Kader/Deney 1/Göz/eye_roi_output/fake/train/combined/fake_train/fake_train_00740__face_00.jpg,5239,1786019402000000000,58260aac6317efc09f463b437b35173c578f4412069f39e76f8c7f1ad2e394e9
/content/drive/MyDrive/AISC DeepFake Çalışmaları/Deneyler/Kader/Deney 1/Göz/eye_roi_output/fake/train/combined/fake_train/fake_train_00741__face_00.jpg,5144,1786019403000000000,a3fbedf90d21f9c54231336f24dd59da2d627817a3d5aa1a037334c2c4a1ab9b
/content/drive/MyDrive/AISC DeepFake Çalışmaları/Deneyler/Kader/Deney 1/Göz/eye_roi_output/fake/train/combined/fake_train/fake_train_00742__face_00.jpg,5729,1786019403000000000,ff5e494a24ca94e122b2d01cf431d23945f80bd3654bba9e6ff601ce74cdec63
/content/drive/MyDrive/AISC DeepFake Çalışmaları/Deneyler/Kader/Deney 1/Göz/eye_roi_output/fake/train/combined/fake_train/fake_train_00743__face_00.jpg,5094,1786019403000000000,3907f777001d1f8b7a461b5d5b9e685c27ed2508053892fa8b1df89f4e7b269c
/content/drive/MyDrive/AISC DeepFake Çalışmaları/Deneyler/Kader/Deney 1/Göz/eye_roi_output/fake/train/combined/fake_train/fake_train_00744__face_00.jpg,5690,1786019404000000000,ddf6061cf3db82c9c97d2e439e09c7d7b9348eec8981faf1385dc2a1dcb2f5fc
/content/drive/MyDrive/AISC DeepFake Çalışmaları/Deneyler/Kader/Deney 1/Göz/eye_roi_output/fake/train/combined/fake_train/fake_train_00745__face_00.jpg,5726,1786019405000000000,e3dc298c054e902303fbc2feb58aab199c4a788145f744b039fbedc5f76d8e97
/content/drive/MyDrive/AISC DeepFake Çalışmaları/Deneyler/Kader/Deney 1/Göz/eye_roi_output/fake/train/combined/fake_train/fake_train_00747__face_00.jpg,5296,1786019405000000000,5c86f03f780e2409fc9664e41296618e9e3473e3cb4cb1bbf6b73b531db8449e
/content/drive/MyDrive/AISC DeepFake Çalışmaları/Deneyler/Kader/Deney 1/Göz/eye_roi_output/fake/train/combined/fake_train/fake_train_00747__face_01.jpg,5544,1786019406000000000,548cb1f40e353a98f5591239944aa2015e69705bde9e48189aea77e251ffe6a8
/content/drive/MyDrive/AISC DeepFake Çalışmaları/Deneyler/Kader/Deney 1/Göz/eye_roi_output/fake/train/combined/fake_train/fake_train_00748__face_00.jpg,4872,1786019406000000000,b7efb9211ce2b1f21c894e4deb3ac73f8a764c5abf2939ae4c89c46ce8ad0731
/content/drive/MyDrive/AISC DeepFake Çalışmaları/Deneyler/Kader/Deney 1/Göz/eye_roi_output/fake/train/combined/fake_train/fake_train_00749__face_00.jpg,5435,1786019406000000000,deacb996146e8d074488a37b63927c99a4d4c11b0022d7c5d5f80dab22149eb6
/content/drive/MyDrive/AISC DeepFake Çalışmaları/Deneyler/Kader/Deney 1/Göz/eye_roi_output/fake/train/combined/fake_train/fake_train_00750__face_00.jpg,5598,1786019407000000000,388007b3820dd92452b8db08ef2162f8218f8e2da16cf07fb290ef7d1d7e7850
/content/drive/MyDrive/AISC DeepFake Çalışmaları/Deneyler/Kader/Deney 1/Göz/eye_roi_output/fake/train/combined/fake_train/fake_train_00751__face_00.jpg,4002,1786019407000000000,ecb29dad469588b69ea794cf9f596263cf4e3279a6773c2ece63661fe590e0f5
/content/drive/MyDrive/AISC DeepFake Çalışmaları/Deneyler/Kader/Deney 1/Göz/eye_roi_output/fake/train/combined/fake_train/fake_train_00752__face_00.jpg,4910,1786019408000000000,e220e92c17b1fe785a682e883a58d33345e73766b36908370caba25cf3d4ad8a
/content/drive/MyDrive/AISC DeepFake Çalışmaları/Deneyler/Kader/Deney 1/Göz/eye_roi_output/fake/train/combined/fake_train/fake_train_00753__face_00.jpg,4471,1786019408000000000,8c426c22beceaabb6e1ee236f4be7c270ce0136d8bf3c7e4587b084bbbe98284
/content/drive/MyDrive/AISC DeepFake Çalışmaları/Deneyler/Kader/Deney 1/Göz/eye_roi_output/fake/train/combined/fake_train/fake_train_00754__face_00.jpg,5076,1786019409000000000,1b178a093335f158b83da4f7405ca1131c92e8043bb1e9dade0cbb457047a787
/content/drive/MyDrive/AISC DeepFake Çalışmaları/Deneyler/Kader/Deney 1/Göz/eye_roi_output/fake/train/combined/fake_train/fake_train_00755__face_00.jpg,5024,1786019410000000000,fb500af34ea68aec299f0336c6b776c27dad7d991b4cbd9b272d0fa4c09ba404
/content/drive/MyDrive/AISC DeepFake Çalışmaları/Deneyler/Kader/Deney 1/Göz/eye_roi_output/fake/train/combined/fake_train/fake_train_00756__face_00.jpg,4911,1786019410000000000,9730964858d17deca0cb93bc8eeb353f6f632da5430fe425d1d62a8818095986
/content/drive/MyDrive/AISC DeepFake Çalışmaları/Deneyler/Kader/Deney 1/Göz/eye_roi_output/fake/train/combined/fake_train/fake_train_00757__face_00.jpg,4787,1786019411000000000,607bbe572e810d8432cde7c4904a060e0c0938689062483f7414787fb19986ce
/content/drive/MyDrive/AISC DeepFake Çalışmaları/Deneyler/Kader/Deney 1/Göz/eye_roi_output/fake/train/combined/fake_train/fake_train_00758__face_00.jpg,4347,1786019411000000000,d3329bd26e4372b666cbd41b26912f00a0cacd54e55acff86d6d4de6e6f472dd
/content/drive/MyDrive/AISC DeepFake Çalışmaları/Deneyler/Kader/Deney 1/Göz/eye_roi_output/fake/train/combined/fake_train/fake_train_00759__face_00.jpg,4705,1786019412000000000,32bb78653328860fc4ae7b6259b42d8b0104bbe94e5d97fbaef38f25a21ec8d8
/content/drive/MyDrive/AISC DeepFake Çalışmaları/Deneyler/Kader/Deney 1/Göz/eye_roi_output/fake/train/combined/fake_train/fake_train_00760__face_00.jpg,4838,1786019412000000000,0a3babefda89615bdd2b507463f3acb4c95c3022aaae758758ad7d00490c2f0f
/content/drive/MyDrive/AISC DeepFake Çalışmaları/Deneyler/Kader/Deney 1/Göz/eye_roi_output/fake/train/combined/fake_train/fake_train_00761__face_00.jpg,4774,1786019412000000000,5383d013c44274b2fc4616d53b15277d8bb0903fe189093da8cf6c8c3956d93e
/content/drive/MyDrive/AISC DeepFake Çalışmaları/Deneyler/Kader/Deney 1/Göz/eye_roi_output/fake/train/combined/fake_train/fake_train_00762__face_00.jpg,5468,1786019413000000000,68dfaea91754c3b6e78639af4526ca11a6f6e4e6349b69de7faaa86d6e17d9cd
/content/drive/MyDrive/AISC DeepFake Çalışmaları/Deneyler/Kader/Deney 1/Göz/eye_roi_output/fake/train/combined/fake_train/fake_train_00763__face_00.jpg,5519,1786019413000000000,83d4f64c9f943ee91c7224dc26ffc0cf141006a8f4c77d22a4d07cf33aab8794
/content/drive/MyDrive/AISC DeepFake Çalışmaları/Deneyler/Kader/Deney 1/Göz/eye_roi_output/fake/train/combined/fake_train/fake_train_00764__face_00.jpg,4889,1786019414000000000,586b1d958d99fe7b9644df61dde2f3e469547d328b321ab7f1c959b5c85407d9
/content/drive/MyDrive/AISC DeepFake Çalışmaları/Deneyler/Kader/Deney 1/Göz/eye_roi_output/fake/train/combined/fake_train/fake_train_00766__face_00.jpg,4823,1786019414000000000,b205ff8bcb6b13d505e408ea3660ff3619bba6d693c578c41ac2e459752661a2
/content/drive/MyDrive/AISC DeepFake Çalışmaları/Deneyler/Kader/Deney 1/Göz/eye_roi_output/fake/train/combined/fake_train/fake_train_00767__face_00.jpg,5262,1786019415000000000,dae7f3d1d666fe88d285cc2ba58c651be485cc5c6fdc344acc5064979774adaa
/content/drive/MyDrive/AISC DeepFake Çalışmaları/Deneyler/Kader/Deney 1/Göz/eye_roi_output/fake/train/combined/fake_train/fake_train_00768__face_00.jpg,5347,1786019415000000000,94b1216cb32e2187c983c9355c8951539b5c87b29c5e8214e9de510fee2594e9
/content/drive/MyDrive/AISC DeepFake Çalışmaları/Deneyler/Kader/Deney 1/Göz/eye_roi_output/fake/train/combined/fake_train/fake_train_00770__face_00.jpg,6405,1786019417000000000,680022f307a31137c989e432e7cb381b353dddf110b90d1ae6a265e71bca4fd8
/content/drive/MyDrive/AISC DeepFake Çalışmaları/Deneyler/Kader/Deney 1/Göz/eye_roi_output/fake/train/combined/fake_train/fake_train_00771__face_00.jpg,5072,1786019417000000000,2789c5d01c73650cbf13724882bf71d12ec39f81300b48336257eb022717c4a8
/content/drive/MyDrive/AISC DeepFake Çalışmaları/Deneyler/Kader/Deney 1/Göz/eye_roi_output/fake/train/combined/fake_train/fake_train_00772__face_00.jpg,4344,1786019418000000000,a0a47a4f55cc3ff248e81ada0e781caab150debd6d995b59507773154a67471b
/content/drive/MyDrive/AISC DeepFake Çalışmaları/Deneyler/Kader/Deney 1/Göz/eye_roi_output/fake/train/combined/fake_train/fake_train_00773__face_00.jpg,4711,1786019418000000000,2ca633c99bb997e61bc08bfb50bde28d72780378031f7ed07bc79f7f89623e8f
/content/drive/MyDrive/AISC DeepFake Çalışmaları/Deneyler/Kader/Deney 1/Göz/eye_roi_output/fake/train/combined/fake_train/fake_train_00774__face_00.jpg,4832,1786019419000000000,0be97c4f74f3980795f56ff37ede0dca89f31c7618f7ef51ca4d304a9faed627
/content/drive/MyDrive/AISC DeepFake Çalışmaları/Deneyler/Kader/Deney 1/Göz/eye_roi_output/fake/train/combined/fake_train/fake_train_00775__face_00.jpg,4171,1786019419000000000,d7f7ab293fb7f8c10fd3a411f58ab02fbf808af1e3abfe2e42f8d2142971e09c
/content/drive/MyDrive/AISC DeepFake Çalışmaları/Deneyler/Kader/Deney 1/Göz/eye_roi_output/fake/train/combined/fake_train/fake_train_00776__face_00.jpg,4806,1786019419000000000,c18b54e39e569641cd0ce7857d5898693628405bbb0b9f65b7ef72047e14e04c
/content/drive/MyDrive/AISC DeepFake Çalışmaları/Deneyler/Kader/Deney 1/Göz/eye_roi_output/fake/train/combined/fake_train/fake_train_00777__face_00.jpg,5343,1786019420000000000,9327d5cb30e4da8d45a3de16e2f02770354e0fdef3c5377794cb031f6711337b
/content/drive/MyDrive/AISC DeepFake Çalışmaları/Deneyler/Kader/Deney 1/Göz/eye_roi_output/fake/train/combined/fake_train/fake_train_00778__face_00.jpg,5443,1786019420000000000,802bb18600da0c368787799b8d4ab2b2d9b2f5ac6bff703ea390e0671a6c7de0
/content/drive/MyDrive/AISC DeepFake Çalışmaları/Deneyler/Kader/Deney 1/Göz/eye_roi_output/fake/train/combined/fake_train/fake_train_00779__face_00.jpg,4606,1786019421000000000,b3a60076818c2d5ba0f5a4bc138e98abc687b33400d12c11505985aea89f5907
/content/drive/MyDrive/AISC DeepFake Çalışmaları/Deneyler/Kader/Deney 1/Göz/eye_roi_output/fake/train/combined/fake_train/fake_train_00779__face_01.jpg,4828,1786019421000000000,754bab74023a72f84cb95b88ca6e68d02e415d2ffd9a5249940977434979f9ce
/content/drive/MyDrive/AISC DeepFake Çalışmaları/Deneyler/Kader/Deney 1/Göz/eye_roi_output/fake/train/combined/fake_train/fake_train_00780__face_00.jpg,4511,1786019421000000000,575c709e361a59171febaf660c05d3cbd11e8b5a84232492a660c48a2ba869f3
/content/drive/MyDrive/AISC DeepFake Çalışmaları/Deneyler/Kader/Deney 1/Göz/eye_roi_output/fake/train/combined/fake_train/fake_train_00781__face_00.jpg,4631,1786019422000000000,fc1b8f0c2b87e42366b5a3142ffa7792970ff5fc5c8762e0c64342c4e38feb79
/content/drive/MyDrive/AISC DeepFake Çalışmaları/Deneyler/Kader/Deney 1/Göz/eye_roi_output/fake/train/combined/fake_train/fake_train_00782__face_00.jpg,6030,1786019422000000000,50dbb5a130fd212bd0b5620e0f57dced3fbabe435f18135f1cf92f822ed9945c
/content/drive/MyDrive/AISC DeepFake Çalışmaları/Deneyler/Kader/Deney 1/Göz/eye_roi_output/fake/train/combined/fake_train/fake_train_00783__face_00.jpg,5167,1786019423000000000,691a5f6e9bc29b01dedcf924628ba529ec4d489cd9887a7cd7be6b7d3439f5f5
/content/drive/MyDrive/AISC DeepFake Çalışmaları/Deneyler/Kader/Deney 1/Göz/eye_roi_output/fake/train/combined/fake_train/fake_train_00783__face_01.jpg,6620,1786019423000000000,776ef1801998a79dc267fec694ff586ae7bb98ecce059791a266b0540cb853ca
/content/drive/MyDrive/AISC DeepFake Çalışmaları/Deneyler/Kader/Deney 1/Göz/eye_roi_output/fake/train/combined/fake_train/fake_train_00784__face_00.jpg,4913,1786019423000000000,0a9fdaf233acd7156f022dbb8e4ba570b6ac740b7a2b0e18d0afa123a5974877
/content/drive/MyDrive/AISC DeepFake Çalışmaları/Deneyler/Kader/Deney 1/Göz/eye_roi_output/fake/train/combined/fake_train/fake_train_00785__face_00.jpg,5122,1786019424000000000,22e7b1c3ddc76d34620e30ff37133e377e2e5d65f1bdaafe389e4b10d85c48ad
/content/drive/MyDrive/AISC DeepFake Çalışmaları/Deneyler/Kader/Deney 1/Göz/eye_roi_output/fake/train/combined/fake_train/fake_train_00786__face_00.jpg,5297,1786019424000000000,3a278a99cd81c82e0dfc224b8330ad3a87ffe91a4ae26fcb45bac89b728103c5
/content/drive/MyDrive/AISC DeepFake Çalışmaları/Deneyler/Kader/Deney 1/Göz/eye_roi_output/fake/train/combined/fake_train/fake_train_00787__face_00.jpg,4680,1786019424000000000,dd28801f1fc5a0852fb4c9804c2c47b572926ef90cc7f62533a8fdc48cbd41cf
/content/drive/MyDrive/AISC DeepFake Çalışmaları/Deneyler/Kader/Deney 1/Göz/eye_roi_output/fake/train/combined/fake_train/fake_train_00788__face_00.jpg,6164,1786019425000000000,1c7bf17cff2bbc0c5deb3918486d052e171ffad17ddd5369454abdd1eaa58445
/content/drive/MyDrive/AISC DeepFake Çalışmaları/Deneyler/Kader/Deney 1/Göz/eye_roi_output/fake/train/combined/fake_train/fake_train_00789__face_00.jpg,4506,1786019426000000000,95c1a532540f772374f68d347ce2e78e9dc10fb6cea71c242ac21eddc5ec19cd
/content/drive/MyDrive/AISC DeepFake Çalışmaları/Deneyler/Kader/Deney 1/Göz/eye_roi_output/fake/train/combined/fake_train/fake_train_00789__face_01.jpg,4991,1786019426000000000,2d6ad4ed3f9cd7c24becb4c42afad9c36ac09455c8aff88795d01e6833c37459
/content/drive/MyDrive/AISC DeepFake Çalışmaları/Deneyler/Kader/Deney 1/Göz/eye_roi_output/fake/train/combined/fake_train/fake_train_00790__face_00.jpg,5100,1786019426000000000,6cac4613fe40c3c53a7a49660a9697bee03ab78d41666973eb8ee6bb16584197
/content/drive/MyDrive/AISC DeepFake Çalışmaları/Deneyler/Kader/Deney 1/Göz/eye_roi_output/fake/train/combined/fake_train/fake_train_00791__face_00.jpg,5287,1786019427000000000,2519f454960519c773205b33e898563dacaae37cb5cb62dd164b125bf59a9b1c
/content/drive/MyDrive/AISC DeepFake Çalışmaları/Deneyler/Kader/Deney 1/Göz/eye_roi_output/fake/train/combined/fake_train/fake_train_00792__face_00.jpg,5044,1786019428000000000,d1594df7af3b889692fec131bd50ba6c4dc2644e71497149b1b4f7e5ca90b04e
/content/drive/MyDrive/AISC DeepFake Çalışmaları/Deneyler/Kader/Deney 1/Göz/eye_roi_output/fake/train/combined/fake_train/fake_train_00793__face_00.jpg,5258,1786019429000000000,0b536859f4773524e4b1dc4e78820797e1d7e386d20dd64e2d3b1660daa051ae
/content/drive/MyDrive/AISC DeepFake Çalışmaları/Deneyler/Kader/Deney 1/Göz/eye_roi_output/fake/train/combined/fake_train/fake_train_00794__face_00.jpg,5516,1786019429000000000,613d5948dd59f2f06cc79f2fb1403e7fd5c6fb8f10abfe0224449ab832c80f44
/content/drive/MyDrive/AISC DeepFake Çalışmaları/Deneyler/Kader/Deney 1/Göz/eye_roi_output/fake/train/combined/fake_train/fake_train_00795__face_00.jpg,5594,1786019430000000000,0201a6f1a31c5c4d8ffaffdb0e8af384a27f160220da3dc4afe5a5becfc89a5e
/content/drive/MyDrive/AISC DeepFake Çalışmaları/Deneyler/Kader/Deney 1/Göz/eye_roi_output/fake/train/combined/fake_train/fake_train_00796__face_00.jpg,5543,1786019430000000000,5d5c70149b688565da1470b325d761e01d5d5ac54030851d71242ffc1dd6cfef
/content/drive/MyDrive/AISC DeepFake Çalışmaları/Deneyler/Kader/Deney 1/Göz/eye_roi_output/fake/train/combined/fake_train/fake_train_00797__face_00.jpg,4847,1786019431000000000,a7628a8383853dbe5aa3bb90930389849a4e0374522cbfbd13691d31fea70553
/content/drive/MyDrive/AISC DeepFake Çalışmaları/Deneyler/Kader/Deney 1/Göz/eye_roi_output/fake/train/combined/fake_train/fake_train_00798__face_00.jpg,5629,1786019432000000000,0083ac55d69299fa22cce4273f0f942104f045f74402c699897a6f87dae61f62
/content/drive/MyDrive/AISC DeepFake Çalışmaları/Deneyler/Kader/Deney 1/Göz/eye_roi_output/fake/train/combined/fake_train/fake_train_00799__face_00.jpg,5050,1786019432000000000,a1178844ed3f945ad8ecb0480432d9824b17c6ca9fd2bc69ab3c764de1c70c66
/content/drive/MyDrive/AISC DeepFake Çalışmaları/Deneyler/Kader/Deney 1/Göz/eye_roi_output/fake/train/combined/fake_train/fake_train_00800__face_00.jpg,4953,1786019433000000000,881e6223b1f485ea3ab23caf99dd89402c076b9e38644024c15e5a5bd871de71
/content/drive/MyDrive/AISC DeepFake Çalışmaları/Deneyler/Kader/Deney 1/Göz/eye_roi_output/fake/train/combined/fake_train/fake_train_00801__face_00.jpg,5457,1786019433000000000,a0373dafa99c844c8aa1d0a8b2247646e30432d3853c3c6ab10b6126275d9773
/content/drive/MyDrive/AISC DeepFake Çalışmaları/Deneyler/Kader/Deney 1/Göz/eye_roi_output/fake/train/combined/fake_train/fake_train_00802__face_00.jpg,5465,1786019434000000000,cfb752c2722c17f4df60bd760a28ff7f2199c570e51af659318b6f8f83f31909
/content/drive/MyDrive/AISC DeepFake Çalışmaları/Deneyler/Kader/Deney 1/Göz/eye_roi_output/fake/train/combined/fake_train/fake_train_00804__face_00.jpg,4942,1786019434000000000,66d942a1984f8c0b0573f3e3e5e1deae49c91f0a993bca0402205cb3782961ad
/content/drive/MyDrive/AISC DeepFake Çalışmaları/Deneyler/Kader/Deney 1/Göz/eye_roi_output/fake/train/combined/fake_train/fake_train_00805__face_00.jpg,5578,1786019435000000000,d969559954c33b994207bfc5f2cc6781b53da54fdbe1119511839474f3e21aad
/content/drive/MyDrive/AISC DeepFake Çalışmaları/Deneyler/Kader/Deney 1/Göz/eye_roi_output/fake/train/combined/fake_train/fake_train_00806__face_00.jpg,4906,1786019435000000000,f8c61f9709c8ca2986223fe1e596a4963fca1cc994a5266716f92a029139f933
/content/drive/MyDrive/AISC DeepFake Çalışmaları/Deneyler/Kader/Deney 1/Göz/eye_roi_output/fake/train/combined/fake_train/fake_train_00807__face_00.jpg,5430,1786019435000000000,b588474a7d53d02fcdb5c41af8095600faede99c1a18ac9386042f66e02b9eef
/content/drive/MyDrive/AISC DeepFake Çalışmaları/Deneyler/Kader/Deney 1/Göz/eye_roi_output/fake/train/combined/fake_train/fake_train_00808__face_00.jpg,4711,1786019436000000000,4add8e1f7e49934c49f28c4eec3609a321025200a76ceb4268bebf8c37f0a84a
/content/drive/MyDrive/AISC DeepFake Çalışmaları/Deneyler/Kader/Deney 1/Göz/eye_roi_output/fake/train/combined/fake_train/fake_train_00809__face_00.jpg,5316,1786019436000000000,13403bea013f941099b2523680677ed3798cfeb378cd1d98e4ebd5e42dca1b2b
/content/drive/MyDrive/AISC DeepFake Çalışmaları/Deneyler/Kader/Deney 1/Göz/eye_roi_output/fake/train/combined/fake_train/fake_train_00810__face_00.jpg,4661,1786019437000000000,779c982eccc90d764e8d40ea3cb3fbef4f013ac5e95d91e1dafb66e77418eec9
/content/drive/MyDrive/AISC DeepFake Çalışmaları/Deneyler/Kader/Deney 1/Göz/eye_roi_output/fake/train/combined/fake_train/fake_train_00811__face_00.jpg,4743,1786019438000000000,1a93d87c2bce64608757fc930969393fc7f99929ea036cbe4c951d4e505ef663
/content/drive/MyDrive/AISC DeepFake Çalışmaları/Deneyler/Kader/Deney 1/Göz/eye_roi_output/fake/train/combined/fake_train/fake_train_00812__face_00.jpg,4475,1786019438000000000,c6b8a26533cd8cf962c4827aee6aada4944e6e202b12fa941885cbefca8a0556
/content/drive/MyDrive/AISC DeepFake Çalışmaları/Deneyler/Kader/Deney 1/Göz/eye_roi_output/fake/train/combined/fake_train/fake_train_00813__face_00.jpg,4733,1786019439000000000,81139fbeceeefd06e1a95658ad879101527e1049addf08d67fe0fec0d1b039ac
/content/drive/MyDrive/AISC DeepFake Çalışmaları/Deneyler/Kader/Deney 1/Göz/eye_roi_output/fake/train/combined/fake_train/fake_train_00814__face_00.jpg,4458,1786019439000000000,700f35afedb912952452735443157276bde6dd928897d9ea3ff47ffff9ccb792
/content/drive/MyDrive/AISC DeepFake Çalışmaları/Deneyler/Kader/Deney 1/Göz/eye_roi_output/fake/train/combined/fake_train/fake_train_00815__face_00.jpg,5144,1786019439000000000,485b132be228f8bb240a1b41b9ef74f59c90e29c9319ece642e1a06ba21d13a9
/content/drive/MyDrive/AISC DeepFake Çalışmaları/Deneyler/Kader/Deney 1/Göz/eye_roi_output/fake/train/combined/fake_train/fake_train_00816__face_00.jpg,5507,1786019440000000000,a05e5e1c8f90ac88f7d5d3851141dda644ab302b652c346995cfcc8655699ac2
/content/drive/MyDrive/AISC DeepFake Çalışmaları/Deneyler/Kader/Deney 1/Göz/eye_roi_output/fake/train/combined/fake_train/fake_train_00817__face_00.jpg,4491,1786019440000000000,604e1752e088e0dbe3193af06d13676e8455d94dbed15a5006d0ad9809936050
/content/drive/MyDrive/AISC DeepFake Çalışmaları/Deneyler/Kader/Deney 1/Göz/eye_roi_output/fake/train/combined/fake_train/fake_train_00818__face_00.jpg,5743,1786019441000000000,bd6e396c4254c5c27662eccd41848f3c5d3e24ce039b6a030f07e86ec9d3d26d
/content/drive/MyDrive/AISC DeepFake Çalışmaları/Deneyler/Kader/Deney 1/Göz/eye_roi_output/fake/train/combined/fake_train/fake_train_00819__face_00.jpg,6973,1786019441000000000,c23cda8c6c63d56a62af20c0d8c2cf27d2137354e26cc12c68fc8f76db56616a
/content/drive/MyDrive/AISC DeepFake Çalışmaları/Deneyler/Kader/Deney 1/Göz/eye_roi_output/fake/train/combined/fake_train/fake_train_00820__face_00.jpg,5885,1786019442000000000,093dea5de82c9706ad2f2dee5ca22b70fd4ed2616c1a8dec061e7904393807f8
/content/drive/MyDrive/AISC DeepFake Çalışmaları/Deneyler/Kader/Deney 1/Göz/eye_roi_output/fake/train/combined/fake_train/fake_train_00821__face_00.jpg,6308,1786019443000000000,644c986f5e334a376919481471cd8fbcd1750e031d0b46ab93975b193189c5c4
/content/drive/MyDrive/AISC DeepFake Çalışmaları/Deneyler/Kader/Deney 1/Göz/eye_roi_output/fake/train/combined/fake_train/fake_train_00822__face_00.jpg,5467,1786019443000000000,66f4711b16ffb6ea8c87eaa331a7194e8b419f8b19f4cabb206621a115616142
/content/drive/MyDrive/AISC DeepFake Çalışmaları/Deneyler/Kader/Deney 1/Göz/eye_roi_output/fake/train/combined/fake_train/fake_train_00823__face_00.jpg,5610,1786019444000000000,25a91b3f6e8ab705d656f4fa81c41b75dab2b9a5357875b3477fedfef4df0bad
/content/drive/MyDrive/AISC DeepFake Çalışmaları/Deneyler/Kader/Deney 1/Göz/eye_roi_output/fake/train/combined/fake_train/fake_train_00824__face_00.jpg,5937,1786019445000000000,42fbfa06da421e0c938168c850124e6a3c2df8b9fb1c4bd2e94e0e8f5e6aed39
/content/drive/MyDrive/AISC DeepFake Çalışmaları/Deneyler/Kader/Deney 1/Göz/eye_roi_output/fake/train/combined/fake_train/fake_train_00825__face_00.jpg,4371,1786019445000000000,52372b4a5dcb2dd26e35a7f622006b3ac590b02f8762c040f7cd2f1987a780c8
/content/drive/MyDrive/AISC DeepFake Çalışmaları/Deneyler/Kader/Deney 1/Göz/eye_roi_output/fake/train/combined/fake_train/fake_train_00826__face_00.jpg,4997,1786019446000000000,89aa3bf7ff20e235f85bbf7bde09604ae851fe83cdf4d72050c47dece8be8249
/content/drive/MyDrive/AISC DeepFake Çalışmaları/Deneyler/Kader/Deney 1/Göz/eye_roi_output/fake/train/combined/fake_train/fake_train_00827__face_00.jpg,4401,1786019446000000000,b9c58d56fdd6129f8d5147a485df8e7b13c6d4a4c7e5e80d8ba6e426c841a19f
/content/drive/MyDrive/AISC DeepFake Çalışmaları/Deneyler/Kader/Deney 1/Göz/eye_roi_output/fake/train/combined/fake_train/fake_train_00828__face_00.jpg,5299,1786019447000000000,52ad8e7432e7d301c0d8932a8fae412026dc8b77e3ecfc1fb9c3ceeb4f71e9a4
/content/drive/MyDrive/AISC DeepFake Çalışmaları/Deneyler/Kader/Deney 1/Göz/eye_roi_output/fake/train/combined/fake_train/fake_train_00829__face_00.jpg,4571,1786019447000000000,8590c64fa1c1c7f0487b888141c1b4c67ce09d65a9585fccb442f8a13a970189
/content/drive/MyDrive/AISC DeepFake Çalışmaları/Deneyler/Kader/Deney 1/Göz/eye_roi_output/fake/train/combined/fake_train/fake_train_00830__face_00.jpg,4977,1786019447000000000,c6c32253636d4a921834f3f8990d4918c36ae3cc5eab6c2d5fd4bbcd6948d232
/content/drive/MyDrive/AISC DeepFake Çalışmaları/Deneyler/Kader/Deney 1/Göz/eye_roi_output/fake/train/combined/fake_train/fake_train_00831__face_00.jpg,3914,1786019448000000000,8e7843614f6652715fead274e6a9ab0fbb0e7bde428ed541c71c71b9877ed875
/content/drive/MyDrive/AISC DeepFake Çalışmaları/Deneyler/Kader/Deney 1/Göz/eye_roi_output/fake/train/combined/fake_train/fake_train_00832__face_00.jpg,5206,1786019448000000000,6ad6b8df18eaa28067742f650e2019c4fb2a6424eb89b04e3b52e0952486d644
/content/drive/MyDrive/AISC DeepFake Çalışmaları/Deneyler/Kader/Deney 1/Göz/eye_roi_output/fake/train/combined/fake_train/fake_train_00833__face_00.jpg,4230,1786019449000000000,0c24da7b465cd91f5e199524b12dce77232108e6cfe2f40102bfc3c822d25c57
/content/drive/MyDrive/AISC DeepFake Çalışmaları/Deneyler/Kader/Deney 1/Göz/eye_roi_output/fake/train/combined/fake_train/fake_train_00834__face_00.jpg,4711,1786019449000000000,c6c0ada4fca617ef1005ca3a159a2dfa711ab9e2ab47679743fc2a8442c03ce5
/content/drive/MyDrive/AISC DeepFake Çalışmaları/Deneyler/Kader/Deney 1/Göz/eye_roi_output/fake/train/combined/fake_train/fake_train_00835__face_00.jpg,6906,1786019450000000000,839a6d15f8cb15b0b6fff274b619e582e4011c6ccfa1e017cea01b6b7ff4f954
/content/drive/MyDrive/AISC DeepFake Çalışmaları/Deneyler/Kader/Deney 1/Göz/eye_roi_output/fake/train/combined/fake_train/fake_train_00836__face_00.jpg,4789,1786019450000000000,3709ebf0ab26a012013152c1b31431ea35a3355dea4b4ceac53ecd392869b690
/content/drive/MyDrive/AISC DeepFake Çalışmaları/Deneyler/Kader/Deney 1/Göz/eye_roi_output/fake/train/combined/fake_train/fake_train_00837__face_00.jpg,4883,1786019450000000000,bad46b174744b057b41a8d7d01e5550f74fe4280fe56af7522561493b0926955
/content/drive/MyDrive/AISC DeepFake Çalışmaları/Deneyler/Kader/Deney 1/Göz/eye_roi_output/fake/train/combined/fake_train/fake_train_00838__face_00.jpg,4406,1786019451000000000,5348f2c48e01526b51334fbfe8718f1d16f72ef81d65740fa03123cc8c22cb39
/content/drive/MyDrive/AISC DeepFake Çalışmaları/Deneyler/Kader/Deney 1/Göz/eye_roi_output/fake/train/combined/fake_train/fake_train_00839__face_00.jpg,4897,1786019451000000000,c474f87df17eefa443661481c7936399ca097a4e5934a97769d9f9a8804a03e4
/content/drive/MyDrive/AISC DeepFake Çalışmaları/Deneyler/Kader/Deney 1/Göz/eye_roi_output/fake/train/combined/fake_train/fake_train_00840__face_00.jpg,5886,1786019452000000000,50030574e4d1462b71989c5ed60f1edcf58b7648ab35f182c894621a09cd11a4
/content/drive/MyDrive/AISC DeepFake Çalışmaları/Deneyler/Kader/Deney 1/Göz/eye_roi_output/fake/train/combined/fake_train/fake_train_00841__face_00.jpg,5018,1786019452000000000,101420cc61fa9234dce0e2a5a54397db42632bd97d71099a0b1b19b2087095bd
/content/drive/MyDrive/AISC DeepFake Çalışmaları/Deneyler/Kader/Deney 1/Göz/eye_roi_output/fake/train/combined/fake_train/fake_train_00842__face_00.jpg,4801,1786019454000000000,4ce95a792397a2835fe2ec53f5978f6664304a66b178679d6232bba88b32e1a3
/content/drive/MyDrive/AISC DeepFake Çalışmaları/Deneyler/Kader/Deney 1/Göz/eye_roi_output/fake/train/combined/fake_train/fake_train_00843__face_00.jpg,5054,1786019454000000000,3f8319413e5edb343e92a67a7abc5c9b800428c9a3bbbbf0948789d453d845bd
/content/drive/MyDrive/AISC DeepFake Çalışmaları/Deneyler/Kader/Deney 1/Göz/eye_roi_output/fake/train/combined/fake_train/fake_train_00843__face_01.jpg,5540,1786019454000000000,af6c4f018de942913c81824a708b40bd5995d7d8be64a93dc8f3197b89e4f497
/content/drive/MyDrive/AISC DeepFake Çalışmaları/Deneyler/Kader/Deney 1/Göz/eye_roi_output/fake/train/combined/fake_train/fake_train_00844__face_00.jpg,4532,1786019455000000000,6ca797cf7ac11469f505470e22c4cfa3b518a3a42d0e41fe1a5637b5cd363da1
/content/drive/MyDrive/AISC DeepFake Çalışmaları/Deneyler/Kader/Deney 1/Göz/eye_roi_output/fake/train/combined/fake_train/fake_train_00845__face_00.jpg,5662,1786019456000000000,e495314df328e3cab4dc83f90b4d3aa5e61a0b1544a39f7c849ec213a9c905a5
/content/drive/MyDrive/AISC DeepFake Çalışmaları/Deneyler/Kader/Deney 1/Göz/eye_roi_output/fake/train/combined/fake_train/fake_train_00846__face_00.jpg,4944,1786019456000000000,88532e670dc60757ca035696ec8c347d08f02791548d892ec140808b53fcc594
/content/drive/MyDrive/AISC DeepFake Çalışmaları/Deneyler/Kader/Deney 1/Göz/eye_roi_output/fake/train/combined/fake_train/fake_train_00847__face_00.jpg,4850,1786019457000000000,413c7eceef42f3121335af709f832ec423050184bd19dd67fd41d9dfbb9d1a2a
/content/drive/MyDrive/AISC DeepFake Çalışmaları/Deneyler/Kader/Deney 1/Göz/eye_roi_output/fake/train/combined/fake_train/fake_train_00848__face_00.jpg,4961,1786019457000000000,f15101030388ed2365fcaff7ef80a69699179f210e94efa982cefc889a760cac
/content/drive/MyDrive/AISC DeepFake Çalışmaları/Deneyler/Kader/Deney 1/Göz/eye_roi_output/fake/train/combined/fake_train/fake_train_00850__face_00.jpg,5169,1786019458000000000,e2be39d1314ae8990785a12d8c3ec7f0d35ffe8104b9b8d1336f873cdb92d599
/content/drive/MyDrive/AISC DeepFake Çalışmaları/Deneyler/Kader/Deney 1/Göz/eye_roi_output/fake/train/combined/fake_train/fake_train_00852__face_00.jpg,5502,1786019459000000000,a1dad7760f712d47a8e38a323b9b4236c14351c02ac6643f8e5b1d81d4171bc4
/content/drive/MyDrive/AISC DeepFake Çalışmaları/Deneyler/Kader/Deney 1/Göz/eye_roi_output/fake/train/combined/fake_train/fake_train_00853__face_00.jpg,5502,1786019459000000000,bb2f51e1a30d9d4ff782ac5463ce64bdc1eb9275a70cf66f7e57d3571c86949e
/content/drive/MyDrive/AISC DeepFake Çalışmaları/Deneyler/Kader/Deney 1/Göz/eye_roi_output/fake/train/combined/fake_train/fake_train_00854__face_00.jpg,4519,1786019459000000000,d6455ee1777262a14cefaa1a60809d5c8a466b76bb58415088344518d43f8d71
/content/drive/MyDrive/AISC DeepFake Çalışmaları/Deneyler/Kader/Deney 1/Göz/eye_roi_output/fake/train/combined/fake_train/fake_train_00855__face_00.jpg,5688,1786019460000000000,cf5441dca40e248c1e74e42d4d9a85ea91253cd7abd09c47ffd75d95ad4bae31
/content/drive/MyDrive/AISC DeepFake Çalışmaları/Deneyler/Kader/Deney 1/Göz/eye_roi_output/fake/train/combined/fake_train/fake_train_00856__face_00.jpg,3970,1786019460000000000,9e327db30d12f84a3f78ff22e4ea4f7874beaf305a2db821e21c3b68ccbffaa4
/content/drive/MyDrive/AISC DeepFake Çalışmaları/Deneyler/Kader/Deney 1/Göz/eye_roi_output/fake/train/combined/fake_train/fake_train_00857__face_00.jpg,5365,1786019461000000000,ae43474dff31907c6a53c265cb37069232c51bd2f8f46ce2cc2738b3d780994d
/content/drive/MyDrive/AISC DeepFake Çalışmaları/Deneyler/Kader/Deney 1/Göz/eye_roi_output/fake/train/combined/fake_train/fake_train_00858__face_00.jpg,4526,1786019461000000000,896e5e32c228a87783c7a0fd5ac7e03140bd8e6cc64be0d4f46d9135bf37ddc8
/content/drive/MyDrive/AISC DeepFake Çalışmaları/Deneyler/Kader/Deney 1/Göz/eye_roi_output/fake/train/combined/fake_train/fake_train_00858__face_01.jpg,5941,1786019461000000000,8530fd6cff52b07af0ac3e8b093ade1d5cce3804d79a975621257902abbfccd7
/content/drive/MyDrive/AISC DeepFake Çalışmaları/Deneyler/Kader/Deney 1/Göz/eye_roi_output/fake/train/combined/fake_train/fake_train_00859__face_00.jpg,4852,1786019462000000000,e03ea4816ffb6eaa6d0abf5a9805b7adc8b2785ef5dec574d321a5cf95802cf0
/content/drive/MyDrive/AISC DeepFake Çalışmaları/Deneyler/Kader/Deney 1/Göz/eye_roi_output/fake/train/combined/fake_train/fake_train_00860__face_00.jpg,4844,1786019462000000000,2eda419d97c6e35ebca2245bca29545cf410a570832f91f6183ce8a8b9cb8acb
/content/drive/MyDrive/AISC DeepFake Çalışmaları/Deneyler/Kader/Deney 1/Göz/eye_roi_output/fake/train/combined/fake_train/fake_train_00861__face_00.jpg,4785,1786019463000000000,0f1e13c807a1a76f416a331e54d567fde91eeead917e565cbb1fdd58d32ef24d
/content/drive/MyDrive/AISC DeepFake Çalışmaları/Deneyler/Kader/Deney 1/Göz/eye_roi_output/fake/train/combined/fake_train/fake_train_00862__face_00.jpg,5078,1786019463000000000,27570459b2c9e19a2c0ba55ca0df1a36e3b42917856e05abe2673395ffd137b2
/content/drive/MyDrive/AISC DeepFake Çalışmaları/Deneyler/Kader/Deney 1/Göz/eye_roi_output/fake/train/combined/fake_train/fake_train_00863__face_00.jpg,5167,1786019463000000000,ad3c25b74ab20ac621ef5a97b555c2c39d1caca02e89a489ad8e98d83a638d88
/content/drive/MyDrive/AISC DeepFake Çalışmaları/Deneyler/Kader/Deney 1/Göz/eye_roi_output/fake/train/combined/fake_train/fake_train_00864__face_00.jpg,5584,1786019464000000000,e66164ede52c808d26b6fe675d2c3a8d6e7d2c182f7e946224bebc1350dc5937
/content/drive/MyDrive/AISC DeepFake Çalışmaları/Deneyler/Kader/Deney 1/Göz/eye_roi_output/fake/train/combined/fake_train/fake_train_00865__face_00.jpg,4558,1786019464000000000,86fd0f52e3d79ed5029c3cacdee79bed59de2a5aecbe1bc386ba4d75a149b9d3
/content/drive/MyDrive/AISC DeepFake Çalışmaları/Deneyler/Kader/Deney 1/Göz/eye_roi_output/fake/train/combined/fake_train/fake_train_00867__face_00.jpg,4413,1786019465000000000,33e29e9d8cc969dd01e046f21fa6ffa72da685e2876e29f78a9a4106db7be7a0
/content/drive/MyDrive/AISC DeepFake Çalışmaları/Deneyler/Kader/Deney 1/Göz/eye_roi_output/fake/train/combined/fake_train/fake_train_00868__face_00.jpg,4855,1786019466000000000,654771e5d6c248c07055edb9065dbbed49a2a3cac3d1c7f71af6e9516947d442
/content/drive/MyDrive/AISC DeepFake Çalışmaları/Deneyler/Kader/Deney 1/Göz/eye_roi_output/fake/train/combined/fake_train/fake_train_00869__face_00.jpg,5557,1786019466000000000,d6e2ee077ea3295daa677a83a8db303e0c270c138572d7da9123845c5ffee46d
/content/drive/MyDrive/AISC DeepFake Çalışmaları/Deneyler/Kader/Deney 1/Göz/eye_roi_output/fake/train/combined/fake_train/fake_train_00870__face_00.jpg,5060,1786019467000000000,d1c15eacbdb31a687fbd349ab11e81658d6e4617d528594da4664a59a39d5266
/content/drive/MyDrive/AISC DeepFake Çalışmaları/Deneyler/Kader/Deney 1/Göz/eye_roi_output/fake/train/combined/fake_train/fake_train_00871__face_00.jpg,4823,1786019467000000000,19b911694f73811c55c857344f06ee44d3f00f61f7c36e00157b8bca2f4a55d9
/content/drive/MyDrive/AISC DeepFake Çalışmaları/Deneyler/Kader/Deney 1/Göz/eye_roi_output/fake/train/combined/fake_train/fake_train_00872__face_00.jpg,5566,1786019468000000000,5de8afbe89d00c939544dc2e65979e26948b74581aecb52f913511a02861e40c
/content/drive/MyDrive/AISC DeepFake Çalışmaları/Deneyler/Kader/Deney 1/Göz/eye_roi_output/fake/train/combined/fake_train/fake_train_00873__face_00.jpg,4677,1786019469000000000,548a4864da5034583b9c1e2b65ace78b6cb6515eecc9b5e9a751ead6134bcb3d
/content/drive/MyDrive/AISC DeepFake Çalışmaları/Deneyler/Kader/Deney 1/Göz/eye_roi_output/fake/train/combined/fake_train/fake_train_00874__face_00.jpg,4880,1786019469000000000,3019bc28c788e93f791bf943f260db24580675ef69c34b938aeac57b37912fef
/content/drive/MyDrive/AISC DeepFake Çalışmaları/Deneyler/Kader/Deney 1/Göz/eye_roi_output/fake/train/combined/fake_train/fake_train_00875__face_00.jpg,4790,1786019470000000000,8ae03f087b81428238a767f7dd91dcd166c208305b443502c83a959a2a58bfe7
/content/drive/MyDrive/AISC DeepFake Çalışmaları/Deneyler/Kader/Deney 1/Göz/eye_roi_output/fake/train/combined/fake_train/fake_train_00876__face_00.jpg,5231,1786019470000000000,5528e8d61ae1175847a76df10d8dcf0acf4c65d77cf4a30f240a356dc53bc150
/content/drive/MyDrive/AISC DeepFake Çalışmaları/Deneyler/Kader/Deney 1/Göz/eye_roi_output/fake/train/combined/fake_train/fake_train_00877__face_00.jpg,4923,1786019470000000000,2be8511fe40a84eba0fe9a6c4ca504f6dce70732c59106d487626de66acacc79
/content/drive/MyDrive/AISC DeepFake Çalışmaları/Deneyler/Kader/Deney 1/Göz/eye_roi_output/fake/train/combined/fake_train/fake_train_00878__face_00.jpg,5575,1786019471000000000,9f15d11f77ade0cee9a9497e9c1ca2c82c787f6a0137b8d2112f8f24e30f8e89
/content/drive/MyDrive/AISC DeepFake Çalışmaları/Deneyler/Kader/Deney 1/Göz/eye_roi_output/fake/train/combined/fake_train/fake_train_00879__face_00.jpg,5035,1786019471000000000,b096616cd1f4f89d1a8da46ed0e84918e35b0afb2c750d290e230ddf23339595
/content/drive/MyDrive/AISC DeepFake Çalışmaları/Deneyler/Kader/Deney 1/Göz/eye_roi_output/fake/train/combined/fake_train/fake_train_00880__face_00.jpg,5006,1786019472000000000,7345f85d8522ba66d78aa8e7a7cbaf81ebbdcde6c933c052d58dafc96b080d6f
/content/drive/MyDrive/AISC DeepFake Çalışmaları/Deneyler/Kader/Deney 1/Göz/eye_roi_output/fake/train/combined/fake_train/fake_train_00881__face_00.jpg,5144,1786019472000000000,ea3c36eefde5c735f6770404d4cb2d9b53cc3a0ef9aec7efae7d6c7473f343f9
/content/drive/MyDrive/AISC DeepFake Çalışmaları/Deneyler/Kader/Deney 1/Göz/eye_roi_output/fake/train/combined/fake_train/fake_train_00882__face_00.jpg,4486,1786019473000000000,7b3860b9dc2851fabe3744e658ede7f96f2b6d5161b3d48ce6a1522c9f729ca3
/content/drive/MyDrive/AISC DeepFake Çalışmaları/Deneyler/Kader/Deney 1/Göz/eye_roi_output/fake/train/combined/fake_train/fake_train_00883__face_00.jpg,5040,1786019473000000000,8d93a7ba6ede62675ea738bd7b61381bc0f58620ff03b54708ed6d43f30eceb2
/content/drive/MyDrive/AISC DeepFake Çalışmaları/Deneyler/Kader/Deney 1/Göz/eye_roi_output/fake/train/combined/fake_train/fake_train_00884__face_00.jpg,5691,1786019473000000000,61700371507a99f281f3c9105e7386d6d4c3199c1371c3c7db7f32e8fcf23614
/content/drive/MyDrive/AISC DeepFake Çalışmaları/Deneyler/Kader/Deney 1/Göz/eye_roi_output/fake/train/combined/fake_train/fake_train_00885__face_00.jpg,4779,1786019474000000000,b8dcdb9c6e526bc30f8197829498936f6df894bf7ffc397b8c86d7424bd70c73
/content/drive/MyDrive/AISC DeepFake Çalışmaları/Deneyler/Kader/Deney 1/Göz/eye_roi_output/fake/train/combined/fake_train/fake_train_00886__face_00.jpg,4838,1786019474000000000,df06c040e6d3ff5916c0c254d80e1000625370fd1faf9f6d81d188f5d23e774c
/content/drive/MyDrive/AISC DeepFake Çalışmaları/Deneyler/Kader/Deney 1/Göz/eye_roi_output/fake/train/combined/fake_train/fake_train_00887__face_00.jpg,4111,1786019475000000000,28bb40fe2d7123ad950682db27b0509234e8539054cc38fcdc351470ec2ffcce
/content/drive/MyDrive/AISC DeepFake Çalışmaları/Deneyler/Kader/Deney 1/Göz/eye_roi_output/fake/train/combined/fake_train/fake_train_00887__face_01.jpg,4327,1786019475000000000,d0ed374261d5c6da5c23d81d87a9e20fba68c836a6880b2b7a678285c31d8a35
/content/drive/MyDrive/AISC DeepFake Çalışmaları/Deneyler/Kader/Deney 1/Göz/eye_roi_output/fake/train/combined/fake_train/fake_train_00888__face_00.jpg,5333,1786019475000000000,fafae1ec275b90aa17fcda5cbb3d21dab1ea3423357c763efe831f3ac59dc8f3
/content/drive/MyDrive/AISC DeepFake Çalışmaları/Deneyler/Kader/Deney 1/Göz/eye_roi_output/fake/train/combined/fake_train/fake_train_00888__face_01.jpg,3805,1786019475000000000,8b9ccca0c5b47b212aaaa43b0d67b7363241ed23c83e57bf5a5fb16f30c7ea6e
/content/drive/MyDrive/AISC DeepFake Çalışmaları/Deneyler/Kader/Deney 1/Göz/eye_roi_output/fake/train/combined/fake_train/fake_train_00889__face_00.jpg,4563,1786019476000000000,009af82d624e92c61fdd32c8132a0b771e0c96914cc7c721f2fd07d488ab17d6
/content/drive/MyDrive/AISC DeepFake Çalışmaları/Deneyler/Kader/Deney 1/Göz/eye_roi_output/fake/train/combined/fake_train/fake_train_00890__face_00.jpg,5033,1786019476000000000,614d603a01cad42114c82111d67641b13ddbe29da22a1df2f4a4228f2055a83f
/content/drive/MyDrive/AISC DeepFake Çalışmaları/Deneyler/Kader/Deney 1/Göz/eye_roi_output/fake/train/combined/fake_train/fake_train_00891__face_00.jpg,5235,1786019476000000000,4ea960c76ea242f47c6326ce8a48dd5c84b7d167dd82240bbcc0ba2257727377
/content/drive/MyDrive/AISC DeepFake Çalışmaları/Deneyler/Kader/Deney 1/Göz/eye_roi_output/fake/train/combined/fake_train/fake_train_00892__face_00.jpg,5389,1786019477000000000,2c4daad399860f64bcd1c612795bfc8d226230df21efeb46f56fa2c2a99a639f
/content/drive/MyDrive/AISC DeepFake Çalışmaları/Deneyler/Kader/Deney 1/Göz/eye_roi_output/fake/train/combined/fake_train/fake_train_00893__face_00.jpg,5372,1786019477000000000,5ff014004ffb7a730744d07d68ef1396b1113840eafd65deef601708ad322e94
/content/drive/MyDrive/AISC DeepFake Çalışmaları/Deneyler/Kader/Deney 1/Göz/eye_roi_output/fake/train/combined/fake_train/fake_train_00894__face_00.jpg,5666,1786019477000000000,e380d1636c925251992fd1f50121ea0a623de50e6e8c29c750c94a0b715ca2a5
/content/drive/MyDrive/AISC DeepFake Çalışmaları/Deneyler/Kader/Deney 1/Göz/eye_roi_output/fake/train/combined/fake_train/fake_train_00895__face_00.jpg,4929,1786019478000000000,c5f04824515998049b4da63b07b6fff85cc3be953764ed00a69534ba8c59304b
/content/drive/MyDrive/AISC DeepFake Çalışmaları/Deneyler/Kader/Deney 1/Göz/eye_roi_output/fake/train/combined/fake_train/fake_train_00896__face_00.jpg,4979,1786019479000000000,db7f0c871c49715980604bc16afc71a68f83a3df5eb5a418c052efdeb9883eb0
/content/drive/MyDrive/AISC DeepFake Çalışmaları/Deneyler/Kader/Deney 1/Göz/eye_roi_output/fake/train/combined/fake_train/fake_train_00897__face_00.jpg,4734,1786019479000000000,5cb3589f805968cd87aa1ca0f561b9cb6ca82530a3ceb1b1c04ebc0551cffb96
/content/drive/MyDrive/AISC DeepFake Çalışmaları/Deneyler/Kader/Deney 1/Göz/eye_roi_output/fake/train/combined/fake_train/fake_train_00898__face_00.jpg,5488,1786019480000000000,d64ae86a83b78983ad2d88691f468f8f6ff07006bd990138fd9a710129e856c5
/content/drive/MyDrive/AISC DeepFake Çalışmaları/Deneyler/Kader/Deney 1/Göz/eye_roi_output/fake/train/combined/fake_train/fake_train_00899__face_00.jpg,5899,1786019481000000000,cbee65ffc7bb8725bfc3af7106b3c01476257af1efb281b33ad2eef5c0b0d594
/content/drive/MyDrive/AISC DeepFake Çalışmaları/Deneyler/Kader/Deney 1/Göz/eye_roi_output/fake/train/combined/fake_train/fake_train_00900__face_00.jpg,5519,1786019481000000000,5bc00a2dbb91f76b10c52316589e1068bb852e52e64dcbb3cfb139ee4b9fb4ad
/content/drive/MyDrive/AISC DeepFake Çalışmaları/Deneyler/Kader/Deney 1/Göz/eye_roi_output/fake/train/combined/fake_train/fake_train_00901__face_00.jpg,5362,1786019482000000000,cd1c61adbb1e790819f29e826381b516b436592e77d9112e2461314acbd7a747
/content/drive/MyDrive/AISC DeepFake Çalışmaları/Deneyler/Kader/Deney 1/Göz/eye_roi_output/fake/train/combined/fake_train/fake_train_00901__face_01.jpg,5793,1786019482000000000,15ee4949194e6cd3726d581def9cc3ca619eddccca1c8b644e896280cbc2b74d
/content/drive/MyDrive/AISC DeepFake Çalışmaları/Deneyler/Kader/Deney 1/Göz/eye_roi_output/fake/train/combined/fake_train/fake_train_00902__face_00.jpg,5647,1786019483000000000,f9734b12e3b1d0ebcde3e7fa0580f2dcb873d697dd816b4158e1da2035b8a27d
/content/drive/MyDrive/AISC DeepFake Çalışmaları/Deneyler/Kader/Deney 1/Göz/eye_roi_output/fake/train/combined/fake_train/fake_train_00902__face_01.jpg,5794,1786019483000000000,a995319a4df8ca624c41f62397046e0baf67b7118661d29ba62caf2ed7ba8b0c
/content/drive/MyDrive/AISC DeepFake Çalışmaları/Deneyler/Kader/Deney 1/Göz/eye_roi_output/fake/train/combined/fake_train/fake_train_00903__face_00.jpg,4948,1786019483000000000,7fee9131b57a0e00c91613ed0567c43bb46a8c20c69a448bac5d5f36b70a7c42
/content/drive/MyDrive/AISC DeepFake Çalışmaları/Deneyler/Kader/Deney 1/Göz/eye_roi_output/fake/train/combined/fake_train/fake_train_00904__face_00.jpg,5095,1786019484000000000,1e79eab684df4b81a6fbec2b8ee39ff8f4ca81758016bd28a2db06872eb9c2c1
/content/drive/MyDrive/AISC DeepFake Çalışmaları/Deneyler/Kader/Deney 1/Göz/eye_roi_output/fake/train/combined/fake_train/fake_train_00905__face_00.jpg,5823,1786019484000000000,2261310a1f674398fd23f1b5313d6a2d5f4ba275f3876b35c06b5c2743a3b968
/content/drive/MyDrive/AISC DeepFake Çalışmaları/Deneyler/Kader/Deney 1/Göz/eye_roi_output/fake/train/combined/fake_train/fake_train_00906__face_00.jpg,5605,1786019484000000000,5feefbd55612f1af03ab845b45360a31b1c7187740b24df62f22236cbb3ea9fa
/content/drive/MyDrive/AISC DeepFake Çalışmaları/Deneyler/Kader/Deney 1/Göz/eye_roi_output/fake/train/combined/fake_train/fake_train_00907__face_00.jpg,4777,1786019485000000000,6ffa64ba830c4673191bca2d06d7199050adfd8699357a02a0e5522f98bf3366
/content/drive/MyDrive/AISC DeepFake Çalışmaları/Deneyler/Kader/Deney 1/Göz/eye_roi_output/fake/train/combined/fake_train/fake_train_00908__face_00.jpg,5227,1786019486000000000,70ac0ce7caa12cc5f81da48f8be3fa5bc0e34e04af92fe93822334912849b6da
/content/drive/MyDrive/AISC DeepFake Çalışmaları/Deneyler/Kader/Deney 1/Göz/eye_roi_output/fake/train/combined/fake_train/fake_train_00909__face_00.jpg,4548,1786019487000000000,75f6d23bbcaa208c974be7db40831dc469a77bd96efdce4f7c3d3b5b2b587f2a
/content/drive/MyDrive/AISC DeepFake Çalışmaları/Deneyler/Kader/Deney 1/Göz/eye_roi_output/fake/train/combined/fake_train/fake_train_00910__face_00.jpg,5440,1786019487000000000,69b947082e976810e46be13e8d8b5063a6694d196c77449ab827f760113f933d
/content/drive/MyDrive/AISC DeepFake Çalışmaları/Deneyler/Kader/Deney 1/Göz/eye_roi_output/fake/train/combined/fake_train/fake_train_00911__face_00.jpg,6508,1786019487000000000,74377f46ef62365b062361cb8efa9d29b62440c0f810f92e582e2bf781cc2dbf
/content/drive/MyDrive/AISC DeepFake Çalışmaları/Deneyler/Kader/Deney 1/Göz/eye_roi_output/fake/train/combined/fake_train/fake_train_00912__face_00.jpg,4852,1786019488000000000,1699ec83d741f621a0be614e67a290ce0121988e94e050493f5e4435721f8b5f
/content/drive/MyDrive/AISC DeepFake Çalışmaları/Deneyler/Kader/Deney 1/Göz/eye_roi_output/fake/train/combined/fake_train/fake_train_00914__face_00.jpg,5394,1786019489000000000,7f803253289756788fc4941314e1643d24d92db687e9f1731ca32d64af981d6a
/content/drive/MyDrive/AISC DeepFake Çalışmaları/Deneyler/Kader/Deney 1/Göz/eye_roi_output/fake/train/combined/fake_train/fake_train_00915__face_00.jpg,4903,1786019489000000000,ba17fd0c53422599f99bf1b95ae3322dbc0539f9f6fea6b4d63c6c2d1c51206b
/content/drive/MyDrive/AISC DeepFake Çalışmaları/Deneyler/Kader/Deney 1/Göz/eye_roi_output/fake/train/combined/fake_train/fake_train_00916__face_00.jpg,5489,1786019489000000000,40063dbaafe9145f5fa81d816953a761a0a8752b0bf60747efce253697fff1aa
/content/drive/MyDrive/AISC DeepFake Çalışmaları/Deneyler/Kader/Deney 1/Göz/eye_roi_output/fake/train/combined/fake_train/fake_train_00917__face_00.jpg,4592,1786019490000000000,ef226402ae07dc15146595af9640b6a0126b84857a38a1f8475a81467b2f7666
/content/drive/MyDrive/AISC DeepFake Çalışmaları/Deneyler/Kader/Deney 1/Göz/eye_roi_output/fake/train/combined/fake_train/fake_train_00918__face_00.jpg,4814,1786019490000000000,371a834c8b34bf8bd67abb14473c302f14ccd35e1d217ab20c63bdfe58b41720
/content/drive/MyDrive/AISC DeepFake Çalışmaları/Deneyler/Kader/Deney 1/Göz/eye_roi_output/fake/train/combined/fake_train/fake_train_00919__face_00.jpg,4800,1786019491000000000,4a36b4fdb121bc22a06ee96bdb3b9adc9b71572a893684f3adcf99f3ba6289bf
/content/drive/MyDrive/AISC DeepFake Çalışmaları/Deneyler/Kader/Deney 1/Göz/eye_roi_output/fake/train/combined/fake_train/fake_train_00920__face_00.jpg,5102,1786019492000000000,de84d60a37b9e6f7b75c8b4105416e9a119ad13713de0b78ed8deaf5a9bb9e3d
/content/drive/MyDrive/AISC DeepFake Çalışmaları/Deneyler/Kader/Deney 1/Göz/eye_roi_output/fake/train/combined/fake_train/fake_train_00921__face_00.jpg,4675,1786019492000000000,ba4734c09e3737a32c92539fa5e54516e84106e0716724994c862d7eaac3fd88
/content/drive/MyDrive/AISC DeepFake Çalışmaları/Deneyler/Kader/Deney 1/Göz/eye_roi_output/fake/train/combined/fake_train/fake_train_00922__face_00.jpg,4961,1786019493000000000,f91bdbfb30664850c0c235f10555130d95fdfd67551d35fa34fd114c3cec6495
/content/drive/MyDrive/AISC DeepFake Çalışmaları/Deneyler/Kader/Deney 1/Göz/eye_roi_output/fake/train/combined/fake_train/fake_train_00923__face_00.jpg,5118,1786019493000000000,65967e3485425f9800067b272f2086cdf1abe972f3c8ae64c1a49115c8dcabf6
/content/drive/MyDrive/AISC DeepFake Çalışmaları/Deneyler/Kader/Deney 1/Göz/eye_roi_output/fake/train/combined/fake_train/fake_train_00924__face_00.jpg,6335,1786019494000000000,f60f4a2fd7137699714fc3589f4ee6e3fcdc0d0690d23ba7d3ae807f639122a6
/content/drive/MyDrive/AISC DeepFake Çalışmaları/Deneyler/Kader/Deney 1/Göz/eye_roi_output/fake/train/combined/fake_train/fake_train_00925__face_00.jpg,5235,1786019494000000000,e8d74be8607ceeb7dba7337143398bca4199739ae1b49dcf64d19140520b5d73
/content/drive/MyDrive/AISC DeepFake Çalışmaları/Deneyler/Kader/Deney 1/Göz/eye_roi_output/fake/train/combined/fake_train/fake_train_00926__face_00.jpg,6134,1786019495000000000,ebcd0e7728c407eafd2ae6cf3924d5a02825ab6bf0ee2b9785bc2a97b32aab45
/content/drive/MyDrive/AISC DeepFake Çalışmaları/Deneyler/Kader/Deney 1/Göz/eye_roi_output/fake/train/combined/fake_train/fake_train_00927__face_00.jpg,4953,1786019496000000000,03fcd9bec272fa433212ba4dcb780f0ff9633fa15097ffb063ba3f88a947b2f1
/content/drive/MyDrive/AISC DeepFake Çalışmaları/Deneyler/Kader/Deney 1/Göz/eye_roi_output/fake/train/combined/fake_train/fake_train_00928__face_00.jpg,4370,1786019496000000000,520eef465a7313a9f65b9eb89f20c69dfc1baab403d15d42b7a408ac6f20e4a9
/content/drive/MyDrive/AISC DeepFake Çalışmaları/Deneyler/Kader/Deney 1/Göz/eye_roi_output/fake/train/combined/fake_train/fake_train_00929__face_00.jpg,5339,1786019496000000000,41ef29edeb8742417637071cc34c653fdd92c9c659f1ec85bc7806325378c686
/content/drive/MyDrive/AISC DeepFake Çalışmaları/Deneyler/Kader/Deney 1/Göz/eye_roi_output/fake/train/combined/fake_train/fake_train_00930__face_00.jpg,5005,1786019497000000000,7e70fff6394ff6c0b7b1e0fb8503135cb82b4a9ce395d4c5b99c47d1a9d0ba0b
/content/drive/MyDrive/AISC DeepFake Çalışmaları/Deneyler/Kader/Deney 1/Göz/eye_roi_output/fake/train/combined/fake_train/fake_train_00931__face_00.jpg,4581,1786019497000000000,ddbb8250f85aefabbf0580c4f267181fb1f759426d86ad3085503b026d135e4c
/content/drive/MyDrive/AISC DeepFake Çalışmaları/Deneyler/Kader/Deney 1/Göz/eye_roi_output/fake/train/combined/fake_train/fake_train_00932__face_00.jpg,5945,1786019497000000000,975e1f37affa50089a41ace2b638660583310e3ef2c600325e550ed55e26fd13
/content/drive/MyDrive/AISC DeepFake Çalışmaları/Deneyler/Kader/Deney 1/Göz/eye_roi_output/fake/train/combined/fake_train/fake_train_00933__face_00.jpg,6157,1786019498000000000,644b25d1b006dc1214542c18e93f200edeeaf8cfb4737b60d98979f215376272
/content/drive/MyDrive/AISC DeepFake Çalışmaları/Deneyler/Kader/Deney 1/Göz/eye_roi_output/fake/train/combined/fake_train/fake_train_00933__face_01.jpg,5142,1786019498000000000,2622bccce3130f58317e65044e846e2f0da0b8770a327116518f4dfe97088ea8
/content/drive/MyDrive/AISC DeepFake Çalışmaları/Deneyler/Kader/Deney 1/Göz/eye_roi_output/fake/train/combined/fake_train/fake_train_00934__face_00.jpg,4861,1786019498000000000,170e402f8930b3584479b4fc4c51ea3e8300b3d2642df3068e132c72c5ff9404
/content/drive/MyDrive/AISC DeepFake Çalışmaları/Deneyler/Kader/Deney 1/Göz/eye_roi_output/fake/train/combined/fake_train/fake_train_00935__face_00.jpg,5428,1786019499000000000,a5e2722c59a48d006e60ea54eb615acbb322998ffc5893eb8bb0072d09b15619
/content/drive/MyDrive/AISC DeepFake Çalışmaları/Deneyler/Kader/Deney 1/Göz/eye_roi_output/fake/train/combined/fake_train/fake_train_00936__face_00.jpg,4507,1786019499000000000,d94966915b4c6c7d923130cc08fce177b943e771ee334d9abfe9251dd9c03edb
/content/drive/MyDrive/AISC DeepFake Çalışmaları/Deneyler/Kader/Deney 1/Göz/eye_roi_output/fake/train/combined/fake_train/fake_train_00936__face_01.jpg,4796,1786019499000000000,2465dd5bcccca9329a7f3e85ccdb59ea0e0c858142eca2eba2a56db79096859c
/content/drive/MyDrive/AISC DeepFake Çalışmaları/Deneyler/Kader/Deney 1/Göz/eye_roi_output/fake/train/combined/fake_train/fake_train_00937__face_00.jpg,6412,1786019500000000000,5354a2ee849460b50899c34a2bd58125fe456ff2379beba28b382928f34dce7e
/content/drive/MyDrive/AISC DeepFake Çalışmaları/Deneyler/Kader/Deney 1/Göz/eye_roi_output/fake/train/combined/fake_train/fake_train_00938__face_00.jpg,4786,1786019500000000000,c1fb5049be80bd5473d0d9d40b7bc25ef0be430b3ec1d3b1d4416b97a5f8f115
/content/drive/MyDrive/AISC DeepFake Çalışmaları/Deneyler/Kader/Deney 1/Göz/eye_roi_output/fake/train/combined/fake_train/fake_train_00939__face_00.jpg,5042,1786019500000000000,30c3622cee65150cc084930899c9be83515e8298153da43febda8c212fe24bfa
/content/drive/MyDrive/AISC DeepFake Çalışmaları/Deneyler/Kader/Deney 1/Göz/eye_roi_output/fake/train/combined/fake_train/fake_train_00940__face_00.jpg,4437,1786019501000000000,b06fc67dee081b9abffe80f7a8b39f3dae7566149ba4629f1e40778ea5a2705e
/content/drive/MyDrive/AISC DeepFake Çalışmaları/Deneyler/Kader/Deney 1/Göz/eye_roi_output/fake/train/combined/fake_train/fake_train_00941__face_00.jpg,4580,1786019501000000000,99791bf8f8b78167076c16feffdbe44d5c60104ed7ae13e5b4aed0f81a5fdfc3
/content/drive/MyDrive/AISC DeepFake Çalışmaları/Deneyler/Kader/Deney 1/Göz/eye_roi_output/fake/train/combined/fake_train/fake_train_00942__face_00.jpg,4914,1786019502000000000,a531cee341dd35711b87615be82e760c494e528c14072bf771de48a1c9d32d84
/content/drive/MyDrive/AISC DeepFake Çalışmaları/Deneyler/Kader/Deney 1/Göz/eye_roi_output/fake/train/combined/fake_train/fake_train_00943__face_00.jpg,5072,1786019502000000000,ab182829ad2951f2d0261ac11e35fde8f1bb5e7c7a5df0d96d0aff89675bf76a
/content/drive/MyDrive/AISC DeepFake Çalışmaları/Deneyler/Kader/Deney 1/Göz/eye_roi_output/fake/train/combined/fake_train/fake_train_00944__face_00.jpg,4358,1786019503000000000,def1fbe47b96ff6feb46062417eda9e795cb481c788cfbd12e25e4d876f7e03e
/content/drive/MyDrive/AISC DeepFake Çalışmaları/Deneyler/Kader/Deney 1/Göz/eye_roi_output/fake/train/combined/fake_train/fake_train_00945__face_00.jpg,5078,1786019503000000000,1320df8b563ec1be334d88429439a1eada5f29636842108bb612eda55cc6310d
/content/drive/MyDrive/AISC DeepFake Çalışmaları/Deneyler/Kader/Deney 1/Göz/eye_roi_output/fake/train/combined/fake_train/fake_train_00946__face_00.jpg,5345,1786019515000000000,8fe771c8394225cbc57755eff0b34985f73e59127ea0aea603bb4349588fab34
/content/drive/MyDrive/AISC DeepFake Çalışmaları/Deneyler/Kader/Deney 1/Göz/eye_roi_output/fake/train/combined/fake_train/fake_train_00947__face_00.jpg,5305,1786019515000000000,27df4f107f4e4e0412034065eb7bf9cd6c0b26b78d1e0f9b2aeb21b3c6ea8155
/content/drive/MyDrive/AISC DeepFake Çalışmaları/Deneyler/Kader/Deney 1/Göz/eye_roi_output/fake/train/combined/fake_train/fake_train_00948__face_00.jpg,5183,1786019516000000000,cfaaaeef45e044f18c6402a1eca64e38986b6f2eac2457d207aa2a5e30e405fe
/content/drive/MyDrive/AISC DeepFake Çalışmaları/Deneyler/Kader/Deney 1/Göz/eye_roi_output/fake/train/combined/fake_train/fake_train_00949__face_00.jpg,4793,1786019516000000000,6cbd71047a8f6e8cc4dd3ed8c1a5197f979ce63b7779f6c7a0e530e217ba9149
/content/drive/MyDrive/AISC DeepFake Çalışmaları/Deneyler/Kader/Deney 1/Göz/eye_roi_output/fake/train/combined/fake_train/fake_train_00950__face_00.jpg,5160,1786019517000000000,77eb32cf2bdae1faa88e4dfc4278fbae06e9a625755398189e776718296f02e5
/content/drive/MyDrive/AISC DeepFake Çalışmaları/Deneyler/Kader/Deney 1/Göz/eye_roi_output/fake/train/combined/fake_train/fake_train_00952__face_00.jpg,5178,1786019517000000000,237357e176b264f0e0f2d07eaa6c08091e6fbc4f58fdaab9cfd22f354b15cea9
/content/drive/MyDrive/AISC DeepFake Çalışmaları/Deneyler/Kader/Deney 1/Göz/eye_roi_output/fake/train/combined/fake_train/fake_train_00953__face_00.jpg,5486,1786019518000000000,927a580fc1b8efded26745243d38bbcc26a94ac1514b0d4d07f17b1915d440c5
/content/drive/MyDrive/AISC DeepFake Çalışmaları/Deneyler/Kader/Deney 1/Göz/eye_roi_output/fake/train/combined/fake_train/fake_train_00954__face_00.jpg,4298,1786019519000000000,7bcbd371e30400962ad5096c2adc452c1ad8b530aa2513d2bbe149da6a0a433c
/content/drive/MyDrive/AISC DeepFake Çalışmaları/Deneyler/Kader/Deney 1/Göz/eye_roi_output/fake/train/combined/fake_train/fake_train_00954__face_01.jpg,4582,1786019519000000000,bccfcede083acea9e5c998b59e6ff3232e4c413a61de3e87bb932ca12b9e7fac
/content/drive/MyDrive/AISC DeepFake Çalışmaları/Deneyler/Kader/Deney 1/Göz/eye_roi_output/fake/train/combined/fake_train/fake_train_00955__face_00.jpg,5556,1786019519000000000,27298992b34c32c063e7d15b30ab69251d093c1bae2e0baa00e01f1c9777b9a4
/content/drive/MyDrive/AISC DeepFake Çalışmaları/Deneyler/Kader/Deney 1/Göz/eye_roi_output/fake/train/combined/fake_train/fake_train_00956__face_00.jpg,4895,1786019520000000000,4c31b7446869c4dd387bc94ab6bdbbe434a8100ed42dc7fb427c412a30a93205
/content/drive/MyDrive/AISC DeepFake Çalışmaları/Deneyler/Kader/Deney 1/Göz/eye_roi_output/fake/train/combined/fake_train/fake_train_00957__face_00.jpg,4099,1786019520000000000,f646af26bd197e0d52ff8b677845d28f06d43ec4825436018275c0ec1da5758a
/content/drive/MyDrive/AISC DeepFake Çalışmaları/Deneyler/Kader/Deney 1/Göz/eye_roi_output/fake/train/combined/fake_train/fake_train_00958__face_00.jpg,5233,1786019521000000000,47c125a48a5a1f2442d19a2928d0fe25dec83cb8758c48a1b997967f4878315b
/content/drive/MyDrive/AISC DeepFake Çalışmaları/Deneyler/Kader/Deney 1/Göz/eye_roi_output/fake/train/combined/fake_train/fake_train_00958__face_01.jpg,6277,1786019521000000000,ee05918f9608b6ff25634feff3991d5a1a5b97f5e8861c9f9788e6b8ef243825
/content/drive/MyDrive/AISC DeepFake Çalışmaları/Deneyler/Kader/Deney 1/Göz/eye_roi_output/fake/train/combined/fake_train/fake_train_00959__face_00.jpg,4993,1786019521000000000,c6195d94eeaa1e4f9f09c0d90ffd22e798255c3e3b81b0c9c4211fedaef466bc
/content/drive/MyDrive/AISC DeepFake Çalışmaları/Deneyler/Kader/Deney 1/Göz/eye_roi_output/fake/train/combined/fake_train/fake_train_00960__face_00.jpg,5736,1786019522000000000,6c30e07e2d4184b288772dd07dd24470ba1e49290562b3710a4aa92b89fc585f
/content/drive/MyDrive/AISC DeepFake Çalışmaları/Deneyler/Kader/Deney 1/Göz/eye_roi_output/fake/train/combined/fake_train/fake_train_00961__face_00.jpg,4708,1786019522000000000,b5c4847fec61faedaae0c080fd898f6883586d28031aa2e4c74387fc2b5ecd0e
/content/drive/MyDrive/AISC DeepFake Çalışmaları/Deneyler/Kader/Deney 1/Göz/eye_roi_output/fake/train/combined/fake_train/fake_train_00962__face_00.jpg,4333,1786019522000000000,bc046427b10e0dffce29691484930125a5c6b58178b7433fb2641420736a986e
/content/drive/MyDrive/AISC DeepFake Çalışmaları/Deneyler/Kader/Deney 1/Göz/eye_roi_output/fake/train/combined/fake_train/fake_train_00963__face_00.jpg,5006,1786019523000000000,ac2c8ee06cbf22db2a33f4760b687a0143b30ec47970f4b148e773791e050d28
/content/drive/MyDrive/AISC DeepFake Çalışmaları/Deneyler/Kader/Deney 1/Göz/eye_roi_output/fake/train/combined/fake_train/fake_train_00964__face_00.jpg,4974,1786019523000000000,bb77565fa759c08aa6d1fc1e1745bdf3a6e98411c225c0cf2f7c078426ceae00
/content/drive/MyDrive/AISC DeepFake Çalışmaları/Deneyler/Kader/Deney 1/Göz/eye_roi_output/fake/train/combined/fake_train/fake_train_00965__face_00.jpg,4707,1786019523000000000,6383639322b49ea720f48a80393378b00f7396c505555215b2d45092f55efe2e
/content/drive/MyDrive/AISC DeepFake Çalışmaları/Deneyler/Kader/Deney 1/Göz/eye_roi_output/fake/train/combined/fake_train/fake_train_00966__face_00.jpg,5089,1786019524000000000,b63507a4335a74b9852c04ae92d4018fa24139e367537c14325b582be1be4c05
/content/drive/MyDrive/AISC DeepFake Çalışmaları/Deneyler/Kader/Deney 1/Göz/eye_roi_output/fake/train/combined/fake_train/fake_train_00967__face_00.jpg,6000,1786019525000000000,a2dfb4c48c87bce01dfeae248262399a96d92d3c69ffd27f7c48c621d8d35852
/content/drive/MyDrive/AISC DeepFake Çalışmaları/Deneyler/Kader/Deney 1/Göz/eye_roi_output/fake/train/combined/fake_train/fake_train_00968__face_00.jpg,4373,1786019525000000000,def28c98cfd5f53ed83c2acc60d5e7ff8dfd1001caaf57b3d6c4c82e880c4dd4
/content/drive/MyDrive/AISC DeepFake Çalışmaları/Deneyler/Kader/Deney 1/Göz/eye_roi_output/fake/train/combined/fake_train/fake_train_00969__face_00.jpg,4671,1786019526000000000,361be620f4f36d1c010d27f3e420070f52a938ea2c59f535a2ed4440ff98d4d1
/content/drive/MyDrive/AISC DeepFake Çalışmaları/Deneyler/Kader/Deney 1/Göz/eye_roi_output/fake/train/combined/fake_train/fake_train_00970__face_00.jpg,5099,1786019527000000000,438c6ab55c72136097f0f2ccbfd6e47565e11326fe8b4c2d75088ab1ccdf4820
/content/drive/MyDrive/AISC DeepFake Çalışmaları/Deneyler/Kader/Deney 1/Göz/eye_roi_output/fake/train/combined/fake_train/fake_train_00972__face_00.jpg,5179,1786019527000000000,395d138c5fd5d209ba0d1a75dcb2cf187e579133f9f1cc9db81f6413f995d9a1
/content/drive/MyDrive/AISC DeepFake Çalışmaları/Deneyler/Kader/Deney 1/Göz/eye_roi_output/fake/train/combined/fake_train/fake_train_00973__face_00.jpg,5267,1786019528000000000,62f5a9aabf45afc941ab0014eb6423512b23f0e7b0a0c641434a5f964328ed2b
/content/drive/MyDrive/AISC DeepFake Çalışmaları/Deneyler/Kader/Deney 1/Göz/eye_roi_output/fake/train/combined/fake_train/fake_train_00974__face_00.jpg,5280,1786019528000000000,6598c1598098cbb591a2ebd77515cd3bb1b1f6102b545babc79207de2e6c8c1f
/content/drive/MyDrive/AISC DeepFake Çalışmaları/Deneyler/Kader/Deney 1/Göz/eye_roi_output/fake/train/combined/fake_train/fake_train_00974__face_01.jpg,4740,1786019528000000000,f8767a3ba9d2697f7c6721334cc0ad581d25194975fef7dd58a4dfc448733af7
/content/drive/MyDrive/AISC DeepFake Çalışmaları/Deneyler/Kader/Deney 1/Göz/eye_roi_output/fake/train/combined/fake_train/fake_train_00975__face_00.jpg,4904,1786019529000000000,b180d6ead78bab807bdc8101ad401f2fafb8f015a37e4f09341544f99267e4fe
/content/drive/MyDrive/AISC DeepFake Çalışmaları/Deneyler/Kader/Deney 1/Göz/eye_roi_output/fake/train/combined/fake_train/fake_train_00975__face_01.jpg,6826,1786019529000000000,a191263d2ed86c4137b6a6bdc4ba4e4719e101e37b1e96bb3e43738133c3bc60
/content/drive/MyDrive/AISC DeepFake Çalışmaları/Deneyler/Kader/Deney 1/Göz/eye_roi_output/fake/train/combined/fake_train/fake_train_00976__face_00.jpg,5330,1786019529000000000,5f4f87cbe5f4ddf46066b8de9eb3828f79f9690c97c6dd9afb7f5b0957d0ffcd
/content/drive/MyDrive/AISC DeepFake Çalışmaları/Deneyler/Kader/Deney 1/Göz/eye_roi_output/fake/train/combined/fake_train/fake_train_00977__face_00.jpg,4523,1786019530000000000,8aea8a091ce26630450bbe6cd7c67f1b43169ee95f36d0c2daf741c1845c92b0
/content/drive/MyDrive/AISC DeepFake Çalışmaları/Deneyler/Kader/Deney 1/Göz/eye_roi_output/fake/train/combined/fake_train/fake_train_00978__face_00.jpg,6646,1786019530000000000,f084cde4f0139174316be601c5c7d32de9ae8e7929873cbffc2087e05547f09d
/content/drive/MyDrive/AISC DeepFake Çalışmaları/Deneyler/Kader/Deney 1/Göz/eye_roi_output/fake/train/combined/fake_train/fake_train_00979__face_00.jpg,4951,1786019530000000000,413cbbc7b45cf8e8a134e397396c6c9f3e10fd2a9c5b3159eae96998793d0f33
/content/drive/MyDrive/AISC DeepFake Çalışmaları/Deneyler/Kader/Deney 1/Göz/eye_roi_output/fake/train/combined/fake_train/fake_train_00980__face_00.jpg,5378,1786019531000000000,275ba0000407e95243f3587de6d80c97687250a7781260421879fd7591ac7d38
/content/drive/MyDrive/AISC DeepFake Çalışmaları/Deneyler/Kader/Deney 1/Göz/eye_roi_output/fake/train/combined/fake_train/fake_train_00981__face_00.jpg,5555,1786019531000000000,732f488ec7351832ca75000b4c91a3746667c7e8bdfa291954d286066a30916c
/content/drive/MyDrive/AISC DeepFake Çalışmaları/Deneyler/Kader/Deney 1/Göz/eye_roi_output/fake/train/combined/fake_train/fake_train_00982__face_00.jpg,5439,1786019532000000000,6d13af8503be8e783336eb5acd6a448499afe2a8cac47557071d621e766e9508
/content/drive/MyDrive/AISC DeepFake Çalışmaları/Deneyler/Kader/Deney 1/Göz/eye_roi_output/fake/train/combined/fake_train/fake_train_00982__face_01.jpg,5218,1786019532000000000,c352f76ba128a4bfbf362fab3ca8d08d44c4ad6c153a8a3a638e828fa1e2d99f
/content/drive/MyDrive/AISC DeepFake Çalışmaları/Deneyler/Kader/Deney 1/Göz/eye_roi_output/fake/train/combined/fake_train/fake_train_00983__face_00.jpg,5285,1786019533000000000,49d275b2339aa614e5d72166bf6dced02666fd1aa49e40261ab4e6f7e07474a8
/content/drive/MyDrive/AISC DeepFake Çalışmaları/Deneyler/Kader/Deney 1/Göz/eye_roi_output/fake/train/combined/fake_train/fake_train_00984__face_00.jpg,5356,1786019533000000000,bb8abd590842afbf42580342273c39e8eb8d4552b7dea0553026233e451d9d1b
/content/drive/MyDrive/AISC DeepFake Çalışmaları/Deneyler/Kader/Deney 1/Göz/eye_roi_output/fake/train/combined/fake_train/fake_train_00985__face_00.jpg,5177,1786019533000000000,99fe979855e117fbfbf144c8c1780754524b39c6d61e8115de2d02245aeb0c4b
/content/drive/MyDrive/AISC DeepFake Çalışmaları/Deneyler/Kader/Deney 1/Göz/eye_roi_output/fake/train/combined/fake_train/fake_train_00986__face_00.jpg,4816,1786019534000000000,f490b689b751862ecfba081980c48c929fcf6505550cb5560638f4817e7aaf56
/content/drive/MyDrive/AISC DeepFake Çalışmaları/Deneyler/Kader/Deney 1/Göz/eye_roi_output/fake/train/combined/fake_train/fake_train_00986__face_01.jpg,5586,1786019534000000000,9a84538b04ae8d61b03043d36beada60cf08a4164e3278c6356eb1004545bc41
/content/drive/MyDrive/AISC DeepFake Çalışmaları/Deneyler/Kader/Deney 1/Göz/eye_roi_output/fake/train/combined/fake_train/fake_train_00987__face_00.jpg,5476,1786019534000000000,18909b6e3896daa4c6a5fda536ecd6788aa158862cb09991dfa88bb06e5f4bab
/content/drive/MyDrive/AISC DeepFake Çalışmaları/Deneyler/Kader/Deney 1/Göz/eye_roi_output/fake/train/combined/fake_train/fake_train_00988__face_00.jpg,5400,1786019535000000000,b90700467eb64ef173aa3786460ed8b462b862ccc82387db5ac6a321a3263cfd
/content/drive/MyDrive/AISC DeepFake Çalışmaları/Deneyler/Kader/Deney 1/Göz/eye_roi_output/fake/train/combined/fake_train/fake_train_00989__face_00.jpg,6995,1786019547000000000,b97a206ac44ee520a32732fc9dd8b19fa5d87fef19e4e546d68bb8f2f3fb10ba
/content/drive/MyDrive/AISC DeepFake Çalışmaları/Deneyler/Kader/Deney 1/Göz/eye_roi_output/fake/train/combined/fake_train/fake_train_00990__face_00.jpg,5335,1786019547000000000,9ad2aa1f42fbabdb8a526a8a8ec380ce59a2420ee08752a46db478461965035d
/content/drive/MyDrive/AISC DeepFake Çalışmaları/Deneyler/Kader/Deney 1/Göz/eye_roi_output/fake/train/combined/fake_train/fake_train_00992__face_00.jpg,4557,1786019549000000000,5df668dd621e3f07504a33021ae6eea0e850f347f59cdb58fe18baa10750cae0
/content/drive/MyDrive/AISC DeepFake Çalışmaları/Deneyler/Kader/Deney 1/Göz/eye_roi_output/fake/train/combined/fake_train/fake_train_00993__face_00.jpg,5852,1786019549000000000,db6c2ea62d0540efb7e12d8973c929f5d20020af82746deb71f0b2252332b9c0
/content/drive/MyDrive/AISC DeepFake Çalışmaları/Deneyler/Kader/Deney 1/Göz/eye_roi_output/fake/train/combined/fake_train/fake_train_00994__face_00.jpg,5553,1786019549000000000,b4461450a1097fc62fcf5a368d11625f3fb0dd5d6c3d768342e073e8af0f2cca
/content/drive/MyDrive/AISC DeepFake Çalışmaları/Deneyler/Kader/Deney 1/Göz/eye_roi_output/fake/train/combined/fake_train/fake_train_00994__face_01.jpg,7278,1786019550000000000,d48658580e4a6b8f5f8429432053e401bc1d0270d4c88ae11c419be92b96cd0a
/content/drive/MyDrive/AISC DeepFake Çalışmaları/Deneyler/Kader/Deney 1/Göz/eye_roi_output/fake/train/combined/fake_train/fake_train_00995__face_00.jpg,4445,1786019550000000000,fe664c76d5d88b52be4d0c517d5f38b5697c78bb0aec23581cb2ab4253f34edf
/content/drive/MyDrive/AISC DeepFake Çalışmaları/Deneyler/Kader/Deney 1/Göz/eye_roi_output/fake/train/combined/fake_train/fake_train_00996__face_00.jpg,4736,1786019551000000000,52caf53643fcd53e2abfca017a3535024e9c232d5e0c41ff263837e7b80fd38b
/content/drive/MyDrive/AISC DeepFake Çalışmaları/Deneyler/Kader/Deney 1/Göz/eye_roi_output/fake/train/combined/fake_train/fake_train_00997__face_00.jpg,5002,1786019551000000000,1a37450bc162ac69bd952e6d5f68852b80565fa47e4c07d3506ed9a293955a5d
/content/drive/MyDrive/AISC DeepFake Çalışmaları/Deneyler/Kader/Deney 1/Göz/eye_roi_output/fake/train/combined/fake_train/fake_train_00998__face_00.jpg,4157,1786019552000000000,58d1d9e478fcbca278db3e4cabfe210d9f0a4412839eefbd60eb4de242327030
/content/drive/MyDrive/AISC DeepFake Çalışmaları/Deneyler/Kader/Deney 1/Göz/eye_roi_output/fake/train/combined/fake_train/fake_train_00999__face_00.jpg,4897,1786019552000000000,55c648a1b5ccd64ac711937bae005eea4523883922fef54d16d0350d26ea29c9
/content/drive/MyDrive/AISC DeepFake Çalışmaları/Deneyler/Kader/Deney 1/Göz/eye_roi_output/fake/train/combined/fake_train/fake_train_01000__face_00.jpg,5444,1786019553000000000,cb3646052e8925730f2ead9ccb06c705fd33f802cef560891002c08e7d375387
/content/drive/MyDrive/AISC DeepFake Çalışmaları/Deneyler/Kader/Deney 1/Göz/eye_roi_output/fake/train/combined/fake_train/fake_train_01001__face_00.jpg,3618,1786019553000000000,93a03dc62d99f9e7789c7b6e48596cd3439d2e608bdb2d8a87ddd6b6eea5b690
/content/drive/MyDrive/AISC DeepFake Çalışmaları/Deneyler/Kader/Deney 1/Göz/eye_roi_output/fake/train/combined/fake_train/fake_train_01002__face_00.jpg,5407,1786019554000000000,42e7cc9c5502ba9171cbaaadfb899f95fd772d4f074dc336d2c066a0e00ef9fa
/content/drive/MyDrive/AISC DeepFake Çalışmaları/Deneyler/Kader/Deney 1/Göz/eye_roi_output/fake/train/combined/fake_train/fake_train_01003__face_00.jpg,4855,1786019554000000000,7ffd6de759c967b10fd7365176fc441ffb3a9e381e3af28ee3a10d3dd1ecd9be
/content/drive/MyDrive/AISC DeepFake Çalışmaları/Deneyler/Kader/Deney 1/Göz/eye_roi_output/fake/train/combined/fake_train/fake_train_01004__face_00.jpg,5204,1786019554000000000,a778045da078ff7dc87e5a5798e6821b29a2f85b30d82470a4aaccf21ab53586
/content/drive/MyDrive/AISC DeepFake Çalışmaları/Deneyler/Kader/Deney 1/Göz/eye_roi_output/fake/train/combined/fake_train/fake_train_01005__face_00.jpg,5142,1786019555000000000,9bd72549a8c01004281a23442c21e330c5a56c78db875c4ff5e3f5cf77430ec8
/content/drive/MyDrive/AISC DeepFake Çalışmaları/Deneyler/Kader/Deney 1/Göz/eye_roi_output/fake/train/combined/fake_train/fake_train_01006__face_00.jpg,4897,1786019555000000000,759e184269716dbe2c27bdb937086c17ca41931778c3eb5931078600d5665be8
/content/drive/MyDrive/AISC DeepFake Çalışmaları/Deneyler/Kader/Deney 1/Göz/eye_roi_output/fake/train/combined/fake_train/fake_train_01007__face_00.jpg,5663,1786019556000000000,f1575cab42e87494beb8e03c77f1ef5a77cfb1a27269a0e8d519a7e7f06d5fc0
/content/drive/MyDrive/AISC DeepFake Çalışmaları/Deneyler/Kader/Deney 1/Göz/eye_roi_output/fake/train/combined/fake_train/fake_train_01008__face_00.jpg,4518,1786019556000000000,1a419767a92086480dd215a3f9073aea8ddb7eb34845560eebc08337d60c2382
/content/drive/MyDrive/AISC DeepFake Çalışmaları/Deneyler/Kader/Deney 1/Göz/eye_roi_output/fake/train/combined/fake_train/fake_train_01009__face_00.jpg,5251,1786019556000000000,c866e5df611419d15fdcb33e3ebf9132bc979649280ec81a284885403897231e
/content/drive/MyDrive/AISC DeepFake Çalışmaları/Deneyler/Kader/Deney 1/Göz/eye_roi_output/fake/train/combined/fake_train/fake_train_01010__face_00.jpg,5604,1786019557000000000,d3c01834de6744b2542776d3e6917313c5730137d4980197770c52b7d83e0b0f
/content/drive/MyDrive/AISC DeepFake Çalışmaları/Deneyler/Kader/Deney 1/Göz/eye_roi_output/fake/train/combined/fake_train/fake_train_01011__face_00.jpg,4687,1786019557000000000,8c040d0aa681fbbc88bc3df410bd74340064ff96917e91b4f53db60947fa033f
/content/drive/MyDrive/AISC DeepFake Çalışmaları/Deneyler/Kader/Deney 1/Göz/eye_roi_output/fake/train/combined/fake_train/fake_train_01012__face_00.jpg,6837,1786019558000000000,7a3b53801b4e206abe8f73765ae6a84d785d6dc7a595035273e717593ac66069
/content/drive/MyDrive/AISC DeepFake Çalışmaları/Deneyler/Kader/Deney 1/Göz/eye_roi_output/fake/train/combined/fake_train/fake_train_01013__face_00.jpg,5369,1786019558000000000,6bcf1d6c58a9e7e805e165a66110d8827628e63996629d0132697cc75838b295
/content/drive/MyDrive/AISC DeepFake Çalışmaları/Deneyler/Kader/Deney 1/Göz/eye_roi_output/fake/train/combined/fake_train/fake_train_01014__face_00.jpg,4959,1786019573000000000,10f1eaa97e2005d3c24b917365cafa744a1bfb92e070a93ad4069b6e74fa1e52
/content/drive/MyDrive/AISC DeepFake Çalışmaları/Deneyler/Kader/Deney 1/Göz/eye_roi_output/fake/train/combined/fake_train/fake_train_01015__face_00.jpg,4356,1786019574000000000,22e474021be251dc8270c4f73db7b204b090e545fa064a2de12ed712d1b84100
/content/drive/MyDrive/AISC DeepFake Çalışmaları/Deneyler/Kader/Deney 1/Göz/eye_roi_output/fake/train/combined/fake_train/fake_train_01016__face_00.jpg,5337,1786019574000000000,53c2cef14054c90d808577824849f7ab979cf3a300083f89174ae66f43306f64
/content/drive/MyDrive/AISC DeepFake Çalışmaları/Deneyler/Kader/Deney 1/Göz/eye_roi_output/fake/train/combined/fake_train/fake_train_01017__face_00.jpg,5933,1786019574000000000,bc5da000d4c7fa0532c8ed3df4d9234bf542bf21ef126e2a12c9b12b975e5366
/content/drive/MyDrive/AISC DeepFake Çalışmaları/Deneyler/Kader/Deney 1/Göz/eye_roi_output/fake/train/combined/fake_train/fake_train_01018__face_00.jpg,4721,1786019575000000000,0ba63783269add3004b9608f223a21e4532b19489cf0b325e750304f86843e6d
/content/drive/MyDrive/AISC DeepFake Çalışmaları/Deneyler/Kader/Deney 1/Göz/eye_roi_output/fake/train/combined/fake_train/fake_train_01019__face_00.jpg,5023,1786019576000000000,c0348ae67b953f86814b38b3e7a8dc157a8e80b57c084eadd12930adba02c3b7
/content/drive/MyDrive/AISC DeepFake Çalışmaları/Deneyler/Kader/Deney 1/Göz/eye_roi_output/fake/train/combined/fake_train/fake_train_01021__face_00.jpg,5170,1786019578000000000,abc149adae1c3818ddef7aa6745bfaa49b4a9856b47bea7c5ac79668e7ec60ff
/content/drive/MyDrive/AISC DeepFake Çalışmaları/Deneyler/Kader/Deney 1/Göz/eye_roi_output/fake/train/combined/fake_train/fake_train_01022__face_00.jpg,4969,1786019578000000000,05bac4f0966fd17b0b2fb4ec7b6dda34e86ebc038d7591b5447ee1032caaf54c
/content/drive/MyDrive/AISC DeepFake Çalışmaları/Deneyler/Kader/Deney 1/Göz/eye_roi_output/fake/train/combined/fake_train/fake_train_01023__face_00.jpg,4763,1786019579000000000,8557227f845e3fda76e5df1d8dadc7360697db82b32b55b8695d806748589dff
/content/drive/MyDrive/AISC DeepFake Çalışmaları/Deneyler/Kader/Deney 1/Göz/eye_roi_output/fake/train/combined/fake_train/fake_train_01024__face_00.jpg,5234,1786019579000000000,99e41e28dbf07586f5fbd2eb9c04dd1294e71bb9d38c026878b8901ecdd34da3
/content/drive/MyDrive/AISC DeepFake Çalışmaları/Deneyler/Kader/Deney 1/Göz/eye_roi_output/fake/train/combined/fake_train/fake_train_01025__face_00.jpg,4947,1786019580000000000,f553fa66a0f4e01e0cca26d5712ccebbdee46f560f54e232898d409ee91fa15c
/content/drive/MyDrive/AISC DeepFake Çalışmaları/Deneyler/Kader/Deney 1/Göz/eye_roi_output/fake/train/combined/fake_train/fake_train_01026__face_00.jpg,5609,1786019580000000000,e9af61d490ea3b457263fb32f2889d21b5b7663423011e6ccd79853ef0d136bd
/content/drive/MyDrive/AISC DeepFake Çalışmaları/Deneyler/Kader/Deney 1/Göz/eye_roi_output/fake/train/combined/fake_train/fake_train_01027__face_00.jpg,4850,1786019580000000000,2d0c36e9436934e7fea5789d4ec09eb5d60230f1ce122840afdd05385624fc31
/content/drive/MyDrive/AISC DeepFake Çalışmaları/Deneyler/Kader/Deney 1/Göz/eye_roi_output/fake/train/combined/fake_train/fake_train_01028__face_00.jpg,4997,1786019581000000000,c6d1dcf97e7b8c9d5771d73e8a94c2c8cbcc9dcea5b8d7fb7f86aae83e03997f
/content/drive/MyDrive/AISC DeepFake Çalışmaları/Deneyler/Kader/Deney 1/Göz/eye_roi_output/fake/train/combined/fake_train/fake_train_01029__face_00.jpg,5798,1786019581000000000,c7630e6d2855384ae542a24492d7a207cc08b2267c77d49fb5b03ac3522d4876
/content/drive/MyDrive/AISC DeepFake Çalışmaları/Deneyler/Kader/Deney 1/Göz/eye_roi_output/fake/train/combined/fake_train/fake_train_01030__face_00.jpg,4819,1786019582000000000,06d14d82b0bf8e680e1e90fe639b2dd8b0aa0ac64f1d08adb97a64d8c8a235b7
/content/drive/MyDrive/AISC DeepFake Çalışmaları/Deneyler/Kader/Deney 1/Göz/eye_roi_output/fake/train/combined/fake_train/fake_train_01031__face_00.jpg,4843,1786019582000000000,a42f2605a9bea69bccd989f728debed3d1f99039ec3c1cceb44f4c940a21fc63
/content/drive/MyDrive/AISC DeepFake Çalışmaları/Deneyler/Kader/Deney 1/Göz/eye_roi_output/fake/train/combined/fake_train/fake_train_01032__face_00.jpg,5655,1786019582000000000,cc9dd9285272e4b00b7bf02fbe06d065a29fae740ffc6130939157a49962c0a2
/content/drive/MyDrive/AISC DeepFake Çalışmaları/Deneyler/Kader/Deney 1/Göz/eye_roi_output/fake/train/combined/fake_train/fake_train_01034__face_00.jpg,5097,1786019583000000000,412c7fd7f535c3b3f8034f8c9df0c8aa702901ba412abc928be3241d58d1e489
/content/drive/MyDrive/AISC DeepFake Çalışmaları/Deneyler/Kader/Deney 1/Göz/eye_roi_output/fake/train/combined/fake_train/fake_train_01035__face_00.jpg,5456,1786019585000000000,7b18beb4fc8512b24a75f65f7a36623b5ac7f765766bc96ad4462705f4f9042c
/content/drive/MyDrive/AISC DeepFake Çalışmaları/Deneyler/Kader/Deney 1/Göz/eye_roi_output/fake/train/combined/fake_train/fake_train_01037__face_00.jpg,4460,1786019586000000000,f2353a780297583cb61a50892cf71c00efa313732095bbcebd7c34b95c3feb47
/content/drive/MyDrive/AISC DeepFake Çalışmaları/Deneyler/Kader/Deney 1/Göz/eye_roi_output/fake/train/combined/fake_train/fake_train_01038__face_00.jpg,4329,1786019586000000000,bb17ad054d5f1c393f021a0c5ef97140fbf17c051a5a1343ebcccc8e95d30837
/content/drive/MyDrive/AISC DeepFake Çalışmaları/Deneyler/Kader/Deney 1/Göz/eye_roi_output/fake/train/combined/fake_train/fake_train_01039__face_00.jpg,4655,1786019587000000000,189c96eddf3f606f314c79a70b54f87224816e0d27aa0b81189dfac6235d1304
/content/drive/MyDrive/AISC DeepFake Çalışmaları/Deneyler/Kader/Deney 1/Göz/eye_roi_output/fake/train/combined/fake_train/fake_train_01040__face_00.jpg,5302,1786019588000000000,523084f475cfdc5d8d49215cf8aaa0628f35606065a0afeba9500d0b3a275722
/content/drive/MyDrive/AISC DeepFake Çalışmaları/Deneyler/Kader/Deney 1/Göz/eye_roi_output/fake/train/combined/fake_train/fake_train_01041__face_00.jpg,6247,1786019588000000000,5d61b93c62d6f82366c010e1e767014610f77e778a05794071ca553a882f0c27
/content/drive/MyDrive/AISC DeepFake Çalışmaları/Deneyler/Kader/Deney 1/Göz/eye_roi_output/fake/train/combined/fake_train/fake_train_01042__face_00.jpg,4942,1786019589000000000,a6d8dda116c8f6c7ca3ba552956e9e5390bdd103e1eafb536728d9f6ee8f332e
/content/drive/MyDrive/AISC DeepFake Çalışmaları/Deneyler/Kader/Deney 1/Göz/eye_roi_output/fake/train/combined/fake_train/fake_train_01043__face_00.jpg,5186,1786019589000000000,9382356ad22d274500a0aaf717b8048b4adbaa0d546e91f7417d467d7af1e2e5
/content/drive/MyDrive/AISC DeepFake Çalışmaları/Deneyler/Kader/Deney 1/Göz/eye_roi_output/fake/train/combined/fake_train/fake_train_01044__face_00.jpg,4396,1786019590000000000,3d6ff8f8358969e883cb5df7aedfdc17031f59535c42b2b820849671fca3f41b
/content/drive/MyDrive/AISC DeepFake Çalışmaları/Deneyler/Kader/Deney 1/Göz/eye_roi_output/fake/train/combined/fake_train/fake_train_01046__face_00.jpg,4777,1786019592000000000,1957e2d48981b20e0e39c5d8b2e77acb37fbd3fb1030a4d5957ec93e97fac3ef
/content/drive/MyDrive/AISC DeepFake Çalışmaları/Deneyler/Kader/Deney 1/Göz/eye_roi_output/fake/train/combined/fake_train/fake_train_01047__face_00.jpg,4820,1786019592000000000,68a73074dd4b13291c924948940dad9c0b1699f1e34ce16ea96e096186508ed4
/content/drive/MyDrive/AISC DeepFake Çalışmaları/Deneyler/Kader/Deney 1/Göz/eye_roi_output/fake/train/combined/fake_train/fake_train_01048__face_00.jpg,4776,1786019592000000000,6e24f2c44870f2ce583484151a0c0b11726dcea3c9aafca29fa308597f005ae9
/content/drive/MyDrive/AISC DeepFake Çalışmaları/Deneyler/Kader/Deney 1/Göz/eye_roi_output/fake/train/combined/fake_train/fake_train_01049__face_00.jpg,5203,1786019593000000000,70d9b78ce22bf982841403cabcd00cebb07d24f9375f4e8a2ca50263c2765d8d
/content/drive/MyDrive/AISC DeepFake Çalışmaları/Deneyler/Kader/Deney 1/Göz/eye_roi_output/fake/train/combined/fake_train/fake_train_01050__face_00.jpg,5361,1786019593000000000,5d647526bd6ff755a171f14b6188ed615e34c03851ddb098549e3e2f5dc7862f
/content/drive/MyDrive/AISC DeepFake Çalışmaları/Deneyler/Kader/Deney 1/Göz/eye_roi_output/fake/train/combined/fake_train/fake_train_01051__face_00.jpg,6227,1786019594000000000,b07b34ef8fc64eedcaa20c103c8c0caff31908d71d841d4f488a4bf0cf10bcfa
/content/drive/MyDrive/AISC DeepFake Çalışmaları/Deneyler/Kader/Deney 1/Göz/eye_roi_output/fake/train/combined/fake_train/fake_train_01052__face_00.jpg,4731,1786019594000000000,d2fe695b94554e1f9b6fcba307b77a716d8c483f0c0bbc70e5679417de9cfedd
/content/drive/MyDrive/AISC DeepFake Çalışmaları/Deneyler/Kader/Deney 1/Göz/eye_roi_output/fake/train/combined/fake_train/fake_train_01053__face_00.jpg,4596,1786019594000000000,7903e697040abe630b462fa6142b21b671a9dbe0d243ee2166c4439eaec5dd0a
/content/drive/MyDrive/AISC DeepFake Çalışmaları/Deneyler/Kader/Deney 1/Göz/eye_roi_output/fake/train/combined/fake_train/fake_train_01054__face_00.jpg,3989,1786019595000000000,8aeb406d22f3539db9f3e354632a8fe0b10196a8b9ae44c93b122c3ac2cc2bd1
/content/drive/MyDrive/AISC DeepFake Çalışmaları/Deneyler/Kader/Deney 1/Göz/eye_roi_output/fake/train/combined/fake_train/fake_train_01055__face_00.jpg,5468,1786019595000000000,181afbe4daade7b5248ac521899d519aad00848928c60d0fb43c585f350d85a6
/content/drive/MyDrive/AISC DeepFake Çalışmaları/Deneyler/Kader/Deney 1/Göz/eye_roi_output/fake/train/combined/fake_train/fake_train_01056__face_00.jpg,5765,1786019596000000000,435e75615cbab0de045bb9d1e05bc93bef5abfc7b17f9ba32bd0e7fdab888fbb
/content/drive/MyDrive/AISC DeepFake Çalışmaları/Deneyler/Kader/Deney 1/Göz/eye_roi_output/fake/train/combined/fake_train/fake_train_01057__face_00.jpg,4735,1786019596000000000,95d07c7fcf10842a1eb99dd57591b0df37284204449dc0b224a9d9ad4cf404f1
/content/drive/MyDrive/AISC DeepFake Çalışmaları/Deneyler/Kader/Deney 1/Göz/eye_roi_output/fake/train/combined/fake_train/fake_train_01058__face_00.jpg,5376,1786019596000000000,2544f5bd2855d0ccea793c994ec9fb71368edb396a5e5da322cb613b16e04ff7
/content/drive/MyDrive/AISC DeepFake Çalışmaları/Deneyler/Kader/Deney 1/Göz/eye_roi_output/fake/train/combined/fake_train/fake_train_01059__face_00.jpg,4946,1786019597000000000,7755abf3507fbd44f21de18829a21848946c9e8edde3128707769e7c763f7dd4
/content/drive/MyDrive/AISC DeepFake Çalışmaları/Deneyler/Kader/Deney 1/Göz/eye_roi_output/fake/train/combined/fake_train/fake_train_01059__face_01.jpg,5403,1786019597000000000,ab25b156656af56ccf6815b0256a91ec8a20c1643da2a0c815cb342225d78fd6
/content/drive/MyDrive/AISC DeepFake Çalışmaları/Deneyler/Kader/Deney 1/Göz/eye_roi_output/fake/train/combined/fake_train/fake_train_01060__face_00.jpg,6027,1786019597000000000,6acb952e0a6e493d6916dc7a2d79b12e2f37471bc4c44e76f18c35221cc5a1aa
/content/drive/MyDrive/AISC DeepFake Çalışmaları/Deneyler/Kader/Deney 1/Göz/eye_roi_output/fake/train/combined/fake_train/fake_train_01061__face_00.jpg,5942,1786019598000000000,d8fb778581d1529e6e1245629a323302018bb1ec4e2fce93ce51966e7b91b39f
/content/drive/MyDrive/AISC DeepFake Çalışmaları/Deneyler/Kader/Deney 1/Göz/eye_roi_output/fake/train/combined/fake_train/fake_train_01062__face_00.jpg,4694,1786019598000000000,bcf182e26efa00aeeb6585e4a5e7599a7ef15e53f6dc50d5ebfe5dffbd6e3e62
/content/drive/MyDrive/AISC DeepFake Çalışmaları/Deneyler/Kader/Deney 1/Göz/eye_roi_output/fake/train/combined/fake_train/fake_train_01063__face_00.jpg,5685,1786019599000000000,23461a3f8990e1b52f953aad2511137b6bbc829a03f3a3246feb8ec8ff9c9452
/content/drive/MyDrive/AISC DeepFake Çalışmaları/Deneyler/Kader/Deney 1/Göz/eye_roi_output/fake/train/combined/fake_train/fake_train_01064__face_00.jpg,5471,1786019599000000000,7780820d2ec14d927d2119028254d5588fea599b8fa0b2a09fb9a7206f0c4999
/content/drive/MyDrive/AISC DeepFake Çalışmaları/Deneyler/Kader/Deney 1/Göz/eye_roi_output/fake/train/combined/fake_train/fake_train_01065__face_00.jpg,5518,1786019600000000000,6598e3ddc93321bb500b2e82fee2ccec0e217106cca88cf9d44225f21fc0ed0c
/content/drive/MyDrive/AISC DeepFake Çalışmaları/Deneyler/Kader/Deney 1/Göz/eye_roi_output/fake/train/combined/fake_train/fake_train_01066__face_00.jpg,5830,1786019600000000000,f490e228712c94a5dea53355f6faed13e47b8051e37c4d0c0056502fdafc69df
/content/drive/MyDrive/AISC DeepFake Çalışmaları/Deneyler/Kader/Deney 1/Göz/eye_roi_output/fake/train/combined/fake_train/fake_train_01067__face_00.jpg,5100,1786019601000000000,c7bef4974dc209cbc66080db286843887e70f0785e8d939df190687896b052dd
/content/drive/MyDrive/AISC DeepFake Çalışmaları/Deneyler/Kader/Deney 1/Göz/eye_roi_output/fake/train/combined/fake_train/fake_train_01068__face_00.jpg,5508,1786019601000000000,27b666e94346f070e5dcad3b33392d91d0671344fb98097cd67d20d8ad8ae508
/content/drive/MyDrive/AISC DeepFake Çalışmaları/Deneyler/Kader/Deney 1/Göz/eye_roi_output/fake/train/combined/fake_train/fake_train_01070__face_00.jpg,4773,1786019602000000000,83ada141dc4e8b4c3e86e07632e4f68c2d56ba904308ee06b5d603078c6d6306
/content/drive/MyDrive/AISC DeepFake Çalışmaları/Deneyler/Kader/Deney 1/Göz/eye_roi_output/fake/train/combined/fake_train/fake_train_01071__face_00.jpg,5620,1786019603000000000,5942c1f47f3e69c9ed4f8f1c96edcf64f187582ca2e819654278bab70955e061
/content/drive/MyDrive/AISC DeepFake Çalışmaları/Deneyler/Kader/Deney 1/Göz/eye_roi_output/fake/train/combined/fake_train/fake_train_01072__face_00.jpg,4701,1786019603000000000,ff031f85b6e4918e8a4b2f5be8d50c97c5e19aa6f3685ac2cb380e3e858b7a9f
/content/drive/MyDrive/AISC DeepFake Çalışmaları/Deneyler/Kader/Deney 1/Göz/eye_roi_output/fake/train/combined/fake_train/fake_train_01073__face_00.jpg,4555,1786019603000000000,3b002f93acfc988fbb95a56e79d63a27068b21240f4b9c8227023ca8b119dc9a
/content/drive/MyDrive/AISC DeepFake Çalışmaları/Deneyler/Kader/Deney 1/Göz/eye_roi_output/fake/train/combined/fake_train/fake_train_01074__face_00.jpg,5170,1786019604000000000,31e4c1aa1172139f6c21daafd63fd51791b3e3e2ae716f9b4cdf88cf8eb448fc
/content/drive/MyDrive/AISC DeepFake Çalışmaları/Deneyler/Kader/Deney 1/Göz/eye_roi_output/fake/train/combined/fake_train/fake_train_01075__face_00.jpg,4975,1786019605000000000,e97e3de86a88b60b5d9b75afcb495727b9417d5c0e18595f969ad9a02dbc433f
/content/drive/MyDrive/AISC DeepFake Çalışmaları/Deneyler/Kader/Deney 1/Göz/eye_roi_output/fake/train/combined/fake_train/fake_train_01076__face_00.jpg,5771,1786019605000000000,06b418b97416d7ffd6b72fb112bdc9cf78367d7e48005f81c9a410a2b5f8b3a6
/content/drive/MyDrive/AISC DeepFake Çalışmaları/Deneyler/Kader/Deney 1/Göz/eye_roi_output/fake/train/combined/fake_train/fake_train_01077__face_00.jpg,5342,1786019606000000000,b2f5a4945a9bf5d564a75a4a17c5527101a9e5a08d2074c049a32d9ec63a19df
/content/drive/MyDrive/AISC DeepFake Çalışmaları/Deneyler/Kader/Deney 1/Göz/eye_roi_output/fake/train/combined/fake_train/fake_train_01078__face_00.jpg,4823,1786019606000000000,4bf4d195ef7f68e7eb67a4b4282131c9e88993ec32c96dd0d6ce165674f23dff
/content/drive/MyDrive/AISC DeepFake Çalışmaları/Deneyler/Kader/Deney 1/Göz/eye_roi_output/fake/train/combined/fake_train/fake_train_01079__face_00.jpg,5529,1786019608000000000,a6b2e9ad4d7e791927f4601456a22ce0b3f2717bbc49ddd6fc366447048541d5
/content/drive/MyDrive/AISC DeepFake Çalışmaları/Deneyler/Kader/Deney 1/Göz/eye_roi_output/fake/train/combined/fake_train/fake_train_01080__face_00.jpg,4447,1786019608000000000,8f493170982a3f76e7d8f2656fd0666d42bdacb069709400e103aa8dc41bd571
/content/drive/MyDrive/AISC DeepFake Çalışmaları/Deneyler/Kader/Deney 1/Göz/eye_roi_output/fake/train/combined/fake_train/fake_train_01081__face_00.jpg,5158,1786019608000000000,844ab5a32bf9ded22174aad55a8d135f644f656a1532650362d98e61f6e8cbe8
/content/drive/MyDrive/AISC DeepFake Çalışmaları/Deneyler/Kader/Deney 1/Göz/eye_roi_output/fake/train/combined/fake_train/fake_train_01082__face_00.jpg,5288,1786019609000000000,d9c122735a81e03cd067db2e0de1d10aa85b9e3c14854b7b8f908854ab848bf2
/content/drive/MyDrive/AISC DeepFake Çalışmaları/Deneyler/Kader/Deney 1/Göz/eye_roi_output/fake/train/combined/fake_train/fake_train_01083__face_00.jpg,5678,1786019609000000000,edeb7ead31a28983858a568a57fd4829c652c8c84876e78d8d48f9a18316db52
/content/drive/MyDrive/AISC DeepFake Çalışmaları/Deneyler/Kader/Deney 1/Göz/eye_roi_output/fake/train/combined/fake_train/fake_train_01084__face_00.jpg,4678,1786019610000000000,7b2289ae4e9a7911e34d84957b8d7669b629f37625427b80aed1d05639e828f7
/content/drive/MyDrive/AISC DeepFake Çalışmaları/Deneyler/Kader/Deney 1/Göz/eye_roi_output/fake/train/combined/fake_train/fake_train_01085__face_00.jpg,3770,1786019610000000000,df2a4480a5aed42e573a2a707e2edd0b296f83733a3303d7fc92a23b5a1a54fe
/content/drive/MyDrive/AISC DeepFake Çalışmaları/Deneyler/Kader/Deney 1/Göz/eye_roi_output/fake/train/combined/fake_train/fake_train_01086__face_00.jpg,5334,1786019610000000000,a170624b44dcaffef3b296b777f40d3b3d421761025e7e4b65ab2ee29bab16d4
/content/drive/MyDrive/AISC DeepFake Çalışmaları/Deneyler/Kader/Deney 1/Göz/eye_roi_output/fake/train/combined/fake_train/fake_train_01087__face_00.jpg,4914,1786019612000000000,5c56de5e4eb5d7c114574a4997ac52c4db909b3ff8ad1ceecc2d321c619affd9
/content/drive/MyDrive/AISC DeepFake Çalışmaları/Deneyler/Kader/Deney 1/Göz/eye_roi_output/fake/train/combined/fake_train/fake_train_01087__face_01.jpg,4213,1786019612000000000,7effd54191681890425c0bc382e9d67014968edd3ff5bb35b55ad1f3b8f782af
/content/drive/MyDrive/AISC DeepFake Çalışmaları/Deneyler/Kader/Deney 1/Göz/eye_roi_output/fake/train/combined/fake_train/fake_train_01088__face_00.jpg,5095,1786019612000000000,f805023944a8f14fa66f7ab5913fbf7463c14dddbeec57e2aa884a3f0f80eb8e
/content/drive/MyDrive/AISC DeepFake Çalışmaları/Deneyler/Kader/Deney 1/Göz/eye_roi_output/fake/train/combined/fake_train/fake_train_01088__face_01.jpg,6438,1786019612000000000,9e9c0fb1ed0674e24cb0ec2a9c49b799a7dba8884a31da329871079aca72ef2f
/content/drive/MyDrive/AISC DeepFake Çalışmaları/Deneyler/Kader/Deney 1/Göz/eye_roi_output/fake/train/combined/fake_train/fake_train_01089__face_00.jpg,5143,1786019613000000000,26e8e34dbdd23eaa0d833884bd5e0f095fc3b69bee6600eb2308ac69138c97d6
/content/drive/MyDrive/AISC DeepFake Çalışmaları/Deneyler/Kader/Deney 1/Göz/eye_roi_output/fake/train/combined/fake_train/fake_train_01090__face_00.jpg,7364,1786019614000000000,b62aeb2a07c20882348d46b9f3b9a61f60e06805b457267b52679a911a8275c8
/content/drive/MyDrive/AISC DeepFake Çalışmaları/Deneyler/Kader/Deney 1/Göz/eye_roi_output/fake/train/combined/fake_train/fake_train_01091__face_00.jpg,4838,1786019614000000000,f5977d796f4c31d812f495a7fbfa552dae1358f3e3032ef90fd540406b1a69c3
/content/drive/MyDrive/AISC DeepFake Çalışmaları/Deneyler/Kader/Deney 1/Göz/eye_roi_output/fake/train/combined/fake_train/fake_train_01092__face_00.jpg,4878,1786019614000000000,a72a2c4fe97a2b00ed56a5668be7d9804d06045a77315bedd408710b3c4ea8e6
/content/drive/MyDrive/AISC DeepFake Çalışmaları/Deneyler/Kader/Deney 1/Göz/eye_roi_output/fake/train/combined/fake_train/fake_train_01093__face_00.jpg,4999,1786019615000000000,2a4aa128391d399b9f0e74e3df6293d8aa39e5fffc9e96cb37b1d6bda4b9d91c
/content/drive/MyDrive/AISC DeepFake Çalışmaları/Deneyler/Kader/Deney 1/Göz/eye_roi_output/fake/train/combined/fake_train/fake_train_01094__face_00.jpg,5052,1786019615000000000,7d1fb52623e7bcb1903259af405a3c81700ea33c257b419ef00ce03d90c044d7
/content/drive/MyDrive/AISC DeepFake Çalışmaları/Deneyler/Kader/Deney 1/Göz/eye_roi_output/fake/train/combined/fake_train/fake_train_01095__face_00.jpg,5764,1786019617000000000,ada7e8f43224727172f619dcceeb8dbb7bebf9ea3dfc7e669b679999a57bcce4
/content/drive/MyDrive/AISC DeepFake Çalışmaları/Deneyler/Kader/Deney 1/Göz/eye_roi_output/fake/train/combined/fake_train/fake_train_01096__face_00.jpg,5303,1786019617000000000,9151c36d59771489b73c7711d839e1f65e01d313d9d274d71e6c794637a43c0f
/content/drive/MyDrive/AISC DeepFake Çalışmaları/Deneyler/Kader/Deney 1/Göz/eye_roi_output/fake/train/combined/fake_train/fake_train_01097__face_00.jpg,5672,1786019618000000000,1348dc9d17236b755fa116f65bf585af69e5f4d95fd972ec78f39f54c26990f6
/content/drive/MyDrive/AISC DeepFake Çalışmaları/Deneyler/Kader/Deney 1/Göz/eye_roi_output/fake/train/combined/fake_train/fake_train_01098__face_00.jpg,5433,1786019618000000000,f91ad015a7c6c6a1454ebb860e9296cd2040f0d46b769b68deea57a954fc820e
/content/drive/MyDrive/AISC DeepFake Çalışmaları/Deneyler/Kader/Deney 1/Göz/eye_roi_output/fake/train/combined/fake_train/fake_train_01099__face_00.jpg,4991,1786019618000000000,713007bfc2e5634576eed9c58a41778c78ebfff8476e0e4705e88d68a58f0ff7
/content/drive/MyDrive/AISC DeepFake Çalışmaları/Deneyler/Kader/Deney 1/Göz/eye_roi_output/fake/train/combined/fake_train/fake_train_01100__face_00.jpg,5642,1786019619000000000,dd8dd98a88a137dfee49d42eb3377f50d8e73128d583847b5dc80dc161346b6b
/content/drive/MyDrive/AISC DeepFake Çalışmaları/Deneyler/Kader/Deney 1/Göz/eye_roi_output/fake/train/combined/fake_train/fake_train_01102__face_00.jpg,5706,1786019619000000000,6af445a950a911b9cceb562c2a44cc924d109cd8328465df50411b1e9b54b1d6
/content/drive/MyDrive/AISC DeepFake Çalışmaları/Deneyler/Kader/Deney 1/Göz/eye_roi_output/fake/train/combined/fake_train/fake_train_01103__face_00.jpg,4506,1786019620000000000,b823820f6a055c3d157fa290a6d550004eb964672ba0fbf66bed8ee23f34b28f
/content/drive/MyDrive/AISC DeepFake Çalışmaları/Deneyler/Kader/Deney 1/Göz/eye_roi_output/fake/train/combined/fake_train/fake_train_01104__face_00.jpg,5178,1786019621000000000,d789f9523c14f979b64677e0c98fa2bf7a0d9c6b733bbbffa4ccdc365f66b07a
/content/drive/MyDrive/AISC DeepFake Çalışmaları/Deneyler/Kader/Deney 1/Göz/eye_roi_output/fake/train/combined/fake_train/fake_train_01105__face_00.jpg,4558,1786019621000000000,9387b3da2250bd5e5698ca4a5ca99f6b1737512e1245a91a244ed36770356f33
/content/drive/MyDrive/AISC DeepFake Çalışmaları/Deneyler/Kader/Deney 1/Göz/eye_roi_output/fake/train/combined/fake_train/fake_train_01106__face_00.jpg,4431,1786019621000000000,9edb5692870b95c0fea0756e1d1a9292077f539cd9209dfabf2bec132282c1c8
/content/drive/MyDrive/AISC DeepFake Çalışmaları/Deneyler/Kader/Deney 1/Göz/eye_roi_output/fake/train/combined/fake_train/fake_train_01107__face_00.jpg,6134,1786019622000000000,29c4eb504b8e238f48e3080f0197d1c59530dbaa0e9e144a81134fe92c3cc547
/content/drive/MyDrive/AISC DeepFake Çalışmaları/Deneyler/Kader/Deney 1/Göz/eye_roi_output/fake/train/combined/fake_train/fake_train_01108__face_00.jpg,5743,1786019622000000000,b0e5e1038d3bdcee875beb546836df1483bb288e80678a0aa9ea680b970c4a38
/content/drive/MyDrive/AISC DeepFake Çalışmaları/Deneyler/Kader/Deney 1/Göz/eye_roi_output/fake/train/combined/fake_train/fake_train_01109__face_00.jpg,4734,1786019623000000000,0c117338e432608f753ff3d84b393a2dbf6ba8c6595150f1a3f0a2bc59acb502
/content/drive/MyDrive/AISC DeepFake Çalışmaları/Deneyler/Kader/Deney 1/Göz/eye_roi_output/fake/train/combined/fake_train/fake_train_01110__face_00.jpg,5273,1786019624000000000,f0cdd1df16fb35758bf2851a626bf53ab69a04ec6946018448bea0f977b7b763
/content/drive/MyDrive/AISC DeepFake Çalışmaları/Deneyler/Kader/Deney 1/Göz/eye_roi_output/fake/train/combined/fake_train/fake_train_01110__face_01.jpg,5614,1786019624000000000,b4848699fa210761b28ac42e71f0578e61c28ec59b7a68f9f649f660bfe9ec40
/content/drive/MyDrive/AISC DeepFake Çalışmaları/Deneyler/Kader/Deney 1/Göz/eye_roi_output/fake/train/combined/fake_train/fake_train_01111__face_00.jpg,5063,1786019624000000000,3303d105f381a2f3cc7f79aea197d997b98f49c903102661518d42d0ccd3304f
/content/drive/MyDrive/AISC DeepFake Çalışmaları/Deneyler/Kader/Deney 1/Göz/eye_roi_output/fake/train/combined/fake_train/fake_train_01112__face_00.jpg,5427,1786019625000000000,45834c1561c7e78aab55150cf14e471f8971ca34daeb131cd7e2be5cfb32a147
/content/drive/MyDrive/AISC DeepFake Çalışmaları/Deneyler/Kader/Deney 1/Göz/eye_roi_output/fake/train/combined/fake_train/fake_train_01113__face_00.jpg,5168,1786019626000000000,157ef72bdf8e94138c7488b0a7c386933d1291adc36ce20261f36921e7b9638c
/content/drive/MyDrive/AISC DeepFake Çalışmaları/Deneyler/Kader/Deney 1/Göz/eye_roi_output/fake/train/combined/fake_train/fake_train_01114__face_00.jpg,5170,1786019626000000000,0911988e2ffb38a08df03054ec08afca8bb8230a1e48c8355e0745129c908d49
/content/drive/MyDrive/AISC DeepFake Çalışmaları/Deneyler/Kader/Deney 1/Göz/eye_roi_output/fake/train/combined/fake_train/fake_train_01115__face_00.jpg,4552,1786019627000000000,c5b8b861348c5aaea461c95a08287901029f94c572ed4ba55dcbe4f2cbef608b
/content/drive/MyDrive/AISC DeepFake Çalışmaları/Deneyler/Kader/Deney 1/Göz/eye_roi_output/fake/train/combined/fake_train/fake_train_01116__face_00.jpg,4653,1786019627000000000,58bcf337077c4f974826a1cf06d089274a69dfee61f64b034b63cc315d5b4698
/content/drive/MyDrive/AISC DeepFake Çalışmaları/Deneyler/Kader/Deney 1/Göz/eye_roi_output/fake/train/combined/fake_train/fake_train_01117__face_00.jpg,5259,1786019628000000000,d24f6c810e815615eb01abae211cc7478d95b28542a5b24b6be77d93f15c4337
/content/drive/MyDrive/AISC DeepFake Çalışmaları/Deneyler/Kader/Deney 1/Göz/eye_roi_output/fake/train/combined/fake_train/fake_train_01118__face_00.jpg,5060,1786019628000000000,78e8fce0dfb1f306cbdf49a25cb91b1594924c581c522f94e5a31eeeb3a52cf1
/content/drive/MyDrive/AISC DeepFake Çalışmaları/Deneyler/Kader/Deney 1/Göz/eye_roi_output/fake/train/combined/fake_train/fake_train_01119__face_00.jpg,5573,1786019628000000000,26bd79aa55859cc007623cad9a13b90d5db6f9c0663e2d2fac91b881686ea1d0
/content/drive/MyDrive/AISC DeepFake Çalışmaları/Deneyler/Kader/Deney 1/Göz/eye_roi_output/fake/train/combined/fake_train/fake_train_01120__face_00.jpg,4993,1786019629000000000,48fe55a0467a09576ff54958edf774183200951d31ce16c99f023de59463ad7d
/content/drive/MyDrive/AISC DeepFake Çalışmaları/Deneyler/Kader/Deney 1/Göz/eye_roi_output/fake/train/combined/fake_train/fake_train_01121__face_00.jpg,5500,1786019630000000000,8499fba5f98a7cc60fdfb8c21300e1f5966ee1ae9c4e4df63c36977579c7193d
/content/drive/MyDrive/AISC DeepFake Çalışmaları/Deneyler/Kader/Deney 1/Göz/eye_roi_output/fake/train/combined/fake_train/fake_train_01122__face_00.jpg,4920,1786019630000000000,1b1ed1f7cfa9a075dbb1ae62dde437a367ff132a08702ad12f7b443ff230005e
/content/drive/MyDrive/AISC DeepFake Çalışmaları/Deneyler/Kader/Deney 1/Göz/eye_roi_output/fake/train/combined/fake_train/fake_train_01123__face_00.jpg,5380,1786019631000000000,0108a26842e9248687cb81d03d894501de8b62012183ee73b34bbb4a1adc1aaa
/content/drive/MyDrive/AISC DeepFake Çalışmaları/Deneyler/Kader/Deney 1/Göz/eye_roi_output/fake/train/combined/fake_train/fake_train_01124__face_00.jpg,4683,1786019631000000000,7cbcf73c4bf645b361e1a0a5ac9f9d06dc75dbbd6373c3d256477540b260d5bd
/content/drive/MyDrive/AISC DeepFake Çalışmaları/Deneyler/Kader/Deney 1/Göz/eye_roi_output/fake/train/combined/fake_train/fake_train_01125__face_00.jpg,4629,1786019632000000000,34862a3ed7ba3bbf7337900f51fbf2d503de89aa7031ffa7cce8f9e5683e1ed8
/content/drive/MyDrive/AISC DeepFake Çalışmaları/Deneyler/Kader/Deney 1/Göz/eye_roi_output/fake/train/combined/fake_train/fake_train_01126__face_00.jpg,5334,1786019632000000000,322f644fea79571eb833f877aa08dcfe71842d1ff09a183e3479a5cdbb9570de
/content/drive/MyDrive/AISC DeepFake Çalışmaları/Deneyler/Kader/Deney 1/Göz/eye_roi_output/fake/train/combined/fake_train/fake_train_01128__face_00.jpg,3866,1786019633000000000,50ce9a2a01e1ec85f0737f7778aa9f2a9b1d1bb58c4a2c368eebcc1494c06588
/content/drive/MyDrive/AISC DeepFake Çalışmaları/Deneyler/Kader/Deney 1/Göz/eye_roi_output/fake/train/combined/fake_train/fake_train_01129__face_00.jpg,4936,1786019633000000000,deb4c0fa17f0e3a5400d579bbb34ea4ef0f8218dc1d43434627af2f9037b86d1
/content/drive/MyDrive/AISC DeepFake Çalışmaları/Deneyler/Kader/Deney 1/Göz/eye_roi_output/fake/train/combined/fake_train/fake_train_01130__face_00.jpg,7909,1786019634000000000,7548eee50816aa248de7a8e89b41dcd371862362e519c0e3d17b41d8fc7b8b0e
/content/drive/MyDrive/AISC DeepFake Çalışmaları/Deneyler/Kader/Deney 1/Göz/eye_roi_output/fake/train/combined/fake_train/fake_train_01131__face_00.jpg,5367,1786019634000000000,0e19c27974243ab70f4ab8f2d085d01a7c3e1bb73826b572a99785d1b1afd84b
/content/drive/MyDrive/AISC DeepFake Çalışmaları/Deneyler/Kader/Deney 1/Göz/eye_roi_output/fake/train/combined/fake_train/fake_train_01132__face_00.jpg,4538,1786019635000000000,27992960a2d5d3e79f9da423c784cad4bae3827bdf9a1262ef8c48d36ca7305b
/content/drive/MyDrive/AISC DeepFake Çalışmaları/Deneyler/Kader/Deney 1/Göz/eye_roi_output/fake/train/combined/fake_train/fake_train_01133__face_00.jpg,5381,1786019635000000000,a79a46dce19d7eae7fa80e5e317a53546cfc81e4fc5e7ab8afd99619eebd66f5
/content/drive/MyDrive/AISC DeepFake Çalışmaları/Deneyler/Kader/Deney 1/Göz/eye_roi_output/fake/train/combined/fake_train/fake_train_01134__face_00.jpg,5264,1786019635000000000,05b4766aad8d6aed22697742923f77cdf86005ac37ef58f97a139431a4b8bda3
/content/drive/MyDrive/AISC DeepFake Çalışmaları/Deneyler/Kader/Deney 1/Göz/eye_roi_output/fake/train/combined/fake_train/fake_train_01135__face_00.jpg,5545,1786019636000000000,01546a830a16c008315fce673c3d54da02f74db52a501a86867b050aae18cf3a
/content/drive/MyDrive/AISC DeepFake Çalışmaları/Deneyler/Kader/Deney 1/Göz/eye_roi_output/fake/train/combined/fake_train/fake_train_01136__face_00.jpg,5274,1786019636000000000,d304fbec7fd505659947d76503ead919efef0cfed0b287af9838a270c0d5e65b
/content/drive/MyDrive/AISC DeepFake Çalışmaları/Deneyler/Kader/Deney 1/Göz/eye_roi_output/fake/train/combined/fake_train/fake_train_01137__face_00.jpg,5365,1786019637000000000,1a0a2e3e9d833241af42d10de13b27e3ae049be44e3e80ffaa09189f57551a14
/content/drive/MyDrive/AISC DeepFake Çalışmaları/Deneyler/Kader/Deney 1/Göz/eye_roi_output/fake/train/combined/fake_train/fake_train_01138__face_00.jpg,5243,1786019637000000000,d2571f7575c998b8bd4b8e051c617d5531e448e23e808d7d75bf2dd8fae33e55
/content/drive/MyDrive/AISC DeepFake Çalışmaları/Deneyler/Kader/Deney 1/Göz/eye_roi_output/fake/train/combined/fake_train/fake_train_01139__face_00.jpg,5497,1786019637000000000,a8680e1f74de2bceb0538a48512974c6bff92fa89996d622aea9dd0e5083c319
/content/drive/MyDrive/AISC DeepFake Çalışmaları/Deneyler/Kader/Deney 1/Göz/eye_roi_output/fake/train/combined/fake_train/fake_train_01139__face_01.jpg,6266,1786019638000000000,31f7d4c654e20f0f8856972b84cd56dbb2bc86a4ec3d4c6be9ef7fb4443c076b
/content/drive/MyDrive/AISC DeepFake Çalışmaları/Deneyler/Kader/Deney 1/Göz/eye_roi_output/fake/train/combined/fake_train/fake_train_01140__face_00.jpg,5566,1786019638000000000,8b784da1f8e9726ccf908bcff38316beb896524bda1863b9fa7f7779532044e3
/content/drive/MyDrive/AISC DeepFake Çalışmaları/Deneyler/Kader/Deney 1/Göz/eye_roi_output/fake/train/combined/fake_train/fake_train_01141__face_00.jpg,4011,1786019638000000000,a83a785d8a586abd273b2fe4d7533456607075b075048a550133a7e7ad8bdcc0
/content/drive/MyDrive/AISC DeepFake Çalışmaları/Deneyler/Kader/Deney 1/Göz/eye_roi_output/fake/train/combined/fake_train/fake_train_01142__face_00.jpg,5501,1786019639000000000,7185365ae8cc8cd544493fe5a593e13e0da64786f9856ec9f820732ed8a3a5ac
/content/drive/MyDrive/AISC DeepFake Çalışmaları/Deneyler/Kader/Deney 1/Göz/eye_roi_output/fake/train/combined/fake_train/fake_train_01143__face_00.jpg,6510,1786019641000000000,1c996e2f9bf6e572b16c8cf16696f4bd90ce10ec8f05dd0039ec8b6fdd38e648
/content/drive/MyDrive/AISC DeepFake Çalışmaları/Deneyler/Kader/Deney 1/Göz/eye_roi_output/fake/train/combined/fake_train/fake_train_01143__face_01.jpg,4315,1786019641000000000,7613fde4702de715666c05a50828a0610a2e1689bef24b4a02b065d96bf1a500
/content/drive/MyDrive/AISC DeepFake Çalışmaları/Deneyler/Kader/Deney 1/Göz/eye_roi_output/fake/train/combined/fake_train/fake_train_01144__face_00.jpg,5026,1786019641000000000,c9b43014754fba38a366400134a64420f3b96dc712202f363b51549022389d64
/content/drive/MyDrive/AISC DeepFake Çalışmaları/Deneyler/Kader/Deney 1/Göz/eye_roi_output/fake/train/combined/fake_train/fake_train_01145__face_00.jpg,5903,1786019642000000000,3ba08fa5268c2812ed71b0008975295ccf5474af101585574b4e079b4ba3e2b1
/content/drive/MyDrive/AISC DeepFake Çalışmaları/Deneyler/Kader/Deney 1/Göz/eye_roi_output/fake/train/combined/fake_train/fake_train_01146__face_00.jpg,4286,1786019642000000000,24178994123c9ea0e6d979f16bfd067c640d96550833edd60d5f938d09d9dade
/content/drive/MyDrive/AISC DeepFake Çalışmaları/Deneyler/Kader/Deney 1/Göz/eye_roi_output/fake/train/combined/fake_train/fake_train_01147__face_00.jpg,5200,1786019643000000000,32110181559303c68e7a05a226d012cd5e63205bdb5d99dcd8ba6c7586a301ad
/content/drive/MyDrive/AISC DeepFake Çalışmaları/Deneyler/Kader/Deney 1/Göz/eye_roi_output/fake/train/combined/fake_train/fake_train_01148__face_00.jpg,4653,1786019643000000000,d15977ecf40c2a11bb83461a6868acb7aa28868d0c35ea17c6dc40eaced15820
/content/drive/MyDrive/AISC DeepFake Çalışmaları/Deneyler/Kader/Deney 1/Göz/eye_roi_output/fake/train/combined/fake_train/fake_train_01149__face_00.jpg,4613,1786019644000000000,0752c216cb624547bf75e15523767ffe8258fe2e21ada830da57f81128d14c25
/content/drive/MyDrive/AISC DeepFake Çalışmaları/Deneyler/Kader/Deney 1/Göz/eye_roi_output/fake/train/combined/fake_train/fake_train_01150__face_00.jpg,4910,1786019644000000000,50a70af6f58374ecae479674e378c2fac0b166a1572ca3d7ed8d3788c2fc081f
/content/drive/MyDrive/AISC DeepFake Çalışmaları/Deneyler/Kader/Deney 1/Göz/eye_roi_output/fake/train/combined/fake_train/fake_train_01151__face_00.jpg,4690,1786019644000000000,1f19360e348492d0fb3996e8c072b6f9a346213896efc3ea53cf415786d86e1d
/content/drive/MyDrive/AISC DeepFake Çalışmaları/Deneyler/Kader/Deney 1/Göz/eye_roi_output/fake/train/combined/fake_train/fake_train_01152__face_00.jpg,5235,1786019645000000000,3ae892a8e74a1a636db5d856fd25ad6e991b7df020eaeece920f94ae60ae212c
/content/drive/MyDrive/AISC DeepFake Çalışmaları/Deneyler/Kader/Deney 1/Göz/eye_roi_output/fake/train/combined/fake_train/fake_train_01153__face_00.jpg,3807,1786019645000000000,6ca94d50cd73b6393442a2a7dd311c1a5158095fd5ae371b15e7299bfaa32727
/content/drive/MyDrive/AISC DeepFake Çalışmaları/Deneyler/Kader/Deney 1/Göz/eye_roi_output/fake/train/combined/fake_train/fake_train_01154__face_00.jpg,5195,1786019646000000000,fb603a4397fda689e0245cf316cf1cc4a24f6ae5756549116a9b37aeaeeb59c8
/content/drive/MyDrive/AISC DeepFake Çalışmaları/Deneyler/Kader/Deney 1/Göz/eye_roi_output/fake/train/combined/fake_train/fake_train_01155__face_00.jpg,5178,1786019646000000000,ba45618adb50eb259a62629be892d52a5809ede523210731a28d7ff558958bc4
/content/drive/MyDrive/AISC DeepFake Çalışmaları/Deneyler/Kader/Deney 1/Göz/eye_roi_output/fake/train/combined/fake_train/fake_train_01156__face_00.jpg,4952,1786019647000000000,83551910521feb81c4dddf2e562a5ae806c259369ee1abd278cff5a64551ca92
/content/drive/MyDrive/AISC DeepFake Çalışmaları/Deneyler/Kader/Deney 1/Göz/eye_roi_output/fake/train/combined/fake_train/fake_train_01157__face_00.jpg,4934,1786019647000000000,38a57da62de57ea15c42635e68bd63973776ccacddcea4488f88124b17bbacc6
/content/drive/MyDrive/AISC DeepFake Çalışmaları/Deneyler/Kader/Deney 1/Göz/eye_roi_output/fake/train/combined/fake_train/fake_train_01158__face_00.jpg,4739,1786019647000000000,d4486c686d1af464cfd0ee26459d514d60a71e7202d93be9405e937459bce576
/content/drive/MyDrive/AISC DeepFake Çalışmaları/Deneyler/Kader/Deney 1/Göz/eye_roi_output/fake/train/combined/fake_train/fake_train_01159__face_00.jpg,6077,1786019648000000000,f7b87ce686db738afbbbeecc6c00f68ec8f16fff66e8e8710750c6b46e351400
/content/drive/MyDrive/AISC DeepFake Çalışmaları/Deneyler/Kader/Deney 1/Göz/eye_roi_output/fake/train/combined/fake_train/fake_train_01161__face_00.jpg,4526,1786019649000000000,6085c1eed8f5d3ff57ae81d0958111f66a385e0a2ce84a1632c9e02a0707a5ea
/content/drive/MyDrive/AISC DeepFake Çalışmaları/Deneyler/Kader/Deney 1/Göz/eye_roi_output/fake/train/combined/fake_train/fake_train_01162__face_00.jpg,4602,1786019649000000000,cdac89ec1e1ac47caf55c7721df5624fe0bf9544d59eb90e03cf9e1614bfe208
/content/drive/MyDrive/AISC DeepFake Çalışmaları/Deneyler/Kader/Deney 1/Göz/eye_roi_output/fake/train/combined/fake_train/fake_train_01163__face_00.jpg,5746,1786019649000000000,cd63cbd505ab4375ca8a95e171f98bfeb8c9f5bd4a683dc28142310b3f0bd20b
/content/drive/MyDrive/AISC DeepFake Çalışmaları/Deneyler/Kader/Deney 1/Göz/eye_roi_output/fake/train/combined/fake_train/fake_train_01165__face_00.jpg,4906,1786019651000000000,3675fc7837a949203c87697c62d844939c4cc4651866a4a1789b5e1bf208b2c2
/content/drive/MyDrive/AISC DeepFake Çalışmaları/Deneyler/Kader/Deney 1/Göz/eye_roi_output/fake/train/combined/fake_train/fake_train_01166__face_00.jpg,5855,1786019651000000000,5c241385aa592c2e43dea1fc4e5d59ca91d9d00e82da6b31a94378b030e68c0e
/content/drive/MyDrive/AISC DeepFake Çalışmaları/Deneyler/Kader/Deney 1/Göz/eye_roi_output/fake/train/combined/fake_train/fake_train_01167__face_00.jpg,6030,1786019651000000000,8e07dc55d417d48dbc84d19631eb54bc128e80a4274a64430b7eedcf74ecab5b
/content/drive/MyDrive/AISC DeepFake Çalışmaları/Deneyler/Kader/Deney 1/Göz/eye_roi_output/fake/train/combined/fake_train/fake_train_01168__face_00.jpg,4369,1786019652000000000,e84d091a6be0fef3c6f5ca703a3ef58162e01e39c9d774d6b80572225da7cfc6
/content/drive/MyDrive/AISC DeepFake Çalışmaları/Deneyler/Kader/Deney 1/Göz/eye_roi_output/fake/train/combined/fake_train/fake_train_01169__face_00.jpg,4685,1786019652000000000,1ae85b578708ade56f54583ccfefffc4c3b2e887e2752462a44293c9071ce2a4
/content/drive/MyDrive/AISC DeepFake Çalışmaları/Deneyler/Kader/Deney 1/Göz/eye_roi_output/fake/train/combined/fake_train/fake_train_01170__face_00.jpg,6461,1786019653000000000,ebd21474b412e9e55f6aebfe99d82ee8175c763e19cfa7cc48e1178fda627104
/content/drive/MyDrive/AISC DeepFake Çalışmaları/Deneyler/Kader/Deney 1/Göz/eye_roi_output/fake/train/combined/fake_train/fake_train_01171__face_00.jpg,5288,1786019656000000000,797993e86c45830a515a151147dae45a8c0c191272278127bd6fe3d90325b194
/content/drive/MyDrive/AISC DeepFake Çalışmaları/Deneyler/Kader/Deney 1/Göz/eye_roi_output/fake/train/combined/fake_train/fake_train_01172__face_00.jpg,5254,1786019657000000000,a1360f76154b5cfc8b0a94230685a4530da6c50720bd5cf8ee07cfb95966644c
/content/drive/MyDrive/AISC DeepFake Çalışmaları/Deneyler/Kader/Deney 1/Göz/eye_roi_output/fake/train/combined/fake_train/fake_train_01173__face_00.jpg,4756,1786019657000000000,70b4a5895c3695ea56f0cd0e83fd967acba0f3acacb63e93e954527324ecfbe1
/content/drive/MyDrive/AISC DeepFake Çalışmaları/Deneyler/Kader/Deney 1/Göz/eye_roi_output/fake/train/combined/fake_train/fake_train_01175__face_00.jpg,5707,1786019659000000000,e3f3df17eedbc5fac1ad7f62faa662f693a58c7aa8d1a3d154c69c92b8990227
/content/drive/MyDrive/AISC DeepFake Çalışmaları/Deneyler/Kader/Deney 1/Göz/eye_roi_output/fake/train/combined/fake_train/fake_train_01176__face_00.jpg,4745,1786019659000000000,ea5770a9b77923b06479befe482e155379e00c6f44c86ed869dadbd09473249b
/content/drive/MyDrive/AISC DeepFake Çalışmaları/Deneyler/Kader/Deney 1/Göz/eye_roi_output/fake/train/combined/fake_train/fake_train_01178__face_00.jpg,5249,1786019661000000000,906cb53ecca4f8c0392a555e6a0972f0317602752bf2a5de3687944f46776a3a
/content/drive/MyDrive/AISC DeepFake Çalışmaları/Deneyler/Kader/Deney 1/Göz/eye_roi_output/fake/train/combined/fake_train/fake_train_01179__face_00.jpg,4555,1786019662000000000,46c6d8b00203d4f88a295ed9780e5213a27630d93da1ab44aa614c06178a9ad9
/content/drive/MyDrive/AISC DeepFake Çalışmaları/Deneyler/Kader/Deney 1/Göz/eye_roi_output/fake/train/combined/fake_train/fake_train_01180__face_00.jpg,5309,1786019662000000000,26cf8dff1d02c9bd9c62e130a1616f57c38d6e8a9906ebaf10d6693f864afe6e
/content/drive/MyDrive/AISC DeepFake Çalışmaları/Deneyler/Kader/Deney 1/Göz/eye_roi_output/fake/train/combined/fake_train/fake_train_01181__face_00.jpg,5268,1786019663000000000,cf071634a6cbf82dc807a9460a71192827c4fee6c8406ad7307b1493d6a24ec9
/content/drive/MyDrive/AISC DeepFake Çalışmaları/Deneyler/Kader/Deney 1/Göz/eye_roi_output/fake/train/combined/fake_train/fake_train_01182__face_00.jpg,4741,1786019663000000000,5a4d67f5f7fdf93178c62a15c7d5b6ab910c05483b277b2d86cdd390f84caf17
/content/drive/MyDrive/AISC DeepFake Çalışmaları/Deneyler/Kader/Deney 1/Göz/eye_roi_output/fake/train/combined/fake_train/fake_train_01183__face_00.jpg,5183,1786019663000000000,108620ca647b5ab399749ea749ec30165e0f331c41abedf57effad702ed131c8
/content/drive/MyDrive/AISC DeepFake Çalışmaları/Deneyler/Kader/Deney 1/Göz/eye_roi_output/fake/train/combined/fake_train/fake_train_01184__face_00.jpg,4774,1786019664000000000,bc8771710dba27445f467cf5d1ad3729eec2371069b311814e1161917b9331fe
/content/drive/MyDrive/AISC DeepFake Çalışmaları/Deneyler/Kader/Deney 1/Göz/eye_roi_output/fake/train/combined/fake_train/fake_train_01185__face_00.jpg,4672,1786019664000000000,0fb8a8c2734e23575b4befc493c3ec613c6ea2a34afe5e12d341619e3864b67e
/content/drive/MyDrive/AISC DeepFake Çalışmaları/Deneyler/Kader/Deney 1/Göz/eye_roi_output/fake/train/combined/fake_train/fake_train_01186__face_00.jpg,4994,1786019665000000000,c5376e47b741a5f29330d3facf90b3a0c642d74e2c000e8a88c97ccd3d65ff23
/content/drive/MyDrive/AISC DeepFake Çalışmaları/Deneyler/Kader/Deney 1/Göz/eye_roi_output/fake/train/combined/fake_train/fake_train_01187__face_00.jpg,5239,1786019665000000000,19030dd38bfd23e976abb47955bf8fc81b324beed566161359aeee102901bea7
/content/drive/MyDrive/AISC DeepFake Çalışmaları/Deneyler/Kader/Deney 1/Göz/eye_roi_output/fake/train/combined/fake_train/fake_train_01188__face_00.jpg,5013,1786019665000000000,46be70bf7ce4e55f57666a73aba54dc7016918792320c857b4b9b8597a31f372
/content/drive/MyDrive/AISC DeepFake Çalışmaları/Deneyler/Kader/Deney 1/Göz/eye_roi_output/fake/train/combined/fake_train/fake_train_01189__face_00.jpg,4260,1786019666000000000,8a0b792131131eea3ed6042fc48cbf9487960491d5f20fcb49e330f8e9b706bf
/content/drive/MyDrive/AISC DeepFake Çalışmaları/Deneyler/Kader/Deney 1/Göz/eye_roi_output/fake/train/combined/fake_train/fake_train_01190__face_00.jpg,5623,1786019666000000000,44333329995f0e6e62ec5ed7ba839589e25128acf2373191ad495f602e89a718
/content/drive/MyDrive/AISC DeepFake Çalışmaları/Deneyler/Kader/Deney 1/Göz/eye_roi_output/fake/train/combined/fake_train/fake_train_01191__face_00.jpg,6073,1786019677000000000,7b54c72e2ee492e5834b7afd968b22fa28faa365d1047a1fc08c55b692aad5f0
/content/drive/MyDrive/AISC DeepFake Çalışmaları/Deneyler/Kader/Deney 1/Göz/eye_roi_output/fake/train/combined/fake_train/fake_train_01192__face_00.jpg,5310,1786019677000000000,b7dae483019fec2fbd5c8771cb2b966d8e790d4af8ae88ec4b0933e11fdfc88c
/content/drive/MyDrive/AISC DeepFake Çalışmaları/Deneyler/Kader/Deney 1/Göz/eye_roi_output/fake/train/combined/fake_train/fake_train_01193__face_00.jpg,5813,1786019678000000000,d0f2b76b477c79ae29997788d1026fa9f9deec673537312a35c96207f7af6caa
/content/drive/MyDrive/AISC DeepFake Çalışmaları/Deneyler/Kader/Deney 1/Göz/eye_roi_output/fake/train/combined/fake_train/fake_train_01194__face_00.jpg,5184,1786019678000000000,00c2b4f2477e510bc278bcd158a86b3a477b5868c08d18389f42304d675cb145
/content/drive/MyDrive/AISC DeepFake Çalışmaları/Deneyler/Kader/Deney 1/Göz/eye_roi_output/fake/train/combined/fake_train/fake_train_01195__face_00.jpg,5864,1786019679000000000,b1aa9b455be370019297c70024fd863f33b7b404dadab8db0a2949b40d704240
/content/drive/MyDrive/AISC DeepFake Çalışmaları/Deneyler/Kader/Deney 1/Göz/eye_roi_output/fake/train/combined/fake_train/fake_train_01196__face_00.jpg,5164,1786019679000000000,c83a0f968a9c726bd75fe992f28452fe018172945ea83eeff9e55128620925b8
/content/drive/MyDrive/AISC DeepFake Çalışmaları/Deneyler/Kader/Deney 1/Göz/eye_roi_output/fake/train/combined/fake_train/fake_train_01197__face_00.jpg,5314,1786019680000000000,eab33bc27a9c246775c5a23979e64b7cb55d6856bb2178e3e13321ed3031a9df
/content/drive/MyDrive/AISC DeepFake Çalışmaları/Deneyler/Kader/Deney 1/Göz/eye_roi_output/fake/train/combined/fake_train/fake_train_01198__face_00.jpg,4059,1786019680000000000,2a0eea20387d21f85595952600fd25b4b15d396beffdd7fb7e4dfc38304a5c7c
/content/drive/MyDrive/AISC DeepFake Çalışmaları/Deneyler/Kader/Deney 1/Göz/eye_roi_output/fake/train/combined/fake_train/fake_train_01199__face_00.jpg,4917,1786019681000000000,687e682ee7489773ee635b54bfe67dae1464c6a22f8a75f8a5a8042edc99ef16
/content/drive/MyDrive/AISC DeepFake Çalışmaları/Deneyler/Kader/Deney 1/Göz/eye_roi_output/fake/val/combined/fake_val/fake_val_00000__face_00.jpg,4805,1786019681000000000,0c11214947a40914d3b52fb035a99a14bc1db971b4e082e1145a16af7174915d
/content/drive/MyDrive/AISC DeepFake Çalışmaları/Deneyler/Kader/Deney 1/Göz/eye_roi_output/fake/val/combined/fake_val/fake_val_00001__face_00.jpg,5388,1786019681000000000,406df64c2ea9c3b4e72662268e3d8f8f5998abeeb3f9a2f2a10d94ca31a416fc
/content/drive/MyDrive/AISC DeepFake Çalışmaları/Deneyler/Kader/Deney 1/Göz/eye_roi_output/fake/val/combined/fake_val/fake_val_00002__face_00.jpg,4709,1786019682000000000,6e1220c8d22bfb4bb1598b06f3f46ce4f301a7bb2ccd18cfb1d85798ee221726
/content/drive/MyDrive/AISC DeepFake Çalışmaları/Deneyler/Kader/Deney 1/Göz/eye_roi_output/fake/val/combined/fake_val/fake_val_00003__face_00.jpg,5454,1786019682000000000,ae59776ce8f7d8f277e111b99314ac5f21e36480b4e1b89ca0133f78225c9b92
/content/drive/MyDrive/AISC DeepFake Çalışmaları/Deneyler/Kader/Deney 1/Göz/eye_roi_output/fake/val/combined/fake_val/fake_val_00004__face_00.jpg,6192,1786019683000000000,c9a64999a3920476f94b7ca2124aaef4fa402019267c1339f8daf26500c1b859
/content/drive/MyDrive/AISC DeepFake Çalışmaları/Deneyler/Kader/Deney 1/Göz/eye_roi_output/fake/val/combined/fake_val/fake_val_00005__face_00.jpg,4855,1786019683000000000,768dcdb1e2e6f23cfb883650940109e49fd4b32fe9d192c867f896e736d7c475
/content/drive/MyDrive/AISC DeepFake Çalışmaları/Deneyler/Kader/Deney 1/Göz/eye_roi_output/fake/val/combined/fake_val/fake_val_00006__face_00.jpg,4678,1786019684000000000,498c189a0502eeb4c230d85d257b66002cacd739f652547a06fea7bcf340b52c
/content/drive/MyDrive/AISC DeepFake Çalışmaları/Deneyler/Kader/Deney 1/Göz/eye_roi_output/fake/val/combined/fake_val/fake_val_00007__face_00.jpg,4603,1786019684000000000,37757facb1cd9c997f1fd39e724c322f3a7ea223ab22b44b849a9ea87af5ded8
/content/drive/MyDrive/AISC DeepFake Çalışmaları/Deneyler/Kader/Deney 1/Göz/eye_roi_output/fake/val/combined/fake_val/fake_val_00008__face_00.jpg,4774,1786019685000000000,a75891593a0c215ff882544afd9f6b7a0a7fddcc5dfb62b42458c6f7652fb6f8
/content/drive/MyDrive/AISC DeepFake Çalışmaları/Deneyler/Kader/Deney 1/Göz/eye_roi_output/fake/val/combined/fake_val/fake_val_00009__face_00.jpg,5127,1786019685000000000,2e914d15b2df176f2359bc9410c5fc0fa5d6bfcf3e87430e6482d070fe5e75a9
/content/drive/MyDrive/AISC DeepFake Çalışmaları/Deneyler/Kader/Deney 1/Göz/eye_roi_output/fake/val/combined/fake_val/fake_val_00009__face_01.jpg,4639,1786019685000000000,de439ceaa16dd1ea8e1e5d8af40d706d559b86ed317df9c9cfead45e90e5bf35
/content/drive/MyDrive/AISC DeepFake Çalışmaları/Deneyler/Kader/Deney 1/Göz/eye_roi_output/fake/val/combined/fake_val/fake_val_00010__face_00.jpg,5070,1786019686000000000,7aeb160f3caed4f73ac76c48fe50e8978407b134ca83ac03bf74036b8fc0288a
/content/drive/MyDrive/AISC DeepFake Çalışmaları/Deneyler/Kader/Deney 1/Göz/eye_roi_output/fake/val/combined/fake_val/fake_val_00011__face_00.jpg,5716,1786019686000000000,8b13d43ee68f64212d86cc680bb8939c55cbd0cd0c29bc82c2062b75719b7301
/content/drive/MyDrive/AISC DeepFake Çalışmaları/Deneyler/Kader/Deney 1/Göz/eye_roi_output/fake/val/combined/fake_val/fake_val_00012__face_00.jpg,4927,1786019687000000000,e23a242eace409196b0b1e882f88f366e0bcc10a774685a63927c42a4b9414e7
/content/drive/MyDrive/AISC DeepFake Çalışmaları/Deneyler/Kader/Deney 1/Göz/eye_roi_output/fake/val/combined/fake_val/fake_val_00014__face_00.jpg,4583,1786019687000000000,c38b485825a16952f8b2ad1bf4b2066f31f3eb53d957b4724364ba02d2f8889f
/content/drive/MyDrive/AISC DeepFake Çalışmaları/Deneyler/Kader/Deney 1/Göz/eye_roi_output/fake/val/combined/fake_val/fake_val_00015__face_00.jpg,4690,1786019688000000000,02dc3252cd11d10db15cd331f429cc57cc5d12b881211a6e89087ce17e672e58
/content/drive/MyDrive/AISC DeepFake Çalışmaları/Deneyler/Kader/Deney 1/Göz/eye_roi_output/fake/val/combined/fake_val/fake_val_00016__face_00.jpg,5307,1786019688000000000,a9e901e7d36eb1d52028ce056728acb33ec2e9da18462dbf4ce44bda2a231eb7
/content/drive/MyDrive/AISC DeepFake Çalışmaları/Deneyler/Kader/Deney 1/Göz/eye_roi_output/fake/val/combined/fake_val/fake_val_00017__face_00.jpg,5126,1786019689000000000,6509f4b27842a5864dd95dfdfc8f41f840fc883a08e2a1dc9957711134ebc70a
/content/drive/MyDrive/AISC DeepFake Çalışmaları/Deneyler/Kader/Deney 1/Göz/eye_roi_output/fake/val/combined/fake_val/fake_val_00018__face_00.jpg,4690,1786019689000000000,8cb882a49065bb29c95ba14ed545d168e6ce60f953d0f471bd9e3184db443987
/content/drive/MyDrive/AISC DeepFake Çalışmaları/Deneyler/Kader/Deney 1/Göz/eye_roi_output/fake/val/combined/fake_val/fake_val_00019__face_00.jpg,5909,1786019689000000000,3d5ed0471c8fb5f442376f4cc2143b75c29652f329090b821757b49b51c79c9d
/content/drive/MyDrive/AISC DeepFake Çalışmaları/Deneyler/Kader/Deney 1/Göz/eye_roi_output/fake/val/combined/fake_val/fake_val_00022__face_00.jpg,5871,1786019691000000000,0350136cad8ddae7c91ef7cf8162df196ba4551595ef2ef2d5d0bca94d438cbf
/content/drive/MyDrive/AISC DeepFake Çalışmaları/Deneyler/Kader/Deney 1/Göz/eye_roi_output/fake/val/combined/fake_val/fake_val_00023__face_00.jpg,5809,1786019692000000000,19e3ce41b3a96d8aaef8966b5deb90843c9abbc77aa61fd21630e56caf8805cb
/content/drive/MyDrive/AISC DeepFake Çalışmaları/Deneyler/Kader/Deney 1/Göz/eye_roi_output/fake/val/combined/fake_val/fake_val_00024__face_00.jpg,5404,1786019692000000000,e86da1f1aaa423ea52c6300720b646243b33394fb4ce0ba847a602ba38c1d448
/content/drive/MyDrive/AISC DeepFake Çalışmaları/Deneyler/Kader/Deney 1/Göz/eye_roi_output/fake/val/combined/fake_val/fake_val_00025__face_00.jpg,5770,1786019692000000000,bf9282fca7956423e93d293198ae9730769613e68cd8d31739a163d7352df55c
/content/drive/MyDrive/AISC DeepFake Çalışmaları/Deneyler/Kader/Deney 1/Göz/eye_roi_output/fake/val/combined/fake_val/fake_val_00026__face_00.jpg,4228,1786019693000000000,76dda5b00c682c78f8627907c4eee84159f7aa289a0e0a5b450882a67fc71407
/content/drive/MyDrive/AISC DeepFake Çalışmaları/Deneyler/Kader/Deney 1/Göz/eye_roi_output/fake/val/combined/fake_val/fake_val_00027__face_00.jpg,5482,1786019693000000000,56c577e4f4feaaf5e7494605900aca7a8569be476da103c261e0ecec6cdd61c0
/content/drive/MyDrive/AISC DeepFake Çalışmaları/Deneyler/Kader/Deney 1/Göz/eye_roi_output/fake/val/combined/fake_val/fake_val_00028__face_00.jpg,6244,1786019694000000000,6dea24dc99b7b6933d216d9d5179c79c556f65e0640d67444c597a08ea58c5e1
/content/drive/MyDrive/AISC DeepFake Çalışmaları/Deneyler/Kader/Deney 1/Göz/eye_roi_output/fake/val/combined/fake_val/fake_val_00029__face_00.jpg,5312,1786019695000000000,4ca5792568bd36e5b10f8eda5cfa9dfc56f6f35e6937f9dd65d480e3bd02ce58
/content/drive/MyDrive/AISC DeepFake Çalışmaları/Deneyler/Kader/Deney 1/Göz/eye_roi_output/fake/val/combined/fake_val/fake_val_00030__face_00.jpg,4983,1786019695000000000,aa0b29a343e8673e722a6039e0d48e96eb2db3b1fda9e081e7f41129c8e7e05e
/content/drive/MyDrive/AISC DeepFake Çalışmaları/Deneyler/Kader/Deney 1/Göz/eye_roi_output/fake/val/combined/fake_val/fake_val_00031__face_00.jpg,4712,1786019696000000000,ac1059b9e89c331205ffa410a3e2cf7644e00cbaf9813944e003a6b7ae0d4803
/content/drive/MyDrive/AISC DeepFake Çalışmaları/Deneyler/Kader/Deney 1/Göz/eye_roi_output/fake/val/combined/fake_val/fake_val_00032__face_00.jpg,6034,1786019697000000000,b61c1ff05f5e0ae1334105f78b9cd35a5d6a14fdffd0793716a471c91422a70b
/content/drive/MyDrive/AISC DeepFake Çalışmaları/Deneyler/Kader/Deney 1/Göz/eye_roi_output/fake/val/combined/fake_val/fake_val_00033__face_00.jpg,5672,1786019697000000000,833ef9665b80b3843f1cea96175f8fe46eb437ec8ea3f8851f37521c4275c351
/content/drive/MyDrive/AISC DeepFake Çalışmaları/Deneyler/Kader/Deney 1/Göz/eye_roi_output/fake/val/combined/fake_val/fake_val_00034__face_00.jpg,5468,1786019698000000000,a2b58a86598167804bfb828eba24af0b811aeb639f15b3dc08dfd2c2a094e812
/content/drive/MyDrive/AISC DeepFake Çalışmaları/Deneyler/Kader/Deney 1/Göz/eye_roi_output/fake/val/combined/fake_val/fake_val_00035__face_00.jpg,5331,1786019698000000000,51068089474d70dbc14415e77a3dffde907769c2b6fa4788cccdf45fdd44f7e5
/content/drive/MyDrive/AISC DeepFake Çalışmaları/Deneyler/Kader/Deney 1/Göz/eye_roi_output/fake/val/combined/fake_val/fake_val_00035__face_01.jpg,5505,1786019698000000000,68c61e69e58a49a52758a4b240187d1a8ea610814968f7fd92e03a3b361a2588
/content/drive/MyDrive/AISC DeepFake Çalışmaları/Deneyler/Kader/Deney 1/Göz/eye_roi_output/fake/val/combined/fake_val/fake_val_00036__face_00.jpg,4132,1786019698000000000,6693532d1219503df6cc01b1998e2e62da9b94b09eb6a3e92945d3748ab654fd
/content/drive/MyDrive/AISC DeepFake Çalışmaları/Deneyler/Kader/Deney 1/Göz/eye_roi_output/fake/val/combined/fake_val/fake_val_00037__face_00.jpg,4851,1786019699000000000,26e136cc1eed0baeae9c2fb1fc44e4038f31ba95d1653368f27ab5237906c8f5
/content/drive/MyDrive/AISC DeepFake Çalışmaları/Deneyler/Kader/Deney 1/Göz/eye_roi_output/fake/val/combined/fake_val/fake_val_00038__face_00.jpg,5112,1786019699000000000,d16aec48c3afe88e4d5a42dbd9d9cbd747fc2c97d511d7c2988f7c4238123a44
/content/drive/MyDrive/AISC DeepFake Çalışmaları/Deneyler/Kader/Deney 1/Göz/eye_roi_output/fake/val/combined/fake_val/fake_val_00039__face_00.jpg,4483,1786019700000000000,0cdd9899d630e6804ee8d1fd44d6857f0e6377a7f47c0141981194c606386d58
/content/drive/MyDrive/AISC DeepFake Çalışmaları/Deneyler/Kader/Deney 1/Göz/eye_roi_output/fake/val/combined/fake_val/fake_val_00040__face_00.jpg,6175,1786019700000000000,356dd1a75faa150fe19ee900611e506e70f5484486ba8d41425f354b77676a3c
/content/drive/MyDrive/AISC DeepFake Çalışmaları/Deneyler/Kader/Deney 1/Göz/eye_roi_output/fake/val/combined/fake_val/fake_val_00041__face_00.jpg,4226,1786019701000000000,82322458ef3a33b888288858a14ec4652cd19268996b7e8f6b57c4ea139805b6
/content/drive/MyDrive/AISC DeepFake Çalışmaları/Deneyler/Kader/Deney 1/Göz/eye_roi_output/fake/val/combined/fake_val/fake_val_00042__face_00.jpg,5323,1786019701000000000,be41ec829582fa2a44611eace5bc7deb3e567fe83b5b42c1d7f8259adc941074
/content/drive/MyDrive/AISC DeepFake Çalışmaları/Deneyler/Kader/Deney 1/Göz/eye_roi_output/fake/val/combined/fake_val/fake_val_00043__face_00.jpg,3989,1786019702000000000,b80c9cd1f4cd0ed615888ec3b718dab154ccc7521924990d2e01e598f8219254
/content/drive/MyDrive/AISC DeepFake Çalışmaları/Deneyler/Kader/Deney 1/Göz/eye_roi_output/fake/val/combined/fake_val/fake_val_00044__face_00.jpg,4951,1786019702000000000,6d6d22f20983f436430ec9ff95898fb7a2dbb75dd98798b54b005e541b1545fe
/content/drive/MyDrive/AISC DeepFake Çalışmaları/Deneyler/Kader/Deney 1/Göz/eye_roi_output/fake/val/combined/fake_val/fake_val_00045__face_00.jpg,4913,1786019703000000000,5ee0de3bdfc437fb234d5a6a7066d8b2879a0df77772e4ba594fbeb63ba51802
/content/drive/MyDrive/AISC DeepFake Çalışmaları/Deneyler/Kader/Deney 1/Göz/eye_roi_output/fake/val/combined/fake_val/fake_val_00046__face_00.jpg,5642,1786019703000000000,43b14dc91f8a0440f36ff86b59f9a6c1994d5621503d7b7f920703933d98c3b9
/content/drive/MyDrive/AISC DeepFake Çalışmaları/Deneyler/Kader/Deney 1/Göz/eye_roi_output/fake/val/combined/fake_val/fake_val_00047__face_00.jpg,5217,1786019704000000000,3fc247685e2292207077e836df3ffacb83062d45276d45efd9d6ec83a286257c
/content/drive/MyDrive/AISC DeepFake Çalışmaları/Deneyler/Kader/Deney 1/Göz/eye_roi_output/fake/val/combined/fake_val/fake_val_00048__face_00.jpg,5286,1786019704000000000,0f41882279e92bffb75d7300af49b9de95d1fb64d8a83f2489cc04800b90c4b5
/content/drive/MyDrive/AISC DeepFake Çalışmaları/Deneyler/Kader/Deney 1/Göz/eye_roi_output/fake/val/combined/fake_val/fake_val_00048__face_01.jpg,5306,1786019704000000000,93d103c1cff6cbff9d8f49f7e026f7e7f0256cf7b51cf774b5e5e7d8e0b29aae
/content/drive/MyDrive/AISC DeepFake Çalışmaları/Deneyler/Kader/Deney 1/Göz/eye_roi_output/fake/val/combined/fake_val/fake_val_00049__face_00.jpg,5633,1786019705000000000,0c1ec05c87e4c32540042d0ce69be6d954aafc0271157e7bb2acb99e952987e6
/content/drive/MyDrive/AISC DeepFake Çalışmaları/Deneyler/Kader/Deney 1/Göz/eye_roi_output/fake/val/combined/fake_val/fake_val_00050__face_00.jpg,5401,1786019705000000000,7050e6043fc6885e7b0e5fe12a76a55b2a3862a5ba8b47593117539b418abdf2
/content/drive/MyDrive/AISC DeepFake Çalışmaları/Deneyler/Kader/Deney 1/Göz/eye_roi_output/fake/val/combined/fake_val/fake_val_00051__face_00.jpg,4690,1786019706000000000,b8b6973773abd6acc2a16f6cd70b47228481d896a8326851f57c813b24349d12
/content/drive/MyDrive/AISC DeepFake Çalışmaları/Deneyler/Kader/Deney 1/Göz/eye_roi_output/fake/val/combined/fake_val/fake_val_00052__face_00.jpg,4710,1786019706000000000,6827e42c34178e04aabe9c2e856f2fd9c0f4d741624dda9e58f787d64ea2971e
/content/drive/MyDrive/AISC DeepFake Çalışmaları/Deneyler/Kader/Deney 1/Göz/eye_roi_output/fake/val/combined/fake_val/fake_val_00053__face_00.jpg,4426,1786019706000000000,e138aa547b8f23def1c3702e649e25253ea6adca08f1ddb3b68d72a297cd055c
/content/drive/MyDrive/AISC DeepFake Çalışmaları/Deneyler/Kader/Deney 1/Göz/eye_roi_output/fake/val/combined/fake_val/fake_val_00054__face_00.jpg,7079,1786019707000000000,5dc7ba32e0b08a54f9f830a93bfd8c4838bf49738a84559d5385e1b7ca032d29
/content/drive/MyDrive/AISC DeepFake Çalışmaları/Deneyler/Kader/Deney 1/Göz/eye_roi_output/fake/val/combined/fake_val/fake_val_00055__face_00.jpg,5516,1786019708000000000,763ebc1d750f7197e668834dbe655a7a56c0826545f537fd390300d8ce40e631
/content/drive/MyDrive/AISC DeepFake Çalışmaları/Deneyler/Kader/Deney 1/Göz/eye_roi_output/fake/val/combined/fake_val/fake_val_00056__face_00.jpg,6272,1786019709000000000,f81e3623b54555def95f3a64a233be5a684db5a150b6ad41d6ef2749d05ce09d
/content/drive/MyDrive/AISC DeepFake Çalışmaları/Deneyler/Kader/Deney 1/Göz/eye_roi_output/fake/val/combined/fake_val/fake_val_00057__face_00.jpg,4694,1786019709000000000,b222bb06cd31309e8fe7130a759a9507d4acb0fab448a638bb18ba372ede3a93
/content/drive/MyDrive/AISC DeepFake Çalışmaları/Deneyler/Kader/Deney 1/Göz/eye_roi_output/fake/val/combined/fake_val/fake_val_00058__face_00.jpg,4663,1786019710000000000,c4b0af59be966d3eeca4631926e131cfe71ce192d61b557304d8217a7353ebac
/content/drive/MyDrive/AISC DeepFake Çalışmaları/Deneyler/Kader/Deney 1/Göz/eye_roi_output/fake/val/combined/fake_val/fake_val_00059__face_00.jpg,5028,1786019711000000000,762469ae8db47c5ba1d56c3fc049d4a0ece135b735f5145a069118eeb3e988fe
/content/drive/MyDrive/AISC DeepFake Çalışmaları/Deneyler/Kader/Deney 1/Göz/eye_roi_output/fake/val/combined/fake_val/fake_val_00060__face_00.jpg,6669,1786019711000000000,09970b82f1e644e63cd2e7296d4efab89955f69527dbb2364994546f2a49aa2e
/content/drive/MyDrive/AISC DeepFake Çalışmaları/Deneyler/Kader/Deney 1/Göz/eye_roi_output/fake/val/combined/fake_val/fake_val_00061__face_00.jpg,5753,1786019712000000000,29fa637b72c1c9f033a60792ca1aa398a587f973350f1bedd9fdbbc9b538892b
/content/drive/MyDrive/AISC DeepFake Çalışmaları/Deneyler/Kader/Deney 1/Göz/eye_roi_output/fake/val/combined/fake_val/fake_val_00062__face_00.jpg,5589,1786019712000000000,e82e228afe4ad2c192b239ab1208f72d4f3b6c756b2d8c3569116f4ac27d1cdb
/content/drive/MyDrive/AISC DeepFake Çalışmaları/Deneyler/Kader/Deney 1/Göz/eye_roi_output/fake/val/combined/fake_val/fake_val_00063__face_00.jpg,5430,1786019713000000000,2d0e1df721ee9035e998b44f739d1ab2a42e8868f20b3c0dbc955460e071b56d
/content/drive/MyDrive/AISC DeepFake Çalışmaları/Deneyler/Kader/Deney 1/Göz/eye_roi_output/fake/val/combined/fake_val/fake_val_00064__face_00.jpg,5824,1786019713000000000,69010e784828ec12b06a858a943b6626c1aeeedaab87275bb157f905915f3256
/content/drive/MyDrive/AISC DeepFake Çalışmaları/Deneyler/Kader/Deney 1/Göz/eye_roi_output/fake/val/combined/fake_val/fake_val_00066__face_00.jpg,4654,1786019714000000000,e9b1fddfc4679600c7cd26f4882e6c6083b8fa5058a82c9fa2584d2b97f680a7
/content/drive/MyDrive/AISC DeepFake Çalışmaları/Deneyler/Kader/Deney 1/Göz/eye_roi_output/fake/val/combined/fake_val/fake_val_00067__face_00.jpg,5366,1786019715000000000,0ec328b33e25e073111b4c6846f6d243f3877b26fb205b576352694f110bb2a8
/content/drive/MyDrive/AISC DeepFake Çalışmaları/Deneyler/Kader/Deney 1/Göz/eye_roi_output/fake/val/combined/fake_val/fake_val_00068__face_00.jpg,4406,1786019716000000000,f489ad3f45d9de1a6cada95566b0329e73b9096d7cb64f3a892e3589d2a7cd79
/content/drive/MyDrive/AISC DeepFake Çalışmaları/Deneyler/Kader/Deney 1/Göz/eye_roi_output/fake/val/combined/fake_val/fake_val_00069__face_00.jpg,5785,1786019716000000000,95d56d4be90210f85f057c63f447a19e8e8ddc555cad7160fa77352e1c06347b
/content/drive/MyDrive/AISC DeepFake Çalışmaları/Deneyler/Kader/Deney 1/Göz/eye_roi_output/fake/val/combined/fake_val/fake_val_00070__face_00.jpg,4805,1786019717000000000,24fbc29b61c9de8f86c504f2266b1989c2ee136e85b24528ab71c1d66ff2d37b
/content/drive/MyDrive/AISC DeepFake Çalışmaları/Deneyler/Kader/Deney 1/Göz/eye_roi_output/fake/val/combined/fake_val/fake_val_00071__face_00.jpg,5421,1786019717000000000,0270bf88cf809cfce75b46e771655c47ad2ee04e4962c1b3c7f9be7b20ad27fd
/content/drive/MyDrive/AISC DeepFake Çalışmaları/Deneyler/Kader/Deney 1/Göz/eye_roi_output/fake/val/combined/fake_val/fake_val_00073__face_00.jpg,4672,1786019718000000000,0a7a9983657511ba489bfec843e1ad6c18c800502fca56e10e9950e098dd5825
/content/drive/MyDrive/AISC DeepFake Çalışmaları/Deneyler/Kader/Deney 1/Göz/eye_roi_output/fake/val/combined/fake_val/fake_val_00074__face_00.jpg,5269,1786019719000000000,c48feb97ddc2962ff766306dda4d37c47b267286093ad14f0882fca4f6316328
/content/drive/MyDrive/AISC DeepFake Çalışmaları/Deneyler/Kader/Deney 1/Göz/eye_roi_output/fake/val/combined/fake_val/fake_val_00075__face_00.jpg,5335,1786019719000000000,8aa44974b45602b6c224df74d4346284508f01e0daff8e9e4de847abdf9d19a7
/content/drive/MyDrive/AISC DeepFake Çalışmaları/Deneyler/Kader/Deney 1/Göz/eye_roi_output/fake/val/combined/fake_val/fake_val_00076__face_00.jpg,5437,1786019720000000000,e0177deac2d8d5ba4d2a15f67610bd3605b06bcb3970d6213730efa710d9c4e3
/content/drive/MyDrive/AISC DeepFake Çalışmaları/Deneyler/Kader/Deney 1/Göz/eye_roi_output/fake/val/combined/fake_val/fake_val_00077__face_00.jpg,5683,1786019721000000000,4b7e35dc339cfa1f2cb0562dfda474eb707e617115c9ed7394a61ba772fdec62
/content/drive/MyDrive/AISC DeepFake Çalışmaları/Deneyler/Kader/Deney 1/Göz/eye_roi_output/fake/val/combined/fake_val/fake_val_00079__face_00.jpg,5416,1786019722000000000,d0cef378a62036ff2d90a3abbc1120f0d1dff31294a29a7411d8bb55a10dfe10
/content/drive/MyDrive/AISC DeepFake Çalışmaları/Deneyler/Kader/Deney 1/Göz/eye_roi_output/fake/val/combined/fake_val/fake_val_00080__face_00.jpg,5441,1786019723000000000,a1ceff10857a076fd39fb6163fe5922c301ae801cf0e65ac238326af40045b2f
/content/drive/MyDrive/AISC DeepFake Çalışmaları/Deneyler/Kader/Deney 1/Göz/eye_roi_output/fake/val/combined/fake_val/fake_val_00081__face_00.jpg,4728,1786019723000000000,502417916db98fd63ef6868bc1fec35af39c8740c6a1adc2e950d160b3ff732d
/content/drive/MyDrive/AISC DeepFake Çalışmaları/Deneyler/Kader/Deney 1/Göz/eye_roi_output/fake/val/combined/fake_val/fake_val_00083__face_00.jpg,4722,1786019724000000000,f88a7f45fdede21293ea7b48410404d3a6b52986f325f6fd2f0b81bb46d00e3f
/content/drive/MyDrive/AISC DeepFake Çalışmaları/Deneyler/Kader/Deney 1/Göz/eye_roi_output/fake/val/combined/fake_val/fake_val_00084__face_00.jpg,4785,1786019724000000000,67570d0f3a7d550639b53215949cf798a1f61d33a73153cd99761e89ffa88be3
/content/drive/MyDrive/AISC DeepFake Çalışmaları/Deneyler/Kader/Deney 1/Göz/eye_roi_output/fake/val/combined/fake_val/fake_val_00085__face_00.jpg,4885,1786019725000000000,17ac999c5dad23624f97b5cd2d6615a47aa0a8b3fa84f6d95cc80d8f9b022e6e
/content/drive/MyDrive/AISC DeepFake Çalışmaları/Deneyler/Kader/Deney 1/Göz/eye_roi_output/fake/val/combined/fake_val/fake_val_00087__face_00.jpg,4621,1786019726000000000,82da90351c75d21f32a2b5d3e3c52c30ee640d330bcc68fc4979ba3bc369b545
/content/drive/MyDrive/AISC DeepFake Çalışmaları/Deneyler/Kader/Deney 1/Göz/eye_roi_output/fake/val/combined/fake_val/fake_val_00088__face_00.jpg,4592,1786019726000000000,b2cbbaa9031a06dc3285d4f3638da0fc9afd4c1ff59b6878c07788177dba84f3
/content/drive/MyDrive/AISC DeepFake Çalışmaları/Deneyler/Kader/Deney 1/Göz/eye_roi_output/fake/val/combined/fake_val/fake_val_00089__face_00.jpg,5575,1786019726000000000,c51fe10b7b07c41cfea365df76c2849ad5dff7b80a312fe2919296b2548f54c7
/content/drive/MyDrive/AISC DeepFake Çalışmaları/Deneyler/Kader/Deney 1/Göz/eye_roi_output/fake/val/combined/fake_val/fake_val_00090__face_00.jpg,5314,1786019727000000000,59180fc2cf5241e009e6f414c4e9dcb7233252b9493d04f669dd49b530965041
/content/drive/MyDrive/AISC DeepFake Çalışmaları/Deneyler/Kader/Deney 1/Göz/eye_roi_output/fake/val/combined/fake_val/fake_val_00091__face_00.jpg,4509,1786019727000000000,3673d04983d85db8538dead599d43963a342ecd817b41d24f153ac9cbdd8cda1
/content/drive/MyDrive/AISC DeepFake Çalışmaları/Deneyler/Kader/Deney 1/Göz/eye_roi_output/fake/val/combined/fake_val/fake_val_00092__face_00.jpg,4911,1786019728000000000,d3a5c2cfa0aad8bd5f356ffa39164aaa24cfeba80a005f90e28380f82e96f3e8
/content/drive/MyDrive/AISC DeepFake Çalışmaları/Deneyler/Kader/Deney 1/Göz/eye_roi_output/fake/val/combined/fake_val/fake_val_00093__face_00.jpg,3994,1786019728000000000,bce7536ddd3ca7180d4befdf3d4c59e9bb85f14a56fdfd254a7644ea2af1281b
/content/drive/MyDrive/AISC DeepFake Çalışmaları/Deneyler/Kader/Deney 1/Göz/eye_roi_output/fake/val/combined/fake_val/fake_val_00094__face_00.jpg,5142,1786019728000000000,fe983d1ef34b271c487bfe57e4890f161263e253c6390dd50bef568cd839581d
/content/drive/MyDrive/AISC DeepFake Çalışmaları/Deneyler/Kader/Deney 1/Göz/eye_roi_output/fake/val/combined/fake_val/fake_val_00095__face_00.jpg,5140,1786019729000000000,c92c13ee59cddb26d91f01c9c6e965b2ae27c93722ca9866a3a831376a200f5d
/content/drive/MyDrive/AISC DeepFake Çalışmaları/Deneyler/Kader/Deney 1/Göz/eye_roi_output/fake/val/combined/fake_val/fake_val_00096__face_00.jpg,6207,1786019730000000000,7ab1f4152ee2cef3692fc24f8a59bdcc101ebe80fc891552ab057ca5be3c1399
/content/drive/MyDrive/AISC DeepFake Çalışmaları/Deneyler/Kader/Deney 1/Göz/eye_roi_output/fake/val/combined/fake_val/fake_val_00097__face_00.jpg,5434,1786019730000000000,63d2dd5ae62c5a84f829c84142da154ca98cf8613fab3a3c443629feeb6ba8ec
/content/drive/MyDrive/AISC DeepFake Çalışmaları/Deneyler/Kader/Deney 1/Göz/eye_roi_output/fake/val/combined/fake_val/fake_val_00098__face_00.jpg,9181,1786019730000000000,77b3d9c46a47cede04252dbefd758a6860d258f255b5bf506b9e096846dc6342
/content/drive/MyDrive/AISC DeepFake Çalışmaları/Deneyler/Kader/Deney 1/Göz/eye_roi_output/fake/val/combined/fake_val/fake_val_00099__face_00.jpg,4372,1786019731000000000,a1bbd7d4a373f3c14f9147481a216f95b0a2634f84da2325166d4bce43f745ba
/content/drive/MyDrive/AISC DeepFake Çalışmaları/Deneyler/Kader/Deney 1/Göz/eye_roi_output/fake/val/combined/fake_val/fake_val_00100__face_00.jpg,5080,1786019731000000000,a27eb5cf0a5347977ae975989b18c3960f845dd03c6ea330a8a227115a3d8ca8
/content/drive/MyDrive/AISC DeepFake Çalışmaları/Deneyler/Kader/Deney 1/Göz/eye_roi_output/fake/val/combined/fake_val/fake_val_00101__face_00.jpg,4633,1786019731000000000,e27ef2a9bda44b290af348760545eee21126c53c88394a7168b8e1b05acff215
/content/drive/MyDrive/AISC DeepFake Çalışmaları/Deneyler/Kader/Deney 1/Göz/eye_roi_output/fake/val/combined/fake_val/fake_val_00103__face_00.jpg,4588,1786019732000000000,ebba8a1909cab0447f32a01dd9c5fe261b5fe2d7e2a4c7d60696ab4a4b7a4e13
/content/drive/MyDrive/AISC DeepFake Çalışmaları/Deneyler/Kader/Deney 1/Göz/eye_roi_output/fake/val/combined/fake_val/fake_val_00104__face_00.jpg,4850,1786019733000000000,8e5b0944cbef0127ec0aa95df002289c33fe417265ba5b21f54ca4dce4bb04f0
/content/drive/MyDrive/AISC DeepFake Çalışmaları/Deneyler/Kader/Deney 1/Göz/eye_roi_output/fake/val/combined/fake_val/fake_val_00105__face_00.jpg,4089,1786019733000000000,c46c3304df8f4b4a5b453f3fdae475dfe47039a639b25a0ef248efbe69f1c4ec
/content/drive/MyDrive/AISC DeepFake Çalışmaları/Deneyler/Kader/Deney 1/Göz/eye_roi_output/fake/val/combined/fake_val/fake_val_00106__face_00.jpg,5334,1786019734000000000,21064818b9e179c9b3a0f420577d2a0d467da98f6f92a2c41c62ec8a98250894
/content/drive/MyDrive/AISC DeepFake Çalışmaları/Deneyler/Kader/Deney 1/Göz/eye_roi_output/fake/val/combined/fake_val/fake_val_00107__face_00.jpg,4970,1786019735000000000,de8e5514a8d9c556d0718b36c7c2ec755cd89132278afb3f003fd6d43c115067
/content/drive/MyDrive/AISC DeepFake Çalışmaları/Deneyler/Kader/Deney 1/Göz/eye_roi_output/fake/val/combined/fake_val/fake_val_00108__face_00.jpg,4969,1786019735000000000,d85a53b70540ae4186e2da2ce92f784d7a9b097aa9bc18b362516fe4c4d173ac
/content/drive/MyDrive/AISC DeepFake Çalışmaları/Deneyler/Kader/Deney 1/Göz/eye_roi_output/fake/val/combined/fake_val/fake_val_00109__face_00.jpg,4609,1786019736000000000,aaac860b6a514b7e36bd8234b8eb176cf3462d24c02aec511befff32c73c29ba
/content/drive/MyDrive/AISC DeepFake Çalışmaları/Deneyler/Kader/Deney 1/Göz/eye_roi_output/fake/val/combined/fake_val/fake_val_00110__face_00.jpg,5213,1786019736000000000,6c95c727edc1a4932bbf24b16ff6d610f4b4c52aa3924438579b2eb87761a5b4
/content/drive/MyDrive/AISC DeepFake Çalışmaları/Deneyler/Kader/Deney 1/Göz/eye_roi_output/fake/val/combined/fake_val/fake_val_00111__face_00.jpg,5192,1786019737000000000,8fb2fedd4ab475a52c76c4cfddd5b18212a2619c6e9dfe6a589622ae20871016
/content/drive/MyDrive/AISC DeepFake Çalışmaları/Deneyler/Kader/Deney 1/Göz/eye_roi_output/fake/val/combined/fake_val/fake_val_00112__face_00.jpg,5312,1786019737000000000,1f4c7f70cc7b265c933fae33e2fdae55fbe9eda5d561c03d3867d5e314504d13
/content/drive/MyDrive/AISC DeepFake Çalışmaları/Deneyler/Kader/Deney 1/Göz/eye_roi_output/fake/val/combined/fake_val/fake_val_00113__face_00.jpg,6454,1786019738000000000,f0c5e3703884d4c3e4f3bce02280034cdac8c09e29ad688af9354a7663d06f9e
/content/drive/MyDrive/AISC DeepFake Çalışmaları/Deneyler/Kader/Deney 1/Göz/eye_roi_output/fake/val/combined/fake_val/fake_val_00114__face_00.jpg,5493,1786019738000000000,4e016c544afd61e90cd1bf57bc6dfaa84b5be88dc726e0e9d831460328d3f3c4
/content/drive/MyDrive/AISC DeepFake Çalışmaları/Deneyler/Kader/Deney 1/Göz/eye_roi_output/fake/val/combined/fake_val/fake_val_00115__face_00.jpg,4642,1786019739000000000,51fa87773f1776ec783f216592e6264ebd2723da1ef9c510fc466a1717f8c4d3
/content/drive/MyDrive/AISC DeepFake Çalışmaları/Deneyler/Kader/Deney 1/Göz/eye_roi_output/fake/val/combined/fake_val/fake_val_00116__face_00.jpg,5978,1786019739000000000,fe6f60f2a30eea731f20fde27a8ca13b39921a3bf4178e6f82101484d4b1af84
/content/drive/MyDrive/AISC DeepFake Çalışmaları/Deneyler/Kader/Deney 1/Göz/eye_roi_output/fake/val/combined/fake_val/fake_val_00117__face_00.jpg,4922,1786019740000000000,8b050538b464c027ee2547c8b1ab3fdad9ec9efa65331b7df18bce8597c000f6
/content/drive/MyDrive/AISC DeepFake Çalışmaları/Deneyler/Kader/Deney 1/Göz/eye_roi_output/fake/val/combined/fake_val/fake_val_00118__face_00.jpg,5806,1786019740000000000,ad7691b44bc633498ed0c436fa2de36d3137cf586e69712843a3dee538bf42d4
/content/drive/MyDrive/AISC DeepFake Çalışmaları/Deneyler/Kader/Deney 1/Göz/eye_roi_output/fake/val/combined/fake_val/fake_val_00121__face_00.jpg,5772,1786019742000000000,77e5bf6567457dca20529afcdb4e3019d83828872231d696c7ce48f5b6ddb2e4
/content/drive/MyDrive/AISC DeepFake Çalışmaları/Deneyler/Kader/Deney 1/Göz/eye_roi_output/fake/val/combined/fake_val/fake_val_00122__face_00.jpg,5035,1786019742000000000,2e201bba469bc37cc89b046fdc77b80791f6d9af6f1dbd1999d6d8706f168242
/content/drive/MyDrive/AISC DeepFake Çalışmaları/Deneyler/Kader/Deney 1/Göz/eye_roi_output/fake/val/combined/fake_val/fake_val_00123__face_00.jpg,5160,1786019742000000000,1b21cab5db94d86f4dd9888afdc2683a8d071763a7d84c6da16219c757edd762
/content/drive/MyDrive/AISC DeepFake Çalışmaları/Deneyler/Kader/Deney 1/Göz/eye_roi_output/fake/val/combined/fake_val/fake_val_00124__face_00.jpg,4892,1786019743000000000,91ce131e6db837b31452cefdf7f673cb57fd7ab004deb6ffde616dd14af9205c
/content/drive/MyDrive/AISC DeepFake Çalışmaları/Deneyler/Kader/Deney 1/Göz/eye_roi_output/fake/val/combined/fake_val/fake_val_00125__face_00.jpg,3119,1786019743000000000,045577584002ca06b56e3a425f6b077dc1123a655c7b18f4187da8714e675243
/content/drive/MyDrive/AISC DeepFake Çalışmaları/Deneyler/Kader/Deney 1/Göz/eye_roi_output/fake/val/combined/fake_val/fake_val_00125__face_01.jpg,4252,1786019743000000000,ddfd220b042de3482e9bb8759450350a38fe6bb6a5eba71637645dd05e8f9dcd
/content/drive/MyDrive/AISC DeepFake Çalışmaları/Deneyler/Kader/Deney 1/Göz/eye_roi_output/fake/val/combined/fake_val/fake_val_00126__face_00.jpg,4679,1786019744000000000,e390c67decd90e9b420b1f475be5f474f44ece145e06216522f18d7d31cf5893
/content/drive/MyDrive/AISC DeepFake Çalışmaları/Deneyler/Kader/Deney 1/Göz/eye_roi_output/fake/val/combined/fake_val/fake_val_00127__face_00.jpg,5575,1786019744000000000,9e9b8329b2e265a74b8e467790d3f0c3f2fb7e37bb0795137930f8f9992d2088
/content/drive/MyDrive/AISC DeepFake Çalışmaları/Deneyler/Kader/Deney 1/Göz/eye_roi_output/fake/val/combined/fake_val/fake_val_00128__face_00.jpg,4072,1786019744000000000,335ab51ad288c31f0a2396d56fee95cdd5deafcaf68270f960697864fa07fdba
/content/drive/MyDrive/AISC DeepFake Çalışmaları/Deneyler/Kader/Deney 1/Göz/eye_roi_output/fake/val/combined/fake_val/fake_val_00129__face_00.jpg,5563,1786019745000000000,46b5dcd1cf1ce2da7f9fdb75b9b70cc78fc4becb3f8a9575aede133243585186
/content/drive/MyDrive/AISC DeepFake Çalışmaları/Deneyler/Kader/Deney 1/Göz/eye_roi_output/fake/val/combined/fake_val/fake_val_00130__face_00.jpg,5805,1786019746000000000,b7686a02253fa67a13c2f55770c171b89a12cb2cc0f7d299c9efe545ff3e1431
/content/drive/MyDrive/AISC DeepFake Çalışmaları/Deneyler/Kader/Deney 1/Göz/eye_roi_output/fake/val/combined/fake_val/fake_val_00131__face_00.jpg,5362,1786019746000000000,65371a480910cae34e900df2ad778f89be837bd2aff7bb125ddbf7c5b2c71aa0
/content/drive/MyDrive/AISC DeepFake Çalışmaları/Deneyler/Kader/Deney 1/Göz/eye_roi_output/fake/val/combined/fake_val/fake_val_00132__face_00.jpg,3371,1786019746000000000,a286ed226809a2b90481ce4507d73215ff380d57bc7c35476bc1b67a7b2ad7f5
/content/drive/MyDrive/AISC DeepFake Çalışmaları/Deneyler/Kader/Deney 1/Göz/eye_roi_output/fake/val/combined/fake_val/fake_val_00133__face_00.jpg,5333,1786019747000000000,0e047304e9b5029512484a8a67b29b0580f3a2128638ec402f9437de4bf206c3
/content/drive/MyDrive/AISC DeepFake Çalışmaları/Deneyler/Kader/Deney 1/Göz/eye_roi_output/fake/val/combined/fake_val/fake_val_00134__face_00.jpg,5428,1786019747000000000,003acb9da6bd2201af7c0480562260c793a1716c40c3b1e71c1b110cafe96e2b
/content/drive/MyDrive/AISC DeepFake Çalışmaları/Deneyler/Kader/Deney 1/Göz/eye_roi_output/fake/val/combined/fake_val/fake_val_00135__face_00.jpg,4442,1786019748000000000,51caec869802c17291e23ad29ee6d268045ed5563d9bcd3e123a8154e854e492
/content/drive/MyDrive/AISC DeepFake Çalışmaları/Deneyler/Kader/Deney 1/Göz/eye_roi_output/fake/val/combined/fake_val/fake_val_00136__face_00.jpg,4030,1786019749000000000,d46ac0a1c7750ee1be01ae6243919fa16641c12f1f792a40061d186315094c78
/content/drive/MyDrive/AISC DeepFake Çalışmaları/Deneyler/Kader/Deney 1/Göz/eye_roi_output/fake/val/combined/fake_val/fake_val_00137__face_00.jpg,5001,1786019749000000000,8b4555ac1c760d6dfd09b5e8001be07762653f53778140f91898077e59103322
/content/drive/MyDrive/AISC DeepFake Çalışmaları/Deneyler/Kader/Deney 1/Göz/eye_roi_output/fake/val/combined/fake_val/fake_val_00138__face_00.jpg,5109,1786019749000000000,d9561f8b23e27dae009948e5c6edfae516f1c76c2670140b2e54bcf109accdb7
/content/drive/MyDrive/AISC DeepFake Çalışmaları/Deneyler/Kader/Deney 1/Göz/eye_roi_output/fake/val/combined/fake_val/fake_val_00139__face_00.jpg,5272,1786019750000000000,717403965bdd51e3e1ef84cc131a83194b171a0bfcf7ab23bb89907354ca0435
/content/drive/MyDrive/AISC DeepFake Çalışmaları/Deneyler/Kader/Deney 1/Göz/eye_roi_output/fake/val/combined/fake_val/fake_val_00140__face_00.jpg,5341,1786019750000000000,9f6594585977f93d509ecdc8edea22458af78c4252475ec5a296c31d5b11b423
/content/drive/MyDrive/AISC DeepFake Çalışmaları/Deneyler/Kader/Deney 1/Göz/eye_roi_output/fake/val/combined/fake_val/fake_val_00141__face_00.jpg,4834,1786019751000000000,a10614022e7022ebbe1d1fddac8d479d9e5576c6c1f530bfbdf145e6c3d24637
/content/drive/MyDrive/AISC DeepFake Çalışmaları/Deneyler/Kader/Deney 1/Göz/eye_roi_output/fake/val/combined/fake_val/fake_val_00142__face_00.jpg,5512,1786019751000000000,866aad70f4164baf588142dbd4b5e6762dadebb22b0ccf563107f833094007f1
/content/drive/MyDrive/AISC DeepFake Çalışmaları/Deneyler/Kader/Deney 1/Göz/eye_roi_output/fake/val/combined/fake_val/fake_val_00144__face_00.jpg,5405,1786019752000000000,5e5af656f93729cd20a702f9059a6406861cf92b45c59f918fe116c7c93c6c8b
/content/drive/MyDrive/AISC DeepFake Çalışmaları/Deneyler/Kader/Deney 1/Göz/eye_roi_output/fake/val/combined/fake_val/fake_val_00145__face_00.jpg,4983,1786019753000000000,89e61ce6e86708a74dc7d5c2ad25ba0671699948fa81b49ba0a2e5468718bc1c
/content/drive/MyDrive/AISC DeepFake Çalışmaları/Deneyler/Kader/Deney 1/Göz/eye_roi_output/fake/val/combined/fake_val/fake_val_00146__face_00.jpg,5253,1786019754000000000,68089c224a5bef52e21eeed957a90d0a7951a23bef2b555e0e4019873ba47c9d
/content/drive/MyDrive/AISC DeepFake Çalışmaları/Deneyler/Kader/Deney 1/Göz/eye_roi_output/fake/val/combined/fake_val/fake_val_00147__face_00.jpg,5078,1786019755000000000,8f9c2a2cdc25102fcf21073816c918434dcf8e2d21ae3e1e66a62ace68f76397
/content/drive/MyDrive/AISC DeepFake Çalışmaları/Deneyler/Kader/Deney 1/Göz/eye_roi_output/fake/val/combined/fake_val/fake_val_00148__face_00.jpg,4441,1786019755000000000,5c8627ee5e63a9936e42b796ff1ccf9a1ff252079ad425e12915b749bde7653f
/content/drive/MyDrive/AISC DeepFake Çalışmaları/Deneyler/Kader/Deney 1/Göz/eye_roi_output/real/test/combined/real_test/real_test_00000__face_00.jpg,5829,1786019756000000000,5d2500b33549857baf49ed32499bdda9665e20b7f1cb5e5595cf7defb17a314b
/content/drive/MyDrive/AISC DeepFake Çalışmaları/Deneyler/Kader/Deney 1/Göz/eye_roi_output/real/test/combined/real_test/real_test_00001__face_00.jpg,5875,1786019757000000000,2599de787aaaeb8e3feb1cd6aeada8ff5d3611034081bf741a56cb7a1ddda90f
/content/drive/MyDrive/AISC DeepFake Çalışmaları/Deneyler/Kader/Deney 1/Göz/eye_roi_output/real/test/combined/real_test/real_test_00002__face_00.jpg,5095,1786019757000000000,38dedc9bb12921fdb2669ec15f0c06c580486b8161a35ae0e704f9ed49cbec75
/content/drive/MyDrive/AISC DeepFake Çalışmaları/Deneyler/Kader/Deney 1/Göz/eye_roi_output/real/test/combined/real_test/real_test_00003__face_00.jpg,4721,1786019758000000000,982fcbdc9261050bd513098e0431074243735031cd5fd8f5ca6082beca65586f
/content/drive/MyDrive/AISC DeepFake Çalışmaları/Deneyler/Kader/Deney 1/Göz/eye_roi_output/real/test/combined/real_test/real_test_00004__face_00.jpg,5091,1786019758000000000,e747153c6f9a4f776e35afd698cf695e749cd51dbedb5d68e4f82ed323a802b3
/content/drive/MyDrive/AISC DeepFake Çalışmaları/Deneyler/Kader/Deney 1/Göz/eye_roi_output/real/test/combined/real_test/real_test_00005__face_00.jpg,5569,1786019759000000000,368d8adf52cc96299f5c32be9e9a8c7cbc625a404f0dbd70cdb351f7bf13c424
/content/drive/MyDrive/AISC DeepFake Çalışmaları/Deneyler/Kader/Deney 1/Göz/eye_roi_output/real/test/combined/real_test/real_test_00006__face_00.jpg,3485,1786019759000000000,e70e5be440b59668be7fd8377336edd07a3a3694ec9f6c583b631924525bc367
/content/drive/MyDrive/AISC DeepFake Çalışmaları/Deneyler/Kader/Deney 1/Göz/eye_roi_output/real/test/combined/real_test/real_test_00007__face_00.jpg,5248,1786019760000000000,5bd8f71c7414bf79a038e27bed6d655537fd373db219526568c08d6966773968
/content/drive/MyDrive/AISC DeepFake Çalışmaları/Deneyler/Kader/Deney 1/Göz/eye_roi_output/real/test/combined/real_test/real_test_00008__face_00.jpg,4861,1786019760000000000,3c0758b5f9408d88811c91d98cbab0c0786e9fbc928036a4166b4b5286171371
/content/drive/MyDrive/AISC DeepFake Çalışmaları/Deneyler/Kader/Deney 1/Göz/eye_roi_output/real/test/combined/real_test/real_test_00009__face_00.jpg,5453,1786019761000000000,ac49ac46f69791ccc32f4ebce8ef314f45e5dbd2547a26e9cbd481002ff811b9
/content/drive/MyDrive/AISC DeepFake Çalışmaları/Deneyler/Kader/Deney 1/Göz/eye_roi_output/real/test/combined/real_test/real_test_00010__face_00.jpg,4323,1786019761000000000,4418d60bf6f99812fbf9656bc1d88688c29df59889ad788618a6714a7feebe65
/content/drive/MyDrive/AISC DeepFake Çalışmaları/Deneyler/Kader/Deney 1/Göz/eye_roi_output/real/test/combined/real_test/real_test_00011__face_00.jpg,6144,1786019762000000000,fd4ccbb4396e59986115f6208b193cb46581d3f2c9135a4846b5c25c4e56d93a
/content/drive/MyDrive/AISC DeepFake Çalışmaları/Deneyler/Kader/Deney 1/Göz/eye_roi_output/real/test/combined/real_test/real_test_00013__face_00.jpg,4588,1786019762000000000,c8a533d1501ffc666af5503b13b5afa5d2ba02f4ac2fc0de77010c340890448e
/content/drive/MyDrive/AISC DeepFake Çalışmaları/Deneyler/Kader/Deney 1/Göz/eye_roi_output/real/test/combined/real_test/real_test_00014__face_00.jpg,5503,1786019763000000000,c5538410df295753beedc3f226410d94c39fedf2f260e9172c482d590f1eba7b
/content/drive/MyDrive/AISC DeepFake Çalışmaları/Deneyler/Kader/Deney 1/Göz/eye_roi_output/real/test/combined/real_test/real_test_00015__face_00.jpg,5140,1786019763000000000,341ece0dcab057696866b634fc778fec592321ed52fb1de59e18842e6fb173d3
/content/drive/MyDrive/AISC DeepFake Çalışmaları/Deneyler/Kader/Deney 1/Göz/eye_roi_output/real/test/combined/real_test/real_test_00016__face_00.jpg,5478,1786019764000000000,55413f63a01dc52ca4ac39bdbf837e1364733c7e4bcc2f39e118c792d63d61ff
/content/drive/MyDrive/AISC DeepFake Çalışmaları/Deneyler/Kader/Deney 1/Göz/eye_roi_output/real/test/combined/real_test/real_test_00018__face_00.jpg,5896,1786019765000000000,b3c0c3c24d9acba935d5d89b0e6667f0ef220a34363f0889317a795d2a5fb0c9
/content/drive/MyDrive/AISC DeepFake Çalışmaları/Deneyler/Kader/Deney 1/Göz/eye_roi_output/real/test/combined/real_test/real_test_00019__face_00.jpg,5210,1786019765000000000,52e7295f594ec094e70fe00861c0731404390d96847e88525e33160b8e98aca2
/content/drive/MyDrive/AISC DeepFake Çalışmaları/Deneyler/Kader/Deney 1/Göz/eye_roi_output/real/test/combined/real_test/real_test_00020__face_00.jpg,5786,1786019766000000000,77f8d22cdfaceba5b8d5b3ba0e5db54976a8b92fc5774c35a4b91883aca840ef
/content/drive/MyDrive/AISC DeepFake Çalışmaları/Deneyler/Kader/Deney 1/Göz/eye_roi_output/real/test/combined/real_test/real_test_00021__face_00.jpg,5444,1786019767000000000,9d77f184e18039e1baa70299ee5e957c90b10b4b1a264e9659e527bdb96e336f
/content/drive/MyDrive/AISC DeepFake Çalışmaları/Deneyler/Kader/Deney 1/Göz/eye_roi_output/real/test/combined/real_test/real_test_00022__face_00.jpg,4470,1786019767000000000,375cc82f81c2aa48ab00e06923a43433c0c7d8f6b8e9eef2dd85f1e42e4f24c4
/content/drive/MyDrive/AISC DeepFake Çalışmaları/Deneyler/Kader/Deney 1/Göz/eye_roi_output/real/test/combined/real_test/real_test_00023__face_00.jpg,6192,1786019768000000000,4cdb121d1efdcf05224ee3964c0d6eb2da4cfa5589ffd1b3fc5a389a50b65755
/content/drive/MyDrive/AISC DeepFake Çalışmaları/Deneyler/Kader/Deney 1/Göz/eye_roi_output/real/test/combined/real_test/real_test_00024__face_00.jpg,5911,1786019768000000000,d499befe3dd3a5d237ec237b7144f720b4afcdb2500fe8c449b18cd7adfd421c
/content/drive/MyDrive/AISC DeepFake Çalışmaları/Deneyler/Kader/Deney 1/Göz/eye_roi_output/real/test/combined/real_test/real_test_00025__face_00.jpg,4814,1786019769000000000,4d2265b0e4e9e6c91274735adff0e624d8f114647a9ea8a37e51e1782174e929
/content/drive/MyDrive/AISC DeepFake Çalışmaları/Deneyler/Kader/Deney 1/Göz/eye_roi_output/real/test/combined/real_test/real_test_00026__face_00.jpg,5893,1786019769000000000,a6966f0920599e90f65f63e9c6b76033ea56e5100faa735e5226723a2462ad72
/content/drive/MyDrive/AISC DeepFake Çalışmaları/Deneyler/Kader/Deney 1/Göz/eye_roi_output/real/test/combined/real_test/real_test_00027__face_00.jpg,4770,1786019770000000000,99cfd724babbe43275bd47ba32290183a93ceacb835928562bf5a5f4e09e3c23
/content/drive/MyDrive/AISC DeepFake Çalışmaları/Deneyler/Kader/Deney 1/Göz/eye_roi_output/real/test/combined/real_test/real_test_00028__face_00.jpg,5722,1786019770000000000,7c04f1db97200a79921ed8699deb2c13c7503868bd421cb29c5ce089bfbfb247
/content/drive/MyDrive/AISC DeepFake Çalışmaları/Deneyler/Kader/Deney 1/Göz/eye_roi_output/real/test/combined/real_test/real_test_00029__face_00.jpg,3937,1786019770000000000,2e0e9f85e679bdeabfb4ce2ddfe81ee759261033e38e80342f078afb7603b56e
/content/drive/MyDrive/AISC DeepFake Çalışmaları/Deneyler/Kader/Deney 1/Göz/eye_roi_output/real/test/combined/real_test/real_test_00030__face_00.jpg,4751,1786019771000000000,3c64035c78bb19cdaff832f8cbca2a8ad8ac704b672b86671caa338f67b62864
/content/drive/MyDrive/AISC DeepFake Çalışmaları/Deneyler/Kader/Deney 1/Göz/eye_roi_output/real/test/combined/real_test/real_test_00031__face_00.jpg,5424,1786019771000000000,419e4fc20681571ff6927ba8da4ed11f05d612c5147d0a36b7c0380511de3b13
/content/drive/MyDrive/AISC DeepFake Çalışmaları/Deneyler/Kader/Deney 1/Göz/eye_roi_output/real/test/combined/real_test/real_test_00032__face_00.jpg,5134,1786019772000000000,3a2b1d825e5dd7672ea68b6cd63afebe4f527fc9faadafa332b190fc541ff948
/content/drive/MyDrive/AISC DeepFake Çalışmaları/Deneyler/Kader/Deney 1/Göz/eye_roi_output/real/test/combined/real_test/real_test_00033__face_00.jpg,5230,1786019772000000000,15cb7f8e3d36be26555ef970a581051cc623b50db93ee9e2188f16c2760a3e76
/content/drive/MyDrive/AISC DeepFake Çalışmaları/Deneyler/Kader/Deney 1/Göz/eye_roi_output/real/test/combined/real_test/real_test_00034__face_00.jpg,5786,1786019772000000000,0b295563956a50bc7156c0f27930d6297a6310b94c5d0b17101a36781f4153c8
/content/drive/MyDrive/AISC DeepFake Çalışmaları/Deneyler/Kader/Deney 1/Göz/eye_roi_output/real/test/combined/real_test/real_test_00035__face_00.jpg,5558,1786019773000000000,0f393d5fa25d565f14cb83f9a46f6e76275f1b0e76bcae5171effe66f0068156
/content/drive/MyDrive/AISC DeepFake Çalışmaları/Deneyler/Kader/Deney 1/Göz/eye_roi_output/real/test/combined/real_test/real_test_00036__face_00.jpg,4669,1786019773000000000,41ca5f8bd81434e3c0442efa3df5e8eae60b0aa8c435c8e463c43ca92b461836
/content/drive/MyDrive/AISC DeepFake Çalışmaları/Deneyler/Kader/Deney 1/Göz/eye_roi_output/real/test/combined/real_test/real_test_00037__face_00.jpg,5673,1786019774000000000,facfdc769107ddb77cd7dcf5917fecfea71051368ed5fce3fd90a1ce119cd52d
/content/drive/MyDrive/AISC DeepFake Çalışmaları/Deneyler/Kader/Deney 1/Göz/eye_roi_output/real/test/combined/real_test/real_test_00038__face_00.jpg,5052,1786019775000000000,3c98756f9ecc83b9d1c5a75dabf4fc4e011bccaf0c45034ba197745a46f4577b
/content/drive/MyDrive/AISC DeepFake Çalışmaları/Deneyler/Kader/Deney 1/Göz/eye_roi_output/real/test/combined/real_test/real_test_00039__face_00.jpg,4849,1786019775000000000,b24b12ca1ab51680346aabcfbebdc031520a04406577625144310dd6779d5208
/content/drive/MyDrive/AISC DeepFake Çalışmaları/Deneyler/Kader/Deney 1/Göz/eye_roi_output/real/test/combined/real_test/real_test_00040__face_00.jpg,5214,1786019775000000000,b3eab9a2243896003e9d24f0d1a8cd5700eaf2181c3c139b760931bcda6fdc84
/content/drive/MyDrive/AISC DeepFake Çalışmaları/Deneyler/Kader/Deney 1/Göz/eye_roi_output/real/test/combined/real_test/real_test_00041__face_00.jpg,5048,1786019776000000000,1e6ad7d3b75ac0b982761f2b068a971616965d20d3b7a32947aaea521006adaa
/content/drive/MyDrive/AISC DeepFake Çalışmaları/Deneyler/Kader/Deney 1/Göz/eye_roi_output/real/test/combined/real_test/real_test_00044__face_00.jpg,5390,1786019778000000000,c725da86bfa040cb569909e3c653c446f6b755a7b1e1f4d97cc91de19b110f7f
/content/drive/MyDrive/AISC DeepFake Çalışmaları/Deneyler/Kader/Deney 1/Göz/eye_roi_output/real/test/combined/real_test/real_test_00045__face_00.jpg,5718,1786019778000000000,e6389ab78031eaae7b16b090935deb2cc406e80a20fd43f7d0a3abf0f34d3ec2
/content/drive/MyDrive/AISC DeepFake Çalışmaları/Deneyler/Kader/Deney 1/Göz/eye_roi_output/real/test/combined/real_test/real_test_00046__face_00.jpg,4716,1786019779000000000,61cf74bc0d0ad0c3f729e8f91da149f9f2fbf12b38ebb4801cca02872b86e6f4
/content/drive/MyDrive/AISC DeepFake Çalışmaları/Deneyler/Kader/Deney 1/Göz/eye_roi_output/real/test/combined/real_test/real_test_00047__face_00.jpg,5216,1786019779000000000,31c4650a6a95f300b64783382e37a51e271257aae13361d00eaa7b1376dfa981
/content/drive/MyDrive/AISC DeepFake Çalışmaları/Deneyler/Kader/Deney 1/Göz/eye_roi_output/real/test/combined/real_test/real_test_00048__face_00.jpg,4109,1786019780000000000,8deb000e090341fb371c112df112e0bb12dbe774d5b5233fd871770342f779cb
/content/drive/MyDrive/AISC DeepFake Çalışmaları/Deneyler/Kader/Deney 1/Göz/eye_roi_output/real/test/combined/real_test/real_test_00049__face_00.jpg,5286,1786019780000000000,7857a18d80d016b7a9863783effdf3779a14294c1db3caeefe604ee48d549955
/content/drive/MyDrive/AISC DeepFake Çalışmaları/Deneyler/Kader/Deney 1/Göz/eye_roi_output/real/test/combined/real_test/real_test_00050__face_00.jpg,5972,1786019781000000000,40f671ed5f0d2abfab3c7a0b6928c89120cba20b94672a652679596c769ddf4e
/content/drive/MyDrive/AISC DeepFake Çalışmaları/Deneyler/Kader/Deney 1/Göz/eye_roi_output/real/test/combined/real_test/real_test_00051__face_00.jpg,4370,1786019781000000000,be0a59430b0269f3bb56156252090b4fccad5fb59e9f5ef5f8dc80d59b192819
/content/drive/MyDrive/AISC DeepFake Çalışmaları/Deneyler/Kader/Deney 1/Göz/eye_roi_output/real/test/combined/real_test/real_test_00052__face_00.jpg,5474,1786019782000000000,7db17d6d3eab396fff3ad4e49effeaffc1b77dc24031ca832f18daab88890106
/content/drive/MyDrive/AISC DeepFake Çalışmaları/Deneyler/Kader/Deney 1/Göz/eye_roi_output/real/test/combined/real_test/real_test_00053__face_00.jpg,5887,1786019782000000000,5445838b1b7b88ac90c829c9b44a4fef128e2250fe72ccccf2182162fc0f098e
/content/drive/MyDrive/AISC DeepFake Çalışmaları/Deneyler/Kader/Deney 1/Göz/eye_roi_output/real/test/combined/real_test/real_test_00054__face_00.jpg,5401,1786019783000000000,9aaa6cd56a5bcc3093393d1f529c5795fffde381891d5e675a4e9fba16befbca
/content/drive/MyDrive/AISC DeepFake Çalışmaları/Deneyler/Kader/Deney 1/Göz/eye_roi_output/real/test/combined/real_test/real_test_00055__face_00.jpg,5535,1786019783000000000,55fdea79f1cd33db15d09b62d3d463279d3e23022d74b03cf1d7cea72b25ff7a
/content/drive/MyDrive/AISC DeepFake Çalışmaları/Deneyler/Kader/Deney 1/Göz/eye_roi_output/real/test/combined/real_test/real_test_00056__face_00.jpg,5149,1786019784000000000,f8d87021ab3c4c1482621ad5f9f7432c8eb039e64c5d45ac0a665999f4e41ded
/content/drive/MyDrive/AISC DeepFake Çalışmaları/Deneyler/Kader/Deney 1/Göz/eye_roi_output/real/test/combined/real_test/real_test_00057__face_00.jpg,4868,1786019784000000000,2b1e80c1496a38b57b3365fd7ef66a06a5937ef46c836edbff66c6202a95e182
/content/drive/MyDrive/AISC DeepFake Çalışmaları/Deneyler/Kader/Deney 1/Göz/eye_roi_output/real/test/combined/real_test/real_test_00058__face_00.jpg,5775,1786019784000000000,f2460e6058a58c79031aa4ebbc51f9796ab180133c8f297e406120a2c4672c61
/content/drive/MyDrive/AISC DeepFake Çalışmaları/Deneyler/Kader/Deney 1/Göz/eye_roi_output/real/test/combined/real_test/real_test_00059__face_00.jpg,4857,1786019785000000000,675385a8b48a3d6c0f2f66b753709865a729d64c3cc1fb6ba77715864f628a54
/content/drive/MyDrive/AISC DeepFake Çalışmaları/Deneyler/Kader/Deney 1/Göz/eye_roi_output/real/test/combined/real_test/real_test_00060__face_00.jpg,5079,1786019785000000000,3a2176c9e829eafc32e6cd6e58794cdbc1aa3f5eb094231a2f25e959ad3e6a03
/content/drive/MyDrive/AISC DeepFake Çalışmaları/Deneyler/Kader/Deney 1/Göz/eye_roi_output/real/test/combined/real_test/real_test_00061__face_00.jpg,5450,1786019786000000000,530eceeb2e64f38104f927491cb36382bc6106f797f04b79eaa53bd5e542a868
/content/drive/MyDrive/AISC DeepFake Çalışmaları/Deneyler/Kader/Deney 1/Göz/eye_roi_output/real/test/combined/real_test/real_test_00062__face_00.jpg,5818,1786019786000000000,9d93f9441da663b2eede5b019fe7841675b0f18f01d688fad6d1470ab38958c1
/content/drive/MyDrive/AISC DeepFake Çalışmaları/Deneyler/Kader/Deney 1/Göz/eye_roi_output/real/test/combined/real_test/real_test_00063__face_00.jpg,6124,1786019787000000000,928f3b9bd5c29a8f2d38df60e5f3288d023e832ab720b714cd9301ba14434229
/content/drive/MyDrive/AISC DeepFake Çalışmaları/Deneyler/Kader/Deney 1/Göz/eye_roi_output/real/test/combined/real_test/real_test_00064__face_00.jpg,5320,1786019788000000000,bff03b469b16013871acdd1ee9ef9bef6c60994e253443afd4f6367be74d1231
/content/drive/MyDrive/AISC DeepFake Çalışmaları/Deneyler/Kader/Deney 1/Göz/eye_roi_output/real/test/combined/real_test/real_test_00065__face_00.jpg,3916,1786019789000000000,3176a6144fa2a94008f138e0fdff5465833cae556a526db1bad3c8fa5de46364
/content/drive/MyDrive/AISC DeepFake Çalışmaları/Deneyler/Kader/Deney 1/Göz/eye_roi_output/real/test/combined/real_test/real_test_00066__face_00.jpg,4060,1786019789000000000,a36c38d3ddbff02430033eb0bb99dcd5c2fa6ac278862ff6d9653eee9d2acc56
/content/drive/MyDrive/AISC DeepFake Çalışmaları/Deneyler/Kader/Deney 1/Göz/eye_roi_output/real/test/combined/real_test/real_test_00067__face_00.jpg,5915,1786019809000000000,4c68b847c7224a6095c3af2574aa06d2f4dd9ae6ace7f2e342600e4cf89c9c03
/content/drive/MyDrive/AISC DeepFake Çalışmaları/Deneyler/Kader/Deney 1/Göz/eye_roi_output/real/test/combined/real_test/real_test_00068__face_00.jpg,4046,1786019810000000000,364e0d70ad5015e3403787845979baedfa88a1684cf7a4495f0f36e6cc997f14
/content/drive/MyDrive/AISC DeepFake Çalışmaları/Deneyler/Kader/Deney 1/Göz/eye_roi_output/real/test/combined/real_test/real_test_00068__face_01.jpg,5486,1786019810000000000,a812695d36aeab49e73a74ba3422fc1a9cf947f1d5ca6dfe30afd79a7bbc4e59
/content/drive/MyDrive/AISC DeepFake Çalışmaları/Deneyler/Kader/Deney 1/Göz/eye_roi_output/real/test/combined/real_test/real_test_00069__face_00.jpg,5651,1786019810000000000,ba803b0335b5da29baedf9703a818130b480271f77523b457f328cafe90c5e06
/content/drive/MyDrive/AISC DeepFake Çalışmaları/Deneyler/Kader/Deney 1/Göz/eye_roi_output/real/test/combined/real_test/real_test_00070__face_00.jpg,4647,1786019811000000000,4228438387d72fd8b85c1b4de79064e4f74f119991a14fbd43ac708e8225fba8
/content/drive/MyDrive/AISC DeepFake Çalışmaları/Deneyler/Kader/Deney 1/Göz/eye_roi_output/real/test/combined/real_test/real_test_00071__face_00.jpg,4988,1786019812000000000,eeb404c6f184abae63bb33c28b42c01730899ee0136b35b278c59f1f3212c393
/content/drive/MyDrive/AISC DeepFake Çalışmaları/Deneyler/Kader/Deney 1/Göz/eye_roi_output/real/test/combined/real_test/real_test_00072__face_00.jpg,6425,1786019812000000000,9fec43c4fca37cadcf732434c6de481b6fef17534106f150046b3435fde8ae6c
/content/drive/MyDrive/AISC DeepFake Çalışmaları/Deneyler/Kader/Deney 1/Göz/eye_roi_output/real/test/combined/real_test/real_test_00073__face_00.jpg,5623,1786019813000000000,c39f5cad42ac0e4c5a790a13e81ac16fc225ec266ee7e13e421fc05b122e318b
/content/drive/MyDrive/AISC DeepFake Çalışmaları/Deneyler/Kader/Deney 1/Göz/eye_roi_output/real/test/combined/real_test/real_test_00074__face_00.jpg,5379,1786019813000000000,05d717aa9ab2579cece6807d54e01868a769478ba1ee255c7862ee6f008ceb6f
/content/drive/MyDrive/AISC DeepFake Çalışmaları/Deneyler/Kader/Deney 1/Göz/eye_roi_output/real/test/combined/real_test/real_test_00075__face_00.jpg,5840,1786019814000000000,d6aed22f398210b0fbaf1e6afeb6b8268111c597634a6afd42ed3d44f27f0c90
/content/drive/MyDrive/AISC DeepFake Çalışmaları/Deneyler/Kader/Deney 1/Göz/eye_roi_output/real/test/combined/real_test/real_test_00076__face_00.jpg,5782,1786019815000000000,75a122c2b7deda03b81d0ee694c0b4e0cb420f1810ae274b772467f105d328a1
/content/drive/MyDrive/AISC DeepFake Çalışmaları/Deneyler/Kader/Deney 1/Göz/eye_roi_output/real/test/combined/real_test/real_test_00077__face_00.jpg,5759,1786019815000000000,48e82535499a8b90767736b0798d7d7229444a92240397cb45d22ac1d158b073
/content/drive/MyDrive/AISC DeepFake Çalışmaları/Deneyler/Kader/Deney 1/Göz/eye_roi_output/real/test/combined/real_test/real_test_00078__face_00.jpg,5413,1786019815000000000,57bff30c1f40cf4e1c66b400b9e0ccf8a8c144abb48c09c91320491a254d2a1d
/content/drive/MyDrive/AISC DeepFake Çalışmaları/Deneyler/Kader/Deney 1/Göz/eye_roi_output/real/test/combined/real_test/real_test_00079__face_00.jpg,4020,1786019816000000000,35b4f584ef6962f95d7697af393133ed9920dbe637c3d8320dc8027137e8d578
/content/drive/MyDrive/AISC DeepFake Çalışmaları/Deneyler/Kader/Deney 1/Göz/eye_roi_output/real/test/combined/real_test/real_test_00080__face_00.jpg,5885,1786019816000000000,8940ce49567a5babb07c439e433721a2c07bba704748928925badc5bd3b4936f
/content/drive/MyDrive/AISC DeepFake Çalışmaları/Deneyler/Kader/Deney 1/Göz/eye_roi_output/real/test/combined/real_test/real_test_00081__face_00.jpg,4458,1786019817000000000,b6843f4d4f0adfb0dba5f0f5bbab006b75ee7b95f4df2ee6b9ab30c3ffacb45f
/content/drive/MyDrive/AISC DeepFake Çalışmaları/Deneyler/Kader/Deney 1/Göz/eye_roi_output/real/test/combined/real_test/real_test_00082__face_00.jpg,4777,1786019817000000000,98ec2755ca8b1a44a1cec62127a4e5ad633c61903bedc6c9fc4662cadf3d9816
/content/drive/MyDrive/AISC DeepFake Çalışmaları/Deneyler/Kader/Deney 1/Göz/eye_roi_output/real/test/combined/real_test/real_test_00083__face_00.jpg,4750,1786019818000000000,f29613c6ada3cc563211e12e6be550e1f34ee478c886b44f95caa44484f4a4fe
/content/drive/MyDrive/AISC DeepFake Çalışmaları/Deneyler/Kader/Deney 1/Göz/eye_roi_output/real/test/combined/real_test/real_test_00084__face_00.jpg,4566,1786019818000000000,cafb466b8aac717bdb01ddd7b7ea5436ccff75d6a462bdb8a9553caf55b100d3
/content/drive/MyDrive/AISC DeepFake Çalışmaları/Deneyler/Kader/Deney 1/Göz/eye_roi_output/real/test/combined/real_test/real_test_00085__face_00.jpg,5267,1786019818000000000,ae1cb06fb6d261d8bef7bb6803ba96f8c40b6f50cbe3682b28b09ffaccfb4a11
/content/drive/MyDrive/AISC DeepFake Çalışmaları/Deneyler/Kader/Deney 1/Göz/eye_roi_output/real/test/combined/real_test/real_test_00086__face_00.jpg,4235,1786019819000000000,2d5ffebe08342f81f3c102cca69b99090f0f1f879532e0c82cde37a8acdb8e2c
/content/drive/MyDrive/AISC DeepFake Çalışmaları/Deneyler/Kader/Deney 1/Göz/eye_roi_output/real/test/combined/real_test/real_test_00087__face_00.jpg,5636,1786019819000000000,a381c3c7ba666e171a172f9535f56c085da92a59dbb21401db046dea9484a068
/content/drive/MyDrive/AISC DeepFake Çalışmaları/Deneyler/Kader/Deney 1/Göz/eye_roi_output/real/test/combined/real_test/real_test_00088__face_00.jpg,4645,1786019820000000000,e70b0d26160fc5037ae56208f2d4c8cc9aad9895973d4eb6ae539be4556ec522
/content/drive/MyDrive/AISC DeepFake Çalışmaları/Deneyler/Kader/Deney 1/Göz/eye_roi_output/real/test/combined/real_test/real_test_00089__face_00.jpg,4999,1786019820000000000,4df13c8d8c885416489c10851f6c48183e9f6e338cbc3047acdedc4e7bc77910
/content/drive/MyDrive/AISC DeepFake Çalışmaları/Deneyler/Kader/Deney 1/Göz/eye_roi_output/real/test/combined/real_test/real_test_00090__face_00.jpg,5295,1786019821000000000,59e2f8c67bb92123566a38a17874fdaef2adee035e995ca1bff20266ef4b1041
/content/drive/MyDrive/AISC DeepFake Çalışmaları/Deneyler/Kader/Deney 1/Göz/eye_roi_output/real/test/combined/real_test/real_test_00091__face_00.jpg,5814,1786019821000000000,9e6dd9485e45e263cb7d2f4bd90019673e09c9207ea42784e9c67c339ac977c8
/content/drive/MyDrive/AISC DeepFake Çalışmaları/Deneyler/Kader/Deney 1/Göz/eye_roi_output/real/test/combined/real_test/real_test_00092__face_00.jpg,4106,1786019822000000000,f05d821bfd17ddaf7e11188568e997270e97bbea1ce2324175e58d080e8fc57c
/content/drive/MyDrive/AISC DeepFake Çalışmaları/Deneyler/Kader/Deney 1/Göz/eye_roi_output/real/test/combined/real_test/real_test_00093__face_00.jpg,5584,1786019822000000000,a1a8e9b51fc4aa965124be77e87f0e22b1926889b40db540c439d6a6f2dd6fed
/content/drive/MyDrive/AISC DeepFake Çalışmaları/Deneyler/Kader/Deney 1/Göz/eye_roi_output/real/test/combined/real_test/real_test_00094__face_00.jpg,5792,1786019823000000000,b2924812800ce20429d79a65b815171744a9fbc8c0822cf1728200758b43a4b4
/content/drive/MyDrive/AISC DeepFake Çalışmaları/Deneyler/Kader/Deney 1/Göz/eye_roi_output/real/test/combined/real_test/real_test_00095__face_00.jpg,5090,1786019823000000000,88c0d51a334b509998259dbd010e2a277e40b10a0c8bdf24fda436b908ad6b0f
/content/drive/MyDrive/AISC DeepFake Çalışmaları/Deneyler/Kader/Deney 1/Göz/eye_roi_output/real/test/combined/real_test/real_test_00096__face_00.jpg,5128,1786019824000000000,b933a1fdeeabebcc681c1c3a163c9b29f103babcf4dc2c948ad9a377bd28b031
/content/drive/MyDrive/AISC DeepFake Çalışmaları/Deneyler/Kader/Deney 1/Göz/eye_roi_output/real/test/combined/real_test/real_test_00097__face_00.jpg,6070,1786019824000000000,59cca50610cd9f4aa28446bcfe9292e109e88f8351836e4b3b3bad2790ddcc3d
/content/drive/MyDrive/AISC DeepFake Çalışmaları/Deneyler/Kader/Deney 1/Göz/eye_roi_output/real/test/combined/real_test/real_test_00098__face_00.jpg,4841,1786019825000000000,5da629576ebaddb04abe26dad833c2219341746ce6b41bd8c135a429208ff641
/content/drive/MyDrive/AISC DeepFake Çalışmaları/Deneyler/Kader/Deney 1/Göz/eye_roi_output/real/test/combined/real_test/real_test_00099__face_00.jpg,5649,1786019825000000000,6e452d1bdc19f7b4f9a87eb335636266b579bdd8f7ee3bfd1b7aacdacdf87b54
/content/drive/MyDrive/AISC DeepFake Çalışmaları/Deneyler/Kader/Deney 1/Göz/eye_roi_output/real/test/combined/real_test/real_test_00100__face_00.jpg,5279,1786019825000000000,79a7e016f1b820fefcd866ed518fd2cad482ecae4841b1f245c1b964d9a8eb24
/content/drive/MyDrive/AISC DeepFake Çalışmaları/Deneyler/Kader/Deney 1/Göz/eye_roi_output/real/test/combined/real_test/real_test_00101__face_00.jpg,4658,1786019826000000000,71dc19cf021050de2c50d0fb99c5f6379b1a3fb2a7132e71d549ce5ea86db1d5
/content/drive/MyDrive/AISC DeepFake Çalışmaları/Deneyler/Kader/Deney 1/Göz/eye_roi_output/real/test/combined/real_test/real_test_00102__face_00.jpg,5302,1786019827000000000,1c496cb2d6d19e88811c9ecdad6a24e2f9c9c06fb9aa4b19b8dbad662fad4f63
/content/drive/MyDrive/AISC DeepFake Çalışmaları/Deneyler/Kader/Deney 1/Göz/eye_roi_output/real/test/combined/real_test/real_test_00103__face_00.jpg,4630,1786019827000000000,072c83bb22f7314f4a720cd52ee26cb20e1810b94b0cfa81639eab6413d8d277
/content/drive/MyDrive/AISC DeepFake Çalışmaları/Deneyler/Kader/Deney 1/Göz/eye_roi_output/real/test/combined/real_test/real_test_00104__face_00.jpg,5808,1786019828000000000,b327376716d637a023a2ee7bf6c58a11c10a725fe33c703cfdd558ad091c0e09
/content/drive/MyDrive/AISC DeepFake Çalışmaları/Deneyler/Kader/Deney 1/Göz/eye_roi_output/real/test/combined/real_test/real_test_00105__face_00.jpg,4824,1786019829000000000,729b860a68a7ec9b346dfebec0303fa96bda5518f0cc29b34757bc6098a105c1
/content/drive/MyDrive/AISC DeepFake Çalışmaları/Deneyler/Kader/Deney 1/Göz/eye_roi_output/real/test/combined/real_test/real_test_00106__face_00.jpg,5654,1786019829000000000,3b36448ee1d627f1fe3c6e82fcc85480ec587c95d1eae7bf78b940a22412ecf6
/content/drive/MyDrive/AISC DeepFake Çalışmaları/Deneyler/Kader/Deney 1/Göz/eye_roi_output/real/test/combined/real_test/real_test_00107__face_00.jpg,4399,1786019830000000000,970aeed0e3b355f00d29f6b0bf49b1a6d4bceab5525ecc10a68ed000202b66f9
/content/drive/MyDrive/AISC DeepFake Çalışmaları/Deneyler/Kader/Deney 1/Göz/eye_roi_output/real/test/combined/real_test/real_test_00108__face_00.jpg,4484,1786019830000000000,629f842398fdc477c41a6169dcf184c5d356a42d49dd79352e575efe32b7ef88
/content/drive/MyDrive/AISC DeepFake Çalışmaları/Deneyler/Kader/Deney 1/Göz/eye_roi_output/real/test/combined/real_test/real_test_00109__face_00.jpg,4762,1786019830000000000,d10c1d24794012dd6a52b71f331791fe4cce727df485a65371bc70f55e0db20a
/content/drive/MyDrive/AISC DeepFake Çalışmaları/Deneyler/Kader/Deney 1/Göz/eye_roi_output/real/test/combined/real_test/real_test_00110__face_00.jpg,5351,1786019831000000000,9e6d464dd6ddb9ea5e269f4139c89885a59619bc4bfb90a1662a7d3d569e75ff
/content/drive/MyDrive/AISC DeepFake Çalışmaları/Deneyler/Kader/Deney 1/Göz/eye_roi_output/real/test/combined/real_test/real_test_00111__face_00.jpg,5008,1786019831000000000,bb599c282ff698f5230e3c2410d22888421e4994937f84dd85a157722404f88c
/content/drive/MyDrive/AISC DeepFake Çalışmaları/Deneyler/Kader/Deney 1/Göz/eye_roi_output/real/test/combined/real_test/real_test_00113__face_00.jpg,5940,1786019832000000000,df29f5fcd5973a51b0fd86608b7476c0f6a73cd8b3a04293a98772f89805f373
/content/drive/MyDrive/AISC DeepFake Çalışmaları/Deneyler/Kader/Deney 1/Göz/eye_roi_output/real/test/combined/real_test/real_test_00114__face_00.jpg,5420,1786019832000000000,3decbe56b78205a89944cb6a65823114071dab3cf4f63d2209181fa7b0c273e0
/content/drive/MyDrive/AISC DeepFake Çalışmaları/Deneyler/Kader/Deney 1/Göz/eye_roi_output/real/test/combined/real_test/real_test_00115__face_00.jpg,4623,1786019833000000000,7900a8b92c98df28e2408080a1f49575f1b3ce6eb37c41270c5b89f4387d499c
/content/drive/MyDrive/AISC DeepFake Çalışmaları/Deneyler/Kader/Deney 1/Göz/eye_roi_output/real/test/combined/real_test/real_test_00116__face_00.jpg,6002,1786019833000000000,ff07534c3fa03e6846d3250f7e24db7a1d3a8ae18e08f34ad925576ee593bae6
/content/drive/MyDrive/AISC DeepFake Çalışmaları/Deneyler/Kader/Deney 1/Göz/eye_roi_output/real/test/combined/real_test/real_test_00117__face_00.jpg,5007,1786019834000000000,05b147f43a52a346303d1c04e4be4f2a7bdcc59cd529fd43a0a85349ad956510
/content/drive/MyDrive/AISC DeepFake Çalışmaları/Deneyler/Kader/Deney 1/Göz/eye_roi_output/real/test/combined/real_test/real_test_00118__face_00.jpg,5397,1786019834000000000,11507d5c4ec0377f7f7154c3dfe6c644ca0e2584d56ad6c2ef11ffbe0890769d
/content/drive/MyDrive/AISC DeepFake Çalışmaları/Deneyler/Kader/Deney 1/Göz/eye_roi_output/real/test/combined/real_test/real_test_00119__face_00.jpg,4779,1786019835000000000,a29f4448c24c817aefcb3a87559f9645e842bcc1a939a3cdfe32bfaceca527d4
/content/drive/MyDrive/AISC DeepFake Çalışmaları/Deneyler/Kader/Deney 1/Göz/eye_roi_output/real/test/combined/real_test/real_test_00120__face_00.jpg,5101,1786019836000000000,da884bd9fdb10aba12711cdce1ba1704b55e056d3e0fc1d2a27a80c0cdb27e48
/content/drive/MyDrive/AISC DeepFake Çalışmaları/Deneyler/Kader/Deney 1/Göz/eye_roi_output/real/test/combined/real_test/real_test_00121__face_00.jpg,4769,1786019836000000000,f0a76f5f670d0e714153c1ac5bf7830be3bce8ebeed8c71b7f15f8efd4bbb00c
/content/drive/MyDrive/AISC DeepFake Çalışmaları/Deneyler/Kader/Deney 1/Göz/eye_roi_output/real/test/combined/real_test/real_test_00122__face_00.jpg,6341,1786019837000000000,9322f0b952fe6a82820cd44b6aed084b1d881e828799ac5fffbeaf14d74fdb77
/content/drive/MyDrive/AISC DeepFake Çalışmaları/Deneyler/Kader/Deney 1/Göz/eye_roi_output/real/test/combined/real_test/real_test_00123__face_00.jpg,5372,1786019837000000000,cc8feb4175d1bca0a31eb7a573d31b6e4e99c0e177ed01bf96837161b300d4a3
/content/drive/MyDrive/AISC DeepFake Çalışmaları/Deneyler/Kader/Deney 1/Göz/eye_roi_output/real/test/combined/real_test/real_test_00124__face_00.jpg,5479,1786019838000000000,88b49183e9f6ba14df606ac6b15f7bdb5997f89ba3cea767a2db7eb9bd1edad9
/content/drive/MyDrive/AISC DeepFake Çalışmaları/Deneyler/Kader/Deney 1/Göz/eye_roi_output/real/test/combined/real_test/real_test_00125__face_00.jpg,5706,1786019838000000000,a472d606ac7caf5f5259deec7e124afff0215f646061bea6be02491ab3828e96
/content/drive/MyDrive/AISC DeepFake Çalışmaları/Deneyler/Kader/Deney 1/Göz/eye_roi_output/real/test/combined/real_test/real_test_00126__face_00.jpg,4581,1786019838000000000,74add8d30a58f6d3fc1b9125dd349a46b48f01892250a432ddde842eb8d94019
/content/drive/MyDrive/AISC DeepFake Çalışmaları/Deneyler/Kader/Deney 1/Göz/eye_roi_output/real/test/combined/real_test/real_test_00127__face_00.jpg,4763,1786019839000000000,44ad094e715c6893f1b6f3d1693891d28251d504719e25bf66b885ecb60ccee8
/content/drive/MyDrive/AISC DeepFake Çalışmaları/Deneyler/Kader/Deney 1/Göz/eye_roi_output/real/test/combined/real_test/real_test_00128__face_00.jpg,5291,1786019840000000000,ee20cc271e1f529a304d50e76a515ff36cd1cf487f4a9b680ea2b06f273b1c1b
/content/drive/MyDrive/AISC DeepFake Çalışmaları/Deneyler/Kader/Deney 1/Göz/eye_roi_output/real/test/combined/real_test/real_test_00129__face_00.jpg,5626,1786019840000000000,f336c8bb50fd9c6edde965b7e29efed20afa531dcf5bbff8b6780cecbfa9944d
/content/drive/MyDrive/AISC DeepFake Çalışmaları/Deneyler/Kader/Deney 1/Göz/eye_roi_output/real/test/combined/real_test/real_test_00130__face_00.jpg,4697,1786019840000000000,5acf77d935dc41bf315a64edeaa2efdabcf40a159ec5e6aabd53b6216f6ccdb4
/content/drive/MyDrive/AISC DeepFake Çalışmaları/Deneyler/Kader/Deney 1/Göz/eye_roi_output/real/test/combined/real_test/real_test_00131__face_00.jpg,6791,1786019841000000000,2e08052a8d5a84fb3476203319a8c172b825f789052794efef48b94920aacb07
/content/drive/MyDrive/AISC DeepFake Çalışmaları/Deneyler/Kader/Deney 1/Göz/eye_roi_output/real/test/combined/real_test/real_test_00132__face_00.jpg,4724,1786019841000000000,475483dbfe6054548fc2781a7bc338f2ec908c8ddaa047f4aba8acf045ca1da8
/content/drive/MyDrive/AISC DeepFake Çalışmaları/Deneyler/Kader/Deney 1/Göz/eye_roi_output/real/test/combined/real_test/real_test_00133__face_00.jpg,5452,1786019842000000000,4a0b37eb7f7c1302bae15152a8fdf1974a53cf158c4de3a7522b5fe8dbaa198d
/content/drive/MyDrive/AISC DeepFake Çalışmaları/Deneyler/Kader/Deney 1/Göz/eye_roi_output/real/test/combined/real_test/real_test_00134__face_00.jpg,4973,1786019843000000000,1a23119f8ae4d471c4b2a32169283bbd1225f77fc5690f883e9b621f430dd552
/content/drive/MyDrive/AISC DeepFake Çalışmaları/Deneyler/Kader/Deney 1/Göz/eye_roi_output/real/test/combined/real_test/real_test_00135__face_00.jpg,4073,1786019843000000000,2da7e8c7163bb47d9b5d9a351bbcc0b4f4211cb0591f2d28eb8b5466561b639e
/content/drive/MyDrive/AISC DeepFake Çalışmaları/Deneyler/Kader/Deney 1/Göz/eye_roi_output/real/test/combined/real_test/real_test_00136__face_00.jpg,4524,1786019843000000000,9bab83d30526f2882414c09dcc65146f9ac20ea8c64c46a6ed51fe67ec65ed32
/content/drive/MyDrive/AISC DeepFake Çalışmaları/Deneyler/Kader/Deney 1/Göz/eye_roi_output/real/test/combined/real_test/real_test_00137__face_00.jpg,4620,1786019844000000000,45d6a6dfbaee618b284b2b6bc5db95d933c0ffb80fdc8f9503192e8fd3ebcbec
/content/drive/MyDrive/AISC DeepFake Çalışmaları/Deneyler/Kader/Deney 1/Göz/eye_roi_output/real/test/combined/real_test/real_test_00138__face_00.jpg,4729,1786019844000000000,e82a4c3848e5ee9d95f1ae323f7b86b460530da00e56da0b92f10fbe5eb9c5c6
/content/drive/MyDrive/AISC DeepFake Çalışmaları/Deneyler/Kader/Deney 1/Göz/eye_roi_output/real/test/combined/real_test/real_test_00139__face_00.jpg,4536,1786019845000000000,62e18a9feeab301a382fc74cf4f0756b7a3cec3a81c2f7e3123f21e0ea969d54
/content/drive/MyDrive/AISC DeepFake Çalışmaları/Deneyler/Kader/Deney 1/Göz/eye_roi_output/real/test/combined/real_test/real_test_00140__face_00.jpg,4136,1786019845000000000,9e72e763fdc406f97a6fe45552ddcc7e06b1dac889854c06f02e000d13d0033a
/content/drive/MyDrive/AISC DeepFake Çalışmaları/Deneyler/Kader/Deney 1/Göz/eye_roi_output/real/test/combined/real_test/real_test_00141__face_00.jpg,5066,1786019845000000000,0d34d154eaedf7e4606e2d6a5622bb2c08317e5924e461598c2904dacedbde96
/content/drive/MyDrive/AISC DeepFake Çalışmaları/Deneyler/Kader/Deney 1/Göz/eye_roi_output/real/test/combined/real_test/real_test_00142__face_00.jpg,5524,1786019846000000000,a115cf7cc8bb72eccbc213f12147309c50835c14981862987020a05d92e55d27
/content/drive/MyDrive/AISC DeepFake Çalışmaları/Deneyler/Kader/Deney 1/Göz/eye_roi_output/real/test/combined/real_test/real_test_00143__face_00.jpg,5281,1786019846000000000,0476efca471d7ce685495e921ada763e33155562b897d171a02cef010d9f5240
/content/drive/MyDrive/AISC DeepFake Çalışmaları/Deneyler/Kader/Deney 1/Göz/eye_roi_output/real/test/combined/real_test/real_test_00144__face_00.jpg,4948,1786019848000000000,090b04d68e1c631fa120b869a55a78818b843b97f9948cc9ede67c4758ab383e
/content/drive/MyDrive/AISC DeepFake Çalışmaları/Deneyler/Kader/Deney 1/Göz/eye_roi_output/real/test/combined/real_test/real_test_00145__face_00.jpg,5002,1786019849000000000,79e7aa92ca3b6f0877c9be1d9045fabe319c0cd0ca50c2e103c19ff8913067bc
/content/drive/MyDrive/AISC DeepFake Çalışmaları/Deneyler/Kader/Deney 1/Göz/eye_roi_output/real/test/combined/real_test/real_test_00146__face_00.jpg,5542,1786019849000000000,2eb4697055663b2767902a0f90c3d23586a9e1fa59cf99fa311568b2efd8f8c8
/content/drive/MyDrive/AISC DeepFake Çalışmaları/Deneyler/Kader/Deney 1/Göz/eye_roi_output/real/test/combined/real_test/real_test_00147__face_00.jpg,4600,1786019850000000000,b49a6dac87d9be7b57ef9bb88a9e6b91ab62da37a38b786774912bf95a309fca
/content/drive/MyDrive/AISC DeepFake Çalışmaları/Deneyler/Kader/Deney 1/Göz/eye_roi_output/real/test/combined/real_test/real_test_00148__face_00.jpg,5208,1786019850000000000,e7afb8655a22abfe1c5befd5214bc7c04e33f51a15d3ecae512a1da72bb875bc
/content/drive/MyDrive/AISC DeepFake Çalışmaları/Deneyler/Kader/Deney 1/Göz/eye_roi_output/real/test/combined/real_test/real_test_00149__face_00.jpg,5059,1786019850000000000,63e3f3c774c657ac3a06904b65433a330391f911ade697845a362031135db1d0
/content/drive/MyDrive/AISC DeepFake Çalışmaları/Deneyler/Kader/Deney 1/Göz/eye_roi_output/real/train/combined/real_train/real_train_00000__face_00.jpg,5404,1786019851000000000,c3561138b872aebcf7e465143d53385cb852d3b754eeb0d985a12abe3bcd1c12
/content/drive/MyDrive/AISC DeepFake Çalışmaları/Deneyler/Kader/Deney 1/Göz/eye_roi_output/real/train/combined/real_train/real_train_00001__face_00.jpg,4527,1786019851000000000,b23556f424dfa71b4cab8161fb009bc6ba00c5d05ac2f31f22e996567abf45b0
/content/drive/MyDrive/AISC DeepFake Çalışmaları/Deneyler/Kader/Deney 1/Göz/eye_roi_output/real/train/combined/real_train/real_train_00002__face_00.jpg,6704,1786019852000000000,7303dde41f8288c13f05b59122cce37b2a4d7ab02ec4de4903c5075fb999dac1
/content/drive/MyDrive/AISC DeepFake Çalışmaları/Deneyler/Kader/Deney 1/Göz/eye_roi_output/real/train/combined/real_train/real_train_00004__face_00.jpg,4734,1786019852000000000,9afc7bce2cb6b772fbd32f72ec3a3b44cb2ce15be4a121b891f03d97e72edbbe
/content/drive/MyDrive/AISC DeepFake Çalışmaları/Deneyler/Kader/Deney 1/Göz/eye_roi_output/real/train/combined/real_train/real_train_00005__face_00.jpg,5562,1786019853000000000,66d1da2d1a40cfd109c493dee19f4484f78ca821ec6cd2f5c4f95f368dc84171
/content/drive/MyDrive/AISC DeepFake Çalışmaları/Deneyler/Kader/Deney 1/Göz/eye_roi_output/real/train/combined/real_train/real_train_00006__face_00.jpg,5410,1786019853000000000,9b8ec74049236292a9e178357293a38d1d0f9d51635b7964cd757915e92c41a7
/content/drive/MyDrive/AISC DeepFake Çalışmaları/Deneyler/Kader/Deney 1/Göz/eye_roi_output/real/train/combined/real_train/real_train_00007__face_00.jpg,5064,1786019854000000000,7ddb6989e00781d40bf9066046a08e0981b5225e8dd3166bf111084712d8e1af
/content/drive/MyDrive/AISC DeepFake Çalışmaları/Deneyler/Kader/Deney 1/Göz/eye_roi_output/real/train/combined/real_train/real_train_00008__face_00.jpg,5112,1786019854000000000,b5e07b44a037c0b823e84080ad0118f3e80ad53835ce8f894ffb6bf0eb86bc2e
/content/drive/MyDrive/AISC DeepFake Çalışmaları/Deneyler/Kader/Deney 1/Göz/eye_roi_output/real/train/combined/real_train/real_train_00009__face_00.jpg,5704,1786019855000000000,b5c5eccd2706d977bd3131f0b163cfec9585ee444cc78c620b6eb8226c8a51d6
/content/drive/MyDrive/AISC DeepFake Çalışmaları/Deneyler/Kader/Deney 1/Göz/eye_roi_output/real/train/combined/real_train/real_train_00010__face_00.jpg,4938,1786019855000000000,9867e89cbd53f477abe34e6e9f3bba4f0dff0d9d4d4b36c5699c55276e07675c
/content/drive/MyDrive/AISC DeepFake Çalışmaları/Deneyler/Kader/Deney 1/Göz/eye_roi_output/real/train/combined/real_train/real_train_00011__face_00.jpg,5180,1786019856000000000,c71ad5fdc33a60c6f913a24e8e2ffdea97dd7cc32d6030b1fc160a8a90022d26
/content/drive/MyDrive/AISC DeepFake Çalışmaları/Deneyler/Kader/Deney 1/Göz/eye_roi_output/real/train/combined/real_train/real_train_00011__face_01.jpg,4896,1786019856000000000,3690c4042e8ae5d5b916c0d8d29e7e320632fe9845f9a75089b0d0678fc66831
/content/drive/MyDrive/AISC DeepFake Çalışmaları/Deneyler/Kader/Deney 1/Göz/eye_roi_output/real/train/combined/real_train/real_train_00012__face_00.jpg,5065,1786019856000000000,dc601fcbf97ed57d1081033aa5bcf80804723e927e4b42347e383f0a6b388e04
/content/drive/MyDrive/AISC DeepFake Çalışmaları/Deneyler/Kader/Deney 1/Göz/eye_roi_output/real/train/combined/real_train/real_train_00013__face_00.jpg,5530,1786019857000000000,09abf992dfcef8c58ebb8666fe239cae63e8f9168715bd826686f5fefc331f9b
/content/drive/MyDrive/AISC DeepFake Çalışmaları/Deneyler/Kader/Deney 1/Göz/eye_roi_output/real/train/combined/real_train/real_train_00014__face_00.jpg,5852,1786019857000000000,dd4a3c0c4e8906bc632a7395646f2040e435cd744036827f12b2db9f3947ec91
/content/drive/MyDrive/AISC DeepFake Çalışmaları/Deneyler/Kader/Deney 1/Göz/eye_roi_output/real/train/combined/real_train/real_train_00015__face_00.jpg,6891,1786019858000000000,3fe2ae0a9ca1cd713f6d056eed8e1290b0e4ce4705446f2ccf261fe8e7d7d215
/content/drive/MyDrive/AISC DeepFake Çalışmaları/Deneyler/Kader/Deney 1/Göz/eye_roi_output/real/train/combined/real_train/real_train_00016__face_00.jpg,6180,1786019859000000000,088afb0139b1397c40b293c11d5d93471b27f60f6adeacd78f6059e45aad7ee7
/content/drive/MyDrive/AISC DeepFake Çalışmaları/Deneyler/Kader/Deney 1/Göz/eye_roi_output/real/train/combined/real_train/real_train_00017__face_00.jpg,5253,1786019859000000000,3c34b4ab45afe930776e7a982309b4419d1582417e578ff37fd45c90dd879864
/content/drive/MyDrive/AISC DeepFake Çalışmaları/Deneyler/Kader/Deney 1/Göz/eye_roi_output/real/train/combined/real_train/real_train_00018__face_00.jpg,5684,1786019860000000000,1fb47b878ae1fe7b3c36ba8d42da34848710c3eef7586e4104b73cb5e339a3e2
/content/drive/MyDrive/AISC DeepFake Çalışmaları/Deneyler/Kader/Deney 1/Göz/eye_roi_output/real/train/combined/real_train/real_train_00019__face_00.jpg,6300,1786019860000000000,049de06e676d32d8c4c03f687c07f4aa5531465ed5c5456ec1a6aed9945db4c0
/content/drive/MyDrive/AISC DeepFake Çalışmaları/Deneyler/Kader/Deney 1/Göz/eye_roi_output/real/train/combined/real_train/real_train_00020__face_00.jpg,5770,1786019861000000000,8b7c4f948c78aaa676cda091656ba07ed8364bb4e470e991024dd5c3a45ac7b2
/content/drive/MyDrive/AISC DeepFake Çalışmaları/Deneyler/Kader/Deney 1/Göz/eye_roi_output/real/train/combined/real_train/real_train_00021__face_00.jpg,4583,1786019861000000000,b7d3098319cc1d4bb707370d40595c4b0d8d7eb7009ff90c8f6a5510804f318b
/content/drive/MyDrive/AISC DeepFake Çalışmaları/Deneyler/Kader/Deney 1/Göz/eye_roi_output/real/train/combined/real_train/real_train_00022__face_00.jpg,5620,1786019862000000000,a4f2f6ec73f46a7b8073361eac8cc2950b0f230985d1439670563f09942a0cbc
/content/drive/MyDrive/AISC DeepFake Çalışmaları/Deneyler/Kader/Deney 1/Göz/eye_roi_output/real/train/combined/real_train/real_train_00023__face_00.jpg,5292,1786019862000000000,e69d8bb01aa43496978dd93abfe93e34514b007609427796a1ce5ed4b2e3d42a
/content/drive/MyDrive/AISC DeepFake Çalışmaları/Deneyler/Kader/Deney 1/Göz/eye_roi_output/real/train/combined/real_train/real_train_00025__face_00.jpg,5379,1786019863000000000,2559d8343718d297e9d2b8f59cb31ff7389f33fe3a133bc850ffca5779b77ac4
/content/drive/MyDrive/AISC DeepFake Çalışmaları/Deneyler/Kader/Deney 1/Göz/eye_roi_output/real/train/combined/real_train/real_train_00026__face_00.jpg,5355,1786019864000000000,2f623ef8903a73d2801a4d4cf58fd3c1730599642fd77b69f152049d438ea4cb
/content/drive/MyDrive/AISC DeepFake Çalışmaları/Deneyler/Kader/Deney 1/Göz/eye_roi_output/real/train/combined/real_train/real_train_00027__face_00.jpg,4650,1786019864000000000,083028672e6eaa86d2b2efa2134534772ca11b6276ee2a4b0cd66da4a5e0ab31
/content/drive/MyDrive/AISC DeepFake Çalışmaları/Deneyler/Kader/Deney 1/Göz/eye_roi_output/real/train/combined/real_train/real_train_00028__face_00.jpg,4670,1786019865000000000,249f579d402daeaf8911110a289f78cc734166e9d3702c4d56f55013028f7148
/content/drive/MyDrive/AISC DeepFake Çalışmaları/Deneyler/Kader/Deney 1/Göz/eye_roi_output/real/train/combined/real_train/real_train_00029__face_00.jpg,4671,1786019865000000000,5f3c31b7bb15490e0e5eb7f665621b87f2d9212221e276fb9ddb1a724de75395
/content/drive/MyDrive/AISC DeepFake Çalışmaları/Deneyler/Kader/Deney 1/Göz/eye_roi_output/real/train/combined/real_train/real_train_00030__face_00.jpg,6490,1786019866000000000,f139a15d55116f5034c83afd87ffb573e7ecdcab7e8a5b6ebf68d8cf64633932
/content/drive/MyDrive/AISC DeepFake Çalışmaları/Deneyler/Kader/Deney 1/Göz/eye_roi_output/real/train/combined/real_train/real_train_00031__face_00.jpg,4826,1786019866000000000,5787704f7087cc96f634e67f7f402dc54ca60fe5fdb5cf5f2bf9d6f7d79e2085
/content/drive/MyDrive/AISC DeepFake Çalışmaları/Deneyler/Kader/Deney 1/Göz/eye_roi_output/real/train/combined/real_train/real_train_00032__face_00.jpg,4607,1786019867000000000,8c35b540ccd85d5d883769850b4f37bbacc5e5ce7dd1eb44091901dbdf09a071
/content/drive/MyDrive/AISC DeepFake Çalışmaları/Deneyler/Kader/Deney 1/Göz/eye_roi_output/real/train/combined/real_train/real_train_00033__face_00.jpg,6215,1786019867000000000,92be157e009c1f66b805f51a02866e60ad4d4695004fd986ab9ffd7db24a544f
/content/drive/MyDrive/AISC DeepFake Çalışmaları/Deneyler/Kader/Deney 1/Göz/eye_roi_output/real/train/combined/real_train/real_train_00034__face_00.jpg,6161,1786019868000000000,8e89a66e0c7144873de3e68eea50f7d238779e5fe503bb45a445d1bac5cb42f9
/content/drive/MyDrive/AISC DeepFake Çalışmaları/Deneyler/Kader/Deney 1/Göz/eye_roi_output/real/train/combined/real_train/real_train_00035__face_00.jpg,4658,1786019868000000000,28f6283a0035e781747a48ec91fc8e71036f7014c106edf076159c0eb258deba
/content/drive/MyDrive/AISC DeepFake Çalışmaları/Deneyler/Kader/Deney 1/Göz/eye_roi_output/real/train/combined/real_train/real_train_00036__face_00.jpg,6055,1786019869000000000,6e7e5738d43475f0bc2a4d6b24e2dfc78f15af40a6047c9b807737627262e19f
/content/drive/MyDrive/AISC DeepFake Çalışmaları/Deneyler/Kader/Deney 1/Göz/eye_roi_output/real/train/combined/real_train/real_train_00037__face_00.jpg,5519,1786019870000000000,bb7df98ffbc499cbba22f0e15183c6746d4e719279679332a3fe5b1c62be1a0b
/content/drive/MyDrive/AISC DeepFake Çalışmaları/Deneyler/Kader/Deney 1/Göz/eye_roi_output/real/train/combined/real_train/real_train_00039__face_00.jpg,5401,1786019871000000000,aae451d44bcb8aa0b3b4d72df055bc409947d044c3c5ee95152265d1413d6392
/content/drive/MyDrive/AISC DeepFake Çalışmaları/Deneyler/Kader/Deney 1/Göz/eye_roi_output/real/train/combined/real_train/real_train_00040__face_00.jpg,5174,1786019872000000000,6fe48bcbca96fbfb01aa57a1c7570e67495e63a93da396b06511208275871638
/content/drive/MyDrive/AISC DeepFake Çalışmaları/Deneyler/Kader/Deney 1/Göz/eye_roi_output/real/train/combined/real_train/real_train_00041__face_00.jpg,6425,1786019872000000000,2ac8985a4516d677ab1f3e51ae3e389892cde6ec2e133f5a4b816677ddbc12a3
/content/drive/MyDrive/AISC DeepFake Çalışmaları/Deneyler/Kader/Deney 1/Göz/eye_roi_output/real/train/combined/real_train/real_train_00042__face_00.jpg,4600,1786019872000000000,8bfe6d31564d64cf514fcb4868c5a62a8e7ea7a1dd602164edce6b2ff1dfbfbd
/content/drive/MyDrive/AISC DeepFake Çalışmaları/Deneyler/Kader/Deney 1/Göz/eye_roi_output/real/train/combined/real_train/real_train_00043__face_00.jpg,5058,1786019873000000000,b20bdf4c36995a6d96d8092aa0a2b1014592b262bb4348d5c399459422cb3ea3
/content/drive/MyDrive/AISC DeepFake Çalışmaları/Deneyler/Kader/Deney 1/Göz/eye_roi_output/real/train/combined/real_train/real_train_00044__face_00.jpg,5589,1786019873000000000,6d0f8ba1b7bb3a1cf808bc9a1611c271d90566d884d4bc0a14b6ef3605f57db4
/content/drive/MyDrive/AISC DeepFake Çalışmaları/Deneyler/Kader/Deney 1/Göz/eye_roi_output/real/train/combined/real_train/real_train_00045__face_00.jpg,5802,1786019874000000000,b15fc8dca82c075a99c36381eb1dd734d81d42dd084cbd74912ab7f9aa5ee875
/content/drive/MyDrive/AISC DeepFake Çalışmaları/Deneyler/Kader/Deney 1/Göz/eye_roi_output/real/train/combined/real_train/real_train_00046__face_00.jpg,5770,1786019875000000000,2ad2205937b8806c57f1eb0505d5ac9c3da2b0c9ecf89529cf7e0dc8ef276ef2
/content/drive/MyDrive/AISC DeepFake Çalışmaları/Deneyler/Kader/Deney 1/Göz/eye_roi_output/real/train/combined/real_train/real_train_00047__face_00.jpg,5740,1786019875000000000,9366dbabff080d9869243ca4aa79531651b7a2630fe0f41b4f927ca6e4c278c0
/content/drive/MyDrive/AISC DeepFake Çalışmaları/Deneyler/Kader/Deney 1/Göz/eye_roi_output/real/train/combined/real_train/real_train_00048__face_00.jpg,5351,1786019876000000000,73335563c180f5f673ab3e06428885acabca45173372e6c70b05c8cdd6a18cef
/content/drive/MyDrive/AISC DeepFake Çalışmaları/Deneyler/Kader/Deney 1/Göz/eye_roi_output/real/train/combined/real_train/real_train_00049__face_00.jpg,6870,1786019876000000000,35a271a6388271470e2a7c69837f99dd7de8b77e26b998f031b0672540af56b2
/content/drive/MyDrive/AISC DeepFake Çalışmaları/Deneyler/Kader/Deney 1/Göz/eye_roi_output/real/train/combined/real_train/real_train_00050__face_00.jpg,4767,1786019876000000000,00b7cc019ff6847368c73b47cac06bb34ff66d5750cae1cbfca8af31bfe7be4a
/content/drive/MyDrive/AISC DeepFake Çalışmaları/Deneyler/Kader/Deney 1/Göz/eye_roi_output/real/train/combined/real_train/real_train_00051__face_00.jpg,4931,1786019877000000000,6b3fca5776bf228662001528566145f3ac7ce6557c35b56f3b5104d78366ce5c
/content/drive/MyDrive/AISC DeepFake Çalışmaları/Deneyler/Kader/Deney 1/Göz/eye_roi_output/real/train/combined/real_train/real_train_00052__face_00.jpg,4789,1786019877000000000,32b0e15e3e19e6e13b6647bfc8615d10f6e3198370d0e843df3c86ce99b76d26
/content/drive/MyDrive/AISC DeepFake Çalışmaları/Deneyler/Kader/Deney 1/Göz/eye_roi_output/real/train/combined/real_train/real_train_00053__face_00.jpg,5776,1786019878000000000,9cbd17e3fcb862903540dafa843295a3beca5a4f059ee6318cc9d1752ea32a84
/content/drive/MyDrive/AISC DeepFake Çalışmaları/Deneyler/Kader/Deney 1/Göz/eye_roi_output/real/train/combined/real_train/real_train_00054__face_00.jpg,5254,1786019879000000000,b0e7e90edce638ba8912f4b7d92bc6338356fc02fcd2ae54921a067aac81fed6
/content/drive/MyDrive/AISC DeepFake Çalışmaları/Deneyler/Kader/Deney 1/Göz/eye_roi_output/real/train/combined/real_train/real_train_00055__face_00.jpg,5788,1786019879000000000,5d956c76fd2fe2cbed3958fd1f79586ce6c88e6a5678b838870f0fa928495946
/content/drive/MyDrive/AISC DeepFake Çalışmaları/Deneyler/Kader/Deney 1/Göz/eye_roi_output/real/train/combined/real_train/real_train_00056__face_00.jpg,6271,1786019880000000000,99f5ebbb98e5081a668c44448b1d29f65d1c93de8492e230cba266de18419f95
/content/drive/MyDrive/AISC DeepFake Çalışmaları/Deneyler/Kader/Deney 1/Göz/eye_roi_output/real/train/combined/real_train/real_train_00057__face_00.jpg,5835,1786019880000000000,cf965d3d822ce77b2e0ae1e44a74ac42399640dea9954afb9e93d83470d2c36e
/content/drive/MyDrive/AISC DeepFake Çalışmaları/Deneyler/Kader/Deney 1/Göz/eye_roi_output/real/train/combined/real_train/real_train_00058__face_00.jpg,4990,1786019880000000000,6a3eeb9b05487b3aee90079b79f2948b8832ee1c916311bbf745a5e1eedc138f
/content/drive/MyDrive/AISC DeepFake Çalışmaları/Deneyler/Kader/Deney 1/Göz/eye_roi_output/real/train/combined/real_train/real_train_00059__face_00.jpg,5175,1786019881000000000,0d1f0154e7ec38969f58792ba3a4f14b445202077a408443b5c44c1dcf636d49
/content/drive/MyDrive/AISC DeepFake Çalışmaları/Deneyler/Kader/Deney 1/Göz/eye_roi_output/real/train/combined/real_train/real_train_00060__face_00.jpg,5637,1786019881000000000,0f3ddf18d5f9536b7eaebda9725451ca3a539a67072b03738707f8d075e501b9
/content/drive/MyDrive/AISC DeepFake Çalışmaları/Deneyler/Kader/Deney 1/Göz/eye_roi_output/real/train/combined/real_train/real_train_00061__face_00.jpg,5393,1786019882000000000,cb7527b10227b0ce76ea01e3f32616417856b4f1191e4e8e48b7e2cb6f8a5a78
/content/drive/MyDrive/AISC DeepFake Çalışmaları/Deneyler/Kader/Deney 1/Göz/eye_roi_output/real/train/combined/real_train/real_train_00062__face_00.jpg,4101,1786019882000000000,ea2327018b9c8080ac6295261c9bd998b9765b90f796978f128aab5944e84b2a
/content/drive/MyDrive/AISC DeepFake Çalışmaları/Deneyler/Kader/Deney 1/Göz/eye_roi_output/real/train/combined/real_train/real_train_00063__face_00.jpg,4535,1786019883000000000,ddabc8db634e90b0f694cc3740017a52d48c938dc2e6f88cb8647f0b424ab022
/content/drive/MyDrive/AISC DeepFake Çalışmaları/Deneyler/Kader/Deney 1/Göz/eye_roi_output/real/train/combined/real_train/real_train_00064__face_00.jpg,6450,1786019883000000000,7005309efdcce9139b83f7e132332e7f52a80adbb5a3b2b30087fb7f04304378
/content/drive/MyDrive/AISC DeepFake Çalışmaları/Deneyler/Kader/Deney 1/Göz/eye_roi_output/real/train/combined/real_train/real_train_00065__face_00.jpg,5340,1786019884000000000,940205f2396186a303f011694811403904bc9dd3f59e0699393a1fee82cbcac3
/content/drive/MyDrive/AISC DeepFake Çalışmaları/Deneyler/Kader/Deney 1/Göz/eye_roi_output/real/train/combined/real_train/real_train_00066__face_00.jpg,4510,1786019884000000000,316aeb58573780b5b4d6bce4e2e7cac9ea05e7e749d474f9c03d1c412f56f8be
/content/drive/MyDrive/AISC DeepFake Çalışmaları/Deneyler/Kader/Deney 1/Göz/eye_roi_output/real/train/combined/real_train/real_train_00067__face_00.jpg,5354,1786019884000000000,8aeab9d063b4c2932d9e2d9e5e6d8c4b2c92897aae80fa9ec7de8f77d1d5eab9
/content/drive/MyDrive/AISC DeepFake Çalışmaları/Deneyler/Kader/Deney 1/Göz/eye_roi_output/real/train/combined/real_train/real_train_00068__face_00.jpg,4911,1786019885000000000,7258d6b80f5a806512ea9c4623397f5937797c3ec843f53ec686ebb7882a7429
/content/drive/MyDrive/AISC DeepFake Çalışmaları/Deneyler/Kader/Deney 1/Göz/eye_roi_output/real/train/combined/real_train/real_train_00069__face_00.jpg,5287,1786019885000000000,c5e69d6cead0c5d52f722edb2c0c027af101fa8c1cf11b1bc82606cf47d9df60
/content/drive/MyDrive/AISC DeepFake Çalışmaları/Deneyler/Kader/Deney 1/Göz/eye_roi_output/real/train/combined/real_train/real_train_00070__face_00.jpg,6112,1786019886000000000,7e43d667d0cfe6b5b5c6a890f0011479951638252f816c455608f7abf8dab2f1
/content/drive/MyDrive/AISC DeepFake Çalışmaları/Deneyler/Kader/Deney 1/Göz/eye_roi_output/real/train/combined/real_train/real_train_00071__face_00.jpg,4957,1786019887000000000,1ec1a776df6f7fddbe3af90df4cde4c9179c3d4dcabd8c65ca6ef29c486f3264
/content/drive/MyDrive/AISC DeepFake Çalışmaları/Deneyler/Kader/Deney 1/Göz/eye_roi_output/real/train/combined/real_train/real_train_00072__face_00.jpg,3860,1786019887000000000,9634d16a3f8c8aa1bdf0e53c258268ffc314f3e6c88ff754c685477770223b97
/content/drive/MyDrive/AISC DeepFake Çalışmaları/Deneyler/Kader/Deney 1/Göz/eye_roi_output/real/train/combined/real_train/real_train_00073__face_00.jpg,5926,1786019888000000000,05af22dd4b471e50bcb7b9ed30991805f4567dea33ac0f0671becb825b3f0e79
/content/drive/MyDrive/AISC DeepFake Çalışmaları/Deneyler/Kader/Deney 1/Göz/eye_roi_output/real/train/combined/real_train/real_train_00074__face_00.jpg,5924,1786019888000000000,3e83817fac5fb53f99ae47194d9cb178b9e935e26585422a5d8e7423e4f93d4f
/content/drive/MyDrive/AISC DeepFake Çalışmaları/Deneyler/Kader/Deney 1/Göz/eye_roi_output/real/train/combined/real_train/real_train_00076__face_00.jpg,5175,1786019889000000000,3803a0f99d385729a51de5aaf7134a39dcbbd88f8f92d6c81374b24ca7c3ba88
/content/drive/MyDrive/AISC DeepFake Çalışmaları/Deneyler/Kader/Deney 1/Göz/eye_roi_output/real/train/combined/real_train/real_train_00078__face_00.jpg,4838,1786019890000000000,5f4ddc5cdde1593dfa772b41849ed0bbadfec833f3921856c9579d5f323f3e15
/content/drive/MyDrive/AISC DeepFake Çalışmaları/Deneyler/Kader/Deney 1/Göz/eye_roi_output/real/train/combined/real_train/real_train_00079__face_00.jpg,4605,1786019891000000000,9838b7e3ac533ef8fb7ddc77251cb3cf5afaa5a2987dfa5e160819d00d6384e1
/content/drive/MyDrive/AISC DeepFake Çalışmaları/Deneyler/Kader/Deney 1/Göz/eye_roi_output/real/train/combined/real_train/real_train_00080__face_00.jpg,6356,1786019891000000000,d1ce0cf17ed004f578f3f6f0e89b9f48d4e26782ff85885b5b6cbfb46ceafb0c
/content/drive/MyDrive/AISC DeepFake Çalışmaları/Deneyler/Kader/Deney 1/Göz/eye_roi_output/real/train/combined/real_train/real_train_00081__face_00.jpg,6329,1786019891000000000,cfb9cec0b7b25327a895f5cb3a36c4b7378d9d41b1d922c8a2ada05596431e8f
/content/drive/MyDrive/AISC DeepFake Çalışmaları/Deneyler/Kader/Deney 1/Göz/eye_roi_output/real/train/combined/real_train/real_train_00082__face_00.jpg,4678,1786019892000000000,9b70a375b04bb4e313fcc76537a3c51b23c0cd5604a147b1b30494bffa5e4c3e
/content/drive/MyDrive/AISC DeepFake Çalışmaları/Deneyler/Kader/Deney 1/Göz/eye_roi_output/real/train/combined/real_train/real_train_00083__face_00.jpg,5598,1786019892000000000,5d949b6a5746ecefd8a483dbe507a924df05d2570fced83ef58b3f68573b8ba2
/content/drive/MyDrive/AISC DeepFake Çalışmaları/Deneyler/Kader/Deney 1/Göz/eye_roi_output/real/train/combined/real_train/real_train_00084__face_00.jpg,5008,1786019893000000000,145a8f50651fc8579a210e43fdb300cf334f2ae760cbda10b64bb7edb37bd3ab
/content/drive/MyDrive/AISC DeepFake Çalışmaları/Deneyler/Kader/Deney 1/Göz/eye_roi_output/real/train/combined/real_train/real_train_00085__face_00.jpg,5497,1786019893000000000,1afb0bff1166865bf179f1b15b7af9ec172342ecc4ef13c80675dbff40c29c60
/content/drive/MyDrive/AISC DeepFake Çalışmaları/Deneyler/Kader/Deney 1/Göz/eye_roi_output/real/train/combined/real_train/real_train_00086__face_00.jpg,5296,1786019894000000000,ce56627e0bdf7c099227e2952d44799fe7a131f02e773787e30d22b69b684016
/content/drive/MyDrive/AISC DeepFake Çalışmaları/Deneyler/Kader/Deney 1/Göz/eye_roi_output/real/train/combined/real_train/real_train_00087__face_00.jpg,5171,1786019894000000000,799cfcc279c0cd60909ea0f497be7bddead10437f0f748d0efcd433ec2d08856
/content/drive/MyDrive/AISC DeepFake Çalışmaları/Deneyler/Kader/Deney 1/Göz/eye_roi_output/real/train/combined/real_train/real_train_00088__face_00.jpg,5440,1786019895000000000,18bf2e2cf6d5da596947d3c7eed84c0c919d1bad325590848bca415f6f26654e
/content/drive/MyDrive/AISC DeepFake Çalışmaları/Deneyler/Kader/Deney 1/Göz/eye_roi_output/real/train/combined/real_train/real_train_00089__face_00.jpg,5020,1786019895000000000,589612ef5d644b5b9d36a6860eb18168a3828fdc7d32acd13762f5dc8df9b39d
/content/drive/MyDrive/AISC DeepFake Çalışmaları/Deneyler/Kader/Deney 1/Göz/eye_roi_output/real/train/combined/real_train/real_train_00090__face_00.jpg,6192,1786019896000000000,d231e0ad40222f4f6a71d5f74faf3b45c9d9bc09b6a2ca8b6fd7e33470eae6aa
/content/drive/MyDrive/AISC DeepFake Çalışmaları/Deneyler/Kader/Deney 1/Göz/eye_roi_output/real/train/combined/real_train/real_train_00092__face_00.jpg,4742,1786019898000000000,df6858f7fbe04cc3e2bc9281aaf49c10172557175dd4709ab3a913836f62d853
/content/drive/MyDrive/AISC DeepFake Çalışmaları/Deneyler/Kader/Deney 1/Göz/eye_roi_output/real/train/combined/real_train/real_train_00093__face_00.jpg,5015,1786019898000000000,e82232ae20638eda88cefc8ec77f9ccd7f35ce050e644195b871d81ab46562ab
/content/drive/MyDrive/AISC DeepFake Çalışmaları/Deneyler/Kader/Deney 1/Göz/eye_roi_output/real/train/combined/real_train/real_train_00094__face_00.jpg,5550,1786019898000000000,db8e2abfec6e705ca827084a536b787075719ba6b0d05b0ef02a7ecc4a4572a4
/content/drive/MyDrive/AISC DeepFake Çalışmaları/Deneyler/Kader/Deney 1/Göz/eye_roi_output/real/train/combined/real_train/real_train_00095__face_00.jpg,6118,1786019899000000000,dd8c82a7bb1df9821af599e44fd9c124df08793f75d33c71142f9754473c8189
/content/drive/MyDrive/AISC DeepFake Çalışmaları/Deneyler/Kader/Deney 1/Göz/eye_roi_output/real/train/combined/real_train/real_train_00096__face_00.jpg,5275,1786019900000000000,48527825c572fb88f9d347b22871ef800229ee6559996676c73003170d9d4f18
/content/drive/MyDrive/AISC DeepFake Çalışmaları/Deneyler/Kader/Deney 1/Göz/eye_roi_output/real/train/combined/real_train/real_train_00097__face_00.jpg,5632,1786019900000000000,f4eda01f733b6fe0718cd0cd85531821538155fff9f17c75cce80ef3d24c24ff
/content/drive/MyDrive/AISC DeepFake Çalışmaları/Deneyler/Kader/Deney 1/Göz/eye_roi_output/real/train/combined/real_train/real_train_00098__face_00.jpg,5066,1786019901000000000,4d72bc0867e3d4d73957dfb5089e2538e13a2c27e8a7248b98b696dbb913b3fe
/content/drive/MyDrive/AISC DeepFake Çalışmaları/Deneyler/Kader/Deney 1/Göz/eye_roi_output/real/train/combined/real_train/real_train_00099__face_00.jpg,5340,1786019901000000000,4d1db2773cde0d55072a919b2b673c536ab642aa4a3a3d636654ec42ca9c7d3c
/content/drive/MyDrive/AISC DeepFake Çalışmaları/Deneyler/Kader/Deney 1/Göz/eye_roi_output/real/train/combined/real_train/real_train_00100__face_00.jpg,4923,1786019902000000000,ed19631037ce433da29cc30271453b148b9087de957389208c832a1d93952255
/content/drive/MyDrive/AISC DeepFake Çalışmaları/Deneyler/Kader/Deney 1/Göz/eye_roi_output/real/train/combined/real_train/real_train_00101__face_00.jpg,4879,1786019902000000000,479870c1a8b902d26bcd8da9e58afb25361034d34a48664a6a477916603b475c
/content/drive/MyDrive/AISC DeepFake Çalışmaları/Deneyler/Kader/Deney 1/Göz/eye_roi_output/real/train/combined/real_train/real_train_00102__face_00.jpg,5437,1786019903000000000,0a680995c88475d2c2067bb66030d6146d1a9c4bfbf51eb3a31a6c3fa1938652
/content/drive/MyDrive/AISC DeepFake Çalışmaları/Deneyler/Kader/Deney 1/Göz/eye_roi_output/real/train/combined/real_train/real_train_00103__face_00.jpg,5225,1786019903000000000,07d7ca05e60338832bba541dc494e7ee561769946cf617b7f098aa89d85cb7e9
/content/drive/MyDrive/AISC DeepFake Çalışmaları/Deneyler/Kader/Deney 1/Göz/eye_roi_output/real/train/combined/real_train/real_train_00104__face_00.jpg,5291,1786019904000000000,dcba347fa6721d9015bfa7662170843230e403d92c90c7adaa91746249b82533
/content/drive/MyDrive/AISC DeepFake Çalışmaları/Deneyler/Kader/Deney 1/Göz/eye_roi_output/real/train/combined/real_train/real_train_00105__face_00.jpg,4126,1786019904000000000,8d9a6604165fa53a38ad6836b015da0d8d22fb9fbf1368cb328894c784e84e44
/content/drive/MyDrive/AISC DeepFake Çalışmaları/Deneyler/Kader/Deney 1/Göz/eye_roi_output/real/train/combined/real_train/real_train_00106__face_00.jpg,5588,1786019905000000000,ad67768ef6d92ca2bb3997451dcaee8d2fa9ddc0ec81eb1f1754aad0f9e0ea5e
/content/drive/MyDrive/AISC DeepFake Çalışmaları/Deneyler/Kader/Deney 1/Göz/eye_roi_output/real/train/combined/real_train/real_train_00107__face_00.jpg,4798,1786019905000000000,35978299b482041bb18bf153229d7a5c80987608777aeca7983a35f0775cef5f
/content/drive/MyDrive/AISC DeepFake Çalışmaları/Deneyler/Kader/Deney 1/Göz/eye_roi_output/real/train/combined/real_train/real_train_00108__face_00.jpg,4845,1786019906000000000,c4af12fbded2a0341663212a4bb738e2d3a3c809208d9ff19545a9e6c719fd87
/content/drive/MyDrive/AISC DeepFake Çalışmaları/Deneyler/Kader/Deney 1/Göz/eye_roi_output/real/train/combined/real_train/real_train_00109__face_00.jpg,5136,1786019906000000000,0be81cd9e3d77864251d166d107a163c0a7c12dd28b9a36d0f7959099f617590
/content/drive/MyDrive/AISC DeepFake Çalışmaları/Deneyler/Kader/Deney 1/Göz/eye_roi_output/real/train/combined/real_train/real_train_00110__face_00.jpg,4851,1786019906000000000,0c2818c18330a45493af4d6e5ec72ec6dc84e40a0785048070adc905f9f8ebd8
/content/drive/MyDrive/AISC DeepFake Çalışmaları/Deneyler/Kader/Deney 1/Göz/eye_roi_output/real/train/combined/real_train/real_train_00111__face_00.jpg,4990,1786019907000000000,76074383167797d6f60af8d1cb12479e4e95e2156e18a03e53471a83a021fcea
/content/drive/MyDrive/AISC DeepFake Çalışmaları/Deneyler/Kader/Deney 1/Göz/eye_roi_output/real/train/combined/real_train/real_train_00112__face_00.jpg,5114,1786019907000000000,4755d752837e2f29c426fb4faeccc0c424d72520038c0b6f153fbdfe11274412
/content/drive/MyDrive/AISC DeepFake Çalışmaları/Deneyler/Kader/Deney 1/Göz/eye_roi_output/real/train/combined/real_train/real_train_00113__face_00.jpg,4818,1786019908000000000,ef26e3220bed256d7f0f0e628b935d500c0b563cc02b8dbe722fa87fa9d32139
/content/drive/MyDrive/AISC DeepFake Çalışmaları/Deneyler/Kader/Deney 1/Göz/eye_roi_output/real/train/combined/real_train/real_train_00114__face_00.jpg,5399,1786019908000000000,dc7ea155ad183d1382545799ab0a684bd878efea8d21269152f080411f481961
/content/drive/MyDrive/AISC DeepFake Çalışmaları/Deneyler/Kader/Deney 1/Göz/eye_roi_output/real/train/combined/real_train/real_train_00115__face_00.jpg,3956,1786019909000000000,571070144ad010ef16245bfc1fbd2aa40860e7bd973cf06f890dddceabfb985f
/content/drive/MyDrive/AISC DeepFake Çalışmaları/Deneyler/Kader/Deney 1/Göz/eye_roi_output/real/train/combined/real_train/real_train_00115__face_01.jpg,4183,1786019909000000000,b93a5053cd497d39429b6373409323166446f27eb41f69219aa4ad05ce79c1d8
/content/drive/MyDrive/AISC DeepFake Çalışmaları/Deneyler/Kader/Deney 1/Göz/eye_roi_output/real/train/combined/real_train/real_train_00116__face_00.jpg,4766,1786019909000000000,69c69afc275360f5e350f54a864e76f313fe891865804b3cc316a2a956cbe0ab
/content/drive/MyDrive/AISC DeepFake Çalışmaları/Deneyler/Kader/Deney 1/Göz/eye_roi_output/real/train/combined/real_train/real_train_00117__face_00.jpg,4615,1786019910000000000,b51f7241495dce035d48d3f6beb5de859843852a1fca3683176681b683d06f7f
/content/drive/MyDrive/AISC DeepFake Çalışmaları/Deneyler/Kader/Deney 1/Göz/eye_roi_output/real/train/combined/real_train/real_train_00118__face_00.jpg,5709,1786019911000000000,20b023044502f65228d4d4bf2750b09b03713ac16a7d48a5a379441ee20bc023
/content/drive/MyDrive/AISC DeepFake Çalışmaları/Deneyler/Kader/Deney 1/Göz/eye_roi_output/real/train/combined/real_train/real_train_00119__face_00.jpg,4875,1786019911000000000,53478c0bd2b7632d2749e8045e03bd3c3f37f2f98538dd03709e560b3a517a18
/content/drive/MyDrive/AISC DeepFake Çalışmaları/Deneyler/Kader/Deney 1/Göz/eye_roi_output/real/train/combined/real_train/real_train_00120__face_00.jpg,4220,1786019912000000000,94585c6b4ee7ccfeb3dd76c23428b7556ba417d9489ed1923fa9c70285df20bf
/content/drive/MyDrive/AISC DeepFake Çalışmaları/Deneyler/Kader/Deney 1/Göz/eye_roi_output/real/train/combined/real_train/real_train_00121__face_00.jpg,5436,1786019912000000000,cdb8a1b04eacf12e6f6ea0fe1d00c7a8c2f109f95fae752bb5f514ead5f681ca
/content/drive/MyDrive/AISC DeepFake Çalışmaları/Deneyler/Kader/Deney 1/Göz/eye_roi_output/real/train/combined/real_train/real_train_00122__face_00.jpg,6897,1786019913000000000,a6410da461c22c5372b4d95783d32301f6d54f0c404c03a38944efa934298343
/content/drive/MyDrive/AISC DeepFake Çalışmaları/Deneyler/Kader/Deney 1/Göz/eye_roi_output/real/train/combined/real_train/real_train_00123__face_00.jpg,5254,1786019913000000000,c713a58c07da59ba03f09817c774cb8943c6853d91997524de5b374647cccbc1
/content/drive/MyDrive/AISC DeepFake Çalışmaları/Deneyler/Kader/Deney 1/Göz/eye_roi_output/real/train/combined/real_train/real_train_00124__face_00.jpg,4575,1786019914000000000,9e919b6f5f9003832463a3208f66b57f8adacce67bfd62437dc5f5304bde8c00
/content/drive/MyDrive/AISC DeepFake Çalışmaları/Deneyler/Kader/Deney 1/Göz/eye_roi_output/real/train/combined/real_train/real_train_00125__face_00.jpg,6349,1786019914000000000,b4a9a50c4fb49dcf2c133c3c486b8326b147d0110ebf29a1a3a36b933e3e31bc
/content/drive/MyDrive/AISC DeepFake Çalışmaları/Deneyler/Kader/Deney 1/Göz/eye_roi_output/real/train/combined/real_train/real_train_00126__face_00.jpg,5284,1786019914000000000,873fd65bf95c69a13263a89376fe1bb024707d0db5c26568fe83d44aef7d1f2c
/content/drive/MyDrive/AISC DeepFake Çalışmaları/Deneyler/Kader/Deney 1/Göz/eye_roi_output/real/train/combined/real_train/real_train_00127__face_00.jpg,6026,1786019915000000000,6b7d98a10ceb1d1041451097d360fdde7d20c8dc95ea901364cac844b5b664d4
/content/drive/MyDrive/AISC DeepFake Çalışmaları/Deneyler/Kader/Deney 1/Göz/eye_roi_output/real/train/combined/real_train/real_train_00128__face_00.jpg,4812,1786019915000000000,c77b6a5b4e5ccd31dc7fadccd83912e8c8ed689f539eab6b9e68a2715060e4de
/content/drive/MyDrive/AISC DeepFake Çalışmaları/Deneyler/Kader/Deney 1/Göz/eye_roi_output/real/train/combined/real_train/real_train_00129__face_00.jpg,5494,1786019916000000000,efd82f5871089c418b03c7520c2e350fd6e40c4ea2415ab31ef7cc9bda961c90
/content/drive/MyDrive/AISC DeepFake Çalışmaları/Deneyler/Kader/Deney 1/Göz/eye_roi_output/real/train/combined/real_train/real_train_00130__face_00.jpg,4787,1786019917000000000,ac697875e5c32e728a98f7a508935abf6ce164a6ebd23f5d182d4117d1eea48f
/content/drive/MyDrive/AISC DeepFake Çalışmaları/Deneyler/Kader/Deney 1/Göz/eye_roi_output/real/train/combined/real_train/real_train_00130__face_01.jpg,5780,1786019917000000000,78fc8ada7882c2ade82a49cb6ecef6b1172f74328790891b7b84268767225699
/content/drive/MyDrive/AISC DeepFake Çalışmaları/Deneyler/Kader/Deney 1/Göz/eye_roi_output/real/train/combined/real_train/real_train_00131__face_00.jpg,6364,1786019918000000000,e692c955d955282d376cd02e36cae6c9e6bb1be3843f186fc0533ce35e1c15bd
/content/drive/MyDrive/AISC DeepFake Çalışmaları/Deneyler/Kader/Deney 1/Göz/eye_roi_output/real/train/combined/real_train/real_train_00132__face_00.jpg,4514,1786019918000000000,ca6ebda6e725625aa817f7dcee6d97c4c56a16e988b1fa5abb5bb6ca520ac116
/content/drive/MyDrive/AISC DeepFake Çalışmaları/Deneyler/Kader/Deney 1/Göz/eye_roi_output/real/train/combined/real_train/real_train_00133__face_00.jpg,4729,1786019918000000000,69e71f9511912ab3ced8ccdafccdb9c8c41fe7df65a39e9880dcc99f6685bec3
/content/drive/MyDrive/AISC DeepFake Çalışmaları/Deneyler/Kader/Deney 1/Göz/eye_roi_output/real/train/combined/real_train/real_train_00134__face_00.jpg,5951,1786019919000000000,77cf32d9bac7515186b28beceb656312c3c3b253e8db43ff3f4a23f3b65b4638
/content/drive/MyDrive/AISC DeepFake Çalışmaları/Deneyler/Kader/Deney 1/Göz/eye_roi_output/real/train/combined/real_train/real_train_00135__face_00.jpg,4822,1786019919000000000,586a04362261bfbc1aca0f3c75689b3cb79b69f15504b4009552334c21dc7e3b
/content/drive/MyDrive/AISC DeepFake Çalışmaları/Deneyler/Kader/Deney 1/Göz/eye_roi_output/real/train/combined/real_train/real_train_00135__face_01.jpg,4422,1786019920000000000,fb7e51d134b3ef4eb1fbdc3dae6ea4d3270a96f21a857e75a8044cfbb72f3d48
/content/drive/MyDrive/AISC DeepFake Çalışmaları/Deneyler/Kader/Deney 1/Göz/eye_roi_output/real/train/combined/real_train/real_train_00136__face_00.jpg,5313,1786019920000000000,d8c1814f6ad94ec30e053343a25ad207dbbc7ae1e4f96f3d9295fe6281557e37
/content/drive/MyDrive/AISC DeepFake Çalışmaları/Deneyler/Kader/Deney 1/Göz/eye_roi_output/real/train/combined/real_train/real_train_00137__face_00.jpg,5116,1786019921000000000,ac9b956829a38f492aeb7aeea89c35a7965f7f0e2f0a6e7e651a9740a756f355
/content/drive/MyDrive/AISC DeepFake Çalışmaları/Deneyler/Kader/Deney 1/Göz/eye_roi_output/real/train/combined/real_train/real_train_00138__face_00.jpg,4423,1786019921000000000,8f79aad1c52ca146c58a7023d345001302ace9f34f3eecdc99a103252c38c178
/content/drive/MyDrive/AISC DeepFake Çalışmaları/Deneyler/Kader/Deney 1/Göz/eye_roi_output/real/train/combined/real_train/real_train_00138__face_01.jpg,4637,1786019921000000000,43f037787ac2e9c6b91ea1188badd97de08f451973bc8ba8d3e40a8984b099f1
/content/drive/MyDrive/AISC DeepFake Çalışmaları/Deneyler/Kader/Deney 1/Göz/eye_roi_output/real/train/combined/real_train/real_train_00138__face_02.jpg,4892,1786019921000000000,b9904be68b1c4f2898f39914cd5ab00406bd0dced089589adf372dc1dd89e10f
/content/drive/MyDrive/AISC DeepFake Çalışmaları/Deneyler/Kader/Deney 1/Göz/eye_roi_output/real/train/combined/real_train/real_train_00138__face_03.jpg,4414,1786019921000000000,6db738b68d01904aeb889aa3b80a533cbfdc8885018c77e5ab3baeb6ad169502
/content/drive/MyDrive/AISC DeepFake Çalışmaları/Deneyler/Kader/Deney 1/Göz/eye_roi_output/real/train/combined/real_train/real_train_00139__face_00.jpg,5235,1786019922000000000,347f127c328b69b66b391ba25109f3cd7a61469c2e863e928ec0da4108a752f9
/content/drive/MyDrive/AISC DeepFake Çalışmaları/Deneyler/Kader/Deney 1/Göz/eye_roi_output/real/train/combined/real_train/real_train_00140__face_00.jpg,7134,1786019922000000000,7a040903ac0fe7a84c056fa9771a54540ebb20056fb53e132cbca434c99a6a44
/content/drive/MyDrive/AISC DeepFake Çalışmaları/Deneyler/Kader/Deney 1/Göz/eye_roi_output/real/train/combined/real_train/real_train_00141__face_00.jpg,4918,1786019923000000000,c274f07f21f84a5c131ab23012ee8358fcc54dd1924f6bdc6687baca829a99ec
/content/drive/MyDrive/AISC DeepFake Çalışmaları/Deneyler/Kader/Deney 1/Göz/eye_roi_output/real/train/combined/real_train/real_train_00142__face_00.jpg,4049,1786019923000000000,101c372d9a101a56609c92e004e39f8663f3fdfbfbc3f49827cfcefeea7f8124
/content/drive/MyDrive/AISC DeepFake Çalışmaları/Deneyler/Kader/Deney 1/Göz/eye_roi_output/real/train/combined/real_train/real_train_00143__face_00.jpg,5309,1786019924000000000,358fd0e81245dd8dc8a6f3972384587d55b8e69b64fb8639ad5baec92f2c9f1f
/content/drive/MyDrive/AISC DeepFake Çalışmaları/Deneyler/Kader/Deney 1/Göz/eye_roi_output/real/train/combined/real_train/real_train_00145__face_00.jpg,4677,1786019925000000000,cc94b0d52f4343a660b23c4caa946e6121425df5ff348707715528e081041718
/content/drive/MyDrive/AISC DeepFake Çalışmaları/Deneyler/Kader/Deney 1/Göz/eye_roi_output/real/train/combined/real_train/real_train_00146__face_00.jpg,5753,1786019925000000000,682c7488a0e93682edcde423df88669e9cad138964a948f227c6160a0a072389
/content/drive/MyDrive/AISC DeepFake Çalışmaları/Deneyler/Kader/Deney 1/Göz/eye_roi_output/real/train/combined/real_train/real_train_00147__face_00.jpg,4387,1786019926000000000,b9e064e499879ae1e276565785a06ffced7234efbc701a457eaed39291dab5b0
/content/drive/MyDrive/AISC DeepFake Çalışmaları/Deneyler/Kader/Deney 1/Göz/eye_roi_output/real/train/combined/real_train/real_train_00148__face_00.jpg,4447,1786019926000000000,394f6b0176a1160c85b529a66b9dba8c7832514742703479524b1282287fbd38
/content/drive/MyDrive/AISC DeepFake Çalışmaları/Deneyler/Kader/Deney 1/Göz/eye_roi_output/real/train/combined/real_train/real_train_00149__face_00.jpg,5093,1786019927000000000,5e599c5b883d4d450ff94cce549ca7ea4fce3de2e949af84c373cbc58c79a095
/content/drive/MyDrive/AISC DeepFake Çalışmaları/Deneyler/Kader/Deney 1/Göz/eye_roi_output/real/train/combined/real_train/real_train_00150__face_00.jpg,5298,1786019927000000000,e775e9482300e5938df9f92c1555654803a47bbd7b0a2f31ba88d46ac4c7fdf8
/content/drive/MyDrive/AISC DeepFake Çalışmaları/Deneyler/Kader/Deney 1/Göz/eye_roi_output/real/train/combined/real_train/real_train_00151__face_00.jpg,4796,1786019928000000000,38766421173c2ec9e4108a8b9cf0b651851e53f8291e45f63cd337f2b43d5150
/content/drive/MyDrive/AISC DeepFake Çalışmaları/Deneyler/Kader/Deney 1/Göz/eye_roi_output/real/train/combined/real_train/real_train_00152__face_00.jpg,4781,1786019928000000000,861c3bf26b0904a5b0a30022344fe48a8fe3ff96f534f10019e2adfcf6858058
/content/drive/MyDrive/AISC DeepFake Çalışmaları/Deneyler/Kader/Deney 1/Göz/eye_roi_output/real/train/combined/real_train/real_train_00153__face_00.jpg,5374,1786019929000000000,a9d1ad8980b1e17c8a26efba7142428a0ef621edf8d868516109e29b95095126
/content/drive/MyDrive/AISC DeepFake Çalışmaları/Deneyler/Kader/Deney 1/Göz/eye_roi_output/real/train/combined/real_train/real_train_00154__face_00.jpg,4936,1786019929000000000,6123c7829bcf08d3b4764b48c485a3ee1f71a57f117d84bf47611fcbaeffadcf
/content/drive/MyDrive/AISC DeepFake Çalışmaları/Deneyler/Kader/Deney 1/Göz/eye_roi_output/real/train/combined/real_train/real_train_00155__face_00.jpg,5103,1786019930000000000,ee9da9ada62c1d9e4407975369445aa7e96e2917aa61fafe538d567236b8846f
/content/drive/MyDrive/AISC DeepFake Çalışmaları/Deneyler/Kader/Deney 1/Göz/eye_roi_output/real/train/combined/real_train/real_train_00156__face_00.jpg,5010,1786019930000000000,cc1531075201805a9143cdc284d60fd1c4baab10ad26a27675154718fac0bb93
/content/drive/MyDrive/AISC DeepFake Çalışmaları/Deneyler/Kader/Deney 1/Göz/eye_roi_output/real/train/combined/real_train/real_train_00157__face_00.jpg,6274,1786019931000000000,22d8bfce2ab972616a47d698c3a46ea67ad0cbbd95e334ea840e85364682a7ad
/content/drive/MyDrive/AISC DeepFake Çalışmaları/Deneyler/Kader/Deney 1/Göz/eye_roi_output/real/train/combined/real_train/real_train_00158__face_00.jpg,4122,1786019931000000000,966294e1bb483fde34d9cc2edec20111beb3ac0d9b1f04b8d0f75b9b8f66fdfe
/content/drive/MyDrive/AISC DeepFake Çalışmaları/Deneyler/Kader/Deney 1/Göz/eye_roi_output/real/train/combined/real_train/real_train_00159__face_00.jpg,6503,1786019932000000000,9339d44d447146b8ecb6b77b201fa76935e729116612078af59abee4067f75c3
/content/drive/MyDrive/AISC DeepFake Çalışmaları/Deneyler/Kader/Deney 1/Göz/eye_roi_output/real/train/combined/real_train/real_train_00160__face_00.jpg,4646,1786019932000000000,b8faa1308f5d7f97d5abc32d372937d165899fa5605a6e4ef2d38be758a87b73
/content/drive/MyDrive/AISC DeepFake Çalışmaları/Deneyler/Kader/Deney 1/Göz/eye_roi_output/real/train/combined/real_train/real_train_00161__face_00.jpg,5157,1786019933000000000,4183505e69450aa340647acc6090dd737e59e8c2795e23fa25e1bec0f4a0dc87
/content/drive/MyDrive/AISC DeepFake Çalışmaları/Deneyler/Kader/Deney 1/Göz/eye_roi_output/real/train/combined/real_train/real_train_00162__face_00.jpg,4671,1786019933000000000,cbbc0a11a45a578599f7812763cbe7c4a43a01ef145952e3b163d7f6ec9c30a4
/content/drive/MyDrive/AISC DeepFake Çalışmaları/Deneyler/Kader/Deney 1/Göz/eye_roi_output/real/train/combined/real_train/real_train_00163__face_00.jpg,4749,1786019934000000000,de66f244bf01ae9a3777c79beb227b4121198d2a0c37ced57a3a8ac42c371e61
/content/drive/MyDrive/AISC DeepFake Çalışmaları/Deneyler/Kader/Deney 1/Göz/eye_roi_output/real/train/combined/real_train/real_train_00164__face_00.jpg,4903,1786019934000000000,e6657487b110f2b2920a5ef742253f4599aaa0267f943fae7088796c58675a88
/content/drive/MyDrive/AISC DeepFake Çalışmaları/Deneyler/Kader/Deney 1/Göz/eye_roi_output/real/train/combined/real_train/real_train_00165__face_00.jpg,5451,1786019934000000000,6caec0d62972eab42379ad8e88f355db7f39d09a6d2240632270ba796f289294
/content/drive/MyDrive/AISC DeepFake Çalışmaları/Deneyler/Kader/Deney 1/Göz/eye_roi_output/real/train/combined/real_train/real_train_00166__face_00.jpg,5439,1786019935000000000,aa5b56b958ff098fcaf03d853cdec5fcda02a1f6e6b013ca0672d2d0ba41bd2a
/content/drive/MyDrive/AISC DeepFake Çalışmaları/Deneyler/Kader/Deney 1/Göz/eye_roi_output/real/train/combined/real_train/real_train_00167__face_00.jpg,5424,1786019936000000000,37e0abb2cd7a7936d2aa842c003fee78a37edbd6aedecb79e546985a989df757
/content/drive/MyDrive/AISC DeepFake Çalışmaları/Deneyler/Kader/Deney 1/Göz/eye_roi_output/real/train/combined/real_train/real_train_00168__face_00.jpg,6118,1786019937000000000,3cec8fa11b9180fae4721a507fbdac8be52e08a9613bfe537aa1afdcb2dc61ed
/content/drive/MyDrive/AISC DeepFake Çalışmaları/Deneyler/Kader/Deney 1/Göz/eye_roi_output/real/train/combined/real_train/real_train_00169__face_00.jpg,5788,1786019937000000000,9aebf735c8c5705255fc2c589077aac7196ba8fcd4a367c0e5a9a6f52c6c460e
/content/drive/MyDrive/AISC DeepFake Çalışmaları/Deneyler/Kader/Deney 1/Göz/eye_roi_output/real/train/combined/real_train/real_train_00170__face_00.jpg,4312,1786019938000000000,a3544e512268bd61c73a5a273df8d4c73065abd1b81b414759b9709ad7d2f84e
/content/drive/MyDrive/AISC DeepFake Çalışmaları/Deneyler/Kader/Deney 1/Göz/eye_roi_output/real/train/combined/real_train/real_train_00171__face_00.jpg,5694,1786019939000000000,ff4ca103c0dc3d3ebc7b40bd99e4b385bdd06f3119c5c89727f4764660f4e600
/content/drive/MyDrive/AISC DeepFake Çalışmaları/Deneyler/Kader/Deney 1/Göz/eye_roi_output/real/train/combined/real_train/real_train_00172__face_00.jpg,5373,1786019939000000000,d2a5043f8691f6dd850c13b0a373da2d4b215d1babaa46529aa6b56a91e84d3c
/content/drive/MyDrive/AISC DeepFake Çalışmaları/Deneyler/Kader/Deney 1/Göz/eye_roi_output/real/train/combined/real_train/real_train_00173__face_00.jpg,5302,1786019940000000000,69ac03aef76a5462a56b6ee8fa7f3e7f00f14cf9930cbdc2cffb9a28a784a46b
/content/drive/MyDrive/AISC DeepFake Çalışmaları/Deneyler/Kader/Deney 1/Göz/eye_roi_output/real/train/combined/real_train/real_train_00174__face_00.jpg,4705,1786019940000000000,d5970660a37e7f5ab699fc1148d682fa89fdd25708bf58e806077a82eff7395a
/content/drive/MyDrive/AISC DeepFake Çalışmaları/Deneyler/Kader/Deney 1/Göz/eye_roi_output/real/train/combined/real_train/real_train_00175__face_00.jpg,4668,1786019941000000000,07afe7f710be5a900bc602aa05627c684fd55fd13a5fd5e4cb155d112b6f116d
/content/drive/MyDrive/AISC DeepFake Çalışmaları/Deneyler/Kader/Deney 1/Göz/eye_roi_output/real/train/combined/real_train/real_train_00176__face_00.jpg,4304,1786019941000000000,039bea95c16309504ffbd6e2d00920ed24c7f0a2ba69687c6d35a9344843f418
/content/drive/MyDrive/AISC DeepFake Çalışmaları/Deneyler/Kader/Deney 1/Göz/eye_roi_output/real/train/combined/real_train/real_train_00177__face_00.jpg,3315,1786019942000000000,764dc28c4618694516b17a2cbca49e4e814feb7fcc064a5272963ecbefde6b03
/content/drive/MyDrive/AISC DeepFake Çalışmaları/Deneyler/Kader/Deney 1/Göz/eye_roi_output/real/train/combined/real_train/real_train_00178__face_00.jpg,5292,1786019942000000000,bb2b04cebb242a618901a56087e0f24bf70fe786807adc93526095b6bcf44e8e
/content/drive/MyDrive/AISC DeepFake Çalışmaları/Deneyler/Kader/Deney 1/Göz/eye_roi_output/real/train/combined/real_train/real_train_00179__face_00.jpg,5572,1786019943000000000,9bf958fd7cdc1c40cf8a5bd15f44e8abe903ff6a86ff469f5b7616cda07a8cb7
/content/drive/MyDrive/AISC DeepFake Çalışmaları/Deneyler/Kader/Deney 1/Göz/eye_roi_output/real/train/combined/real_train/real_train_00180__face_00.jpg,5210,1786019943000000000,1f4abe5c02511d7c14971f7b23c9e0a3a2a1bc3b388e02e7cac3f9db4d6507c9
/content/drive/MyDrive/AISC DeepFake Çalışmaları/Deneyler/Kader/Deney 1/Göz/eye_roi_output/real/train/combined/real_train/real_train_00181__face_00.jpg,5299,1786019944000000000,d0e368c546cee2fcf60c4873b928d26ec9cb69babf6f87d30c306a96f462c888
/content/drive/MyDrive/AISC DeepFake Çalışmaları/Deneyler/Kader/Deney 1/Göz/eye_roi_output/real/train/combined/real_train/real_train_00182__face_00.jpg,5085,1786019944000000000,dd85172593775cfc3de7b05acda9f86d3f7f77a643db9ebf2f97798bb4b30101
/content/drive/MyDrive/AISC DeepFake Çalışmaları/Deneyler/Kader/Deney 1/Göz/eye_roi_output/real/train/combined/real_train/real_train_00183__face_00.jpg,8808,1786019945000000000,1567ddac3f27297a08e2e8e7520f6b4511b2c70022c9274719f3b0d194321c42
/content/drive/MyDrive/AISC DeepFake Çalışmaları/Deneyler/Kader/Deney 1/Göz/eye_roi_output/real/train/combined/real_train/real_train_00184__face_00.jpg,5569,1786019946000000000,505fdffdcb2c3ea650034f87901e7787f49a352aa915d7aaefd299f93879d45b
/content/drive/MyDrive/AISC DeepFake Çalışmaları/Deneyler/Kader/Deney 1/Göz/eye_roi_output/real/train/combined/real_train/real_train_00185__face_00.jpg,5072,1786019947000000000,f81f6bfab5bd622564aaa04b050cf6e7d66bf81b7e695d316cc2085883f8f778
/content/drive/MyDrive/AISC DeepFake Çalışmaları/Deneyler/Kader/Deney 1/Göz/eye_roi_output/real/train/combined/real_train/real_train_00186__face_00.jpg,5354,1786019947000000000,47e0a5d2e1373c59d153c9e9a93b090a8a79e38058da150979c94bc321f2412c
/content/drive/MyDrive/AISC DeepFake Çalışmaları/Deneyler/Kader/Deney 1/Göz/eye_roi_output/real/train/combined/real_train/real_train_00187__face_00.jpg,5134,1786019947000000000,ac4c9bb98b1cb44980b61a8d1777fbe573e62b6c941bce5e07b6ae56e5be4ea3
/content/drive/MyDrive/AISC DeepFake Çalışmaları/Deneyler/Kader/Deney 1/Göz/eye_roi_output/real/train/combined/real_train/real_train_00188__face_00.jpg,5665,1786019948000000000,452698f46d603a979c6688f85bfe586901f3477790b0c473b43271957f05c834
/content/drive/MyDrive/AISC DeepFake Çalışmaları/Deneyler/Kader/Deney 1/Göz/eye_roi_output/real/train/combined/real_train/real_train_00189__face_00.jpg,5733,1786019949000000000,e21f7a48e156ed55d730b3adbc2ed167275898678da0c43c9aa77fc8b484cbd3
/content/drive/MyDrive/AISC DeepFake Çalışmaları/Deneyler/Kader/Deney 1/Göz/eye_roi_output/real/train/combined/real_train/real_train_00190__face_00.jpg,4689,1786019949000000000,1a26a689e60c2c5e513332c1bccb834fb055129094c066c51e1333dd3d822558
/content/drive/MyDrive/AISC DeepFake Çalışmaları/Deneyler/Kader/Deney 1/Göz/eye_roi_output/real/train/combined/real_train/real_train_00191__face_00.jpg,5487,1786019950000000000,44f7c0776dbd5abbee5263f3b2323d031e5ee170e5bcea69851225419b0bcabf
/content/drive/MyDrive/AISC DeepFake Çalışmaları/Deneyler/Kader/Deney 1/Göz/eye_roi_output/real/train/combined/real_train/real_train_00192__face_00.jpg,6017,1786019950000000000,46584c16fc4c4563f96480b1e1fcba3397c8a9f5afe4fb4f550e706dfe2ba5d9
/content/drive/MyDrive/AISC DeepFake Çalışmaları/Deneyler/Kader/Deney 1/Göz/eye_roi_output/real/train/combined/real_train/real_train_00193__face_00.jpg,6578,1786019951000000000,bed1470721b94287771dbb1ca4ea84bf3f53f989bdc6c830d10fd476c39c3c97
/content/drive/MyDrive/AISC DeepFake Çalışmaları/Deneyler/Kader/Deney 1/Göz/eye_roi_output/real/train/combined/real_train/real_train_00194__face_00.jpg,4793,1786019952000000000,ccd609bf0ec74d3a44ff5deaa91e47139c13137e273d599bd2e2bb419ce47e09
/content/drive/MyDrive/AISC DeepFake Çalışmaları/Deneyler/Kader/Deney 1/Göz/eye_roi_output/real/train/combined/real_train/real_train_00195__face_00.jpg,4914,1786019953000000000,0da6d5eaf0a1bf50ef04dfbc518baeec2011d0f287fea084a286a8a7599c55aa
/content/drive/MyDrive/AISC DeepFake Çalışmaları/Deneyler/Kader/Deney 1/Göz/eye_roi_output/real/train/combined/real_train/real_train_00196__face_00.jpg,4904,1786019954000000000,11b446460282a067a90b9e2e0be782f4b6a3de6667f3fdade09be90865878738
/content/drive/MyDrive/AISC DeepFake Çalışmaları/Deneyler/Kader/Deney 1/Göz/eye_roi_output/real/train/combined/real_train/real_train_00197__face_00.jpg,6322,1786019954000000000,d13633b1b01185b22940ba545605a1f986ec78acef0e3d7d5f9b427afc42f2f8
/content/drive/MyDrive/AISC DeepFake Çalışmaları/Deneyler/Kader/Deney 1/Göz/eye_roi_output/real/train/combined/real_train/real_train_00198__face_00.jpg,4909,1786019955000000000,a74bdbac897cf7231b2a14ec058cfc7d14edb97ec18f3434bad232b90d82bba0
/content/drive/MyDrive/AISC DeepFake Çalışmaları/Deneyler/Kader/Deney 1/Göz/eye_roi_output/real/train/combined/real_train/real_train_00199__face_00.jpg,4450,1786019955000000000,0548b0830721c81b74dfcb5a3cbb9769f8f0fa00192de093df88e3e88dc37e4a
/content/drive/MyDrive/AISC DeepFake Çalışmaları/Deneyler/Kader/Deney 1/Göz/eye_roi_output/real/train/combined/real_train/real_train_00200__face_00.jpg,4705,1786019956000000000,8f41b2383e4fa1715601571efae5b8dd945fdb6811bdae0afea182a54da6d336
/content/drive/MyDrive/AISC DeepFake Çalışmaları/Deneyler/Kader/Deney 1/Göz/eye_roi_output/real/train/combined/real_train/real_train_00201__face_00.jpg,4368,1786019956000000000,df422ca58395df23abb5b3fe77b66c3a38ccf6cdb6a11c8e0fee6b530332fa8d
/content/drive/MyDrive/AISC DeepFake Çalışmaları/Deneyler/Kader/Deney 1/Göz/eye_roi_output/real/train/combined/real_train/real_train_00202__face_00.jpg,5078,1786019957000000000,1ece4c02b7e8f9abd250ec8fee5e01254f0d0a8e5fa9ca72d151d811057a1aa9
/content/drive/MyDrive/AISC DeepFake Çalışmaları/Deneyler/Kader/Deney 1/Göz/eye_roi_output/real/train/combined/real_train/real_train_00203__face_00.jpg,5455,1786019957000000000,78a87c9c0e85a3fdadb81fbad89239a9557aff1f1f2eb138dc515ab492705369
/content/drive/MyDrive/AISC DeepFake Çalışmaları/Deneyler/Kader/Deney 1/Göz/eye_roi_output/real/train/combined/real_train/real_train_00204__face_00.jpg,9173,1786019957000000000,bdbad8b88bb7d86cb0b0d5d6223fcadc9d93385874b84a1ab21274faf780a73d
/content/drive/MyDrive/AISC DeepFake Çalışmaları/Deneyler/Kader/Deney 1/Göz/eye_roi_output/real/train/combined/real_train/real_train_00205__face_00.jpg,5692,1786019958000000000,51520cf32c4c31ec25f634da82ab545a1745b01d0b3758eed21ac1e54a589188
/content/drive/MyDrive/AISC DeepFake Çalışmaları/Deneyler/Kader/Deney 1/Göz/eye_roi_output/real/train/combined/real_train/real_train_00206__face_00.jpg,5071,1786019958000000000,b8cd7f4ca3efe9c61b689c61e53b80541564a69fed06153de7a87bae058cd8e9
/content/drive/MyDrive/AISC DeepFake Çalışmaları/Deneyler/Kader/Deney 1/Göz/eye_roi_output/real/train/combined/real_train/real_train_00207__face_00.jpg,5532,1786019959000000000,fb9ccb6caf661608cb3d9672420433ba957772984302489add5fb5e1f64269a8
/content/drive/MyDrive/AISC DeepFake Çalışmaları/Deneyler/Kader/Deney 1/Göz/eye_roi_output/real/train/combined/real_train/real_train_00208__face_00.jpg,4755,1786019959000000000,6148b77bee1d4139311d0458a825ea5096e40991490d936d7cd876a91d0f02a9
/content/drive/MyDrive/AISC DeepFake Çalışmaları/Deneyler/Kader/Deney 1/Göz/eye_roi_output/real/train/combined/real_train/real_train_00209__face_00.jpg,5561,1786019960000000000,bdab6c83d0e8ab690dddc182b11ca9ed302609d71ffafd3fd8bba11a2a40f4d3
/content/drive/MyDrive/AISC DeepFake Çalışmaları/Deneyler/Kader/Deney 1/Göz/eye_roi_output/real/train/combined/real_train/real_train_00210__face_00.jpg,5954,1786019960000000000,a362a5aa57f5e971208f4485c84a809d71917f340d59672ebf24c286e1788152
/content/drive/MyDrive/AISC DeepFake Çalışmaları/Deneyler/Kader/Deney 1/Göz/eye_roi_output/real/train/combined/real_train/real_train_00211__face_00.jpg,5687,1786019960000000000,7804a2d1a84d8614a92f41800fc4a7bfb0782156729d9193a23bd62ae116fe27
/content/drive/MyDrive/AISC DeepFake Çalışmaları/Deneyler/Kader/Deney 1/Göz/eye_roi_output/real/train/combined/real_train/real_train_00212__face_00.jpg,3159,1786019961000000000,2c256e540cdef4c944c7e706e9d6c50ef227f25c7398421f3588b11e4e75ddb7
/content/drive/MyDrive/AISC DeepFake Çalışmaları/Deneyler/Kader/Deney 1/Göz/eye_roi_output/real/train/combined/real_train/real_train_00213__face_00.jpg,5792,1786019961000000000,fe50ae373f79e3345b84cc80e9a440997a62a9081f9b356cc84dfa947d9c7672
/content/drive/MyDrive/AISC DeepFake Çalışmaları/Deneyler/Kader/Deney 1/Göz/eye_roi_output/real/train/combined/real_train/real_train_00214__face_00.jpg,5136,1786019962000000000,b0fd4db6e3b7439826c18efe604f40c9983d186d877684b44e800a91a94aedd9
/content/drive/MyDrive/AISC DeepFake Çalışmaları/Deneyler/Kader/Deney 1/Göz/eye_roi_output/real/train/combined/real_train/real_train_00215__face_00.jpg,5294,1786019962000000000,f9cfd60e3d2c06a4f60d1d49276ec6f57e14e931441de1e58a0cfa064043826a
/content/drive/MyDrive/AISC DeepFake Çalışmaları/Deneyler/Kader/Deney 1/Göz/eye_roi_output/real/train/combined/real_train/real_train_00215__face_01.jpg,3809,1786019962000000000,6198c83d9851dfbfc0d1d58be939780ed9b71c4be2891d8162eb98aeb746c075
/content/drive/MyDrive/AISC DeepFake Çalışmaları/Deneyler/Kader/Deney 1/Göz/eye_roi_output/real/train/combined/real_train/real_train_00216__face_00.jpg,4973,1786019963000000000,f09d378937fc82f05c063057400958b33183f125a489fda7fbb3a91935be61cf
/content/drive/MyDrive/AISC DeepFake Çalışmaları/Deneyler/Kader/Deney 1/Göz/eye_roi_output/real/train/combined/real_train/real_train_00217__face_00.jpg,5503,1786019963000000000,f04cd5074ee35160da49333e6cdecd784494f3052b8b93ec322b9afa9ba693ed
/content/drive/MyDrive/AISC DeepFake Çalışmaları/Deneyler/Kader/Deney 1/Göz/eye_roi_output/real/train/combined/real_train/real_train_00218__face_00.jpg,6011,1786019964000000000,2e832434b0d15b410699a49deb16106e27fa8a27dd66dd4d391dd652a6ff8a60
/content/drive/MyDrive/AISC DeepFake Çalışmaları/Deneyler/Kader/Deney 1/Göz/eye_roi_output/real/train/combined/real_train/real_train_00219__face_00.jpg,6073,1786019964000000000,df45fce69ffbaa19f3ea78c5dde7adf3d5189740dc6174c401877e1c2b8f706f
/content/drive/MyDrive/AISC DeepFake Çalışmaları/Deneyler/Kader/Deney 1/Göz/eye_roi_output/real/train/combined/real_train/real_train_00220__face_00.jpg,5217,1786019965000000000,fd41b8cd61f89dffacc21288ccb570d38d5583b06de521217ed9357955385c89
/content/drive/MyDrive/AISC DeepFake Çalışmaları/Deneyler/Kader/Deney 1/Göz/eye_roi_output/real/train/combined/real_train/real_train_00221__face_00.jpg,5104,1786019966000000000,cf491118815204acec1028cdad6f6796072c50c8510e5fadc8d5e77baebf7d89
/content/drive/MyDrive/AISC DeepFake Çalışmaları/Deneyler/Kader/Deney 1/Göz/eye_roi_output/real/train/combined/real_train/real_train_00223__face_00.jpg,5054,1786019966000000000,b65ea31a103fd3ab400ec2972687ffe2678ec36c9b970fb8f6fd588762ee0cd6
/content/drive/MyDrive/AISC DeepFake Çalışmaları/Deneyler/Kader/Deney 1/Göz/eye_roi_output/real/train/combined/real_train/real_train_00224__face_00.jpg,4529,1786019967000000000,7341b8340ebbec7ddad3289469acc20499436b2ba3384bb25e930fb5c2c7b018
/content/drive/MyDrive/AISC DeepFake Çalışmaları/Deneyler/Kader/Deney 1/Göz/eye_roi_output/real/train/combined/real_train/real_train_00225__face_00.jpg,5279,1786019967000000000,3d3e6013cb3689af9e31387bd2a00b3962a9450ca4d9ae4e18bd045231c3183d
/content/drive/MyDrive/AISC DeepFake Çalışmaları/Deneyler/Kader/Deney 1/Göz/eye_roi_output/real/train/combined/real_train/real_train_00226__face_00.jpg,4806,1786019968000000000,f9fcaac39d4fdbec55661a437ca7722a3255a6534873e268b624ade2edda8662
/content/drive/MyDrive/AISC DeepFake Çalışmaları/Deneyler/Kader/Deney 1/Göz/eye_roi_output/real/train/combined/real_train/real_train_00228__face_00.jpg,5122,1786019969000000000,cd3e1c5c62dfb404a9ab544311a1aecf099d628078114312bec311bbe1e9970f
/content/drive/MyDrive/AISC DeepFake Çalışmaları/Deneyler/Kader/Deney 1/Göz/eye_roi_output/real/train/combined/real_train/real_train_00229__face_00.jpg,5135,1786019969000000000,2a45afb771095913e75ff6d1cfbc781a7acf15423f8ada685f9999b980349984
/content/drive/MyDrive/AISC DeepFake Çalışmaları/Deneyler/Kader/Deney 1/Göz/eye_roi_output/real/train/combined/real_train/real_train_00230__face_00.jpg,4824,1786019970000000000,e34629940166831e33a64188e497aa7b3771caeb9dd1b0f7f4b9cfb2033267bc
/content/drive/MyDrive/AISC DeepFake Çalışmaları/Deneyler/Kader/Deney 1/Göz/eye_roi_output/real/train/combined/real_train/real_train_00231__face_00.jpg,5231,1786019970000000000,c76af9a6ec6e29e2d866b9ef3bdb276063f6239c9650d56289009831e911f48d
/content/drive/MyDrive/AISC DeepFake Çalışmaları/Deneyler/Kader/Deney 1/Göz/eye_roi_output/real/train/combined/real_train/real_train_00232__face_00.jpg,5303,1786019971000000000,2006a31323d463b122b76fbd844bfcc0662c5e582e99eece5ce7f0eb970f9419
/content/drive/MyDrive/AISC DeepFake Çalışmaları/Deneyler/Kader/Deney 1/Göz/eye_roi_output/real/train/combined/real_train/real_train_00233__face_00.jpg,5414,1786019972000000000,0ee56f0156774c48d71cd7f85d31d9a27dea085694dd47cad402a3d60c5ca294
/content/drive/MyDrive/AISC DeepFake Çalışmaları/Deneyler/Kader/Deney 1/Göz/eye_roi_output/real/train/combined/real_train/real_train_00234__face_00.jpg,4558,1786019972000000000,77b167f5234043b7b20529f669c8a6976d73e5b47a797fda0b549ff0394b89bd
/content/drive/MyDrive/AISC DeepFake Çalışmaları/Deneyler/Kader/Deney 1/Göz/eye_roi_output/real/train/combined/real_train/real_train_00235__face_00.jpg,6045,1786019973000000000,792d16836e79eed139f67f1e3e341b61fb36d2b0939dc055fbe45cca5634a33f
/content/drive/MyDrive/AISC DeepFake Çalışmaları/Deneyler/Kader/Deney 1/Göz/eye_roi_output/real/train/combined/real_train/real_train_00236__face_00.jpg,5047,1786019973000000000,47ad415d25c851022ff430f872cf9fa9ee6adaecf0d876805d224fa3452e3af1
/content/drive/MyDrive/AISC DeepFake Çalışmaları/Deneyler/Kader/Deney 1/Göz/eye_roi_output/real/train/combined/real_train/real_train_00238__face_00.jpg,5220,1786019975000000000,c2a774b0bc89ebe7e5cb11b28e683bfb61198a2899fc1885f41a55fc2352c394
/content/drive/MyDrive/AISC DeepFake Çalışmaları/Deneyler/Kader/Deney 1/Göz/eye_roi_output/real/train/combined/real_train/real_train_00239__face_00.jpg,5640,1786019976000000000,a2be841f45cb4c101ee8ea74c60be62c8114d30a6bc1516cce74595bd07de51a
/content/drive/MyDrive/AISC DeepFake Çalışmaları/Deneyler/Kader/Deney 1/Göz/eye_roi_output/real/train/combined/real_train/real_train_00240__face_00.jpg,5427,1786019977000000000,556175439805796d1601f396c75146ff6fd79ed3a82e21ccfbd5bbdb4d1480ec
/content/drive/MyDrive/AISC DeepFake Çalışmaları/Deneyler/Kader/Deney 1/Göz/eye_roi_output/real/train/combined/real_train/real_train_00241__face_00.jpg,4157,1786019977000000000,aef8498a66a1949b67e1901c492c99b59d1b3d4f7dcc5c82a23c9f4666af64ea
/content/drive/MyDrive/AISC DeepFake Çalışmaları/Deneyler/Kader/Deney 1/Göz/eye_roi_output/real/train/combined/real_train/real_train_00242__face_00.jpg,5036,1786019977000000000,61dbc3166234751348ce8450113fb9a21283dc86f7db770aa27c0f2c65a0f060
/content/drive/MyDrive/AISC DeepFake Çalışmaları/Deneyler/Kader/Deney 1/Göz/eye_roi_output/real/train/combined/real_train/real_train_00243__face_00.jpg,4940,1786019978000000000,8702f0931f630ff26d05365d96ac040bb2539ab18c5db8e5f25d4f8d287a3ca7
/content/drive/MyDrive/AISC DeepFake Çalışmaları/Deneyler/Kader/Deney 1/Göz/eye_roi_output/real/train/combined/real_train/real_train_00244__face_00.jpg,4619,1786019978000000000,cd0e303206f32bee3503b6f88656412e04d2d42483e41f37c333383b21a489ca
/content/drive/MyDrive/AISC DeepFake Çalışmaları/Deneyler/Kader/Deney 1/Göz/eye_roi_output/real/train/combined/real_train/real_train_00245__face_00.jpg,5540,1786019980000000000,93bdebe9ed1bb253475d13248b522655698cde0269769a1407150d18025668e7
/content/drive/MyDrive/AISC DeepFake Çalışmaları/Deneyler/Kader/Deney 1/Göz/eye_roi_output/real/train/combined/real_train/real_train_00246__face_00.jpg,4330,1786019981000000000,ffad4ddb7ea38c3895a17be30518a6b263cec18f27af1a1f6a185fde6b55b66e
/content/drive/MyDrive/AISC DeepFake Çalışmaları/Deneyler/Kader/Deney 1/Göz/eye_roi_output/real/train/combined/real_train/real_train_00247__face_00.jpg,5176,1786019981000000000,43158668ea4ed96c9aa5488ccc276bb3c4ba210d046808e8377d9b28f6cf01ca
/content/drive/MyDrive/AISC DeepFake Çalışmaları/Deneyler/Kader/Deney 1/Göz/eye_roi_output/real/train/combined/real_train/real_train_00248__face_00.jpg,5051,1786019981000000000,42de063c274cfd29763a1a01cb1450cdeaa7eecfab579a2c8c76d1e81a472612
/content/drive/MyDrive/AISC DeepFake Çalışmaları/Deneyler/Kader/Deney 1/Göz/eye_roi_output/real/train/combined/real_train/real_train_00249__face_00.jpg,6360,1786019982000000000,0b2cb8e24c45cc8875ac8124488bff848fb72db5a6dd21e68dcc582b25e3d249
/content/drive/MyDrive/AISC DeepFake Çalışmaları/Deneyler/Kader/Deney 1/Göz/eye_roi_output/real/train/combined/real_train/real_train_00250__face_00.jpg,5285,1786019982000000000,1109618bdb4f0073f7762f220682e8e69636bca3bf1020098680bbdc194eba39
/content/drive/MyDrive/AISC DeepFake Çalışmaları/Deneyler/Kader/Deney 1/Göz/eye_roi_output/real/train/combined/real_train/real_train_00251__face_00.jpg,5694,1786019983000000000,fb79b060c33fdff1c352044a25efc34a15abaff41ff62f79401460f4be407c80
/content/drive/MyDrive/AISC DeepFake Çalışmaları/Deneyler/Kader/Deney 1/Göz/eye_roi_output/real/train/combined/real_train/real_train_00252__face_00.jpg,5273,1786019983000000000,40f6023ff78efe02ec37f19bc06f9d1d1c2046636dc1a31b375b3ceb4b2081e3
/content/drive/MyDrive/AISC DeepFake Çalışmaları/Deneyler/Kader/Deney 1/Göz/eye_roi_output/real/train/combined/real_train/real_train_00253__face_00.jpg,4666,1786019984000000000,9f79d7b73a52124564b7554dfa4e09f70eb3c687073aae042bd71b64169189cc
/content/drive/MyDrive/AISC DeepFake Çalışmaları/Deneyler/Kader/Deney 1/Göz/eye_roi_output/real/train/combined/real_train/real_train_00253__face_01.jpg,4535,1786019984000000000,6ca7784cb0b74a83eb0b9faf422fe65c98343c75be9fc01653cb4d446a5a9288
/content/drive/MyDrive/AISC DeepFake Çalışmaları/Deneyler/Kader/Deney 1/Göz/eye_roi_output/real/train/combined/real_train/real_train_00254__face_00.jpg,5055,1786019984000000000,f88eae1bfc8d436c8e214863d54ab5cbc0c32e0b5938332136906b6cd8e45de6
/content/drive/MyDrive/AISC DeepFake Çalışmaları/Deneyler/Kader/Deney 1/Göz/eye_roi_output/real/train/combined/real_train/real_train_00255__face_00.jpg,5435,1786019985000000000,2fd51dbe59e26be6b6ce166ab697c18bffd6eb2b3a3bab3fe011e3482973e2ae
/content/drive/MyDrive/AISC DeepFake Çalışmaları/Deneyler/Kader/Deney 1/Göz/eye_roi_output/real/train/combined/real_train/real_train_00256__face_00.jpg,5645,1786019985000000000,ee33f7e12b4d562f04b5a8155875b3a9589ccdfdbcf6de4041ef33588e436e5b
/content/drive/MyDrive/AISC DeepFake Çalışmaları/Deneyler/Kader/Deney 1/Göz/eye_roi_output/real/train/combined/real_train/real_train_00257__face_00.jpg,5417,1786019986000000000,e475c0500ffe9d6c1378bbc78fd07b040984198811abae118e17e23d1dd65b6d
/content/drive/MyDrive/AISC DeepFake Çalışmaları/Deneyler/Kader/Deney 1/Göz/eye_roi_output/real/train/combined/real_train/real_train_00258__face_00.jpg,5285,1786019986000000000,6ec78e50cf780a4b9a868732c9ae6e36e1d0be7ac78986b1fb613f4133da9366
/content/drive/MyDrive/AISC DeepFake Çalışmaları/Deneyler/Kader/Deney 1/Göz/eye_roi_output/real/train/combined/real_train/real_train_00259__face_00.jpg,4331,1786019987000000000,9cd99640d92f1bf85a3da1452d19c327007aeb1063171ee20cc3dd1c3149f97c
/content/drive/MyDrive/AISC DeepFake Çalışmaları/Deneyler/Kader/Deney 1/Göz/eye_roi_output/real/train/combined/real_train/real_train_00260__face_00.jpg,5223,1786019988000000000,1297b575615783897694276e0362ad4d23d965523095be052af81b580eddc1c6
/content/drive/MyDrive/AISC DeepFake Çalışmaları/Deneyler/Kader/Deney 1/Göz/eye_roi_output/real/train/combined/real_train/real_train_00261__face_00.jpg,5140,1786019988000000000,c2832ba555ec705a810ebbfae0a49036c6431cab078fbf5bd31d10bfb6d20338
/content/drive/MyDrive/AISC DeepFake Çalışmaları/Deneyler/Kader/Deney 1/Göz/eye_roi_output/real/train/combined/real_train/real_train_00262__face_00.jpg,5622,1786019989000000000,bf77c2571b240db3407744a3885e975ca89c75fb965d8964d1d3f9430978143b
/content/drive/MyDrive/AISC DeepFake Çalışmaları/Deneyler/Kader/Deney 1/Göz/eye_roi_output/real/train/combined/real_train/real_train_00263__face_00.jpg,6178,1786019989000000000,ff30578365877c84797661754f766ba61d04ea710f3ba8d44cdba89471fd542a
/content/drive/MyDrive/AISC DeepFake Çalışmaları/Deneyler/Kader/Deney 1/Göz/eye_roi_output/real/train/combined/real_train/real_train_00264__face_00.jpg,4945,1786019989000000000,d1d17f7de3c6162b4165d8b357b8e9546b56f1c98014b301d55e5e8ed12588a4
/content/drive/MyDrive/AISC DeepFake Çalışmaları/Deneyler/Kader/Deney 1/Göz/eye_roi_output/real/train/combined/real_train/real_train_00265__face_00.jpg,4712,1786019990000000000,2fcac45b92c40130d9d4f7b286b0247f06367202b21bafd5cd6df1fb8cb883e3
/content/drive/MyDrive/AISC DeepFake Çalışmaları/Deneyler/Kader/Deney 1/Göz/eye_roi_output/real/train/combined/real_train/real_train_00266__face_00.jpg,6062,1786019990000000000,3e57f3e564ab5927989c888a32742b30b951862eb2c9fdd1cf69785b3c15e3c7
/content/drive/MyDrive/AISC DeepFake Çalışmaları/Deneyler/Kader/Deney 1/Göz/eye_roi_output/real/train/combined/real_train/real_train_00267__face_00.jpg,5643,1786019991000000000,6bd16d85707409270989de1d608a646f5bfc6b711b76d571b1b87af6d6e2cb3f
/content/drive/MyDrive/AISC DeepFake Çalışmaları/Deneyler/Kader/Deney 1/Göz/eye_roi_output/real/train/combined/real_train/real_train_00268__face_00.jpg,4548,1786019991000000000,1dac1d7de2dcc3b0f2a377135a75c06648d40b629c8c138bbbb509f0346951b8
/content/drive/MyDrive/AISC DeepFake Çalışmaları/Deneyler/Kader/Deney 1/Göz/eye_roi_output/real/train/combined/real_train/real_train_00269__face_00.jpg,5391,1786019992000000000,9577f384bc4b94fdf5d6355f6c56ceadd4aff7592a4d26b633a11cf205e24ea4
/content/drive/MyDrive/AISC DeepFake Çalışmaları/Deneyler/Kader/Deney 1/Göz/eye_roi_output/real/train/combined/real_train/real_train_00270__face_00.jpg,4746,1786019993000000000,32b0e19ddd7b12dadc2205f3113cfd15e37808de5d4be7322843adda528a68f7
/content/drive/MyDrive/AISC DeepFake Çalışmaları/Deneyler/Kader/Deney 1/Göz/eye_roi_output/real/train/combined/real_train/real_train_00271__face_00.jpg,6013,1786019993000000000,f9c616d7726981bcfdc30139380834b57dcc560ab157ac47594a244cabd0bf05
/content/drive/MyDrive/AISC DeepFake Çalışmaları/Deneyler/Kader/Deney 1/Göz/eye_roi_output/real/train/combined/real_train/real_train_00272__face_00.jpg,6812,1786019994000000000,81d8045d27447c82fa95a1d0a695c93672a73ab258ce868b0ee9559faba77e23
/content/drive/MyDrive/AISC DeepFake Çalışmaları/Deneyler/Kader/Deney 1/Göz/eye_roi_output/real/train/combined/real_train/real_train_00273__face_00.jpg,4216,1786019994000000000,46b12e1d1bd1a99bece1324c197e2b27c1c8c7bf039d40b237c81906d6feaecd
/content/drive/MyDrive/AISC DeepFake Çalışmaları/Deneyler/Kader/Deney 1/Göz/eye_roi_output/real/train/combined/real_train/real_train_00274__face_00.jpg,5807,1786019995000000000,702458fa6b1952b39fd983b65d72916b7cb68577462c1ad17d92b7378713341a
/content/drive/MyDrive/AISC DeepFake Çalışmaları/Deneyler/Kader/Deney 1/Göz/eye_roi_output/real/train/combined/real_train/real_train_00275__face_00.jpg,4934,1786019995000000000,43d654ae3f786ae1e6c2577b0fb48d93f7f7c144133350e49c02c48853aaa4b9
/content/drive/MyDrive/AISC DeepFake Çalışmaları/Deneyler/Kader/Deney 1/Göz/eye_roi_output/real/train/combined/real_train/real_train_00276__face_00.jpg,5612,1786019997000000000,e77b5ca6215a6ce65a6c409fc3d11e5d381d308017ccbbd45566c2f52ec68d4c
/content/drive/MyDrive/AISC DeepFake Çalışmaları/Deneyler/Kader/Deney 1/Göz/eye_roi_output/real/train/combined/real_train/real_train_00277__face_00.jpg,5455,1786019997000000000,af2d5151a6123224d3cc6016cd962da839fd62e57af111724822306c37468da7
/content/drive/MyDrive/AISC DeepFake Çalışmaları/Deneyler/Kader/Deney 1/Göz/eye_roi_output/real/train/combined/real_train/real_train_00278__face_00.jpg,5592,1786019997000000000,65bc515bae4750b5e6de25ae81a5a8854170c7e67f83e0ea20a180414e681ce3
/content/drive/MyDrive/AISC DeepFake Çalışmaları/Deneyler/Kader/Deney 1/Göz/eye_roi_output/real/train/combined/real_train/real_train_00279__face_00.jpg,5902,1786019998000000000,4c8f86d6ba5b034814ecfe0adb7cbd207d0746df6270d7403fc2ba7a3e426ac8
/content/drive/MyDrive/AISC DeepFake Çalışmaları/Deneyler/Kader/Deney 1/Göz/eye_roi_output/real/train/combined/real_train/real_train_00280__face_00.jpg,6015,1786019998000000000,395fb6a4b227f350a3ccf784bb3ed74aafd9e68c8f96d5727ecd2b6045721c27
/content/drive/MyDrive/AISC DeepFake Çalışmaları/Deneyler/Kader/Deney 1/Göz/eye_roi_output/real/train/combined/real_train/real_train_00281__face_00.jpg,5049,1786019999000000000,b15d6edef641f5cffab84aafa89c805544b765cefe00c03a9014a9d085c7a605
/content/drive/MyDrive/AISC DeepFake Çalışmaları/Deneyler/Kader/Deney 1/Göz/eye_roi_output/real/train/combined/real_train/real_train_00282__face_00.jpg,5161,1786020000000000000,98415b88367057e6e48a0e84e92bc89a01b47f23cfcf14d07639c35dc3e17466
/content/drive/MyDrive/AISC DeepFake Çalışmaları/Deneyler/Kader/Deney 1/Göz/eye_roi_output/real/train/combined/real_train/real_train_00283__face_00.jpg,5722,1786020000000000000,93e1d00c133078b5da5b720bb574ce61589e114b9d044feb6f671db6d370f299
/content/drive/MyDrive/AISC DeepFake Çalışmaları/Deneyler/Kader/Deney 1/Göz/eye_roi_output/real/train/combined/real_train/real_train_00284__face_00.jpg,5500,1786020000000000000,6bc332796bf3fbdc66398366d83c70129c9cefc7dd8c4460169dbd0d6f55d9c2
/content/drive/MyDrive/AISC DeepFake Çalışmaları/Deneyler/Kader/Deney 1/Göz/eye_roi_output/real/train/combined/real_train/real_train_00285__face_00.jpg,5163,1786020001000000000,86eba8679961a1f50061954b95fda7eda6b8a0929ecb1fa820a0be66a6045246
/content/drive/MyDrive/AISC DeepFake Çalışmaları/Deneyler/Kader/Deney 1/Göz/eye_roi_output/real/train/combined/real_train/real_train_00286__face_00.jpg,5739,1786020001000000000,3f456df5ef1925e850c857662d1ed3272dd3702b61d9442c5e6ffb46861b601a
/content/drive/MyDrive/AISC DeepFake Çalışmaları/Deneyler/Kader/Deney 1/Göz/eye_roi_output/real/train/combined/real_train/real_train_00287__face_00.jpg,5396,1786020002000000000,806239825ececda2d7b3d3ff192bb1fb11ba7481abe7bc51beed1f15ff9e43c9
/content/drive/MyDrive/AISC DeepFake Çalışmaları/Deneyler/Kader/Deney 1/Göz/eye_roi_output/real/train/combined/real_train/real_train_00288__face_00.jpg,5691,1786020002000000000,6980f6b0180fbcf5df1723ad5f5f4f86c4a730c75e96ff2762b7ad480709d7a2
/content/drive/MyDrive/AISC DeepFake Çalışmaları/Deneyler/Kader/Deney 1/Göz/eye_roi_output/real/train/combined/real_train/real_train_00289__face_00.jpg,4951,1786020002000000000,f0b3cd1b0db40daba1cb1f572716a349b8350c48a06be610056632fbf1ad2e07
/content/drive/MyDrive/AISC DeepFake Çalışmaları/Deneyler/Kader/Deney 1/Göz/eye_roi_output/real/train/combined/real_train/real_train_00290__face_00.jpg,5141,1786020003000000000,bd4212876746955a15fc4ef5b554c28eba23772e8b2ecba92fe02e3de854d7e8
/content/drive/MyDrive/AISC DeepFake Çalışmaları/Deneyler/Kader/Deney 1/Göz/eye_roi_output/real/train/combined/real_train/real_train_00291__face_00.jpg,6328,1786020003000000000,281570d367dbd66e4ea2d7011895f3b84edcb7840aed8204020da4a1435d961c
/content/drive/MyDrive/AISC DeepFake Çalışmaları/Deneyler/Kader/Deney 1/Göz/eye_roi_output/real/train/combined/real_train/real_train_00292__face_00.jpg,5855,1786020004000000000,22b3131227db33d02c7b1cb81bd3c11331b308de883f7bc819987f95ac2ecaf0
/content/drive/MyDrive/AISC DeepFake Çalışmaları/Deneyler/Kader/Deney 1/Göz/eye_roi_output/real/train/combined/real_train/real_train_00293__face_00.jpg,5734,1786020004000000000,957a77477af5e168372c6fa76e5422fafc590328464e6dd7017855b57dad22df
/content/drive/MyDrive/AISC DeepFake Çalışmaları/Deneyler/Kader/Deney 1/Göz/eye_roi_output/real/train/combined/real_train/real_train_00294__face_00.jpg,5263,1786020005000000000,e9cb5a3754ea9671e75e839b87838c3957e0cc2ba603cc837702b732dc2b857b
/content/drive/MyDrive/AISC DeepFake Çalışmaları/Deneyler/Kader/Deney 1/Göz/eye_roi_output/real/train/combined/real_train/real_train_00295__face_00.jpg,5350,1786020006000000000,0d8850cf4b85e017e3b9c2282434bc527e3f8f92c40012bab16209df63fcf8b1
/content/drive/MyDrive/AISC DeepFake Çalışmaları/Deneyler/Kader/Deney 1/Göz/eye_roi_output/real/train/combined/real_train/real_train_00296__face_00.jpg,5349,1786020006000000000,045c10fc529804cee20b78e18dc0dd6b4a871769b053ae799f574677b631b0a0
/content/drive/MyDrive/AISC DeepFake Çalışmaları/Deneyler/Kader/Deney 1/Göz/eye_roi_output/real/train/combined/real_train/real_train_00297__face_00.jpg,4223,1786020007000000000,f331e2ffbfa54a0e2a3a4ef7057888046fb0325c3c28fa8b172690634c4f092f
/content/drive/MyDrive/AISC DeepFake Çalışmaları/Deneyler/Kader/Deney 1/Göz/eye_roi_output/real/train/combined/real_train/real_train_00298__face_00.jpg,6527,1786020007000000000,92cf35adbb55214aa26141a95746c319f17decec75c1af0128d34cb8fd540047
/content/drive/MyDrive/AISC DeepFake Çalışmaları/Deneyler/Kader/Deney 1/Göz/eye_roi_output/real/train/combined/real_train/real_train_00299__face_00.jpg,4872,1786020007000000000,a9fc918b392d6be9b554f567b6ccde8e30e036b623f3c0a0c43fc49f787f009c
/content/drive/MyDrive/AISC DeepFake Çalışmaları/Deneyler/Kader/Deney 1/Göz/eye_roi_output/real/train/combined/real_train/real_train_00300__face_00.jpg,5198,1786020008000000000,18442d038fccfafb2934cbb2ea7047699b389ab2d2aae6269adb2fddbb2c276b
/content/drive/MyDrive/AISC DeepFake Çalışmaları/Deneyler/Kader/Deney 1/Göz/eye_roi_output/real/train/combined/real_train/real_train_00301__face_00.jpg,5230,1786020008000000000,a4b8573a467e268d7cde18da4cd5a6b97a4ced019d54b296a55698ea88eafe5b
/content/drive/MyDrive/AISC DeepFake Çalışmaları/Deneyler/Kader/Deney 1/Göz/eye_roi_output/real/train/combined/real_train/real_train_00301__face_01.jpg,4503,1786020008000000000,9848ea957b8cb2e448b265e2b41003205ac61390cbdb861c607ee5522ba01eee
/content/drive/MyDrive/AISC DeepFake Çalışmaları/Deneyler/Kader/Deney 1/Göz/eye_roi_output/real/train/combined/real_train/real_train_00302__face_00.jpg,4615,1786020009000000000,677c9599d80ba90b8e25085fa7718625d1d142820add1bcd7cf2d13c8157e9a1
/content/drive/MyDrive/AISC DeepFake Çalışmaları/Deneyler/Kader/Deney 1/Göz/eye_roi_output/real/train/combined/real_train/real_train_00302__face_01.jpg,5177,1786020009000000000,8743830202a988c67c9e7acbc86e95f04a7abe438468046a743e2679225f9b69
/content/drive/MyDrive/AISC DeepFake Çalışmaları/Deneyler/Kader/Deney 1/Göz/eye_roi_output/real/train/combined/real_train/real_train_00303__face_00.jpg,4318,1786020010000000000,8f896ba0ada7d10aab4ec8cd98ae0813ae346a602f26ba8d83aa7e401ad666a9
/content/drive/MyDrive/AISC DeepFake Çalışmaları/Deneyler/Kader/Deney 1/Göz/eye_roi_output/real/train/combined/real_train/real_train_00304__face_00.jpg,4576,1786020010000000000,a237abaa5ce4461db2f7aa73907da434fa0b201e11b20767c808f5ad7abad75d
/content/drive/MyDrive/AISC DeepFake Çalışmaları/Deneyler/Kader/Deney 1/Göz/eye_roi_output/real/train/combined/real_train/real_train_00305__face_00.jpg,3488,1786020011000000000,f7ed1eea925537529172ef120b30ed4fe0fb55c3381539d2248725dcf2683ca7
/content/drive/MyDrive/AISC DeepFake Çalışmaları/Deneyler/Kader/Deney 1/Göz/eye_roi_output/real/train/combined/real_train/real_train_00306__face_00.jpg,6467,1786020011000000000,f92bcf0f3e641edb096bc6b00078cf45c089c54b97db58bc2e6e424044e27e08
/content/drive/MyDrive/AISC DeepFake Çalışmaları/Deneyler/Kader/Deney 1/Göz/eye_roi_output/real/train/combined/real_train/real_train_00307__face_00.jpg,4908,1786020011000000000,1877cc21cf70c7b7f08123f8ee8e7c51c3949d95535a0ac73fd781505c53de19
/content/drive/MyDrive/AISC DeepFake Çalışmaları/Deneyler/Kader/Deney 1/Göz/eye_roi_output/real/train/combined/real_train/real_train_00308__face_00.jpg,5836,1786020012000000000,5bcb42377977138ddf9d16befd64023f0d1308b911f5ffe098dc04793c937cb1
/content/drive/MyDrive/AISC DeepFake Çalışmaları/Deneyler/Kader/Deney 1/Göz/eye_roi_output/real/train/combined/real_train/real_train_00309__face_00.jpg,4542,1786020013000000000,360155912b2ec23fdc93c5f3e8dd91572f4f7afb0b0ab0ba472287069f2b8b50
/content/drive/MyDrive/AISC DeepFake Çalışmaları/Deneyler/Kader/Deney 1/Göz/eye_roi_output/real/train/combined/real_train/real_train_00310__face_00.jpg,4282,1786020013000000000,7de7f31c4c81175ba93602f9df244314adb030b197a6d5b7580a979449504002
/content/drive/MyDrive/AISC DeepFake Çalışmaları/Deneyler/Kader/Deney 1/Göz/eye_roi_output/real/train/combined/real_train/real_train_00311__face_00.jpg,4972,1786020014000000000,50f68eee7a42dcd2b1c485d5cbf9c4fe9be3a4c3630a82c03eff9de974d38f86
/content/drive/MyDrive/AISC DeepFake Çalışmaları/Deneyler/Kader/Deney 1/Göz/eye_roi_output/real/train/combined/real_train/real_train_00312__face_00.jpg,7863,1786020014000000000,9a99f8750058856e7692aef94c2e12356c1a740b7f5a375c72c52cef007c5c7c
/content/drive/MyDrive/AISC DeepFake Çalışmaları/Deneyler/Kader/Deney 1/Göz/eye_roi_output/real/train/combined/real_train/real_train_00313__face_00.jpg,4750,1786020014000000000,0a53b047016d5797550ca60762d22a3e32fece13add5bdd4b36f28b23af840bf
/content/drive/MyDrive/AISC DeepFake Çalışmaları/Deneyler/Kader/Deney 1/Göz/eye_roi_output/real/train/combined/real_train/real_train_00314__face_00.jpg,4385,1786020015000000000,979f6018bcc8abef99408d9e3ad6f631b9f94767984a263dcecf5a88a5464e0e
/content/drive/MyDrive/AISC DeepFake Çalışmaları/Deneyler/Kader/Deney 1/Göz/eye_roi_output/real/train/combined/real_train/real_train_00315__face_00.jpg,4473,1786020015000000000,8ad9029d46b4e3acb75624210b03c1b6fcac6f2d5eeca8e1c07cc034834dafa5
/content/drive/MyDrive/AISC DeepFake Çalışmaları/Deneyler/Kader/Deney 1/Göz/eye_roi_output/real/train/combined/real_train/real_train_00316__face_00.jpg,6075,1786020016000000000,8c1dc1b0628804b988a5406f1570397319306580dab55a82069f51b04732ea89
/content/drive/MyDrive/AISC DeepFake Çalışmaları/Deneyler/Kader/Deney 1/Göz/eye_roi_output/real/train/combined/real_train/real_train_00317__face_00.jpg,5316,1786020016000000000,77adab274f8d8e57a71fefd883e3c90ccd1d52a7d04edf729d16026e6ee63ad2
/content/drive/MyDrive/AISC DeepFake Çalışmaları/Deneyler/Kader/Deney 1/Göz/eye_roi_output/real/train/combined/real_train/real_train_00318__face_00.jpg,4348,1786020017000000000,fb0833c7f70a2f94ba077499101de059a279d1d99be53628b4c69149357685e8
/content/drive/MyDrive/AISC DeepFake Çalışmaları/Deneyler/Kader/Deney 1/Göz/eye_roi_output/real/train/combined/real_train/real_train_00319__face_00.jpg,5752,1786020017000000000,bf196b13c29b907450c30bef6b9538dd4b14f5f28ad2d26a940d3967c5b26c76
/content/drive/MyDrive/AISC DeepFake Çalışmaları/Deneyler/Kader/Deney 1/Göz/eye_roi_output/real/train/combined/real_train/real_train_00320__face_00.jpg,5032,1786020018000000000,7f347fb1fc78cd7f19ebe5be6ab3a07229f353d39736bd4c634744c4ced199a0
/content/drive/MyDrive/AISC DeepFake Çalışmaları/Deneyler/Kader/Deney 1/Göz/eye_roi_output/real/train/combined/real_train/real_train_00321__face_00.jpg,6105,1786020019000000000,646aa932e15ac9ca5b24fce7e0b6d15204f1c0bc8224b4aee986fab8bceb9644
/content/drive/MyDrive/AISC DeepFake Çalışmaları/Deneyler/Kader/Deney 1/Göz/eye_roi_output/real/train/combined/real_train/real_train_00322__face_00.jpg,5353,1786020019000000000,6969ef232c7f17b4b7d4cf0ad5fe8da3bf5ff3d117e519220d55a26c3fd583bd
/content/drive/MyDrive/AISC DeepFake Çalışmaları/Deneyler/Kader/Deney 1/Göz/eye_roi_output/real/train/combined/real_train/real_train_00323__face_00.jpg,5433,1786020020000000000,1718e7bbb11cd722c1132bf887aa675b8a1df6c2868324731e8354560d9b9f79
/content/drive/MyDrive/AISC DeepFake Çalışmaları/Deneyler/Kader/Deney 1/Göz/eye_roi_output/real/train/combined/real_train/real_train_00324__face_00.jpg,5366,1786020020000000000,1b3494f771e2b0670262751f55ac28ebd4ec908b043144064fcd82c3364ca442
/content/drive/MyDrive/AISC DeepFake Çalışmaları/Deneyler/Kader/Deney 1/Göz/eye_roi_output/real/train/combined/real_train/real_train_00325__face_00.jpg,6546,1786020020000000000,6412be404b2da3d7b7dcd901c71924e2fc2dc0c2c4aff3c634c78820dd46bc8c
/content/drive/MyDrive/AISC DeepFake Çalışmaları/Deneyler/Kader/Deney 1/Göz/eye_roi_output/real/train/combined/real_train/real_train_00326__face_00.jpg,5476,1786020021000000000,4103fc2ea801f39f6e95ff1911384c1c0771e4dbad15acff5e9dd422bddff965
/content/drive/MyDrive/AISC DeepFake Çalışmaları/Deneyler/Kader/Deney 1/Göz/eye_roi_output/real/train/combined/real_train/real_train_00327__face_00.jpg,5057,1786020021000000000,81b42f02d1aec8d6a0c32c9755b0c44fed6a0201446d86d682bb3dd85dd179b8
/content/drive/MyDrive/AISC DeepFake Çalışmaları/Deneyler/Kader/Deney 1/Göz/eye_roi_output/real/train/combined/real_train/real_train_00328__face_00.jpg,5336,1786020021000000000,f3f9cdd9b1b92c8e9eb3a45a264b81656dd570141ef12728aa78fd4930760d18
/content/drive/MyDrive/AISC DeepFake Çalışmaları/Deneyler/Kader/Deney 1/Göz/eye_roi_output/real/train/combined/real_train/real_train_00329__face_00.jpg,3748,1786020022000000000,51ce0516c08774ce7b91d8819453e23b1420be3ac4d92ae7bd687d638caa11e8
/content/drive/MyDrive/AISC DeepFake Çalışmaları/Deneyler/Kader/Deney 1/Göz/eye_roi_output/real/train/combined/real_train/real_train_00330__face_00.jpg,4698,1786020022000000000,c902e90193434be1029be2ccfe1dfd9b44df9e126cd7d36ec30db028d717178a
/content/drive/MyDrive/AISC DeepFake Çalışmaları/Deneyler/Kader/Deney 1/Göz/eye_roi_output/real/train/combined/real_train/real_train_00331__face_00.jpg,5860,1786020023000000000,d8ecb6b5a074f7a909b44a6c1953b9e2ae176bebf70d85f2212bf67822ff7f1e
/content/drive/MyDrive/AISC DeepFake Çalışmaları/Deneyler/Kader/Deney 1/Göz/eye_roi_output/real/train/combined/real_train/real_train_00332__face_00.jpg,4609,1786020023000000000,206ea0c091393e48002e9fcde7f1882b8ec713818ab4c5ed81c194f0141c6db4
/content/drive/MyDrive/AISC DeepFake Çalışmaları/Deneyler/Kader/Deney 1/Göz/eye_roi_output/real/train/combined/real_train/real_train_00333__face_00.jpg,4592,1786020024000000000,28b95db507fa856a917960bcf6184ab771fdc099be1b956babe779d282bf1955
/content/drive/MyDrive/AISC DeepFake Çalışmaları/Deneyler/Kader/Deney 1/Göz/eye_roi_output/real/train/combined/real_train/real_train_00335__face_00.jpg,4929,1786020024000000000,96533859f6512f0f00f102df542e33c5330db00085e4d6caf21d6b5ef62410ca
/content/drive/MyDrive/AISC DeepFake Çalışmaları/Deneyler/Kader/Deney 1/Göz/eye_roi_output/real/train/combined/real_train/real_train_00336__face_00.jpg,5486,1786020025000000000,e45416c5aa4086fb3b7ac1adc8f10f97590e6153f555e318e586eeffe9efac23
/content/drive/MyDrive/AISC DeepFake Çalışmaları/Deneyler/Kader/Deney 1/Göz/eye_roi_output/real/train/combined/real_train/real_train_00337__face_00.jpg,5825,1786020026000000000,38a05d93e8a39f80a84d6e9111ceecaeca3e4232c6dea7d9a54961171af70365
/content/drive/MyDrive/AISC DeepFake Çalışmaları/Deneyler/Kader/Deney 1/Göz/eye_roi_output/real/train/combined/real_train/real_train_00338__face_00.jpg,4669,1786020026000000000,13550840a10d58132899238baebc887c428a18a69d8decff8e7b87ab3fa5af5f
/content/drive/MyDrive/AISC DeepFake Çalışmaları/Deneyler/Kader/Deney 1/Göz/eye_roi_output/real/train/combined/real_train/real_train_00339__face_00.jpg,5118,1786020026000000000,362723a93eb37c3639c535bf9192bb63ea4935d2430d823b3093126f7c8eea1b
/content/drive/MyDrive/AISC DeepFake Çalışmaları/Deneyler/Kader/Deney 1/Göz/eye_roi_output/real/train/combined/real_train/real_train_00340__face_00.jpg,5364,1786020027000000000,383f64ae1b97e292514ae16f87f9c51d0e91e9cdac516f975fa1a640d72dcbff
/content/drive/MyDrive/AISC DeepFake Çalışmaları/Deneyler/Kader/Deney 1/Göz/eye_roi_output/real/train/combined/real_train/real_train_00341__face_00.jpg,4599,1786020027000000000,659b839fe9d40948c6343a3845d5fc737ce90f8cf068fd955d5224944d690c36
/content/drive/MyDrive/AISC DeepFake Çalışmaları/Deneyler/Kader/Deney 1/Göz/eye_roi_output/real/train/combined/real_train/real_train_00342__face_00.jpg,5169,1786020028000000000,fe933f62f369cc4d88d505d58e68b5997637d7626f337013ad83b24aafecbc45
/content/drive/MyDrive/AISC DeepFake Çalışmaları/Deneyler/Kader/Deney 1/Göz/eye_roi_output/real/train/combined/real_train/real_train_00343__face_00.jpg,4707,1786020028000000000,a8402266eb822b1f49efaa11a10437dd2f98c3478b636b58175301fceed760ed
/content/drive/MyDrive/AISC DeepFake Çalışmaları/Deneyler/Kader/Deney 1/Göz/eye_roi_output/real/train/combined/real_train/real_train_00344__face_00.jpg,6040,1786020029000000000,c316b539e2013e590bfda379297438457d649f842ce61b715dd4e1db7616d71c
/content/drive/MyDrive/AISC DeepFake Çalışmaları/Deneyler/Kader/Deney 1/Göz/eye_roi_output/real/train/combined/real_train/real_train_00345__face_00.jpg,4295,1786020030000000000,9e12e67b5d23a3faa85d957e335bbed1b2421449bec82bb79bba66cc21a51a80
/content/drive/MyDrive/AISC DeepFake Çalışmaları/Deneyler/Kader/Deney 1/Göz/eye_roi_output/real/train/combined/real_train/real_train_00346__face_00.jpg,5872,1786020030000000000,a74b1068aad35af062b391f5003ebd3f6e31a63de602c96b6156184322b7596c
/content/drive/MyDrive/AISC DeepFake Çalışmaları/Deneyler/Kader/Deney 1/Göz/eye_roi_output/real/train/combined/real_train/real_train_00347__face_00.jpg,4332,1786020031000000000,b6de348fb78ddbc4d1d81cab94400c765b6d38ff7479943c92cb893de34b8179
/content/drive/MyDrive/AISC DeepFake Çalışmaları/Deneyler/Kader/Deney 1/Göz/eye_roi_output/real/train/combined/real_train/real_train_00348__face_00.jpg,4520,1786020031000000000,5c6d320b1a6d6ad2b781e11815a5f91eb7b0a8a04ea0de665fbfeff3810ace99
/content/drive/MyDrive/AISC DeepFake Çalışmaları/Deneyler/Kader/Deney 1/Göz/eye_roi_output/real/train/combined/real_train/real_train_00349__face_00.jpg,6081,1786020032000000000,92d401378d89fe3da42534ba98a357132ce41c3c617e49dc0b3616faa759d977
/content/drive/MyDrive/AISC DeepFake Çalışmaları/Deneyler/Kader/Deney 1/Göz/eye_roi_output/real/train/combined/real_train/real_train_00350__face_00.jpg,5093,1786020032000000000,7dd2943e27e8b3e8d5e741e824b94dce64d59ff287194e52f94e1e0418b42718
/content/drive/MyDrive/AISC DeepFake Çalışmaları/Deneyler/Kader/Deney 1/Göz/eye_roi_output/real/train/combined/real_train/real_train_00351__face_00.jpg,6002,1786020033000000000,e1ccef53634d18cce7ef04e793e86d5e030b51addeaead239519c87c19c722d6
/content/drive/MyDrive/AISC DeepFake Çalışmaları/Deneyler/Kader/Deney 1/Göz/eye_roi_output/real/train/combined/real_train/real_train_00352__face_00.jpg,5492,1786020033000000000,f454416ef913d5e4bc6cda16a2f89d8df3a83d11bb0fb2493b7ea7a8d65d1f9a
/content/drive/MyDrive/AISC DeepFake Çalışmaları/Deneyler/Kader/Deney 1/Göz/eye_roi_output/real/train/combined/real_train/real_train_00353__face_00.jpg,5417,1786020034000000000,40a9f963fa362089521fb2d0d1c8a7904b5738e69b8c6be5d79c8a069e5d3e20
/content/drive/MyDrive/AISC DeepFake Çalışmaları/Deneyler/Kader/Deney 1/Göz/eye_roi_output/real/train/combined/real_train/real_train_00354__face_00.jpg,5473,1786020034000000000,64b3b4fa87d771d8a4f4df3ae67ed39784f651f3ed5cfb5821fdef30871d96f5
/content/drive/MyDrive/AISC DeepFake Çalışmaları/Deneyler/Kader/Deney 1/Göz/eye_roi_output/real/train/combined/real_train/real_train_00355__face_00.jpg,4763,1786020034000000000,4f5021cca8ddb134673f8457c3576c51361a76af4cb5990d965855c7662de3ba
/content/drive/MyDrive/AISC DeepFake Çalışmaları/Deneyler/Kader/Deney 1/Göz/eye_roi_output/real/train/combined/real_train/real_train_00356__face_00.jpg,5243,1786020035000000000,a1e860ee8c93f2a1609c1d46b6a46c2f1dbc9e3c6c7764b949b3694cc15ab012
/content/drive/MyDrive/AISC DeepFake Çalışmaları/Deneyler/Kader/Deney 1/Göz/eye_roi_output/real/train/combined/real_train/real_train_00357__face_00.jpg,4782,1786020035000000000,b4d7d75d26dc238104d9b4f74c2e4fecb4411d7f1f974dce2548a42f592470ee
/content/drive/MyDrive/AISC DeepFake Çalışmaları/Deneyler/Kader/Deney 1/Göz/eye_roi_output/real/train/combined/real_train/real_train_00358__face_00.jpg,4811,1786020036000000000,b228bfca5caa2491cf7e0d142b63728192baa2f2dca419a888dc598e0c9edc1c
/content/drive/MyDrive/AISC DeepFake Çalışmaları/Deneyler/Kader/Deney 1/Göz/eye_roi_output/real/train/combined/real_train/real_train_00359__face_00.jpg,5305,1786020037000000000,24dc65cc5f79c24870e37e097a61406290c76a7b96920d4c1ccd03f88cb27223
/content/drive/MyDrive/AISC DeepFake Çalışmaları/Deneyler/Kader/Deney 1/Göz/eye_roi_output/real/train/combined/real_train/real_train_00359__face_01.jpg,5625,1786020037000000000,35579eb46fe32fb70aab77b0857961e151a4c76aaadc472d93839a1ba71c22b3
/content/drive/MyDrive/AISC DeepFake Çalışmaları/Deneyler/Kader/Deney 1/Göz/eye_roi_output/real/train/combined/real_train/real_train_00360__face_00.jpg,4833,1786020038000000000,fe712e408757ebfa2a0de66a8b651c60537909adbee122c3ca24de6729af7619
/content/drive/MyDrive/AISC DeepFake Çalışmaları/Deneyler/Kader/Deney 1/Göz/eye_roi_output/real/train/combined/real_train/real_train_00361__face_00.jpg,5894,1786020039000000000,99a13ba2be69682cc765c0771bce63929be50d29f2c5a7d5733eee97f40527fa
/content/drive/MyDrive/AISC DeepFake Çalışmaları/Deneyler/Kader/Deney 1/Göz/eye_roi_output/real/train/combined/real_train/real_train_00362__face_00.jpg,5657,1786020039000000000,4211e032eedbcad6ebc59d6270ad96a02420294c26dcb0cf030fe5f962ce1343
/content/drive/MyDrive/AISC DeepFake Çalışmaları/Deneyler/Kader/Deney 1/Göz/eye_roi_output/real/train/combined/real_train/real_train_00363__face_00.jpg,5078,1786020040000000000,402aece419f9e0beb1e650825849c6b1d7988291c843013abebb0bf1bc9edcc8
/content/drive/MyDrive/AISC DeepFake Çalışmaları/Deneyler/Kader/Deney 1/Göz/eye_roi_output/real/train/combined/real_train/real_train_00364__face_00.jpg,6471,1786020040000000000,83cc91ed2ae9203d549792443c78c985b5a66bf43bdc95cd6bfcd62d177a9644
/content/drive/MyDrive/AISC DeepFake Çalışmaları/Deneyler/Kader/Deney 1/Göz/eye_roi_output/real/train/combined/real_train/real_train_00365__face_00.jpg,5685,1786020041000000000,7c5f11a8f5388c8f0d3d70fa5af6f62e72cde59fdcd5864ed1d4f222b54c3c0a
/content/drive/MyDrive/AISC DeepFake Çalışmaları/Deneyler/Kader/Deney 1/Göz/eye_roi_output/real/train/combined/real_train/real_train_00366__face_00.jpg,5078,1786020041000000000,53500727c4d5374b0ed2a2c44e4b154266009819e4f0372f56685aa954c0f659
/content/drive/MyDrive/AISC DeepFake Çalışmaları/Deneyler/Kader/Deney 1/Göz/eye_roi_output/real/train/combined/real_train/real_train_00367__face_00.jpg,4410,1786020042000000000,fd65e5754634f39df8b682651cfec591d2374acb0d0ca47f61d8b718415e6419
/content/drive/MyDrive/AISC DeepFake Çalışmaları/Deneyler/Kader/Deney 1/Göz/eye_roi_output/real/train/combined/real_train/real_train_00368__face_00.jpg,5024,1786020042000000000,f333db1fa1d5520fa5375528e45227ee05ef515634336b5f29aac94430be19b2
/content/drive/MyDrive/AISC DeepFake Çalışmaları/Deneyler/Kader/Deney 1/Göz/eye_roi_output/real/train/combined/real_train/real_train_00369__face_00.jpg,4629,1786020043000000000,393118a033ffc9da652e0c291bbd5bd40064e92116fd67b8bce46139b196528f
/content/drive/MyDrive/AISC DeepFake Çalışmaları/Deneyler/Kader/Deney 1/Göz/eye_roi_output/real/train/combined/real_train/real_train_00370__face_00.jpg,5200,1786020044000000000,1854a4408750f33f8677578db933a97bb182521b89c834bd24bcca2b6bb10f27
/content/drive/MyDrive/AISC DeepFake Çalışmaları/Deneyler/Kader/Deney 1/Göz/eye_roi_output/real/train/combined/real_train/real_train_00371__face_00.jpg,5370,1786020045000000000,4e5f433f4d89049c5047aabfe3d130888476aa19821c1c0af278d56c6b2e1dbe
/content/drive/MyDrive/AISC DeepFake Çalışmaları/Deneyler/Kader/Deney 1/Göz/eye_roi_output/real/train/combined/real_train/real_train_00372__face_00.jpg,6821,1786020045000000000,a266c9efe1f032d964a8d906136d8c3da63a559e2b4de07d3e383825484d3b9d
/content/drive/MyDrive/AISC DeepFake Çalışmaları/Deneyler/Kader/Deney 1/Göz/eye_roi_output/real/train/combined/real_train/real_train_00373__face_00.jpg,5472,1786020046000000000,ce3e55774b21b694d4c6a449962001e447896b8c5ebb71723e59ebf664269d72
/content/drive/MyDrive/AISC DeepFake Çalışmaları/Deneyler/Kader/Deney 1/Göz/eye_roi_output/real/train/combined/real_train/real_train_00374__face_00.jpg,5194,1786020046000000000,be2c0d3a2d65fb927c9424c47fd2b1e6cb9b10848338f0c7abfbdb8d23a5d086
/content/drive/MyDrive/AISC DeepFake Çalışmaları/Deneyler/Kader/Deney 1/Göz/eye_roi_output/real/train/combined/real_train/real_train_00375__face_00.jpg,4335,1786020047000000000,ccf9dc9c3e396d24e075e147b52d1c15a467d58cd7cd7b1c702b362fe36001dc
/content/drive/MyDrive/AISC DeepFake Çalışmaları/Deneyler/Kader/Deney 1/Göz/eye_roi_output/real/train/combined/real_train/real_train_00376__face_00.jpg,5766,1786020048000000000,26efcc4e1c7372e9942befb3d3047934931db129bb27c47aa3debd2cad5bd8b4
/content/drive/MyDrive/AISC DeepFake Çalışmaları/Deneyler/Kader/Deney 1/Göz/eye_roi_output/real/train/combined/real_train/real_train_00377__face_00.jpg,5343,1786020049000000000,e1334bf25d3661493aefcc4b8d70ba66ba4fdc7529ca5462eab21713f5a626db
/content/drive/MyDrive/AISC DeepFake Çalışmaları/Deneyler/Kader/Deney 1/Göz/eye_roi_output/real/train/combined/real_train/real_train_00378__face_00.jpg,4251,1786020049000000000,b5e47ceaee418f9e153be2ace93bd656b8e9ecf7515e88d7a79c6f8c702aaccf
/content/drive/MyDrive/AISC DeepFake Çalışmaları/Deneyler/Kader/Deney 1/Göz/eye_roi_output/real/train/combined/real_train/real_train_00379__face_00.jpg,6337,1786020050000000000,de38aa7a298f6854ab9c85ec7305af9c05cd5661292b25ad6b7cf69aec9e584c
/content/drive/MyDrive/AISC DeepFake Çalışmaları/Deneyler/Kader/Deney 1/Göz/eye_roi_output/real/train/combined/real_train/real_train_00380__face_00.jpg,4737,1786020050000000000,a564a8880c451a48b69622cb4e88e11e9b28665121d776cbca57434811c243be
/content/drive/MyDrive/AISC DeepFake Çalışmaları/Deneyler/Kader/Deney 1/Göz/eye_roi_output/real/train/combined/real_train/real_train_00381__face_00.jpg,5084,1786020050000000000,c96af9e25c5cd1afd3d07cf7d967b2845e2d891e72b10b334341d3d52872dff3
/content/drive/MyDrive/AISC DeepFake Çalışmaları/Deneyler/Kader/Deney 1/Göz/eye_roi_output/real/train/combined/real_train/real_train_00382__face_00.jpg,5134,1786020051000000000,cc43e1f2a75567710372e6a8a0455f3ed603dcfea1e5fc7a6cf2739656d4681b
/content/drive/MyDrive/AISC DeepFake Çalışmaları/Deneyler/Kader/Deney 1/Göz/eye_roi_output/real/train/combined/real_train/real_train_00383__face_00.jpg,6403,1786020053000000000,8ce6acb4ec04cde067ecfd78fd323b25be7d995ff24bb5eb6a02a38f8e423dd1
/content/drive/MyDrive/AISC DeepFake Çalışmaları/Deneyler/Kader/Deney 1/Göz/eye_roi_output/real/train/combined/real_train/real_train_00384__face_00.jpg,5436,1786020053000000000,2b5535db6342452de1e66edde04779240925e4059d6dfcd930154c8f3ce735b5
/content/drive/MyDrive/AISC DeepFake Çalışmaları/Deneyler/Kader/Deney 1/Göz/eye_roi_output/real/train/combined/real_train/real_train_00385__face_00.jpg,4693,1786020054000000000,99678ee361925242cb7b982517d8b1ea67cf3b92dd035115ad7ea04114cc1e7b
/content/drive/MyDrive/AISC DeepFake Çalışmaları/Deneyler/Kader/Deney 1/Göz/eye_roi_output/real/train/combined/real_train/real_train_00386__face_00.jpg,4583,1786020054000000000,9d8da272908e053db7dd7601903fa9f04929b211e425045ced9735871fd7b607
/content/drive/MyDrive/AISC DeepFake Çalışmaları/Deneyler/Kader/Deney 1/Göz/eye_roi_output/real/train/combined/real_train/real_train_00387__face_00.jpg,5828,1786020054000000000,8a41e468a4d178b664ca48db22f457659a355d2977541fafa18ec7ef649c03be
/content/drive/MyDrive/AISC DeepFake Çalışmaları/Deneyler/Kader/Deney 1/Göz/eye_roi_output/real/train/combined/real_train/real_train_00388__face_00.jpg,5273,1786020055000000000,91002395bda7c6c8beea6c2b0409f18acd2f9cf8e9683326e078250320ca0968
/content/drive/MyDrive/AISC DeepFake Çalışmaları/Deneyler/Kader/Deney 1/Göz/eye_roi_output/real/train/combined/real_train/real_train_00389__face_00.jpg,6040,1786020055000000000,2bd4a992e3911b3ed111c004900fd0b0b85aaeca597992de12ecbcdeddb167f0
/content/drive/MyDrive/AISC DeepFake Çalışmaları/Deneyler/Kader/Deney 1/Göz/eye_roi_output/real/train/combined/real_train/real_train_00390__face_00.jpg,5637,1786020056000000000,039df1b22f425def4324e77dc7673a650c8114a1b882334c4bf39576f79ff9c2
/content/drive/MyDrive/AISC DeepFake Çalışmaları/Deneyler/Kader/Deney 1/Göz/eye_roi_output/real/train/combined/real_train/real_train_00391__face_00.jpg,5548,1786020056000000000,b56d964eadff693491e086b8e031f959105009d22843c1a9fd83089253328296
/content/drive/MyDrive/AISC DeepFake Çalışmaları/Deneyler/Kader/Deney 1/Göz/eye_roi_output/real/train/combined/real_train/real_train_00392__face_00.jpg,5498,1786020056000000000,620f615c7072f3c33e6ffadc6e79ee207cdaa6e6507fdbe4041402d877df3aa4
/content/drive/MyDrive/AISC DeepFake Çalışmaları/Deneyler/Kader/Deney 1/Göz/eye_roi_output/real/train/combined/real_train/real_train_00393__face_00.jpg,6123,1786020057000000000,90ff5a2c56371a8a3fb86837fde101bc122306aaf3b405e8fa7becd7ed4ba94d
/content/drive/MyDrive/AISC DeepFake Çalışmaları/Deneyler/Kader/Deney 1/Göz/eye_roi_output/real/train/combined/real_train/real_train_00394__face_00.jpg,4505,1786020057000000000,60e5f413798c659afebeb26263ddd1d652e7df1e8e635068eb0d3fec3ab71431
/content/drive/MyDrive/AISC DeepFake Çalışmaları/Deneyler/Kader/Deney 1/Göz/eye_roi_output/real/train/combined/real_train/real_train_00395__face_00.jpg,4798,1786020058000000000,f434f1001187122ce223abc92cdbaa1f2938c98553e3297ff5ad95683e899f24
/content/drive/MyDrive/AISC DeepFake Çalışmaları/Deneyler/Kader/Deney 1/Göz/eye_roi_output/real/train/combined/real_train/real_train_00396__face_00.jpg,6315,1786020059000000000,754f63f770ae82bca7f2cbd34e43df2bd56eafe036e28f288bab39fab7518992
/content/drive/MyDrive/AISC DeepFake Çalışmaları/Deneyler/Kader/Deney 1/Göz/eye_roi_output/real/train/combined/real_train/real_train_00397__face_00.jpg,4896,1786020059000000000,085712d6f0238bf6b29648811b1eb7a93f9a03c0d2bca5c44bcad7e6c601622d
/content/drive/MyDrive/AISC DeepFake Çalışmaları/Deneyler/Kader/Deney 1/Göz/eye_roi_output/real/train/combined/real_train/real_train_00398__face_00.jpg,5824,1786020060000000000,39a4133a4aec2eeb444613c9e274102b7b11b09c94a11960d1730f6336b5f827
/content/drive/MyDrive/AISC DeepFake Çalışmaları/Deneyler/Kader/Deney 1/Göz/eye_roi_output/real/train/combined/real_train/real_train_00399__face_00.jpg,5131,1786020060000000000,6efc3e6a03cb9bcb4323ed6a76ed7f5a41077d6659800693f1a43a453417e7ab
/content/drive/MyDrive/AISC DeepFake Çalışmaları/Deneyler/Kader/Deney 1/Göz/eye_roi_output/real/train/combined/real_train/real_train_00400__face_00.jpg,5099,1786020061000000000,ddd7579ce286284d42a3313e6ef69a576e13ce8cdadfe3f03308375440918749
/content/drive/MyDrive/AISC DeepFake Çalışmaları/Deneyler/Kader/Deney 1/Göz/eye_roi_output/real/train/combined/real_train/real_train_00402__face_00.jpg,5982,1786020062000000000,c7976e4bd8ffa0f5352b17e1df606a3f28ee4f575ab1fd40d67158825503bac5
/content/drive/MyDrive/AISC DeepFake Çalışmaları/Deneyler/Kader/Deney 1/Göz/eye_roi_output/real/train/combined/real_train/real_train_00402__face_01.jpg,5665,1786020062000000000,d2d8b1d0f0fcda21a23215aeedab7e647711796d99574d89521702b699a64007
/content/drive/MyDrive/AISC DeepFake Çalışmaları/Deneyler/Kader/Deney 1/Göz/eye_roi_output/real/train/combined/real_train/real_train_00403__face_00.jpg,6258,1786020063000000000,a660250bcbbf32ccdaba6b524b6c539ca15e0056b6edd8f7ff259bbbd14f1a60
/content/drive/MyDrive/AISC DeepFake Çalışmaları/Deneyler/Kader/Deney 1/Göz/eye_roi_output/real/train/combined/real_train/real_train_00404__face_00.jpg,6498,1786020064000000000,0efcfbc6dbf7c10803655bbc7431fcb6c4d70298772d25d516bbff137d32735a
/content/drive/MyDrive/AISC DeepFake Çalışmaları/Deneyler/Kader/Deney 1/Göz/eye_roi_output/real/train/combined/real_train/real_train_00405__face_00.jpg,5235,1786020064000000000,4e8ab5b5089a644e420da38f5f5807d4e035b5f57e36def9c40771bd25277754
/content/drive/MyDrive/AISC DeepFake Çalışmaları/Deneyler/Kader/Deney 1/Göz/eye_roi_output/real/train/combined/real_train/real_train_00406__face_00.jpg,5836,1786020065000000000,c48e01b39d3b5ef0d351e1ec13428ac9e97c4e848c4b27c7c19df1f926164f84
/content/drive/MyDrive/AISC DeepFake Çalışmaları/Deneyler/Kader/Deney 1/Göz/eye_roi_output/real/train/combined/real_train/real_train_00406__face_01.jpg,5631,1786020065000000000,1c1e4dce76d9a90977debba4449ad04ce2b96cb136e2b5479008b2e1adee252b
/content/drive/MyDrive/AISC DeepFake Çalışmaları/Deneyler/Kader/Deney 1/Göz/eye_roi_output/real/train/combined/real_train/real_train_00407__face_00.jpg,5412,1786020065000000000,95250525faa92a1613a2aaaf333c543a55f311fc5c5bd3488d8660291d6a78cf
/content/drive/MyDrive/AISC DeepFake Çalışmaları/Deneyler/Kader/Deney 1/Göz/eye_roi_output/real/train/combined/real_train/real_train_00408__face_00.jpg,4344,1786020066000000000,a55418e85adbbf661c3c400a909635b15862edc287cfed44b21f3c223f51c059
/content/drive/MyDrive/AISC DeepFake Çalışmaları/Deneyler/Kader/Deney 1/Göz/eye_roi_output/real/train/combined/real_train/real_train_00409__face_00.jpg,5123,1786020066000000000,61b46279b3d225ae23015ae024066a8d9b49c37624bd343e913d05d990a4ffb1
/content/drive/MyDrive/AISC DeepFake Çalışmaları/Deneyler/Kader/Deney 1/Göz/eye_roi_output/real/train/combined/real_train/real_train_00410__face_00.jpg,5615,1786020067000000000,ea649948a9cba0005f11ae2a632c99e9835bdb2737c1234bf804950fd7716985
/content/drive/MyDrive/AISC DeepFake Çalışmaları/Deneyler/Kader/Deney 1/Göz/eye_roi_output/real/train/combined/real_train/real_train_00411__face_00.jpg,4872,1786020068000000000,0c28edabecf070e2fc5d3ffb872a76c2dd6090008d1b7d91519a24e0c1a644a9
/content/drive/MyDrive/AISC DeepFake Çalışmaları/Deneyler/Kader/Deney 1/Göz/eye_roi_output/real/train/combined/real_train/real_train_00412__face_00.jpg,5317,1786020068000000000,78cc2ea364ff43494f85438040bfa0982cf0d0d3f332086761cd7cb32e138359
/content/drive/MyDrive/AISC DeepFake Çalışmaları/Deneyler/Kader/Deney 1/Göz/eye_roi_output/real/train/combined/real_train/real_train_00413__face_00.jpg,5348,1786020069000000000,782347d7e4f526e1dee30e0539ff27682b05c184bc2401061439db69deb286fb
/content/drive/MyDrive/AISC DeepFake Çalışmaları/Deneyler/Kader/Deney 1/Göz/eye_roi_output/real/train/combined/real_train/real_train_00414__face_00.jpg,5857,1786020069000000000,ad77ee5a48c01e6641835da25ae3a35a78a04a0eae768dcfc4c9b10a869c7ab4
/content/drive/MyDrive/AISC DeepFake Çalışmaları/Deneyler/Kader/Deney 1/Göz/eye_roi_output/real/train/combined/real_train/real_train_00415__face_00.jpg,5174,1786020069000000000,2db3d855c00e1b8dd49041969647d97e9009f3fa5c596a3c4ca2cd7e01032ee8
/content/drive/MyDrive/AISC DeepFake Çalışmaları/Deneyler/Kader/Deney 1/Göz/eye_roi_output/real/train/combined/real_train/real_train_00416__face_00.jpg,5133,1786020070000000000,99ec5b75c8e1faed1ee22f88e94c8d6d1a93594d65493d671f3a99b2cadfee2c
/content/drive/MyDrive/AISC DeepFake Çalışmaları/Deneyler/Kader/Deney 1/Göz/eye_roi_output/real/train/combined/real_train/real_train_00417__face_00.jpg,5608,1786020070000000000,2b99887803add40317421df91ddda1b0a1c25cfb2ff7f611e966773297f0cd70
/content/drive/MyDrive/AISC DeepFake Çalışmaları/Deneyler/Kader/Deney 1/Göz/eye_roi_output/real/train/combined/real_train/real_train_00418__face_00.jpg,5506,1786020071000000000,7075e76940c637c60b86817619c78b1b0adce05337647f46789ca21d54203501
/content/drive/MyDrive/AISC DeepFake Çalışmaları/Deneyler/Kader/Deney 1/Göz/eye_roi_output/real/train/combined/real_train/real_train_00419__face_00.jpg,4640,1786020071000000000,6d4df349607c97efe03f66451d6c22745a0fb61fa992b192eaa584757ac68462
/content/drive/MyDrive/AISC DeepFake Çalışmaları/Deneyler/Kader/Deney 1/Göz/eye_roi_output/real/train/combined/real_train/real_train_00420__face_00.jpg,5130,1786020072000000000,5c0eef77f3f1346adb40bb99aed5df3a2749cae0f3d2945f9f00fabcacfa2608
/content/drive/MyDrive/AISC DeepFake Çalışmaları/Deneyler/Kader/Deney 1/Göz/eye_roi_output/real/train/combined/real_train/real_train_00421__face_00.jpg,4996,1786020078000000000,ec87914eefc423527fcb7acda8eb7f17f6ae0e6c4b07741d69bab154965320ab
/content/drive/MyDrive/AISC DeepFake Çalışmaları/Deneyler/Kader/Deney 1/Göz/eye_roi_output/real/train/combined/real_train/real_train_00422__face_00.jpg,5167,1786020078000000000,3dc71626694b6d3cd4ad7bff743cd8a5d5aadcfc8216b8faaa92d407f12fbe2d
/content/drive/MyDrive/AISC DeepFake Çalışmaları/Deneyler/Kader/Deney 1/Göz/eye_roi_output/real/train/combined/real_train/real_train_00423__face_00.jpg,6560,1786020079000000000,8b14cf14ac60d7c80071d2f46ea055e9b071e6d057182be20ab9eed026dc9cd3
/content/drive/MyDrive/AISC DeepFake Çalışmaları/Deneyler/Kader/Deney 1/Göz/eye_roi_output/real/train/combined/real_train/real_train_00424__face_00.jpg,5424,1786020079000000000,418baf7d04fdfdca36a7aeea72f04ca74fbd6e72487970db4e0840c147b29db3
/content/drive/MyDrive/AISC DeepFake Çalışmaları/Deneyler/Kader/Deney 1/Göz/eye_roi_output/real/train/combined/real_train/real_train_00425__face_00.jpg,5572,1786020079000000000,8640d29c8878d7b51e87ed07946a1e4b9f669a62cd4f45c347fc4c46f8fa86f1
/content/drive/MyDrive/AISC DeepFake Çalışmaları/Deneyler/Kader/Deney 1/Göz/eye_roi_output/real/train/combined/real_train/real_train_00426__face_00.jpg,6058,1786020080000000000,d50b7a42884928d21b249770abe76c2a85906c9f1cc3638113953380af1e0972
/content/drive/MyDrive/AISC DeepFake Çalışmaları/Deneyler/Kader/Deney 1/Göz/eye_roi_output/real/train/combined/real_train/real_train_00427__face_00.jpg,5411,1786020080000000000,79db7f723addf2b2436d2c538c34d958c8cd81da435a2c19a4994290f8245b04
/content/drive/MyDrive/AISC DeepFake Çalışmaları/Deneyler/Kader/Deney 1/Göz/eye_roi_output/real/train/combined/real_train/real_train_00428__face_00.jpg,6404,1786020081000000000,08e5044f23630e909eaf48183acd5fbcea9272fa37ad5ee10c8aa3e1e566ead9
/content/drive/MyDrive/AISC DeepFake Çalışmaları/Deneyler/Kader/Deney 1/Göz/eye_roi_output/real/train/combined/real_train/real_train_00429__face_00.jpg,4927,1786020081000000000,4bfcba84f14507c81700416e004152d7999e4f29d8e71001b355e7311eb01736
/content/drive/MyDrive/AISC DeepFake Çalışmaları/Deneyler/Kader/Deney 1/Göz/eye_roi_output/real/train/combined/real_train/real_train_00430__face_00.jpg,4998,1786020081000000000,7e7c29d1596a1ed629f51504acf6daa5782846650653b96718a851a605ac5e6e
/content/drive/MyDrive/AISC DeepFake Çalışmaları/Deneyler/Kader/Deney 1/Göz/eye_roi_output/real/train/combined/real_train/real_train_00431__face_00.jpg,5761,1786020082000000000,8498815edc25ac786d71c3fcf74c324363ee114eeaac4d5bd87be080bcf2e83b
/content/drive/MyDrive/AISC DeepFake Çalışmaları/Deneyler/Kader/Deney 1/Göz/eye_roi_output/real/train/combined/real_train/real_train_00432__face_00.jpg,5292,1786020082000000000,45d140a9d0da7a826c6187778fd0b00b3715c818a363569ede095fda7cb640e4
/content/drive/MyDrive/AISC DeepFake Çalışmaları/Deneyler/Kader/Deney 1/Göz/eye_roi_output/real/train/combined/real_train/real_train_00433__face_00.jpg,5077,1786020083000000000,141c7e2510afc2c2119b002acf54b4d3dc6ba3b19781f970c653f2d7b8f5d32f
/content/drive/MyDrive/AISC DeepFake Çalışmaları/Deneyler/Kader/Deney 1/Göz/eye_roi_output/real/train/combined/real_train/real_train_00434__face_00.jpg,5750,1786020083000000000,15de951c83fc9ff95e5597b074e208cae3144add1fe95b6ee7ca59afe5072cff
/content/drive/MyDrive/AISC DeepFake Çalışmaları/Deneyler/Kader/Deney 1/Göz/eye_roi_output/real/train/combined/real_train/real_train_00435__face_00.jpg,5128,1786020084000000000,85a46224856fb8d08da4e6c0d1ff097067645c8598ed35d5c986ffb3ea97ef54
/content/drive/MyDrive/AISC DeepFake Çalışmaları/Deneyler/Kader/Deney 1/Göz/eye_roi_output/real/train/combined/real_train/real_train_00436__face_00.jpg,4939,1786020084000000000,02eefb805c7f63f42428d14dfb278057031926608825cb5d5254905e29310d48
/content/drive/MyDrive/AISC DeepFake Çalışmaları/Deneyler/Kader/Deney 1/Göz/eye_roi_output/real/train/combined/real_train/real_train_00437__face_00.jpg,4964,1786020085000000000,459f21bb01ee1439a4755fa98295012928ac3faf6121dc4decd22de284301b03
/content/drive/MyDrive/AISC DeepFake Çalışmaları/Deneyler/Kader/Deney 1/Göz/eye_roi_output/real/train/combined/real_train/real_train_00438__face_00.jpg,5740,1786020085000000000,5e0b4bd08c58a2a119afae07beae7aa99346743155d2ac3f6061d78f68c96ebc
/content/drive/MyDrive/AISC DeepFake Çalışmaları/Deneyler/Kader/Deney 1/Göz/eye_roi_output/real/train/combined/real_train/real_train_00439__face_00.jpg,6022,1786020086000000000,4753b1ad1a5d633d36f8e86eda5407446100cf542796f7fdc5d4ccf5014c61d9
/content/drive/MyDrive/AISC DeepFake Çalışmaları/Deneyler/Kader/Deney 1/Göz/eye_roi_output/real/train/combined/real_train/real_train_00440__face_00.jpg,4788,1786020087000000000,a15fd962aa2320cdbbbac3be49b42ab9772840bf7c848cb9b1c6359eb6c67787
/content/drive/MyDrive/AISC DeepFake Çalışmaları/Deneyler/Kader/Deney 1/Göz/eye_roi_output/real/train/combined/real_train/real_train_00441__face_00.jpg,4773,1786020087000000000,3c47b7bb03d5d743838f95c94a24dbd12e2d515189896481bb264f2f374e9b43
/content/drive/MyDrive/AISC DeepFake Çalışmaları/Deneyler/Kader/Deney 1/Göz/eye_roi_output/real/train/combined/real_train/real_train_00442__face_00.jpg,4407,1786020088000000000,e00a68b0f367dba33a93d75edb8a81a81b027149d628986f9c560a310b95c73b
/content/drive/MyDrive/AISC DeepFake Çalışmaları/Deneyler/Kader/Deney 1/Göz/eye_roi_output/real/train/combined/real_train/real_train_00443__face_00.jpg,5283,1786020088000000000,d1f52405fb954a2ccff53284c23d99e671d5c49cb19e935cde1d149bf4e12ff1
/content/drive/MyDrive/AISC DeepFake Çalışmaları/Deneyler/Kader/Deney 1/Göz/eye_roi_output/real/train/combined/real_train/real_train_00444__face_00.jpg,4753,1786020089000000000,36a46653253084417d184a4efd2ba333d4320c5c80f3bfef8fc59ea5b9f6fa9f
/content/drive/MyDrive/AISC DeepFake Çalışmaları/Deneyler/Kader/Deney 1/Göz/eye_roi_output/real/train/combined/real_train/real_train_00445__face_00.jpg,5464,1786020090000000000,f9dc89f538ada70cdf704600a5b58fb1d36a8005b7322a3359a49dd0dd7dffd9
/content/drive/MyDrive/AISC DeepFake Çalışmaları/Deneyler/Kader/Deney 1/Göz/eye_roi_output/real/train/combined/real_train/real_train_00446__face_00.jpg,5059,1786020090000000000,0a8ed321e3d0621c9248d084800bb79577c52e7747636d656e2c0eb73b2f03f4
/content/drive/MyDrive/AISC DeepFake Çalışmaları/Deneyler/Kader/Deney 1/Göz/eye_roi_output/real/train/combined/real_train/real_train_00447__face_00.jpg,6988,1786020091000000000,1daeff52132ea93788bbb7a3f62f0de6ca61f4c0689a99eb433e96c2367a7f05
/content/drive/MyDrive/AISC DeepFake Çalışmaları/Deneyler/Kader/Deney 1/Göz/eye_roi_output/real/train/combined/real_train/real_train_00448__face_00.jpg,5612,1786020091000000000,a3ad99babc065f34ed68e248a91da7935739eab9964f3da7685d56f2772e7c0a
/content/drive/MyDrive/AISC DeepFake Çalışmaları/Deneyler/Kader/Deney 1/Göz/eye_roi_output/real/train/combined/real_train/real_train_00449__face_00.jpg,5395,1786020092000000000,077380e364cbaf9c6ea31b2115596016dac6ad2222ddd30410eb581a139ebd46
/content/drive/MyDrive/AISC DeepFake Çalışmaları/Deneyler/Kader/Deney 1/Göz/eye_roi_output/real/train/combined/real_train/real_train_00450__face_00.jpg,5093,1786020092000000000,34966ccfd5c8e59285caf4e843bf755a7ed044924668ca435b2219f61b7772b3
/content/drive/MyDrive/AISC DeepFake Çalışmaları/Deneyler/Kader/Deney 1/Göz/eye_roi_output/real/train/combined/real_train/real_train_00451__face_00.jpg,6343,1786020093000000000,604170eb923618fdb6bc950d8795fcf0ecaadeede1584c03b701c6c7027b89f9
/content/drive/MyDrive/AISC DeepFake Çalışmaları/Deneyler/Kader/Deney 1/Göz/eye_roi_output/real/train/combined/real_train/real_train_00452__face_00.jpg,5238,1786020094000000000,4c80df574e7981eeccb87b51f48d54f0aeeeff9689faee6b52d3438a1653b44d
/content/drive/MyDrive/AISC DeepFake Çalışmaları/Deneyler/Kader/Deney 1/Göz/eye_roi_output/real/train/combined/real_train/real_train_00453__face_00.jpg,5956,1786020095000000000,4f4ea43bbc357772c21c2be3f7dede974b942c6d9c8e8963310d13b53cc576d3
/content/drive/MyDrive/AISC DeepFake Çalışmaları/Deneyler/Kader/Deney 1/Göz/eye_roi_output/real/train/combined/real_train/real_train_00454__face_00.jpg,4509,1786020095000000000,2f86d9162e0a26e5ffd62a82f3d33257e50e2e570544c8281097cd024cd07dad
/content/drive/MyDrive/AISC DeepFake Çalışmaları/Deneyler/Kader/Deney 1/Göz/eye_roi_output/real/train/combined/real_train/real_train_00455__face_00.jpg,4668,1786020095000000000,1474db32a5933f4e991963908eb9a88521db2ebdbaf4f4ad272355b0d1216b2b
/content/drive/MyDrive/AISC DeepFake Çalışmaları/Deneyler/Kader/Deney 1/Göz/eye_roi_output/real/train/combined/real_train/real_train_00456__face_00.jpg,4501,1786020096000000000,619e67f9187e74b90891af359e5a6620257d494f012128d41d14a72b8e35a167
/content/drive/MyDrive/AISC DeepFake Çalışmaları/Deneyler/Kader/Deney 1/Göz/eye_roi_output/real/train/combined/real_train/real_train_00457__face_00.jpg,5173,1786020096000000000,944266e197e1e4234bf4d3f7cdef9c42ebd44245078dd33763b591d59fe2815b
/content/drive/MyDrive/AISC DeepFake Çalışmaları/Deneyler/Kader/Deney 1/Göz/eye_roi_output/real/train/combined/real_train/real_train_00458__face_00.jpg,4983,1786020097000000000,41cd1292d5f5ce45dbb4f433a6eec289fc8b5bc3c0647fd062db15c548fde4a5
/content/drive/MyDrive/AISC DeepFake Çalışmaları/Deneyler/Kader/Deney 1/Göz/eye_roi_output/real/train/combined/real_train/real_train_00459__face_00.jpg,5611,1786020097000000000,c1dbc4c2152ac4853716917c80978b73be3386d40946a7feaf0bddc9ae487737
/content/drive/MyDrive/AISC DeepFake Çalışmaları/Deneyler/Kader/Deney 1/Göz/eye_roi_output/real/train/combined/real_train/real_train_00460__face_00.jpg,4886,1786020100000000000,4768f35e3f1d5cd25130c7900ae720f5375174a6df308f3e612d510cf026e351
/content/drive/MyDrive/AISC DeepFake Çalışmaları/Deneyler/Kader/Deney 1/Göz/eye_roi_output/real/train/combined/real_train/real_train_00461__face_00.jpg,6134,1786020101000000000,74e4fb1d1a6c3dcd318e74b8b9de141338988c52777345cfd17d1904c83ea6e8
/content/drive/MyDrive/AISC DeepFake Çalışmaları/Deneyler/Kader/Deney 1/Göz/eye_roi_output/real/train/combined/real_train/real_train_00462__face_00.jpg,5245,1786020101000000000,8c02f27d62b02ed40ef7f69133b08b10b3274829cf7a1c52484256677bfe5beb
/content/drive/MyDrive/AISC DeepFake Çalışmaları/Deneyler/Kader/Deney 1/Göz/eye_roi_output/real/train/combined/real_train/real_train_00463__face_00.jpg,4796,1786020102000000000,8cc6c630e3db813ddb699e5183f4a35d5092b3ff974ebe6f4e411d18224d20d5
/content/drive/MyDrive/AISC DeepFake Çalışmaları/Deneyler/Kader/Deney 1/Göz/eye_roi_output/real/train/combined/real_train/real_train_00464__face_00.jpg,4911,1786020102000000000,c97ae2798ca63aa4a6757d3c092d2ec2d41bca091ce6a72124df9e11c21c08e1
/content/drive/MyDrive/AISC DeepFake Çalışmaları/Deneyler/Kader/Deney 1/Göz/eye_roi_output/real/train/combined/real_train/real_train_00465__face_00.jpg,5947,1786020104000000000,193f398eb996eb4b3a926b607379e03791fe885c49cacb631c25ed230d3a3a98
/content/drive/MyDrive/AISC DeepFake Çalışmaları/Deneyler/Kader/Deney 1/Göz/eye_roi_output/real/train/combined/real_train/real_train_00466__face_00.jpg,4750,1786020104000000000,8614a8d386c5d95725e3b0a8d0c9f540d22d0a722ba9254202b730147ff78f36
/content/drive/MyDrive/AISC DeepFake Çalışmaları/Deneyler/Kader/Deney 1/Göz/eye_roi_output/real/train/combined/real_train/real_train_00467__face_00.jpg,5546,1786020105000000000,832ee68939cf16bcccd584977c30fcee2c05cbba336515aa996d94a00eaa8c56
/content/drive/MyDrive/AISC DeepFake Çalışmaları/Deneyler/Kader/Deney 1/Göz/eye_roi_output/real/train/combined/real_train/real_train_00468__face_00.jpg,4655,1786020105000000000,f64413cde7e7d1f75a6168eff18ac91b378ca4ddce6a4b29bf26cc6500aeaf46
/content/drive/MyDrive/AISC DeepFake Çalışmaları/Deneyler/Kader/Deney 1/Göz/eye_roi_output/real/train/combined/real_train/real_train_00469__face_00.jpg,4740,1786020105000000000,322669562d1b2059787998f05c22ca2774498fa027ee142eb6b02843dc536137
/content/drive/MyDrive/AISC DeepFake Çalışmaları/Deneyler/Kader/Deney 1/Göz/eye_roi_output/real/train/combined/real_train/real_train_00470__face_00.jpg,6359,1786020106000000000,36183c37b2828c1d9149a940dbb3851d2968d0f1e6e4cb920c480cc20c9c8a6a
/content/drive/MyDrive/AISC DeepFake Çalışmaları/Deneyler/Kader/Deney 1/Göz/eye_roi_output/real/train/combined/real_train/real_train_00471__face_00.jpg,4462,1786020107000000000,e37ae40cad8afcc46a158fc13bc56a21bfc5d102103c8734bd8fe89fa0916b61
/content/drive/MyDrive/AISC DeepFake Çalışmaları/Deneyler/Kader/Deney 1/Göz/eye_roi_output/real/train/combined/real_train/real_train_00472__face_00.jpg,4807,1786020108000000000,5e9b2611f51127a2ee61d77fac0996a54f0ee7f1e130f647c7bed54d62017505
/content/drive/MyDrive/AISC DeepFake Çalışmaları/Deneyler/Kader/Deney 1/Göz/eye_roi_output/real/train/combined/real_train/real_train_00473__face_00.jpg,4738,1786020108000000000,52ba708f0350c3542a5735c5158a0320b15c8c57d2e23f1e5e298b1245fd84a1
/content/drive/MyDrive/AISC DeepFake Çalışmaları/Deneyler/Kader/Deney 1/Göz/eye_roi_output/real/train/combined/real_train/real_train_00474__face_00.jpg,4860,1786020108000000000,f248e66c0c3ed92e3ab309ff8aaa7735173146bd725a957dc5cce5b7ebd51979
/content/drive/MyDrive/AISC DeepFake Çalışmaları/Deneyler/Kader/Deney 1/Göz/eye_roi_output/real/train/combined/real_train/real_train_00475__face_00.jpg,4814,1786020109000000000,d39c9db4ebd2b0abacbaef399301f98c2f96c4e6bc181ccf13b1af18477bba8a
/content/drive/MyDrive/AISC DeepFake Çalışmaları/Deneyler/Kader/Deney 1/Göz/eye_roi_output/real/train/combined/real_train/real_train_00476__face_00.jpg,5653,1786020109000000000,47b959d124aafc6af1a3d083c4fd81532e74c0df21d76299f13ab1b695ccdacc
/content/drive/MyDrive/AISC DeepFake Çalışmaları/Deneyler/Kader/Deney 1/Göz/eye_roi_output/real/train/combined/real_train/real_train_00477__face_00.jpg,4321,1786020109000000000,bae6add1e5d876725e8d851e4eb60ea8fa0204531d93c1381bc72b1db39eac3f
/content/drive/MyDrive/AISC DeepFake Çalışmaları/Deneyler/Kader/Deney 1/Göz/eye_roi_output/real/train/combined/real_train/real_train_00478__face_00.jpg,4885,1786020110000000000,2d8074c207b31a8511120c46351005f1a4bb61d01416365a15c927dc9b115aca
/content/drive/MyDrive/AISC DeepFake Çalışmaları/Deneyler/Kader/Deney 1/Göz/eye_roi_output/real/train/combined/real_train/real_train_00479__face_00.jpg,4223,1786020110000000000,7cb264e4e0771c726bb172bd9a52189e2dadf7754e18dd745426c00238ede156
/content/drive/MyDrive/AISC DeepFake Çalışmaları/Deneyler/Kader/Deney 1/Göz/eye_roi_output/real/train/combined/real_train/real_train_00480__face_00.jpg,4852,1786020111000000000,a631499a4882cba847e3df8caf492a9d7fd604f84a00e30f9572eea3893d6c82
/content/drive/MyDrive/AISC DeepFake Çalışmaları/Deneyler/Kader/Deney 1/Göz/eye_roi_output/real/train/combined/real_train/real_train_00481__face_00.jpg,6078,1786020111000000000,b05d35f709735216ac15a13a4acd7e0bcf41ec966541a8e2d4bd4eb3261e7e2d
/content/drive/MyDrive/AISC DeepFake Çalışmaları/Deneyler/Kader/Deney 1/Göz/eye_roi_output/real/train/combined/real_train/real_train_00482__face_00.jpg,6020,1786020112000000000,d632ca3e06dfb8926bce90d8e468800f8989bd72e1185202a9e0b40af514d86b
/content/drive/MyDrive/AISC DeepFake Çalışmaları/Deneyler/Kader/Deney 1/Göz/eye_roi_output/real/train/combined/real_train/real_train_00483__face_00.jpg,5690,1786020112000000000,4ace84701f5c3ce95be730aa68021bb3a8018a233b58949e7f1df7a9b4def363
/content/drive/MyDrive/AISC DeepFake Çalışmaları/Deneyler/Kader/Deney 1/Göz/eye_roi_output/real/train/combined/real_train/real_train_00484__face_00.jpg,4575,1786020113000000000,f80a2c219185def8c5fb1eaed23b73c0d096266b6f98327ffc0e549b7a9bed87
/content/drive/MyDrive/AISC DeepFake Çalışmaları/Deneyler/Kader/Deney 1/Göz/eye_roi_output/real/train/combined/real_train/real_train_00485__face_00.jpg,5349,1786020113000000000,d1812ac1970dc8444e319846ddc8b8f0eebd3618b170d9cef3b1e4d409cce8d6
/content/drive/MyDrive/AISC DeepFake Çalışmaları/Deneyler/Kader/Deney 1/Göz/eye_roi_output/real/train/combined/real_train/real_train_00485__face_01.jpg,6264,1786020113000000000,53fb4a809efd6ec169b7f276ea0fabbbc790490c44b11eca4cfac0f4804f60a2
/content/drive/MyDrive/AISC DeepFake Çalışmaları/Deneyler/Kader/Deney 1/Göz/eye_roi_output/real/train/combined/real_train/real_train_00486__face_00.jpg,5177,1786020114000000000,ac0e8f1a51233f6cf1e6ab0adeb937bdeccbd5a98920beb96b91ca8c3b2e09dd
/content/drive/MyDrive/AISC DeepFake Çalışmaları/Deneyler/Kader/Deney 1/Göz/eye_roi_output/real/train/combined/real_train/real_train_00487__face_00.jpg,4388,1786020114000000000,f3dff58be96cb053ea7b52dd1765dba873afd2b68f143ea36094f1fc76e3b35d
/content/drive/MyDrive/AISC DeepFake Çalışmaları/Deneyler/Kader/Deney 1/Göz/eye_roi_output/real/train/combined/real_train/real_train_00487__face_01.jpg,3853,1786020114000000000,7cbe894ea7a45262b930fff7bcd2e87f850f95ec8b5de295f7573504431b5da8
/content/drive/MyDrive/AISC DeepFake Çalışmaları/Deneyler/Kader/Deney 1/Göz/eye_roi_output/real/train/combined/real_train/real_train_00487__face_02.jpg,4925,1786020114000000000,b1269f265180ce2feff7b147bfd25ccdac9c4e4c200559c6abdbeab3542112b1
/content/drive/MyDrive/AISC DeepFake Çalışmaları/Deneyler/Kader/Deney 1/Göz/eye_roi_output/real/train/combined/real_train/real_train_00488__face_00.jpg,5715,1786020115000000000,a02da678dc593c2416768712d189c0244876918bfc9ca89781af082266e5f8bc
/content/drive/MyDrive/AISC DeepFake Çalışmaları/Deneyler/Kader/Deney 1/Göz/eye_roi_output/real/train/combined/real_train/real_train_00489__face_00.jpg,5053,1786020116000000000,3aeb9ee5d792f23670b9021d3616525a263f32487c0421ae1252bc1e35c75cbb
/content/drive/MyDrive/AISC DeepFake Çalışmaları/Deneyler/Kader/Deney 1/Göz/eye_roi_output/real/train/combined/real_train/real_train_00490__face_00.jpg,5291,1786020116000000000,9e3158f55760329fc5bca5ea6203cfa218b83a0e9a65c1bb8b30f5d86a2c212b
/content/drive/MyDrive/AISC DeepFake Çalışmaları/Deneyler/Kader/Deney 1/Göz/eye_roi_output/real/train/combined/real_train/real_train_00491__face_00.jpg,4920,1786020117000000000,5256ad97607fe74d746d450e9938cffeb92c5724fe9495f00c5b52c28a164909
/content/drive/MyDrive/AISC DeepFake Çalışmaları/Deneyler/Kader/Deney 1/Göz/eye_roi_output/real/train/combined/real_train/real_train_00492__face_00.jpg,5930,1786020117000000000,3a039b5f2df9ba7df54e280bb6d47eec28efb153d582e9bd185305d34d9a6c4c
/content/drive/MyDrive/AISC DeepFake Çalışmaları/Deneyler/Kader/Deney 1/Göz/eye_roi_output/real/train/combined/real_train/real_train_00493__face_00.jpg,4867,1786020118000000000,e5d7c519e37702f726eb635063f46f2d62cd9cee66be778fafef62a53c3ac979
/content/drive/MyDrive/AISC DeepFake Çalışmaları/Deneyler/Kader/Deney 1/Göz/eye_roi_output/real/train/combined/real_train/real_train_00494__face_00.jpg,4970,1786020118000000000,3e95e58dab4d5c864b0413f22b24f5b615badb3e91dfff5a642094620ddf996d
/content/drive/MyDrive/AISC DeepFake Çalışmaları/Deneyler/Kader/Deney 1/Göz/eye_roi_output/real/train/combined/real_train/real_train_00495__face_00.jpg,5058,1786020119000000000,d8dbc01c804ecd506912905c87b8acca3f9229d2353fd2b2bff01c44d03a153d
/content/drive/MyDrive/AISC DeepFake Çalışmaları/Deneyler/Kader/Deney 1/Göz/eye_roi_output/real/train/combined/real_train/real_train_00496__face_00.jpg,5641,1786020120000000000,940ee5e110208536b5d62234e05193656d1fa29bfe0264f9ef728b00536ec1f5
/content/drive/MyDrive/AISC DeepFake Çalışmaları/Deneyler/Kader/Deney 1/Göz/eye_roi_output/real/train/combined/real_train/real_train_00497__face_00.jpg,5276,1786020120000000000,e3b45859ffbecbeba3e42d8dc0be94a95511a5d29a4159c3406931f9802a2f8d
/content/drive/MyDrive/AISC DeepFake Çalışmaları/Deneyler/Kader/Deney 1/Göz/eye_roi_output/real/train/combined/real_train/real_train_00498__face_00.jpg,4682,1786020121000000000,2686bb5dcae7e3fa6014098e3aec411f29d242b2c5b38c8f78ba42125199d5ba
/content/drive/MyDrive/AISC DeepFake Çalışmaları/Deneyler/Kader/Deney 1/Göz/eye_roi_output/real/train/combined/real_train/real_train_00499__face_00.jpg,5630,1786020121000000000,9796a828b4e6d115776b81a8ba65ffe910d0c3da1de6c85a747928170216f40d
/content/drive/MyDrive/AISC DeepFake Çalışmaları/Deneyler/Kader/Deney 1/Göz/eye_roi_output/real/train/combined/real_train/real_train_00500__face_00.jpg,4911,1786020121000000000,8ab7adbc06ea916596ddc4c03a2cd3b494d626150d9ca6f2df73b6966bed0bf9
/content/drive/MyDrive/AISC DeepFake Çalışmaları/Deneyler/Kader/Deney 1/Göz/eye_roi_output/real/train/combined/real_train/real_train_00501__face_00.jpg,4471,1786020122000000000,c57e3cf1fc0756f5d187e1614cc848bd03c281fc7a5c32d9900c68ceb447cf1f
/content/drive/MyDrive/AISC DeepFake Çalışmaları/Deneyler/Kader/Deney 1/Göz/eye_roi_output/real/train/combined/real_train/real_train_00502__face_00.jpg,4976,1786020122000000000,fe807d23d1de1ac8c45e25f2020b6e5302c5f5d3e36a118d2e120419d561c83a
/content/drive/MyDrive/AISC DeepFake Çalışmaları/Deneyler/Kader/Deney 1/Göz/eye_roi_output/real/train/combined/real_train/real_train_00503__face_00.jpg,4631,1786020123000000000,a590c20d1a92c488f097ed5a8086b6b2c6af512c27665dcb2c4da550f7529f2a
/content/drive/MyDrive/AISC DeepFake Çalışmaları/Deneyler/Kader/Deney 1/Göz/eye_roi_output/real/train/combined/real_train/real_train_00504__face_00.jpg,5315,1786020124000000000,54b5d4d9115c27a16bc7026c07ffaf4d08639260fe77d59c6b4d8d094390cec4
/content/drive/MyDrive/AISC DeepFake Çalışmaları/Deneyler/Kader/Deney 1/Göz/eye_roi_output/real/train/combined/real_train/real_train_00505__face_00.jpg,4424,1786020124000000000,0df2f3723375f2110bb94c8e61c330ff84e988a36ea24c0d38c43cfb982c9501
/content/drive/MyDrive/AISC DeepFake Çalışmaları/Deneyler/Kader/Deney 1/Göz/eye_roi_output/real/train/combined/real_train/real_train_00506__face_00.jpg,5248,1786020125000000000,d6f395ac9f5e8e8e401ca4927e6ed8324e1ea30ec5585fd2a9721da2e5688e23
/content/drive/MyDrive/AISC DeepFake Çalışmaları/Deneyler/Kader/Deney 1/Göz/eye_roi_output/real/train/combined/real_train/real_train_00507__face_00.jpg,4886,1786020125000000000,4fa309d83247babe5cbfc5444f0f5274ffc1340cded2e81750dd834794f698dc
/content/drive/MyDrive/AISC DeepFake Çalışmaları/Deneyler/Kader/Deney 1/Göz/eye_roi_output/real/train/combined/real_train/real_train_00508__face_00.jpg,5047,1786020125000000000,c27a1e1a04b43e24e13067a8cad6a6ee68d11b642628dc824b686a1f999693f8
/content/drive/MyDrive/AISC DeepFake Çalışmaları/Deneyler/Kader/Deney 1/Göz/eye_roi_output/real/train/combined/real_train/real_train_00509__face_00.jpg,5053,1786020126000000000,83a29f4aac6e1383c73193b03d0c0d810c1ad24516d71a203092706a6d351ac1
/content/drive/MyDrive/AISC DeepFake Çalışmaları/Deneyler/Kader/Deney 1/Göz/eye_roi_output/real/train/combined/real_train/real_train_00510__face_00.jpg,5264,1786020126000000000,329fee07c9f4b177bba24e82c6ef211acffc3f8c41cd150ffb4d032c62362f4f
/content/drive/MyDrive/AISC DeepFake Çalışmaları/Deneyler/Kader/Deney 1/Göz/eye_roi_output/real/train/combined/real_train/real_train_00511__face_00.jpg,6044,1786020127000000000,b09e2d5be51f2242f5982ca6b3b30cb0ed2b5be7d0f35d69c20d0039b9563fdd
/content/drive/MyDrive/AISC DeepFake Çalışmaları/Deneyler/Kader/Deney 1/Göz/eye_roi_output/real/train/combined/real_train/real_train_00512__face_00.jpg,5776,1786020127000000000,64ed556379597de7db266e978a1a14ba058bd2dc8d2e8232f33108f771e1d859
/content/drive/MyDrive/AISC DeepFake Çalışmaları/Deneyler/Kader/Deney 1/Göz/eye_roi_output/real/train/combined/real_train/real_train_00513__face_00.jpg,6014,1786020128000000000,b4423cd7feb607ed276518085c95c06bf8dd8176573e0e69e2158fe7f36553c8
/content/drive/MyDrive/AISC DeepFake Çalışmaları/Deneyler/Kader/Deney 1/Göz/eye_roi_output/real/train/combined/real_train/real_train_00514__face_00.jpg,5721,1786020128000000000,6d2f59f7ebcfa478e01982ac42143d203eff4e7f85e92676f9b05db70b812572
/content/drive/MyDrive/AISC DeepFake Çalışmaları/Deneyler/Kader/Deney 1/Göz/eye_roi_output/real/train/combined/real_train/real_train_00515__face_00.jpg,5521,1786020129000000000,9b48a353018433eadfa0ee86d179c98b097055f417e2608751e00b19edc1e472
/content/drive/MyDrive/AISC DeepFake Çalışmaları/Deneyler/Kader/Deney 1/Göz/eye_roi_output/real/train/combined/real_train/real_train_00516__face_00.jpg,5276,1786020129000000000,40e3450ecc4afcd679f360b78b6b550795e78418293bfac8bdeea57999716c69
/content/drive/MyDrive/AISC DeepFake Çalışmaları/Deneyler/Kader/Deney 1/Göz/eye_roi_output/real/train/combined/real_train/real_train_00517__face_00.jpg,4842,1786020130000000000,a8a71931f657f629d710b80b518b60b4ed05384c6f5205af0c10a3e7a2ffc04f
/content/drive/MyDrive/AISC DeepFake Çalışmaları/Deneyler/Kader/Deney 1/Göz/eye_roi_output/real/train/combined/real_train/real_train_00518__face_00.jpg,5523,1786020130000000000,3a226421d3f28c56b7923dd2e628ae3ab876a771a46f6216659fc0457f3c85c4
/content/drive/MyDrive/AISC DeepFake Çalışmaları/Deneyler/Kader/Deney 1/Göz/eye_roi_output/real/train/combined/real_train/real_train_00519__face_00.jpg,5863,1786020131000000000,c7446d4298ad912bcf65e57af052fd37892cbee88266720d05c3d11c6868767f
/content/drive/MyDrive/AISC DeepFake Çalışmaları/Deneyler/Kader/Deney 1/Göz/eye_roi_output/real/train/combined/real_train/real_train_00520__face_00.jpg,4868,1786020132000000000,bdfa353a210f58fc932a4cc68374e38288afae08b5dda2acdc3ba413212da08b
/content/drive/MyDrive/AISC DeepFake Çalışmaları/Deneyler/Kader/Deney 1/Göz/eye_roi_output/real/train/combined/real_train/real_train_00521__face_00.jpg,5337,1786020132000000000,badbf86c8c5c2ec439d84334923e4c6c76e97976fc9f355ba953abd01e7ef830
/content/drive/MyDrive/AISC DeepFake Çalışmaları/Deneyler/Kader/Deney 1/Göz/eye_roi_output/real/train/combined/real_train/real_train_00522__face_00.jpg,4953,1786020133000000000,cd8e89e10952381bf1746d64beefeaae7f0b7afa938f8f2862f2b9e255aa8795
/content/drive/MyDrive/AISC DeepFake Çalışmaları/Deneyler/Kader/Deney 1/Göz/eye_roi_output/real/train/combined/real_train/real_train_00523__face_00.jpg,4977,1786020133000000000,61de1423fdf548abec3136d4f3c3eb1acb9f15fdaa22d943d30228b19c469e7b
/content/drive/MyDrive/AISC DeepFake Çalışmaları/Deneyler/Kader/Deney 1/Göz/eye_roi_output/real/train/combined/real_train/real_train_00524__face_00.jpg,5339,1786020134000000000,9521b602f02337dbd1519832c5a8c856606a6094751bf8c6e7af2e58d8ff8bf1
/content/drive/MyDrive/AISC DeepFake Çalışmaları/Deneyler/Kader/Deney 1/Göz/eye_roi_output/real/train/combined/real_train/real_train_00525__face_00.jpg,5005,1786020134000000000,00304180de7dfa7660b18c6098647f81846524f8dd351c6ef37430aad79cabd0
/content/drive/MyDrive/AISC DeepFake Çalışmaları/Deneyler/Kader/Deney 1/Göz/eye_roi_output/real/train/combined/real_train/real_train_00526__face_00.jpg,5389,1786020134000000000,8dc62f3e7e3f2f49048646f982ccbd824a6edd21d519c7f2c276a4566efad061
/content/drive/MyDrive/AISC DeepFake Çalışmaları/Deneyler/Kader/Deney 1/Göz/eye_roi_output/real/train/combined/real_train/real_train_00527__face_00.jpg,4980,1786020135000000000,7a35f8cbf4290434de84095e2cf20cc21b268482c0dfc16d7af76981b5ba6dca
/content/drive/MyDrive/AISC DeepFake Çalışmaları/Deneyler/Kader/Deney 1/Göz/eye_roi_output/real/train/combined/real_train/real_train_00528__face_00.jpg,5974,1786020135000000000,c0ee6a6e94b986a0afc7d660903516683256e2c489b61f4951e61ce1a3b1db0d
/content/drive/MyDrive/AISC DeepFake Çalışmaları/Deneyler/Kader/Deney 1/Göz/eye_roi_output/real/train/combined/real_train/real_train_00529__face_00.jpg,6654,1786020136000000000,2e5bbe9fcc85555015ae8a9674c8668037bbc3924356111526b5c540f5d947de
/content/drive/MyDrive/AISC DeepFake Çalışmaları/Deneyler/Kader/Deney 1/Göz/eye_roi_output/real/train/combined/real_train/real_train_00530__face_00.jpg,5891,1786020136000000000,5a58e32383595bdb6a3cfa9d0ea6d6dbcd69d21592b4310b12c665a576223868
/content/drive/MyDrive/AISC DeepFake Çalışmaları/Deneyler/Kader/Deney 1/Göz/eye_roi_output/real/train/combined/real_train/real_train_00531__face_00.jpg,6099,1786020137000000000,468032180571e79ccbafff7eaba94d37902c8113dbd88ed39c54423b1dc4b408
/content/drive/MyDrive/AISC DeepFake Çalışmaları/Deneyler/Kader/Deney 1/Göz/eye_roi_output/real/train/combined/real_train/real_train_00532__face_00.jpg,5455,1786020137000000000,5341404e42a84c19af58a54f29aae3e273e34a4cabc5998e05f54c5514816490
/content/drive/MyDrive/AISC DeepFake Çalışmaları/Deneyler/Kader/Deney 1/Göz/eye_roi_output/real/train/combined/real_train/real_train_00533__face_00.jpg,5630,1786020138000000000,109770373b0fbb8e3d5589aaa34575ee58982e99e5b9be69adde9e425b3939e7
/content/drive/MyDrive/AISC DeepFake Çalışmaları/Deneyler/Kader/Deney 1/Göz/eye_roi_output/real/train/combined/real_train/real_train_00534__face_00.jpg,5837,1786020138000000000,0bc31e8996da7125e563f65cc1b086a23fff07b8cfb834b2e6c6fd5eb85e216c
/content/drive/MyDrive/AISC DeepFake Çalışmaları/Deneyler/Kader/Deney 1/Göz/eye_roi_output/real/train/combined/real_train/real_train_00535__face_00.jpg,5641,1786020139000000000,4833b4c1a946a3f7616f5f504b765f03712d5eb2dc9b189e14abf139dace9d18
/content/drive/MyDrive/AISC DeepFake Çalışmaları/Deneyler/Kader/Deney 1/Göz/eye_roi_output/real/train/combined/real_train/real_train_00536__face_00.jpg,5244,1786020139000000000,c8ac76ce80de5f486368be77ab5484ba3df192189559eb1ced6a8dcdb7cdf5e6
/content/drive/MyDrive/AISC DeepFake Çalışmaları/Deneyler/Kader/Deney 1/Göz/eye_roi_output/real/train/combined/real_train/real_train_00537__face_00.jpg,4248,1786020140000000000,0d33fd70e08df85c202f5a9907f3de960f6bf2c9092ec09e7ff8ba79d2619734
/content/drive/MyDrive/AISC DeepFake Çalışmaları/Deneyler/Kader/Deney 1/Göz/eye_roi_output/real/train/combined/real_train/real_train_00538__face_00.jpg,5332,1786020140000000000,45a901cf676f15c317d8cfed09f33f34beb18d5fd6197f61fc08ce40f918bc4c
/content/drive/MyDrive/AISC DeepFake Çalışmaları/Deneyler/Kader/Deney 1/Göz/eye_roi_output/real/train/combined/real_train/real_train_00539__face_00.jpg,3964,1786020141000000000,224b8e04b5fb7b11eeb9f7f7f57e97b67480ff8a0c9b58a7689ff56a3bd9728c
/content/drive/MyDrive/AISC DeepFake Çalışmaları/Deneyler/Kader/Deney 1/Göz/eye_roi_output/real/train/combined/real_train/real_train_00540__face_00.jpg,5160,1786020141000000000,2b73a10f29522f359ca9f6bea1fe83963596f1fbcad02c93946d4caaa1c385de
/content/drive/MyDrive/AISC DeepFake Çalışmaları/Deneyler/Kader/Deney 1/Göz/eye_roi_output/real/train/combined/real_train/real_train_00541__face_00.jpg,5079,1786020142000000000,e1212c64935aaac10851c48253219a5c8cee31f08aaad83c10b3eeede49c1e3d
/content/drive/MyDrive/AISC DeepFake Çalışmaları/Deneyler/Kader/Deney 1/Göz/eye_roi_output/real/train/combined/real_train/real_train_00542__face_00.jpg,5873,1786020142000000000,91d86e29abb3d6494bea9ee8feb509f4e3dbf99dee54231dd06517b294d1a027
/content/drive/MyDrive/AISC DeepFake Çalışmaları/Deneyler/Kader/Deney 1/Göz/eye_roi_output/real/train/combined/real_train/real_train_00543__face_00.jpg,4974,1786020143000000000,3e4b7019cc624075d778b378f9f8e69601e23c62420247b117c3183fa22cb4d3
/content/drive/MyDrive/AISC DeepFake Çalışmaları/Deneyler/Kader/Deney 1/Göz/eye_roi_output/real/train/combined/real_train/real_train_00544__face_00.jpg,4894,1786020143000000000,02bde7de2830acb797512c93d644a7759b5bcdf8999560885349862d005a5684
/content/drive/MyDrive/AISC DeepFake Çalışmaları/Deneyler/Kader/Deney 1/Göz/eye_roi_output/real/train/combined/real_train/real_train_00545__face_00.jpg,5512,1786020144000000000,4fac2af5327469a0e8e9ff765125879e257aaceb22d37751c4a84068d35da10e
/content/drive/MyDrive/AISC DeepFake Çalışmaları/Deneyler/Kader/Deney 1/Göz/eye_roi_output/real/train/combined/real_train/real_train_00546__face_00.jpg,5105,1786020145000000000,9dec17a5f20e1cec98d7fa2dac60f6ad5abe090d7c9b507b4731020a47da33ea
/content/drive/MyDrive/AISC DeepFake Çalışmaları/Deneyler/Kader/Deney 1/Göz/eye_roi_output/real/train/combined/real_train/real_train_00547__face_00.jpg,6694,1786020145000000000,68ab06572901285b716d10f0cb4ed9ed4aebc313c4996bd1907ebba96693ad91
/content/drive/MyDrive/AISC DeepFake Çalışmaları/Deneyler/Kader/Deney 1/Göz/eye_roi_output/real/train/combined/real_train/real_train_00548__face_00.jpg,5368,1786020146000000000,e8ea3cea6a8d17ff7d3763859360255dc5317de0bab192feff0ad2968ad7c63e
/content/drive/MyDrive/AISC DeepFake Çalışmaları/Deneyler/Kader/Deney 1/Göz/eye_roi_output/real/train/combined/real_train/real_train_00549__face_00.jpg,4929,1786020146000000000,606d87a72e5fc50883a20a69f1d91b3a82726836ecc01aa7bced2ef7f0d37fcb
/content/drive/MyDrive/AISC DeepFake Çalışmaları/Deneyler/Kader/Deney 1/Göz/eye_roi_output/real/train/combined/real_train/real_train_00550__face_00.jpg,6911,1786020147000000000,c01292816d890cc652c7d26568c84798f11e8a79829858c63ad42affdacc18a4
/content/drive/MyDrive/AISC DeepFake Çalışmaları/Deneyler/Kader/Deney 1/Göz/eye_roi_output/real/train/combined/real_train/real_train_00551__face_00.jpg,4647,1786020147000000000,1cb710c7f29007025e390ddf79fafc551f60541fbe693f349d154b6d9e64809a
/content/drive/MyDrive/AISC DeepFake Çalışmaları/Deneyler/Kader/Deney 1/Göz/eye_roi_output/real/train/combined/real_train/real_train_00552__face_00.jpg,5230,1786020148000000000,c776176dbe5f5f7bf0c6df58282a5ec68e3303cee12e098714b6762caede7337
/content/drive/MyDrive/AISC DeepFake Çalışmaları/Deneyler/Kader/Deney 1/Göz/eye_roi_output/real/train/combined/real_train/real_train_00553__face_00.jpg,5053,1786020148000000000,8e0bae8807e11322b74f70e82b5bb3722b7a224d0a3a3b4367389890665008d4
/content/drive/MyDrive/AISC DeepFake Çalışmaları/Deneyler/Kader/Deney 1/Göz/eye_roi_output/real/train/combined/real_train/real_train_00554__face_00.jpg,5770,1786020149000000000,056f8faa9600954492ac282f7ba02558474918bdaaa7cc89e2b68fc3be1e846a
/content/drive/MyDrive/AISC DeepFake Çalışmaları/Deneyler/Kader/Deney 1/Göz/eye_roi_output/real/train/combined/real_train/real_train_00555__face_00.jpg,5683,1786020149000000000,4397d09804951f46b57252bfb9e803768ba3b5fc5bc9e5c3821ea160da616bcf
/content/drive/MyDrive/AISC DeepFake Çalışmaları/Deneyler/Kader/Deney 1/Göz/eye_roi_output/real/train/combined/real_train/real_train_00556__face_00.jpg,5734,1786020149000000000,769283016c2b03e5885424b5c4d744ffc4edac715adc7e812cae030ed8e872f7
/content/drive/MyDrive/AISC DeepFake Çalışmaları/Deneyler/Kader/Deney 1/Göz/eye_roi_output/real/train/combined/real_train/real_train_00557__face_00.jpg,5168,1786020150000000000,792e09c04cc04594ebc9eb219a59ae0d300ec8931f652984b1b419fc1bd31b4a
/content/drive/MyDrive/AISC DeepFake Çalışmaları/Deneyler/Kader/Deney 1/Göz/eye_roi_output/real/train/combined/real_train/real_train_00557__face_01.jpg,5090,1786020150000000000,3227118d1b9f5a3f01a147a7a3252d8da6115165ab551f84ce96716722a6730a
/content/drive/MyDrive/AISC DeepFake Çalışmaları/Deneyler/Kader/Deney 1/Göz/eye_roi_output/real/train/combined/real_train/real_train_00558__face_00.jpg,4808,1786020151000000000,e9931442bc20df14227aa75e11ff9f056848900bb2715b4830c5a40bb6238b2b
/content/drive/MyDrive/AISC DeepFake Çalışmaları/Deneyler/Kader/Deney 1/Göz/eye_roi_output/real/train/combined/real_train/real_train_00559__face_00.jpg,4805,1786020152000000000,7240f57dcb3d11a41739600218128ef51cb3b98fe4a6ba979ad773e83e4e49a4
/content/drive/MyDrive/AISC DeepFake Çalışmaları/Deneyler/Kader/Deney 1/Göz/eye_roi_output/real/train/combined/real_train/real_train_00560__face_00.jpg,6236,1786020152000000000,7ee77a5284831799edcc30b3bd6bd83d08a6dd255f76f42a200f62bf22f2043d
/content/drive/MyDrive/AISC DeepFake Çalışmaları/Deneyler/Kader/Deney 1/Göz/eye_roi_output/real/train/combined/real_train/real_train_00561__face_00.jpg,4951,1786020153000000000,2bd8802e69f8768551fa9b7e85138c1a58cf3a0c722a0bc616665bfb12275b55
/content/drive/MyDrive/AISC DeepFake Çalışmaları/Deneyler/Kader/Deney 1/Göz/eye_roi_output/real/train/combined/real_train/real_train_00562__face_00.jpg,5224,1786020153000000000,61dba9fd6138e2fdbfa7fb999ecd9b726d00908e647d39b1404f4c3859956a77
/content/drive/MyDrive/AISC DeepFake Çalışmaları/Deneyler/Kader/Deney 1/Göz/eye_roi_output/real/train/combined/real_train/real_train_00563__face_00.jpg,5984,1786020154000000000,08f97939dea4c984848f0d54e94cdf6ec951b0c64f178eed78e4dafbcac64acc
/content/drive/MyDrive/AISC DeepFake Çalışmaları/Deneyler/Kader/Deney 1/Göz/eye_roi_output/real/train/combined/real_train/real_train_00565__face_00.jpg,5478,1786020154000000000,761bd07754cb4852adc0870a4ed93207d9125e18034e9138ee0ef521734a38db
/content/drive/MyDrive/AISC DeepFake Çalışmaları/Deneyler/Kader/Deney 1/Göz/eye_roi_output/real/train/combined/real_train/real_train_00566__face_00.jpg,4991,1786020155000000000,669edb06a43888100c7ae4fdad7c56a432d116b08f74f8a220321f2b66cbbe4e
/content/drive/MyDrive/AISC DeepFake Çalışmaları/Deneyler/Kader/Deney 1/Göz/eye_roi_output/real/train/combined/real_train/real_train_00567__face_00.jpg,4381,1786020155000000000,3ed8e740c1e4b5b0e3daf41048d3b45820242cfe653124281503181f3d2e0a09
/content/drive/MyDrive/AISC DeepFake Çalışmaları/Deneyler/Kader/Deney 1/Göz/eye_roi_output/real/train/combined/real_train/real_train_00568__face_00.jpg,4771,1786020156000000000,ffef59aeb1f8c70375275fb94e321bda99a580915b6d919a01fe367f0c08eb99
/content/drive/MyDrive/AISC DeepFake Çalışmaları/Deneyler/Kader/Deney 1/Göz/eye_roi_output/real/train/combined/real_train/real_train_00569__face_00.jpg,5159,1786020156000000000,85f6dd5a6b6ea83cf9bcaafdc5b6c5505ed0b784a60f4a7794d3934823a5c3e8
/content/drive/MyDrive/AISC DeepFake Çalışmaları/Deneyler/Kader/Deney 1/Göz/eye_roi_output/real/train/combined/real_train/real_train_00570__face_00.jpg,4940,1786020157000000000,f69908ac4ef6caa1aa993c17ddc136223852db5d744154b3051933dc6e000dbf
/content/drive/MyDrive/AISC DeepFake Çalışmaları/Deneyler/Kader/Deney 1/Göz/eye_roi_output/real/train/combined/real_train/real_train_00571__face_00.jpg,5373,1786020158000000000,2feb4a0d72d3ed5af1cf432568ec247785ed288748d2d43963c82d8a4578ce25
/content/drive/MyDrive/AISC DeepFake Çalışmaları/Deneyler/Kader/Deney 1/Göz/eye_roi_output/real/train/combined/real_train/real_train_00572__face_00.jpg,4854,1786020158000000000,53a93349c9567a06b39df0b3f83e0267161f52a96bb27807e61368ea5d55a93f
/content/drive/MyDrive/AISC DeepFake Çalışmaları/Deneyler/Kader/Deney 1/Göz/eye_roi_output/real/train/combined/real_train/real_train_00573__face_00.jpg,5201,1786020159000000000,464d15fd5448168fe41dfdc96e8f5a7defadc8b3f8270ba35b7a338e2190cdae
/content/drive/MyDrive/AISC DeepFake Çalışmaları/Deneyler/Kader/Deney 1/Göz/eye_roi_output/real/train/combined/real_train/real_train_00574__face_00.jpg,5184,1786020159000000000,88415d10d18710ab7e9105fa79a53d5e4e9f15e2846b3555b1ac5e872582d685
/content/drive/MyDrive/AISC DeepFake Çalışmaları/Deneyler/Kader/Deney 1/Göz/eye_roi_output/real/train/combined/real_train/real_train_00575__face_00.jpg,4693,1786020160000000000,26d112688c4fa36b5d9d99c05a70b75ad7ca369684656551bff280ca16546cc2
/content/drive/MyDrive/AISC DeepFake Çalışmaları/Deneyler/Kader/Deney 1/Göz/eye_roi_output/real/train/combined/real_train/real_train_00576__face_00.jpg,6141,1786020160000000000,ca2635553ec35d56a8a0a7311c8c1ada3db14775bb420c051ed1aec8ef298a3f
/content/drive/MyDrive/AISC DeepFake Çalışmaları/Deneyler/Kader/Deney 1/Göz/eye_roi_output/real/train/combined/real_train/real_train_00577__face_00.jpg,5317,1786020161000000000,588afef3316e4c86584f47b8a26fe64afa5f9550439c4cc8b19f73c3e646b502
/content/drive/MyDrive/AISC DeepFake Çalışmaları/Deneyler/Kader/Deney 1/Göz/eye_roi_output/real/train/combined/real_train/real_train_00578__face_00.jpg,5399,1786020161000000000,815df9b48ba64f1b5dafdd249315cbdb0c1b39db9ed6228eaf50637145df4047
/content/drive/MyDrive/AISC DeepFake Çalışmaları/Deneyler/Kader/Deney 1/Göz/eye_roi_output/real/train/combined/real_train/real_train_00579__face_00.jpg,6225,1786020161000000000,5989156f2e1f78b7842ed2faa69f7490932687037eb389760b4324196996fd87
/content/drive/MyDrive/AISC DeepFake Çalışmaları/Deneyler/Kader/Deney 1/Göz/eye_roi_output/real/train/combined/real_train/real_train_00580__face_00.jpg,5049,1786020162000000000,1f41da5714912a988d2c4bc550e8ea46676e02388237457eab744cc39be67a01
/content/drive/MyDrive/AISC DeepFake Çalışmaları/Deneyler/Kader/Deney 1/Göz/eye_roi_output/real/train/combined/real_train/real_train_00581__face_00.jpg,5526,1786020162000000000,bcceec800d6723c651895ed50e943a8cff9eea3c66c1bc276b1082515fb2917f
/content/drive/MyDrive/AISC DeepFake Çalışmaları/Deneyler/Kader/Deney 1/Göz/eye_roi_output/real/train/combined/real_train/real_train_00582__face_00.jpg,4555,1786020163000000000,380237fbcfc5a0f45c9fd196bd11139c316199819383923a3d0acece8d328355
/content/drive/MyDrive/AISC DeepFake Çalışmaları/Deneyler/Kader/Deney 1/Göz/eye_roi_output/real/train/combined/real_train/real_train_00583__face_00.jpg,4720,1786020163000000000,24a59c6f6919f6c2df8be9fee82fdcb27cc95686c4fd9257abdb1592691fddb0
/content/drive/MyDrive/AISC DeepFake Çalışmaları/Deneyler/Kader/Deney 1/Göz/eye_roi_output/real/train/combined/real_train/real_train_00584__face_00.jpg,4452,1786020164000000000,dc13d9600f293ce83964ca29a41121d885f3df9520ed7f191efb45afe9e2f888
/content/drive/MyDrive/AISC DeepFake Çalışmaları/Deneyler/Kader/Deney 1/Göz/eye_roi_output/real/train/combined/real_train/real_train_00585__face_00.jpg,5340,1786020164000000000,a2633317677500faed71a31b5926196f52b4ea0b127a34d7a531040043248f86
/content/drive/MyDrive/AISC DeepFake Çalışmaları/Deneyler/Kader/Deney 1/Göz/eye_roi_output/real/train/combined/real_train/real_train_00586__face_00.jpg,4728,1786020165000000000,117a7821e3fc6b43591e69033afb579cb61bf94a09c549999a5d380d125d939b
/content/drive/MyDrive/AISC DeepFake Çalışmaları/Deneyler/Kader/Deney 1/Göz/eye_roi_output/real/train/combined/real_train/real_train_00587__face_00.jpg,5885,1786020165000000000,bc4021d33fd8e0c2014f55cfa8d19b37f5534c3e1629409c665d02d61ee3abf3
/content/drive/MyDrive/AISC DeepFake Çalışmaları/Deneyler/Kader/Deney 1/Göz/eye_roi_output/real/train/combined/real_train/real_train_00588__face_00.jpg,5004,1786020166000000000,596b7cab986abd45d9578df7ae6a86f279378b0354ddf5391d4d50c14f642ea7
/content/drive/MyDrive/AISC DeepFake Çalışmaları/Deneyler/Kader/Deney 1/Göz/eye_roi_output/real/train/combined/real_train/real_train_00589__face_00.jpg,5018,1786020166000000000,246d03e441680cbe9d6eb5f0d82dcbbd96da52c28792589281aaf0f222a482aa
/content/drive/MyDrive/AISC DeepFake Çalışmaları/Deneyler/Kader/Deney 1/Göz/eye_roi_output/real/train/combined/real_train/real_train_00590__face_00.jpg,5303,1786020167000000000,af7abff77a873df05c3125500480120dd9519d2bc9a919018b32c028730ee3fb
/content/drive/MyDrive/AISC DeepFake Çalışmaları/Deneyler/Kader/Deney 1/Göz/eye_roi_output/real/train/combined/real_train/real_train_00591__face_00.jpg,5638,1786020167000000000,896fcc65d5e00e03e9413284fafd3adff6d5ad9e14ce51012e774dc3e9e4a9e1
/content/drive/MyDrive/AISC DeepFake Çalışmaları/Deneyler/Kader/Deney 1/Göz/eye_roi_output/real/train/combined/real_train/real_train_00592__face_00.jpg,4932,1786020167000000000,8255eab0f4b85c310a0dbc1ac35c906c28f5d76a658b2280df112abe815fff99
/content/drive/MyDrive/AISC DeepFake Çalışmaları/Deneyler/Kader/Deney 1/Göz/eye_roi_output/real/train/combined/real_train/real_train_00594__face_00.jpg,4586,1786020169000000000,9cce8ce24325d2ccdf98559ea00457493816d555ef0731eb70b94fce616802a1
/content/drive/MyDrive/AISC DeepFake Çalışmaları/Deneyler/Kader/Deney 1/Göz/eye_roi_output/real/train/combined/real_train/real_train_00595__face_00.jpg,5328,1786020170000000000,425a4cdd80b4e55d681c09c3c119fc53e523d88db08c0d50fcac07de7df82743
/content/drive/MyDrive/AISC DeepFake Çalışmaları/Deneyler/Kader/Deney 1/Göz/eye_roi_output/real/train/combined/real_train/real_train_00596__face_00.jpg,4709,1786020170000000000,43b459f6e021916cbc63864fab9bf9ce3d3272d4fca9105afce6bf91b90651b6
/content/drive/MyDrive/AISC DeepFake Çalışmaları/Deneyler/Kader/Deney 1/Göz/eye_roi_output/real/train/combined/real_train/real_train_00597__face_00.jpg,4525,1786020171000000000,420511037d476530e9b65115006dc2f6187498fefa79bb5d292fb432993753c1
/content/drive/MyDrive/AISC DeepFake Çalışmaları/Deneyler/Kader/Deney 1/Göz/eye_roi_output/real/train/combined/real_train/real_train_00598__face_00.jpg,5038,1786020171000000000,e60c37048d01d448fe85e5e7ded15d7af634fd11ebfa5ca12b79448e086d608d
/content/drive/MyDrive/AISC DeepFake Çalışmaları/Deneyler/Kader/Deney 1/Göz/eye_roi_output/real/train/combined/real_train/real_train_00599__face_00.jpg,3748,1786020171000000000,9649504c71d39b60a9f039f3b4b42bb85a094b3b2c9c59ed2a8cabb82d38684e
/content/drive/MyDrive/AISC DeepFake Çalışmaları/Deneyler/Kader/Deney 1/Göz/eye_roi_output/real/train/combined/real_train/real_train_00600__face_00.jpg,4709,1786020172000000000,a2d3af271aed86b374b229beabd6b758c14da8a9fc8da10600e1ec5f30476921
/content/drive/MyDrive/AISC DeepFake Çalışmaları/Deneyler/Kader/Deney 1/Göz/eye_roi_output/real/train/combined/real_train/real_train_00601__face_00.jpg,6679,1786020172000000000,6b01ab1a96bb9c42b63ab5a56ff0be03fabf67fa99974200ff796cc703856a0f
/content/drive/MyDrive/AISC DeepFake Çalışmaları/Deneyler/Kader/Deney 1/Göz/eye_roi_output/real/train/combined/real_train/real_train_00602__face_00.jpg,5525,1786020173000000000,ed019396348702d4bdacafb56440cfda51092943f4d91a9e069abc9490707483
/content/drive/MyDrive/AISC DeepFake Çalışmaları/Deneyler/Kader/Deney 1/Göz/eye_roi_output/real/train/combined/real_train/real_train_00603__face_00.jpg,4598,1786020174000000000,8ffd59fb80a9a9893867660bd695d12924c4cfa5a64bc4320d5a41db83e5a45f
/content/drive/MyDrive/AISC DeepFake Çalışmaları/Deneyler/Kader/Deney 1/Göz/eye_roi_output/real/train/combined/real_train/real_train_00604__face_00.jpg,5354,1786020174000000000,89d7283f6746a3962e48df03e71cad44430aff478bb323380b5f2f1b4e77ab75
/content/drive/MyDrive/AISC DeepFake Çalışmaları/Deneyler/Kader/Deney 1/Göz/eye_roi_output/real/train/combined/real_train/real_train_00605__face_00.jpg,5090,1786020174000000000,329f95b9603817098704afce557eb49466fdf54ee1e9ad8d9ef29552fd1a2eaf
/content/drive/MyDrive/AISC DeepFake Çalışmaları/Deneyler/Kader/Deney 1/Göz/eye_roi_output/real/train/combined/real_train/real_train_00606__face_00.jpg,5643,1786020175000000000,a66afe31d8283c934019c147362ff0258229403c885e5d61d19a78847227297c
/content/drive/MyDrive/AISC DeepFake Çalışmaları/Deneyler/Kader/Deney 1/Göz/eye_roi_output/real/train/combined/real_train/real_train_00607__face_00.jpg,4923,1786020175000000000,bffde963028a73b4f30e5a0c9953869dbe64958a5e3c306eb5cc72d923936909
/content/drive/MyDrive/AISC DeepFake Çalışmaları/Deneyler/Kader/Deney 1/Göz/eye_roi_output/real/train/combined/real_train/real_train_00608__face_00.jpg,4932,1786020177000000000,d1b6e7f95ae59be97c0bdb66314348fab445e5939bb9c80e4e1c5d37349298f7
/content/drive/MyDrive/AISC DeepFake Çalışmaları/Deneyler/Kader/Deney 1/Göz/eye_roi_output/real/train/combined/real_train/real_train_00609__face_00.jpg,5638,1786020177000000000,74d27f7071ce488281cb291d63e25e47244bbe5a50090ddda3b80233b80dafb5
/content/drive/MyDrive/AISC DeepFake Çalışmaları/Deneyler/Kader/Deney 1/Göz/eye_roi_output/real/train/combined/real_train/real_train_00610__face_00.jpg,5113,1786020177000000000,278a259be69b66bcd9381de3c102712ea37d28a60bc7699f18111267d2ba471d
/content/drive/MyDrive/AISC DeepFake Çalışmaları/Deneyler/Kader/Deney 1/Göz/eye_roi_output/real/train/combined/real_train/real_train_00611__face_00.jpg,5013,1786020178000000000,6400740ef12b64dbaf39729e646adf144e95203cccfb83ca7558e08be7b908c7
/content/drive/MyDrive/AISC DeepFake Çalışmaları/Deneyler/Kader/Deney 1/Göz/eye_roi_output/real/train/combined/real_train/real_train_00612__face_00.jpg,6567,1786020178000000000,807cb4053793160d5f8a2e359890176611dff97a5e0c280ea9e6c236062e9e44
/content/drive/MyDrive/AISC DeepFake Çalışmaları/Deneyler/Kader/Deney 1/Göz/eye_roi_output/real/train/combined/real_train/real_train_00613__face_00.jpg,4255,1786020179000000000,d57c460746752c14982990a86eac8b83530e40a88a7be18b3c496dacdc49751f
/content/drive/MyDrive/AISC DeepFake Çalışmaları/Deneyler/Kader/Deney 1/Göz/eye_roi_output/real/train/combined/real_train/real_train_00614__face_00.jpg,6318,1786020180000000000,f39c4b0fa237c9806ee09e92983f81a4493fb6e684291a80bcc190421ac9a394
/content/drive/MyDrive/AISC DeepFake Çalışmaları/Deneyler/Kader/Deney 1/Göz/eye_roi_output/real/train/combined/real_train/real_train_00615__face_00.jpg,5520,1786020180000000000,f1d3edd21ba162de747e82414496dc7c90893bbffac7c2e0bf5ba9cf2e823a5e
/content/drive/MyDrive/AISC DeepFake Çalışmaları/Deneyler/Kader/Deney 1/Göz/eye_roi_output/real/train/combined/real_train/real_train_00616__face_00.jpg,4499,1786020181000000000,47620a97a1e3e1ce349e1bcc899fa1e76f85ba36c56bcbd24508250e9370e953
/content/drive/MyDrive/AISC DeepFake Çalışmaları/Deneyler/Kader/Deney 1/Göz/eye_roi_output/real/train/combined/real_train/real_train_00617__face_00.jpg,5709,1786020182000000000,dd087859b3e8d882c2c43c63a460cf63dc48f2b382f2f87097be0d334345bc19
/content/drive/MyDrive/AISC DeepFake Çalışmaları/Deneyler/Kader/Deney 1/Göz/eye_roi_output/real/train/combined/real_train/real_train_00618__face_00.jpg,5062,1786020182000000000,be8c3c0a394690da45cd96acccdabee58385500af8114c4830f644a613391cf0
/content/drive/MyDrive/AISC DeepFake Çalışmaları/Deneyler/Kader/Deney 1/Göz/eye_roi_output/real/train/combined/real_train/real_train_00619__face_00.jpg,5221,1786020183000000000,76e220af6073b531a4cc3607e798238d9de7ae844ea808f45da6c0bbee023974
/content/drive/MyDrive/AISC DeepFake Çalışmaları/Deneyler/Kader/Deney 1/Göz/eye_roi_output/real/train/combined/real_train/real_train_00620__face_00.jpg,5670,1786020184000000000,99845c06bc05f685378c63f911313937bb2c4895d5c6b3580ec09af458135907
/content/drive/MyDrive/AISC DeepFake Çalışmaları/Deneyler/Kader/Deney 1/Göz/eye_roi_output/real/train/combined/real_train/real_train_00621__face_00.jpg,5030,1786020184000000000,014584add0554f9530c56b39b36b810003befd611f54698d9f668b949c28e4f1
/content/drive/MyDrive/AISC DeepFake Çalışmaları/Deneyler/Kader/Deney 1/Göz/eye_roi_output/real/train/combined/real_train/real_train_00622__face_00.jpg,5027,1786020184000000000,7bfbbe1fd1e8c612b5328149b22879f4b258ce94fb955e1b8e03649a81db39f6
/content/drive/MyDrive/AISC DeepFake Çalışmaları/Deneyler/Kader/Deney 1/Göz/eye_roi_output/real/train/combined/real_train/real_train_00623__face_00.jpg,5520,1786020185000000000,0050ee0174b49974303c2cb8078acba1676ad187b9963dc750c84c19ecf681c8
/content/drive/MyDrive/AISC DeepFake Çalışmaları/Deneyler/Kader/Deney 1/Göz/eye_roi_output/real/train/combined/real_train/real_train_00624__face_00.jpg,4955,1786020186000000000,cbc0b76e5c887c4b52e5be9756551896af5dd640265b67c4f1d25c69b941350d
/content/drive/MyDrive/AISC DeepFake Çalışmaları/Deneyler/Kader/Deney 1/Göz/eye_roi_output/real/train/combined/real_train/real_train_00625__face_00.jpg,6032,1786020187000000000,75f0ee1377b7fa4b054c627353fcc8cdb7e6ae2cb1fd62000ba004bbd39ac765
/content/drive/MyDrive/AISC DeepFake Çalışmaları/Deneyler/Kader/Deney 1/Göz/eye_roi_output/real/train/combined/real_train/real_train_00626__face_00.jpg,5544,1786020187000000000,b883fac3c6ab4592e408a1a7c0b4325b4096da8fa40ae3e9977c9b9a696e2e21
/content/drive/MyDrive/AISC DeepFake Çalışmaları/Deneyler/Kader/Deney 1/Göz/eye_roi_output/real/train/combined/real_train/real_train_00627__face_00.jpg,5258,1786020188000000000,6d6daf5c3240c33eb5942e2b95053e06ca1884af7ce1bb04cd086752737675eb
/content/drive/MyDrive/AISC DeepFake Çalışmaları/Deneyler/Kader/Deney 1/Göz/eye_roi_output/real/train/combined/real_train/real_train_00628__face_00.jpg,5247,1786020188000000000,de063204fa683c434300a71adf3fc0263c03951bfe0ec2fc612a0e4f2bf94d2a
/content/drive/MyDrive/AISC DeepFake Çalışmaları/Deneyler/Kader/Deney 1/Göz/eye_roi_output/real/train/combined/real_train/real_train_00629__face_00.jpg,5419,1786020189000000000,c6727aa75564fe1503ec0e739b2e5babfb9bb9a237d615b8b806901138b3bd65
/content/drive/MyDrive/AISC DeepFake Çalışmaları/Deneyler/Kader/Deney 1/Göz/eye_roi_output/real/train/combined/real_train/real_train_00630__face_00.jpg,5470,1786020190000000000,1401d5bbca433b1485206356f6b7ff2bd29d0de0be7c23ea86752e5ec83b2cf8
/content/drive/MyDrive/AISC DeepFake Çalışmaları/Deneyler/Kader/Deney 1/Göz/eye_roi_output/real/train/combined/real_train/real_train_00631__face_00.jpg,4046,1786020190000000000,e88ba7cfd52645fbbd656423ee131946215319c107f8bedd740c948ba92d7511
/content/drive/MyDrive/AISC DeepFake Çalışmaları/Deneyler/Kader/Deney 1/Göz/eye_roi_output/real/train/combined/real_train/real_train_00632__face_00.jpg,5555,1786020191000000000,9a7411af78ec6fa2cb8ecc3e0d04c403181587f05db03414c6ed6cbc54d34816
/content/drive/MyDrive/AISC DeepFake Çalışmaları/Deneyler/Kader/Deney 1/Göz/eye_roi_output/real/train/combined/real_train/real_train_00633__face_00.jpg,4891,1786020192000000000,b4b83238e7f52e519435734817a2cbf67e207d4b6f607c086324fd2ad7df4c1a
/content/drive/MyDrive/AISC DeepFake Çalışmaları/Deneyler/Kader/Deney 1/Göz/eye_roi_output/real/train/combined/real_train/real_train_00634__face_00.jpg,5706,1786020192000000000,3a3e8de30a92c3b53f6237d157a951ae5983d9ff8bf4f3984c4f44b5d3a4003b
/content/drive/MyDrive/AISC DeepFake Çalışmaları/Deneyler/Kader/Deney 1/Göz/eye_roi_output/real/train/combined/real_train/real_train_00635__face_00.jpg,4823,1786020193000000000,2cd76d26249d242699710c25abf94821200bb691933f18f3b02b045e76c7459b
/content/drive/MyDrive/AISC DeepFake Çalışmaları/Deneyler/Kader/Deney 1/Göz/eye_roi_output/real/train/combined/real_train/real_train_00636__face_00.jpg,5110,1786020193000000000,8798141a2822df4e0a51b7457a19e04f9f56bd88e58f1bd33ed8ea1a11d8189d
/content/drive/MyDrive/AISC DeepFake Çalışmaları/Deneyler/Kader/Deney 1/Göz/eye_roi_output/real/train/combined/real_train/real_train_00637__face_00.jpg,4961,1786020194000000000,9e9b40a6dea2e8f638087815881ae9750ebe940f8344d4d57c4a1af0a004d581
/content/drive/MyDrive/AISC DeepFake Çalışmaları/Deneyler/Kader/Deney 1/Göz/eye_roi_output/real/train/combined/real_train/real_train_00638__face_00.jpg,4376,1786020194000000000,89e7f72da6b77f23c591e3148ec7235f4c89e3d745c2cb78bc5814783c1964c9
/content/drive/MyDrive/AISC DeepFake Çalışmaları/Deneyler/Kader/Deney 1/Göz/eye_roi_output/real/train/combined/real_train/real_train_00639__face_00.jpg,5433,1786020194000000000,45cc684bf92d63232188e7a5fd37d37662decc588402a2e7e73d010e5841b0df
/content/drive/MyDrive/AISC DeepFake Çalışmaları/Deneyler/Kader/Deney 1/Göz/eye_roi_output/real/train/combined/real_train/real_train_00640__face_00.jpg,5455,1786020195000000000,9221e9e0bfa9b30e626f1392696f8f2364975b70ea388b3d07f2323544ef1bec
/content/drive/MyDrive/AISC DeepFake Çalışmaları/Deneyler/Kader/Deney 1/Göz/eye_roi_output/real/train/combined/real_train/real_train_00641__face_00.jpg,4697,1786020195000000000,000388a18f25a9967860013e9f5d6779986b003a454e9c451e8a884bfe8deccd
/content/drive/MyDrive/AISC DeepFake Çalışmaları/Deneyler/Kader/Deney 1/Göz/eye_roi_output/real/train/combined/real_train/real_train_00642__face_00.jpg,5206,1786020196000000000,20c0770f8487927977ff179154f82dec1cc08fcd835acc0e246b0d17ede439a5
/content/drive/MyDrive/AISC DeepFake Çalışmaları/Deneyler/Kader/Deney 1/Göz/eye_roi_output/real/train/combined/real_train/real_train_00643__face_00.jpg,4366,1786020196000000000,b6c8708e99c4feaed47161d5e885e7ab4cc9ce6b17e4912b42bca8918b43a94b
/content/drive/MyDrive/AISC DeepFake Çalışmaları/Deneyler/Kader/Deney 1/Göz/eye_roi_output/real/train/combined/real_train/real_train_00644__face_00.jpg,4868,1786020197000000000,8098d02a1e9629cda581c8e8e3299a0c853bbdc790bb721cbe4023acba98a99c
/content/drive/MyDrive/AISC DeepFake Çalışmaları/Deneyler/Kader/Deney 1/Göz/eye_roi_output/real/train/combined/real_train/real_train_00645__face_00.jpg,5792,1786020198000000000,6fac42eac8f26b619e4f11756e200eebcb0c78b9639f24d48702c19efe7de782
/content/drive/MyDrive/AISC DeepFake Çalışmaları/Deneyler/Kader/Deney 1/Göz/eye_roi_output/real/train/combined/real_train/real_train_00646__face_00.jpg,5196,1786020198000000000,091fdd4dedd524d3f980466735e2f85c1482d9fd800bb7bd69d4d607e35941e0
/content/drive/MyDrive/AISC DeepFake Çalışmaları/Deneyler/Kader/Deney 1/Göz/eye_roi_output/real/train/combined/real_train/real_train_00647__face_00.jpg,5414,1786020199000000000,e361448596dad26639305e676d020c8ba0a425db1917ab8367ebb9c46a0a3503
/content/drive/MyDrive/AISC DeepFake Çalışmaları/Deneyler/Kader/Deney 1/Göz/eye_roi_output/real/train/combined/real_train/real_train_00648__face_00.jpg,5645,1786020199000000000,ee95078d1573f7592efd21f94f8fc5cbfc7ee052e6cc7a6bebe1e6e12472179d
/content/drive/MyDrive/AISC DeepFake Çalışmaları/Deneyler/Kader/Deney 1/Göz/eye_roi_output/real/train/combined/real_train/real_train_00649__face_00.jpg,5586,1786020200000000000,e811e84c6286f0b26111901c9b803623ed8d9adc83d0b6e45f83b4191b343bc4
/content/drive/MyDrive/AISC DeepFake Çalışmaları/Deneyler/Kader/Deney 1/Göz/eye_roi_output/real/train/combined/real_train/real_train_00650__face_00.jpg,4458,1786020200000000000,a7dc64bd77ccaee6c0b88108138a99f89c9b91901a1d2dc0695333a69c66526e
/content/drive/MyDrive/AISC DeepFake Çalışmaları/Deneyler/Kader/Deney 1/Göz/eye_roi_output/real/train/combined/real_train/real_train_00651__face_00.jpg,5166,1786020201000000000,53888cb172ef6ec700c16814451d64a7f260ad85050f850d30e3cd05d204e558
/content/drive/MyDrive/AISC DeepFake Çalışmaları/Deneyler/Kader/Deney 1/Göz/eye_roi_output/real/train/combined/real_train/real_train_00652__face_00.jpg,5001,1786020201000000000,a24bfeb32948a3d48c48fcc76b8c85093991f285f17fa33f69539a4bc8b31eb0
/content/drive/MyDrive/AISC DeepFake Çalışmaları/Deneyler/Kader/Deney 1/Göz/eye_roi_output/real/train/combined/real_train/real_train_00653__face_00.jpg,6015,1786020202000000000,0c4f59864667ca309fdffe983a5c571c480adc5a761ac19a702d4d92bc36ffe3
/content/drive/MyDrive/AISC DeepFake Çalışmaları/Deneyler/Kader/Deney 1/Göz/eye_roi_output/real/train/combined/real_train/real_train_00654__face_00.jpg,5345,1786020202000000000,ed2b5584b805eb52f8785f04835487606d62b37e7312f313b6f2d51a9195f39c
/content/drive/MyDrive/AISC DeepFake Çalışmaları/Deneyler/Kader/Deney 1/Göz/eye_roi_output/real/train/combined/real_train/real_train_00655__face_00.jpg,5170,1786020202000000000,89c4457910a155a2803bb1110db90a111d944a521e81e731029b4ec48f46babf
/content/drive/MyDrive/AISC DeepFake Çalışmaları/Deneyler/Kader/Deney 1/Göz/eye_roi_output/real/train/combined/real_train/real_train_00656__face_00.jpg,4877,1786020203000000000,e89a53d5242b173affb789faa0f82d0a0bfe9b443505fedd52de7e7c61da13b0
/content/drive/MyDrive/AISC DeepFake Çalışmaları/Deneyler/Kader/Deney 1/Göz/eye_roi_output/real/train/combined/real_train/real_train_00657__face_00.jpg,4871,1786020204000000000,5bf2645a4c91be0ec66fba9b56f336058d1ccfb5ef8f04d65b2cdb366d662bec
/content/drive/MyDrive/AISC DeepFake Çalışmaları/Deneyler/Kader/Deney 1/Göz/eye_roi_output/real/train/combined/real_train/real_train_00658__face_00.jpg,5810,1786020204000000000,f43598811d81532e1159ee7c0ba30b1b96b2b22e8cdc9e18fc2cc1b1539fb9a8
/content/drive/MyDrive/AISC DeepFake Çalışmaları/Deneyler/Kader/Deney 1/Göz/eye_roi_output/real/train/combined/real_train/real_train_00659__face_00.jpg,2900,1786020205000000000,993e21f8bd3cd2c99c74b18612c8cdbe65bedd2afcf5f78e2cc08729bdde856f
/content/drive/MyDrive/AISC DeepFake Çalışmaları/Deneyler/Kader/Deney 1/Göz/eye_roi_output/real/train/combined/real_train/real_train_00660__face_00.jpg,6726,1786020205000000000,e2829ec012c83ea3958f372570e55896ca3b0a42896dcb21da51d23cc1484161
/content/drive/MyDrive/AISC DeepFake Çalışmaları/Deneyler/Kader/Deney 1/Göz/eye_roi_output/real/train/combined/real_train/real_train_00661__face_00.jpg,4545,1786020206000000000,542574c421b0bd45e7c02cbb723ff806b8df36606a2d288fe6deced93bc3955b
/content/drive/MyDrive/AISC DeepFake Çalışmaları/Deneyler/Kader/Deney 1/Göz/eye_roi_output/real/train/combined/real_train/real_train_00662__face_00.jpg,5583,1786020206000000000,dde3993b083b41a39e2b0d47afa96346d3198183c0cc0f6ec1ed8a8feca31497
/content/drive/MyDrive/AISC DeepFake Çalışmaları/Deneyler/Kader/Deney 1/Göz/eye_roi_output/real/train/combined/real_train/real_train_00663__face_00.jpg,5307,1786020207000000000,fc6367c567847ee824ff8a8dbf3e7e10746f629f582431c40acc2ece29082b48
/content/drive/MyDrive/AISC DeepFake Çalışmaları/Deneyler/Kader/Deney 1/Göz/eye_roi_output/real/train/combined/real_train/real_train_00664__face_00.jpg,4894,1786020207000000000,be3473d8b30737ed3c6099e76fd981b27cc15bafb9a2cd7de190e127e26428e4
/content/drive/MyDrive/AISC DeepFake Çalışmaları/Deneyler/Kader/Deney 1/Göz/eye_roi_output/real/train/combined/real_train/real_train_00665__face_00.jpg,6688,1786020207000000000,efec792b1275409b25ad07cef28dda424d77fa9beddc6764df787e6960e4a57a
/content/drive/MyDrive/AISC DeepFake Çalışmaları/Deneyler/Kader/Deney 1/Göz/eye_roi_output/real/train/combined/real_train/real_train_00666__face_00.jpg,4704,1786020208000000000,3cd9a8a874befd5ef42319514cdae0c31d3b69e8b8003bbaf2d1ee5fa2a4b3b5
/content/drive/MyDrive/AISC DeepFake Çalışmaları/Deneyler/Kader/Deney 1/Göz/eye_roi_output/real/train/combined/real_train/real_train_00667__face_00.jpg,4808,1786020208000000000,f27b905c1afee9cd74823ab966e1a2f096fd1ebe630e932434d7862b90e2d7c1
/content/drive/MyDrive/AISC DeepFake Çalışmaları/Deneyler/Kader/Deney 1/Göz/eye_roi_output/real/train/combined/real_train/real_train_00668__face_00.jpg,7788,1786020209000000000,cc983880fc7fb5a6154e7c4f2b19c0964ec41df8d63918e7ca62500127160cc3
/content/drive/MyDrive/AISC DeepFake Çalışmaları/Deneyler/Kader/Deney 1/Göz/eye_roi_output/real/train/combined/real_train/real_train_00669__face_00.jpg,5237,1786020209000000000,d9fe070e8b2960db0030f08899d2d40a76650534cd9373ea8ad3e493059bf384
/content/drive/MyDrive/AISC DeepFake Çalışmaları/Deneyler/Kader/Deney 1/Göz/eye_roi_output/real/train/combined/real_train/real_train_00670__face_00.jpg,5772,1786020210000000000,fcc5660bd074b56af8a7171f28151fdbe4cd44ba1f3aa0e2d51171ccf0b73539
/content/drive/MyDrive/AISC DeepFake Çalışmaları/Deneyler/Kader/Deney 1/Göz/eye_roi_output/real/train/combined/real_train/real_train_00671__face_00.jpg,4937,1786020211000000000,2d9d6d58834a97be8f6c92b32b933b8bf3d233b1bd70648c9e25ee79029897b3
/content/drive/MyDrive/AISC DeepFake Çalışmaları/Deneyler/Kader/Deney 1/Göz/eye_roi_output/real/train/combined/real_train/real_train_00672__face_00.jpg,7284,1786020211000000000,a09f079797aee7556e01743edf5fdc172107e5deb68503fb9e80efc6df14ec1b
/content/drive/MyDrive/AISC DeepFake Çalışmaları/Deneyler/Kader/Deney 1/Göz/eye_roi_output/real/train/combined/real_train/real_train_00673__face_00.jpg,5112,1786020212000000000,4e9b829f0ff75c2c19a4597e27a76f9ab86fe01c58b87a57fd0a9802309d37ea
/content/drive/MyDrive/AISC DeepFake Çalışmaları/Deneyler/Kader/Deney 1/Göz/eye_roi_output/real/train/combined/real_train/real_train_00674__face_00.jpg,5641,1786020212000000000,0bd7cc5730d5be91a51aa4c8dca9644d0da25ff83ad6c4d3ef4707cb251ac694
/content/drive/MyDrive/AISC DeepFake Çalışmaları/Deneyler/Kader/Deney 1/Göz/eye_roi_output/real/train/combined/real_train/real_train_00675__face_00.jpg,4881,1786020213000000000,d153c86fd29197b2c3dc5bf8540c5bcf7b409fbbf171fbdf4cbbbade0e2b58cb
/content/drive/MyDrive/AISC DeepFake Çalışmaları/Deneyler/Kader/Deney 1/Göz/eye_roi_output/real/train/combined/real_train/real_train_00676__face_00.jpg,4839,1786020213000000000,4fe8cd76c9d47ead3ae5f6e102af004a2ca2981fd14535d7b4981dbf5ffd4c13
/content/drive/MyDrive/AISC DeepFake Çalışmaları/Deneyler/Kader/Deney 1/Göz/eye_roi_output/real/train/combined/real_train/real_train_00677__face_00.jpg,4633,1786020213000000000,2823dd42b9b6c4e1f4132c573fa421199361e90af88f53ffadb24a126d99d063
/content/drive/MyDrive/AISC DeepFake Çalışmaları/Deneyler/Kader/Deney 1/Göz/eye_roi_output/real/train/combined/real_train/real_train_00678__face_00.jpg,5506,1786020214000000000,c35c3e1c4e0cb68a939675e05ce5169699fc777715b998b013a978ac8e78226c
/content/drive/MyDrive/AISC DeepFake Çalışmaları/Deneyler/Kader/Deney 1/Göz/eye_roi_output/real/train/combined/real_train/real_train_00679__face_00.jpg,4704,1786020214000000000,9b8b7d79bda37df1dc80ebbf966683d1e09f11ab42dc79518929556004a5eb35
/content/drive/MyDrive/AISC DeepFake Çalışmaları/Deneyler/Kader/Deney 1/Göz/eye_roi_output/real/train/combined/real_train/real_train_00680__face_00.jpg,4512,1786020215000000000,57411f5989d8375e6c19bf2c06635d45047d60b53b84cf8741fb7532beb1243c
/content/drive/MyDrive/AISC DeepFake Çalışmaları/Deneyler/Kader/Deney 1/Göz/eye_roi_output/real/train/combined/real_train/real_train_00681__face_00.jpg,6296,1786020215000000000,6225162bb3f4493f48fb38d131adff7518f44c8a82143ec5ec2876cea3e7c523
/content/drive/MyDrive/AISC DeepFake Çalışmaları/Deneyler/Kader/Deney 1/Göz/eye_roi_output/real/train/combined/real_train/real_train_00682__face_00.jpg,5339,1786020216000000000,961d252f5ba7f8310daade2d29edc871437ff5da6374fdaa968b0760c0fde712
/content/drive/MyDrive/AISC DeepFake Çalışmaları/Deneyler/Kader/Deney 1/Göz/eye_roi_output/real/train/combined/real_train/real_train_00683__face_00.jpg,6752,1786020216000000000,e906d9d17aef5177a5317abbd43fae04119f51ad03fe337f37ad2cf20455209f
/content/drive/MyDrive/AISC DeepFake Çalışmaları/Deneyler/Kader/Deney 1/Göz/eye_roi_output/real/train/combined/real_train/real_train_00684__face_00.jpg,4888,1786020216000000000,c067e82faadb700e9a539ed678fcb6b0dad9857baa134e27dfa98578dc04ef4b
/content/drive/MyDrive/AISC DeepFake Çalışmaları/Deneyler/Kader/Deney 1/Göz/eye_roi_output/real/train/combined/real_train/real_train_00685__face_00.jpg,4902,1786020217000000000,4fb1604917f850f3063e69c551b79e4abed678b9231a9c4d9c598c2f4bf537f4
/content/drive/MyDrive/AISC DeepFake Çalışmaları/Deneyler/Kader/Deney 1/Göz/eye_roi_output/real/train/combined/real_train/real_train_00686__face_00.jpg,5462,1786020217000000000,d10b0dd4d6f74b6514e44ef0d9f42046de7e279266017dd223694c283b5b4879
/content/drive/MyDrive/AISC DeepFake Çalışmaları/Deneyler/Kader/Deney 1/Göz/eye_roi_output/real/train/combined/real_train/real_train_00687__face_00.jpg,5987,1786020218000000000,01a62f83e1c0e05e68fe32185061fcff19f89c2afc212c91a1c32b2217dcc159
/content/drive/MyDrive/AISC DeepFake Çalışmaları/Deneyler/Kader/Deney 1/Göz/eye_roi_output/real/train/combined/real_train/real_train_00688__face_00.jpg,5158,1786020218000000000,818cdb943fa522a42a87eef698e84b2242e73f0716ea602757575de4e9e779ff
/content/drive/MyDrive/AISC DeepFake Çalışmaları/Deneyler/Kader/Deney 1/Göz/eye_roi_output/real/train/combined/real_train/real_train_00689__face_00.jpg,4293,1786020219000000000,d07b0ef2c97981f754a67a9714ab726410341b4cd3e619ae0e20f7e95ad9b2cf
/content/drive/MyDrive/AISC DeepFake Çalışmaları/Deneyler/Kader/Deney 1/Göz/eye_roi_output/real/train/combined/real_train/real_train_00690__face_00.jpg,5104,1786020219000000000,6fef5960dc77198b0f438e118a904a433a858355e3eab2762ad99fae8a441390
/content/drive/MyDrive/AISC DeepFake Çalışmaları/Deneyler/Kader/Deney 1/Göz/eye_roi_output/real/train/combined/real_train/real_train_00691__face_00.jpg,5666,1786020220000000000,91a55184fffb0ebcf9a5dd15f266afba47e4ba63522b04786a2d2ebcf5323ff6
/content/drive/MyDrive/AISC DeepFake Çalışmaları/Deneyler/Kader/Deney 1/Göz/eye_roi_output/real/train/combined/real_train/real_train_00692__face_00.jpg,4089,1786020220000000000,44021832f22a7ba67e8d7fa102a04d7c078f1d8d61383f88e52693588489f94d
/content/drive/MyDrive/AISC DeepFake Çalışmaları/Deneyler/Kader/Deney 1/Göz/eye_roi_output/real/train/combined/real_train/real_train_00693__face_00.jpg,6342,1786020220000000000,fabb6bc32e51567e8be040b13510e8456838abf8126a453c5f807e8e98172cc6
/content/drive/MyDrive/AISC DeepFake Çalışmaları/Deneyler/Kader/Deney 1/Göz/eye_roi_output/real/train/combined/real_train/real_train_00694__face_00.jpg,4374,1786020221000000000,593889b6896cec7fc1f30e36ddcc7c50c496afe284d07b5ae9166d9329304736
/content/drive/MyDrive/AISC DeepFake Çalışmaları/Deneyler/Kader/Deney 1/Göz/eye_roi_output/real/train/combined/real_train/real_train_00695__face_00.jpg,3269,1786020222000000000,19776ef199d3c61a9be00ccd6975071a054d74ddc7373f843a1ab2c3d519838c
/content/drive/MyDrive/AISC DeepFake Çalışmaları/Deneyler/Kader/Deney 1/Göz/eye_roi_output/real/train/combined/real_train/real_train_00696__face_00.jpg,5247,1786020223000000000,f3ce77be5be912517354ac621d03ac0d1c4737d30706a7fb65caf2998089de65
/content/drive/MyDrive/AISC DeepFake Çalışmaları/Deneyler/Kader/Deney 1/Göz/eye_roi_output/real/train/combined/real_train/real_train_00697__face_00.jpg,5305,1786020223000000000,828d4caaf946d5b400c0e07548fdc2e7f33667b4c80bc6879466931723135476
/content/drive/MyDrive/AISC DeepFake Çalışmaları/Deneyler/Kader/Deney 1/Göz/eye_roi_output/real/train/combined/real_train/real_train_00698__face_00.jpg,5659,1786020223000000000,8c71008bae2fbb883b0a85d21aa992ab05f528ba40b3cb89e26643fb3fb25edc
/content/drive/MyDrive/AISC DeepFake Çalışmaları/Deneyler/Kader/Deney 1/Göz/eye_roi_output/real/train/combined/real_train/real_train_00699__face_00.jpg,4849,1786020224000000000,00e22856532467847a74fb3a2ff13ed5d2dd76a4aa3ddcc0056efe673bdd37eb
/content/drive/MyDrive/AISC DeepFake Çalışmaları/Deneyler/Kader/Deney 1/Göz/eye_roi_output/real/train/combined/real_train/real_train_00700__face_00.jpg,5522,1786020224000000000,1c5d501770cb99acedf7cac178c92ea14f65ba60b0c0f05de24dc2ca3cb05113
/content/drive/MyDrive/AISC DeepFake Çalışmaları/Deneyler/Kader/Deney 1/Göz/eye_roi_output/real/train/combined/real_train/real_train_00701__face_00.jpg,4635,1786020225000000000,5513934ffc1ae88f33e976affc17e29260dffdb1a4240d722f74b5ff2d636a39
/content/drive/MyDrive/AISC DeepFake Çalışmaları/Deneyler/Kader/Deney 1/Göz/eye_roi_output/real/train/combined/real_train/real_train_00702__face_00.jpg,5011,1786020225000000000,e568496fbb526b9c5787d707101c3dd6831125c498a10db3fccfa3cbd86f914c
/content/drive/MyDrive/AISC DeepFake Çalışmaları/Deneyler/Kader/Deney 1/Göz/eye_roi_output/real/train/combined/real_train/real_train_00703__face_00.jpg,5786,1786020226000000000,cc241753fc50081ce07bb053ca393570925281b936f743aa808e238acd788c21
/content/drive/MyDrive/AISC DeepFake Çalışmaları/Deneyler/Kader/Deney 1/Göz/eye_roi_output/real/train/combined/real_train/real_train_00704__face_00.jpg,5017,1786020226000000000,a34d0df591c55bcf11b566395658408930b40c4bae3cb69deeb0ccf6a3d19169
/content/drive/MyDrive/AISC DeepFake Çalışmaları/Deneyler/Kader/Deney 1/Göz/eye_roi_output/real/train/combined/real_train/real_train_00705__face_00.jpg,4732,1786020227000000000,f141fd51801812f9b1a246e890f8536d235daad4729d6977df3c8f78780830e1
/content/drive/MyDrive/AISC DeepFake Çalışmaları/Deneyler/Kader/Deney 1/Göz/eye_roi_output/real/train/combined/real_train/real_train_00706__face_00.jpg,5442,1786020228000000000,2efc30817a40c23fce08c0ea98a731459aceaa9d7f109a874bded8a1870a0451
/content/drive/MyDrive/AISC DeepFake Çalışmaları/Deneyler/Kader/Deney 1/Göz/eye_roi_output/real/train/combined/real_train/real_train_00707__face_00.jpg,6096,1786020228000000000,d57124a7e3b1785e6d0b9bf18c91e8dfa25b886460ca225203357ef18adee5e9
/content/drive/MyDrive/AISC DeepFake Çalışmaları/Deneyler/Kader/Deney 1/Göz/eye_roi_output/real/train/combined/real_train/real_train_00708__face_00.jpg,7152,1786020229000000000,50285635f5f74ee2b143ab0b51b37ea135c912e16742ba852ec8c12157b32c31
/content/drive/MyDrive/AISC DeepFake Çalışmaları/Deneyler/Kader/Deney 1/Göz/eye_roi_output/real/train/combined/real_train/real_train_00709__face_00.jpg,4698,1786020229000000000,cd786a290924f622ef36bbc9df9515ecc83706a9ce939622c59a86955983265f
/content/drive/MyDrive/AISC DeepFake Çalışmaları/Deneyler/Kader/Deney 1/Göz/eye_roi_output/real/train/combined/real_train/real_train_00710__face_00.jpg,5479,1786020230000000000,53ad0f5ab21738eb559a7499156e94f48a897f903c875e6097c47c7ff7c77a8d
/content/drive/MyDrive/AISC DeepFake Çalışmaları/Deneyler/Kader/Deney 1/Göz/eye_roi_output/real/train/combined/real_train/real_train_00711__face_00.jpg,4109,1786020230000000000,edae027fe91f8db42a6c9e4c902783ca2ecae0db4a6d2f4017ed98fb0c0cd66a
/content/drive/MyDrive/AISC DeepFake Çalışmaları/Deneyler/Kader/Deney 1/Göz/eye_roi_output/real/train/combined/real_train/real_train_00712__face_00.jpg,4985,1786020231000000000,3a6f14264b6c78f6e52aa258f6c077ec6739764b325ba4663595872504ddf7b4
/content/drive/MyDrive/AISC DeepFake Çalışmaları/Deneyler/Kader/Deney 1/Göz/eye_roi_output/real/train/combined/real_train/real_train_00713__face_00.jpg,4582,1786020231000000000,41e707ea7f07520d1275f27f647e1459129f8b0252a5a1b35c26c8c25d7f3df8
/content/drive/MyDrive/AISC DeepFake Çalışmaları/Deneyler/Kader/Deney 1/Göz/eye_roi_output/real/train/combined/real_train/real_train_00714__face_00.jpg,4507,1786020231000000000,b0bc912ef726cf4a97b0710af3d883309d2c65ee52c0f2f41aebba4adba260ee
/content/drive/MyDrive/AISC DeepFake Çalışmaları/Deneyler/Kader/Deney 1/Göz/eye_roi_output/real/train/combined/real_train/real_train_00715__face_00.jpg,5006,1786020232000000000,21b3bdadb191154865d079bf455a2e0a805adf3fa95ddf1caec988e1ba5f0e85
/content/drive/MyDrive/AISC DeepFake Çalışmaları/Deneyler/Kader/Deney 1/Göz/eye_roi_output/real/train/combined/real_train/real_train_00716__face_00.jpg,5064,1786020232000000000,01145d6a42f554b588ecb94c1a2620c705385f32a046c00ba2a926779b525d64
/content/drive/MyDrive/AISC DeepFake Çalışmaları/Deneyler/Kader/Deney 1/Göz/eye_roi_output/real/train/combined/real_train/real_train_00717__face_00.jpg,5936,1786020233000000000,5f2485afcec7e377904ac910c3f31abc438629399c39509a242b451d61fd35fe
/content/drive/MyDrive/AISC DeepFake Çalışmaları/Deneyler/Kader/Deney 1/Göz/eye_roi_output/real/train/combined/real_train/real_train_00718__face_00.jpg,4948,1786020233000000000,744c7b5339e8125672488f6aa5d98ba2460fa5268881d37c5eef4f24a1ffe5ef
/content/drive/MyDrive/AISC DeepFake Çalışmaları/Deneyler/Kader/Deney 1/Göz/eye_roi_output/real/train/combined/real_train/real_train_00719__face_00.jpg,4971,1786020234000000000,a0a59129be99ad63f7411e6e4d9d6fd092574d79a4efa4c6b10fe0a981dcac6d
/content/drive/MyDrive/AISC DeepFake Çalışmaları/Deneyler/Kader/Deney 1/Göz/eye_roi_output/real/train/combined/real_train/real_train_00720__face_00.jpg,4341,1786020235000000000,b8e617a06a1a0937afa63be32d71e80cd635f242c10900317ad0432a290f5992
/content/drive/MyDrive/AISC DeepFake Çalışmaları/Deneyler/Kader/Deney 1/Göz/eye_roi_output/real/train/combined/real_train/real_train_00721__face_00.jpg,4304,1786020236000000000,e19651d07524edd62f346e481761fe35dc17474d97e0ed5d15911236b53c5f5c
/content/drive/MyDrive/AISC DeepFake Çalışmaları/Deneyler/Kader/Deney 1/Göz/eye_roi_output/real/train/combined/real_train/real_train_00722__face_00.jpg,5356,1786020236000000000,3420bcfa4f2d7b12e268f8cc10868467e8e6732037c98ff6e3e193f068fef11c
/content/drive/MyDrive/AISC DeepFake Çalışmaları/Deneyler/Kader/Deney 1/Göz/eye_roi_output/real/train/combined/real_train/real_train_00723__face_00.jpg,6121,1786020237000000000,2cdf60431ef218d138c4242449690af3f658ff24410022da010c62a4d5abdc4a
/content/drive/MyDrive/AISC DeepFake Çalışmaları/Deneyler/Kader/Deney 1/Göz/eye_roi_output/real/train/combined/real_train/real_train_00724__face_00.jpg,5361,1786020237000000000,37c17f2ee14682340d7077f1d9c21f42ac32e5fcf93616a34b2550926b9c7691
/content/drive/MyDrive/AISC DeepFake Çalışmaları/Deneyler/Kader/Deney 1/Göz/eye_roi_output/real/train/combined/real_train/real_train_00726__face_00.jpg,5633,1786020238000000000,8db6ef0bed1ff31f7cc0a37e5a12d62b7b38bdbead11d2f89bb1742db34944da
/content/drive/MyDrive/AISC DeepFake Çalışmaları/Deneyler/Kader/Deney 1/Göz/eye_roi_output/real/train/combined/real_train/real_train_00727__face_00.jpg,6226,1786020239000000000,a6f3f4b3f242ba6cdcd07a18208c5400a44f6fd8c2c7dc49e4ee073959ab0460
/content/drive/MyDrive/AISC DeepFake Çalışmaları/Deneyler/Kader/Deney 1/Göz/eye_roi_output/real/train/combined/real_train/real_train_00728__face_00.jpg,6226,1786020239000000000,777cfaa92b63479289091d0590e6e2243234610f5f19d768896d4064a33baadf
/content/drive/MyDrive/AISC DeepFake Çalışmaları/Deneyler/Kader/Deney 1/Göz/eye_roi_output/real/train/combined/real_train/real_train_00729__face_00.jpg,6533,1786020240000000000,af9f60c6b3649297f5ac1dcb8e534fbc31dbc0464ed9a0345b56a20dad8d6917
/content/drive/MyDrive/AISC DeepFake Çalışmaları/Deneyler/Kader/Deney 1/Göz/eye_roi_output/real/train/combined/real_train/real_train_00731__face_00.jpg,4946,1786020241000000000,b1195d1e884ae717024d7c0a3288e4da2b92832de93aec13399064e3ad76015e
/content/drive/MyDrive/AISC DeepFake Çalışmaları/Deneyler/Kader/Deney 1/Göz/eye_roi_output/real/train/combined/real_train/real_train_00732__face_00.jpg,5436,1786020242000000000,1912f84459b662fbf86581c7f7cd30e2939248c3c39da32e31050b3b1b7edb56
/content/drive/MyDrive/AISC DeepFake Çalışmaları/Deneyler/Kader/Deney 1/Göz/eye_roi_output/real/train/combined/real_train/real_train_00733__face_00.jpg,5194,1786020242000000000,69174b578291518bfc0f1d1061cc1cafd90ae7c296f52255fc23bb5e2bc7f6e3
/content/drive/MyDrive/AISC DeepFake Çalışmaları/Deneyler/Kader/Deney 1/Göz/eye_roi_output/real/train/combined/real_train/real_train_00734__face_00.jpg,4728,1786020242000000000,f4aa8d3c0d9839ac8aaab272a206978734e043b4ead41871bd408e6e295a588d
/content/drive/MyDrive/AISC DeepFake Çalışmaları/Deneyler/Kader/Deney 1/Göz/eye_roi_output/real/train/combined/real_train/real_train_00735__face_00.jpg,6382,1786020243000000000,db1da5607eedd25444eef606de2699f8cf9cebfcd5e52fb4c83b8eaad7b9bbf2
/content/drive/MyDrive/AISC DeepFake Çalışmaları/Deneyler/Kader/Deney 1/Göz/eye_roi_output/real/train/combined/real_train/real_train_00736__face_00.jpg,4670,1786020243000000000,6ed9f216e759f9be8d8987a9365808ddc4a6be1f18692670b42c84a011767ae6
/content/drive/MyDrive/AISC DeepFake Çalışmaları/Deneyler/Kader/Deney 1/Göz/eye_roi_output/real/train/combined/real_train/real_train_00737__face_00.jpg,5124,1786020244000000000,65e730da1b943bf05379ef7cb7d49950c896f67fa90ce881a3f2d03bfcca0e40
/content/drive/MyDrive/AISC DeepFake Çalışmaları/Deneyler/Kader/Deney 1/Göz/eye_roi_output/real/train/combined/real_train/real_train_00738__face_00.jpg,5030,1786020244000000000,5a0e3c663843764b49692a0bb98a0006369b9157d95455a32072a958ac58a8c2
/content/drive/MyDrive/AISC DeepFake Çalışmaları/Deneyler/Kader/Deney 1/Göz/eye_roi_output/real/train/combined/real_train/real_train_00739__face_00.jpg,6268,1786020245000000000,e10c1d9b608af35d66608a90a44fbd5c953f240adc73110de40e57dcef9480d8
/content/drive/MyDrive/AISC DeepFake Çalışmaları/Deneyler/Kader/Deney 1/Göz/eye_roi_output/real/train/combined/real_train/real_train_00740__face_00.jpg,4955,1786020246000000000,bc6d531404a8c61fb78fd1831b59c37fcef2c4e39fccc3b566928025e24242bf
/content/drive/MyDrive/AISC DeepFake Çalışmaları/Deneyler/Kader/Deney 1/Göz/eye_roi_output/real/train/combined/real_train/real_train_00741__face_00.jpg,5409,1786020246000000000,fc67cd31b482afd6472c39f8b5f354d7bcf2e5c71933477b531db4a2f8e860ab
/content/drive/MyDrive/AISC DeepFake Çalışmaları/Deneyler/Kader/Deney 1/Göz/eye_roi_output/real/train/combined/real_train/real_train_00742__face_00.jpg,4915,1786020246000000000,8f79f670dc5839dab8aacbaa1de069c95386fddf02494e8b01ceef4463176293
/content/drive/MyDrive/AISC DeepFake Çalışmaları/Deneyler/Kader/Deney 1/Göz/eye_roi_output/real/train/combined/real_train/real_train_00743__face_00.jpg,5407,1786020247000000000,b9939de43c80d776d8f422151c5b3370d27c4818d4cd2f61196e4900280f4d05
/content/drive/MyDrive/AISC DeepFake Çalışmaları/Deneyler/Kader/Deney 1/Göz/eye_roi_output/real/train/combined/real_train/real_train_00744__face_00.jpg,4351,1786020247000000000,f86d57fcdc2246325961da17b1305502ca39cf788b8f93f69c62095a08835b72
/content/drive/MyDrive/AISC DeepFake Çalışmaları/Deneyler/Kader/Deney 1/Göz/eye_roi_output/real/train/combined/real_train/real_train_00745__face_00.jpg,4747,1786020248000000000,9b34626f0dc79be09f5b4873412c6e0ba1c452c0e54a83b1cd6e8fd9dce8e322
/content/drive/MyDrive/AISC DeepFake Çalışmaları/Deneyler/Kader/Deney 1/Göz/eye_roi_output/real/train/combined/real_train/real_train_00746__face_00.jpg,4860,1786020249000000000,29f892091a1ccf8f580dc2db8d1e92e2257cb48983ca67904ab3456dd8a53ab4
/content/drive/MyDrive/AISC DeepFake Çalışmaları/Deneyler/Kader/Deney 1/Göz/eye_roi_output/real/train/combined/real_train/real_train_00747__face_00.jpg,5409,1786020249000000000,9e43a7f6ec3d932778266f708e86e9999ff10835e3fa2d58f2fbe263e687356b
/content/drive/MyDrive/AISC DeepFake Çalışmaları/Deneyler/Kader/Deney 1/Göz/eye_roi_output/real/train/combined/real_train/real_train_00748__face_00.jpg,5081,1786020250000000000,ce03961045fdc62b7b1bb0086701dd4579f98aaa5c3f581235f8bf3e767d145f
/content/drive/MyDrive/AISC DeepFake Çalışmaları/Deneyler/Kader/Deney 1/Göz/eye_roi_output/real/train/combined/real_train/real_train_00749__face_00.jpg,5204,1786020251000000000,d47e7b77ac5c7d73cb6b70983370b20e937d2f8d8963033b1e95f9098d21bb58
/content/drive/MyDrive/AISC DeepFake Çalışmaları/Deneyler/Kader/Deney 1/Göz/eye_roi_output/real/train/combined/real_train/real_train_00750__face_00.jpg,6233,1786020251000000000,c2ae7316bfa0da492a5663ffc4b0c7b0855e292efe2036ca049cbe3cd83ffb81
/content/drive/MyDrive/AISC DeepFake Çalışmaları/Deneyler/Kader/Deney 1/Göz/eye_roi_output/real/train/combined/real_train/real_train_00751__face_00.jpg,5167,1786020251000000000,38bc5d86e780b61c213a91945e230f7e658d6961ce1c24e4bc4deb30da5541a7
/content/drive/MyDrive/AISC DeepFake Çalışmaları/Deneyler/Kader/Deney 1/Göz/eye_roi_output/real/train/combined/real_train/real_train_00752__face_00.jpg,5410,1786020252000000000,60677cfeeff1c5f7d06b737799b7b6b94258f3f81421a1cde7b6b9aae4633b1e
/content/drive/MyDrive/AISC DeepFake Çalışmaları/Deneyler/Kader/Deney 1/Göz/eye_roi_output/real/train/combined/real_train/real_train_00753__face_00.jpg,5302,1786020252000000000,10d8b632968f5eb15e117ddc959fa2fbc255643fa44c06a829bbdcc68a3e355f
/content/drive/MyDrive/AISC DeepFake Çalışmaları/Deneyler/Kader/Deney 1/Göz/eye_roi_output/real/train/combined/real_train/real_train_00754__face_00.jpg,6710,1786020253000000000,5fb49432d6becd656510dac26e060e058f228f0177890a9b069ad64e5bdc9af7
/content/drive/MyDrive/AISC DeepFake Çalışmaları/Deneyler/Kader/Deney 1/Göz/eye_roi_output/real/train/combined/real_train/real_train_00755__face_00.jpg,5527,1786020254000000000,81a5bb4ee5b3b3d060d32f516e4a4a769f54e0782920e103fbb5f2833b29c322
/content/drive/MyDrive/AISC DeepFake Çalışmaları/Deneyler/Kader/Deney 1/Göz/eye_roi_output/real/train/combined/real_train/real_train_00756__face_00.jpg,6585,1786020254000000000,c639eeec2489f2ae45ac54fa2b1b39436b820282cd07022b3d82218c455a13cd
/content/drive/MyDrive/AISC DeepFake Çalışmaları/Deneyler/Kader/Deney 1/Göz/eye_roi_output/real/train/combined/real_train/real_train_00756__face_01.jpg,3711,1786020255000000000,c4bb4798d8e06b1e5f354cf4b1033e1e1cad1f460bb9feed2219cd4d8c307cfb
/content/drive/MyDrive/AISC DeepFake Çalışmaları/Deneyler/Kader/Deney 1/Göz/eye_roi_output/real/train/combined/real_train/real_train_00757__face_00.jpg,5947,1786020255000000000,0af4bf34fe1c974557b989a08fde2c8b93ef5d61e738498c6a69ff2df3b4c805
/content/drive/MyDrive/AISC DeepFake Çalışmaları/Deneyler/Kader/Deney 1/Göz/eye_roi_output/real/train/combined/real_train/real_train_00758__face_00.jpg,5110,1786020256000000000,59151c37aab9453e8130740673ce894ead5069888641c024f7f36c6ee45ffde5
/content/drive/MyDrive/AISC DeepFake Çalışmaları/Deneyler/Kader/Deney 1/Göz/eye_roi_output/real/train/combined/real_train/real_train_00759__face_00.jpg,4417,1786020256000000000,da27d83eff8a7f8e4518d858c2fc7abdd12e8754ee3adaa534484764fdd65bd0
/content/drive/MyDrive/AISC DeepFake Çalışmaları/Deneyler/Kader/Deney 1/Göz/eye_roi_output/real/train/combined/real_train/real_train_00760__face_00.jpg,5510,1786020257000000000,8d785356bbff73d71ab472cc57a4e7c6c56ecdfae5afdcb6fe8a5d9bccba263d
/content/drive/MyDrive/AISC DeepFake Çalışmaları/Deneyler/Kader/Deney 1/Göz/eye_roi_output/real/train/combined/real_train/real_train_00761__face_00.jpg,6215,1786020257000000000,da19da05f3c2f7c0f7d0f7197f438fba005d46199b6b9519d12442a9b6556a32
/content/drive/MyDrive/AISC DeepFake Çalışmaları/Deneyler/Kader/Deney 1/Göz/eye_roi_output/real/train/combined/real_train/real_train_00762__face_00.jpg,4504,1786020258000000000,38f24ed00fb399e06ed753d5112440433c520efb38475e46f47fc56882a64ecb
/content/drive/MyDrive/AISC DeepFake Çalışmaları/Deneyler/Kader/Deney 1/Göz/eye_roi_output/real/train/combined/real_train/real_train_00763__face_00.jpg,5446,1786020258000000000,4f100c69560b024a44fa387d158c140eda9ad9795a770cb73f5f72a0aa14c5cd
/content/drive/MyDrive/AISC DeepFake Çalışmaları/Deneyler/Kader/Deney 1/Göz/eye_roi_output/real/train/combined/real_train/real_train_00764__face_00.jpg,5927,1786020258000000000,cd7f627921e5cfc70a39622a4742aef89955435167ca8f53b4d82aad977d23a3
/content/drive/MyDrive/AISC DeepFake Çalışmaları/Deneyler/Kader/Deney 1/Göz/eye_roi_output/real/train/combined/real_train/real_train_00765__face_00.jpg,5700,1786020259000000000,9f2f5c7709777a3046067d562821e25b6e05f8ca7a7129b89bba684e83e6105a
/content/drive/MyDrive/AISC DeepFake Çalışmaları/Deneyler/Kader/Deney 1/Göz/eye_roi_output/real/train/combined/real_train/real_train_00766__face_00.jpg,5198,1786020259000000000,607a616d2e5eb1946a3d2ea926d7bb01f3b4946ae6ad0a60f52a215e8698aeba
/content/drive/MyDrive/AISC DeepFake Çalışmaları/Deneyler/Kader/Deney 1/Göz/eye_roi_output/real/train/combined/real_train/real_train_00767__face_00.jpg,5933,1786020260000000000,2ab51494e86928784456220c425f9f63c5474f721e8b453378695a8233b74122
/content/drive/MyDrive/AISC DeepFake Çalışmaları/Deneyler/Kader/Deney 1/Göz/eye_roi_output/real/train/combined/real_train/real_train_00768__face_00.jpg,6251,1786020260000000000,89a2fbd3f17e074b70a072343a369c9113fcfb759c6eab9465b9a959dcfe3ae3
/content/drive/MyDrive/AISC DeepFake Çalışmaları/Deneyler/Kader/Deney 1/Göz/eye_roi_output/real/train/combined/real_train/real_train_00769__face_00.jpg,6108,1786020261000000000,eecfd53ae86a792930df4d901c0bb833e91b06bbbfa04bad3cf06914569b7262
/content/drive/MyDrive/AISC DeepFake Çalışmaları/Deneyler/Kader/Deney 1/Göz/eye_roi_output/real/train/combined/real_train/real_train_00770__face_00.jpg,4552,1786020262000000000,ad7fc122ff92d852ee224d489bdc9d1e1a0671920c7bdcf65826e22d8a5892e9
/content/drive/MyDrive/AISC DeepFake Çalışmaları/Deneyler/Kader/Deney 1/Göz/eye_roi_output/real/train/combined/real_train/real_train_00771__face_00.jpg,4861,1786020262000000000,a6c6690ceb95c24c640d4330169c517930a20303e536556579e853e6b2934bc1
/content/drive/MyDrive/AISC DeepFake Çalışmaları/Deneyler/Kader/Deney 1/Göz/eye_roi_output/real/train/combined/real_train/real_train_00772__face_00.jpg,5002,1786020263000000000,254d6e22155a50c0fc08966e2fde3409dcd83dc83ad1b78c7ce806ced8f1161d
/content/drive/MyDrive/AISC DeepFake Çalışmaları/Deneyler/Kader/Deney 1/Göz/eye_roi_output/real/train/combined/real_train/real_train_00773__face_00.jpg,4502,1786020263000000000,79af7e23ba328ffb8962ed69f8039ea502f79f96253b811c13dfe87b47dbc266
/content/drive/MyDrive/AISC DeepFake Çalışmaları/Deneyler/Kader/Deney 1/Göz/eye_roi_output/real/train/combined/real_train/real_train_00774__face_00.jpg,4482,1786020264000000000,40b6a8e451e0bffc3e3a2915a008bbbff0fc42ed9016559dab854c86499977ec
/content/drive/MyDrive/AISC DeepFake Çalışmaları/Deneyler/Kader/Deney 1/Göz/eye_roi_output/real/train/combined/real_train/real_train_00775__face_00.jpg,5133,1786020264000000000,dd7477bf063ec428a8c9c757d6455a42e3804b4a517d5897915085c649862316
/content/drive/MyDrive/AISC DeepFake Çalışmaları/Deneyler/Kader/Deney 1/Göz/eye_roi_output/real/train/combined/real_train/real_train_00776__face_00.jpg,4533,1786020265000000000,0a1c35cff6e9c2441479d7d57fe5bdc8010f4b41b5c94c978725308d9f01af77
/content/drive/MyDrive/AISC DeepFake Çalışmaları/Deneyler/Kader/Deney 1/Göz/eye_roi_output/real/train/combined/real_train/real_train_00777__face_00.jpg,5612,1786020265000000000,12ce75a413db7b1bf891d8c286d19cfcbee9c96fbe0fef3be0dd67897217c364
/content/drive/MyDrive/AISC DeepFake Çalışmaları/Deneyler/Kader/Deney 1/Göz/eye_roi_output/real/train/combined/real_train/real_train_00778__face_00.jpg,4709,1786020266000000000,da2e4305c6b0b42dc3ece5d41939de1ad3fb4596e07ca83732ed59e4ddbc49ce
/content/drive/MyDrive/AISC DeepFake Çalışmaları/Deneyler/Kader/Deney 1/Göz/eye_roi_output/real/train/combined/real_train/real_train_00779__face_00.jpg,5114,1786020266000000000,75393d3218f240f0486d9ae90297b928d0bdcf35a0fb94b69c8eab53543f8b61
/content/drive/MyDrive/AISC DeepFake Çalışmaları/Deneyler/Kader/Deney 1/Göz/eye_roi_output/real/train/combined/real_train/real_train_00780__face_00.jpg,5279,1786020268000000000,813995aa0e69fcec7202c6c1bbcf293443b04d08f4dd921a2379ed71ea73d98b
/content/drive/MyDrive/AISC DeepFake Çalışmaları/Deneyler/Kader/Deney 1/Göz/eye_roi_output/real/train/combined/real_train/real_train_00781__face_00.jpg,4804,1786020268000000000,de2a78a9bf652e7c8f75a698fe212939b1862a4d115c4b8ed86d6ef11c356176
/content/drive/MyDrive/AISC DeepFake Çalışmaları/Deneyler/Kader/Deney 1/Göz/eye_roi_output/real/train/combined/real_train/real_train_00782__face_00.jpg,6361,1786020269000000000,9c9604fbdca54d6def702b3d5b4cc1ec894b7b6fed483880d7636ab215d5e53f
/content/drive/MyDrive/AISC DeepFake Çalışmaları/Deneyler/Kader/Deney 1/Göz/eye_roi_output/real/train/combined/real_train/real_train_00783__face_00.jpg,5716,1786020269000000000,7d95492feaaefb634e96c57b61fa7d951ff5b7539b91bb87fd38cb47420229c3
/content/drive/MyDrive/AISC DeepFake Çalışmaları/Deneyler/Kader/Deney 1/Göz/eye_roi_output/real/train/combined/real_train/real_train_00784__face_00.jpg,5783,1786020269000000000,7940d299761f0ce65b990e2c50e6b4aa0af6ed79875063ff05e8145dd50221e1
/content/drive/MyDrive/AISC DeepFake Çalışmaları/Deneyler/Kader/Deney 1/Göz/eye_roi_output/real/train/combined/real_train/real_train_00785__face_00.jpg,5050,1786020270000000000,4087af05c93d6913ad1cec8558749800af466aad656a18193d17465cfe1e1db2
/content/drive/MyDrive/AISC DeepFake Çalışmaları/Deneyler/Kader/Deney 1/Göz/eye_roi_output/real/train/combined/real_train/real_train_00786__face_00.jpg,5491,1786020270000000000,0a390b737538ad1e4a850d118a4779350be9dbf07c9ddff1060f7eba36913ae8
/content/drive/MyDrive/AISC DeepFake Çalışmaları/Deneyler/Kader/Deney 1/Göz/eye_roi_output/real/train/combined/real_train/real_train_00787__face_00.jpg,5791,1786020271000000000,ce8d66e15e699f8a9643c770d0f709c04056297dce8c18e5d75eb634549de201
/content/drive/MyDrive/AISC DeepFake Çalışmaları/Deneyler/Kader/Deney 1/Göz/eye_roi_output/real/train/combined/real_train/real_train_00788__face_00.jpg,4711,1786020271000000000,2110d2cedb56d7e7b53ce855fe5e7dd5f7c0e5f1a33e9c2af98ed4ae477b7fd6
/content/drive/MyDrive/AISC DeepFake Çalışmaları/Deneyler/Kader/Deney 1/Göz/eye_roi_output/real/train/combined/real_train/real_train_00789__face_00.jpg,5508,1786020272000000000,71707d03ca11ff3e866be1f207a5efd9f7a3ab57776f00a300ac829ec59d58c7
/content/drive/MyDrive/AISC DeepFake Çalışmaları/Deneyler/Kader/Deney 1/Göz/eye_roi_output/real/train/combined/real_train/real_train_00790__face_00.jpg,5318,1786020272000000000,25e3a7a193d6e7ef0debf5789f8c6c692ca4174b0efb4d1ab72124bb1c29c0b7
/content/drive/MyDrive/AISC DeepFake Çalışmaları/Deneyler/Kader/Deney 1/Göz/eye_roi_output/real/train/combined/real_train/real_train_00791__face_00.jpg,5959,1786020273000000000,f1fd7a4cd75f9cfe1af84bf7c1e1cb48434f7bbf2df54415993e82bf87005948
/content/drive/MyDrive/AISC DeepFake Çalışmaları/Deneyler/Kader/Deney 1/Göz/eye_roi_output/real/train/combined/real_train/real_train_00792__face_00.jpg,5446,1786020274000000000,9807e2f4c0f39ecf422591b223265833acbcdb48e0028e319e9e11f41ae54774
/content/drive/MyDrive/AISC DeepFake Çalışmaları/Deneyler/Kader/Deney 1/Göz/eye_roi_output/real/train/combined/real_train/real_train_00793__face_00.jpg,4938,1786020275000000000,b3678d1a8edce96c44488dbce33f80b2abac4afeb832d433811ca298c6f4f40e
/content/drive/MyDrive/AISC DeepFake Çalışmaları/Deneyler/Kader/Deney 1/Göz/eye_roi_output/real/train/combined/real_train/real_train_00794__face_00.jpg,4725,1786020276000000000,dfdd946b6c0c6264cb0f43401256e0bfbd93f20b9e3270c2225d25e304816f63
/content/drive/MyDrive/AISC DeepFake Çalışmaları/Deneyler/Kader/Deney 1/Göz/eye_roi_output/real/train/combined/real_train/real_train_00795__face_00.jpg,5665,1786020277000000000,53746d3cfa97820ab975f4793225e72c7147f2e4fb6456f7d2c1736c72c14d01
/content/drive/MyDrive/AISC DeepFake Çalışmaları/Deneyler/Kader/Deney 1/Göz/eye_roi_output/real/train/combined/real_train/real_train_00796__face_00.jpg,5344,1786020277000000000,6b5a6a4909f60414759acfc0ba7737cf113b5254c920a0b2ac9d60e6907bfd0c
/content/drive/MyDrive/AISC DeepFake Çalışmaları/Deneyler/Kader/Deney 1/Göz/eye_roi_output/real/train/combined/real_train/real_train_00797__face_00.jpg,4780,1786020279000000000,77f29c83a2a8756492d6934dcb3484918a0803ad8767d7211b92da41ba59646c
/content/drive/MyDrive/AISC DeepFake Çalışmaları/Deneyler/Kader/Deney 1/Göz/eye_roi_output/real/train/combined/real_train/real_train_00798__face_00.jpg,6603,1786020280000000000,1f9852cdebd72e67f767ab20172161966bb5f6897dad3392967b906d0182c398
/content/drive/MyDrive/AISC DeepFake Çalışmaları/Deneyler/Kader/Deney 1/Göz/eye_roi_output/real/train/combined/real_train/real_train_00799__face_00.jpg,6058,1786020280000000000,32dc18fe49ce9504458fbadcea678221e006e192d065d407e9360226c7516049
/content/drive/MyDrive/AISC DeepFake Çalışmaları/Deneyler/Kader/Deney 1/Göz/eye_roi_output/real/train/combined/real_train/real_train_00800__face_00.jpg,4758,1786020281000000000,fa80ee80dbfbe2af6e14871c93f16476670bb15374947397d85aae8638efb839
/content/drive/MyDrive/AISC DeepFake Çalışmaları/Deneyler/Kader/Deney 1/Göz/eye_roi_output/real/train/combined/real_train/real_train_00801__face_00.jpg,5318,1786020281000000000,1e25ff3b275c50df89ccde9147c417776ac3fbfc975ee3d40eab192e927b74cb
/content/drive/MyDrive/AISC DeepFake Çalışmaları/Deneyler/Kader/Deney 1/Göz/eye_roi_output/real/train/combined/real_train/real_train_00802__face_00.jpg,4632,1786020282000000000,632ba3fefeffedb7a9fc0b91f7d5937d2eb0518cac1f489a688c7c46bdc1c121
/content/drive/MyDrive/AISC DeepFake Çalışmaları/Deneyler/Kader/Deney 1/Göz/eye_roi_output/real/train/combined/real_train/real_train_00803__face_00.jpg,5380,1786020282000000000,d544fb15aa145cad560cd014c8a3809fc8d035cf05894a9492c2d12b5f20c41f
/content/drive/MyDrive/AISC DeepFake Çalışmaları/Deneyler/Kader/Deney 1/Göz/eye_roi_output/real/train/combined/real_train/real_train_00804__face_00.jpg,5091,1786020283000000000,236544a84a408cc528b91639faf5c96ff2576fdafa4b9fa57ee23ed4044e2e80
/content/drive/MyDrive/AISC DeepFake Çalışmaları/Deneyler/Kader/Deney 1/Göz/eye_roi_output/real/train/combined/real_train/real_train_00805__face_00.jpg,5204,1786020283000000000,dd53f3d4b3808f8185e242c52f8e97b608fab36c4232b32f352cae41b91e0edb
/content/drive/MyDrive/AISC DeepFake Çalışmaları/Deneyler/Kader/Deney 1/Göz/eye_roi_output/real/train/combined/real_train/real_train_00806__face_00.jpg,5109,1786020283000000000,46d2b076f141cdd4fc30f09953f1ba16a92909ae39d5db0db2b223186dee7afe
/content/drive/MyDrive/AISC DeepFake Çalışmaları/Deneyler/Kader/Deney 1/Göz/eye_roi_output/real/train/combined/real_train/real_train_00807__face_00.jpg,6360,1786020284000000000,f448751a549efb95b46f887b4013846fc03f165d494bd767e4a514969aa8ad76
/content/drive/MyDrive/AISC DeepFake Çalışmaları/Deneyler/Kader/Deney 1/Göz/eye_roi_output/real/train/combined/real_train/real_train_00808__face_00.jpg,5224,1786020284000000000,9c76ea4c01531c2756fe26fba076b8a78d495f715eb646ece2de2204e95b0d37
/content/drive/MyDrive/AISC DeepFake Çalışmaları/Deneyler/Kader/Deney 1/Göz/eye_roi_output/real/train/combined/real_train/real_train_00809__face_00.jpg,5183,1786020285000000000,e4c4ac5a571fbdb2a8f63387ffd557e59aab0ce76c952999ffc24537ccf22673
/content/drive/MyDrive/AISC DeepFake Çalışmaları/Deneyler/Kader/Deney 1/Göz/eye_roi_output/real/train/combined/real_train/real_train_00810__face_00.jpg,4926,1786020285000000000,bc9d2c06d532be6933513c0479c714045d1f8fe8a383800cec36cf9a784b917d
/content/drive/MyDrive/AISC DeepFake Çalışmaları/Deneyler/Kader/Deney 1/Göz/eye_roi_output/real/train/combined/real_train/real_train_00812__face_00.jpg,5383,1786020286000000000,7fa6453044addeb2a52147da1cabe5a19733e81d281c38f07dda7edf23bfde26
/content/drive/MyDrive/AISC DeepFake Çalışmaları/Deneyler/Kader/Deney 1/Göz/eye_roi_output/real/train/combined/real_train/real_train_00813__face_00.jpg,4626,1786020286000000000,bcd54eb1f08d32045c4b6b25ca0147fe551b245287582316983ba11db9df2ddd
/content/drive/MyDrive/AISC DeepFake Çalışmaları/Deneyler/Kader/Deney 1/Göz/eye_roi_output/real/train/combined/real_train/real_train_00814__face_00.jpg,4668,1786020287000000000,9a2e026fcb2be88b336339e788ef8eb8f915b22b2a33c7ec2e1019a3150e5931
/content/drive/MyDrive/AISC DeepFake Çalışmaları/Deneyler/Kader/Deney 1/Göz/eye_roi_output/real/train/combined/real_train/real_train_00815__face_00.jpg,4074,1786020287000000000,e853373bcc961d575c37a4a358bbdf4e9c693c647977205a9d35966d9da26248
/content/drive/MyDrive/AISC DeepFake Çalışmaları/Deneyler/Kader/Deney 1/Göz/eye_roi_output/real/train/combined/real_train/real_train_00816__face_00.jpg,4641,1786020288000000000,f9e1a3d183ad6d0314483e20bb87f89845c974555effaa1c401e260dfe8ae593
/content/drive/MyDrive/AISC DeepFake Çalışmaları/Deneyler/Kader/Deney 1/Göz/eye_roi_output/real/train/combined/real_train/real_train_00817__face_00.jpg,5771,1786020288000000000,b193fbd073db3db3c479e5efd368cd67495e2f006dd773d0eb7fd38b8d7913bc
/content/drive/MyDrive/AISC DeepFake Çalışmaları/Deneyler/Kader/Deney 1/Göz/eye_roi_output/real/train/combined/real_train/real_train_00818__face_00.jpg,4634,1786020288000000000,ad4bdc308d831ea81e420ba7716ab98ce6321e6ddf98f633df7a7dad271bce10
/content/drive/MyDrive/AISC DeepFake Çalışmaları/Deneyler/Kader/Deney 1/Göz/eye_roi_output/real/train/combined/real_train/real_train_00819__face_00.jpg,4873,1786020289000000000,651ca703ee67f6588073e1ae66532fe118c17ed09da0411c8defab9aabfee3fc
/content/drive/MyDrive/AISC DeepFake Çalışmaları/Deneyler/Kader/Deney 1/Göz/eye_roi_output/real/train/combined/real_train/real_train_00820__face_00.jpg,4611,1786020290000000000,3bab2db4d8dd13eeccf01830f41ff3f31e2637e9ecd38d31a3da24a5cb3b92f0
/content/drive/MyDrive/AISC DeepFake Çalışmaları/Deneyler/Kader/Deney 1/Göz/eye_roi_output/real/train/combined/real_train/real_train_00821__face_00.jpg,4725,1786020291000000000,cf193d2f073776171b3711b0cab115053f26ef86d36149fb9ef88b9cf633b78a
/content/drive/MyDrive/AISC DeepFake Çalışmaları/Deneyler/Kader/Deney 1/Göz/eye_roi_output/real/train/combined/real_train/real_train_00822__face_00.jpg,4186,1786020291000000000,07375b0764fc2db167fd27ff529c7516b265ca7567cc30907c359349d8ce2bf0
/content/drive/MyDrive/AISC DeepFake Çalışmaları/Deneyler/Kader/Deney 1/Göz/eye_roi_output/real/train/combined/real_train/real_train_00823__face_00.jpg,5401,1786020291000000000,934242a4231d002c0c36fde66341c31001be968334e12e8ab3145a1a5744300d
/content/drive/MyDrive/AISC DeepFake Çalışmaları/Deneyler/Kader/Deney 1/Göz/eye_roi_output/real/train/combined/real_train/real_train_00823__face_01.jpg,4886,1786020292000000000,9ce4d685f14d8485c7a3126b3d47119ec61c55e3b3a6e50fde1dbe96eae04b5a
/content/drive/MyDrive/AISC DeepFake Çalışmaları/Deneyler/Kader/Deney 1/Göz/eye_roi_output/real/train/combined/real_train/real_train_00824__face_00.jpg,4739,1786020292000000000,5e044ff1b0dd0e780d0bc3de9e512591e03140961d531d11e19d20f5a096dc61
/content/drive/MyDrive/AISC DeepFake Çalışmaları/Deneyler/Kader/Deney 1/Göz/eye_roi_output/real/train/combined/real_train/real_train_00825__face_00.jpg,4536,1786020293000000000,ba7eea2f11755b858a52676c377c7db9cef9f18d2a7bb614e282f32d17ea557c
/content/drive/MyDrive/AISC DeepFake Çalışmaları/Deneyler/Kader/Deney 1/Göz/eye_roi_output/real/train/combined/real_train/real_train_00826__face_00.jpg,5482,1786020293000000000,cece0a4f3aef0b97a6716b8c038449baa88636f61ba04e7929e5c518e735a0e8
/content/drive/MyDrive/AISC DeepFake Çalışmaları/Deneyler/Kader/Deney 1/Göz/eye_roi_output/real/train/combined/real_train/real_train_00827__face_00.jpg,5813,1786020294000000000,7c06b35e01c06b36da563b1b3ac16c2cd295a83df55bd9af0d5284943fb568d7
/content/drive/MyDrive/AISC DeepFake Çalışmaları/Deneyler/Kader/Deney 1/Göz/eye_roi_output/real/train/combined/real_train/real_train_00828__face_00.jpg,5044,1786020294000000000,dff5b1362eb704e983467686ea1370ebd598a89fa122988468d7e6c1ff5900bf
/content/drive/MyDrive/AISC DeepFake Çalışmaları/Deneyler/Kader/Deney 1/Göz/eye_roi_output/real/train/combined/real_train/real_train_00830__face_00.jpg,6235,1786020295000000000,8f8d7c8f30ce0fa399b351fd1e61da8611cf1bc6f770d2eb345f5a915d38292d
/content/drive/MyDrive/AISC DeepFake Çalışmaları/Deneyler/Kader/Deney 1/Göz/eye_roi_output/real/train/combined/real_train/real_train_00831__face_00.jpg,5420,1786020295000000000,a86e29c1d07775671d5529810c99b857f6d1db2a59c9baa826c2bbbf4c76c2bb
/content/drive/MyDrive/AISC DeepFake Çalışmaları/Deneyler/Kader/Deney 1/Göz/eye_roi_output/real/train/combined/real_train/real_train_00832__face_00.jpg,4646,1786020296000000000,38b8a522827517c3d880109649550e44b043108e1f3c556dab3a35478116c203
/content/drive/MyDrive/AISC DeepFake Çalışmaları/Deneyler/Kader/Deney 1/Göz/eye_roi_output/real/train/combined/real_train/real_train_00833__face_00.jpg,4818,1786020296000000000,21c13dddaa115c8841950f29265e58f93f7d493976a18ad1b3b3bc08445b9a62
/content/drive/MyDrive/AISC DeepFake Çalışmaları/Deneyler/Kader/Deney 1/Göz/eye_roi_output/real/train/combined/real_train/real_train_00834__face_00.jpg,4502,1786020297000000000,913d820d2cfbb5c4930aae0e12ddf47a083c2aff642ca111d5346ad557a8bf64
/content/drive/MyDrive/AISC DeepFake Çalışmaları/Deneyler/Kader/Deney 1/Göz/eye_roi_output/real/train/combined/real_train/real_train_00835__face_00.jpg,5292,1786020297000000000,072391f15ddba093209a8da726b06cf782e896472d575cb7c0bf993079fe1c61
/content/drive/MyDrive/AISC DeepFake Çalışmaları/Deneyler/Kader/Deney 1/Göz/eye_roi_output/real/train/combined/real_train/real_train_00836__face_00.jpg,5614,1786020298000000000,6cd12069ec751d850cb50ce8b0b08b79b88288cb653e79deb35a7affad965bde
/content/drive/MyDrive/AISC DeepFake Çalışmaları/Deneyler/Kader/Deney 1/Göz/eye_roi_output/real/train/combined/real_train/real_train_00837__face_00.jpg,4708,1786020298000000000,941b865735839761ad65469ad4a2b9b24dd84cdc7ef300a51c95ca7236e2f940
/content/drive/MyDrive/AISC DeepFake Çalışmaları/Deneyler/Kader/Deney 1/Göz/eye_roi_output/real/train/combined/real_train/real_train_00838__face_00.jpg,4479,1786020299000000000,70bc70d660f769b612c1d94964a0aede16253848bda5338155caa79d0f184666
/content/drive/MyDrive/AISC DeepFake Çalışmaları/Deneyler/Kader/Deney 1/Göz/eye_roi_output/real/train/combined/real_train/real_train_00839__face_00.jpg,5262,1786020299000000000,a4d23b97e4daf0920e986085a27c7624b101345f121da41dc650b2e63ddb2784
/content/drive/MyDrive/AISC DeepFake Çalışmaları/Deneyler/Kader/Deney 1/Göz/eye_roi_output/real/train/combined/real_train/real_train_00840__face_00.jpg,4066,1786020300000000000,ebc9bca3b77502a74e920986cf7b8d2cd8edf3ec25cf44a11ce91ae2b2c2a609
/content/drive/MyDrive/AISC DeepFake Çalışmaları/Deneyler/Kader/Deney 1/Göz/eye_roi_output/real/train/combined/real_train/real_train_00841__face_00.jpg,5924,1786020300000000000,9c2424839259bd1f497fa2ef11ed1ff2d400169fe15a4b1aab11d4903eae650a
/content/drive/MyDrive/AISC DeepFake Çalışmaları/Deneyler/Kader/Deney 1/Göz/eye_roi_output/real/train/combined/real_train/real_train_00842__face_00.jpg,4223,1786020301000000000,01c8daa74f0faa52c07dc3b2c4a0615ba786b6835e27f8748f9cd2fd64391c1f
/content/drive/MyDrive/AISC DeepFake Çalışmaları/Deneyler/Kader/Deney 1/Göz/eye_roi_output/real/train/combined/real_train/real_train_00843__face_00.jpg,4942,1786020301000000000,d07fd8e4aeb839c1878fb7e5ce428befed787384204d70545c525603b07cbda8
/content/drive/MyDrive/AISC DeepFake Çalışmaları/Deneyler/Kader/Deney 1/Göz/eye_roi_output/real/train/combined/real_train/real_train_00844__face_00.jpg,6189,1786020302000000000,1c4e6f0cbb10dfc6f17a9b828c56323d26b08fe8f4ce2f7192f1ca9ed40fd517
/content/drive/MyDrive/AISC DeepFake Çalışmaları/Deneyler/Kader/Deney 1/Göz/eye_roi_output/real/train/combined/real_train/real_train_00845__face_00.jpg,4848,1786020303000000000,d96b81bdbd705667d44522b2d0522a363e9c5ef0b00a2718d24fac66c271fe25
/content/drive/MyDrive/AISC DeepFake Çalışmaları/Deneyler/Kader/Deney 1/Göz/eye_roi_output/real/train/combined/real_train/real_train_00846__face_00.jpg,5174,1786020304000000000,8a23a11f5f7d6860a1648db1368cdfb07818f7edec7a27fec59c6f255af0bc78
/content/drive/MyDrive/AISC DeepFake Çalışmaları/Deneyler/Kader/Deney 1/Göz/eye_roi_output/real/train/combined/real_train/real_train_00847__face_00.jpg,5521,1786020304000000000,e9b2af141b562abfd811a1853937245025fc5ee40c09d5a0821deb227561ad94
/content/drive/MyDrive/AISC DeepFake Çalışmaları/Deneyler/Kader/Deney 1/Göz/eye_roi_output/real/train/combined/real_train/real_train_00848__face_00.jpg,4699,1786020305000000000,7246279deebcd96fa9f0c020fb1ef736292f682ee80442d4d4dd26ad823f83f7
/content/drive/MyDrive/AISC DeepFake Çalışmaları/Deneyler/Kader/Deney 1/Göz/eye_roi_output/real/train/combined/real_train/real_train_00849__face_00.jpg,5173,1786020305000000000,1d98e4bb787e59f70dc19d6da8b7bbc3237bc44d0dd3ae80618921fc683178cd
/content/drive/MyDrive/AISC DeepFake Çalışmaları/Deneyler/Kader/Deney 1/Göz/eye_roi_output/real/train/combined/real_train/real_train_00850__face_00.jpg,5766,1786020306000000000,6cc7bd10aaa25869239507191f1932c588f92fd9298c3a753305a20f4ca463c2
/content/drive/MyDrive/AISC DeepFake Çalışmaları/Deneyler/Kader/Deney 1/Göz/eye_roi_output/real/train/combined/real_train/real_train_00851__face_00.jpg,4582,1786020306000000000,409199600e06c0206b64521b10a39bd4606a7b5777bc3d504ac92f764d4e62da
/content/drive/MyDrive/AISC DeepFake Çalışmaları/Deneyler/Kader/Deney 1/Göz/eye_roi_output/real/train/combined/real_train/real_train_00852__face_00.jpg,5380,1786020307000000000,e262cad4871ff9c86910206b3ee2ebadbb0878a83edfe335a9c8fae3a03bddf8
/content/drive/MyDrive/AISC DeepFake Çalışmaları/Deneyler/Kader/Deney 1/Göz/eye_roi_output/real/train/combined/real_train/real_train_00853__face_00.jpg,5031,1786020307000000000,ca3e0c5c94659f5fb7be812b58b1cb23ef099add7c009763de2a2e1f35d2eb72
/content/drive/MyDrive/AISC DeepFake Çalışmaları/Deneyler/Kader/Deney 1/Göz/eye_roi_output/real/train/combined/real_train/real_train_00853__face_01.jpg,5757,1786020307000000000,c54c474f8738aa9e4c6cc057ab5e5350149a4415887be4d74a6f0b5be7bb640e
/content/drive/MyDrive/AISC DeepFake Çalışmaları/Deneyler/Kader/Deney 1/Göz/eye_roi_output/real/train/combined/real_train/real_train_00854__face_00.jpg,5490,1786020308000000000,45b3743b3ae7de359a9416ac9d0c40b842d6cadd720fa05c4302473a9b4865f3
/content/drive/MyDrive/AISC DeepFake Çalışmaları/Deneyler/Kader/Deney 1/Göz/eye_roi_output/real/train/combined/real_train/real_train_00855__face_00.jpg,5744,1786020308000000000,a196ce85d744f2afe7c5e047c02702f27ac238e55b4311df9be174440e56185b
/content/drive/MyDrive/AISC DeepFake Çalışmaları/Deneyler/Kader/Deney 1/Göz/eye_roi_output/real/train/combined/real_train/real_train_00855__face_01.jpg,6243,1786020308000000000,8a2d6285ea6be4e6f3a59045788ee41b9e382a349dd1fc2dc922b2aeb30a8b38
/content/drive/MyDrive/AISC DeepFake Çalışmaları/Deneyler/Kader/Deney 1/Göz/eye_roi_output/real/train/combined/real_train/real_train_00856__face_00.jpg,5325,1786020309000000000,acea9739743144e0f12ebbc7409ecb5735eff82e8c9ec7ea42034fd020aabb58
/content/drive/MyDrive/AISC DeepFake Çalışmaları/Deneyler/Kader/Deney 1/Göz/eye_roi_output/real/train/combined/real_train/real_train_00857__face_00.jpg,4960,1786020309000000000,c94f06b64b76b6c93a99eb55ad7d84e26c9e1b3fe7272716c38b9e019a39bacc
/content/drive/MyDrive/AISC DeepFake Çalışmaları/Deneyler/Kader/Deney 1/Göz/eye_roi_output/real/train/combined/real_train/real_train_00858__face_00.jpg,5412,1786020310000000000,7690fbfb50b52a847dde86913c33ded1f1a11b392abf3c8f890a907f25c9e693
/content/drive/MyDrive/AISC DeepFake Çalışmaları/Deneyler/Kader/Deney 1/Göz/eye_roi_output/real/train/combined/real_train/real_train_00859__face_00.jpg,5161,1786020310000000000,b09d0141bde1641d1c458fb1d3fdf4e02e102a7e59cac4d77e815c2589867447
/content/drive/MyDrive/AISC DeepFake Çalışmaları/Deneyler/Kader/Deney 1/Göz/eye_roi_output/real/train/combined/real_train/real_train_00860__face_00.jpg,6080,1786020311000000000,7e8e817d6d14e62fdc7b9077a5e5d47fc3287383420ab976a7e8bda291fe66a7
/content/drive/MyDrive/AISC DeepFake Çalışmaları/Deneyler/Kader/Deney 1/Göz/eye_roi_output/real/train/combined/real_train/real_train_00861__face_00.jpg,4753,1786020311000000000,5d687f1953610b3afca128cdcc6c636b971b21d5c4c5c3167b9517da7028aff1
/content/drive/MyDrive/AISC DeepFake Çalışmaları/Deneyler/Kader/Deney 1/Göz/eye_roi_output/real/train/combined/real_train/real_train_00862__face_00.jpg,5107,1786020312000000000,b30a7d60153659e8bb0ab7675506b524b58f3ec187be268bdff32f04cdf43496
/content/drive/MyDrive/AISC DeepFake Çalışmaları/Deneyler/Kader/Deney 1/Göz/eye_roi_output/real/train/combined/real_train/real_train_00863__face_00.jpg,5406,1786020312000000000,4a2487363cdc4258ef95bacfe9fd4f50c7d6a4ac09fc59f962f845eb87307d35
/content/drive/MyDrive/AISC DeepFake Çalışmaları/Deneyler/Kader/Deney 1/Göz/eye_roi_output/real/train/combined/real_train/real_train_00864__face_00.jpg,4597,1786020313000000000,84dc7d4119f35fc422c7ab70873fb298b836aa93155791a1ccca6edb09d1de0c
/content/drive/MyDrive/AISC DeepFake Çalışmaları/Deneyler/Kader/Deney 1/Göz/eye_roi_output/real/train/combined/real_train/real_train_00865__face_00.jpg,5442,1786020313000000000,c82eb9a58817ad534e99a52c0eb82f707dafc32e10430373f7ca3b65f7ec9503
/content/drive/MyDrive/AISC DeepFake Çalışmaları/Deneyler/Kader/Deney 1/Göz/eye_roi_output/real/train/combined/real_train/real_train_00866__face_00.jpg,5752,1786020314000000000,c3a7ad6c35a8aced4660689fe61ac37b5406c796f62688dfb44908bb90712e77
/content/drive/MyDrive/AISC DeepFake Çalışmaları/Deneyler/Kader/Deney 1/Göz/eye_roi_output/real/train/combined/real_train/real_train_00867__face_00.jpg,4786,1786020315000000000,92a6ece1ed8da4f8042d4011932d90ba2b29d38876e48c9f90ddd06d472ac6bd
/content/drive/MyDrive/AISC DeepFake Çalışmaları/Deneyler/Kader/Deney 1/Göz/eye_roi_output/real/train/combined/real_train/real_train_00868__face_00.jpg,5945,1786020315000000000,ba69c9daab68e2b5d3408296ed968f770b8b3ffa4a02affcd1035bd6c670be2b
/content/drive/MyDrive/AISC DeepFake Çalışmaları/Deneyler/Kader/Deney 1/Göz/eye_roi_output/real/train/combined/real_train/real_train_00869__face_00.jpg,4719,1786020316000000000,0d222d37baee38d425af1d521adf0f419d198f8c8746cf7df571dc957f397ade
/content/drive/MyDrive/AISC DeepFake Çalışmaları/Deneyler/Kader/Deney 1/Göz/eye_roi_output/real/train/combined/real_train/real_train_00870__face_00.jpg,3097,1786020317000000000,28be05496f59c79482f0ac3e0a55e64c8b278705b3b9ce0e067f07495c3363f8
/content/drive/MyDrive/AISC DeepFake Çalışmaları/Deneyler/Kader/Deney 1/Göz/eye_roi_output/real/train/combined/real_train/real_train_00871__face_00.jpg,5529,1786020318000000000,76a09b0d228054d8b4d95410bee38a2851410ad1eab041adcb45efb7a3437a72
/content/drive/MyDrive/AISC DeepFake Çalışmaları/Deneyler/Kader/Deney 1/Göz/eye_roi_output/real/train/combined/real_train/real_train_00872__face_00.jpg,6410,1786020318000000000,21c911d96afa28ff51196b204024bdbdc66cc236459d73422533df31520af40d
/content/drive/MyDrive/AISC DeepFake Çalışmaları/Deneyler/Kader/Deney 1/Göz/eye_roi_output/real/train/combined/real_train/real_train_00873__face_00.jpg,5926,1786020319000000000,5594863aa91c7cfb2806af4c0881b4e074b6a8cf437f41e47453efde9f1b2434
/content/drive/MyDrive/AISC DeepFake Çalışmaları/Deneyler/Kader/Deney 1/Göz/eye_roi_output/real/train/combined/real_train/real_train_00874__face_00.jpg,4515,1786020319000000000,9586e03ab49c4e82841299b7d68ea3c3ec9dfcd951488bea6f4ceacbab8c89bb
/content/drive/MyDrive/AISC DeepFake Çalışmaları/Deneyler/Kader/Deney 1/Göz/eye_roi_output/real/train/combined/real_train/real_train_00875__face_00.jpg,5142,1786020320000000000,854bd6eb2be9aafb4a439463656ba85af996f0d36d947bc66f9abb206b29659e
/content/drive/MyDrive/AISC DeepFake Çalışmaları/Deneyler/Kader/Deney 1/Göz/eye_roi_output/real/train/combined/real_train/real_train_00876__face_00.jpg,6020,1786020320000000000,cc9490e77c4673a2a398ec06e71cbdecfd9bc0b9413dfea38af61513a50ea5fb
/content/drive/MyDrive/AISC DeepFake Çalışmaları/Deneyler/Kader/Deney 1/Göz/eye_roi_output/real/train/combined/real_train/real_train_00878__face_00.jpg,6636,1786020321000000000,6da9daaf7af41c18d15721ee35fa80368a0fa93c37004bde33e2e6515d60281f
/content/drive/MyDrive/AISC DeepFake Çalışmaları/Deneyler/Kader/Deney 1/Göz/eye_roi_output/real/train/combined/real_train/real_train_00879__face_00.jpg,5210,1786020321000000000,05fb47e4ef17a3d1828df0f8d3395c21c5db2a7450774a7d1efefb93c8710771
/content/drive/MyDrive/AISC DeepFake Çalışmaları/Deneyler/Kader/Deney 1/Göz/eye_roi_output/real/train/combined/real_train/real_train_00880__face_00.jpg,4886,1786020322000000000,f0faac8cdb07fc0ab23fdbc15b098af06433b2307fb96635551bac090775adeb
/content/drive/MyDrive/AISC DeepFake Çalışmaları/Deneyler/Kader/Deney 1/Göz/eye_roi_output/real/train/combined/real_train/real_train_00881__face_00.jpg,5176,1786020322000000000,476b09cbff58010f73012d17154dee3daffc05ac0f3152b49f13edb147b206fe
/content/drive/MyDrive/AISC DeepFake Çalışmaları/Deneyler/Kader/Deney 1/Göz/eye_roi_output/real/train/combined/real_train/real_train_00882__face_00.jpg,4637,1786020322000000000,a97fc16b4a600a2ce069479be278019a8d26868820f99bf4ab40cf98e0374271
/content/drive/MyDrive/AISC DeepFake Çalışmaları/Deneyler/Kader/Deney 1/Göz/eye_roi_output/real/train/combined/real_train/real_train_00883__face_00.jpg,5577,1786020323000000000,4b544e055058bc0ff58288589ee5438be635c44709ae694054fcbf5fcf70614e
/content/drive/MyDrive/AISC DeepFake Çalışmaları/Deneyler/Kader/Deney 1/Göz/eye_roi_output/real/train/combined/real_train/real_train_00884__face_00.jpg,4634,1786020324000000000,ce15dfbb6f24ee5852a5a5a321db605dd35abc12b9e848e97482282c68e11570
/content/drive/MyDrive/AISC DeepFake Çalışmaları/Deneyler/Kader/Deney 1/Göz/eye_roi_output/real/train/combined/real_train/real_train_00885__face_00.jpg,4954,1786020324000000000,a3aafb9d0311a143735d3af518ca2af5f523a59a92509220ea1bf88ee90894f1
/content/drive/MyDrive/AISC DeepFake Çalışmaları/Deneyler/Kader/Deney 1/Göz/eye_roi_output/real/train/combined/real_train/real_train_00886__face_00.jpg,5849,1786020324000000000,fc39929c034c84afdc8381793415f7732736735da9ba48bc301a6cfea457146d
/content/drive/MyDrive/AISC DeepFake Çalışmaları/Deneyler/Kader/Deney 1/Göz/eye_roi_output/real/train/combined/real_train/real_train_00887__face_00.jpg,5706,1786020325000000000,404d65d5a4683c0b177d38a754205d297b0e37b97a522425034b7592aa60025c
/content/drive/MyDrive/AISC DeepFake Çalışmaları/Deneyler/Kader/Deney 1/Göz/eye_roi_output/real/train/combined/real_train/real_train_00888__face_00.jpg,4816,1786020326000000000,00ec0f1453d539d1d302280959d1611309be2948a694b4a2076fd9fd4f71731a
/content/drive/MyDrive/AISC DeepFake Çalışmaları/Deneyler/Kader/Deney 1/Göz/eye_roi_output/real/train/combined/real_train/real_train_00889__face_00.jpg,5041,1786020326000000000,31883e2be2c48ee949f2c7c9efa2697aca475d1a353d2ca8d7efe7b295e7617b
/content/drive/MyDrive/AISC DeepFake Çalışmaları/Deneyler/Kader/Deney 1/Göz/eye_roi_output/real/train/combined/real_train/real_train_00890__face_00.jpg,5244,1786020327000000000,7784c3e0babaa70e56f0eaf5c821a3b25a80152069f5a82c6ca1f4562c8ab579
/content/drive/MyDrive/AISC DeepFake Çalışmaları/Deneyler/Kader/Deney 1/Göz/eye_roi_output/real/train/combined/real_train/real_train_00891__face_00.jpg,5072,1786020328000000000,a8c05586fc9e43ea7fadc3e69747d5aa788570e0287aca03e31e46b4c2e246ed
/content/drive/MyDrive/AISC DeepFake Çalışmaları/Deneyler/Kader/Deney 1/Göz/eye_roi_output/real/train/combined/real_train/real_train_00892__face_00.jpg,5317,1786020328000000000,2e5d2959c984afa867dcc38e6f6cd365ff841b9a76325ca6032e53bff38e4146
/content/drive/MyDrive/AISC DeepFake Çalışmaları/Deneyler/Kader/Deney 1/Göz/eye_roi_output/real/train/combined/real_train/real_train_00893__face_00.jpg,6296,1786020329000000000,527cebfe72da16b91bf8cdf23367a31b03d69419b8da0fc7e7fbd9ba8c91eceb
/content/drive/MyDrive/AISC DeepFake Çalışmaları/Deneyler/Kader/Deney 1/Göz/eye_roi_output/real/train/combined/real_train/real_train_00894__face_00.jpg,5534,1786020329000000000,e89f2facfcbd91dab3640bbf03fbe32bf4c6569271db77a746d400622d593142
/content/drive/MyDrive/AISC DeepFake Çalışmaları/Deneyler/Kader/Deney 1/Göz/eye_roi_output/real/train/combined/real_train/real_train_00895__face_00.jpg,4064,1786020331000000000,3071f6b8324d20ca97843d25955324b250acc5e06b14100fa12c46ee2d86141b
/content/drive/MyDrive/AISC DeepFake Çalışmaları/Deneyler/Kader/Deney 1/Göz/eye_roi_output/real/train/combined/real_train/real_train_00896__face_00.jpg,5570,1786020331000000000,957cf419cf943222e100a73261df0121b95e9c49665e4257ecd63d4106a87173
/content/drive/MyDrive/AISC DeepFake Çalışmaları/Deneyler/Kader/Deney 1/Göz/eye_roi_output/real/train/combined/real_train/real_train_00897__face_00.jpg,4815,1786020332000000000,4f0da3a013786e9f19275b5a4cf6862fc5fa5560150015d81fb271cb456e4bfa
/content/drive/MyDrive/AISC DeepFake Çalışmaları/Deneyler/Kader/Deney 1/Göz/eye_roi_output/real/train/combined/real_train/real_train_00898__face_00.jpg,5068,1786020332000000000,2a3eb4791e330024f3eaf4754bd51e838acfc1c59740cc6a97402e375dfb399d
/content/drive/MyDrive/AISC DeepFake Çalışmaları/Deneyler/Kader/Deney 1/Göz/eye_roi_output/real/train/combined/real_train/real_train_00899__face_00.jpg,5108,1786020333000000000,5fce45bb9e5ba2b7f98f755c926e598f676272ef01011e1f267f2823095e35e6
/content/drive/MyDrive/AISC DeepFake Çalışmaları/Deneyler/Kader/Deney 1/Göz/eye_roi_output/real/train/combined/real_train/real_train_00900__face_00.jpg,5301,1786020334000000000,0dbeba02f53d9ad3a6f626fce490a9781f18d3b6bab4ce591fbd76c257a1de2d
/content/drive/MyDrive/AISC DeepFake Çalışmaları/Deneyler/Kader/Deney 1/Göz/eye_roi_output/real/train/combined/real_train/real_train_00901__face_00.jpg,6620,1786020334000000000,8fb331ceb7dcb2649cde663e7749e2396892e120d3e7533b16ad46c1e8565aa0
/content/drive/MyDrive/AISC DeepFake Çalışmaları/Deneyler/Kader/Deney 1/Göz/eye_roi_output/real/train/combined/real_train/real_train_00902__face_00.jpg,5287,1786020335000000000,7c83984d18fe7b7e7037e3c4667d68b6a6e5a396bc3e73ed35273615c43123b8
/content/drive/MyDrive/AISC DeepFake Çalışmaları/Deneyler/Kader/Deney 1/Göz/eye_roi_output/real/train/combined/real_train/real_train_00903__face_00.jpg,6050,1786020335000000000,bf020252da7f6df98875c6990ba0ffbe551a4f102b7dbc97a36095e5cd5535ad
/content/drive/MyDrive/AISC DeepFake Çalışmaları/Deneyler/Kader/Deney 1/Göz/eye_roi_output/real/train/combined/real_train/real_train_00904__face_00.jpg,4654,1786020335000000000,04dff34774dc6017368879dde4db2a0db0ccb8e7bde3fc42d7d2b4809f94921a
/content/drive/MyDrive/AISC DeepFake Çalışmaları/Deneyler/Kader/Deney 1/Göz/eye_roi_output/real/train/combined/real_train/real_train_00905__face_00.jpg,4553,1786020336000000000,4d3210603206168bfe5bb3e4a273a2408c98cea41806d321e5ad375e00d71728
/content/drive/MyDrive/AISC DeepFake Çalışmaları/Deneyler/Kader/Deney 1/Göz/eye_roi_output/real/train/combined/real_train/real_train_00906__face_00.jpg,4858,1786020336000000000,4c6535554e36259a93bb9f30ac4771e1883691c185716fca83b9c2afd414b3ed
/content/drive/MyDrive/AISC DeepFake Çalışmaları/Deneyler/Kader/Deney 1/Göz/eye_roi_output/real/train/combined/real_train/real_train_00907__face_00.jpg,4678,1786020337000000000,1e8529632252bd31c8121a16a0dc4d23d813ed3192ef98e752b0fee1db91792f
/content/drive/MyDrive/AISC DeepFake Çalışmaları/Deneyler/Kader/Deney 1/Göz/eye_roi_output/real/train/combined/real_train/real_train_00908__face_00.jpg,4948,1786020337000000000,e81910732e68e0b86351ca2345199f5e503a79bc7a1ebaac14882b9b1b13d78e
/content/drive/MyDrive/AISC DeepFake Çalışmaları/Deneyler/Kader/Deney 1/Göz/eye_roi_output/real/train/combined/real_train/real_train_00909__face_00.jpg,4707,1786020337000000000,da68db6af239a7a2e07e4212d0c7b67ed452fefc5d71e4b99d96ad64f0cff487
/content/drive/MyDrive/AISC DeepFake Çalışmaları/Deneyler/Kader/Deney 1/Göz/eye_roi_output/real/train/combined/real_train/real_train_00910__face_00.jpg,5518,1786020338000000000,fc56ffe35fac6dd0e6c274bd31214780b71d5db7cd579adc2e0d45945196dc91
/content/drive/MyDrive/AISC DeepFake Çalışmaları/Deneyler/Kader/Deney 1/Göz/eye_roi_output/real/train/combined/real_train/real_train_00911__face_00.jpg,5511,1786020338000000000,ac99516d7ed3f2afbe0ccaef133b548264d25a5d4dfe5935b6e46f7f93253730
/content/drive/MyDrive/AISC DeepFake Çalışmaları/Deneyler/Kader/Deney 1/Göz/eye_roi_output/real/train/combined/real_train/real_train_00912__face_00.jpg,5917,1786020339000000000,2bbe8dd2b19036fc5a34d48aaa5dc94c01da56916e9d5c981b4a7e237b57550d
/content/drive/MyDrive/AISC DeepFake Çalışmaları/Deneyler/Kader/Deney 1/Göz/eye_roi_output/real/train/combined/real_train/real_train_00913__face_00.jpg,3827,1786020339000000000,c0fa9417c932c972ec1470afe35dca5af8933c751ba521803195da54099abc05
/content/drive/MyDrive/AISC DeepFake Çalışmaları/Deneyler/Kader/Deney 1/Göz/eye_roi_output/real/train/combined/real_train/real_train_00914__face_00.jpg,4750,1786020340000000000,d9d1282e2ccfa67a361806a581a1421be28d8d3011555a92fae720469f3099b9
/content/drive/MyDrive/AISC DeepFake Çalışmaları/Deneyler/Kader/Deney 1/Göz/eye_roi_output/real/train/combined/real_train/real_train_00915__face_00.jpg,5147,1786020340000000000,6e7f3383a87600eeb27cc723c639e4166aa2b2450d818384d526d65fb9b5a8e1
/content/drive/MyDrive/AISC DeepFake Çalışmaları/Deneyler/Kader/Deney 1/Göz/eye_roi_output/real/train/combined/real_train/real_train_00916__face_00.jpg,6196,1786020341000000000,90498fb3e4e36422e1ea97fecf9bd226257d775a5b907eef2c4d24b48ab23b31
/content/drive/MyDrive/AISC DeepFake Çalışmaları/Deneyler/Kader/Deney 1/Göz/eye_roi_output/real/train/combined/real_train/real_train_00917__face_00.jpg,5880,1786020341000000000,024664e2682ca7ffda3e6369597d16814d6897dd19f6ea255326a7aedf149125
/content/drive/MyDrive/AISC DeepFake Çalışmaları/Deneyler/Kader/Deney 1/Göz/eye_roi_output/real/train/combined/real_train/real_train_00918__face_00.jpg,5114,1786020342000000000,dda401c1fc95df73d359761f9a010e5b28d187baa155de723bf7b61df6cd8a1e
/content/drive/MyDrive/AISC DeepFake Çalışmaları/Deneyler/Kader/Deney 1/Göz/eye_roi_output/real/train/combined/real_train/real_train_00919__face_00.jpg,5342,1786020342000000000,5eaaaa9f9784a49a3d033b76fc78de0f219c446cce54afc20e497513f6e2add0
/content/drive/MyDrive/AISC DeepFake Çalışmaları/Deneyler/Kader/Deney 1/Göz/eye_roi_output/real/train/combined/real_train/real_train_00920__face_00.jpg,5518,1786020343000000000,18c22c0c9fc085963a636c2d651f8f6e6fc52d1e7f0c025f83e442fd9a1b8d31
/content/drive/MyDrive/AISC DeepFake Çalışmaları/Deneyler/Kader/Deney 1/Göz/eye_roi_output/real/train/combined/real_train/real_train_00921__face_00.jpg,5435,1786020344000000000,2ba91eb255d3e19d7807bbff0a582ce11b349b19a53cec66bb5e1585b9043a7c
/content/drive/MyDrive/AISC DeepFake Çalışmaları/Deneyler/Kader/Deney 1/Göz/eye_roi_output/real/train/combined/real_train/real_train_00922__face_00.jpg,4977,1786020344000000000,b5c3ec7800cb52de0d48555c64c7da0ec472ad27bdb16c72578c8964f62046ce
/content/drive/MyDrive/AISC DeepFake Çalışmaları/Deneyler/Kader/Deney 1/Göz/eye_roi_output/real/train/combined/real_train/real_train_00923__face_00.jpg,4058,1786020345000000000,d1719f085aec3668bebd33e7768d7a5f9b95e1aa445233795d625aaf3ce3f1a3
/content/drive/MyDrive/AISC DeepFake Çalışmaları/Deneyler/Kader/Deney 1/Göz/eye_roi_output/real/train/combined/real_train/real_train_00924__face_00.jpg,6490,1786020345000000000,ab413a1b1b706238640d1e527ae27546fea1bce4504a51bdbfb6142c449d5a0b
/content/drive/MyDrive/AISC DeepFake Çalışmaları/Deneyler/Kader/Deney 1/Göz/eye_roi_output/real/train/combined/real_train/real_train_00925__face_00.jpg,5020,1786020346000000000,8a0dd912448d7e77f331d282d0dbeb6732e612dab60d6b99592c16d99464737b
/content/drive/MyDrive/AISC DeepFake Çalışmaları/Deneyler/Kader/Deney 1/Göz/eye_roi_output/real/train/combined/real_train/real_train_00926__face_00.jpg,5388,1786020346000000000,7ed4941dbb6f31d80f3faef6c6308fdc826da8bbd9fb263f3ffe64fa1151a128
/content/drive/MyDrive/AISC DeepFake Çalışmaları/Deneyler/Kader/Deney 1/Göz/eye_roi_output/real/train/combined/real_train/real_train_00927__face_00.jpg,5389,1786020347000000000,f37e65c019f60897320da93dba564127dda5cbfae0dd07724f93fb78e038f084
/content/drive/MyDrive/AISC DeepFake Çalışmaları/Deneyler/Kader/Deney 1/Göz/eye_roi_output/real/train/combined/real_train/real_train_00928__face_00.jpg,5494,1786020348000000000,ae3f926cc92c3fd25f7d39b901c9a96c3657015d1ab424aa31ee9284693bb524
/content/drive/MyDrive/AISC DeepFake Çalışmaları/Deneyler/Kader/Deney 1/Göz/eye_roi_output/real/train/combined/real_train/real_train_00929__face_00.jpg,4780,1786020348000000000,1afd90a3bcc88da30c3f464cfe48a263dbe90983079f0c47dacc5388099d8249
/content/drive/MyDrive/AISC DeepFake Çalışmaları/Deneyler/Kader/Deney 1/Göz/eye_roi_output/real/train/combined/real_train/real_train_00931__face_00.jpg,5567,1786020349000000000,26e4acb23beb56e3f34440e6e0a1430a37a06aebfd965de869765e5c5874f217
/content/drive/MyDrive/AISC DeepFake Çalışmaları/Deneyler/Kader/Deney 1/Göz/eye_roi_output/real/train/combined/real_train/real_train_00932__face_00.jpg,4514,1786020349000000000,06b8fe57d0c594fd98479c2e53104fc2e3ec2053b6b3097ae5ef9321edfebbc9
/content/drive/MyDrive/AISC DeepFake Çalışmaları/Deneyler/Kader/Deney 1/Göz/eye_roi_output/real/train/combined/real_train/real_train_00933__face_00.jpg,4405,1786020350000000000,68bca0ff26ea872574618be3630981b16f1f78df2e65f66b44ec48971ecc6dd8
/content/drive/MyDrive/AISC DeepFake Çalışmaları/Deneyler/Kader/Deney 1/Göz/eye_roi_output/real/train/combined/real_train/real_train_00934__face_00.jpg,5497,1786020350000000000,a5e95d09e1d60588fc7ffd746340b7173c35fd59584ff4e12684702f0232bbec
/content/drive/MyDrive/AISC DeepFake Çalışmaları/Deneyler/Kader/Deney 1/Göz/eye_roi_output/real/train/combined/real_train/real_train_00935__face_00.jpg,5918,1786020351000000000,2a7a70d96178c392db241647ef5c905ec84e40eba74f3b44e044e3d386307bbe
/content/drive/MyDrive/AISC DeepFake Çalışmaları/Deneyler/Kader/Deney 1/Göz/eye_roi_output/real/train/combined/real_train/real_train_00936__face_00.jpg,5012,1786020351000000000,69ca67d38dc5f51f749eef794f656599a6e450ab4f90ca08cd292204628788c0
/content/drive/MyDrive/AISC DeepFake Çalışmaları/Deneyler/Kader/Deney 1/Göz/eye_roi_output/real/train/combined/real_train/real_train_00937__face_00.jpg,4753,1786020352000000000,59ac4c7f1e544cf3b791f19668e66397236ecbff28054b5cc5f60531377d5151
/content/drive/MyDrive/AISC DeepFake Çalışmaları/Deneyler/Kader/Deney 1/Göz/eye_roi_output/real/train/combined/real_train/real_train_00938__face_00.jpg,4545,1786020352000000000,ccd1cd69f36caee70473e94378af8f77481815390ce130d602e31c69fe94185e
/content/drive/MyDrive/AISC DeepFake Çalışmaları/Deneyler/Kader/Deney 1/Göz/eye_roi_output/real/train/combined/real_train/real_train_00939__face_00.jpg,5939,1786020353000000000,f6e95a0287425f421313e93c2cc11f2f118fa02a29ea7e6829fefbbe0065f80a
/content/drive/MyDrive/AISC DeepFake Çalışmaları/Deneyler/Kader/Deney 1/Göz/eye_roi_output/real/train/combined/real_train/real_train_00940__face_00.jpg,4316,1786020353000000000,f4403ae8d56347f39567a2ce50e4c1b603376cdd9ddd624da1149f93c019b804
/content/drive/MyDrive/AISC DeepFake Çalışmaları/Deneyler/Kader/Deney 1/Göz/eye_roi_output/real/train/combined/real_train/real_train_00941__face_00.jpg,4885,1786020354000000000,ebdbaeae286cbaa3b68f54c060c9ca51f84159b9f618bfa4f00c4ac8cbf3357a
/content/drive/MyDrive/AISC DeepFake Çalışmaları/Deneyler/Kader/Deney 1/Göz/eye_roi_output/real/train/combined/real_train/real_train_00942__face_00.jpg,5823,1786020354000000000,dcce853a3f1cefe7ef7806c84a14d2fff017d9d29ab4483fe24ddffd3d538544
/content/drive/MyDrive/AISC DeepFake Çalışmaları/Deneyler/Kader/Deney 1/Göz/eye_roi_output/real/train/combined/real_train/real_train_00943__face_00.jpg,5869,1786020355000000000,f2655092391f5db60f2ff4dc77ed52ac4a1ba946fdcee9a8b9083f825117ac20
/content/drive/MyDrive/AISC DeepFake Çalışmaları/Deneyler/Kader/Deney 1/Göz/eye_roi_output/real/train/combined/real_train/real_train_00944__face_00.jpg,5679,1786020355000000000,a6eafc0b32583785ac303cda5c0357ad524babcb92201f31aff6aa3309f0ccee
/content/drive/MyDrive/AISC DeepFake Çalışmaları/Deneyler/Kader/Deney 1/Göz/eye_roi_output/real/train/combined/real_train/real_train_00945__face_00.jpg,5051,1786020357000000000,7afa01cf046201ccfc1def96f5a9917bab89ba5f4accdb7e9fe5c20a772fb6f6
/content/drive/MyDrive/AISC DeepFake Çalışmaları/Deneyler/Kader/Deney 1/Göz/eye_roi_output/real/train/combined/real_train/real_train_00946__face_00.jpg,6357,1786020357000000000,bf1712f1441e8f83d8c457ff3cf06a6a057c2e3f399262b804bc08bce4ca6af5
/content/drive/MyDrive/AISC DeepFake Çalışmaları/Deneyler/Kader/Deney 1/Göz/eye_roi_output/real/train/combined/real_train/real_train_00947__face_00.jpg,4950,1786020358000000000,aee5169b9a4c22b913e3619d360a493d59987b953f673bea99455a2a581a751c
/content/drive/MyDrive/AISC DeepFake Çalışmaları/Deneyler/Kader/Deney 1/Göz/eye_roi_output/real/train/combined/real_train/real_train_00948__face_00.jpg,4803,1786020358000000000,6ca3c2a3af89ece32aa0ecfe144210218654c33bb1f63d84644b941c68e6cf5f
/content/drive/MyDrive/AISC DeepFake Çalışmaları/Deneyler/Kader/Deney 1/Göz/eye_roi_output/real/train/combined/real_train/real_train_00949__face_00.jpg,4617,1786020359000000000,404db7a527a59b43a051cc587c92eddc2b2e2d3be430a1387b14226829ea88b7
/content/drive/MyDrive/AISC DeepFake Çalışmaları/Deneyler/Kader/Deney 1/Göz/eye_roi_output/real/train/combined/real_train/real_train_00950__face_00.jpg,5155,1786020359000000000,2a91333bde11a6e1c0cc86feb5ca53044c9aea5c4bee470a4c5826589f8ea0ce
/content/drive/MyDrive/AISC DeepFake Çalışmaları/Deneyler/Kader/Deney 1/Göz/eye_roi_output/real/train/combined/real_train/real_train_00951__face_00.jpg,4969,1786020360000000000,3996e5799b9ee448ecc6412cf2cefccbdcc0f75c3648c9357bbb4b8623611cd5
/content/drive/MyDrive/AISC DeepFake Çalışmaları/Deneyler/Kader/Deney 1/Göz/eye_roi_output/real/train/combined/real_train/real_train_00952__face_00.jpg,4323,1786020360000000000,8ca1a0d3ba5b7836776e8e97d2a2eaab613d236eca8b672014b426999491ec0f
/content/drive/MyDrive/AISC DeepFake Çalışmaları/Deneyler/Kader/Deney 1/Göz/eye_roi_output/real/train/combined/real_train/real_train_00953__face_00.jpg,4970,1786020361000000000,6eedf1e3b56b8d0ab28c9dc9b8dffcf936b25ae5720c13ce0fcea2c8d77a8f72
/content/drive/MyDrive/AISC DeepFake Çalışmaları/Deneyler/Kader/Deney 1/Göz/eye_roi_output/real/train/combined/real_train/real_train_00954__face_00.jpg,5766,1786020361000000000,084d1506378709e646df5f9378ed7265b71d336c07ad578cc17243ab9aeaf97d
/content/drive/MyDrive/AISC DeepFake Çalışmaları/Deneyler/Kader/Deney 1/Göz/eye_roi_output/real/train/combined/real_train/real_train_00956__face_00.jpg,4893,1786020362000000000,a92bf9f257b7a196926be2e9f35bb37004dbfb700386515e0faff745ffd4ca84
/content/drive/MyDrive/AISC DeepFake Çalışmaları/Deneyler/Kader/Deney 1/Göz/eye_roi_output/real/train/combined/real_train/real_train_00957__face_00.jpg,5309,1786020363000000000,087a92e227e499af78a4a626c8f137c2bb1a2ce3353cc01ee0d73501a23c31b8
/content/drive/MyDrive/AISC DeepFake Çalışmaları/Deneyler/Kader/Deney 1/Göz/eye_roi_output/real/train/combined/real_train/real_train_00959__face_00.jpg,4797,1786020363000000000,3bdc9ae3856f62b9070996dbdc0bcde69ee463bb956801a8f1bbaac9e4dd734e
/content/drive/MyDrive/AISC DeepFake Çalışmaları/Deneyler/Kader/Deney 1/Göz/eye_roi_output/real/train/combined/real_train/real_train_00960__face_00.jpg,5784,1786020364000000000,9f8165be99d186d4209e5deb35a49d78e5cdbd14ce8afdd72e66f750618b31af
/content/drive/MyDrive/AISC DeepFake Çalışmaları/Deneyler/Kader/Deney 1/Göz/eye_roi_output/real/train/combined/real_train/real_train_00961__face_00.jpg,3948,1786020364000000000,45ba7386aecea5b75ef202c1f043f2a3ca2b671cd714f8e0cac52edcf1e90891
/content/drive/MyDrive/AISC DeepFake Çalışmaları/Deneyler/Kader/Deney 1/Göz/eye_roi_output/real/train/combined/real_train/real_train_00962__face_00.jpg,4615,1786020365000000000,b74408da6dc5aab8fdc2648674eb46aa646fca4e563cfeece4b1fc0b0eba3101
/content/drive/MyDrive/AISC DeepFake Çalışmaları/Deneyler/Kader/Deney 1/Göz/eye_roi_output/real/train/combined/real_train/real_train_00963__face_00.jpg,4500,1786020365000000000,7cdfc9ed39f033a7b16595acaae5818ab090f914631cb4afc8248aa0f14a13ab
/content/drive/MyDrive/AISC DeepFake Çalışmaları/Deneyler/Kader/Deney 1/Göz/eye_roi_output/real/train/combined/real_train/real_train_00964__face_00.jpg,5240,1786020365000000000,00038abb2e860e4348343e3163cadf92e027cb7a5e6370239abb9f66b426c5f9
/content/drive/MyDrive/AISC DeepFake Çalışmaları/Deneyler/Kader/Deney 1/Göz/eye_roi_output/real/train/combined/real_train/real_train_00965__face_00.jpg,4640,1786020366000000000,78ccad81815ab65addb2c7044d47ac93c502a610b3533bad5b2707817d173f64
/content/drive/MyDrive/AISC DeepFake Çalışmaları/Deneyler/Kader/Deney 1/Göz/eye_roi_output/real/train/combined/real_train/real_train_00966__face_00.jpg,5977,1786020366000000000,6ca73876554c46a66da849741f1677a4200b580bbf04d691c0860e8beb3703ae
/content/drive/MyDrive/AISC DeepFake Çalışmaları/Deneyler/Kader/Deney 1/Göz/eye_roi_output/real/train/combined/real_train/real_train_00967__face_00.jpg,7311,1786020367000000000,06cdb0fbebe347d68edffb8cfc8054add66277790ccac87ae7d0172297e5bfd6
/content/drive/MyDrive/AISC DeepFake Çalışmaları/Deneyler/Kader/Deney 1/Göz/eye_roi_output/real/train/combined/real_train/real_train_00968__face_00.jpg,4862,1786020367000000000,6e26d14c0403d8c898683d4dbeaf009a17fdc916c6db25aea7bf880abdab32f9
/content/drive/MyDrive/AISC DeepFake Çalışmaları/Deneyler/Kader/Deney 1/Göz/eye_roi_output/real/train/combined/real_train/real_train_00969__face_00.jpg,4530,1786020368000000000,d2fe3089b11aa2f467ac2b9def4f39154a6be6fee60fe99488b1f65673c65531
/content/drive/MyDrive/AISC DeepFake Çalışmaları/Deneyler/Kader/Deney 1/Göz/eye_roi_output/real/train/combined/real_train/real_train_00970__face_00.jpg,5199,1786020369000000000,671034a5bab19730f0b441c19db5d01651e9f64e1e61b1113bac80c4c55c3a58
/content/drive/MyDrive/AISC DeepFake Çalışmaları/Deneyler/Kader/Deney 1/Göz/eye_roi_output/real/train/combined/real_train/real_train_00971__face_00.jpg,4448,1786020369000000000,cd84f62fc08d370db017f2eb788ffa260c1119f0aa627aac8fbe012549dd479f
/content/drive/MyDrive/AISC DeepFake Çalışmaları/Deneyler/Kader/Deney 1/Göz/eye_roi_output/real/train/combined/real_train/real_train_00973__face_00.jpg,4594,1786020370000000000,2f5cf787bced9aa67eec70a9df4c5f55bb1336c81bde62dc98af5def6f7691d8
/content/drive/MyDrive/AISC DeepFake Çalışmaları/Deneyler/Kader/Deney 1/Göz/eye_roi_output/real/train/combined/real_train/real_train_00974__face_00.jpg,5719,1786020371000000000,a93b3e5798a06f01f0d882f7170f8e04b3f08e0ba401467eb77e61bc37fd2e66
/content/drive/MyDrive/AISC DeepFake Çalışmaları/Deneyler/Kader/Deney 1/Göz/eye_roi_output/real/train/combined/real_train/real_train_00975__face_00.jpg,5523,1786020371000000000,44a7aa2a7dd47410547a0881feeca0d0f134693ffe37dbcf573e786784e06682
/content/drive/MyDrive/AISC DeepFake Çalışmaları/Deneyler/Kader/Deney 1/Göz/eye_roi_output/real/train/combined/real_train/real_train_00976__face_00.jpg,5169,1786020372000000000,d5a8e25005b72d9dca742b0adb03de1b8c71a29a234452c5cd5b52e3048185b9
/content/drive/MyDrive/AISC DeepFake Çalışmaları/Deneyler/Kader/Deney 1/Göz/eye_roi_output/real/train/combined/real_train/real_train_00977__face_00.jpg,4538,1786020372000000000,713de73843f5e2f1b19baed498581020cd5785fdcc40f2bd59db7a23a2d8eece
/content/drive/MyDrive/AISC DeepFake Çalışmaları/Deneyler/Kader/Deney 1/Göz/eye_roi_output/real/train/combined/real_train/real_train_00979__face_00.jpg,5552,1786020373000000000,53c5b1a3731be4f76fb37f4d98fda006c3c4749d6897c663cab2c8e8d4368a85
/content/drive/MyDrive/AISC DeepFake Çalışmaları/Deneyler/Kader/Deney 1/Göz/eye_roi_output/real/train/combined/real_train/real_train_00980__face_00.jpg,5148,1786020374000000000,a3964627891231edcb48b2d992f54cc8cd6e0b357d598c7f1f8ae314a5aae141
/content/drive/MyDrive/AISC DeepFake Çalışmaları/Deneyler/Kader/Deney 1/Göz/eye_roi_output/real/train/combined/real_train/real_train_00981__face_00.jpg,7840,1786020374000000000,9098dbd99ea09c196c46b7e13d67761b511554015de57e05361e7b57be05f995
/content/drive/MyDrive/AISC DeepFake Çalışmaları/Deneyler/Kader/Deney 1/Göz/eye_roi_output/real/train/combined/real_train/real_train_00982__face_00.jpg,4996,1786020375000000000,285731c667492c6368bee3c841a22b8fecc83272e34439ff817927d024477119
/content/drive/MyDrive/AISC DeepFake Çalışmaları/Deneyler/Kader/Deney 1/Göz/eye_roi_output/real/train/combined/real_train/real_train_00983__face_00.jpg,5423,1786020376000000000,2240e663fe722fc90e84031d1cb5d3b4ba164c65f27f702167bc5b5e51efded7
/content/drive/MyDrive/AISC DeepFake Çalışmaları/Deneyler/Kader/Deney 1/Göz/eye_roi_output/real/train/combined/real_train/real_train_00984__face_00.jpg,5898,1786020376000000000,9c1e227926e0a8a12c5ef01c03e677f08000adb855f7fdf32496aafc767b55ed
/content/drive/MyDrive/AISC DeepFake Çalışmaları/Deneyler/Kader/Deney 1/Göz/eye_roi_output/real/train/combined/real_train/real_train_00985__face_00.jpg,4957,1786020377000000000,6ebde4955a0849998ed4d8aab9fe4c2b2645a92ac619cc1745a6810a814ee35a
/content/drive/MyDrive/AISC DeepFake Çalışmaları/Deneyler/Kader/Deney 1/Göz/eye_roi_output/real/train/combined/real_train/real_train_00986__face_00.jpg,5663,1786020377000000000,77a07cf5c8ac1f15d9c764f23151fbf1f12f2099ad9cf2732832ae561bfb52ba
/content/drive/MyDrive/AISC DeepFake Çalışmaları/Deneyler/Kader/Deney 1/Göz/eye_roi_output/real/train/combined/real_train/real_train_00987__face_00.jpg,5128,1786020378000000000,1d44c6400e510e478f91b279afbeb5a7eb64767c91acc6dee9b5a54445a85035
/content/drive/MyDrive/AISC DeepFake Çalışmaları/Deneyler/Kader/Deney 1/Göz/eye_roi_output/real/train/combined/real_train/real_train_00988__face_00.jpg,5718,1786020378000000000,486f6160d946a657832bb2db91409635a9bd8b9ba32106f50add8f547e0fa2c0
/content/drive/MyDrive/AISC DeepFake Çalışmaları/Deneyler/Kader/Deney 1/Göz/eye_roi_output/real/train/combined/real_train/real_train_00989__face_00.jpg,5258,1786020378000000000,c4b55c73594f7fdfc8c7e7fa9041a9f768e011c60b3fc011255ffeadf6f9256c
/content/drive/MyDrive/AISC DeepFake Çalışmaları/Deneyler/Kader/Deney 1/Göz/eye_roi_output/real/train/combined/real_train/real_train_00990__face_00.jpg,4847,1786020379000000000,799e01d0bd8891dcbc2b7f0020818e4265856723624b5ee74210c5afd8a9ab9d
/content/drive/MyDrive/AISC DeepFake Çalışmaları/Deneyler/Kader/Deney 1/Göz/eye_roi_output/real/train/combined/real_train/real_train_00991__face_00.jpg,4871,1786020379000000000,a91a4f3c3bc0e5744dd8259a54530070b9c9fe87076d07d5f195ce9fa8e5ea89
/content/drive/MyDrive/AISC DeepFake Çalışmaları/Deneyler/Kader/Deney 1/Göz/eye_roi_output/real/train/combined/real_train/real_train_00992__face_00.jpg,4375,1786020380000000000,5078090bbfb84b2d3d53eb2f872cc25d83f5f065e3bb0fe35dacf05176f01a91
/content/drive/MyDrive/AISC DeepFake Çalışmaları/Deneyler/Kader/Deney 1/Göz/eye_roi_output/real/train/combined/real_train/real_train_00993__face_00.jpg,5412,1786020380000000000,6c78bf3120e5f470c0dfb769cf0b38e854c2dad24f3ca6d7a9933e5264c552b1
/content/drive/MyDrive/AISC DeepFake Çalışmaları/Deneyler/Kader/Deney 1/Göz/eye_roi_output/real/train/combined/real_train/real_train_00994__face_00.jpg,4861,1786020381000000000,008fd0a94b65314cc85f3126e4f5a954f95c64ff9ded6b8bcfc9984d7caa0d67
/content/drive/MyDrive/AISC DeepFake Çalışmaları/Deneyler/Kader/Deney 1/Göz/eye_roi_output/real/train/combined/real_train/real_train_00995__face_00.jpg,6248,1786020382000000000,6ca28b78fd605f5d5b7b61961607059d37773058d66088d03d7e7b76a1293429
/content/drive/MyDrive/AISC DeepFake Çalışmaları/Deneyler/Kader/Deney 1/Göz/eye_roi_output/real/train/combined/real_train/real_train_00996__face_00.jpg,6544,1786020382000000000,365795ecc03b05452923c4f5f422babc3fb08a80d47f6132625ffb9cf4dd2a24
/content/drive/MyDrive/AISC DeepFake Çalışmaları/Deneyler/Kader/Deney 1/Göz/eye_roi_output/real/train/combined/real_train/real_train_00997__face_00.jpg,4768,1786020383000000000,1a44464700c8bab1f4ab46919796f5aa019cfcccad164debb4d51168c3d223b1
/content/drive/MyDrive/AISC DeepFake Çalışmaları/Deneyler/Kader/Deney 1/Göz/eye_roi_output/real/train/combined/real_train/real_train_00998__face_00.jpg,5602,1786020383000000000,af34b0e16318b55f59b8d598c6e9287d8be59a0388a8592aef96a8dd60209107
/content/drive/MyDrive/AISC DeepFake Çalışmaları/Deneyler/Kader/Deney 1/Göz/eye_roi_output/real/train/combined/real_train/real_train_00999__face_00.jpg,5237,1786020384000000000,60e99508d6572f996e8e1113c76e1753f09f4fb8b106ca139f7b39b2ff59c89c
/content/drive/MyDrive/AISC DeepFake Çalışmaları/Deneyler/Kader/Deney 1/Göz/eye_roi_output/real/train/combined/real_train/real_train_01000__face_00.jpg,4659,1786020384000000000,b6d7d99f6b716bdbd6b7c508cc6f2af5ea8e6650d6a13e76c0a23811c3b3d5b5
/content/drive/MyDrive/AISC DeepFake Çalışmaları/Deneyler/Kader/Deney 1/Göz/eye_roi_output/real/train/combined/real_train/real_train_01001__face_00.jpg,5674,1786020385000000000,3d94618f56bab6006d5a938980e7faa1de280b9276f8b907a12d88853cc3a6b6
/content/drive/MyDrive/AISC DeepFake Çalışmaları/Deneyler/Kader/Deney 1/Göz/eye_roi_output/real/train/combined/real_train/real_train_01002__face_00.jpg,5644,1786020385000000000,9f27c0a3be14ddc637e9d768c38aed4e56d4123ce739b1e18268a6b6f676abea
/content/drive/MyDrive/AISC DeepFake Çalışmaları/Deneyler/Kader/Deney 1/Göz/eye_roi_output/real/train/combined/real_train/real_train_01003__face_00.jpg,6809,1786020386000000000,ad029d17c3753f80a04eb8a641e3f89be1925772222f3b5ede2629a32e55805f
/content/drive/MyDrive/AISC DeepFake Çalışmaları/Deneyler/Kader/Deney 1/Göz/eye_roi_output/real/train/combined/real_train/real_train_01004__face_00.jpg,6068,1786020386000000000,f5ddbbe5628fccd39ed8324c3c2327dbd830cca698151c13ea4809d22ecb65f5
/content/drive/MyDrive/AISC DeepFake Çalışmaları/Deneyler/Kader/Deney 1/Göz/eye_roi_output/real/train/combined/real_train/real_train_01005__face_00.jpg,4469,1786020387000000000,ff7334190071b84cda22bec7a129584aa7ec73d363368499c0451b0029341a9b
/content/drive/MyDrive/AISC DeepFake Çalışmaları/Deneyler/Kader/Deney 1/Göz/eye_roi_output/real/train/combined/real_train/real_train_01006__face_00.jpg,4499,1786020387000000000,b0a6d515b0d403e0ebb7ed475bd13587b434667a482627265592ad313ab10f87
/content/drive/MyDrive/AISC DeepFake Çalışmaları/Deneyler/Kader/Deney 1/Göz/eye_roi_output/real/train/combined/real_train/real_train_01007__face_00.jpg,5847,1786020388000000000,3c7e238342f4e937e54ff78b7f377525dffe7a22141fd3e259276f7c1b33648f
/content/drive/MyDrive/AISC DeepFake Çalışmaları/Deneyler/Kader/Deney 1/Göz/eye_roi_output/real/train/combined/real_train/real_train_01008__face_00.jpg,6710,1786020388000000000,94811a720ae83c9026d4dae6d2f9d16262d967f3078fff41543f5fec6ec67c0e
/content/drive/MyDrive/AISC DeepFake Çalışmaları/Deneyler/Kader/Deney 1/Göz/eye_roi_output/real/train/combined/real_train/real_train_01009__face_00.jpg,4099,1786020389000000000,8baaaf3fa88b6827a70aa776a07bcba6cbaea1709800b2b0bbe8c9ed85aee934
/content/drive/MyDrive/AISC DeepFake Çalışmaları/Deneyler/Kader/Deney 1/Göz/eye_roi_output/real/train/combined/real_train/real_train_01010__face_00.jpg,5203,1786020389000000000,c64d0649f9386a7bf5cad8d7aca23e270115277fe20425f4f8691bf42e7c6030
/content/drive/MyDrive/AISC DeepFake Çalışmaları/Deneyler/Kader/Deney 1/Göz/eye_roi_output/real/train/combined/real_train/real_train_01010__face_01.jpg,5394,1786020389000000000,35d0c8405ebba1e8f30ee80d1ff10eb14f95f4a6da43621fcaacba0075a5b9d7
/content/drive/MyDrive/AISC DeepFake Çalışmaları/Deneyler/Kader/Deney 1/Göz/eye_roi_output/real/train/combined/real_train/real_train_01011__face_00.jpg,5262,1786020390000000000,360acd9190aab325b0d4288180c2f585e50f9ffac63931c37e9ee7c0cb13fcab
/content/drive/MyDrive/AISC DeepFake Çalışmaları/Deneyler/Kader/Deney 1/Göz/eye_roi_output/real/train/combined/real_train/real_train_01012__face_00.jpg,4396,1786020390000000000,1aec0dd476f23c804d89d641bf28dbe19dbd946d15742368dd97c203cf6dbf55
/content/drive/MyDrive/AISC DeepFake Çalışmaları/Deneyler/Kader/Deney 1/Göz/eye_roi_output/real/train/combined/real_train/real_train_01013__face_00.jpg,4810,1786020390000000000,6204559df3db23fde37b7f925a3ecaec950d996ba5678f6078986695f2d7e69b
/content/drive/MyDrive/AISC DeepFake Çalışmaları/Deneyler/Kader/Deney 1/Göz/eye_roi_output/real/train/combined/real_train/real_train_01014__face_00.jpg,5485,1786020391000000000,4ddd782ae6cb9042db44db494167e2a2fb2f26edbbc48faf2617bf2c96a7b407
/content/drive/MyDrive/AISC DeepFake Çalışmaları/Deneyler/Kader/Deney 1/Göz/eye_roi_output/real/train/combined/real_train/real_train_01015__face_00.jpg,5043,1786020391000000000,4d037aba7d09644fc88943cb92df6d077c2e99a27d532af9f59f759b1683b1aa
/content/drive/MyDrive/AISC DeepFake Çalışmaları/Deneyler/Kader/Deney 1/Göz/eye_roi_output/real/train/combined/real_train/real_train_01016__face_00.jpg,4692,1786020392000000000,b930fc03ee6035f238d7befbfbfa6fef3169b00f5011279ca2e85a23155d72e7
/content/drive/MyDrive/AISC DeepFake Çalışmaları/Deneyler/Kader/Deney 1/Göz/eye_roi_output/real/train/combined/real_train/real_train_01017__face_00.jpg,5285,1786020392000000000,5c6102dbdb35612bf85a978a8b0cc6711f756c8ff1ebcb1dc507c87111e657b6
/content/drive/MyDrive/AISC DeepFake Çalışmaları/Deneyler/Kader/Deney 1/Göz/eye_roi_output/real/train/combined/real_train/real_train_01018__face_00.jpg,4834,1786020392000000000,eceb28efa75b7903af94ea3da705a357abebc9bc06fc887eae201baffb605d3c
/content/drive/MyDrive/AISC DeepFake Çalışmaları/Deneyler/Kader/Deney 1/Göz/eye_roi_output/real/train/combined/real_train/real_train_01019__face_00.jpg,6159,1786020393000000000,67460434992e5b42a458977ba9935df6da05e54d7310ef6fac90c0b29f76cffa
/content/drive/MyDrive/AISC DeepFake Çalışmaları/Deneyler/Kader/Deney 1/Göz/eye_roi_output/real/train/combined/real_train/real_train_01020__face_00.jpg,5089,1786020394000000000,bf833ddd14bcde2d93f374bd21ee92031d03247664e208a4f02717904ba04410
/content/drive/MyDrive/AISC DeepFake Çalışmaları/Deneyler/Kader/Deney 1/Göz/eye_roi_output/real/train/combined/real_train/real_train_01021__face_00.jpg,5967,1786020394000000000,20e776652d7b97a28bd68154726699f448ad8d3ec8668e797ccf2bff0c76f6da
/content/drive/MyDrive/AISC DeepFake Çalışmaları/Deneyler/Kader/Deney 1/Göz/eye_roi_output/real/train/combined/real_train/real_train_01022__face_00.jpg,4535,1786020395000000000,f13fdff12ec171669e5d9b2b833388bc94f66008ae29b6301f5323e2156d2206
/content/drive/MyDrive/AISC DeepFake Çalışmaları/Deneyler/Kader/Deney 1/Göz/eye_roi_output/real/train/combined/real_train/real_train_01023__face_00.jpg,4779,1786020396000000000,9b2118b73d63351331bf484d2dff64f771334ed9e7d3d9bd6f5ef21d744a180b
/content/drive/MyDrive/AISC DeepFake Çalışmaları/Deneyler/Kader/Deney 1/Göz/eye_roi_output/real/train/combined/real_train/real_train_01024__face_00.jpg,5281,1786020396000000000,c531cbe62e6c7cbe09e0baa2e97dd04a29f6ce3ac604655a32bdcb7802f30192
/content/drive/MyDrive/AISC DeepFake Çalışmaları/Deneyler/Kader/Deney 1/Göz/eye_roi_output/real/train/combined/real_train/real_train_01025__face_00.jpg,6137,1786020397000000000,226bbd585c51f81fc3abd49b380f27492a03ba14123d1694c3e1a07944eeaaa3
/content/drive/MyDrive/AISC DeepFake Çalışmaları/Deneyler/Kader/Deney 1/Göz/eye_roi_output/real/train/combined/real_train/real_train_01026__face_00.jpg,5522,1786020397000000000,e99d8bcf32df68f79db42e34d87f470af436fb622afdb1860335e42f4f410fe8
/content/drive/MyDrive/AISC DeepFake Çalışmaları/Deneyler/Kader/Deney 1/Göz/eye_roi_output/real/train/combined/real_train/real_train_01027__face_00.jpg,5552,1786020397000000000,dcdb4afd45d2c770d3f23efa19313082596da235cbc8c565a0e6fcf7f4eb9c8a
/content/drive/MyDrive/AISC DeepFake Çalışmaları/Deneyler/Kader/Deney 1/Göz/eye_roi_output/real/train/combined/real_train/real_train_01028__face_00.jpg,4650,1786020398000000000,09777c033d0a850d6ae9597d22f1a3df16c2a46177a9ae7d4b8c2f737f7c5c21
/content/drive/MyDrive/AISC DeepFake Çalışmaları/Deneyler/Kader/Deney 1/Göz/eye_roi_output/real/train/combined/real_train/real_train_01029__face_00.jpg,6183,1786020398000000000,edea27c2c981aa1ead31a197a9883f706ed31a09b765304e6af9c84f6529ecc8
/content/drive/MyDrive/AISC DeepFake Çalışmaları/Deneyler/Kader/Deney 1/Göz/eye_roi_output/real/train/combined/real_train/real_train_01029__face_01.jpg,6092,1786020398000000000,c1b69c18f0280f6bd70add5f7f96ed54960552c7a5a3ca4ac5f2fc5f3622d61b
/content/drive/MyDrive/AISC DeepFake Çalışmaları/Deneyler/Kader/Deney 1/Göz/eye_roi_output/real/train/combined/real_train/real_train_01030__face_00.jpg,4636,1786020399000000000,1e4d598a7cf87200564c57d0c7e7015920e0949c97aa362fc3f8c1c77d034582
/content/drive/MyDrive/AISC DeepFake Çalışmaları/Deneyler/Kader/Deney 1/Göz/eye_roi_output/real/train/combined/real_train/real_train_01031__face_00.jpg,4978,1786020399000000000,e123c1e0a9cb1698c54725a620e116d837469e19deb32b28aa038a1b8e7cb0a5
/content/drive/MyDrive/AISC DeepFake Çalışmaları/Deneyler/Kader/Deney 1/Göz/eye_roi_output/real/train/combined/real_train/real_train_01032__face_00.jpg,5948,1786020400000000000,b01452de3cf663fdb018b66fc10351a4d5ef9bd0c693509045240b44976fda12
/content/drive/MyDrive/AISC DeepFake Çalışmaları/Deneyler/Kader/Deney 1/Göz/eye_roi_output/real/train/combined/real_train/real_train_01033__face_00.jpg,4988,1786020400000000000,f4121656fc7035c5cf723a87dc60921261452c193fa2373e6cbccfa4951c9472
/content/drive/MyDrive/AISC DeepFake Çalışmaları/Deneyler/Kader/Deney 1/Göz/eye_roi_output/real/train/combined/real_train/real_train_01034__face_00.jpg,5566,1786020401000000000,ee8e03351d7fe77dcece5f1547b0c457a4240a27a40b5d12c2f7056c56d68a5b
/content/drive/MyDrive/AISC DeepFake Çalışmaları/Deneyler/Kader/Deney 1/Göz/eye_roi_output/real/train/combined/real_train/real_train_01035__face_00.jpg,5715,1786020401000000000,59a203993869d08e349570d86a6f1a796dd6fd2d15b7e5468f782fcf10a51fed
/content/drive/MyDrive/AISC DeepFake Çalışmaları/Deneyler/Kader/Deney 1/Göz/eye_roi_output/real/train/combined/real_train/real_train_01036__face_00.jpg,5984,1786020402000000000,1e5838bfc7aa63dfb81320393970721f1baa780ea4d4bf97d0967cf9bf7af6fc
/content/drive/MyDrive/AISC DeepFake Çalışmaları/Deneyler/Kader/Deney 1/Göz/eye_roi_output/real/train/combined/real_train/real_train_01037__face_00.jpg,5611,1786020402000000000,da1814ab909ad8e470a1572b821002eb5cd463e06839d65c364c9251290ca1d6
/content/drive/MyDrive/AISC DeepFake Çalışmaları/Deneyler/Kader/Deney 1/Göz/eye_roi_output/real/train/combined/real_train/real_train_01038__face_00.jpg,5479,1786020403000000000,efc50d267cd68f324830ee59ebc7b441ea9f23865ae358b359878d1e65a6d67a
/content/drive/MyDrive/AISC DeepFake Çalışmaları/Deneyler/Kader/Deney 1/Göz/eye_roi_output/real/train/combined/real_train/real_train_01039__face_00.jpg,5143,1786020403000000000,f26b071e0959bd6517704f2419b90e369b2738c7c59f8b77cba43d30018ce8cf
/content/drive/MyDrive/AISC DeepFake Çalışmaları/Deneyler/Kader/Deney 1/Göz/eye_roi_output/real/train/combined/real_train/real_train_01040__face_00.jpg,5058,1786020404000000000,d06b37acc06025a2979d7e5ce8ab76159b69e8ce50b898ca668b7f908f3ddad9
/content/drive/MyDrive/AISC DeepFake Çalışmaları/Deneyler/Kader/Deney 1/Göz/eye_roi_output/real/train/combined/real_train/real_train_01041__face_00.jpg,6149,1786020404000000000,656679d3c736ef5fd259ed8e073bdafecdf6fcabe8e2dcf3266684390a942091
/content/drive/MyDrive/AISC DeepFake Çalışmaları/Deneyler/Kader/Deney 1/Göz/eye_roi_output/real/train/combined/real_train/real_train_01042__face_00.jpg,5629,1786020406000000000,88aa822fb129fea9988eafe9cfe032fc9dfae7465e47bb8ace9e1b4da709fb5e
/content/drive/MyDrive/AISC DeepFake Çalışmaları/Deneyler/Kader/Deney 1/Göz/eye_roi_output/real/train/combined/real_train/real_train_01044__face_00.jpg,6478,1786020407000000000,0e0d7a9eeb675f3d096903bcb6cfa4c6ef1c3c2fe2e121f079c816b5a0670996
/content/drive/MyDrive/AISC DeepFake Çalışmaları/Deneyler/Kader/Deney 1/Göz/eye_roi_output/real/train/combined/real_train/real_train_01045__face_00.jpg,4819,1786020408000000000,dcd14fc6ed16a5e1a79c855529dd4978cd5665181e096e4884339aac6bf67325
/content/drive/MyDrive/AISC DeepFake Çalışmaları/Deneyler/Kader/Deney 1/Göz/eye_roi_output/real/train/combined/real_train/real_train_01046__face_00.jpg,5221,1786020408000000000,2f0d9cfd7eacf4debd364cc8af4680ba72d362eb3bf7691e49195c863877722f
/content/drive/MyDrive/AISC DeepFake Çalışmaları/Deneyler/Kader/Deney 1/Göz/eye_roi_output/real/train/combined/real_train/real_train_01047__face_00.jpg,4959,1786020408000000000,a74236c6d2344d003bc7c5601e03c20c51292336ea3511e0d4b27a0bf119ae92
/content/drive/MyDrive/AISC DeepFake Çalışmaları/Deneyler/Kader/Deney 1/Göz/eye_roi_output/real/train/combined/real_train/real_train_01048__face_00.jpg,5497,1786020409000000000,2ffd2dec0e2f0e34f297b9d8c3cc9f0218d1b0b5b629956a3fcf02a07180a46e
/content/drive/MyDrive/AISC DeepFake Çalışmaları/Deneyler/Kader/Deney 1/Göz/eye_roi_output/real/train/combined/real_train/real_train_01049__face_00.jpg,4762,1786020409000000000,e951dc2f154b3043b95583cff123e1f27e962079e1d15ac5b8558d8c691a9b27
/content/drive/MyDrive/AISC DeepFake Çalışmaları/Deneyler/Kader/Deney 1/Göz/eye_roi_output/real/train/combined/real_train/real_train_01050__face_00.jpg,4444,1786020410000000000,8851187d9abf325211f732a7d78294d62f5962ed4bf195fe815c152921c3fe0f
/content/drive/MyDrive/AISC DeepFake Çalışmaları/Deneyler/Kader/Deney 1/Göz/eye_roi_output/real/train/combined/real_train/real_train_01051__face_00.jpg,6073,1786020410000000000,1a1ce58f7760e837959ff11e8712670a243bf17a078cd2b28aaa2490aa386543
/content/drive/MyDrive/AISC DeepFake Çalışmaları/Deneyler/Kader/Deney 1/Göz/eye_roi_output/real/train/combined/real_train/real_train_01052__face_00.jpg,5629,1786020411000000000,91a040469ae3c0faaaabde92f884a9e3552bc734d3771a11e9f9643e7d61e04c
/content/drive/MyDrive/AISC DeepFake Çalışmaları/Deneyler/Kader/Deney 1/Göz/eye_roi_output/real/train/combined/real_train/real_train_01053__face_00.jpg,4641,1786020412000000000,1160e38776dad36b058ca0b6398dee0abdebfb900d416c1c809ae4cc5478bcf1
/content/drive/MyDrive/AISC DeepFake Çalışmaları/Deneyler/Kader/Deney 1/Göz/eye_roi_output/real/train/combined/real_train/real_train_01054__face_00.jpg,5055,1786020412000000000,1f7c4869b466bc56f8cf1200c11ccfdabaad3b0d1d8da50ce41bb8879f7ea99b
/content/drive/MyDrive/AISC DeepFake Çalışmaları/Deneyler/Kader/Deney 1/Göz/eye_roi_output/real/train/combined/real_train/real_train_01055__face_00.jpg,4921,1786020412000000000,d70df9fbad119bff56bb129d657c872837d9ee6775577d2ad2f241883846f66b
/content/drive/MyDrive/AISC DeepFake Çalışmaları/Deneyler/Kader/Deney 1/Göz/eye_roi_output/real/train/combined/real_train/real_train_01056__face_00.jpg,4593,1786020413000000000,1732adb9fc8049ece66dc15bce59e2c57e54a2930f62da4685929223ff7f6f31
/content/drive/MyDrive/AISC DeepFake Çalışmaları/Deneyler/Kader/Deney 1/Göz/eye_roi_output/real/train/combined/real_train/real_train_01057__face_00.jpg,5249,1786020413000000000,5ec4be85c881daf6965644701b5b819440c2616958864407402c329a5793c4b6
/content/drive/MyDrive/AISC DeepFake Çalışmaları/Deneyler/Kader/Deney 1/Göz/eye_roi_output/real/train/combined/real_train/real_train_01058__face_00.jpg,5756,1786020414000000000,4f50501122552a71a2a3417b058d611771acbfacd3d931dc66771cf9034c6a58
/content/drive/MyDrive/AISC DeepFake Çalışmaları/Deneyler/Kader/Deney 1/Göz/eye_roi_output/real/train/combined/real_train/real_train_01059__face_00.jpg,4852,1786020414000000000,cd56a377ca018aebfd86bdd09aa1d97ce946951d1c66dd3e1a8978ea5f254bd1
/content/drive/MyDrive/AISC DeepFake Çalışmaları/Deneyler/Kader/Deney 1/Göz/eye_roi_output/real/train/combined/real_train/real_train_01060__face_00.jpg,5437,1786020415000000000,59c6e0668cc64c95c8c9794ceb74d2e85e03932a1eb9aa2aee3e98f3cc09b7c4
/content/drive/MyDrive/AISC DeepFake Çalışmaları/Deneyler/Kader/Deney 1/Göz/eye_roi_output/real/train/combined/real_train/real_train_01061__face_00.jpg,4284,1786020415000000000,fd4806c1c4d8b20015300b9d40d0c83e8db8b0e8d8427495cd804ea23dc4544e
/content/drive/MyDrive/AISC DeepFake Çalışmaları/Deneyler/Kader/Deney 1/Göz/eye_roi_output/real/train/combined/real_train/real_train_01062__face_00.jpg,3965,1786020416000000000,bdf474c8b0ee7339861bb72159ed1fefacd454432f2a8b7f422e1367d1c5817d
/content/drive/MyDrive/AISC DeepFake Çalışmaları/Deneyler/Kader/Deney 1/Göz/eye_roi_output/real/train/combined/real_train/real_train_01063__face_00.jpg,6070,1786020416000000000,ca41fa480957eb7cbd0cbca60a2f5968c51b8f20e07a9a407cda426beca46ab8
/content/drive/MyDrive/AISC DeepFake Çalışmaları/Deneyler/Kader/Deney 1/Göz/eye_roi_output/real/train/combined/real_train/real_train_01064__face_00.jpg,6351,1786020417000000000,6eabf5b5c9a3710a568d855d3b33ef3706d9b6aaafd2323ac47eab3858f2a577
/content/drive/MyDrive/AISC DeepFake Çalışmaları/Deneyler/Kader/Deney 1/Göz/eye_roi_output/real/train/combined/real_train/real_train_01065__face_00.jpg,5599,1786020417000000000,14807ca252791ef4779f7ebf3097a3c01f94d8192818ff5ffa981c56db6e2d75
/content/drive/MyDrive/AISC DeepFake Çalışmaları/Deneyler/Kader/Deney 1/Göz/eye_roi_output/real/train/combined/real_train/real_train_01066__face_00.jpg,5658,1786020417000000000,9912811308065208e2e337a87ea81a4a5ac1a7005efdfd8763038ea1892b6181
/content/drive/MyDrive/AISC DeepFake Çalışmaları/Deneyler/Kader/Deney 1/Göz/eye_roi_output/real/train/combined/real_train/real_train_01067__face_00.jpg,5781,1786020418000000000,6bbe27b7fbb2adf49b752f56b94ecd2369463c7441e45d8d97227b95f73c5613
/content/drive/MyDrive/AISC DeepFake Çalışmaları/Deneyler/Kader/Deney 1/Göz/eye_roi_output/real/train/combined/real_train/real_train_01068__face_00.jpg,5625,1786020418000000000,473eef4db9155584f9a35d0e4f5fad8241f72b66bdc18b8cf2a6d8457c010ea7
/content/drive/MyDrive/AISC DeepFake Çalışmaları/Deneyler/Kader/Deney 1/Göz/eye_roi_output/real/train/combined/real_train/real_train_01069__face_00.jpg,4734,1786020419000000000,bac0bee3b969a94d2c7959a45262a14b3cc9e858b2dc909f5e2f52e72ddb8da0
/content/drive/MyDrive/AISC DeepFake Çalışmaları/Deneyler/Kader/Deney 1/Göz/eye_roi_output/real/train/combined/real_train/real_train_01070__face_00.jpg,4940,1786020420000000000,4f196422ba34cb079c2ec4adf901f10218cbf00c5c1a812684b4196fceb7edda
/content/drive/MyDrive/AISC DeepFake Çalışmaları/Deneyler/Kader/Deney 1/Göz/eye_roi_output/real/train/combined/real_train/real_train_01071__face_00.jpg,4511,1786020420000000000,080a615ed6120355a8b50f9870baa7015e576d8e1aad5804d1cd4c6c410744ac
/content/drive/MyDrive/AISC DeepFake Çalışmaları/Deneyler/Kader/Deney 1/Göz/eye_roi_output/real/train/combined/real_train/real_train_01071__face_01.jpg,4746,1786020420000000000,28a507935a77cbf372b3880d69ff575547b5afbac30711a785ccc3bbc81ac4cc
/content/drive/MyDrive/AISC DeepFake Çalışmaları/Deneyler/Kader/Deney 1/Göz/eye_roi_output/real/train/combined/real_train/real_train_01072__face_00.jpg,4453,1786020421000000000,ab1de080364d972adfb71f7d0f712ad285f63bc745865a4442a4800964a6c700
/content/drive/MyDrive/AISC DeepFake Çalışmaları/Deneyler/Kader/Deney 1/Göz/eye_roi_output/real/train/combined/real_train/real_train_01073__face_00.jpg,4641,1786020422000000000,280837902742ca53a65b6ecc2c53e89f9a22109627052d71eeaf9125b2b75068
/content/drive/MyDrive/AISC DeepFake Çalışmaları/Deneyler/Kader/Deney 1/Göz/eye_roi_output/real/train/combined/real_train/real_train_01074__face_00.jpg,5489,1786020422000000000,97c8f4ba40fde9c0644913596a2ee925abf29f971b9f6a5dab4cbe20ce67954c
/content/drive/MyDrive/AISC DeepFake Çalışmaları/Deneyler/Kader/Deney 1/Göz/eye_roi_output/real/train/combined/real_train/real_train_01075__face_00.jpg,5756,1786020422000000000,28592639c4e3fc7194b24a411c96818f7a5134920fa5fdf056ff190de8ea7b1f
/content/drive/MyDrive/AISC DeepFake Çalışmaları/Deneyler/Kader/Deney 1/Göz/eye_roi_output/real/train/combined/real_train/real_train_01076__face_00.jpg,4701,1786020423000000000,ce5af8e89eabf212237e84231e7ad0deb24d0c1dc9ae1557859e08da63d82b04
/content/drive/MyDrive/AISC DeepFake Çalışmaları/Deneyler/Kader/Deney 1/Göz/eye_roi_output/real/train/combined/real_train/real_train_01077__face_00.jpg,5462,1786020423000000000,56283a53599168f66c4791694e7104745c6cde6a35f49ff52f95edf9db006c51
/content/drive/MyDrive/AISC DeepFake Çalışmaları/Deneyler/Kader/Deney 1/Göz/eye_roi_output/real/train/combined/real_train/real_train_01078__face_00.jpg,6102,1786020424000000000,839d46e9c05db7cfc31a6f946404211f05520349cea9c5ec96d5a512ffb8a2d7
/content/drive/MyDrive/AISC DeepFake Çalışmaları/Deneyler/Kader/Deney 1/Göz/eye_roi_output/real/train/combined/real_train/real_train_01079__face_00.jpg,7274,1786020424000000000,4b1cd4cd5540dc7259dc5cb3d5b0963ae590ed95b0ef15d4d9ff2d6f118fc89a
/content/drive/MyDrive/AISC DeepFake Çalışmaları/Deneyler/Kader/Deney 1/Göz/eye_roi_output/real/train/combined/real_train/real_train_01080__face_00.jpg,5418,1786020425000000000,d4efea24cd5dc79f536f04247a47279657aa84b38de21d0715a0ae9de7e9ed3f
/content/drive/MyDrive/AISC DeepFake Çalışmaları/Deneyler/Kader/Deney 1/Göz/eye_roi_output/real/train/combined/real_train/real_train_01081__face_00.jpg,5353,1786020425000000000,03f3e43b7cbd9bda05149f4fff085c1e03723b033fbee640585116d5f5769b10
/content/drive/MyDrive/AISC DeepFake Çalışmaları/Deneyler/Kader/Deney 1/Göz/eye_roi_output/real/train/combined/real_train/real_train_01082__face_00.jpg,6383,1786020426000000000,6b11680a6b60386a05850067ef08fd2e776c7054b2ac96cc7d8d4c107c7b65b3
/content/drive/MyDrive/AISC DeepFake Çalışmaları/Deneyler/Kader/Deney 1/Göz/eye_roi_output/real/train/combined/real_train/real_train_01083__face_00.jpg,5386,1786020426000000000,9fb22d1674224fa07b81f37f8f4d8d4cbf881b2d0a5ff05bae360cde4470a61a
/content/drive/MyDrive/AISC DeepFake Çalışmaları/Deneyler/Kader/Deney 1/Göz/eye_roi_output/real/train/combined/real_train/real_train_01084__face_00.jpg,4592,1786020426000000000,cf06fca6e2db8117ff17d53b158d89572ebe2c24f5145b87ae086fd27b00c285
/content/drive/MyDrive/AISC DeepFake Çalışmaları/Deneyler/Kader/Deney 1/Göz/eye_roi_output/real/train/combined/real_train/real_train_01085__face_00.jpg,5404,1786020427000000000,e2759442b5f0fc776700d1009aace0c25798c5f455f39bba58df8624adde30c7
/content/drive/MyDrive/AISC DeepFake Çalışmaları/Deneyler/Kader/Deney 1/Göz/eye_roi_output/real/train/combined/real_train/real_train_01086__face_00.jpg,5236,1786020427000000000,a88f64b03864cb42c5c0ef46c3b722e36ba00766e7f3872b9a1dbf04bd7d1a3e
/content/drive/MyDrive/AISC DeepFake Çalışmaları/Deneyler/Kader/Deney 1/Göz/eye_roi_output/real/train/combined/real_train/real_train_01087__face_00.jpg,4953,1786020428000000000,625f4f12a6eac7bb46f5bbe025811c624ae768963dc34d2ef10d54f47e1f5e8c
/content/drive/MyDrive/AISC DeepFake Çalışmaları/Deneyler/Kader/Deney 1/Göz/eye_roi_output/real/train/combined/real_train/real_train_01088__face_00.jpg,5561,1786020428000000000,f4262f793a26f08ecb61696204aa1872ac831af8652117299497fcc81c73cff1
/content/drive/MyDrive/AISC DeepFake Çalışmaları/Deneyler/Kader/Deney 1/Göz/eye_roi_output/real/train/combined/real_train/real_train_01089__face_00.jpg,5108,1786020428000000000,e0b7870a08cda92741f468eb0887b1bccf6c15f0278ecb430d652122a39ddfc3
/content/drive/MyDrive/AISC DeepFake Çalışmaları/Deneyler/Kader/Deney 1/Göz/eye_roi_output/real/train/combined/real_train/real_train_01090__face_00.jpg,5331,1786020429000000000,5b6083403320c04db13c7db9769281fd18fff323771e9acb875666e3c5112fd6
/content/drive/MyDrive/AISC DeepFake Çalışmaları/Deneyler/Kader/Deney 1/Göz/eye_roi_output/real/train/combined/real_train/real_train_01091__face_00.jpg,6254,1786020429000000000,a9f62a7f253b550ed02237cb415e556a3401c28bac00159e953dba063ab2f116
/content/drive/MyDrive/AISC DeepFake Çalışmaları/Deneyler/Kader/Deney 1/Göz/eye_roi_output/real/train/combined/real_train/real_train_01092__face_00.jpg,5122,1786020430000000000,d5bb8d25c8caaf181bf7f33bf88ad7014d7457e9ec492bc23082a99285832e07
/content/drive/MyDrive/AISC DeepFake Çalışmaları/Deneyler/Kader/Deney 1/Göz/eye_roi_output/real/train/combined/real_train/real_train_01093__face_00.jpg,5646,1786020430000000000,04a5d1d5ae55d0ea6cfa4918cfa2beab0bd7232a863cc6f560a13354dded62be
/content/drive/MyDrive/AISC DeepFake Çalışmaları/Deneyler/Kader/Deney 1/Göz/eye_roi_output/real/train/combined/real_train/real_train_01094__face_00.jpg,6274,1786020431000000000,095f786f24157aa24c0367d1161f0144c190dc782af5949d5d7f7df0dd4cecab
/content/drive/MyDrive/AISC DeepFake Çalışmaları/Deneyler/Kader/Deney 1/Göz/eye_roi_output/real/train/combined/real_train/real_train_01095__face_00.jpg,5703,1786020432000000000,6eb2d5df52455765e35645092263668641ce9ffd7020f617f48acba8a45494e6
/content/drive/MyDrive/AISC DeepFake Çalışmaları/Deneyler/Kader/Deney 1/Göz/eye_roi_output/real/train/combined/real_train/real_train_01096__face_00.jpg,4780,1786020433000000000,eda9004c1bbde2f4253cd66983c869a8f8180c932b94ca4b1e43f3b9539cd7bc
/content/drive/MyDrive/AISC DeepFake Çalışmaları/Deneyler/Kader/Deney 1/Göz/eye_roi_output/real/train/combined/real_train/real_train_01097__face_00.jpg,4555,1786020434000000000,0b37ea84e0e5da1682be3f3c1a01a100e6f20a1ef2fd46442a0e859652159805
/content/drive/MyDrive/AISC DeepFake Çalışmaları/Deneyler/Kader/Deney 1/Göz/eye_roi_output/real/train/combined/real_train/real_train_01098__face_00.jpg,5522,1786020434000000000,b7dab0e1d97cfbe6ac16268bd8b95dd40b65df04122c10ff9c92f630136e98ff
/content/drive/MyDrive/AISC DeepFake Çalışmaları/Deneyler/Kader/Deney 1/Göz/eye_roi_output/real/train/combined/real_train/real_train_01099__face_00.jpg,4894,1786020435000000000,1e4d55b2f93028ad0b038d494be9868e3ecf500a961589e75c99a2c2a54a3806
/content/drive/MyDrive/AISC DeepFake Çalışmaları/Deneyler/Kader/Deney 1/Göz/eye_roi_output/real/train/combined/real_train/real_train_01100__face_00.jpg,5054,1786020435000000000,a905990f18c35c3a17f12ed842cf98351e9807b4d35aa0a31bd96b67f61e1765
/content/drive/MyDrive/AISC DeepFake Çalışmaları/Deneyler/Kader/Deney 1/Göz/eye_roi_output/real/train/combined/real_train/real_train_01101__face_00.jpg,4819,1786020436000000000,d329d3f06a81138f3375754f39c3f12288122de8d9ff0cd704ec5c81f75d054c
/content/drive/MyDrive/AISC DeepFake Çalışmaları/Deneyler/Kader/Deney 1/Göz/eye_roi_output/real/train/combined/real_train/real_train_01102__face_00.jpg,4623,1786020437000000000,2547a6692e186607d8d3714dd8044c66b79120f2d62708919027461c4f90afa3
/content/drive/MyDrive/AISC DeepFake Çalışmaları/Deneyler/Kader/Deney 1/Göz/eye_roi_output/real/train/combined/real_train/real_train_01103__face_00.jpg,4735,1786020437000000000,317ad36006f10df1b0bf8604b6d1e9e7b7f2e9d672e8037a50f13d52d8e2cbe2
/content/drive/MyDrive/AISC DeepFake Çalışmaları/Deneyler/Kader/Deney 1/Göz/eye_roi_output/real/train/combined/real_train/real_train_01104__face_00.jpg,5247,1786020438000000000,c81cc4bd0f8c26fbe394181c595a69b6b21cfdef80b1df5bbd80eeafd143fd50
/content/drive/MyDrive/AISC DeepFake Çalışmaları/Deneyler/Kader/Deney 1/Göz/eye_roi_output/real/train/combined/real_train/real_train_01105__face_00.jpg,3809,1786020438000000000,052c8d6bc0d134d420ce8d1813c9770bb8f829ec7e7ec3fbae9c7c0d40834f03
/content/drive/MyDrive/AISC DeepFake Çalışmaları/Deneyler/Kader/Deney 1/Göz/eye_roi_output/real/train/combined/real_train/real_train_01106__face_00.jpg,5678,1786020439000000000,ca1e7681ea74c829fc2bcad23e75718e2a8d6cb938bd5a52ff2b7197bec5d481
/content/drive/MyDrive/AISC DeepFake Çalışmaları/Deneyler/Kader/Deney 1/Göz/eye_roi_output/real/train/combined/real_train/real_train_01107__face_00.jpg,5742,1786020440000000000,19ca8bae9afedb59bde4844d0581de33b6fb87a616b37a2b6df348ccf5e579bf
/content/drive/MyDrive/AISC DeepFake Çalışmaları/Deneyler/Kader/Deney 1/Göz/eye_roi_output/real/train/combined/real_train/real_train_01108__face_00.jpg,5355,1786020440000000000,d14ce186dfae3a543e37541bc8e6ff569e0527a6b7247401991d6b081f754020
/content/drive/MyDrive/AISC DeepFake Çalışmaları/Deneyler/Kader/Deney 1/Göz/eye_roi_output/real/train/combined/real_train/real_train_01109__face_00.jpg,5479,1786020441000000000,44d14bbafe1b19975744fdc5b7d52354198c1dca2ab225fb0555e59fb0d59245
/content/drive/MyDrive/AISC DeepFake Çalışmaları/Deneyler/Kader/Deney 1/Göz/eye_roi_output/real/train/combined/real_train/real_train_01110__face_00.jpg,4896,1786020441000000000,cf9f64d206b0ee88c82f4e51274011a5b7b574bdbfa260bc10b5ecc1f506c375
/content/drive/MyDrive/AISC DeepFake Çalışmaları/Deneyler/Kader/Deney 1/Göz/eye_roi_output/real/train/combined/real_train/real_train_01111__face_00.jpg,5506,1786020442000000000,9df2ab101f89b627a4c9c4e5cd3b79a2e9dfde0e3201554215389bd8d5a9e17d
/content/drive/MyDrive/AISC DeepFake Çalışmaları/Deneyler/Kader/Deney 1/Göz/eye_roi_output/real/train/combined/real_train/real_train_01112__face_00.jpg,4782,1786020442000000000,13631978096b202daf00559072d79174128dcaea6da15819e0348213ced1616a
/content/drive/MyDrive/AISC DeepFake Çalışmaları/Deneyler/Kader/Deney 1/Göz/eye_roi_output/real/train/combined/real_train/real_train_01113__face_00.jpg,4437,1786020443000000000,27d485c9b43a93662af893e3c12d26b9f2d5a559d1f88ef498df1151f3a9bbbb
/content/drive/MyDrive/AISC DeepFake Çalışmaları/Deneyler/Kader/Deney 1/Göz/eye_roi_output/real/train/combined/real_train/real_train_01114__face_00.jpg,5285,1786020443000000000,a3cbddd32fb78ef7416d1fc249d0965357970df056489c1725062e82be4705dd
/content/drive/MyDrive/AISC DeepFake Çalışmaları/Deneyler/Kader/Deney 1/Göz/eye_roi_output/real/train/combined/real_train/real_train_01115__face_00.jpg,5875,1786020444000000000,8a2d986ecacdff4684b371f677ea5ac62266eb13e76984be504ec0eb7d077f0b
/content/drive/MyDrive/AISC DeepFake Çalışmaları/Deneyler/Kader/Deney 1/Göz/eye_roi_output/real/train/combined/real_train/real_train_01116__face_00.jpg,4951,1786020444000000000,4b7b7c5b74e6c31a7d7cb56fb9b634b1e7fd2c06755a1b733cdd5a73b97a7b9f
/content/drive/MyDrive/AISC DeepFake Çalışmaları/Deneyler/Kader/Deney 1/Göz/eye_roi_output/real/train/combined/real_train/real_train_01117__face_00.jpg,5509,1786020445000000000,8f363f0c9d87d42d696c026b00285ac5ae19e6924300907292f64f7b834fe0f5
/content/drive/MyDrive/AISC DeepFake Çalışmaları/Deneyler/Kader/Deney 1/Göz/eye_roi_output/real/train/combined/real_train/real_train_01118__face_00.jpg,7718,1786020445000000000,b18a2d3eabd85f0f0fc13dfddebbd2c93d46175872eb86f75b866a859955db65
/content/drive/MyDrive/AISC DeepFake Çalışmaları/Deneyler/Kader/Deney 1/Göz/eye_roi_output/real/train/combined/real_train/real_train_01120__face_00.jpg,4027,1786020447000000000,166541dc85d5e6d76185469ea5d0195941dbd793bcc3db679029edc021e66950
/content/drive/MyDrive/AISC DeepFake Çalışmaları/Deneyler/Kader/Deney 1/Göz/eye_roi_output/real/train/combined/real_train/real_train_01121__face_00.jpg,4607,1786020447000000000,16d29aba5644b149feb238fba0bec0cf9c019f5758ac0c2d7254116f128b4d3a
/content/drive/MyDrive/AISC DeepFake Çalışmaları/Deneyler/Kader/Deney 1/Göz/eye_roi_output/real/train/combined/real_train/real_train_01122__face_00.jpg,4442,1786020447000000000,41dfa96a0b68a2dfd12b0458c10dec8a85ebb24dae6cfb6309d801b640a4c338
/content/drive/MyDrive/AISC DeepFake Çalışmaları/Deneyler/Kader/Deney 1/Göz/eye_roi_output/real/train/combined/real_train/real_train_01123__face_00.jpg,6574,1786020448000000000,ba203f0305095b9b5fbec239564460e9a0cf091a11a5621718cd5ff94ec5a664
/content/drive/MyDrive/AISC DeepFake Çalışmaları/Deneyler/Kader/Deney 1/Göz/eye_roi_output/real/train/combined/real_train/real_train_01124__face_00.jpg,3977,1786020448000000000,52627845b2d923c71580433bf179dac71919539895e1060cea1a32f8eff2468e
/content/drive/MyDrive/AISC DeepFake Çalışmaları/Deneyler/Kader/Deney 1/Göz/eye_roi_output/real/train/combined/real_train/real_train_01125__face_00.jpg,6130,1786020449000000000,62ca8d0fe16ef87fa16e923f296f5a286a6e8317027745d2fdb412dbb9d54981
/content/drive/MyDrive/AISC DeepFake Çalışmaları/Deneyler/Kader/Deney 1/Göz/eye_roi_output/real/train/combined/real_train/real_train_01126__face_00.jpg,4625,1786020450000000000,b688e11edc41032694144868a4304266dd7a9da5668c156eb26e4e9e827f5c4c
/content/drive/MyDrive/AISC DeepFake Çalışmaları/Deneyler/Kader/Deney 1/Göz/eye_roi_output/real/train/combined/real_train/real_train_01127__face_00.jpg,5526,1786020450000000000,e6cf820a172a144991609e47dae7be776d34e2d3b1ffe60234d3672ca14756e7
/content/drive/MyDrive/AISC DeepFake Çalışmaları/Deneyler/Kader/Deney 1/Göz/eye_roi_output/real/train/combined/real_train/real_train_01128__face_00.jpg,5925,1786020451000000000,1a9cf5be75840c39f5ce17777c14dedcbd64f008873ca4350e81570623497f76
/content/drive/MyDrive/AISC DeepFake Çalışmaları/Deneyler/Kader/Deney 1/Göz/eye_roi_output/real/train/combined/real_train/real_train_01129__face_00.jpg,5543,1786020451000000000,70d10da3a5e09a1e0a88e9c5d4d7838036791952bfc2ba1038cfdb644494bd5e
/content/drive/MyDrive/AISC DeepFake Çalışmaları/Deneyler/Kader/Deney 1/Göz/eye_roi_output/real/train/combined/real_train/real_train_01131__face_00.jpg,4264,1786020452000000000,72cdbbb8663e68d4e8563c05202a047c1b077c2e53b5d89fda80acf442cb3b07
/content/drive/MyDrive/AISC DeepFake Çalışmaları/Deneyler/Kader/Deney 1/Göz/eye_roi_output/real/train/combined/real_train/real_train_01132__face_00.jpg,5435,1786020452000000000,b0338a0fa6e8e41d5835633842703264e2676c798dae8879eba18cd6b4c3bf5d
/content/drive/MyDrive/AISC DeepFake Çalışmaları/Deneyler/Kader/Deney 1/Göz/eye_roi_output/real/train/combined/real_train/real_train_01133__face_00.jpg,3848,1786020453000000000,931a72f2e015d38c210b2496ad255330ab2abc040a290ac67b7b782059a27add
/content/drive/MyDrive/AISC DeepFake Çalışmaları/Deneyler/Kader/Deney 1/Göz/eye_roi_output/real/train/combined/real_train/real_train_01134__face_00.jpg,4937,1786020453000000000,e4a051f14b5a265ac3e64fb74e970735525d367fb6235264eac8342a6900b132
/content/drive/MyDrive/AISC DeepFake Çalışmaları/Deneyler/Kader/Deney 1/Göz/eye_roi_output/real/train/combined/real_train/real_train_01135__face_00.jpg,4932,1786020454000000000,ae1e0c6ca9198cd84afaa120968480cd1e390cca02fa30fc3e62115687f25453
/content/drive/MyDrive/AISC DeepFake Çalışmaları/Deneyler/Kader/Deney 1/Göz/eye_roi_output/real/train/combined/real_train/real_train_01136__face_00.jpg,5020,1786020455000000000,baa5ba8522922e51a62c33d64c4b70411dcb1e11e10ea24b3382f65ab1cca254
/content/drive/MyDrive/AISC DeepFake Çalışmaları/Deneyler/Kader/Deney 1/Göz/eye_roi_output/real/train/combined/real_train/real_train_01137__face_00.jpg,5163,1786020455000000000,05a0bf11028a816b697e83f1dd201c27f4d2c832fd3a3d3a7d27bfd9dc102e48
/content/drive/MyDrive/AISC DeepFake Çalışmaları/Deneyler/Kader/Deney 1/Göz/eye_roi_output/real/train/combined/real_train/real_train_01138__face_00.jpg,4937,1786020456000000000,b4740a0e9f005e344ff53a37634f1cf1e890834dc4be7674c3733a1cf0ac0bc1
/content/drive/MyDrive/AISC DeepFake Çalışmaları/Deneyler/Kader/Deney 1/Göz/eye_roi_output/real/train/combined/real_train/real_train_01139__face_00.jpg,5403,1786020456000000000,5d907d40c9ce800fd34f529450b2206a66192dba3b08b2530fd7f9b6b18dc717
/content/drive/MyDrive/AISC DeepFake Çalışmaları/Deneyler/Kader/Deney 1/Göz/eye_roi_output/real/train/combined/real_train/real_train_01140__face_00.jpg,5016,1786020457000000000,6508935067ee9f8928daf39225e5cd4275ebb3a28bba807fb6b035c62dd454e2
/content/drive/MyDrive/AISC DeepFake Çalışmaları/Deneyler/Kader/Deney 1/Göz/eye_roi_output/real/train/combined/real_train/real_train_01141__face_00.jpg,5029,1786020457000000000,e1e99373305aada42a64dcddbdb94ce3249911770261b38af8dc1a2690e6a783
/content/drive/MyDrive/AISC DeepFake Çalışmaları/Deneyler/Kader/Deney 1/Göz/eye_roi_output/real/train/combined/real_train/real_train_01142__face_00.jpg,6159,1786020457000000000,54099e9740cc9ab5bc8a7012b1ca819b8ee2c925559eb971754b062e0823d45c
/content/drive/MyDrive/AISC DeepFake Çalışmaları/Deneyler/Kader/Deney 1/Göz/eye_roi_output/real/train/combined/real_train/real_train_01143__face_00.jpg,6256,1786020458000000000,1890f431d76ba526c4eae84538add511b123612e06c0cb0651924ebd1f18d5a2
/content/drive/MyDrive/AISC DeepFake Çalışmaları/Deneyler/Kader/Deney 1/Göz/eye_roi_output/real/train/combined/real_train/real_train_01144__face_00.jpg,5107,1786020458000000000,b04fba918f570f7be7ccf68c769b3914eeac79f620c4d7a01720564c799380b9
/content/drive/MyDrive/AISC DeepFake Çalışmaları/Deneyler/Kader/Deney 1/Göz/eye_roi_output/real/train/combined/real_train/real_train_01145__face_00.jpg,4842,1786020460000000000,b51741bd43e1499ce993fb0615fa2de88f9a1f04d8a3a474c483ae872264047e
/content/drive/MyDrive/AISC DeepFake Çalışmaları/Deneyler/Kader/Deney 1/Göz/eye_roi_output/real/train/combined/real_train/real_train_01146__face_00.jpg,5694,1786020460000000000,0688be4e8afa564f44510a3f4cb71dab6662db308be26e96d81296327f774734
/content/drive/MyDrive/AISC DeepFake Çalışmaları/Deneyler/Kader/Deney 1/Göz/eye_roi_output/real/train/combined/real_train/real_train_01147__face_00.jpg,5378,1786020460000000000,1a56968fedf1bf63b7abfbb62cdfa6daa7bff68df95b80fa5f0261907b02efb6
/content/drive/MyDrive/AISC DeepFake Çalışmaları/Deneyler/Kader/Deney 1/Göz/eye_roi_output/real/train/combined/real_train/real_train_01148__face_00.jpg,5295,1786020461000000000,d8b97553caa27716dad192c20e59bbf55de90816b3b06baf4ac6d5b495239877
/content/drive/MyDrive/AISC DeepFake Çalışmaları/Deneyler/Kader/Deney 1/Göz/eye_roi_output/real/train/combined/real_train/real_train_01149__face_00.jpg,5304,1786020461000000000,b10108e676ab823b85bab97fd0efb3c1f3fc3687d073b3257f91754c94c38d94
/content/drive/MyDrive/AISC DeepFake Çalışmaları/Deneyler/Kader/Deney 1/Göz/eye_roi_output/real/train/combined/real_train/real_train_01150__face_00.jpg,4957,1786020462000000000,84354bc426b7efb488dafbdef8f1f3c8477786785023a0a53a20a258e96dc2e4
/content/drive/MyDrive/AISC DeepFake Çalışmaları/Deneyler/Kader/Deney 1/Göz/eye_roi_output/real/train/combined/real_train/real_train_01151__face_00.jpg,4883,1786020462000000000,333542a1d2e5d916ac0ba32a1561af9e727706d97adfe4978dbe260cd8f3eefa
/content/drive/MyDrive/AISC DeepFake Çalışmaları/Deneyler/Kader/Deney 1/Göz/eye_roi_output/real/train/combined/real_train/real_train_01152__face_00.jpg,4784,1786020463000000000,f6905138ad142065ae82dd440eec390e3c4c58a8d2302724325477ce28355c0c
/content/drive/MyDrive/AISC DeepFake Çalışmaları/Deneyler/Kader/Deney 1/Göz/eye_roi_output/real/train/combined/real_train/real_train_01153__face_00.jpg,4842,1786020463000000000,6de006cfda4f2f6d2d8f96f9b9fb5c37815decdf62fe92f2d71bd304c2faef43
/content/drive/MyDrive/AISC DeepFake Çalışmaları/Deneyler/Kader/Deney 1/Göz/eye_roi_output/real/train/combined/real_train/real_train_01154__face_00.jpg,5381,1786020464000000000,345efb83067027da37b26166883e33137f28d7838959b904a7b85547bcdaae5f
/content/drive/MyDrive/AISC DeepFake Çalışmaları/Deneyler/Kader/Deney 1/Göz/eye_roi_output/real/train/combined/real_train/real_train_01155__face_00.jpg,4709,1786020464000000000,9336b2aab02ba529744b36d900ffd1d85b24ec387157022ecab7d12d0fe86825
/content/drive/MyDrive/AISC DeepFake Çalışmaları/Deneyler/Kader/Deney 1/Göz/eye_roi_output/real/train/combined/real_train/real_train_01156__face_00.jpg,5278,1786020464000000000,a7b1f539308f4d4695fefe6261d46c6aa8853d8ae5882500599509fb5efe0b80
/content/drive/MyDrive/AISC DeepFake Çalışmaları/Deneyler/Kader/Deney 1/Göz/eye_roi_output/real/train/combined/real_train/real_train_01157__face_00.jpg,5197,1786020465000000000,d4997a49327ff77bd12a6fcca92383cdad9851f1d15b72d83f3fd52410665f7c
/content/drive/MyDrive/AISC DeepFake Çalışmaları/Deneyler/Kader/Deney 1/Göz/eye_roi_output/real/train/combined/real_train/real_train_01158__face_00.jpg,6005,1786020465000000000,46e9e5a7c1e72c502fc8387f3e4f26cfa488fdeb7fc4d9e1b75e8b152bca19b2
/content/drive/MyDrive/AISC DeepFake Çalışmaları/Deneyler/Kader/Deney 1/Göz/eye_roi_output/real/train/combined/real_train/real_train_01159__face_00.jpg,5798,1786020466000000000,ef43535fccfc76f6069e3a08cc6439d7b3dbf192c3367dd19c76b0e27599beda
/content/drive/MyDrive/AISC DeepFake Çalışmaları/Deneyler/Kader/Deney 1/Göz/eye_roi_output/real/train/combined/real_train/real_train_01160__face_00.jpg,5493,1786020466000000000,68d50259197522bcbe6d7bd844e70ab0a6df887a58ad315eff286946c6aa4e02
/content/drive/MyDrive/AISC DeepFake Çalışmaları/Deneyler/Kader/Deney 1/Göz/eye_roi_output/real/train/combined/real_train/real_train_01161__face_00.jpg,4518,1786020467000000000,1bd34347ed6de7040aa291a07b62d613ca2bc1dbc747ba80868d790111f4466e
/content/drive/MyDrive/AISC DeepFake Çalışmaları/Deneyler/Kader/Deney 1/Göz/eye_roi_output/real/train/combined/real_train/real_train_01162__face_00.jpg,5767,1786020467000000000,b933110590bcca23e7303edd35dc589423471d974b6cfc929bdfabe151785cf5
/content/drive/MyDrive/AISC DeepFake Çalışmaları/Deneyler/Kader/Deney 1/Göz/eye_roi_output/real/train/combined/real_train/real_train_01163__face_00.jpg,4786,1786020468000000000,9350d2a027fa493cafe36e1b10e21bf6cfae302e4767a6cf6390b5ac840265f2
/content/drive/MyDrive/AISC DeepFake Çalışmaları/Deneyler/Kader/Deney 1/Göz/eye_roi_output/real/train/combined/real_train/real_train_01164__face_00.jpg,5430,1786020468000000000,b33455cfb297faadd016a4c09064bc0860476c7234e8ded1f31912df9041f60a
/content/drive/MyDrive/AISC DeepFake Çalışmaları/Deneyler/Kader/Deney 1/Göz/eye_roi_output/real/train/combined/real_train/real_train_01165__face_00.jpg,5139,1786020469000000000,48e53eb15496a9a3c4c8a275eaf3c7da3af74b0062b1eca709134b8847df3d4e
/content/drive/MyDrive/AISC DeepFake Çalışmaları/Deneyler/Kader/Deney 1/Göz/eye_roi_output/real/train/combined/real_train/real_train_01166__face_00.jpg,5880,1786020469000000000,8a5f470c8e24ba0acc85b642e54f28be6deb8ae068e4e98ce0ee70c116b05588
/content/drive/MyDrive/AISC DeepFake Çalışmaları/Deneyler/Kader/Deney 1/Göz/eye_roi_output/real/train/combined/real_train/real_train_01168__face_00.jpg,6053,1786020470000000000,c60a0cc4fb338e0219119b57f2f89bf71d76dbd1c5ce423cf272364505f3a9d8
/content/drive/MyDrive/AISC DeepFake Çalışmaları/Deneyler/Kader/Deney 1/Göz/eye_roi_output/real/train/combined/real_train/real_train_01169__face_00.jpg,5524,1786020470000000000,297b48ad521e66b92833b65cd1b208d9d172eafb17c03a0dafeab67cfc4200b1
/content/drive/MyDrive/AISC DeepFake Çalışmaları/Deneyler/Kader/Deney 1/Göz/eye_roi_output/real/train/combined/real_train/real_train_01170__face_00.jpg,5550,1786020472000000000,f9869351291132ac77f8cd2eab86166ed0c258c4bf2aabdd3c83b36766f5baa3
/content/drive/MyDrive/AISC DeepFake Çalışmaları/Deneyler/Kader/Deney 1/Göz/eye_roi_output/real/train/combined/real_train/real_train_01171__face_00.jpg,5975,1786020473000000000,ba91202249bb6996dc16866d51cd4fef888a1dae67ff7fccdee2e7f9a585a79f
/content/drive/MyDrive/AISC DeepFake Çalışmaları/Deneyler/Kader/Deney 1/Göz/eye_roi_output/real/train/combined/real_train/real_train_01172__face_00.jpg,5548,1786020474000000000,4d054fd185901dc8007e1acea7ffbb4c95319e281d64d3aa4d4d0b7bbd862878
/content/drive/MyDrive/AISC DeepFake Çalışmaları/Deneyler/Kader/Deney 1/Göz/eye_roi_output/real/train/combined/real_train/real_train_01173__face_00.jpg,5068,1786020474000000000,d76ee88e14e412fec0217aab860bd1d354ad58972bf686b50f0ee98d94863f67
/content/drive/MyDrive/AISC DeepFake Çalışmaları/Deneyler/Kader/Deney 1/Göz/eye_roi_output/real/train/combined/real_train/real_train_01174__face_00.jpg,4627,1786020475000000000,81a8e57ce01eacf56e431e04b5e233e0de5f248f8cc648b72f15c6885f85f0cd
/content/drive/MyDrive/AISC DeepFake Çalışmaları/Deneyler/Kader/Deney 1/Göz/eye_roi_output/real/train/combined/real_train/real_train_01175__face_00.jpg,3582,1786020475000000000,23a9c9c14c1d52587d5f6879721a84cf6fb84456b1e2f579d9a92f010a554b7b
/content/drive/MyDrive/AISC DeepFake Çalışmaları/Deneyler/Kader/Deney 1/Göz/eye_roi_output/real/train/combined/real_train/real_train_01176__face_00.jpg,5880,1786020476000000000,4c92d4a40b52b653dcff54a5ad5e50fe83ccbfc48d896505178b280fcde2223f
/content/drive/MyDrive/AISC DeepFake Çalışmaları/Deneyler/Kader/Deney 1/Göz/eye_roi_output/real/train/combined/real_train/real_train_01177__face_00.jpg,5274,1786020476000000000,e6b0278c449bdae62d4f2224738f2e8ccbb5351a01a650e0aec3640c3ebee7b6
/content/drive/MyDrive/AISC DeepFake Çalışmaları/Deneyler/Kader/Deney 1/Göz/eye_roi_output/real/train/combined/real_train/real_train_01178__face_00.jpg,5012,1786020477000000000,a79579992116f0583e764b6e4edbb3415232226052344bc387260c43fc25444f
/content/drive/MyDrive/AISC DeepFake Çalışmaları/Deneyler/Kader/Deney 1/Göz/eye_roi_output/real/train/combined/real_train/real_train_01179__face_00.jpg,4614,1786020477000000000,959382f545376870c3c9e839fd4a39e7b0503b927f7136b484b100ce3289c9a7
/content/drive/MyDrive/AISC DeepFake Çalışmaları/Deneyler/Kader/Deney 1/Göz/eye_roi_output/real/train/combined/real_train/real_train_01180__face_00.jpg,5224,1786020478000000000,2ce7f0b5cdd299d89271fca032cbe47e88c5b3808bcfe7dbc5dc194b3d144b1f
/content/drive/MyDrive/AISC DeepFake Çalışmaları/Deneyler/Kader/Deney 1/Göz/eye_roi_output/real/train/combined/real_train/real_train_01181__face_00.jpg,5030,1786020478000000000,84bed07d39af3393cc58abed016260cd20f2bc6705cac0cb4739c999fd7ea081
/content/drive/MyDrive/AISC DeepFake Çalışmaları/Deneyler/Kader/Deney 1/Göz/eye_roi_output/real/train/combined/real_train/real_train_01182__face_00.jpg,4685,1786020479000000000,09d792c600e6f0d39bf5da37f47113cf41fbe6c0b3a2ca43b117f2d0686985dc
/content/drive/MyDrive/AISC DeepFake Çalışmaları/Deneyler/Kader/Deney 1/Göz/eye_roi_output/real/train/combined/real_train/real_train_01183__face_00.jpg,5009,1786020479000000000,bbdf131872be6e0db8ba8d31d933bb9060f8e6e68c346a276230ab875f753b57
/content/drive/MyDrive/AISC DeepFake Çalışmaları/Deneyler/Kader/Deney 1/Göz/eye_roi_output/real/train/combined/real_train/real_train_01184__face_00.jpg,6200,1786020480000000000,9099943882c9e5357d9f7dc4f28be1b53d5fb7904fdd5626cd8fc12de2a6e87f
/content/drive/MyDrive/AISC DeepFake Çalışmaları/Deneyler/Kader/Deney 1/Göz/eye_roi_output/real/train/combined/real_train/real_train_01185__face_00.jpg,6085,1786020480000000000,5dcd4ed2c68bd5e980d263cc0f719e2466cf402fe2b91f75c375ba29c906b3cb
/content/drive/MyDrive/AISC DeepFake Çalışmaları/Deneyler/Kader/Deney 1/Göz/eye_roi_output/real/train/combined/real_train/real_train_01186__face_00.jpg,4647,1786020481000000000,4458af14dff21a60056836bbf6e1954d30ecb2ed8376a16c59843b1f7d1cbc5a
/content/drive/MyDrive/AISC DeepFake Çalışmaları/Deneyler/Kader/Deney 1/Göz/eye_roi_output/real/train/combined/real_train/real_train_01187__face_00.jpg,5556,1786020481000000000,a3e42b6b4a3a24fd234506575ec8410bcaa81efa9fa84f0001a9d6f8fab95eb9
/content/drive/MyDrive/AISC DeepFake Çalışmaları/Deneyler/Kader/Deney 1/Göz/eye_roi_output/real/train/combined/real_train/real_train_01188__face_00.jpg,5033,1786020481000000000,42e7b6f5c32d0eda3d02d0b5d338d574aaa738225449c7bfe4bbbcc5a08d0deb
/content/drive/MyDrive/AISC DeepFake Çalışmaları/Deneyler/Kader/Deney 1/Göz/eye_roi_output/real/train/combined/real_train/real_train_01189__face_00.jpg,5058,1786020482000000000,ca17f75167e45fe1a558008ade15185c91c1a442d98d9b803573d044693b5d39
/content/drive/MyDrive/AISC DeepFake Çalışmaları/Deneyler/Kader/Deney 1/Göz/eye_roi_output/real/train/combined/real_train/real_train_01190__face_00.jpg,4536,1786020482000000000,b95af168c5297d6d847eada08012471bcd5be6964e8983110138941a3db9b88d
/content/drive/MyDrive/AISC DeepFake Çalışmaları/Deneyler/Kader/Deney 1/Göz/eye_roi_output/real/train/combined/real_train/real_train_01191__face_00.jpg,5437,1786020483000000000,a041f84078d534043a3c0d66ba2148dfef7b6402195277b90f670de7380bda29
/content/drive/MyDrive/AISC DeepFake Çalışmaları/Deneyler/Kader/Deney 1/Göz/eye_roi_output/real/train/combined/real_train/real_train_01192__face_00.jpg,4241,1786020483000000000,044ef81c2ca79598de641b0828dbd1e36eb7d661d9af3124f0e8e1166c0097ec
/content/drive/MyDrive/AISC DeepFake Çalışmaları/Deneyler/Kader/Deney 1/Göz/eye_roi_output/real/train/combined/real_train/real_train_01193__face_00.jpg,5338,1786020484000000000,cd707fae474b464762a1f373ffbfd682bcc2848a547a62615e9705ab7d005404
/content/drive/MyDrive/AISC DeepFake Çalışmaları/Deneyler/Kader/Deney 1/Göz/eye_roi_output/real/train/combined/real_train/real_train_01194__face_00.jpg,5438,1786020484000000000,def417e9b4f6e695a5d809f2a76ab04c3929bddd934cf1f7f666aa2ae0bcdb44
/content/drive/MyDrive/AISC DeepFake Çalışmaları/Deneyler/Kader/Deney 1/Göz/eye_roi_output/real/train/combined/real_train/real_train_01195__face_00.jpg,4740,1786020485000000000,831224c53f08e7f77d23c5ecd08adc98c45e75db837ffa9f5281c123b18eb0d6
/content/drive/MyDrive/AISC DeepFake Çalışmaları/Deneyler/Kader/Deney 1/Göz/eye_roi_output/real/train/combined/real_train/real_train_01196__face_00.jpg,4750,1786020486000000000,3b75b46f4e053b0eecf8dfd111f8bd15ba4a1184461d5a57ef6ba295ad426225
/content/drive/MyDrive/AISC DeepFake Çalışmaları/Deneyler/Kader/Deney 1/Göz/eye_roi_output/real/train/combined/real_train/real_train_01197__face_00.jpg,6411,1786020486000000000,2b459e20b18502a969ccf0ec9dd17e0b60e2400067224442e65f7de07ee55417
/content/drive/MyDrive/AISC DeepFake Çalışmaları/Deneyler/Kader/Deney 1/Göz/eye_roi_output/real/train/combined/real_train/real_train_01198__face_00.jpg,6253,1786020487000000000,08b171fc18d43b2ab3798ca00ab085e888d1569b8ba95848f44662b117a5fd8d
/content/drive/MyDrive/AISC DeepFake Çalışmaları/Deneyler/Kader/Deney 1/Göz/eye_roi_output/real/train/combined/real_train/real_train_01199__face_00.jpg,5048,1786020487000000000,9e3da29cca46b6ed7d619bfbe9a6586bc3bca60cee5cd138333978dc8edeaac8
/content/drive/MyDrive/AISC DeepFake Çalışmaları/Deneyler/Kader/Deney 1/Göz/eye_roi_output/real/val/combined/real_val/real_val_00000__face_00.jpg,5371,1786020488000000000,2ec96df241d0218a9a582594e8a32d70954208e97d5d1d6a895d16a2ef16226b
/content/drive/MyDrive/AISC DeepFake Çalışmaları/Deneyler/Kader/Deney 1/Göz/eye_roi_output/real/val/combined/real_val/real_val_00001__face_00.jpg,4534,1786020488000000000,fcf71775c3d5f5aeeebfd7f55c3ff4e46d4a5be0960fb05f9f98198e34868309
/content/drive/MyDrive/AISC DeepFake Çalışmaları/Deneyler/Kader/Deney 1/Göz/eye_roi_output/real/val/combined/real_val/real_val_00002__face_00.jpg,5073,1786020489000000000,b6fcded5a9207cc74727c6c239ec05ae1d9711bf59d33fddfb13ce01cd3b4d6e
/content/drive/MyDrive/AISC DeepFake Çalışmaları/Deneyler/Kader/Deney 1/Göz/eye_roi_output/real/val/combined/real_val/real_val_00003__face_00.jpg,4802,1786020490000000000,8bcc8c2dcdb8619686e695478814a60b0ccb62e8d863d8a7a4301ea1f63924d3
/content/drive/MyDrive/AISC DeepFake Çalışmaları/Deneyler/Kader/Deney 1/Göz/eye_roi_output/real/val/combined/real_val/real_val_00004__face_00.jpg,5226,1786020490000000000,f9040c6b37e2030bf26cf33cd1f7a76587a9d5cadf4df40f857e91612ddcb922
/content/drive/MyDrive/AISC DeepFake Çalışmaları/Deneyler/Kader/Deney 1/Göz/eye_roi_output/real/val/combined/real_val/real_val_00005__face_00.jpg,4498,1786020491000000000,1237e874beb0dfafa2d0be44506f4a18ca6e9f0bc7f0d697113f328cf80e8ba1
/content/drive/MyDrive/AISC DeepFake Çalışmaları/Deneyler/Kader/Deney 1/Göz/eye_roi_output/real/val/combined/real_val/real_val_00006__face_00.jpg,5806,1786020491000000000,ae2899255ddfa6a4c85495fc6016a8ae524eb7b6ab1ded2a427b8962c88dcd98
/content/drive/MyDrive/AISC DeepFake Çalışmaları/Deneyler/Kader/Deney 1/Göz/eye_roi_output/real/val/combined/real_val/real_val_00007__face_00.jpg,6166,1786020491000000000,174725d179e0c6f5a7cc15b7b85e18e82ffbde33855277b8d852cc50268e5c7a
/content/drive/MyDrive/AISC DeepFake Çalışmaları/Deneyler/Kader/Deney 1/Göz/eye_roi_output/real/val/combined/real_val/real_val_00008__face_00.jpg,5836,1786020492000000000,6bd2c454575eaeb40834b1887eeb5b68cc16eaf06d26900d3e162b2686375a6c
/content/drive/MyDrive/AISC DeepFake Çalışmaları/Deneyler/Kader/Deney 1/Göz/eye_roi_output/real/val/combined/real_val/real_val_00009__face_00.jpg,4897,1786020493000000000,58b9beb330d94027592c155ce287991eb5fc510838db6149af2c2eae4f42a7f6
/content/drive/MyDrive/AISC DeepFake Çalışmaları/Deneyler/Kader/Deney 1/Göz/eye_roi_output/real/val/combined/real_val/real_val_00010__face_00.jpg,6191,1786020493000000000,8f38ef47dec6aec5a9975a7600c29398d23e1df88ad2936f46b095365fb805b1
/content/drive/MyDrive/AISC DeepFake Çalışmaları/Deneyler/Kader/Deney 1/Göz/eye_roi_output/real/val/combined/real_val/real_val_00011__face_00.jpg,5525,1786020493000000000,28f24f7f2376149d25f13da9262172a0dae382c45ae781b3e385d52c3b518a3e
/content/drive/MyDrive/AISC DeepFake Çalışmaları/Deneyler/Kader/Deney 1/Göz/eye_roi_output/real/val/combined/real_val/real_val_00012__face_00.jpg,5873,1786020494000000000,9e9791d05f0aeb0207294fd42d4b89957b2e7e2722b4d88e8448cabfbf9e28cb
/content/drive/MyDrive/AISC DeepFake Çalışmaları/Deneyler/Kader/Deney 1/Göz/eye_roi_output/real/val/combined/real_val/real_val_00013__face_00.jpg,5079,1786020494000000000,96ce4b7d6b99519b2cd342114423f4c8ce424c9fac2f6b7cf275afbf4ed7634e
/content/drive/MyDrive/AISC DeepFake Çalışmaları/Deneyler/Kader/Deney 1/Göz/eye_roi_output/real/val/combined/real_val/real_val_00014__face_00.jpg,5372,1786020495000000000,a102aefede43236c703e7c54e3e6df30fa6ecd85094b6115ff0e0bb1525f1395
/content/drive/MyDrive/AISC DeepFake Çalışmaları/Deneyler/Kader/Deney 1/Göz/eye_roi_output/real/val/combined/real_val/real_val_00015__face_00.jpg,5000,1786020495000000000,6892c7554ac8cf3b5e4225d446c2cee04ec72cf690c9c7dec1876eb068badfbd
/content/drive/MyDrive/AISC DeepFake Çalışmaları/Deneyler/Kader/Deney 1/Göz/eye_roi_output/real/val/combined/real_val/real_val_00016__face_00.jpg,5552,1786020496000000000,31bfb2448d54dc45fc0872eb346ac5cbeebf345c86ec3a113729c06352efc6be
/content/drive/MyDrive/AISC DeepFake Çalışmaları/Deneyler/Kader/Deney 1/Göz/eye_roi_output/real/val/combined/real_val/real_val_00017__face_00.jpg,6307,1786020496000000000,7358e2e8c60e18a86be4aff577c4dbf7b4e819136d6d1c1bc0c522a9ae6fc552
/content/drive/MyDrive/AISC DeepFake Çalışmaları/Deneyler/Kader/Deney 1/Göz/eye_roi_output/real/val/combined/real_val/real_val_00018__face_00.jpg,6132,1786020497000000000,dd3d0ce9ad22f699434c3ddffdc22ac4abf2e1e02dd0e4bbfda7b25c66cb65ca
/content/drive/MyDrive/AISC DeepFake Çalışmaları/Deneyler/Kader/Deney 1/Göz/eye_roi_output/real/val/combined/real_val/real_val_00019__face_00.jpg,5372,1786020497000000000,6a21f5ec701b02ea6999b2d9224a9915f503161b22a79b4634de700ce31c32c9
/content/drive/MyDrive/AISC DeepFake Çalışmaları/Deneyler/Kader/Deney 1/Göz/eye_roi_output/real/val/combined/real_val/real_val_00020__face_00.jpg,5036,1786020499000000000,07c470abadad3a468461996f3da67193dea708e3bea6ce9ab02759370beb30b3
/content/drive/MyDrive/AISC DeepFake Çalışmaları/Deneyler/Kader/Deney 1/Göz/eye_roi_output/real/val/combined/real_val/real_val_00021__face_00.jpg,5115,1786020499000000000,c3afff3a2935d51db398e5b275f451a949af430743e378807a25fdfc2f881688
/content/drive/MyDrive/AISC DeepFake Çalışmaları/Deneyler/Kader/Deney 1/Göz/eye_roi_output/real/val/combined/real_val/real_val_00022__face_00.jpg,5014,1786020499000000000,a3cc33e460e21d9a69a4abe58440a5144dfacb40dc5a4bb7280924c804e6c3b1
/content/drive/MyDrive/AISC DeepFake Çalışmaları/Deneyler/Kader/Deney 1/Göz/eye_roi_output/real/val/combined/real_val/real_val_00023__face_00.jpg,4524,1786020500000000000,bfda0565dfd119940d07db2a3c66244a46e101215878c25d56c4ab1f2dee2780
/content/drive/MyDrive/AISC DeepFake Çalışmaları/Deneyler/Kader/Deney 1/Göz/eye_roi_output/real/val/combined/real_val/real_val_00024__face_00.jpg,4314,1786020500000000000,c75f7600eaaf83273c26fb506c0a9addf48e29eb903a094c28a80f4b58991072
/content/drive/MyDrive/AISC DeepFake Çalışmaları/Deneyler/Kader/Deney 1/Göz/eye_roi_output/real/val/combined/real_val/real_val_00025__face_00.jpg,4574,1786020501000000000,ffa125f3c0cb99bb3df8a6c1c3e776c7c9d7072b1e1df9b6f62e03bbb6762dfa
/content/drive/MyDrive/AISC DeepFake Çalışmaları/Deneyler/Kader/Deney 1/Göz/eye_roi_output/real/val/combined/real_val/real_val_00026__face_00.jpg,5265,1786020501000000000,65da3270b6bfeb4e455f321e9f9a76b226564db54bcee6f2a35c615ff0fbe30c
/content/drive/MyDrive/AISC DeepFake Çalışmaları/Deneyler/Kader/Deney 1/Göz/eye_roi_output/real/val/combined/real_val/real_val_00027__face_00.jpg,4687,1786020502000000000,1959ca3956480953fe2defb9051de9f7348acb9b6d6854ff4f09b8b65acdf9f5
/content/drive/MyDrive/AISC DeepFake Çalışmaları/Deneyler/Kader/Deney 1/Göz/eye_roi_output/real/val/combined/real_val/real_val_00028__face_00.jpg,5384,1786020502000000000,82878b9be9b4c7515b0eb838847139e5651a7e378d7a0b3a3f676c22904a5033
/content/drive/MyDrive/AISC DeepFake Çalışmaları/Deneyler/Kader/Deney 1/Göz/eye_roi_output/real/val/combined/real_val/real_val_00029__face_00.jpg,6124,1786020503000000000,ef4dc09bd8bc9a81eca57a7568f34ba1efaad9bac52620799549171e0621bd4c
/content/drive/MyDrive/AISC DeepFake Çalışmaları/Deneyler/Kader/Deney 1/Göz/eye_roi_output/real/val/combined/real_val/real_val_00030__face_00.jpg,3981,1786020503000000000,59612526d0559728ab68d8909cc906c536f771094812d2a60f8e95784f96f583
/content/drive/MyDrive/AISC DeepFake Çalışmaları/Deneyler/Kader/Deney 1/Göz/eye_roi_output/real/val/combined/real_val/real_val_00031__face_00.jpg,5030,1786020504000000000,d38fa892da23b571292d0356837da68780d50f18ac6835667645a4c9208d77cc
/content/drive/MyDrive/AISC DeepFake Çalışmaları/Deneyler/Kader/Deney 1/Göz/eye_roi_output/real/val/combined/real_val/real_val_00032__face_00.jpg,5787,1786020504000000000,4d225f23c731b55b6bffb122d0d28245cdf33b5fa8822845a2f9287d5bc3e494
/content/drive/MyDrive/AISC DeepFake Çalışmaları/Deneyler/Kader/Deney 1/Göz/eye_roi_output/real/val/combined/real_val/real_val_00033__face_00.jpg,5679,1786020505000000000,a2ad6c125cade100e22a575215728e9d466460f1e918b73bcde6a23f14fd886a
/content/drive/MyDrive/AISC DeepFake Çalışmaları/Deneyler/Kader/Deney 1/Göz/eye_roi_output/real/val/combined/real_val/real_val_00034__face_00.jpg,5505,1786020505000000000,94453d163c44608d95cebd687241f621592b6c35632e9f073ec20be9a10c9e71
/content/drive/MyDrive/AISC DeepFake Çalışmaları/Deneyler/Kader/Deney 1/Göz/eye_roi_output/real/val/combined/real_val/real_val_00035__face_00.jpg,4117,1786020506000000000,a58356ea999cadc3dfeac5f880e91ec382cda626eadb49f24846bdb356008f3c
/content/drive/MyDrive/AISC DeepFake Çalışmaları/Deneyler/Kader/Deney 1/Göz/eye_roi_output/real/val/combined/real_val/real_val_00036__face_00.jpg,3669,1786020506000000000,bf560ecf2014ebe4d8e8a36206b14d4f0c01a8b44e42cbe306431b1395f6970d
/content/drive/MyDrive/AISC DeepFake Çalışmaları/Deneyler/Kader/Deney 1/Göz/eye_roi_output/real/val/combined/real_val/real_val_00037__face_00.jpg,5464,1786020507000000000,7ad2d5533bef318d9f1a1db3cd97d0a50d17cced66250dd4c2afa0366db7b518
/content/drive/MyDrive/AISC DeepFake Çalışmaları/Deneyler/Kader/Deney 1/Göz/eye_roi_output/real/val/combined/real_val/real_val_00038__face_00.jpg,4883,1786020507000000000,2fc7350f7b705e854893689808de19f56e3da9ec93b2d33666f2d07458b99d6b
/content/drive/MyDrive/AISC DeepFake Çalışmaları/Deneyler/Kader/Deney 1/Göz/eye_roi_output/real/val/combined/real_val/real_val_00039__face_00.jpg,4889,1786020508000000000,d75135fe3060ac8411a628860d6ba51c9db56424928c95347a6408bf80404460
/content/drive/MyDrive/AISC DeepFake Çalışmaları/Deneyler/Kader/Deney 1/Göz/eye_roi_output/real/val/combined/real_val/real_val_00040__face_00.jpg,5000,1786020508000000000,f4924bba48dfd52d2afa50998b49ffcdfd118391ee6a21edeb2fd2be58eb36ac
/content/drive/MyDrive/AISC DeepFake Çalışmaları/Deneyler/Kader/Deney 1/Göz/eye_roi_output/real/val/combined/real_val/real_val_00041__face_00.jpg,4497,1786020508000000000,2d30f093c4da89880c089e3c9c53c9cf7d24a5ebf6f27db9deb6ed94ea7b8dde
/content/drive/MyDrive/AISC DeepFake Çalışmaları/Deneyler/Kader/Deney 1/Göz/eye_roi_output/real/val/combined/real_val/real_val_00042__face_00.jpg,5564,1786020509000000000,11e93a663778847da5fc93f3f731821dae1b057a19fbe6e05c9bf287336fb21d
/content/drive/MyDrive/AISC DeepFake Çalışmaları/Deneyler/Kader/Deney 1/Göz/eye_roi_output/real/val/combined/real_val/real_val_00043__face_00.jpg,5427,1786020509000000000,d6f4aceb5d1c9316266af0057c6fa034d8f098df9cd93062af7d95da00f362d2
/content/drive/MyDrive/AISC DeepFake Çalışmaları/Deneyler/Kader/Deney 1/Göz/eye_roi_output/real/val/combined/real_val/real_val_00044__face_00.jpg,5487,1786020510000000000,bf841377a440d759306077525340c4d103d7644ee007040ef2b1d5e140fa4f9c
/content/drive/MyDrive/AISC DeepFake Çalışmaları/Deneyler/Kader/Deney 1/Göz/eye_roi_output/real/val/combined/real_val/real_val_00045__face_00.jpg,5861,1786020511000000000,baea8321005ad61ff256f60b819cc34f40c0260d0451cb5f54e8fe8c20f72e14
/content/drive/MyDrive/AISC DeepFake Çalışmaları/Deneyler/Kader/Deney 1/Göz/eye_roi_output/real/val/combined/real_val/real_val_00046__face_00.jpg,5115,1786020511000000000,097ab952a01e6a9b140a09e5b8031b67125fb2b39d4cce276588b19afcf7b5e5
/content/drive/MyDrive/AISC DeepFake Çalışmaları/Deneyler/Kader/Deney 1/Göz/eye_roi_output/real/val/combined/real_val/real_val_00047__face_00.jpg,4809,1786020512000000000,757d935baa71b9170e6a0cf758255fafdbe08c62e2b46e46fdae12c03438874c
/content/drive/MyDrive/AISC DeepFake Çalışmaları/Deneyler/Kader/Deney 1/Göz/eye_roi_output/real/val/combined/real_val/real_val_00048__face_00.jpg,5763,1786020512000000000,9abeccb2d81a0fae564a718f873636a531a84c7ce4396327f1f244742109fdf7
/content/drive/MyDrive/AISC DeepFake Çalışmaları/Deneyler/Kader/Deney 1/Göz/eye_roi_output/real/val/combined/real_val/real_val_00049__face_00.jpg,4775,1786020512000000000,45d22a476594e2c0711f2990909002010b791c6991e1de27cf1358a450826192
/content/drive/MyDrive/AISC DeepFake Çalışmaları/Deneyler/Kader/Deney 1/Göz/eye_roi_output/real/val/combined/real_val/real_val_00050__face_00.jpg,4571,1786020513000000000,369f24dd506b1557dea0cf6eecd66d878cfd522596805b5d11a6be3646c5aec5
/content/drive/MyDrive/AISC DeepFake Çalışmaları/Deneyler/Kader/Deney 1/Göz/eye_roi_output/real/val/combined/real_val/real_val_00051__face_00.jpg,4541,1786020514000000000,d1c79202568008d34c7383355cd32039962505a8363a98733ee446d2bd69d7e1
/content/drive/MyDrive/AISC DeepFake Çalışmaları/Deneyler/Kader/Deney 1/Göz/eye_roi_output/real/val/combined/real_val/real_val_00052__face_00.jpg,4627,1786020516000000000,e63fd2e61e72593808e45460b8a4d8fd1b49bd39ce523c39fcc992a56db63371
/content/drive/MyDrive/AISC DeepFake Çalışmaları/Deneyler/Kader/Deney 1/Göz/eye_roi_output/real/val/combined/real_val/real_val_00053__face_00.jpg,5441,1786020516000000000,2682dc63b050e651173527ee90e6a8774b8390d3b068cc0f9d2e9c2549c45487
/content/drive/MyDrive/AISC DeepFake Çalışmaları/Deneyler/Kader/Deney 1/Göz/eye_roi_output/real/val/combined/real_val/real_val_00054__face_00.jpg,5761,1786020516000000000,7af4984c4345a39ad3447cee3378a45e3e870cc5facbaa354b6f3fc892759901
/content/drive/MyDrive/AISC DeepFake Çalışmaları/Deneyler/Kader/Deney 1/Göz/eye_roi_output/real/val/combined/real_val/real_val_00055__face_00.jpg,4858,1786020517000000000,8e1be272269f9cb0f53aa6679b2ec0fab16e3c3bb16d128eaa83787fc877617c
/content/drive/MyDrive/AISC DeepFake Çalışmaları/Deneyler/Kader/Deney 1/Göz/eye_roi_output/real/val/combined/real_val/real_val_00056__face_00.jpg,5864,1786020517000000000,97a24fb5acf700b3fb4a5ccffdbe3b15a9e9a207d8ada6837a5537c0d841dc93
/content/drive/MyDrive/AISC DeepFake Çalışmaları/Deneyler/Kader/Deney 1/Göz/eye_roi_output/real/val/combined/real_val/real_val_00057__face_00.jpg,5247,1786020518000000000,7a50bcf308dccbfb28b2dc54bb4b5c6162108a4d2ee50a74c7f1bd9b982d2a2c
/content/drive/MyDrive/AISC DeepFake Çalışmaları/Deneyler/Kader/Deney 1/Göz/eye_roi_output/real/val/combined/real_val/real_val_00058__face_00.jpg,2895,1786020519000000000,f39ed2c010343967d6eeca8e09baf06da2ea090541728e9cc7613a397f2df27a
/content/drive/MyDrive/AISC DeepFake Çalışmaları/Deneyler/Kader/Deney 1/Göz/eye_roi_output/real/val/combined/real_val/real_val_00059__face_00.jpg,4993,1786020519000000000,e0b8c296be629f59edc5fbc165e1372710c7487165ce7044fabd0e9e2891bc1a
/content/drive/MyDrive/AISC DeepFake Çalışmaları/Deneyler/Kader/Deney 1/Göz/eye_roi_output/real/val/combined/real_val/real_val_00060__face_00.jpg,4578,1786020520000000000,6fd6cf97ccbe51888d9c232d58b6651d5e67fcd34ff2cde6a5e217d569c6744f
/content/drive/MyDrive/AISC DeepFake Çalışmaları/Deneyler/Kader/Deney 1/Göz/eye_roi_output/real/val/combined/real_val/real_val_00061__face_00.jpg,6630,1786020520000000000,07fc1c4565a5eba462e7153f6bc677433aee311cecc3be619c9d0b583c7fcabf
/content/drive/MyDrive/AISC DeepFake Çalışmaları/Deneyler/Kader/Deney 1/Göz/eye_roi_output/real/val/combined/real_val/real_val_00062__face_00.jpg,5084,1786020521000000000,f8e4c7e2bc59f45b79179060bb389c14b6054b95473e3b1b54e0b56549f0ebb0
/content/drive/MyDrive/AISC DeepFake Çalışmaları/Deneyler/Kader/Deney 1/Göz/eye_roi_output/real/val/combined/real_val/real_val_00063__face_00.jpg,5261,1786020521000000000,989de3a2cd60ce391c0179d833df9823396643afead6b7790aea1728e893ef59
/content/drive/MyDrive/AISC DeepFake Çalışmaları/Deneyler/Kader/Deney 1/Göz/eye_roi_output/real/val/combined/real_val/real_val_00064__face_00.jpg,5023,1786020521000000000,968f41abc34087fc800c624fc90bcb6d2c47379ffd42d13e1f6152c0feb1bf7a
/content/drive/MyDrive/AISC DeepFake Çalışmaları/Deneyler/Kader/Deney 1/Göz/eye_roi_output/real/val/combined/real_val/real_val_00065__face_00.jpg,5410,1786020522000000000,dc543a002293b6bc170459741e7af6d7339a32424b9a7fd7aa50cee02bde4e2b
/content/drive/MyDrive/AISC DeepFake Çalışmaları/Deneyler/Kader/Deney 1/Göz/eye_roi_output/real/val/combined/real_val/real_val_00066__face_00.jpg,5273,1786020522000000000,04a2c01070035a3590980f7d1d4b269f2bca9672ed93cf0ccaf4808ebdd5c7a2
/content/drive/MyDrive/AISC DeepFake Çalışmaları/Deneyler/Kader/Deney 1/Göz/eye_roi_output/real/val/combined/real_val/real_val_00067__face_00.jpg,5258,1786020523000000000,9e389ae633ce43e0133c0fe5dcbbdf30636815f9ce0a5ee7896a93f1ba4e2274
/content/drive/MyDrive/AISC DeepFake Çalışmaları/Deneyler/Kader/Deney 1/Göz/eye_roi_output/real/val/combined/real_val/real_val_00068__face_00.jpg,5230,1786020523000000000,c6f0f6b71a9c4b23d1f9b6406a989dc6c4a7b663ff14cc1b82aa5bd0dcbe6a65
/content/drive/MyDrive/AISC DeepFake Çalışmaları/Deneyler/Kader/Deney 1/Göz/eye_roi_output/real/val/combined/real_val/real_val_00069__face_00.jpg,4655,1786020523000000000,873763f4008f869ec203fc08e4718bf7cb2284ab24ce89863e431e5bf89cd554
/content/drive/MyDrive/AISC DeepFake Çalışmaları/Deneyler/Kader/Deney 1/Göz/eye_roi_output/real/val/combined/real_val/real_val_00070__face_00.jpg,4856,1786020525000000000,37314822181d635f75a8976b3665def3cd209dc2208acdc1944fa51029facaf7
/content/drive/MyDrive/AISC DeepFake Çalışmaları/Deneyler/Kader/Deney 1/Göz/eye_roi_output/real/val/combined/real_val/real_val_00071__face_00.jpg,5153,1786020525000000000,285a9295c6a8a0dc1431fc4ce8f9fc47b94249d0b41232602ba35e3eed0eea75
/content/drive/MyDrive/AISC DeepFake Çalışmaları/Deneyler/Kader/Deney 1/Göz/eye_roi_output/real/val/combined/real_val/real_val_00072__face_00.jpg,5690,1786020526000000000,9828347c150f436a02152440678be63d18ac048a7e3c9f880a246b90fd7b2936
/content/drive/MyDrive/AISC DeepFake Çalışmaları/Deneyler/Kader/Deney 1/Göz/eye_roi_output/real/val/combined/real_val/real_val_00073__face_00.jpg,5290,1786020526000000000,9fa950bf34297be41a2e211c3a96bb4e12ab19fc847d14134d27a1fd61ed1f6f
/content/drive/MyDrive/AISC DeepFake Çalışmaları/Deneyler/Kader/Deney 1/Göz/eye_roi_output/real/val/combined/real_val/real_val_00074__face_00.jpg,5072,1786020526000000000,df2507db24ef44f6da96645ae0ba36ff896db746cd6f6bb5a3098fd296fee7b3
/content/drive/MyDrive/AISC DeepFake Çalışmaları/Deneyler/Kader/Deney 1/Göz/eye_roi_output/real/val/combined/real_val/real_val_00075__face_00.jpg,4878,1786020527000000000,4c4ca0d0e14d247ae91771a7bc96ba77e4ff91245423296cd7cee85e1245015d
/content/drive/MyDrive/AISC DeepFake Çalışmaları/Deneyler/Kader/Deney 1/Göz/eye_roi_output/real/val/combined/real_val/real_val_00076__face_00.jpg,5961,1786020527000000000,e7309db7dd9ecd96f3df36188892539d8fd6a87cc2baee8f3dad635cd5958e0a
/content/drive/MyDrive/AISC DeepFake Çalışmaları/Deneyler/Kader/Deney 1/Göz/eye_roi_output/real/val/combined/real_val/real_val_00077__face_00.jpg,5335,1786020528000000000,a00fcb6a2c805e8b2ee32953e8650712503116129f76fe6320a8f10baea0e26a
/content/drive/MyDrive/AISC DeepFake Çalışmaları/Deneyler/Kader/Deney 1/Göz/eye_roi_output/real/val/combined/real_val/real_val_00078__face_00.jpg,5493,1786020528000000000,aafa0ac4b613e79191435bc3c1b01e4a48e6d13fd36078cdb107d60f4340a327
/content/drive/MyDrive/AISC DeepFake Çalışmaları/Deneyler/Kader/Deney 1/Göz/eye_roi_output/real/val/combined/real_val/real_val_00079__face_00.jpg,4115,1786020529000000000,61521683f66615fb48fa5cea2051fb9ec20553247451ae40a6d2f072b25163c5
/content/drive/MyDrive/AISC DeepFake Çalışmaları/Deneyler/Kader/Deney 1/Göz/eye_roi_output/real/val/combined/real_val/real_val_00080__face_00.jpg,5313,1786020529000000000,b2f34fc713afa0ee26b5ca72bb0ad0a3f6b0c378ee1b700264bdc5d90c5ab0ca
/content/drive/MyDrive/AISC DeepFake Çalışmaları/Deneyler/Kader/Deney 1/Göz/eye_roi_output/real/val/combined/real_val/real_val_00081__face_00.jpg,5792,1786020529000000000,fc10a0ea6440f181d764d05274c0cc9d5e9be8db6f37b2d12501e53a1ca2c67c
/content/drive/MyDrive/AISC DeepFake Çalışmaları/Deneyler/Kader/Deney 1/Göz/eye_roi_output/real/val/combined/real_val/real_val_00082__face_00.jpg,4310,1786020530000000000,9fe124d8e8d89b3fec9228892021cd69ab5eb8a8ecc11789cc9b4024b55ffe3d
/content/drive/MyDrive/AISC DeepFake Çalışmaları/Deneyler/Kader/Deney 1/Göz/eye_roi_output/real/val/combined/real_val/real_val_00083__face_00.jpg,6030,1786020530000000000,d9cd7ed3dc4264a80d98605eedce32fe38235f331282b6a4d8dfcd0eca4099f6
/content/drive/MyDrive/AISC DeepFake Çalışmaları/Deneyler/Kader/Deney 1/Göz/eye_roi_output/real/val/combined/real_val/real_val_00084__face_00.jpg,4787,1786020531000000000,a86c95bd1647a01f9bd58673db7080e4a55e8580fd825409f8795a0357462bca
/content/drive/MyDrive/AISC DeepFake Çalışmaları/Deneyler/Kader/Deney 1/Göz/eye_roi_output/real/val/combined/real_val/real_val_00085__face_00.jpg,5529,1786020531000000000,3f4c3bfbdb2198ccaf2b2bfe1f137ed7c3cd5c40426356c75726bf50e591042c
/content/drive/MyDrive/AISC DeepFake Çalışmaları/Deneyler/Kader/Deney 1/Göz/eye_roi_output/real/val/combined/real_val/real_val_00086__face_00.jpg,6198,1786020532000000000,58bf1208de743701b37a29fceb77776ca55b7d3db2c0f30a5eed6122a2008905
/content/drive/MyDrive/AISC DeepFake Çalışmaları/Deneyler/Kader/Deney 1/Göz/eye_roi_output/real/val/combined/real_val/real_val_00087__face_00.jpg,6045,1786020533000000000,e009604a812f5dc15ca7b221b7fa985673432b3602a5aa9bfd4ea145ab37ea6c
/content/drive/MyDrive/AISC DeepFake Çalışmaları/Deneyler/Kader/Deney 1/Göz/eye_roi_output/real/val/combined/real_val/real_val_00088__face_00.jpg,4975,1786020533000000000,9334c65d1bebf27d3b26042027acce60e98d6f3dd00685491ae4fab4a83777a2
/content/drive/MyDrive/AISC DeepFake Çalışmaları/Deneyler/Kader/Deney 1/Göz/eye_roi_output/real/val/combined/real_val/real_val_00089__face_00.jpg,5481,1786020534000000000,06cbaa158ae62146aeeae5bd9ed1506811c3858c46ec2d70ca48f57316bc56d1
/content/drive/MyDrive/AISC DeepFake Çalışmaları/Deneyler/Kader/Deney 1/Göz/eye_roi_output/real/val/combined/real_val/real_val_00089__face_01.jpg,5195,1786020534000000000,d245fcfd53080062ee455317641a7299229e9b23b54280f354a26d0a62827435
/content/drive/MyDrive/AISC DeepFake Çalışmaları/Deneyler/Kader/Deney 1/Göz/eye_roi_output/real/val/combined/real_val/real_val_00090__face_00.jpg,5215,1786020534000000000,e27e27a1a74dbeb696abffce30446c0df1f22801d224980a8e7d47400d656f92
/content/drive/MyDrive/AISC DeepFake Çalışmaları/Deneyler/Kader/Deney 1/Göz/eye_roi_output/real/val/combined/real_val/real_val_00091__face_00.jpg,4913,1786020535000000000,9b5512afdac38ca473c61da7e7899b478656f2fd642f6c973852a137c077a085
/content/drive/MyDrive/AISC DeepFake Çalışmaları/Deneyler/Kader/Deney 1/Göz/eye_roi_output/real/val/combined/real_val/real_val_00092__face_00.jpg,5206,1786020535000000000,74b8e976a0f52c2ba70edcf8ad22764958179f50cdc354d7797a629e794a9aea
/content/drive/MyDrive/AISC DeepFake Çalışmaları/Deneyler/Kader/Deney 1/Göz/eye_roi_output/real/val/combined/real_val/real_val_00093__face_00.jpg,4776,1786020536000000000,51536bc51436cf46abe6153ec264ef1b28849d3dd236a7c4edeb6304820ff1ee
/content/drive/MyDrive/AISC DeepFake Çalışmaları/Deneyler/Kader/Deney 1/Göz/eye_roi_output/real/val/combined/real_val/real_val_00094__face_00.jpg,5379,1786020536000000000,7102120c1d9245c6089e1776c2be178fe1162f156ad19c085687386b61e9730b
/content/drive/MyDrive/AISC DeepFake Çalışmaları/Deneyler/Kader/Deney 1/Göz/eye_roi_output/real/val/combined/real_val/real_val_00095__face_00.jpg,4838,1786020537000000000,233d5f75455fe8a8be9cfeded35e5220d6d28c0b0a63c5c2fb47df92fc760da6
/content/drive/MyDrive/AISC DeepFake Çalışmaları/Deneyler/Kader/Deney 1/Göz/eye_roi_output/real/val/combined/real_val/real_val_00096__face_00.jpg,4809,1786020538000000000,ffffe8857b75df39ebc2686085ea19eb8574143c14d50b0063e1c07db5c81893
/content/drive/MyDrive/AISC DeepFake Çalışmaları/Deneyler/Kader/Deney 1/Göz/eye_roi_output/real/val/combined/real_val/real_val_00097__face_00.jpg,5184,1786020538000000000,e26112593c3cb0193e3fd7dad7a022753db39e210cc4681b05d273d97891e11a
/content/drive/MyDrive/AISC DeepFake Çalışmaları/Deneyler/Kader/Deney 1/Göz/eye_roi_output/real/val/combined/real_val/real_val_00097__face_01.jpg,4757,1786020538000000000,c94c05d9759a3ffcb39c89f2e7e114501feb435385aacb7cd133d3ffc0665230
/content/drive/MyDrive/AISC DeepFake Çalışmaları/Deneyler/Kader/Deney 1/Göz/eye_roi_output/real/val/combined/real_val/real_val_00098__face_00.jpg,6304,1786020539000000000,82598b86fbe27b9d75181dc25dea36b0044cacb5f93fa2650f8cee708e9c42fb
/content/drive/MyDrive/AISC DeepFake Çalışmaları/Deneyler/Kader/Deney 1/Göz/eye_roi_output/real/val/combined/real_val/real_val_00099__face_00.jpg,5577,1786020539000000000,591e19974c3b9dca85ed5beb6f25b6411827032f4c701561dd5dd664be7a9b95
/content/drive/MyDrive/AISC DeepFake Çalışmaları/Deneyler/Kader/Deney 1/Göz/eye_roi_output/real/val/combined/real_val/real_val_00100__face_00.jpg,4749,1786020540000000000,44011af80c32bb31277c767d73763269f780c97342cb42b29e7309576ca04239
/content/drive/MyDrive/AISC DeepFake Çalışmaları/Deneyler/Kader/Deney 1/Göz/eye_roi_output/real/val/combined/real_val/real_val_00101__face_00.jpg,5277,1786020540000000000,1ddab55e5d35d5687c690921fe816f4765a0f3711d518b2c4e480baaef38de42
/content/drive/MyDrive/AISC DeepFake Çalışmaları/Deneyler/Kader/Deney 1/Göz/eye_roi_output/real/val/combined/real_val/real_val_00102__face_00.jpg,5264,1786020540000000000,b1acac221800d4a018240e2339e469ea5d8ed129af15f0c010d5494111374e0c
/content/drive/MyDrive/AISC DeepFake Çalışmaları/Deneyler/Kader/Deney 1/Göz/eye_roi_output/real/val/combined/real_val/real_val_00103__face_00.jpg,4736,1786020541000000000,bfdc5bffb29fedb17bbfe02c7b09bc93a36e270b98786e552444ca367468a7e9
/content/drive/MyDrive/AISC DeepFake Çalışmaları/Deneyler/Kader/Deney 1/Göz/eye_roi_output/real/val/combined/real_val/real_val_00104__face_00.jpg,4129,1786020541000000000,171b633042e23919b3d16a7318d51bc90c821b1ca2481aba89ab02c1297ed3d3
/content/drive/MyDrive/AISC DeepFake Çalışmaları/Deneyler/Kader/Deney 1/Göz/eye_roi_output/real/val/combined/real_val/real_val_00105__face_00.jpg,5373,1786020542000000000,5aed45ea6b64178181d08de9e9d39c500e1573db0d8c34d6e8bb88277fb4a4a2
/content/drive/MyDrive/AISC DeepFake Çalışmaları/Deneyler/Kader/Deney 1/Göz/eye_roi_output/real/val/combined/real_val/real_val_00106__face_00.jpg,5266,1786020542000000000,a40cb49c2340939b2b8f87dd56853723973c39510dca24d4f2e5a3166e5c04d1
/content/drive/MyDrive/AISC DeepFake Çalışmaları/Deneyler/Kader/Deney 1/Göz/eye_roi_output/real/val/combined/real_val/real_val_00107__face_00.jpg,4379,1786020542000000000,caa56d560384add3e2819693a0ee4c19c64bdcb225e13ddbcbebdfe907eff5bb
/content/drive/MyDrive/AISC DeepFake Çalışmaları/Deneyler/Kader/Deney 1/Göz/eye_roi_output/real/val/combined/real_val/real_val_00108__face_00.jpg,4858,1786020543000000000,ed2e2939d9e14c06f378f55087b7e384f22f90218d1b0af7a6af6ef567e93b21
/content/drive/MyDrive/AISC DeepFake Çalışmaları/Deneyler/Kader/Deney 1/Göz/eye_roi_output/real/val/combined/real_val/real_val_00108__face_01.jpg,5376,1786020543000000000,e4660e2155b898afaac1ac87164868c125a0479db9f58509f6b621d971eafe71
/content/drive/MyDrive/AISC DeepFake Çalışmaları/Deneyler/Kader/Deney 1/Göz/eye_roi_output/real/val/combined/real_val/real_val_00108__face_02.jpg,3330,1786020543000000000,46d7844e34ab172a75b4f56069ae8df723776ad7f01e8ccce34877590da0a226
/content/drive/MyDrive/AISC DeepFake Çalışmaları/Deneyler/Kader/Deney 1/Göz/eye_roi_output/real/val/combined/real_val/real_val_00109__face_00.jpg,4635,1786020544000000000,9c8ad92dd95fa3062b1619ec1eca546d24f85b897a19960492bae0471973920d
/content/drive/MyDrive/AISC DeepFake Çalışmaları/Deneyler/Kader/Deney 1/Göz/eye_roi_output/real/val/combined/real_val/real_val_00110__face_00.jpg,5574,1786020544000000000,3c36ef35248085bff5ecc188b30d0496dbf483e745fc525603987be87cac2131
/content/drive/MyDrive/AISC DeepFake Çalışmaları/Deneyler/Kader/Deney 1/Göz/eye_roi_output/real/val/combined/real_val/real_val_00111__face_00.jpg,5481,1786020544000000000,8ec2da635759aaa25ef139836a47bbba138250899232489722eae01c99735140
/content/drive/MyDrive/AISC DeepFake Çalışmaları/Deneyler/Kader/Deney 1/Göz/eye_roi_output/real/val/combined/real_val/real_val_00112__face_00.jpg,5102,1786020545000000000,a6ce9cca80c21580e5032250ed465914b32973578e52fcc1858d8d64fe2571dc
/content/drive/MyDrive/AISC DeepFake Çalışmaları/Deneyler/Kader/Deney 1/Göz/eye_roi_output/real/val/combined/real_val/real_val_00113__face_00.jpg,4562,1786020545000000000,405bf02d1b8d4157fab22dfddef26dbfa0e74fffc5c297b4364abdcf794f571f
/content/drive/MyDrive/AISC DeepFake Çalışmaları/Deneyler/Kader/Deney 1/Göz/eye_roi_output/real/val/combined/real_val/real_val_00114__face_00.jpg,5116,1786020546000000000,01748bb1acac7c9e39d9a3377a49bfb984f780435298100f1c34827f35a5a5b7
/content/drive/MyDrive/AISC DeepFake Çalışmaları/Deneyler/Kader/Deney 1/Göz/eye_roi_output/real/val/combined/real_val/real_val_00115__face_00.jpg,4869,1786020547000000000,c8e39b0fefe586e154f82056b0eee90e55c90792c9ee00150b5d50b76a36e311
/content/drive/MyDrive/AISC DeepFake Çalışmaları/Deneyler/Kader/Deney 1/Göz/eye_roi_output/real/val/combined/real_val/real_val_00116__face_00.jpg,4954,1786020547000000000,107bb03794fdb0218eb84b2d3cf4f25b59889bdee9324fd59067a7a29691ada9
/content/drive/MyDrive/AISC DeepFake Çalışmaları/Deneyler/Kader/Deney 1/Göz/eye_roi_output/real/val/combined/real_val/real_val_00117__face_00.jpg,5542,1786020547000000000,99ba0c4095fecffb43f0c3656913be05c033ce051b99a7779a43b06736d3d094
/content/drive/MyDrive/AISC DeepFake Çalışmaları/Deneyler/Kader/Deney 1/Göz/eye_roi_output/real/val/combined/real_val/real_val_00118__face_00.jpg,4577,1786020548000000000,ec647ccb8c0de7e0198660190d921f02120e5a355b7909f1d5da75d55459fcb5
/content/drive/MyDrive/AISC DeepFake Çalışmaları/Deneyler/Kader/Deney 1/Göz/eye_roi_output/real/val/combined/real_val/real_val_00119__face_00.jpg,5769,1786020548000000000,bbd8a025c0d41b304602aefca809d3416c978a6a9072bb6032694d0bd2ee9280
/content/drive/MyDrive/AISC DeepFake Çalışmaları/Deneyler/Kader/Deney 1/Göz/eye_roi_output/real/val/combined/real_val/real_val_00120__face_00.jpg,6240,1786020549000000000,6765edd6b4af30ae203ee7aa23dd42d08ac9d9c88e2e141c88aab48f509fd11c
/content/drive/MyDrive/AISC DeepFake Çalışmaları/Deneyler/Kader/Deney 1/Göz/eye_roi_output/real/val/combined/real_val/real_val_00121__face_00.jpg,5074,1786020550000000000,2ff7e029efe00616f46d7a67b15ca7de281d2b12a5904febee22a779d49f7ba5
/content/drive/MyDrive/AISC DeepFake Çalışmaları/Deneyler/Kader/Deney 1/Göz/eye_roi_output/real/val/combined/real_val/real_val_00122__face_00.jpg,4694,1786020550000000000,f7ff40ad51d703e9ddb17e58dbe0b88c73523f72c9fcf81522342ea68eb75e68
/content/drive/MyDrive/AISC DeepFake Çalışmaları/Deneyler/Kader/Deney 1/Göz/eye_roi_output/real/val/combined/real_val/real_val_00123__face_00.jpg,5681,1786020551000000000,51dad5fd4a10bec8d3181c222340c51b36f5ffa1618856caed0b8d86855cab58
/content/drive/MyDrive/AISC DeepFake Çalışmaları/Deneyler/Kader/Deney 1/Göz/eye_roi_output/real/val/combined/real_val/real_val_00124__face_00.jpg,5785,1786020551000000000,59e5565091590186faa6b586ad98e464a98f988331fa6e1fce3fbe913733a704
/content/drive/MyDrive/AISC DeepFake Çalışmaları/Deneyler/Kader/Deney 1/Göz/eye_roi_output/real/val/combined/real_val/real_val_00125__face_00.jpg,6239,1786020551000000000,2c0df253bd3fdd7582f57f3bc037826bc923b4ed9a28bced7fac0ec27ae58cb2
/content/drive/MyDrive/AISC DeepFake Çalışmaları/Deneyler/Kader/Deney 1/Göz/eye_roi_output/real/val/combined/real_val/real_val_00126__face_00.jpg,5378,1786020552000000000,10352c67f9086231bf338d67335bf00f22163676ac80c8b912d9e80ea81a21fd
/content/drive/MyDrive/AISC DeepFake Çalışmaları/Deneyler/Kader/Deney 1/Göz/eye_roi_output/real/val/combined/real_val/real_val_00127__face_00.jpg,5198,1786020552000000000,81fbef0d0fdedad9d4fd1ab844bc6c212145a6b818d6a01802f269c3cbbaade5
/content/drive/MyDrive/AISC DeepFake Çalışmaları/Deneyler/Kader/Deney 1/Göz/eye_roi_output/real/val/combined/real_val/real_val_00128__face_00.jpg,6455,1786020553000000000,708d444b767567e534085b5f146176106d3c1df47c6451fe750eb46ab08ad982
/content/drive/MyDrive/AISC DeepFake Çalışmaları/Deneyler/Kader/Deney 1/Göz/eye_roi_output/real/val/combined/real_val/real_val_00129__face_00.jpg,6008,1786020553000000000,2aeaa88f2a7fdb3d34fda39159ca17051dc83fd28663c5d5ad46021c2490b4cc
/content/drive/MyDrive/AISC DeepFake Çalışmaları/Deneyler/Kader/Deney 1/Göz/eye_roi_output/real/val/combined/real_val/real_val_00130__face_00.jpg,5374,1786020554000000000,8420956a8d56e404714ee25f9598a995359bc7b267acc06f2792c57e6098f8a1
/content/drive/MyDrive/AISC DeepFake Çalışmaları/Deneyler/Kader/Deney 1/Göz/eye_roi_output/real/val/combined/real_val/real_val_00131__face_00.jpg,6346,1786020554000000000,9a425e6357e940e7641a8442f9a8399e016e4a0b7eac61114641a088955e0176
/content/drive/MyDrive/AISC DeepFake Çalışmaları/Deneyler/Kader/Deney 1/Göz/eye_roi_output/real/val/combined/real_val/real_val_00132__face_00.jpg,4975,1786020555000000000,a758ecbf4f87394ca95cc86a6a9d394e592bede1c6aaeb7f0727a7b99f3ef555
/content/drive/MyDrive/AISC DeepFake Çalışmaları/Deneyler/Kader/Deney 1/Göz/eye_roi_output/real/val/combined/real_val/real_val_00133__face_00.jpg,6153,1786020555000000000,5a5c29bf7cb710cd3b7920d68e6935bf072b33a2570c2284c951f853acf2644a
/content/drive/MyDrive/AISC DeepFake Çalışmaları/Deneyler/Kader/Deney 1/Göz/eye_roi_output/real/val/combined/real_val/real_val_00134__face_00.jpg,5209,1786020556000000000,aceff5595c2cc9cca8081bd8ccea39303a18533a192ed2905393831c6a21353e
/content/drive/MyDrive/AISC DeepFake Çalışmaları/Deneyler/Kader/Deney 1/Göz/eye_roi_output/real/val/combined/real_val/real_val_00135__face_00.jpg,5262,1786020556000000000,5c2c6afaacbb46e9cfff2f53ad39dcfdf9b0e7d5e25a43107058b30ec247a217
/content/drive/MyDrive/AISC DeepFake Çalışmaları/Deneyler/Kader/Deney 1/Göz/eye_roi_output/real/val/combined/real_val/real_val_00136__face_00.jpg,5944,1786020557000000000,2e875ddfe0b3672ce29328777e5aed2168fc1ae72445ad5a211ba0a643fcfe3a
/content/drive/MyDrive/AISC DeepFake Çalışmaları/Deneyler/Kader/Deney 1/Göz/eye_roi_output/real/val/combined/real_val/real_val_00137__face_00.jpg,4715,1786020557000000000,d0961921a1fa3f3313e18d1ec16f3f6793db66bc3f85a9346776db2dd18fd4e3
/content/drive/MyDrive/AISC DeepFake Çalışmaları/Deneyler/Kader/Deney 1/Göz/eye_roi_output/real/val/combined/real_val/real_val_00138__face_00.jpg,4923,1786020557000000000,02b3b09edf8e0dca37c6919ab6aba07978992b70f69da8d6caac925d8fc197b5
/content/drive/MyDrive/AISC DeepFake Çalışmaları/Deneyler/Kader/Deney 1/Göz/eye_roi_output/real/val/combined/real_val/real_val_00139__face_00.jpg,5960,1786020558000000000,9e12216b2e4849c33d13985e05356cd2c1bbee6e947042259d452a2692226bd6
/content/drive/MyDrive/AISC DeepFake Çalışmaları/Deneyler/Kader/Deney 1/Göz/eye_roi_output/real/val/combined/real_val/real_val_00140__face_00.jpg,6263,1786020558000000000,e10fe138a57af485e08bb7dbc17aa1c51b0c6673cc70438e7356f4494d03514e
/content/drive/MyDrive/AISC DeepFake Çalışmaları/Deneyler/Kader/Deney 1/Göz/eye_roi_output/real/val/combined/real_val/real_val_00141__face_00.jpg,6369,1786020559000000000,ebf77699844a9b58ea28fb9338666ac6a1f8a3e6c0b4e53794be0d9e02d324a3
/content/drive/MyDrive/AISC DeepFake Çalışmaları/Deneyler/Kader/Deney 1/Göz/eye_roi_output/real/val/combined/real_val/real_val_00142__face_00.jpg,4850,1786020559000000000,bd90114c69d76d7345e968872db0bf4f0ce63fb057e81474f759774cdb532584
/content/drive/MyDrive/AISC DeepFake Çalışmaları/Deneyler/Kader/Deney 1/Göz/eye_roi_output/real/val/combined/real_val/real_val_00143__face_00.jpg,5528,1786020559000000000,2980f2d79aa9c9abec0082c88407832ce9f1725a2c440cc457d6c6aa41f30d4c
/content/drive/MyDrive/AISC DeepFake Çalışmaları/Deneyler/Kader/Deney 1/Göz/eye_roi_output/real/val/combined/real_val/real_val_00144__face_00.jpg,5661,1786020560000000000,40c88631a91d0febf2393ed4abbf2787b4e180f27b0b377759816d2336173b69
/content/drive/MyDrive/AISC DeepFake Çalışmaları/Deneyler/Kader/Deney 1/Göz/eye_roi_output/real/val/combined/real_val/real_val_00145__face_00.jpg,5765,1786020561000000000,e3c5222b9434501938ca3ad6c2bd35113ad4fdda487a41144cd81e6aaff78df7
/content/drive/MyDrive/AISC DeepFake Çalışmaları/Deneyler/Kader/Deney 1/Göz/eye_roi_output/real/val/combined/real_val/real_val_00146__face_00.jpg,5424,1786020561000000000,af02274d339c602de594e412859fdc18bcf3d85388bbe03268ea5cb019dde88c
/content/drive/MyDrive/AISC DeepFake Çalışmaları/Deneyler/Kader/Deney 1/Göz/eye_roi_output/real/val/combined/real_val/real_val_00147__face_00.jpg,4539,1786020562000000000,e2754e9045ee25424842387ce434f68c370184777d0f9a34014ef48ae2a12873
/content/drive/MyDrive/AISC DeepFake Çalışmaları/Deneyler/Kader/Deney 1/Göz/eye_roi_output/real/val/combined/real_val/real_val_00148__face_00.jpg,5398,1786020562000000000,34e503e4b6224a1f3b590af1bfcf1369d62c11ae9abf5a84d55d373ca4f31768
/content/drive/MyDrive/AISC DeepFake Çalışmaları/Deneyler/Kader/Deney 1/Göz/eye_roi_output/real/val/combined/real_val/real_val_00148__face_01.jpg,3745,1786020563000000000,a455daa02d96407f255584ade100507e559b9bd22c18d247451d45a88604ad28
/content/drive/MyDrive/AISC DeepFake Çalışmaları/Deneyler/Kader/Deney 1/Göz/eye_roi_output/real/val/combined/real_val/real_val_00149__face_00.jpg,4846,1786020563000000000,b1788078e1e3e96347f56ab7c04bb20b26bdcd55c853e76501a843aa97597a1b
